timestamp,x,y,yaw,velocity,steering
1787925491.390145,-0.225454,-2.753710,1.847311,0.0000,0.0000
1787925491.393124,-0.225357,-2.753608,1.847284,0.0072,0.0000
1787925491.402332,-0.225543,-2.753669,1.847182,0.0048,0.0000
1787925491.405554,-0.225484,-2.753589,1.847286,0.0091,0.0000
1787925491.412519,-0.225424,-2.753569,1.847323,0.0065,0.0000
1787925491.417845,-0.225709,-2.753502,1.846892,0.0125,0.0000
1787925491.423218,-0.225496,-2.753521,1.847097,0.0045,0.0000
1787925491.428511,-0.225251,-2.753486,1.847691,0.0012,0.0000
1787925491.436867,-0.225345,-2.753641,1.847531,-0.0035,0.0000
1787925491.440694,-0.225446,-2.753679,1.847334,-0.0032,0.0000
1787925491.447624,-0.225276,-2.753608,1.847730,-0.0013,0.0000
1787925491.454684,-0.225465,-2.753672,1.847199,-0.0013,0.0000
1787925491.463717,-0.225250,-2.753796,1.847509,-0.0069,0.0000
1787925491.469995,-0.225232,-2.753659,1.847919,0.0013,0.0000
1787925491.475834,-0.225311,-2.753697,1.847430,0.0002,0.0000
1787925491.488052,-0.225294,-2.753705,1.847716,-0.0002,0.0000
1787925491.489590,-0.225235,-2.753662,1.847589,0.0049,0.0000
1787925491.497022,-0.225440,-2.753539,1.847132,0.0104,0.0000
1787925491.506397,-0.225572,-2.753557,1.847089,0.0079,0.0000
1787925491.510569,-0.225484,-2.753564,1.847340,0.0033,0.0000
1787925491.519928,-0.225772,-2.753572,1.846807,0.0046,0.0000
1787925491.524380,-0.225557,-2.753585,1.847213,-0.0016,0.0000
1787925491.529861,-0.225429,-2.753713,1.847301,-0.0098,0.0000
1787925491.541963,-0.225299,-2.753691,1.847578,-0.0072,0.0000
1787925491.543271,-0.225456,-2.753565,1.847362,0.0324,0.0000
1787925491.548229,-0.225331,-2.753630,1.847583,0.0169,0.0000
1787925491.557920,-0.225440,-2.753784,1.847335,0.0082,0.0000
1787925491.563435,-0.225192,-2.753661,1.847665,0.0084,0.0000
1787925491.578224,-0.225280,-2.753641,1.847652,0.0068,0.0000
1787925491.580904,-0.225252,-2.753720,1.847552,-0.0046,0.0000
1787925491.586612,-0.225143,-2.753566,1.848120,0.0029,0.0000
1787925491.591128,-0.225432,-2.753573,1.847403,0.0069,0.0000
1787925491.599671,-0.225628,-2.753614,1.846956,0.0053,0.0000
1787925491.606032,-0.225400,-2.753542,1.847603,0.0040,0.0000
1787925491.611457,-0.225519,-2.753830,1.847127,-0.0107,0.0000
1787925491.616790,-0.225695,-2.753547,1.847168,0.0105,0.0000
1787925491.622938,-0.225739,-2.753578,1.846880,0.0065,0.0000
1787925491.629148,-0.225753,-2.753532,1.846891,0.0069,0.0000
1787925491.634749,-0.225419,-2.753596,1.847434,-0.0034,0.0000
1787925491.643384,-0.225412,-2.753606,1.847324,-0.0028,0.0000
1787925491.652114,-0.225311,-2.753585,1.847673,-0.0022,0.0000
1787925491.656579,-0.225197,-2.753679,1.847869,-0.0097,0.0000
1787925491.662728,-0.225080,-2.753631,1.847843,-0.0061,0.0000
1787925491.669952,-0.225193,-2.753721,1.847636,-0.0066,0.0000
1787925491.681476,-0.225326,-2.753722,1.847674,-0.0037,0.0000
1787925491.686536,-0.225355,-2.753658,1.847575,0.0015,0.0000
1787925491.692849,-0.225316,-2.753657,1.847445,0.0006,0.0000
1787925491.698008,-0.225455,-2.753537,1.847268,0.0094,0.0000
1787925491.704476,-0.225403,-2.753570,1.847348,0.0044,0.0000
1787925491.711278,-0.225589,-2.753585,1.847299,0.0047,0.0000
1787925491.718517,-0.225451,-2.753568,1.847512,0.0024,0.0000
1787925491.724076,-0.225732,-2.753538,1.846904,0.0074,0.0000
1787925491.731087,-0.225614,-2.753687,1.847213,-0.0023,0.0000
1787925491.735989,-0.225518,-2.753610,1.847252,0.0013,0.0000
1787925491.743888,-0.225386,-2.753719,1.847436,-0.0045,0.0000
1787925491.750346,-0.225290,-2.753557,1.847597,0.0029,0.0000
1787925491.756188,-0.225186,-2.753603,1.847901,-0.0017,0.0000
1787925491.765066,-0.225308,-2.753623,1.847677,-0.0007,0.0000
1787925491.772111,-0.225347,-2.753688,1.847455,-0.0027,0.0000
1787925491.781429,-0.225332,-2.753694,1.847386,-0.0022,0.0000
1787925491.796965,-0.225007,-2.753660,1.848014,-0.0026,0.0000
1787925491.798560,-0.225452,-2.753736,1.847240,0.0073,0.0000
1787925491.800226,-0.225608,-2.753695,1.846911,0.0198,0.0000
1787925491.805333,-0.225480,-2.753583,1.847284,0.0182,0.0000
1787925491.811466,-0.225485,-2.753654,1.847322,0.0094,0.0000
1787925491.819360,-0.225549,-2.753527,1.847352,0.0119,0.0000
1787925491.829014,-0.225634,-2.753626,1.846931,0.0061,0.0000
1787925491.830433,-0.225422,-2.753535,1.847492,0.0104,0.0000
1787925491.835363,-0.225421,-2.753653,1.847161,0.0004,0.0000
1787925491.844527,-0.225417,-2.753653,1.847539,0.0002,0.0000
1787925491.850349,-0.225373,-2.753609,1.847321,0.0017,0.0000
1787925491.856366,-0.225288,-2.753625,1.847493,-0.0007,0.0000
1787925491.863117,-0.225273,-2.753732,1.847709,-0.0053,0.0000
1787925491.873815,-0.225263,-2.753649,1.847412,-0.0015,0.0000
1787925491.879324,-0.225302,-2.753606,1.847529,0.0018,0.0000
1787925491.886084,-0.225429,-2.753714,1.847224,-0.0018,0.0000
1787925491.892926,-0.225217,-2.753643,1.847834,-0.0008,0.0000
1787925491.916549,-0.225358,-2.753713,1.847558,-0.0009,0.0000
1787925491.917964,-0.225256,-2.753629,1.847651,0.0105,0.0000
1787925491.920729,-0.225552,-2.753566,1.846856,0.0228,0.0000
1787925491.923511,-0.225512,-2.753593,1.847273,0.0120,0.0000
1787925491.924950,-0.225316,-2.753506,1.847670,0.0146,0.0000
1787925491.935218,-0.225700,-2.753702,1.846911,0.0078,0.0000
1787925491.936578,-0.225323,-2.753594,1.847634,0.0055,0.0000
1787925491.943215,-0.225449,-2.753580,1.847345,0.0060,0.0000
1787925491.950792,-0.225367,-2.753609,1.847596,0.0023,0.0000
1787925491.957078,-0.225340,-2.753659,1.847535,-0.0011,0.0000
1787925491.966658,-0.225189,-2.753639,1.847784,-0.0014,0.0000
1787925491.968252,-0.225175,-2.753565,1.848123,0.0116,0.0000
1787925491.974469,-0.225372,-2.753711,1.847413,0.0040,0.0000
1787925491.981805,-0.225425,-2.753604,1.847544,0.0076,0.0000
1787925492.001016,-0.225400,-2.753606,1.847525,0.0052,0.0000
1787925492.003860,-0.225289,-2.753658,1.847810,-0.0049,0.0000
1787925492.006104,-0.225419,-2.753621,1.847524,0.0062,0.0000
1787925492.010597,-0.225403,-2.753556,1.847397,0.0082,0.0000
1787925492.017677,-0.225484,-2.753534,1.847469,0.0076,0.0000
1787925492.026372,-0.225554,-2.753525,1.847025,0.0063,0.0000
1787925492.036243,-0.225679,-2.753556,1.847182,0.0045,0.0000
1787925492.037638,-0.225471,-2.753611,1.847250,-0.0205,0.0000
1787925492.041651,-0.225501,-2.753663,1.847378,-0.0174,0.0000
1787925492.051103,-0.225379,-2.753595,1.847582,-0.0112,0.0000
1787925492.058646,-0.225265,-2.753784,1.847431,-0.0163,0.0000
1787925492.065638,-0.225406,-2.753735,1.847366,-0.0077,0.0000
1787925492.072062,-0.225245,-2.753564,1.847767,0.0002,0.0000
1787925492.080682,-0.225357,-2.753641,1.847309,-0.0014,0.0000
1787925492.088826,-0.225365,-2.753693,1.847481,-0.0027,0.0000
1787925492.102857,-0.225276,-2.753612,1.847849,-0.0008,0.0000
1787925492.106387,-0.225362,-2.753789,1.847436,-0.0130,0.0000
1787925492.108081,-0.225271,-2.753602,1.847694,0.0184,0.0000
1787925492.112207,-0.225480,-2.753611,1.847448,0.0164,0.0000
1787925492.117123,-0.225331,-2.753514,1.847309,0.0147,0.0000
1787925492.122581,-0.225721,-2.753609,1.846750,0.0111,0.0000
1787925492.128083,-0.225290,-2.753700,1.847841,-0.0035,0.0000
1787925492.138081,-0.225463,-2.753610,1.847158,0.0016,0.0000
1787925492.143458,-0.225514,-2.753567,1.847220,0.0042,0.0000
1787925492.151433,-0.225458,-2.753659,1.847277,-0.0010,0.0000
1787925492.156922,-0.225248,-2.753590,1.847584,-0.0002,0.0000
1787925492.162230,-0.225471,-2.753573,1.847194,0.0042,0.0000
1787925492.168236,-0.225344,-2.753661,1.847624,-0.0030,0.0000
1787925492.178380,-0.225268,-2.753628,1.847551,-0.0018,0.0000
1787925492.198953,-0.225333,-2.753667,1.847390,-0.0015,0.0000
1787925492.200198,-0.225179,-2.753675,1.847824,-0.0131,0.0000
1787925492.202817,-0.225427,-2.753719,1.847399,-0.0062,0.0000
1787925492.212671,-0.225284,-2.753642,1.847472,-0.0033,0.0000
1787925492.213985,-0.225385,-2.753677,1.847410,-0.0038,0.0000
1787925492.218996,-0.225565,-2.753522,1.847136,0.0092,0.0000
1787925492.226895,-0.225421,-2.753462,1.847345,0.0072,0.0000
1787925492.231473,-0.225663,-2.753495,1.847054,0.0073,0.0000
1787925492.238025,-0.225583,-2.753638,1.847323,-0.0022,0.0000
1787925492.243944,-0.225326,-2.753645,1.847609,-0.0054,0.0000
1787925492.249468,-0.225473,-2.753555,1.847366,0.0030,0.0000
1787925492.257621,-0.225352,-2.753692,1.847564,-0.0039,0.0000
1787925492.264371,-0.225241,-2.753645,1.847711,-0.0021,0.0000
1787925492.272519,-0.225235,-2.753704,1.847551,-0.0036,0.0000
1787925492.279931,-0.225521,-2.753663,1.847187,0.0022,0.0000
1787925492.284704,-0.225301,-2.753679,1.847724,-0.0032,0.0000
1787925492.289274,-0.225442,-2.753696,1.847271,-0.0008,0.0000
1787925492.299806,-0.225323,-2.753659,1.847678,-0.0005,0.0000
1787925492.310169,-0.225425,-2.753678,1.847183,-0.0001,0.0000
1787925492.312480,-0.225235,-2.753591,1.847577,0.0042,0.0000
1787925492.318258,-0.225253,-2.753550,1.847611,0.0052,0.0000
1787925492.324298,-0.225415,-2.753545,1.847270,0.0061,0.0000
1787925492.330854,-0.225387,-2.753639,1.847315,-0.0002,0.0000
1787925492.341372,-0.225451,-2.753675,1.847199,-0.0007,0.0000
1787925492.345220,-0.225524,-2.753603,1.847211,0.0065,0.0000
1787925492.349528,-0.225642,-2.753666,1.847116,0.0026,0.0000
1787925492.357714,-0.225446,-2.753623,1.847296,0.0014,0.0000
1787925492.363532,-0.225260,-2.753546,1.847811,0.0021,0.0000
1787925492.374625,-0.225197,-2.753695,1.847783,-0.0028,0.0000
1787925492.379235,-0.225263,-2.753706,1.847637,-0.0015,0.0000
1787925492.387637,-0.225303,-2.753581,1.847463,0.0036,0.0000
1787925492.390211,-0.225375,-2.753594,1.847372,0.0033,0.0000
1787925492.401916,-0.225134,-2.753621,1.847860,-0.0000,0.0000
1787925492.406187,-0.225474,-2.753605,1.847407,0.0076,0.0000
1787925492.413287,-0.225245,-2.753672,1.847655,-0.0000,0.0000
1787925492.416029,-0.225364,-2.753670,1.847736,0.0037,0.0000
1787925492.425900,-0.225588,-2.753583,1.847135,0.0070,0.0000
1787925492.426777,-0.225413,-2.753611,1.847427,-0.0208,0.0000
1787925492.438052,-0.225540,-2.753467,1.847381,-0.0100,0.0000
1787925492.445657,-0.225509,-2.753630,1.846910,-0.0135,0.0000
1787925492.454857,-0.225450,-2.753627,1.847408,-0.0099,0.0000
1787925492.458641,-0.225517,-2.753592,1.847379,-0.0028,0.0000
1787925492.464392,-0.225350,-2.753570,1.847651,-0.0032,0.0000
1787925492.471545,-0.225289,-2.753550,1.847505,-0.0022,0.0000
1787925492.475638,-0.225285,-2.753664,1.847411,-0.0096,0.0000
1787925492.480605,-0.225443,-2.753666,1.847280,-0.0042,0.0000
1787925492.489960,-0.225438,-2.753687,1.847243,-0.0036,0.0000
1787925492.495910,-0.225300,-2.753563,1.847777,0.0015,0.0000
1787925492.504755,-0.225233,-2.753744,1.847490,-0.0055,0.0000
1787925492.511812,-0.225322,-2.753586,1.847448,0.0037,0.0000
1787925492.521553,-0.225620,-2.753525,1.847170,0.0069,0.0000
1787925492.524051,-0.225333,-2.753703,1.847319,-0.0251,0.0000
1787925492.530098,-0.225299,-2.753648,1.847446,-0.0154,0.0000
1787925492.539416,-0.225379,-2.753593,1.847503,-0.0084,0.0000
1787925492.543682,-0.225596,-2.753595,1.847001,-0.0018,0.0000
1787925492.552115,-0.225613,-2.753740,1.847124,-0.0061,0.0000
1787925492.555431,-0.225151,-2.753563,1.847893,-0.0003,-0.2075
1787925492.563854,-0.225445,-2.753660,1.847428,-0.0007,-0.2075
1787925492.570980,-0.225271,-2.753643,1.847562,-0.0017,-0.2075
1787925492.580261,-0.225451,-2.753660,1.847465,-0.0002,-0.2075
1787925492.587974,-0.225309,-2.753654,1.847422,-0.0014,-0.2075
1787925492.595009,-0.225401,-2.753543,1.847253,0.0046,-0.2075
1787925492.603080,-0.225627,-2.753642,1.846620,0.0020,-0.2075
1787925492.619092,-0.225222,-2.753521,1.847709,0.0015,-0.2075
1787925492.620956,-0.225239,-2.753668,1.847807,-0.0210,-0.2075
1787925492.622104,-0.225422,-2.753575,1.847532,0.0219,-0.2075
1787925492.629757,-0.225368,-2.753576,1.847539,0.0147,-0.2075
1787925492.631038,-0.225615,-2.753547,1.846970,0.0326,-0.2075
1787925492.646859,-0.225499,-2.753519,1.847516,0.0227,-0.2075
1787925492.648089,-0.225119,-2.753467,1.848510,0.0027,-0.2075
1787925492.650780,-0.225352,-2.753575,1.848436,-0.0026,-0.2075
1787925492.655976,-0.224697,-2.753581,1.849851,-0.0125,-0.2092
1787925492.663350,-0.224572,-2.753612,1.850822,-0.0114,-0.2092
1787925492.673376,-0.224753,-2.753499,1.850819,-0.0032,-0.2092
1787925492.677443,-0.224720,-2.753590,1.850856,-0.0094,-0.2092
1787925492.683447,-0.224628,-2.753602,1.851564,-0.0085,-0.2092
1787925492.691508,-0.224764,-2.753484,1.851707,-0.0003,-0.2092
1787925492.696934,-0.224855,-2.753346,1.851166,0.0085,-0.2092
1787925492.704452,-0.225216,-2.753497,1.850665,0.0041,-0.2092
1787925492.712512,-0.225066,-2.753285,1.850518,0.0090,-0.2092
1787925492.719740,-0.225283,-2.753354,1.850034,0.0060,-0.2092
1787925492.728678,-0.225206,-2.753296,1.849783,0.0054,-0.2092
1787925492.731927,-0.225357,-2.753357,1.849038,0.0021,-0.2092
1787925492.739097,-0.225520,-2.753335,1.848634,0.0043,-0.2092
1787925492.742226,-0.225451,-2.753417,1.848705,-0.0064,-0.2092
1787925492.748898,-0.225587,-2.753325,1.848159,0.0012,-0.2092
1787925492.755655,-0.225498,-2.753167,1.848565,0.0065,-0.2094
1787925492.764784,-0.225727,-2.753275,1.848290,0.0032,-0.2094
1787925492.771352,-0.225611,-2.753202,1.848596,0.0040,-0.2094
1787925492.777844,-0.225634,-2.753239,1.848373,0.0014,-0.2094
1787925492.785273,-0.225517,-2.753215,1.848501,0.0007,-0.2094
1787925492.791301,-0.225567,-2.753120,1.848705,0.0057,-0.2094
1787925492.798143,-0.225542,-2.753294,1.848764,-0.0037,-0.2094
1787925492.808150,-0.225528,-2.753177,1.848817,0.0007,-0.2094
1787925492.814352,-0.225472,-2.753206,1.849157,-0.0016,-0.2094
1787925492.821434,-0.225378,-2.753314,1.849086,-0.0066,-0.2094
1787925492.824571,-0.225516,-2.753347,1.848789,-0.0041,-0.2094
1787925492.830960,-0.225546,-2.753414,1.848713,-0.0055,-0.2094
1787925492.840453,-0.225500,-2.753358,1.848737,-0.0026,-0.2094
1787925492.844628,-0.225384,-2.753367,1.848587,-0.0047,-0.2094
1787925492.849347,-0.225384,-2.753444,1.848690,-0.0079,-0.2094
1787925492.855017,-0.225574,-2.753431,1.848401,-0.0022,-0.2094
1787925492.857167,-0.225462,-2.753389,1.848499,-0.0001,-0.2098
1787925492.870169,-0.225684,-2.753487,1.847990,-0.0009,-0.2098
1787925492.879890,-0.225476,-2.753369,1.848517,0.0011,-0.2098
1787925492.884198,-0.225559,-2.753611,1.848372,-0.0138,-0.2098
1787925492.890139,-0.225478,-2.753650,1.848415,-0.0127,-0.2098
1787925492.901433,-0.225417,-2.753603,1.848600,-0.0081,-0.2098
1787925492.905339,-0.225710,-2.753664,1.848042,-0.0040,-0.2098
1787925492.914101,-0.225514,-2.753468,1.848746,0.0018,-0.2098
1787925492.921501,-0.225702,-2.753499,1.848187,0.0021,-0.2098
1787925492.925506,-0.225716,-2.753447,1.847965,0.0055,-0.2098
1787925492.930094,-0.225547,-2.753504,1.848408,-0.0027,-0.2098
1787925492.936122,-0.225431,-2.753450,1.848639,-0.0009,-0.2098
1787925492.942446,-0.225662,-2.753490,1.848387,0.0006,-0.2098
1787925492.950352,-0.225772,-2.753441,1.847839,0.0033,-0.2098
1787925492.956490,-0.225587,-2.753463,1.848115,-0.0012,-0.2098
1787925492.964543,-0.225747,-2.753452,1.847994,0.0012,-0.2098
1787925492.967815,-0.225474,-2.753435,1.848362,-0.0045,-0.2098
1787925492.974216,-0.225534,-2.753433,1.848411,-0.0023,-0.2098
1787925492.984161,-0.225434,-2.753483,1.848624,-0.0039,-0.2098
1787925492.988766,-0.225466,-2.753534,1.848486,-0.0053,-0.2098
1787925492.997643,-0.225540,-2.753380,1.848396,0.0020,-0.2098
1787925493.004490,-0.225553,-2.753354,1.848627,0.0026,-0.2098
1787925493.011249,-0.225702,-2.753327,1.848536,0.0048,-0.2098
1787925493.017976,-0.225565,-2.753302,1.849127,0.0028,-0.2098
1787925493.025968,-0.225632,-2.753073,1.848885,0.0109,-0.2098
1787925493.030310,-0.225465,-2.752796,1.849591,0.0228,-0.2098
1787925493.035411,-0.225795,-2.752599,1.848968,0.0325,-0.2098
1787925493.041546,-0.225716,-2.752074,1.849543,0.0463,-0.2098
1787925493.050813,-0.225987,-2.751566,1.848965,0.0507,-0.2098
1787925493.059402,-0.226443,-2.751013,1.848015,0.0584,-0.2117
1787925493.062049,-0.226886,-2.750263,1.846233,0.1363,-0.2117
1787925493.068843,-0.227623,-2.749544,1.844222,0.1348,-0.2117
1787925493.077029,-0.227588,-2.748460,1.843596,0.1323,-0.2117
1787925493.083140,-0.227589,-2.747507,1.843507,0.1377,-0.2117
1787925493.090814,-0.228280,-2.746491,1.841547,0.1419,-0.2117
1787925493.096450,-0.228597,-2.745204,1.841303,0.1698,-0.2117
1787925493.101706,-0.228813,-2.744106,1.840696,0.1825,-0.2117
1787925493.114240,-0.228924,-2.742983,1.840568,0.1544,-0.2117
1787925493.122993,-0.229274,-2.741919,1.839815,0.1464,-0.2117
1787925493.125991,-0.229436,-2.740583,1.839678,0.2357,-0.2117
1787925493.132043,-0.229649,-2.739300,1.839438,0.2291,-0.2117
1787925493.137619,-0.229584,-2.738233,1.839636,0.2148,-0.2117
1787925493.143928,-0.230265,-2.737152,1.838192,0.2085,-0.2117
1787925493.151919,-0.230415,-2.736109,1.837922,0.1852,-0.2117
1787925493.156999,-0.230595,-2.734839,1.837658,0.2048,-0.1760
1787925493.162422,-0.230842,-2.733791,1.837193,0.2029,-0.1760
1787925493.171776,-0.231513,-2.732751,1.835590,0.1798,-0.1760
1787925493.177173,-0.231601,-2.731741,1.835128,0.1814,-0.1760
1787925493.181510,-0.232146,-2.730653,1.834114,0.2094,-0.1760
1787925493.191379,-0.232064,-2.729494,1.834155,0.1800,-0.1760
1787925493.199307,-0.232738,-2.728442,1.832666,0.1710,-0.1760
1787925493.203508,-0.233146,-2.727242,1.831245,0.2100,-0.1760
1787925493.209148,-0.233311,-2.726249,1.831001,0.2003,-0.1760
1787925493.224641,-0.233434,-2.725117,1.830468,0.1620,-0.1760
1787925493.231315,-0.235281,-2.724492,1.828815,0.1618,-0.1760
1787925493.235103,-0.235747,-2.723320,1.827062,0.2124,-0.1760
1787925493.238760,-0.236084,-2.721904,1.826701,0.2680,-0.1760
1787925493.246130,-0.236344,-2.720667,1.826098,0.2390,-0.1760
1787925493.252880,-0.236960,-2.719512,1.824657,0.2239,-0.1760
1787925493.258389,-0.237208,-2.718175,1.824086,0.2306,-0.1548
1787925493.267339,-0.237092,-2.716878,1.823853,0.2025,-0.1548
1787925493.271586,-0.237562,-2.715295,1.823152,0.2583,-0.1548
1787925493.278322,-0.238180,-2.714109,1.821856,0.2389,-0.1548
1787925493.282666,-0.238165,-2.712694,1.821451,0.2616,-0.1548
1787925493.290264,-0.238452,-2.711094,1.820835,0.2471,-0.1548
1787925493.298266,-0.239135,-2.709541,1.819753,0.2357,-0.1548
1787925493.306459,-0.239037,-2.708129,1.819431,0.2142,-0.1548
1787925493.311830,-0.239281,-2.706674,1.818490,0.2321,-0.1548
1787925493.319186,-0.239710,-2.705078,1.817912,0.2299,-0.1548
1787925493.323390,-0.240276,-2.703741,1.816733,0.2633,-0.1548
1787925493.331540,-0.240069,-2.702148,1.816558,0.2393,-0.1548
1787925493.339344,-0.240007,-2.700825,1.816239,0.2163,-0.1548
1787925493.344746,-0.240902,-2.699396,1.814948,0.2404,-0.1548
1787925493.352046,-0.241354,-2.697827,1.813614,0.2353,-0.1548
1787925493.354792,-0.241791,-2.696396,1.811924,0.3279,-0.1548
1787925493.363501,-0.241617,-2.694827,1.811736,0.2806,-0.1277
1787925493.374134,-0.242442,-2.693208,1.810455,0.2463,-0.1277
1787925493.378401,-0.243105,-2.691800,1.808766,0.2796,-0.1277
1787925493.384112,-0.242948,-2.690247,1.808200,0.2731,-0.1277
1787925493.392920,-0.243206,-2.688547,1.808116,0.2495,-0.1277
1787925493.398918,-0.244655,-2.687040,1.805653,0.2648,-0.1277
1787925493.403746,-0.244855,-2.685548,1.804298,0.2785,-0.1277
1787925493.414691,-0.244466,-2.683987,1.804705,0.2341,-0.1277
1787925493.428915,-0.245364,-2.682440,1.803064,0.1999,-0.1277
1787925493.430254,-0.245389,-2.680664,1.802644,0.5289,-0.1277
1787925493.434870,-0.245617,-2.679124,1.801673,0.4710,-0.1277
1787925493.438811,-0.246126,-2.677507,1.801001,0.4584,-0.1277
1787925493.452760,-0.246573,-2.675756,1.799867,0.3597,-0.1277
1787925493.454018,-0.246987,-2.674068,1.798585,0.6660,-0.1277
1787925493.457432,-0.247409,-2.672615,1.798067,0.5989,-0.2058
1787925493.463820,-0.248003,-2.670648,1.796716,0.5155,-0.2058
1787925493.469281,-0.248688,-2.668893,1.794783,0.4633,-0.2058
1787925493.477266,-0.249135,-2.667235,1.794135,0.3887,-0.2058
1787925493.485668,-0.249530,-2.665203,1.793222,0.3460,-0.2058
1787925493.489737,-0.250243,-2.663534,1.791893,0.3738,-0.2058
1787925493.497583,-0.250459,-2.662160,1.791124,0.3147,-0.2058
1787925493.507001,-0.251252,-2.660052,1.790174,0.2913,-0.2058
1787925493.515270,-0.251724,-2.658437,1.789275,0.2648,-0.2058
1787925493.523870,-0.252136,-2.656805,1.787735,0.2441,-0.2058
1787925493.525182,-0.252331,-2.654989,1.787731,0.5860,-0.2058
1787925493.532396,-0.252646,-2.653068,1.786431,0.4910,-0.2058
1787925493.539181,-0.252771,-2.651346,1.785962,0.4193,-0.2058
1787925493.541054,-0.253087,-2.649637,1.785408,0.5716,-0.2058
1787925493.550744,-0.253487,-2.647639,1.785026,0.4632,-0.2058
1787925493.559189,-0.253561,-2.645854,1.784844,0.3868,-0.1864
1787925493.563604,-0.254257,-2.643895,1.783944,0.4108,-0.1864
1787925493.574158,-0.254516,-2.642014,1.783463,0.3414,-0.1864
1787925493.581985,-0.255286,-2.640218,1.781667,0.3125,-0.1864
1787925493.587512,-0.255630,-2.638157,1.781238,0.3320,-0.1864
1787925493.590030,-0.256111,-2.636254,1.780062,0.4662,-0.1864
1787925493.599368,-0.256727,-2.634622,1.778208,0.3817,-0.1864
1787925493.604683,-0.257398,-2.632594,1.777197,0.3870,-0.1864
1787925493.611226,-0.257723,-2.630642,1.776016,0.3615,-0.1864
1787925493.618025,-0.258323,-2.629040,1.774913,0.3277,-0.1864
1787925493.625875,-0.258893,-2.627058,1.773526,0.3080,-0.1864
1787925493.639920,-0.259718,-2.624877,1.771603,0.2647,-0.1864
1787925493.641265,-0.260009,-2.623226,1.770126,0.5591,-0.1864
1787925493.644324,-0.260636,-2.621233,1.767843,0.5951,-0.1864
1787925493.652265,-0.261146,-2.619388,1.766242,0.4887,-0.1864
1787925493.655972,-0.261389,-2.617635,1.765123,0.4851,-0.1864
1787925493.661664,-0.261945,-2.615923,1.763333,0.4337,-0.1643
1787925493.667698,-0.262201,-2.613897,1.762382,0.4049,-0.1643
1787925493.677521,-0.262511,-2.612124,1.761164,0.3384,-0.1643
1787925493.681818,-0.262924,-2.610346,1.759228,0.3642,-0.1643
1787925493.690673,-0.263382,-2.608448,1.758467,0.3210,-0.1643
1787925493.697433,-0.263588,-2.606624,1.756683,0.3060,-0.1643
1787925493.705203,-0.263947,-2.604682,1.755088,0.2904,-0.1643
1787925493.711893,-0.264484,-2.602874,1.753711,0.2874,-0.1643
1787925493.718457,-0.265138,-2.601253,1.751515,0.2794,-0.1643
1787925493.723241,-0.265186,-2.599393,1.750098,0.3109,-0.1643
1787925493.733056,-0.265325,-2.597427,1.749182,0.2775,-0.1643
1787925493.742815,-0.266048,-2.595723,1.747071,0.2497,-0.1643
1787925493.744179,-0.266552,-2.593869,1.744465,0.5957,-0.1643
1787925493.751538,-0.266240,-2.591980,1.744790,0.4906,-0.1643
1787925493.757865,-0.267274,-2.590189,1.742014,0.4355,-0.1327
1787925493.764690,-0.267448,-2.588282,1.740069,0.3887,-0.1327
1787925493.768362,-0.271858,-2.586072,1.730991,0.5079,-0.1327
1787925493.777096,-0.271677,-2.584010,1.731025,0.4245,-0.1327
1787925493.785587,-0.272255,-2.582182,1.728399,0.3641,-0.1327
1787925493.792442,-0.273246,-2.580294,1.726253,0.3432,-0.1327
1787925493.797967,-0.273548,-2.578057,1.724771,0.3628,-0.1327
1787925493.805526,-0.273603,-2.575990,1.723701,0.3354,-0.1327
1787925493.816679,-0.273625,-2.574061,1.723450,0.2861,-0.1327
1787925493.821977,-0.273938,-2.571970,1.721852,0.3200,-0.1327
1787925493.825481,-0.273786,-2.570015,1.721536,0.3875,-0.1327
1787925493.830465,-0.274590,-2.568219,1.719260,0.3853,-0.1327
1787925493.837697,-0.274883,-2.565934,1.717962,0.3653,-0.1327
1787925493.847580,-0.275019,-2.564028,1.717240,0.3135,-0.1327
1787925493.850171,-0.275684,-2.562034,1.715272,0.4590,-0.1327
1787925493.855969,-0.276183,-2.560157,1.713202,0.4211,-0.1081
1787925493.864095,-0.276356,-2.558083,1.711867,0.3715,-0.1081
1787925493.869460,-0.276603,-2.556053,1.710260,0.3744,-0.1081
1787925493.875575,-0.277375,-2.554090,1.708830,0.3626,-0.1081
1787925493.887006,-0.277289,-2.551965,1.707959,0.3088,-0.1081
1787925493.894359,-0.277823,-2.550149,1.706735,0.2925,-0.1081
1787925493.897070,-0.278343,-2.548205,1.705447,0.4257,-0.1081
1787925493.903817,-0.278180,-2.546163,1.704724,0.3870,-0.1081
1787925493.909359,-0.279105,-2.544188,1.702625,0.3834,-0.1081
1787925493.918393,-0.279488,-2.542250,1.701770,0.3339,-0.1081
1787925493.932338,-0.279260,-2.540210,1.701618,0.2766,-0.1081
1787925493.933710,-0.280092,-2.538346,1.700093,0.6211,-0.1081
1787925493.947425,-0.280173,-2.536605,1.699414,0.4728,-0.1081
1787925493.955920,-0.280194,-2.534526,1.698820,0.4039,-0.1571
1787925493.957263,-0.281256,-2.532574,1.696472,0.7446,-0.1571
1787925493.962361,-0.280800,-2.530774,1.696709,0.6229,-0.1571
1787925493.963561,-0.281409,-2.528660,1.695272,0.9794,-0.1571
1787925493.968909,-0.281556,-2.526672,1.694672,0.7973,-0.1571
1787925493.998818,-0.281676,-2.524739,1.693828,0.5775,-0.1571
1787925494.001120,-0.281985,-2.522513,1.693004,0.6970,-0.1571
1787925494.003984,-0.282504,-2.520650,1.692214,0.6882,-0.1571
1787925494.006880,-0.282784,-2.518648,1.691267,0.6912,-0.1571
1787925494.009682,-0.283162,-2.516374,1.690567,0.7303,-0.1571
1787925494.017641,-0.283423,-2.514444,1.689510,0.5846,-0.1571
1787925494.022446,-0.283808,-2.512065,1.688627,0.5596,-0.1571
1787925494.027353,-0.284026,-2.510098,1.687354,0.5127,-0.1571
1787925494.037302,-0.284587,-2.508194,1.686365,0.4179,-0.1571
1787925494.040098,-0.284654,-2.506008,1.686038,0.5263,-0.1571
1787925494.063649,-0.284382,-2.503926,1.686110,0.3944,-0.1433
1787925494.066614,-0.285096,-2.501780,1.684857,0.5000,-0.1433
1787925494.069534,-0.285379,-2.499969,1.683933,0.5382,-0.1433
1787925494.073903,-0.285432,-2.497721,1.683709,0.5305,-0.1433
1787925494.075166,-0.285723,-2.495571,1.682592,0.8865,-0.1433
1787925494.078842,-0.285899,-2.493402,1.681714,0.7980,-0.1433
1787925494.082403,-0.286108,-2.491382,1.681089,0.7297,-0.1433
1787925494.112819,-0.286740,-2.488941,1.679831,0.5354,-0.1433
1787925494.114136,-0.287041,-2.487138,1.678719,0.7905,-0.1433
1787925494.116735,-0.287388,-2.485076,1.677610,0.7942,-0.1433
1787925494.119355,-0.288012,-2.482817,1.675789,0.8208,-0.1433
1787925494.121978,-0.288014,-2.481074,1.675096,0.7727,-0.1433
1787925494.125094,-0.287816,-2.479083,1.675154,0.7296,-0.1433
1787925494.136559,-0.288902,-2.476992,1.671800,0.5680,-0.1433
1787925494.139704,-0.289029,-2.475216,1.670963,0.5674,-0.1433
1787925494.153149,-0.289412,-2.473242,1.669417,0.4419,-0.1433
1787925494.154414,-0.289976,-2.471137,1.667621,0.8191,-0.1433
1787925494.157077,-0.290249,-2.469231,1.666427,0.7901,-0.1290
1787925494.163683,-0.290543,-2.467270,1.665096,0.6430,-0.1290
1787925494.169073,-0.290242,-2.465189,1.664983,0.5638,-0.1290
1787925494.183203,-0.290952,-2.463132,1.662606,0.4396,-0.1290
1787925494.185487,-0.290593,-2.461143,1.662898,0.5634,-0.1290
1787925494.193002,-0.291405,-2.459200,1.660831,0.4746,-0.1290
1787925494.197392,-0.291700,-2.457049,1.659128,0.4804,-0.1290
1787925494.203197,-0.291793,-2.454960,1.658348,0.4443,-0.1290
1787925494.209383,-0.292245,-2.452990,1.656536,0.4080,-0.1290
1787925494.218729,-0.292211,-2.450803,1.656337,0.3555,-0.1290
1787925494.223699,-0.292620,-2.448860,1.654923,0.3677,-0.1290
1787925494.240322,-0.293016,-2.446831,1.653299,0.2945,-0.1290
1787925494.241677,-0.293321,-2.444433,1.652690,0.7409,-0.1290
1787925494.245390,-0.293312,-2.442642,1.652229,0.6628,-0.1290
1787925494.254089,-0.293836,-2.440269,1.650319,0.5470,-0.1290
1787925494.259326,-0.293795,-2.438227,1.650255,0.4993,-0.1534
1787925494.266161,-0.293837,-2.436099,1.649344,0.4427,-0.1534
1787925494.269358,-0.293739,-2.433927,1.649639,0.5124,-0.1534
1787925494.280728,-0.293972,-2.431762,1.648610,0.4161,-0.1534
1787925494.282458,-0.293946,-2.429568,1.648376,0.6703,-0.1534
1787925494.287972,-0.294179,-2.427629,1.647343,0.5753,-0.1534
1787925494.297556,-0.294116,-2.425589,1.647504,0.4663,-0.1534
1787925494.304573,-0.295019,-2.423265,1.645149,0.4283,-0.1534
1787925494.310119,-0.294471,-2.421504,1.646104,0.3926,-0.1534
1787925494.317208,-0.294432,-2.419403,1.645257,0.3634,-0.1534
1787925494.325032,-0.294845,-2.417160,1.644302,0.3413,-0.1534
1787925494.329625,-0.294508,-2.415168,1.643753,0.3670,-0.1534
1787925494.338976,-0.293926,-2.413105,1.645216,0.3215,-0.1534
1787925494.349097,-0.294806,-2.411240,1.643214,0.2821,-0.1534
1787925494.360788,-0.293877,-2.409344,1.644734,0.2442,-0.1457
1787925494.362541,-0.294190,-2.407183,1.643634,0.5437,-0.1457
1787925494.365567,-0.294291,-2.405223,1.643216,0.5751,-0.1457
1787925494.370224,-0.294639,-2.403375,1.641773,0.5230,-0.1457
1787925494.376487,-0.294196,-2.401043,1.642051,0.4760,-0.1457
1787925494.386387,-0.294341,-2.399217,1.641203,0.3887,-0.1457
1787925494.390403,-0.294227,-2.397104,1.640208,0.4289,-0.1457
1787925494.400728,-0.294237,-2.394814,1.639699,0.3666,-0.1457
1787925494.404169,-0.294636,-2.393188,1.638010,0.4004,-0.1457
1787925494.410484,-0.294844,-2.391138,1.636733,0.3782,-0.1457
1787925494.416711,-0.294975,-2.388822,1.635309,0.3764,-0.1457
1787925494.425054,-0.295124,-2.386878,1.634157,0.3336,-0.1457
1787925494.428802,-0.295382,-2.384865,1.632121,0.3956,-0.1457
1787925494.438204,-0.295570,-2.382524,1.630678,0.3519,-0.1457
1787925494.444816,-0.295803,-2.380646,1.628648,0.3320,-0.1457
1787925494.452731,-0.296107,-2.378531,1.627121,0.3131,-0.1457
1787925494.458495,-0.296407,-2.376474,1.625581,0.3269,-0.1230
1787925494.462898,-0.296210,-2.374520,1.625123,0.3610,-0.1230
1787925494.468263,-0.297075,-2.372291,1.622584,0.3797,-0.1230
1787925494.476714,-0.297202,-2.370521,1.621605,0.3288,-0.1230
1787925494.484949,-0.297323,-2.368134,1.620129,0.3172,-0.1230
1787925494.490862,-0.297333,-2.365993,1.619972,0.3306,-0.1230
1787925494.503506,-0.297451,-2.364028,1.618399,0.2781,-0.1230
1787925494.504803,-0.297175,-2.362063,1.618216,0.6458,-0.1230
1787925494.510916,-0.297623,-2.360024,1.616884,0.5530,-0.1230
1787925494.522823,-0.297182,-2.357941,1.616566,0.4390,-0.1230
1787925494.525041,-0.297744,-2.356041,1.615196,0.5674,-0.1230
1787925494.539732,-0.297991,-2.353831,1.613795,0.4425,-0.1230
1787925494.541003,-0.297911,-2.352064,1.613244,0.7254,-0.1230
1787925494.559669,-0.298160,-2.350126,1.612404,0.5390,-0.1310
1787925494.560973,-0.298268,-2.348162,1.611111,0.8299,-0.1310
1787925494.563671,-0.298301,-2.346208,1.609974,0.7982,-0.1310
1787925494.565804,-0.298341,-2.344025,1.609699,0.8657,-0.1310
1787925494.571116,-0.299049,-2.342125,1.607677,0.7147,-0.1310
1787925494.577667,-0.298475,-2.340053,1.607881,0.5942,-0.1310
1787925494.584838,-0.298646,-2.338045,1.606634,0.5001,-0.1310
1787925494.592198,-0.299518,-2.336089,1.604551,0.4310,-0.1310
1787925494.597867,-0.299041,-2.334049,1.604850,0.4087,-0.1310
1787925494.605234,-0.299167,-2.332264,1.603421,0.3589,-0.1310
1787925494.610301,-0.299417,-2.330059,1.602695,0.3822,-0.1310
1787925494.618681,-0.299761,-2.328118,1.600779,0.3374,-0.1310
1787925494.629628,-0.299173,-2.326029,1.601187,0.2929,-0.1310
1787925494.633236,-0.299376,-2.323886,1.599964,0.3836,-0.1310
1787925494.640570,-0.299650,-2.321764,1.598714,0.3556,-0.1310
1787925494.643446,-0.299685,-2.319741,1.598017,0.4599,-0.1310
1787925494.657713,-0.299212,-2.317702,1.598083,0.3645,-0.1157
1787925494.679035,-0.299764,-2.315403,1.596200,0.2877,-0.1157
1787925494.680355,-0.299715,-2.313278,1.595427,0.6842,-0.1157
1787925494.683219,-0.299051,-2.311110,1.596024,0.7042,-0.1157
1787925494.684966,-0.299698,-2.308897,1.594345,0.8755,-0.1157
1787925494.686154,-0.299789,-2.307050,1.593269,1.0795,-0.1157
1787925494.689695,-0.299613,-2.304976,1.592973,0.9310,-0.1157
1787925494.695853,-0.300073,-2.302648,1.591116,0.7656,-0.1157
1787925494.703198,-0.300001,-2.300826,1.590427,0.6102,-0.1157
1787925494.711015,-0.300136,-2.298614,1.589539,0.5121,-0.1157
1787925494.719588,-0.299835,-2.296601,1.589295,0.4287,-0.1157
1787925494.724524,-0.300227,-2.294407,1.587394,0.4338,-0.1157
1787925494.731181,-0.299939,-2.292430,1.587933,0.3926,-0.1157
1787925494.736768,-0.300023,-2.290525,1.586414,0.3771,-0.1157
1787925494.779880,-0.299788,-2.288641,1.586030,0.2771,-0.1021
1787925494.782944,-0.300555,-2.286396,1.583462,0.4147,-0.1021
1787925494.785789,-0.300070,-2.284627,1.583743,0.4761,-0.1021
1787925494.788734,-0.300531,-2.282664,1.582042,0.5337,-0.1021
1787925494.790340,-0.300654,-2.280458,1.580943,0.7860,-0.1021
1787925494.791543,-0.300604,-2.278419,1.579962,1.0588,-0.1021
1787925494.793170,-0.300582,-2.276659,1.579190,1.0655,-0.1021
1787925494.795453,-0.300510,-2.274734,1.578217,0.9987,-0.1021
1787925494.803559,-0.300311,-2.272723,1.577560,0.7735,-0.1021
1787925494.805055,-0.300421,-2.270657,1.576438,0.9558,-0.1021
1787925494.809143,-0.299902,-2.268793,1.576730,0.8056,-0.1021
1787925494.823666,-0.300238,-2.266733,1.575454,0.6065,-0.1021
1787925494.832628,-0.300719,-2.264598,1.573564,0.4961,-0.1021
1787925494.833999,-0.300222,-2.262809,1.573561,0.7384,-0.1021
1787925494.840036,-0.300249,-2.260709,1.572781,0.6212,-0.1021
1787925494.843248,-0.300572,-2.258436,1.571203,0.6471,-0.1021
1787925494.859634,-0.300024,-2.256571,1.571323,0.4871,-0.0829
1787925494.872253,-0.299990,-2.254408,1.570086,0.3924,-0.0829
1787925494.878481,-0.300189,-2.252061,1.569058,0.3877,-0.0829
1787925494.879764,-0.300497,-2.250126,1.567184,0.7235,-0.0829
1787925494.882348,-0.300373,-2.248033,1.566406,0.7496,-0.0829
1787925494.903134,-0.300530,-2.245758,1.565498,0.5575,-0.0829
1787925494.904581,-0.300611,-2.243799,1.564092,0.7963,-0.0829
1787925494.907228,-0.300587,-2.241739,1.563441,0.7909,-0.0829
1787925494.910154,-0.300902,-2.239714,1.561717,0.7610,-0.0829
1787925494.913028,-0.300780,-2.237605,1.561080,0.7529,-0.0829
1787925494.915887,-0.300788,-2.235532,1.559869,0.7446,-0.0829
1787925494.926976,-0.300802,-2.233418,1.558912,0.5784,-0.0829
1787925494.930353,-0.301410,-2.231341,1.556742,0.5887,-0.0829
1787925494.935610,-0.300919,-2.229511,1.557170,0.5169,-0.0829
1787925494.945558,-0.301149,-2.227470,1.555871,0.4232,-0.0829
1787925494.965629,-0.301417,-2.225410,1.554598,0.3270,-0.1304
1787925494.977364,-0.301363,-2.223315,1.553414,0.2825,-0.1304
1787925494.978651,-0.301135,-2.221456,1.553261,0.6317,-0.1304
1787925494.981255,-0.301278,-2.219357,1.552198,0.6838,-0.1304
1787925494.983095,-0.301494,-2.217453,1.550513,0.7882,-0.1304
1787925494.984298,-0.301452,-2.215429,1.550027,1.0567,-0.1304
1787925494.989667,-0.301518,-2.213631,1.549297,0.8400,-0.1304
1787925495.001958,-0.301581,-2.211464,1.548690,0.6409,-0.1304
1787925495.007691,-0.301684,-2.209369,1.547935,0.5581,-0.1304
1787925495.012053,-0.301942,-2.207507,1.546804,0.5183,-0.1304
1787925495.016531,-0.301929,-2.205363,1.546154,0.5064,-0.1304
1787925495.024675,-0.301973,-2.203289,1.545553,0.4308,-0.1304
1787925495.034926,-0.301721,-2.201408,1.544932,0.3568,-0.1304
1787925495.039060,-0.302161,-2.199279,1.543825,0.4033,-0.1304
1787925495.045737,-0.302027,-2.197167,1.543387,0.3773,-0.1304
1787925495.052435,-0.301822,-2.195410,1.543591,0.3431,-0.1304
1787925495.060359,-0.301948,-2.193301,1.542991,0.3198,-0.1237
1787925495.065328,-0.301649,-2.190873,1.543085,0.3709,-0.1237
1787925495.072394,-0.301389,-2.189074,1.543241,0.3363,-0.1237
1787925495.078604,-0.301624,-2.186503,1.541985,0.3592,-0.1237
1787925495.087964,-0.301349,-2.184504,1.542411,0.3157,-0.1237
1787925495.091622,-0.301221,-2.182688,1.541532,0.3702,-0.1237
1787925495.101059,-0.301487,-2.180247,1.540881,0.3365,-0.1237
1787925495.107058,-0.301392,-2.178298,1.540531,0.3331,-0.1237
1787925495.115032,-0.301468,-2.176359,1.539819,0.3060,-0.1237
1787925495.123754,-0.301387,-2.174181,1.539498,0.2892,-0.1237
1787925495.124979,-0.301037,-2.172014,1.539377,0.7354,-0.1237
1787925495.136049,-0.301488,-2.169840,1.537453,0.5732,-0.1237
1787925495.137722,-0.300989,-2.167929,1.537969,0.7466,-0.1237
1787925495.144143,-0.300785,-2.165937,1.537508,0.6159,-0.1237
1787925495.149453,-0.301249,-2.163683,1.535956,0.5575,-0.1237
1787925495.156179,-0.301156,-2.161748,1.535504,0.4767,-0.1208
1787925495.162957,-0.300783,-2.159840,1.535364,0.4186,-0.1208
1787925495.167807,-0.301043,-2.157657,1.533551,0.4274,-0.1208
1787925495.175240,-0.301256,-2.155699,1.532271,0.3778,-0.1208
1787925495.182745,-0.300449,-2.153679,1.532926,0.3464,-0.1208
1787925495.187872,-0.300603,-2.151521,1.531175,0.3683,-0.1208
1787925495.194930,-0.300792,-2.149573,1.530665,0.3402,-0.1208
1787925495.202084,-0.300603,-2.147545,1.529600,0.3234,-0.1208
1787925495.209174,-0.300271,-2.145551,1.529044,0.3113,-0.1208
1787925495.218711,-0.300732,-2.143458,1.527956,0.2831,-0.1208
1787925495.225022,-0.300588,-2.141442,1.527184,0.2942,-0.1208
1787925495.231188,-0.300393,-2.139515,1.526635,0.3000,-0.1208
1787925495.237826,-0.300508,-2.137193,1.525659,0.3146,-0.1208
1787925495.246818,-0.300485,-2.135177,1.524619,0.2874,-0.1208
1787925495.250990,-0.300424,-2.133191,1.524088,0.3441,-0.1208
1787925495.263020,-0.300301,-2.131067,1.522637,0.2939,-0.2048
1787925495.268650,-0.300665,-2.128983,1.521427,0.3157,-0.2048
1787925495.276903,-0.300786,-2.126795,1.519869,0.3002,-0.2048
1787925495.280686,-0.300010,-2.124895,1.520827,0.3637,-0.2048
1787925495.283842,-0.300318,-2.122506,1.519509,0.4799,-0.2048
1787925495.295385,-0.300332,-2.120548,1.518491,0.3867,-0.2048
1787925495.298097,-0.299887,-2.118781,1.518424,0.4685,-0.2048
1787925495.302646,-0.299573,-2.116654,1.518083,0.4691,-0.2048
1787925495.311840,-0.299648,-2.114682,1.516910,0.3925,-0.2048
1787925495.320300,-0.298938,-2.112982,1.518169,0.3363,-0.2048
1787925495.327525,-0.299425,-2.110610,1.516006,0.3326,-0.2048
1787925495.331526,-0.298738,-2.108628,1.516633,0.3840,-0.2048
1787925495.337570,-0.299291,-2.106525,1.515434,0.3715,-0.2048
1787925495.345793,-0.298905,-2.104485,1.515331,0.3352,-0.2048
1787925495.353430,-0.298770,-2.102850,1.515076,0.2990,-0.2048
1787925495.361694,-0.298439,-2.100465,1.515094,0.2964,-0.2024
1787925495.366877,-0.298448,-2.098750,1.514196,0.3066,-0.2024
1787925495.372178,-0.298109,-2.096844,1.513700,0.3234,-0.2024
1787925495.375418,-0.298019,-2.094459,1.512962,0.4473,-0.2024
1787925495.383291,-0.297871,-2.092542,1.512181,0.3864,-0.2024
1787925495.390785,-0.297648,-2.090833,1.511883,0.3393,-0.2024
1787925495.400886,-0.298081,-2.088520,1.509572,0.3053,-0.2024
1787925495.406029,-0.297432,-2.086712,1.509279,0.3213,-0.2024
1787925495.411447,-0.297114,-2.084615,1.508749,0.3419,-0.2024
1787925495.417393,-0.297216,-2.082656,1.507247,0.3376,-0.2024
1787925495.425035,-0.297045,-2.080665,1.505767,0.3148,-0.2024
1787925495.433385,-0.296702,-2.078767,1.504746,0.2892,-0.2024
1787925495.438838,-0.296867,-2.076643,1.502766,0.3184,-0.2024
1787925495.444024,-0.296782,-2.074637,1.501286,0.3389,-0.2024
1787925495.450911,-0.296746,-2.072401,1.499258,0.3345,-0.2024
1787925495.460727,-0.296304,-2.070485,1.498432,0.2936,-0.1885
1787925495.468389,-0.296000,-2.068250,1.497387,0.2937,-0.1885
1787925495.469651,-0.296255,-2.066153,1.494868,0.6975,-0.1885
1787925495.476139,-0.296290,-2.064003,1.493280,0.5873,-0.1885
1787925495.481368,-0.295934,-2.062014,1.492544,0.5264,-0.1885
1787925495.490576,-0.295760,-2.060066,1.491089,0.4322,-0.1885
1787925495.497860,-0.294955,-2.058022,1.491256,0.3891,-0.1885
1787925495.503451,-0.295258,-2.055868,1.488895,0.3863,-0.1885
1787925495.511615,-0.294477,-2.053839,1.488918,0.3470,-0.1885
1787925495.520209,-0.294642,-2.052194,1.486997,0.2997,-0.1885
1787925495.524539,-0.294188,-2.050030,1.486494,0.3618,-0.1885
1787925495.534393,-0.294162,-2.048151,1.484838,0.3103,-0.1885
1787925495.540236,-0.293623,-2.046147,1.484480,0.3221,-0.1885
1787925495.547153,-0.294142,-2.044173,1.481734,0.3088,-0.1885
1787925495.552087,-0.293660,-2.042470,1.481075,0.3219,-0.1885
1787925495.561606,-0.293266,-2.040311,1.480484,0.2942,-0.2282
1787925495.564080,-0.293353,-2.038381,1.479020,0.4380,-0.2282
1787925495.571309,-0.292966,-2.036584,1.477908,0.3824,-0.2282
1787925495.578272,-0.292715,-2.034649,1.477149,0.3517,-0.2282
1787925495.586830,-0.292711,-2.032764,1.475209,0.3120,-0.2282
1787925495.597198,-0.292549,-2.030750,1.474030,0.2768,-0.2282
1787925495.598456,-0.292536,-2.028869,1.472479,0.6405,-0.2282
1787925495.602497,-0.292032,-2.026936,1.471519,0.5948,-0.2282
1787925495.609595,-0.292165,-2.025024,1.470208,0.4962,-0.2282
1787925495.618004,-0.291896,-2.022897,1.468759,0.4238,-0.2282
1787925495.627972,-0.291441,-2.021196,1.467954,0.3490,-0.2282
1787925495.629983,-0.291173,-2.019343,1.467264,0.5234,-0.2282
1787925495.639175,-0.291279,-2.017249,1.465408,0.4340,-0.2282
1787925495.644587,-0.290757,-2.015309,1.465080,0.4137,-0.2282
1787925495.656007,-0.290642,-2.013309,1.464286,0.3422,-0.2112
1787925495.659954,-0.290404,-2.011179,1.463010,0.4024,-0.2112
1787925495.666183,-0.289902,-2.009251,1.462556,0.3766,-0.2112
1787925495.673092,-0.289626,-2.007194,1.460959,0.3537,-0.2112
1787925495.678935,-0.289991,-2.005082,1.458710,0.3533,-0.2112
1787925495.690146,-0.289391,-2.003253,1.458084,0.2977,-0.2112
1787925495.691678,-0.289243,-2.001097,1.456172,0.6311,-0.2112
1787925495.699362,-0.289245,-1.999110,1.454945,0.5188,-0.2112
1787925495.706618,-0.289095,-1.997075,1.453117,0.4475,-0.2112
1787925495.708483,-0.288546,-1.995223,1.452494,0.6194,-0.2112
1787925495.716383,-0.288227,-1.993249,1.450731,0.5094,-0.2112
1787925495.728941,-0.288161,-1.991440,1.449069,0.3997,-0.2112
1787925495.733407,-0.288301,-1.989341,1.447200,0.4185,-0.2112
1787925495.739732,-0.288133,-1.987500,1.444812,0.3806,-0.2112
1787925495.745551,-0.287520,-1.985635,1.444156,0.3658,-0.2112
1787925495.756945,-0.287276,-1.983766,1.442387,0.3057,-0.1906
1787925495.760764,-0.287321,-1.981715,1.439775,0.3733,-0.1906
1787925495.765621,-0.287381,-1.979885,1.438543,0.3728,-0.1906
1787925495.771790,-0.287227,-1.977957,1.436636,0.3549,-0.1906
1787925495.774867,-0.286805,-1.975997,1.435112,0.4434,-0.1906
1787925495.791538,-0.286623,-1.974298,1.433776,0.3411,-0.1906
1787925495.792956,-0.286407,-1.972315,1.432441,0.6606,-0.1906
1787925495.796642,-0.286366,-1.970341,1.429734,0.6220,-0.1906
1787925495.804891,-0.286129,-1.968693,1.428604,0.4959,-0.1906
1787925495.809789,-0.285822,-1.966414,1.426936,0.4880,-0.1906
1787925495.816325,-0.285291,-1.964481,1.425855,0.4329,-0.1906
1787925495.823812,-0.285130,-1.962801,1.424012,0.3706,-0.1906
1787925495.832534,-0.284709,-1.960793,1.422661,0.3299,-0.1906
1787925495.837567,-0.284492,-1.959128,1.421180,0.3309,-0.1906
1787925495.844736,-0.284160,-1.956981,1.419971,0.3226,-0.1906
1787925495.851636,-0.283952,-1.954889,1.418218,0.3171,-0.1906
1787925495.867031,-0.283614,-1.953135,1.416726,0.2567,-0.1621
1787925495.868366,-0.283422,-1.951206,1.415258,0.6149,-0.1621
1787925495.871508,-0.283158,-1.949161,1.413666,0.6272,-0.1621
1787925495.879540,-0.282707,-1.947495,1.412762,0.5032,-0.1621
1787925495.892641,-0.282251,-1.945441,1.411468,0.4003,-0.1621
1787925495.894142,-0.281875,-1.943590,1.410501,0.6571,-0.1621
1787925495.897297,-0.281635,-1.941480,1.408351,0.6617,-0.1621
1787925495.902022,-0.281381,-1.939610,1.407121,0.5829,-0.1621
1787925495.909322,-0.281231,-1.937795,1.405370,0.4827,-0.1621
1787925495.917111,-0.280455,-1.936066,1.404473,0.4085,-0.1621
1787925495.929974,-0.280315,-1.934016,1.402994,0.3336,-0.1621
1787925495.932989,-0.279477,-1.932139,1.402576,0.4316,-0.1621
1787925495.938709,-0.279681,-1.930312,1.400339,0.3947,-0.1621
1787925495.946584,-0.279125,-1.928256,1.399240,0.3571,-0.1621
1787925495.954461,-0.279106,-1.926204,1.397063,0.3271,-0.1621
1787925495.961520,-0.277927,-1.924627,1.397433,0.3036,-0.1718
1787925495.966641,-0.278791,-1.922380,1.393395,0.3332,-0.1718
1787925495.975396,-0.277865,-1.920640,1.393349,0.2975,-0.1718
1787925495.980609,-0.277393,-1.918640,1.392651,0.3263,-0.1718
1787925495.988141,-0.277298,-1.916460,1.390522,0.3145,-0.1718
1787925495.994456,-0.276949,-1.914851,1.389068,0.2983,-0.1718
1787925495.997240,-0.276862,-1.912895,1.387583,0.4179,-0.1718
1787925496.003116,-0.276458,-1.910712,1.386220,0.4058,-0.1718
1787925496.016329,-0.276060,-1.908836,1.385150,0.3276,-0.1718
1787925496.020005,-0.275584,-1.906752,1.383731,0.4037,-0.1718
1787925496.027435,-0.275159,-1.904801,1.382542,0.3632,-0.1718
1787925496.032555,-0.275211,-1.903016,1.380947,0.3563,-0.1718
1787925496.045241,-0.275085,-1.900922,1.379087,0.2986,-0.1718
1787925496.046853,-0.274112,-1.898836,1.379723,0.6247,-0.1718
1787925496.051054,-0.273960,-1.896855,1.378084,0.5782,-0.1718
1787925496.058808,-0.273608,-1.894714,1.376882,0.4886,-0.1463
1787925496.065289,-0.273126,-1.892889,1.376513,0.4293,-0.1463
1787925496.072396,-0.273213,-1.890761,1.374422,0.3878,-0.1463
1787925496.076320,-0.272891,-1.888569,1.373208,0.4406,-0.1463
1787925496.084220,-0.272081,-1.886867,1.372906,0.3779,-0.1463
1787925496.089084,-0.272114,-1.884496,1.371268,0.4075,-0.1463
1787925496.097262,-0.271802,-1.882645,1.370057,0.3540,-0.1463
1787925496.105246,-0.271518,-1.880816,1.368973,0.3173,-0.1463
1787925496.114736,-0.271379,-1.878706,1.366746,0.2883,-0.1463
1787925496.120315,-0.270662,-1.876609,1.366673,0.3201,-0.1463
1787925496.126463,-0.270322,-1.874510,1.365287,0.3277,-0.1463
1787925496.132560,-0.269946,-1.872530,1.364143,0.3285,-0.1463
1787925496.140595,-0.269224,-1.870840,1.363977,0.2973,-0.1463
1787925496.145940,-0.268811,-1.868744,1.362509,0.3280,-0.1463
1787925496.151556,-0.268409,-1.866924,1.361378,0.3291,-0.1463
1787925496.157604,-0.267430,-1.865144,1.361792,0.3268,-0.1298
1787925496.166611,-0.267660,-1.862758,1.358819,0.3049,-0.1298
1787925496.176709,-0.266981,-1.861094,1.358620,0.2660,-0.1298
1787925496.181287,-0.266708,-1.858985,1.357219,0.3250,-0.1298
1787925496.187104,-0.265833,-1.857114,1.357217,0.3314,-0.1298
1787925496.191519,-0.265112,-1.855365,1.356740,0.3585,-0.1298
1787925496.201413,-0.265421,-1.853074,1.354107,0.3168,-0.1298
1787925496.202853,-0.264948,-1.851000,1.353245,0.6648,-0.1298
1787925496.210052,-0.264379,-1.849274,1.352982,0.5407,-0.1298
1787925496.217167,-0.263693,-1.847266,1.352191,0.4674,-0.1298
1787925496.227982,-0.263191,-1.845478,1.351159,0.3787,-0.1298
1787925496.229819,-0.262600,-1.843360,1.350906,0.6236,-0.1298
1787925496.236046,-0.262033,-1.841356,1.350235,0.5367,-0.1298
1787925496.243291,-0.260825,-1.839869,1.351124,0.4467,-0.1298
1787925496.251505,-0.260220,-1.837831,1.349759,0.3901,-0.1298
1787925496.260862,-0.259921,-1.835685,1.348840,0.3423,-0.1266
1787925496.264683,-0.259382,-1.833641,1.348345,0.4055,-0.1266
1787925496.269164,-0.258647,-1.831741,1.348337,0.4188,-0.1266
1787925496.277788,-0.257762,-1.829962,1.348001,0.3603,-0.1266
1787925496.283231,-0.257537,-1.827699,1.346566,0.3766,-0.1266
1787925496.300934,-0.256772,-1.825871,1.346410,0.2967,-0.1266
1787925496.304798,-0.256463,-1.823968,1.344900,0.3571,-0.1266
1787925496.306195,-0.256109,-1.821759,1.343447,0.7291,-0.1266
1787925496.312029,-0.255520,-1.819925,1.343227,0.6091,-0.1266
1787925496.321255,-0.255063,-1.817822,1.341819,0.4963,-0.1266
1787925496.326348,-0.254709,-1.815760,1.341068,0.4705,-0.1266
1787925496.330419,-0.254264,-1.813789,1.340165,0.4782,-0.1266
1787925496.339433,-0.253729,-1.811822,1.339543,0.4025,-0.1266
1787925496.349637,-0.253190,-1.810093,1.339283,0.3349,-0.1266
1787925496.356591,-0.253002,-1.807765,1.337669,0.3340,-0.1139
1787925496.359653,-0.252469,-1.805977,1.337012,0.4162,-0.1139
1787925496.364914,-0.251892,-1.803974,1.336901,0.4101,-0.1139
1787925496.370345,-0.251430,-1.801925,1.335951,0.4031,-0.1139
1787925496.376643,-0.251502,-1.799928,1.334310,0.3739,-0.1139
1787925496.381949,-0.250525,-1.798110,1.334556,0.3746,-0.1139
1787925496.389809,-0.250051,-1.796113,1.334085,0.3405,-0.1139
1787925496.396255,-0.249411,-1.794348,1.333545,0.3252,-0.1139
1787925496.404765,-0.249202,-1.792210,1.332349,0.3026,-0.1139
1787925496.411529,-0.248581,-1.790347,1.332108,0.2986,-0.1139
1787925496.419410,-0.248164,-1.788370,1.330941,0.2859,-0.1139
1787925496.424123,-0.247551,-1.786376,1.329996,0.3327,-0.1139
1787925496.429680,-0.247050,-1.784241,1.329223,0.3513,-0.1139
1787925496.439233,-0.246603,-1.782376,1.328538,0.3061,-0.1139
1787925496.453112,-0.246316,-1.780361,1.327342,0.2581,-0.1139
1787925496.454891,-0.245653,-1.778560,1.326421,0.5023,-0.1139
1787925496.457988,-0.245433,-1.776324,1.324654,0.5670,-0.1011
1787925496.466087,-0.244622,-1.774340,1.324781,0.4754,-0.1011
1787925496.473426,-0.244099,-1.772421,1.323688,0.4141,-0.1011
1787925496.483878,-0.243459,-1.770540,1.322992,0.3467,-0.1011
1787925496.485206,-0.243218,-1.768341,1.321633,0.7375,-0.1011
1787925496.501479,-0.242463,-1.766405,1.321335,0.5543,-0.1011
1787925496.502767,-0.242185,-1.764310,1.320223,0.8770,-0.1011
1787925496.510900,-0.241700,-1.762266,1.319052,0.6914,-0.1011
1787925496.514815,-0.240913,-1.760430,1.319215,0.6353,-0.1011
1787925496.520693,-0.240104,-1.758509,1.318858,0.5499,-0.1011
1787925496.524058,-0.239578,-1.756667,1.317934,0.5556,-0.1011
1787925496.531792,-0.239341,-1.754557,1.316357,0.4705,-0.1011
1787925496.539455,-0.238447,-1.752516,1.316552,0.4155,-0.1011
1787925496.547542,-0.238064,-1.750388,1.315397,0.3708,-0.1011
1787925496.552072,-0.237111,-1.748661,1.315389,0.3861,-0.1011
1787925496.554783,-0.236508,-1.746836,1.314375,0.4826,-0.1011
1787925496.567499,-0.236312,-1.744683,1.313289,0.3881,-0.0922
1787925496.578614,-0.235932,-1.742657,1.312487,0.3272,-0.0922
1787925496.580231,-0.235022,-1.740772,1.312481,0.6101,-0.0922
1787925496.583279,-0.234478,-1.738652,1.311764,0.6426,-0.0922
1787925496.596347,-0.233552,-1.736916,1.311768,0.4938,-0.0922
1787925496.602822,-0.233032,-1.734976,1.311039,0.4387,-0.0922
1787925496.609735,-0.232930,-1.732719,1.309149,0.4028,-0.0922
1787925496.612573,-0.232219,-1.730733,1.308848,0.5043,-0.0922
1787925496.617196,-0.231627,-1.728453,1.308342,0.5058,-0.0922
1787925496.625598,-0.230650,-1.726896,1.308313,0.4168,-0.0922
1787925496.636885,-0.230347,-1.724936,1.307327,0.3442,-0.0922
1787925496.639287,-0.229719,-1.722862,1.306535,0.5115,-0.0922
1787925496.645584,-0.229600,-1.720780,1.305325,0.4552,-0.0922
1787925496.651245,-0.228951,-1.718693,1.304466,0.4344,-0.0922
1787925496.658276,-0.228073,-1.716712,1.304114,0.3955,-0.0773
1787925496.666741,-0.227688,-1.714851,1.303203,0.3441,-0.0773
1787925496.674237,-0.227582,-1.712781,1.301671,0.3218,-0.0773
1787925496.676623,-0.226966,-1.710750,1.301382,0.4921,-0.0773
1787925496.682816,-0.226446,-1.708560,1.300299,0.4535,-0.0773
1787925496.688822,-0.226244,-1.706653,1.299233,0.4119,-0.0773
1787925496.702979,-0.225787,-1.704775,1.298780,0.3292,-0.0773
1787925496.704352,-0.225225,-1.702727,1.297593,0.6942,-0.0773
1787925496.713475,-0.224735,-1.700803,1.296883,0.5512,-0.0773
1787925496.714767,-0.224056,-1.698633,1.296029,0.9136,-0.0773
1787925496.722265,-0.223562,-1.696757,1.295685,0.7171,-0.0773
1787925496.729931,-0.223129,-1.694696,1.294991,0.5842,-0.0773
1787925496.737137,-0.222571,-1.692721,1.294052,0.4944,-0.0773
1787925496.745506,-0.221981,-1.690648,1.293790,0.4233,-0.0773
1787925496.752984,-0.221139,-1.688729,1.293832,0.3796,-0.0773
1787925496.760091,-0.221017,-1.686549,1.291935,0.3556,-0.0662
1787925496.765052,-0.220656,-1.684679,1.291670,0.3637,-0.0662
1787925496.774050,-0.219883,-1.682592,1.291115,0.3285,-0.0662
1787925496.785975,-0.219461,-1.680669,1.290960,0.2794,-0.0662
1787925496.787576,-0.218851,-1.678561,1.290144,0.6069,-0.0662
1787925496.790554,-0.218355,-1.676552,1.289823,0.6331,-0.0662
1787925496.797329,-0.217681,-1.674608,1.289796,0.5342,-0.0662
1787925496.805834,-0.216972,-1.672523,1.289298,0.4515,-0.0662
1787925496.813097,-0.216484,-1.670495,1.288828,0.4021,-0.0662
1787925496.820976,-0.215841,-1.668428,1.288130,0.3639,-0.0662
1787925496.824493,-0.215544,-1.666514,1.287540,0.4186,-0.0662
1787925496.831802,-0.214941,-1.664406,1.286727,0.3830,-0.0662
1787925496.839132,-0.213980,-1.662413,1.286998,0.3574,-0.0662
1787925496.846979,-0.213826,-1.660416,1.285930,0.3251,-0.0662
1787925496.859255,-0.212772,-1.658433,1.286069,0.2813,-0.0628
1787925496.860755,-0.212605,-1.656295,1.284377,0.6165,-0.0628
1787925496.865647,-0.211927,-1.654290,1.284312,0.5613,-0.0628
1787925496.873300,-0.211452,-1.652218,1.283331,0.4760,-0.0628
1787925496.877608,-0.210803,-1.650227,1.283130,0.4790,-0.0628
1787925496.882411,-0.210267,-1.648071,1.282355,0.4739,-0.0628
1787925496.892382,-0.209619,-1.646048,1.281715,0.3956,-0.0628
1787925496.896538,-0.209169,-1.643999,1.280441,0.4280,-0.0628
1787925496.910926,-0.208791,-1.641784,1.279484,0.3461,-0.0628
1787925496.912241,-0.208037,-1.639966,1.279333,0.6888,-0.0628
1787925496.918411,-0.207352,-1.637900,1.278499,0.5880,-0.0628
1787925496.923131,-0.206606,-1.635931,1.278598,0.5451,-0.0628
1787925496.934610,-0.206137,-1.633853,1.277621,0.4371,-0.0628
1787925496.937580,-0.205667,-1.631703,1.277074,0.5275,-0.0628
1787925496.947333,-0.205004,-1.629620,1.276656,0.4365,-0.0628
1787925496.953629,-0.204470,-1.627626,1.275835,0.4039,-0.0628
1787925496.958330,-0.203469,-1.625620,1.276212,0.4238,-0.0514
1787925496.962119,-0.202921,-1.623669,1.275702,0.4570,-0.0514
1787925496.970964,-0.202432,-1.621585,1.274847,0.3924,-0.0514
1787925496.977811,-0.201758,-1.619379,1.274624,0.3757,-0.0514
1787925496.983125,-0.201235,-1.617290,1.273401,0.3844,-0.0514
1787925496.989916,-0.200225,-1.615367,1.274088,0.3634,-0.0514
1787925496.999821,-0.199921,-1.613234,1.272719,0.3188,-0.0514
1787925497.011893,-0.199560,-1.611105,1.271693,0.2764,-0.0514
1787925497.013179,-0.198690,-1.609060,1.271278,0.7094,-0.0514
1787925497.022145,-0.198228,-1.606917,1.270601,0.5696,-0.0514
1787925497.026481,-0.197141,-1.605024,1.271091,0.5461,-0.0514
1787925497.035760,-0.196887,-1.602830,1.269218,0.4524,-0.0514
1787925497.039956,-0.196297,-1.600689,1.268529,0.4754,-0.0514
1787925497.044496,-0.195709,-1.598577,1.267987,0.4776,-0.0514
1787925497.051994,-0.195146,-1.596566,1.267155,0.4178,-0.0514
1787925497.061583,-0.194502,-1.594301,1.266351,0.3661,-0.0391
1787925497.065628,-0.193737,-1.592170,1.266060,0.4241,-0.0391
1787925497.071790,-0.193247,-1.590206,1.265335,0.3952,-0.0391
1787925497.079100,-0.192588,-1.588007,1.264670,0.3708,-0.0391
1787925497.087955,-0.192136,-1.585896,1.263952,0.3324,-0.0391
1787925497.090595,-0.191230,-1.583761,1.263690,0.4951,-0.0391
1787925497.096045,-0.190953,-1.581706,1.262556,0.4590,-0.0391
1787925497.102252,-0.190342,-1.579506,1.261768,0.4316,-0.0391
1787925497.113013,-0.189556,-1.577562,1.261554,0.3604,-0.0391
1787925497.120316,-0.189016,-1.575336,1.260739,0.3461,-0.0391
1787925497.126931,-0.188505,-1.573242,1.260134,0.3398,-0.0391
1787925497.133263,-0.188076,-1.571232,1.259387,0.3347,-0.0391
1787925497.140111,-0.187514,-1.569042,1.258411,0.3332,-0.0391
1787925497.146230,-0.186542,-1.567040,1.259103,0.3413,-0.0391
1787925497.152807,-0.186048,-1.564961,1.258700,0.3360,-0.0391
1787925497.159432,-0.185646,-1.562771,1.257524,0.3352,-0.0290
1787925497.166006,-0.184897,-1.560887,1.257174,0.3270,-0.0290
1787925497.169047,-0.184266,-1.558725,1.257278,0.4510,-0.0290
1787925497.178234,-0.183645,-1.556699,1.256761,0.3848,-0.0290
1787925497.185597,-0.183148,-1.554411,1.255919,0.3643,-0.0290
1787925497.188822,-0.182586,-1.552364,1.255715,0.4523,-0.0290
1787925497.195333,-0.181781,-1.550233,1.255450,0.4214,-0.0290
1787925497.205073,-0.181245,-1.548233,1.255438,0.3587,-0.0290
1787925497.214376,-0.180215,-1.546306,1.255738,0.3205,-0.0290
1787925497.222493,-0.179903,-1.544103,1.254783,0.3053,-0.0290
1787925497.226718,-0.179187,-1.541896,1.254757,0.3785,-0.0290
1787925497.229348,-0.178601,-1.539839,1.254256,0.5087,-0.0290
1787925497.236043,-0.177791,-1.537883,1.254664,0.4507,-0.0290
1787925497.241921,-0.177491,-1.535642,1.253337,0.4289,-0.0290
1787925497.249237,-0.176742,-1.533262,1.253749,0.4026,-0.0290
1787925497.257192,-0.176187,-1.531240,1.252922,0.3608,-0.0262
1787925497.266846,-0.175422,-1.529113,1.252438,0.3228,-0.0262
1787925497.275779,-0.174876,-1.526939,1.252450,0.3010,-0.0262
1787925497.279693,-0.174547,-1.524605,1.251572,0.3884,-0.0262
1787925497.286880,-0.173554,-1.522415,1.251611,0.3717,-0.0262
1787925497.289178,-0.173065,-1.520349,1.251116,0.5363,-0.0262
1787925497.300490,-0.172387,-1.518228,1.250626,0.4345,-0.0262
1787925497.302943,-0.171764,-1.516076,1.250825,0.5780,-0.0262
1787925497.312380,-0.171143,-1.513786,1.250048,0.4799,-0.0262
1787925497.316900,-0.170486,-1.511655,1.249712,0.4839,-0.0262
1787925497.329926,-0.169617,-1.509627,1.249769,0.3894,-0.0262
1787925497.332577,-0.169147,-1.507403,1.249341,0.5282,-0.0262
1787925497.338509,-0.168461,-1.505265,1.249158,0.4833,-0.0262
1787925497.344885,-0.167509,-1.503159,1.249531,0.4465,-0.0262
1787925497.351413,-0.166869,-1.500945,1.249665,0.4183,-0.0262
1787925497.362193,-0.166193,-1.499036,1.249484,0.3492,-0.0239
1787925497.367147,-0.165461,-1.496739,1.249444,0.3904,-0.0239
1787925497.374252,-0.164929,-1.494741,1.249591,0.3604,-0.0239
1787925497.379929,-0.164271,-1.492250,1.249231,0.3882,-0.0239
1787925497.387923,-0.163428,-1.490395,1.249751,0.3478,-0.0239
1787925497.389184,-0.162850,-1.488426,1.249210,0.7316,-0.0239
1787925497.398033,-0.162383,-1.486205,1.248704,0.5886,-0.0239
1787925497.404976,-0.161280,-1.484314,1.249775,0.5046,-0.0239
1787925497.413968,-0.160849,-1.481798,1.248871,0.4374,-0.0239
1787925497.418855,-0.160009,-1.479951,1.249377,0.4300,-0.0239
1787925497.430171,-0.159384,-1.477906,1.248340,0.3577,-0.0239
1787925497.432658,-0.158767,-1.475755,1.248281,0.5200,-0.0239
1787925497.437019,-0.157961,-1.473697,1.248234,0.5159,-0.0239
1787925497.442396,-0.157481,-1.471552,1.247666,0.4831,-0.0239
1787925497.451469,-0.156720,-1.469596,1.247054,0.4075,-0.0239
1787925497.458594,-0.156421,-1.467302,1.246213,0.3808,-0.0179
1787925497.471487,-0.155151,-1.465151,1.247125,0.3234,-0.0179
1787925497.472796,-0.154568,-1.463197,1.246451,0.6936,-0.0179
1787925497.481917,-0.154090,-1.461037,1.245693,0.5579,-0.0179
1787925497.484756,-0.153348,-1.459232,1.245812,0.5963,-0.0179
1787925497.492027,-0.152919,-1.456995,1.244950,0.5105,-0.0179
1787925497.497958,-0.151900,-1.455125,1.245603,0.4634,-0.0179
1787925497.507481,-0.150804,-1.453026,1.246474,0.3981,-0.0179
1787925497.509648,-0.150217,-1.450887,1.246048,0.5853,-0.0179
1787925497.521204,-0.149729,-1.448950,1.245743,0.4614,-0.0179
1787925497.524196,-0.149254,-1.446937,1.245412,0.5295,-0.0179
1787925497.532197,-0.147948,-1.444973,1.246738,0.4560,-0.0179
1787925497.543118,-0.147667,-1.442558,1.245731,0.3846,-0.0179
1787925497.545705,-0.146879,-1.440632,1.245921,0.5100,-0.0179
1787925497.550901,-0.146243,-1.438787,1.245696,0.4697,-0.0179
1787925497.557882,-0.145432,-1.436628,1.245760,0.4279,-0.0162
1787925497.559840,-0.144464,-1.434380,1.245921,0.6731,-0.0162
1787925497.567786,-0.143866,-1.432290,1.245636,0.5532,-0.0162
1787925497.576977,-0.143163,-1.430305,1.245484,0.4560,-0.0162
1787925497.584802,-0.142332,-1.428173,1.245154,0.4068,-0.0162
1787925497.593488,-0.141661,-1.426393,1.244875,0.3504,-0.0162
1787925497.596515,-0.140918,-1.424196,1.244945,0.4751,-0.0162
1787925497.601339,-0.140254,-1.422075,1.244985,0.4708,-0.0162
1787925497.609714,-0.139651,-1.419691,1.243560,0.4173,-0.0162
1787925497.615270,-0.138718,-1.417861,1.244660,0.4018,-0.0162
1787925497.627762,-0.138082,-1.415550,1.243682,0.3388,-0.0162
1787925497.632763,-0.137578,-1.413543,1.243590,0.3608,-0.0162
1787925497.637674,-0.136728,-1.411078,1.243310,0.4119,-0.0162
1787925497.652708,-0.136288,-1.409051,1.242501,0.3294,-0.0162
1787925497.654041,-0.135275,-1.407023,1.243111,0.7362,-0.0162
1787925497.658747,-0.134713,-1.404884,1.242512,0.6560,-0.0121
1787925497.664713,-0.134157,-1.402666,1.241920,0.5738,-0.0121
1787925497.672523,-0.133397,-1.400600,1.241678,0.4862,-0.0121
1787925497.689527,-0.132791,-1.398473,1.241688,0.3793,-0.0121
1787925497.690824,-0.132016,-1.396443,1.241245,0.7679,-0.0121
1787925497.693634,-0.131026,-1.394513,1.241671,0.7667,-0.0121
1787925497.695140,-0.130768,-1.392358,1.240719,0.9596,-0.0121
1787925497.702214,-0.129928,-1.390346,1.241157,0.7640,-0.0121
1787925497.708277,-0.129387,-1.388154,1.240507,0.6461,-0.0121
1787925497.715837,-0.128290,-1.386248,1.240954,0.5379,-0.0121
1787925497.723359,-0.127801,-1.384258,1.240791,0.4579,-0.0121
1787925497.728108,-0.127264,-1.381888,1.240165,0.4732,-0.0121
1787925497.739933,-0.126590,-1.379892,1.240294,0.3847,-0.0121
1787925497.743004,-0.125698,-1.377784,1.240669,0.4923,-0.0121
1787925497.756091,-0.125229,-1.375697,1.240151,0.3934,-0.0101
1787925497.757383,-0.124817,-1.373392,1.239750,0.8124,-0.0101
1787925497.763504,-0.124178,-1.371291,1.239449,0.6763,-0.0101
1787925497.768530,-0.123082,-1.369385,1.240262,0.6023,-0.0101
1787925497.775472,-0.122430,-1.367498,1.240145,0.5078,-0.0101
1787925497.782601,-0.121828,-1.365225,1.239972,0.4542,-0.0101
1787925497.788461,-0.121217,-1.363149,1.239745,0.4286,-0.0101
1787925497.794902,-0.120293,-1.361040,1.239967,0.4069,-0.0101
1787925497.800976,-0.119502,-1.358997,1.240072,0.3930,-0.0101
1787925497.809728,-0.118815,-1.356805,1.239915,0.3538,-0.0101
1787925497.818990,-0.118326,-1.354655,1.239777,0.3187,-0.0101
1787925497.832100,-0.117834,-1.352411,1.239172,0.2753,-0.0101
1787925497.833531,-0.117072,-1.350122,1.238706,0.6985,-0.0101
1787925497.841832,-0.115948,-1.348214,1.240106,0.5673,-0.0101
1787925497.846109,-0.115787,-1.345990,1.238380,0.5483,-0.0101
1787925497.854027,-0.114764,-1.344102,1.239422,0.4641,-0.0101
1787925497.857178,-0.114521,-1.341888,1.237959,0.5316,-0.0057
1787925497.865029,-0.113684,-1.339643,1.237792,0.4636,-0.0057
1787925497.868813,-0.112783,-1.337756,1.238568,0.4893,-0.0057
1787925497.878724,-0.112152,-1.335485,1.237943,0.4137,-0.0057
1787925497.879656,-0.111649,-1.333566,1.237777,0.9263,-0.0057
1787925497.888306,-0.110853,-1.331385,1.237438,0.7289,-0.0057
1787925497.895314,-0.110255,-1.329350,1.237335,0.6009,-0.0057
1787925497.904982,-0.109273,-1.327324,1.238237,0.4900,-0.0057
1787925497.909864,-0.109153,-1.325096,1.236174,0.4748,-0.0057
1787925497.920221,-0.108074,-1.323182,1.236945,0.3950,-0.0057
1787925497.931080,-0.107652,-1.320833,1.236390,0.3416,-0.0057
1787925497.939608,-0.106479,-1.318832,1.237198,0.3192,-0.0057
1787925497.941012,-0.105797,-1.316718,1.236598,0.6981,-0.0057
1787925497.945673,-0.105603,-1.314596,1.236494,0.6218,-0.0057
1787925497.955758,-0.104931,-1.312507,1.235792,0.5005,-0.0057
1787925497.959171,-0.103873,-1.310309,1.236017,0.5634,-0.0057
1787925497.970862,-0.103132,-1.308531,1.235986,0.4437,-0.0057
1787925497.973555,-0.102449,-1.306387,1.235723,0.5612,-0.0057
1787925497.981862,-0.101637,-1.304323,1.236342,0.4729,-0.0057
1787925497.987376,-0.100862,-1.302233,1.235432,0.4523,-0.0057
1787925497.991423,-0.100176,-1.300268,1.235462,0.4709,-0.0057
1787925497.998900,-0.099202,-1.298189,1.235453,0.4213,-0.0057
1787925498.001717,-0.098916,-1.296063,1.234709,0.5187,-0.0057
1787925498.007584,-0.097699,-1.293879,1.235092,0.4890,-0.0057
1787925498.015051,-0.097331,-1.291836,1.234239,0.4247,-0.0057
1787925498.021134,-0.096471,-1.289659,1.234382,0.4126,-0.0057
1787925498.028078,-0.095478,-1.287594,1.235022,0.3872,-0.0057
1787925498.036280,-0.094993,-1.285490,1.234003,0.3495,-0.0057
1787925498.045156,-0.094457,-1.283257,1.233237,0.3219,-0.0057
1787925498.049805,-0.094088,-1.281168,1.233026,0.3604,-0.0057
1787925498.055342,-0.093028,-1.279024,1.232871,0.3809,0.0053
1787925498.066901,-0.092326,-1.276787,1.232766,0.3274,0.0053
1787925498.071469,-0.091837,-1.274666,1.231799,0.3713,0.0053
1787925498.079974,-0.090947,-1.272516,1.232335,0.3418,0.0053
1787925498.084304,-0.090488,-1.270290,1.231289,0.3953,0.0053
1787925498.088906,-0.089540,-1.268511,1.231689,0.4067,0.0053
1787925498.097012,-0.088834,-1.265984,1.231093,0.3815,0.0053
1787925498.103792,-0.088248,-1.264174,1.231296,0.3512,0.0053
1787925498.109897,-0.087361,-1.261779,1.231226,0.3713,0.0053
1787925498.117161,-0.087070,-1.259788,1.230241,0.3415,0.0053
1787925498.121505,-0.085840,-1.257506,1.231420,0.4159,0.0053
1787925498.131978,-0.085792,-1.255442,1.230009,0.3473,0.0053
1787925498.137526,-0.084746,-1.252985,1.230728,0.3872,0.0053
1787925498.144923,-0.084314,-1.251077,1.230355,0.3499,0.0053
1787925498.153744,-0.083387,-1.249061,1.231096,0.3201,0.0053
1787925498.159754,-0.082786,-1.246592,1.230437,0.3502,0.0073
1787925498.165470,-0.082436,-1.244520,1.230084,0.3538,0.0073
1787925498.173745,-0.081401,-1.242415,1.229919,0.3321,0.0073
1787925498.178195,-0.080672,-1.240446,1.230252,0.3741,0.0073
1787925498.188458,-0.080204,-1.238208,1.228977,0.3280,0.0073
1787925498.192729,-0.079400,-1.236070,1.229172,0.3901,0.0073
1787925498.199742,-0.078708,-1.233741,1.228981,0.3768,0.0073
1787925498.206169,-0.078131,-1.231798,1.228895,0.3583,0.0073
1787925498.209568,-0.077707,-1.229490,1.227995,0.4553,0.0073
1787925498.213675,-0.076783,-1.227466,1.228740,0.4806,0.0073
1787925498.223723,-0.075953,-1.225164,1.228885,0.4095,0.0073
1787925498.239344,-0.075850,-1.222801,1.227707,0.3300,0.0073
1787925498.241089,-0.074792,-1.220719,1.228757,0.6291,0.0073
1787925498.248596,-0.074278,-1.218757,1.227950,0.5211,0.0073
1787925498.253435,-0.073789,-1.216285,1.227407,0.5193,0.0073
1787925498.259242,-0.072991,-1.214070,1.227799,0.4852,0.0051
1787925498.270000,-0.072201,-1.211847,1.227698,0.4054,0.0051
1787925498.271425,-0.071192,-1.209961,1.228705,0.7290,0.0051
1787925498.281549,-0.070552,-1.207755,1.228048,0.5783,0.0051
1787925498.288491,-0.070140,-1.205434,1.227742,0.5052,0.0051
1787925498.293974,-0.069475,-1.203184,1.227345,0.4818,0.0051
1787925498.296808,-0.068313,-1.201248,1.228796,0.5716,0.0051
1787925498.303354,-0.067727,-1.199028,1.227766,0.5049,0.0051
1787925498.314183,-0.067186,-1.196959,1.228094,0.4125,0.0051
1787925498.315494,-0.066480,-1.194638,1.227683,0.8430,0.0051
1787925498.321917,-0.065585,-1.192583,1.228005,0.6945,0.0051
1787925498.328368,-0.064654,-1.190350,1.228660,0.5985,0.0051
1787925498.341398,-0.063748,-1.188568,1.229128,0.4646,0.0051
1787925498.352640,-0.063590,-1.185915,1.228285,0.3933,0.0051
1787925498.357311,-0.062314,-1.183830,1.229668,0.4289,0.0080
1787925498.360854,-0.061405,-1.181787,1.229932,0.4890,0.0080
1787925498.365473,-0.060889,-1.179749,1.229833,0.4783,0.0080
1787925498.372679,-0.059780,-1.177691,1.230586,0.4310,0.0080
1787925498.377831,-0.059258,-1.175564,1.230425,0.4286,0.0080
1787925498.383865,-0.058072,-1.173385,1.231238,0.4218,0.0080
1787925498.389909,-0.057974,-1.171164,1.229396,0.4008,0.0080
1787925498.398583,-0.056654,-1.169424,1.230840,0.3525,0.0080
1787925498.402417,-0.056105,-1.167292,1.230183,0.4183,0.0080
1787925498.409040,-0.055187,-1.165112,1.230830,0.3998,0.0080
1787925498.416726,-0.054737,-1.162815,1.229767,0.3702,0.0080
1787925498.425461,-0.053778,-1.160872,1.230350,0.3331,0.0080
1787925498.431425,-0.053162,-1.158754,1.230198,0.3439,0.0080
1787925498.439118,-0.052347,-1.156690,1.229793,0.3272,0.0080
1787925498.444172,-0.051745,-1.154383,1.229601,0.3701,0.0080
1787925498.453375,-0.050771,-1.152278,1.229697,0.3343,0.0080
1787925498.458183,-0.050133,-1.150262,1.229159,0.3658,0.0096
1787925498.469521,-0.049119,-1.148286,1.229712,0.3143,0.0096
1787925498.470976,-0.048699,-1.145949,1.229016,0.7030,0.0096
1787925498.479347,-0.047874,-1.143907,1.228842,0.5710,0.0096
1787925498.487295,-0.047035,-1.141876,1.229233,0.4825,0.0096
1787925498.492579,-0.046371,-1.139722,1.228715,0.4656,0.0096
1787925498.499391,-0.045621,-1.137812,1.229059,0.4163,0.0096
1787925498.505434,-0.044861,-1.135749,1.228341,0.4005,0.0096
1787925498.511534,-0.044300,-1.133329,1.228240,0.4017,0.0096
1787925498.520751,-0.043099,-1.131306,1.228845,0.3564,0.0096
1787925498.523544,-0.042534,-1.129342,1.228782,0.4685,0.0096
1787925498.530327,-0.042028,-1.127040,1.228237,0.4314,0.0096
1787925498.535801,-0.040718,-1.124988,1.229615,0.4320,0.0096
1787925498.542220,-0.040496,-1.122611,1.228169,0.4105,0.0096
1787925498.556668,-0.039361,-1.120341,1.229345,0.3396,0.0120
1787925498.558066,-0.038655,-1.118377,1.229593,0.6854,0.0120
1787925498.566447,-0.037597,-1.116194,1.229791,0.5661,0.0120
1787925498.572453,-0.037139,-1.113989,1.229352,0.5077,0.0120
1787925498.579282,-0.036299,-1.111749,1.228996,0.4605,0.0120
1787925498.584293,-0.035132,-1.109732,1.229904,0.4595,0.0120
1787925498.589581,-0.035063,-1.107345,1.228408,0.4505,0.0120
1787925498.601511,-0.034160,-1.105506,1.228230,0.3665,0.0120
1787925498.604886,-0.033053,-1.103668,1.228938,0.4436,0.0120
1787925498.608992,-0.032644,-1.101293,1.228429,0.4839,0.0120
1787925498.618124,-0.031746,-1.099211,1.227950,0.4131,0.0120
1787925498.622331,-0.031388,-1.096857,1.227380,0.4558,0.0120
1787925498.627815,-0.030593,-1.094698,1.227182,0.4449,0.0120
1787925498.636936,-0.030034,-1.092447,1.225914,0.3873,0.0120
1787925498.644126,-0.028734,-1.090682,1.227581,0.3587,0.0120
1787925498.656881,-0.028359,-1.088110,1.226552,0.3110,0.0203
1787925498.659487,-0.027516,-1.086060,1.226614,0.4726,0.0203
1787925498.663004,-0.027140,-1.083836,1.225548,0.5202,0.0203
1787925498.671581,-0.025987,-1.081900,1.226303,0.4415,0.0203
1787925498.676954,-0.025045,-1.079896,1.226559,0.4321,0.0203
1787925498.686363,-0.024147,-1.077788,1.226462,0.3754,0.0203
1787925498.692581,-0.023705,-1.075606,1.225829,0.3691,0.0203
1787925498.700305,-0.022666,-1.073678,1.226456,0.3425,0.0203
1787925498.704341,-0.022246,-1.071489,1.225636,0.4034,0.0203
1787925498.711125,-0.021327,-1.069475,1.225786,0.3799,0.0203
1787925498.715471,-0.020641,-1.067285,1.225468,0.4243,0.0203
1787925498.723407,-0.019604,-1.065181,1.226168,0.3851,0.0203
1787925498.735735,-0.019360,-1.063039,1.225815,0.3206,0.0203
1787925498.739595,-0.018522,-1.060919,1.225616,0.4016,0.0203
1787925498.745872,-0.018093,-1.058749,1.224233,0.3856,0.0203
1787925498.750912,-0.017391,-1.056545,1.224565,0.4075,0.0203
1787925498.758240,-0.016702,-1.054404,1.224283,0.3773,0.0241
1787925498.762511,-0.016073,-1.052518,1.223908,0.4037,0.0241
1787925498.772821,-0.015147,-1.050351,1.223544,0.3511,0.0241
1787925498.779589,-0.014559,-1.048104,1.223928,0.3483,0.0241
1787925498.785527,-0.013829,-1.045776,1.223203,0.3669,0.0241
1787925498.790731,-0.012991,-1.043848,1.223726,0.3778,0.0241
1787925498.797557,-0.012253,-1.041755,1.223448,0.3620,0.0241
1787925498.804964,-0.011392,-1.039684,1.223709,0.3441,0.0241
1787925498.810186,-0.010944,-1.037580,1.222759,0.3633,0.0241
1787925498.821868,-0.010117,-1.035317,1.222814,0.3162,0.0241
1787925498.823634,-0.009291,-1.033250,1.222907,0.5991,0.0241
1787925498.829801,-0.008949,-1.031118,1.222308,0.5226,0.0241
1787925498.839026,-0.007787,-1.029131,1.222676,0.4394,0.0241
1787925498.844110,-0.007084,-1.026858,1.222478,0.4478,0.0241
1787925498.849570,-0.006414,-1.024866,1.222551,0.4289,0.0241
1787925498.860686,-0.006075,-1.022515,1.221683,0.3630,0.0279
1787925498.865539,-0.004906,-1.020765,1.222751,0.3804,0.0279
1787925498.869293,-0.004261,-1.018684,1.222505,0.4402,0.0279
1787925498.875994,-0.003466,-1.016453,1.222972,0.4142,0.0279
1787925498.881480,-0.002826,-1.014382,1.222778,0.4083,0.0279
1787925498.891739,-0.002152,-1.012298,1.222789,0.3498,0.0279
1787925498.899558,-0.001249,-1.010223,1.222851,0.3315,0.0279
1787925498.903992,-0.000468,-1.008244,1.223513,0.3759,0.0279
1787925498.909977,0.000295,-1.006150,1.223028,0.3749,0.0279
1787925498.915916,0.001073,-1.004057,1.223451,0.3752,0.0279
1787925498.923095,0.001794,-1.002013,1.223171,0.3532,0.0279
1787925498.930068,0.002467,-0.999935,1.223546,0.3411,0.0279
1787925498.937921,0.003479,-0.997776,1.223669,0.3296,0.0279
1787925498.943092,0.004396,-0.995659,1.224044,0.3642,0.0279
1787925498.951551,0.004933,-0.993400,1.223411,0.3368,0.0279
1787925498.958174,0.005502,-0.991329,1.223276,0.3327,0.0318
1787925498.967207,0.006233,-0.989208,1.222859,0.3074,0.0318
1787925498.972842,0.007310,-0.987277,1.223127,0.3314,0.0318
1787925498.983772,0.008229,-0.985221,1.223445,0.2936,0.0318
1787925498.985457,0.008445,-0.982733,1.222051,0.6349,0.0318
1787925498.990978,0.009273,-0.980622,1.221737,0.5676,0.0318
1787925499.000271,0.009980,-0.978576,1.221925,0.4672,0.0318
1787925499.002148,0.010913,-0.976713,1.222321,0.6578,0.0318
1787925499.011029,0.011467,-0.974457,1.221223,0.5385,0.0318
1787925499.017429,0.012229,-0.972413,1.221266,0.4792,0.0318
1787925499.026000,0.012595,-0.969915,1.220126,0.4220,0.0318
1787925499.031426,0.013296,-0.967964,1.220209,0.4100,0.0318
1787925499.038589,0.014169,-0.965796,1.219869,0.3848,0.0318
1787925499.045341,0.015023,-0.963753,1.220106,0.3677,0.0318
1787925499.061264,0.015214,-0.961434,1.218916,0.2996,0.0376
1787925499.064655,0.016037,-0.959428,1.219135,0.4015,0.0376
1787925499.068503,0.017063,-0.957243,1.219466,0.4685,0.0376
1787925499.070189,0.017912,-0.955202,1.219804,0.7210,0.0376
1787925499.075837,0.018373,-0.953026,1.219112,0.6216,0.0376
1787925499.083471,0.018850,-0.950735,1.218274,0.5261,0.0376
1787925499.088548,0.019838,-0.948791,1.219177,0.4963,0.0376
1787925499.094990,0.020387,-0.946651,1.218393,0.4497,0.0376
1787925499.102128,0.021050,-0.944515,1.218670,0.4087,0.0376
1787925499.110267,0.021763,-0.942371,1.218384,0.3693,0.0376
1787925499.115625,0.022303,-0.940197,1.218141,0.3832,0.0376
1787925499.122296,0.023003,-0.937972,1.218394,0.3730,0.0376
1787925499.130350,0.023786,-0.936040,1.218826,0.3387,0.0376
1787925499.136576,0.024509,-0.933835,1.218807,0.3488,0.0376
1787925499.143500,0.024972,-0.931663,1.218323,0.3395,0.0376
1787925499.149156,0.025629,-0.929388,1.218488,0.3629,0.0376
1787925499.156330,0.026712,-0.927421,1.218765,0.3468,0.0352
1787925499.172809,0.027135,-0.925251,1.218551,0.2825,0.0352
1787925499.174213,0.027754,-0.923223,1.217992,0.6502,0.0352
1787925499.177786,0.028112,-0.920971,1.217660,0.6429,0.0352
1787925499.185626,0.029169,-0.918917,1.218436,0.5378,0.0352
1787925499.189969,0.030027,-0.916707,1.218524,0.5402,0.0352
1787925499.197687,0.030733,-0.914485,1.218668,0.4687,0.0352
1787925499.204496,0.031207,-0.912423,1.218142,0.4205,0.0352
1787925499.210665,0.031737,-0.910177,1.217952,0.4058,0.0352
1787925499.216731,0.032520,-0.908066,1.218037,0.3954,0.0352
1787925499.222643,0.033307,-0.905938,1.218610,0.3919,0.0352
1787925499.231032,0.034218,-0.903845,1.218826,0.3558,0.0352
1787925499.237672,0.034435,-0.901581,1.217982,0.3485,0.0352
1787925499.245690,0.035095,-0.899411,1.218284,0.3286,0.0352
1787925499.271387,0.036252,-0.897314,1.218971,0.2577,0.0357
1787925499.272863,0.036855,-0.895104,1.219306,0.6442,0.0357
1787925499.275484,0.037681,-0.892900,1.219344,0.7204,0.0357
1787925499.278078,0.038334,-0.890856,1.219842,0.7522,0.0357
1787925499.284229,0.038805,-0.888608,1.219528,0.6374,0.0357
1787925499.286109,0.040141,-0.886573,1.220536,0.8243,0.0357
1787925499.295363,0.040662,-0.884453,1.220683,0.6474,0.0357
1787925499.298291,0.041645,-0.882281,1.221043,0.6968,0.0357
1787925499.303816,0.042027,-0.880122,1.220613,0.6050,0.0357
1787925499.313936,0.043009,-0.878137,1.220987,0.4887,0.0357
1787925499.316429,0.043915,-0.875786,1.221612,0.6453,0.0357
1787925499.328781,0.044560,-0.873811,1.221556,0.5022,0.0357
1787925499.333428,0.045247,-0.871575,1.221750,0.5024,0.0357
1787925499.335970,0.045864,-0.869427,1.221628,0.6148,0.0357
1787925499.342256,0.046993,-0.867395,1.222508,0.5399,0.0357
1787925499.350707,0.047392,-0.865052,1.221867,0.4609,0.0357
1787925499.377217,0.048253,-0.862961,1.221942,0.3482,0.0305
1787925499.378665,0.048692,-0.860785,1.221565,0.6985,0.0305
1787925499.381298,0.049729,-0.858845,1.221760,0.7370,0.0305
1787925499.384502,0.050238,-0.856338,1.221171,0.7528,0.0305
1787925499.385982,0.051379,-0.854583,1.221825,0.9405,0.0305
1787925499.393592,0.052167,-0.852284,1.221837,0.7541,0.0305
1787925499.398525,0.052662,-0.850397,1.221738,0.6460,0.0305
1787925499.405606,0.053479,-0.848097,1.221647,0.5556,0.0305
1787925499.412883,0.054373,-0.846134,1.222195,0.4776,0.0305
1787925499.417927,0.055232,-0.843959,1.222059,0.4733,0.0305
1787925499.425754,0.055770,-0.841987,1.221347,0.4094,0.0305
1787925499.433082,0.056532,-0.839843,1.221588,0.3797,0.0305
1787925499.437518,0.057079,-0.837662,1.221040,0.4171,0.0305
1787925499.444151,0.058235,-0.835708,1.221825,0.3929,0.0305
1787925499.451561,0.059041,-0.833723,1.221910,0.3617,0.0305
1787925499.457095,0.059803,-0.831618,1.222174,0.3746,0.0345
1787925499.475729,0.060114,-0.829555,1.221497,0.2951,0.0345
1787925499.478860,0.061076,-0.827631,1.222305,0.4113,0.0345
1787925499.480975,0.062042,-0.825497,1.222298,0.6191,0.0345
1787925499.484298,0.062949,-0.823501,1.222731,0.6307,0.0345
1787925499.490410,0.063622,-0.821465,1.222543,0.5467,0.0345
1787925499.497267,0.064080,-0.819359,1.221744,0.4761,0.0345
1787925499.506520,0.064771,-0.817237,1.222160,0.4056,0.0345
1787925499.511870,0.065414,-0.814997,1.221828,0.4143,0.0345
1787925499.520482,0.066369,-0.812913,1.222279,0.3696,0.0345
1787925499.523682,0.067121,-0.810934,1.222573,0.4571,0.0345
1787925499.539185,0.067849,-0.808680,1.222692,0.3658,0.0345
1787925499.540661,0.068366,-0.806431,1.222011,0.7214,0.0345
1787925499.542902,0.069252,-0.804416,1.222486,0.7991,0.0345
1787925499.548177,0.070396,-0.802232,1.223281,0.6983,0.0345
1787925499.557010,0.071036,-0.800252,1.223162,0.5594,0.0367
1787925499.566368,0.071603,-0.798055,1.222398,0.4640,0.0367
1787925499.571568,0.072104,-0.795985,1.222537,0.4469,0.0367
1787925499.587507,0.072974,-0.793700,1.222722,0.3588,0.0367
1787925499.588856,0.073747,-0.791595,1.222664,0.7496,0.0367
1787925499.592122,0.074638,-0.789412,1.222811,0.7412,0.0367
1787925499.603541,0.075586,-0.787294,1.223152,0.5796,0.0367
1787925499.606782,0.076159,-0.785227,1.222877,0.6037,0.0367
1787925499.610173,0.076805,-0.783156,1.222965,0.6143,0.0367
1787925499.621827,0.077803,-0.780930,1.222909,0.4926,0.0367
1787925499.624003,0.078773,-0.778771,1.223269,0.6703,0.0367
1787925499.630665,0.079299,-0.776657,1.223089,0.5668,0.0367
1787925499.639912,0.080005,-0.774300,1.222670,0.4765,0.0367
1787925499.644902,0.080862,-0.772243,1.223116,0.4673,0.0367
1787925499.653147,0.081811,-0.770205,1.223005,0.4086,0.0367
1787925499.661309,0.082522,-0.768094,1.223358,0.3679,0.0395
1787925499.667283,0.083616,-0.765920,1.223509,0.3789,0.0395
1787925499.679891,0.084085,-0.763810,1.223050,0.3162,0.0395
1787925499.682361,0.084759,-0.761686,1.222704,0.4917,0.0395
1787925499.685587,0.085830,-0.759536,1.223192,0.5661,0.0395
1787925499.690853,0.086773,-0.757502,1.223285,0.5235,0.0395
1787925499.699250,0.087112,-0.755410,1.222506,0.4409,0.0395
1787925499.704627,0.087743,-0.753163,1.222541,0.4385,0.0395
1787925499.711028,0.088309,-0.751015,1.221601,0.4106,0.0395
1787925499.714863,0.089310,-0.748947,1.222221,0.4662,0.0395
1787925499.722980,0.090364,-0.746774,1.222499,0.4151,0.0395
1787925499.734156,0.090703,-0.744541,1.221982,0.3500,0.0395
1787925499.739688,0.091487,-0.742409,1.221956,0.3682,0.0395
1787925499.745493,0.092166,-0.740388,1.221748,0.3679,0.0395
1787925499.751898,0.092774,-0.738101,1.221115,0.3679,0.0395
1787925499.758158,0.093818,-0.735904,1.221686,0.3736,0.0435
1787925499.763229,0.094701,-0.733845,1.221374,0.3938,0.0435
1787925499.771122,0.095068,-0.731690,1.220948,0.3574,0.0435
1787925499.782677,0.095788,-0.729596,1.220787,0.3077,0.0435
1787925499.785475,0.096654,-0.727323,1.220454,0.4761,0.0435
1787925499.799092,0.097516,-0.725220,1.220712,0.3833,0.0435
1787925499.804034,0.098136,-0.723086,1.220745,0.4029,0.0435
1787925499.807590,0.098762,-0.720892,1.220018,0.4740,0.0435
1787925499.812566,0.099711,-0.718924,1.220629,0.4629,0.0435
1787925499.815647,0.099967,-0.716538,1.219649,0.5507,0.0435
1787925499.827245,0.101395,-0.714550,1.221023,0.4465,0.0435
1787925499.837532,0.101889,-0.712362,1.220471,0.3774,0.0435
1787925499.840686,0.102733,-0.710203,1.220558,0.4846,0.0435
1787925499.847062,0.103415,-0.708312,1.220542,0.4338,0.0435
1787925499.857109,0.104200,-0.706103,1.220677,0.3736,0.0475
1787925499.862841,0.105094,-0.704070,1.220890,0.3775,0.0475
1787925499.865134,0.105976,-0.701968,1.221345,0.5622,0.0475
1787925499.872972,0.106562,-0.699815,1.221012,0.4787,0.0475
1787925499.878690,0.106981,-0.697707,1.220460,0.4465,0.0475
1787925499.886616,0.108021,-0.695562,1.220703,0.4023,0.0475
1787925499.893366,0.108727,-0.693305,1.220710,0.3866,0.0475
1787925499.897816,0.109945,-0.691379,1.221308,0.4207,0.0475
1787925499.904739,0.110245,-0.689081,1.220373,0.3925,0.0475
1787925499.910236,0.111060,-0.686986,1.220235,0.3974,0.0475
1787925499.915535,0.111644,-0.684965,1.219875,0.3970,0.0475
1787925499.923650,0.112701,-0.682665,1.220222,0.3712,0.0475
1787925499.931178,0.113647,-0.680697,1.220516,0.3464,0.0475
1787925499.937505,0.114148,-0.678305,1.219733,0.3572,0.0475
1787925499.945616,0.114679,-0.676403,1.219120,0.3228,0.0475
1787925499.951622,0.115671,-0.674271,1.219206,0.3430,0.0475
1787925499.956018,0.116160,-0.671977,1.218594,0.3985,0.0535
1787925499.966246,0.117092,-0.669639,1.217891,0.3528,0.0535
1787925499.974853,0.118011,-0.667683,1.218432,0.3220,0.0535
1787925499.980969,0.118252,-0.665194,1.216749,0.3440,0.0535
1787925499.989348,0.119415,-0.663411,1.217459,0.3151,0.0535
1787925499.998640,0.119934,-0.661120,1.216625,0.2958,0.0535
1787925500.003153,0.120941,-0.659060,1.217079,0.3587,0.0535
1787925500.005450,0.121475,-0.656796,1.216053,0.5525,0.0535
1787925500.015104,0.121891,-0.654531,1.215228,0.4572,0.0535
1787925500.020238,0.123040,-0.652420,1.215681,0.4591,0.0535
1787925500.025015,0.123640,-0.650275,1.215040,0.4608,0.0535
1787925500.030531,0.124668,-0.648228,1.215586,0.4464,0.0535
1787925500.035883,0.125290,-0.645848,1.214849,0.4496,0.0535
1787925500.042347,0.125799,-0.643577,1.214661,0.4218,0.0535
1787925500.050652,0.126765,-0.641517,1.214421,0.3772,0.0535
1787925500.056551,0.127349,-0.639366,1.214506,0.3769,0.0629
1787925500.063132,0.128316,-0.637213,1.214776,0.3712,0.0629
1787925500.069951,0.128754,-0.634908,1.214136,0.3616,0.0629
1787925500.077412,0.129628,-0.632647,1.214350,0.3505,0.0629
1787925500.082068,0.130078,-0.630438,1.213615,0.3889,0.0629
1787925500.092676,0.131088,-0.628335,1.213626,0.3379,0.0629
1787925500.096206,0.131741,-0.626042,1.213516,0.4385,0.0629
1787925500.105334,0.132354,-0.623772,1.213240,0.3839,0.0629
1787925500.111192,0.133041,-0.621539,1.213493,0.3882,0.0629
1787925500.119430,0.133572,-0.619380,1.212722,0.3521,0.0629
1787925500.122938,0.134313,-0.617270,1.212701,0.4377,0.0629
1787925500.132941,0.135378,-0.615051,1.213751,0.3799,0.0629
1787925500.139910,0.135774,-0.612670,1.212564,0.3679,0.0629
1787925500.145653,0.136863,-0.610570,1.213609,0.3802,0.0629
1787925500.154203,0.137230,-0.608356,1.212522,0.3434,0.0629
1787925500.157260,0.137863,-0.606152,1.212633,0.4647,0.0627
1787925500.162919,0.138616,-0.603896,1.212259,0.4513,0.0627
1787925500.170801,0.139393,-0.601714,1.212347,0.4041,0.0627
1787925500.178083,0.140181,-0.599613,1.212784,0.3753,0.0627
1787925500.197326,0.140728,-0.597395,1.212169,0.2981,0.0627
1787925500.198861,0.141658,-0.595473,1.212807,0.6240,0.0627
1787925500.201825,0.142495,-0.593243,1.213077,0.6779,0.0627
1787925500.211839,0.143403,-0.591055,1.213650,0.5455,0.0627
1787925500.213149,0.143902,-0.588662,1.212626,0.9355,0.0627
1787925500.216629,0.144272,-0.586497,1.212017,0.8407,0.0627
1787925500.223836,0.145136,-0.584425,1.212428,0.6819,0.0627
1787925500.230700,0.146095,-0.582336,1.212957,0.5775,0.0627
1787925500.239574,0.146942,-0.580007,1.212830,0.4880,0.0627
1787925500.248276,0.147679,-0.577931,1.213437,0.4176,0.0627
1787925500.266548,0.148281,-0.575731,1.213151,0.3296,0.0613
1787925500.267852,0.149327,-0.573797,1.214111,0.7314,0.0613
1787925500.270451,0.150324,-0.571458,1.214277,0.8053,0.0613
1787925500.272203,0.150794,-0.569193,1.213981,0.9550,0.0613
1787925500.277525,0.151716,-0.567301,1.214250,0.7866,0.0613
1787925500.288298,0.152273,-0.564988,1.213993,0.6164,0.0613
1787925500.291188,0.153018,-0.562972,1.214237,0.6545,0.0613
1787925500.300769,0.154246,-0.562045,1.216935,0.4988,0.0613
1787925500.306379,0.155195,-0.559606,1.216975,0.4890,0.0613
1787925500.311194,0.155585,-0.557426,1.216895,0.4781,0.0613
1787925500.317913,0.156418,-0.555316,1.216855,0.4360,0.0613
1787925500.326028,0.157266,-0.553435,1.217101,0.3813,0.0613
1787925500.329533,0.158106,-0.551172,1.217162,0.4735,0.0613
1787925500.336755,0.158751,-0.548933,1.217046,0.4280,0.0613
1787925500.342157,0.159297,-0.546766,1.216507,0.4230,0.0613
1787925500.348798,0.160503,-0.544759,1.217577,0.4000,0.0613
1787925500.356553,0.160600,-0.542308,1.215654,0.3702,0.0612
1787925500.364279,0.161855,-0.540431,1.216703,0.3444,0.0612
1787925500.372587,0.162246,-0.537927,1.215374,0.3308,0.0612
1787925500.379768,0.163534,-0.536151,1.216909,0.3197,0.0612
1787925500.389581,0.163671,-0.533736,1.215607,0.2945,0.0612
1787925500.390935,0.164944,-0.532067,1.216893,0.6506,0.0612
1787925500.398313,0.165596,-0.529678,1.216287,0.5557,0.0612
1787925500.405632,0.166503,-0.527590,1.216396,0.4822,0.0612
1787925500.411583,0.167100,-0.525400,1.216141,0.4515,0.0612
1787925500.416006,0.168000,-0.523449,1.216358,0.4613,0.0612
1787925500.423949,0.168678,-0.521297,1.216529,0.4080,0.0612
1787925500.430087,0.169519,-0.519409,1.216428,0.3864,0.0612
1787925500.447572,0.170550,-0.517217,1.217192,0.3119,0.0612
1787925500.450516,0.171029,-0.514851,1.216212,0.4614,0.0612
1787925500.453014,0.172028,-0.512980,1.217402,0.5753,0.0612
1787925500.458467,0.172442,-0.510937,1.216386,0.5160,0.0642
1787925500.472871,0.173321,-0.508867,1.216755,0.4080,0.0642
1787925500.474205,0.174234,-0.506613,1.217115,0.8323,0.0642
1787925500.477730,0.174836,-0.504566,1.216624,0.7638,0.0642
1787925500.483190,0.174196,-0.502189,1.215133,0.6448,0.0642
1787925500.492848,0.174940,-0.500206,1.215352,0.5171,0.0642
1787925500.500654,0.175289,-0.497912,1.215305,0.4493,0.0642
1787925500.503753,0.176321,-0.495959,1.215779,0.5266,0.0642
1787925500.512063,0.177142,-0.493918,1.216567,0.4480,0.0642
1787925500.518267,0.177462,-0.491570,1.215546,0.4254,0.0642
1787925500.522635,0.178662,-0.489771,1.216582,0.4423,0.0642
1787925500.527734,0.179042,-0.487908,1.217325,0.4202,0.0642
1787925500.537728,0.180250,-0.485937,1.218305,0.3621,0.0642
1787925500.547670,0.180754,-0.483214,1.216826,0.3359,0.0642
1787925500.555434,0.181125,-0.481306,1.216099,0.3092,0.0611
1787925500.557541,0.181908,-0.478938,1.215798,0.5713,0.0611
1787925500.566816,0.182361,-0.476737,1.214675,0.4717,0.0611
1787925500.573934,0.183784,-0.474858,1.216050,0.4253,0.0611
1787925500.578694,0.184319,-0.472531,1.216103,0.4470,0.0611
1787925500.584609,0.184996,-0.470092,1.215232,0.4408,0.0611
1787925500.594761,0.186040,-0.468242,1.215935,0.3705,0.0611
1787925500.596143,0.186630,-0.465954,1.215890,0.7701,0.0611
1787925500.612912,0.187671,-0.463978,1.216158,0.5787,0.0611
1787925500.614261,0.188739,-0.461899,1.216819,0.9209,0.0611
1787925500.618689,0.189383,-0.459602,1.216632,0.8057,0.0611
1787925500.626697,0.190047,-0.457463,1.216491,0.6478,0.0611
1787925500.628941,0.190883,-0.455311,1.216327,0.7622,0.0611
1787925500.640276,0.191450,-0.453051,1.216402,0.5948,0.0611
1787925500.646133,0.192464,-0.451147,1.216848,0.5259,0.0611
1787925500.654238,0.193496,-0.448979,1.217156,0.4566,0.0611
1787925500.656599,0.194198,-0.446901,1.217299,0.5982,0.0663
1787925500.664053,0.194643,-0.444584,1.216393,0.5124,0.0663
1787925500.671291,0.195648,-0.442640,1.216637,0.4487,0.0663
1787925500.678882,0.196592,-0.440685,1.216817,0.3995,0.0663
1787925500.683268,0.197355,-0.438471,1.217140,0.4397,0.0663
1787925500.691609,0.197754,-0.436198,1.215536,0.3895,0.0663
1787925500.696300,0.198751,-0.434401,1.216431,0.4025,0.0663
1787925500.708597,0.199397,-0.432073,1.216090,0.3405,0.0663
1787925500.711276,0.200216,-0.430258,1.216605,0.4608,0.0663
1787925500.716066,0.200919,-0.427877,1.215934,0.4777,0.0663
1787925500.721307,0.201607,-0.425841,1.215434,0.4573,0.0663
1787925500.730615,0.202236,-0.423635,1.215265,0.3938,0.0663
1787925500.737976,0.203134,-0.421682,1.215424,0.3630,0.0663
1787925500.760038,0.203585,-0.419363,1.214595,0.2858,0.0702
1787925500.761393,0.204609,-0.417316,1.215076,0.7041,0.0702
1787925500.764141,0.205216,-0.415235,1.214941,0.7289,0.0702
1787925500.766636,0.206023,-0.413006,1.214556,0.7952,0.0702
1787925500.772987,0.206783,-0.410909,1.215009,0.6620,0.0702
1787925500.781520,0.207339,-0.408719,1.214643,0.5424,0.0702
1787925500.782821,0.208646,-0.407078,1.215732,0.8393,0.0702
1787925500.794386,0.208893,-0.404499,1.214623,0.6525,0.0702
1787925500.799882,0.209745,-0.402540,1.214930,0.5732,0.0702
1787925500.809260,0.210537,-0.400348,1.214813,0.4758,0.0702
1787925500.813141,0.211215,-0.398391,1.215249,0.4931,0.0702
1787925500.819136,0.212145,-0.396163,1.215305,0.4659,0.0702
1787925500.825252,0.213146,-0.394032,1.215851,0.4412,0.0702
1787925500.835763,0.213457,-0.391853,1.214769,0.3702,0.0702
1787925500.839698,0.214404,-0.389739,1.215578,0.4354,0.0702
1787925500.848905,0.214901,-0.387604,1.215025,0.3756,0.0702
1787925500.854687,0.215835,-0.385536,1.215230,0.3804,0.0735
1787925500.866090,0.217014,-0.383308,1.215658,0.3320,0.0735
1787925500.867437,0.217321,-0.381128,1.214801,0.7114,0.0735
1787925500.870158,0.218287,-0.379304,1.215624,0.7235,0.0735
1787925500.875242,0.218762,-0.377124,1.215202,0.6368,0.0735
1787925500.885627,0.219634,-0.375042,1.215278,0.5109,0.0735
1787925500.895085,0.220664,-0.372984,1.215728,0.4302,0.0735
1787925500.897924,0.220931,-0.370708,1.214669,0.5365,0.0735
1787925500.908715,0.222181,-0.368682,1.215413,0.4405,0.0735
1787925500.911459,0.222621,-0.366630,1.215180,0.5354,0.0735
1787925500.920805,0.223294,-0.364459,1.214560,0.4476,0.0735
1787925500.926427,0.224482,-0.362424,1.215219,0.4372,0.0735
1787925500.939396,0.225068,-0.360291,1.214928,0.3570,0.0735
1787925500.940704,0.225301,-0.358051,1.213570,0.7500,0.0735
1787925500.947277,0.226523,-0.355984,1.213661,0.6329,0.0735
1787925500.955120,0.227193,-0.354047,1.213687,0.5214,0.0735
1787925500.961147,0.227764,-0.351906,1.212941,0.4747,0.0821
1787925500.965791,0.228750,-0.349827,1.213066,0.4804,0.0821
1787925500.968760,0.229358,-0.347666,1.212928,0.5623,0.0821
1787925500.983787,0.229913,-0.345541,1.212506,0.4372,0.0821
1787925500.985242,0.230686,-0.343780,1.212898,0.7022,0.0821
1787925500.991321,0.231407,-0.341360,1.212073,0.6158,0.0821
1787925501.003138,0.232151,-0.339422,1.212517,0.4838,0.0821
1787925501.007160,0.232910,-0.337122,1.212118,0.5192,0.0821
1787925501.021817,0.233800,-0.335297,1.212812,0.4048,0.0821
1787925501.024796,0.234146,-0.332844,1.211397,0.5268,0.0821
1787925501.027325,0.235150,-0.331177,1.212409,0.5958,0.0821
1787925501.030319,0.235438,-0.328914,1.211456,0.6395,0.0821
1787925501.039463,0.236532,-0.326722,1.212134,0.5276,0.0821
1787925501.040343,0.237325,-0.324623,1.211959,1.1340,0.0821
1787925501.048369,0.237713,-0.322361,1.211142,0.8780,0.0821
1787925501.056128,0.238923,-0.320390,1.211931,0.7024,0.0831
1787925501.061779,0.239027,-0.318176,1.210883,0.6036,0.0831
1787925501.072316,0.239956,-0.316020,1.211430,0.4893,0.0831
1787925501.078029,0.240581,-0.313777,1.210811,0.4643,0.0831
1787925501.083053,0.241160,-0.311566,1.210992,0.4608,0.0831
1787925501.089694,0.241885,-0.309473,1.210738,0.4225,0.0831
1787925501.096487,0.242312,-0.307270,1.209959,0.3935,0.0831
1787925501.114904,0.243608,-0.305320,1.211649,0.3126,0.0831
1787925501.117635,0.244044,-0.303180,1.210911,0.4556,0.0831
1787925501.119011,0.244719,-0.301146,1.210982,0.7860,0.0831
1787925501.129001,0.245419,-0.298997,1.211056,0.6180,0.0831
1787925501.133557,0.246189,-0.296957,1.211208,0.5762,0.0831
1787925501.139314,0.246966,-0.294869,1.211502,0.5194,0.0831
1787925501.145914,0.247645,-0.292654,1.211057,0.4687,0.0831
1787925501.151506,0.248355,-0.290310,1.211334,0.4592,0.0831
1787925501.159077,0.251423,-0.288765,1.214277,0.4213,0.0837
1787925501.163059,0.251456,-0.286530,1.212755,0.4535,0.0837
1787925501.169585,0.253472,-0.284637,1.215331,0.4313,0.0837
1787925501.176812,0.253625,-0.282385,1.214343,0.3917,0.0837
1787925501.184153,0.255004,-0.280537,1.216102,0.3646,0.0837
1787925501.191199,0.255016,-0.278030,1.214405,0.3554,0.0837
1787925501.196062,0.256422,-0.276073,1.215154,0.3921,0.0837
1787925501.203015,0.257488,-0.273968,1.215550,0.3757,0.0837
1787925501.211507,0.257769,-0.271571,1.214604,0.3458,0.0837
1787925501.217110,0.258717,-0.269464,1.215350,0.3655,0.0837
1787925501.224274,0.259384,-0.267368,1.215072,0.3478,0.0837
1787925501.231418,0.260076,-0.265444,1.215274,0.3293,0.0837
1787925501.238145,0.261231,-0.263442,1.216470,0.3322,0.0837
1787925501.243066,0.261832,-0.261160,1.215502,0.3757,0.0837
1787925501.250283,0.262691,-0.259203,1.216808,0.3516,0.0837
1787925501.254716,0.262977,-0.256778,1.215506,0.4067,0.0837
1787925501.263748,0.263830,-0.254907,1.216566,0.3528,0.0938
1787925501.271713,0.264606,-0.252643,1.215587,0.3371,0.0938
1787925501.280045,0.265599,-0.250708,1.216335,0.3137,0.0938
1787925501.286966,0.266075,-0.248343,1.215894,0.3229,0.0938
1787925501.291672,0.266358,-0.245963,1.214708,0.3745,0.0938
1787925501.298692,0.267401,-0.244022,1.215616,0.3555,0.0938
1787925501.304844,0.268325,-0.242055,1.216004,0.3544,0.0938
1787925501.318955,0.269054,-0.239758,1.215606,0.2993,0.0938
1787925501.320226,0.270081,-0.237814,1.216390,0.7237,0.0938
1787925501.328656,0.270521,-0.235485,1.215349,0.5897,0.0938
1787925501.331006,0.271266,-0.233489,1.215771,0.6850,0.0938
1787925501.337465,0.271758,-0.231347,1.214596,0.5807,0.0938
1787925501.343947,0.273105,-0.229354,1.216002,0.5146,0.0938
1787925501.349577,0.273574,-0.227137,1.215449,0.4797,0.0938
1787925501.357577,0.274376,-0.225090,1.215370,0.4182,0.0908
1787925501.364174,0.275150,-0.223120,1.215572,0.3890,0.0908
1787925501.371436,0.275519,-0.220967,1.214980,0.3610,0.0908
1787925501.376002,0.276755,-0.218915,1.216013,0.4073,0.0908
1787925501.383230,0.277256,-0.216734,1.215272,0.3772,0.0908
1787925501.390243,0.278339,-0.214705,1.215996,0.3616,0.0908
1787925501.402866,0.278794,-0.212579,1.214859,0.3042,0.0908
1787925501.410478,0.279652,-0.210618,1.215462,0.2972,0.0908
1787925501.413595,0.280045,-0.208535,1.214542,0.4091,0.0908
1787925501.421611,0.280926,-0.206446,1.214741,0.3712,0.0908
1787925501.434039,0.281708,-0.204173,1.214419,0.3178,0.0908
1787925501.435900,0.283226,-0.202720,1.216636,0.5271,0.0908
1787925501.439207,0.283659,-0.200587,1.215917,0.5640,0.0908
1787925501.442843,0.284213,-0.198623,1.215803,0.5626,0.0908
1787925501.451699,0.285122,-0.196582,1.216172,0.4694,0.0908
1787925501.459625,0.285845,-0.194305,1.215778,0.4189,0.0977
1787925501.466031,0.286560,-0.192094,1.215304,0.4019,0.0977
1787925501.474944,0.287344,-0.190190,1.215152,0.3506,0.0977
1787925501.481382,0.287659,-0.187904,1.214490,0.3504,0.0977
1787925501.483195,0.287835,-0.185723,1.214078,0.5936,0.0977
1787925501.491260,0.286666,-0.181878,1.208671,0.5339,0.0977
1787925501.500462,0.287576,-0.179549,1.209177,0.4552,0.0977
1787925501.504393,0.287979,-0.177596,1.208554,0.4689,0.0977
1787925501.512052,0.288471,-0.175351,1.208448,0.4173,0.0977
1787925501.523167,0.288795,-0.172938,1.207509,0.3561,0.0977
1787925501.526536,0.289673,-0.170720,1.207422,0.4617,0.0977
1787925501.532623,0.291086,-0.169270,1.209536,0.4147,0.0977
1787925501.536150,0.291485,-0.166985,1.208277,0.4841,0.0977
1787925501.542712,0.292458,-0.164876,1.209128,0.4447,0.0977
1787925501.548053,0.292573,-0.162824,1.208240,0.4213,0.0977
1787925501.557801,0.293475,-0.160655,1.208554,0.3672,0.0977
1787925501.566373,0.294397,-0.158757,1.209289,0.3306,0.0977
1787925501.572175,0.295498,-0.156663,1.209323,0.3528,0.0977
1787925501.579297,0.296356,-0.154375,1.209992,0.3499,0.0977
1787925501.583245,0.296555,-0.151987,1.209111,0.4200,0.0977
1787925501.587863,0.296990,-0.149870,1.208890,0.4326,0.0977
1787925501.594887,0.298255,-0.147828,1.209677,0.4035,0.0977
1787925501.603258,0.299151,-0.145729,1.209848,0.3642,0.0977
1787925501.612732,0.300410,-0.143717,1.210919,0.3286,0.0977
1787925501.619000,0.300870,-0.141140,1.210019,0.3532,0.0977
1787925501.625951,0.301509,-0.139433,1.210604,0.3259,0.0977
1787925501.628857,0.302489,-0.137342,1.210475,0.4657,0.0977
1787925501.636003,0.302979,-0.135097,1.210498,0.4215,0.0977
1787925501.644115,0.304050,-0.132999,1.211157,0.3816,0.0977
1787925501.651650,0.304666,-0.131055,1.210817,0.3482,0.0977
1787925501.657641,0.305684,-0.128828,1.211112,0.3661,0.0945
1787925501.667943,0.306214,-0.126644,1.210092,0.3212,0.0945
1787925501.670719,0.307113,-0.124661,1.210242,0.4597,0.0945
1787925501.675875,0.307567,-0.122407,1.209667,0.4538,0.0945
1787925501.684956,0.308481,-0.120081,1.209272,0.4002,0.0945
1787925501.693193,0.309361,-0.118169,1.209282,0.3566,0.0945
1787925501.697850,0.309834,-0.115915,1.208789,0.3962,0.0945
1787925501.702858,0.310407,-0.113663,1.208136,0.4156,0.0945
1787925501.732821,0.311640,-0.112007,1.209381,0.3108,0.0945
1787925501.734427,0.312206,-0.109803,1.209016,0.6401,0.0945
1787925501.736780,0.313121,-0.107523,1.208603,0.7611,0.0945
1787925501.738027,0.313815,-0.105602,1.208504,1.0243,0.0945
1787925501.740611,0.314477,-0.103400,1.208545,0.9833,0.0945
1787925501.743174,0.314921,-0.101213,1.207778,0.9460,0.0945
1787925501.750182,0.316092,-0.099436,1.208381,0.7511,0.0945
1787925501.756567,0.316441,-0.097313,1.207624,0.6249,0.1048
1787925501.761363,0.317175,-0.094957,1.207484,0.5915,0.1048
1787925501.770810,0.318321,-0.092861,1.208153,0.4892,0.1048
1787925501.774927,0.318359,-0.090736,1.207195,0.4881,0.1048
1787925501.783973,0.319618,-0.088682,1.208029,0.4202,0.1048
1787925501.789844,0.320442,-0.086728,1.208041,0.4024,0.1048
1787925501.795113,0.321296,-0.084519,1.208456,0.4166,0.1048
1787925501.801425,0.321152,-0.082307,1.207408,0.3874,0.1048
1787925501.810524,0.322642,-0.080388,1.208419,0.3478,0.1048
1787925501.822130,0.322840,-0.078233,1.207520,0.2973,0.1048
1787925501.826308,0.323934,-0.076367,1.208403,0.3613,0.1048
1787925501.831875,0.324825,-0.074169,1.208412,0.3807,0.1048
1787925501.837636,0.325641,-0.072095,1.208891,0.3825,0.1048
1787925501.841349,0.325980,-0.070311,1.209466,0.4122,0.1048
1787925501.848884,0.326859,-0.068129,1.209328,0.3822,0.1048
1787925501.857009,0.327710,-0.066241,1.209770,0.3439,0.1074
1787925501.862631,0.328421,-0.064121,1.209729,0.3600,0.1074
1787925501.868092,0.329268,-0.061862,1.209703,0.3845,0.1074
1787925501.880249,0.329735,-0.059706,1.208955,0.3230,0.1074
1787925501.886328,0.330405,-0.057486,1.208504,0.3403,0.1074
1787925501.891972,0.331194,-0.055436,1.208296,0.3549,0.1074
1787925501.896545,0.331868,-0.052942,1.207654,0.4171,0.1074
1787925501.903831,0.332853,-0.051023,1.208125,0.3802,0.1074
1787925501.909611,0.333439,-0.048866,1.208010,0.3816,0.1074
1787925501.918793,0.334005,-0.046648,1.207179,0.3414,0.1074
1787925501.925417,0.335013,-0.044902,1.208312,0.3291,0.1074
1787925501.934404,0.335696,-0.042831,1.208403,0.3031,0.1074
1787925501.938188,0.336685,-0.040785,1.208464,0.3916,0.1074
1787925501.941380,0.337468,-0.038775,1.208699,0.4769,0.1074
1787925501.949802,0.337975,-0.036477,1.207809,0.4168,0.1074
1787925501.957050,0.338714,-0.034336,1.208133,0.3855,0.1061
1787925501.962265,0.339978,-0.032246,1.208635,0.4080,0.1061
1787925501.969072,0.340186,-0.029979,1.207916,0.3822,0.1061
1787925501.974773,0.340979,-0.027954,1.207573,0.3820,0.1061
1787925501.982399,0.341891,-0.025654,1.207515,0.3648,0.1061
1787925501.991012,0.342319,-0.023525,1.207263,0.3299,0.1061
1787925501.997901,0.342558,-0.020882,1.205545,0.3422,0.1061
1787925502.006047,0.344600,-0.019452,1.208458,0.3154,0.1061
1787925502.010171,0.344951,-0.017068,1.206993,0.3920,0.1061
1787925502.014416,0.345750,-0.014985,1.207244,0.4321,0.1061
1787925502.022164,0.346337,-0.012510,1.206720,0.4001,0.1061
1787925502.030530,0.347509,-0.010759,1.207796,0.3537,0.1061
1787925502.037229,0.348350,-0.008537,1.207895,0.3540,0.1061
1787925502.042373,0.349574,-0.006823,1.208710,0.3665,0.1061
1787925502.048741,0.350171,-0.004377,1.208531,0.3743,0.1061
1787925502.058574,0.351158,-0.002481,1.209056,0.3268,0.1139
1787925502.064182,0.351786,-0.000280,1.208901,0.3507,0.1139
1787925502.072264,0.352234,0.001938,1.208108,0.3284,0.1139
1787925502.079729,0.352918,0.004238,1.207915,0.3260,0.1139
1787925502.088495,0.354031,0.006251,1.208370,0.3062,0.1139
1787925502.089940,0.354149,0.008669,1.206784,0.6923,0.1139
1787925502.096691,0.354687,0.010957,1.206763,0.5881,0.1139
1787925502.101571,0.355346,0.013125,1.206534,0.5507,0.1139
1787925502.111187,0.356002,0.015343,1.205974,0.4574,0.1139
1787925502.119742,0.357116,0.017276,1.207200,0.3974,0.1139
1787925502.124603,0.357536,0.019624,1.206332,0.4229,0.1139
1787925502.131656,0.358243,0.021601,1.206156,0.3853,0.1139
1787925502.132662,0.358503,0.024166,1.205125,1.0113,0.1139
1787925502.141780,0.359824,0.026082,1.205905,0.7824,0.1139
1787925502.149261,0.360307,0.028627,1.205533,0.6499,0.1139
1787925502.160776,0.361291,0.030551,1.205943,0.5109,0.1189
1787925502.163542,0.361675,0.032621,1.206180,0.5823,0.1189
1787925502.168652,0.362222,0.034856,1.205870,0.5416,0.1189
1787925502.180490,0.363254,0.036836,1.206844,0.4353,0.1189
1787925502.184719,0.364144,0.039040,1.207168,0.4733,0.1189
1787925502.191862,0.364846,0.041343,1.207053,0.4322,0.1189
1787925502.199908,0.365512,0.043622,1.206973,0.3908,0.1189
1787925502.203382,0.366333,0.045664,1.207363,0.4635,0.1189
1787925502.211041,0.367015,0.048135,1.207635,0.4244,0.1189
1787925502.218507,0.368245,0.050047,1.208665,0.3865,0.1189
1787925502.224008,0.368135,0.052717,1.207286,0.4045,0.1189
1787925502.241073,0.369474,0.054471,1.208649,0.3203,0.1189
1787925502.244140,0.369690,0.056846,1.208134,0.4489,0.1189
1787925502.245529,0.370579,0.059188,1.207388,0.8554,0.1189
1787925502.249435,0.371087,0.061549,1.207032,0.7821,0.1189
1787925502.255297,0.372144,0.063732,1.207703,0.6711,0.1085
1787925502.262027,0.372773,0.065849,1.207214,0.5679,0.1085
1787925502.267419,0.373730,0.068019,1.207388,0.5294,0.1085
1787925502.273897,0.374280,0.070270,1.207339,0.4770,0.1085
1787925502.283241,0.375212,0.072211,1.207819,0.4028,0.1085
1787925502.289884,0.375945,0.074442,1.207805,0.3879,0.1085
1787925502.297208,0.376842,0.076700,1.208355,0.3711,0.1085
1787925502.304535,0.377452,0.078770,1.207852,0.3478,0.1085
1787925502.310745,0.377927,0.081223,1.207801,0.3624,0.1085
1787925502.315977,0.378947,0.083272,1.208237,0.3843,0.1085
1787925502.322072,0.379097,0.085799,1.206279,0.3878,0.1085
1787925502.328270,0.380222,0.087736,1.207695,0.3785,0.1085
1787925502.335336,0.381101,0.089839,1.207897,0.3617,0.1085
1787925502.344743,0.381782,0.091972,1.207606,0.3245,0.1085
1787925502.348692,0.382203,0.094223,1.207887,0.3983,0.1085
1787925502.354762,0.383611,0.096150,1.209000,0.3926,0.1085
1787925502.361536,0.384142,0.098284,1.208579,0.3715,0.1096
1787925502.368678,0.384755,0.100591,1.208098,0.3598,0.1096
1787925502.374759,0.385508,0.102830,1.208343,0.3683,0.1096
1787925502.386890,0.386525,0.104697,1.208964,0.3099,0.1096
1787925502.389720,0.386869,0.107204,1.207780,0.4784,0.1096
1787925502.396516,0.387707,0.109301,1.208146,0.4345,0.1096
1787925502.402354,0.388604,0.111429,1.208430,0.4227,0.1096
1787925502.409571,0.389202,0.113670,1.208216,0.3918,0.1096
1787925502.417052,0.389902,0.115876,1.208213,0.3670,0.1096
1787925502.423271,0.390685,0.118040,1.207698,0.3679,0.1096
1787925502.431422,0.391742,0.119880,1.208808,0.3346,0.1096
1787925502.440293,0.392001,0.122391,1.207977,0.3167,0.1096
1787925502.446774,0.393178,0.124335,1.208478,0.3252,0.1096
1787925502.448255,0.393493,0.126769,1.207328,0.7110,0.1096
1787925502.456072,0.394368,0.128683,1.208106,0.5783,0.1154
1787925502.466075,0.394881,0.131046,1.206937,0.4765,0.1154
1787925502.471133,0.396125,0.132985,1.208189,0.4673,0.1154
1787925502.476352,0.396215,0.135593,1.206838,0.4690,0.1154
1787925502.483019,0.397611,0.137259,1.208528,0.4207,0.1154
1787925502.487118,0.397846,0.139733,1.207399,0.4698,0.1154
1787925502.496186,0.398715,0.141810,1.207862,0.4033,0.1154
1787925502.507174,0.399491,0.143966,1.207510,0.3449,0.1154
1787925502.512182,0.400397,0.146190,1.208262,0.3852,0.1154
1787925502.516353,0.401174,0.148421,1.208454,0.4395,0.1154
1787925502.524668,0.401654,0.150808,1.207341,0.3943,0.1154
1787925502.533313,0.402597,0.152738,1.208399,0.3502,0.1154
1787925502.539603,0.403268,0.155029,1.208522,0.3587,0.1154
1787925502.548121,0.404083,0.157180,1.208543,0.3321,0.1154
1787925502.549584,0.405038,0.159102,1.209344,0.6705,0.1154
1787925502.556185,0.405966,0.161243,1.210274,0.5753,0.1085
1787925502.564012,0.406016,0.163682,1.208990,0.4908,0.1085
1787925502.567980,0.407515,0.165712,1.210992,0.5272,0.1085
1787925502.575559,0.408058,0.168030,1.210094,0.4624,0.1085
1787925502.583442,0.409038,0.170181,1.210909,0.4134,0.1085
1787925502.590176,0.409787,0.172391,1.211244,0.3933,0.1085
1787925502.597618,0.410755,0.174530,1.211451,0.3698,0.1085
1787925502.603049,0.411306,0.176935,1.210979,0.3939,0.1085
1787925502.609238,0.412531,0.178969,1.212251,0.3889,0.1085
1787925502.617568,0.412732,0.181475,1.210696,0.3593,0.1085
1787925502.626775,0.414062,0.183611,1.212143,0.3318,0.1085
1787925502.632959,0.414790,0.185755,1.212066,0.3421,0.1085
1787925502.637736,0.415538,0.187839,1.211980,0.3785,0.1085
1787925502.643421,0.416083,0.190293,1.211429,0.3963,0.1085
1787925502.650840,0.416973,0.192278,1.211482,0.3652,0.1085
1787925502.658412,0.417793,0.194599,1.211329,0.3531,0.1110
1787925502.664677,0.417976,0.196916,1.210456,0.3541,0.1110
1787925502.670043,0.418674,0.198820,1.210133,0.3613,0.1110
1787925502.680279,0.419241,0.201297,1.209656,0.3267,0.1110
1787925502.687154,0.420155,0.203688,1.209762,0.3404,0.1110
1787925502.693423,0.420387,0.205761,1.208912,0.3350,0.1110
1787925502.699407,0.421352,0.208131,1.209016,0.3627,0.1110
1787925502.704926,0.422086,0.210009,1.209381,0.3635,0.1110
1787925502.711503,0.422420,0.212395,1.208427,0.3616,0.1110
1787925502.720520,0.423483,0.214626,1.208831,0.3351,0.1110
1787925502.725940,0.424178,0.216916,1.208448,0.3667,0.1110
1787925502.730999,0.424369,0.219290,1.207835,0.3923,0.1110
1787925502.739718,0.425954,0.221123,1.209062,0.3529,0.1110
1787925502.746000,0.426115,0.223470,1.208414,0.3546,0.1110
1787925502.758325,0.427389,0.225735,1.209303,0.3107,0.1141
1787925502.759744,0.428153,0.227950,1.209350,0.7126,0.1141
1787925502.764728,0.428501,0.230102,1.209287,0.6274,0.1141
1787925502.771605,0.429703,0.232309,1.209929,0.5478,0.1141
1787925502.777090,0.430394,0.234480,1.209823,0.5079,0.1141
1787925502.783767,0.431105,0.236687,1.210206,0.4596,0.1141
1787925502.793818,0.432156,0.238791,1.210691,0.3915,0.1141
1787925502.805530,0.432732,0.241364,1.209805,0.3410,0.1141
1787925502.808303,0.433336,0.243505,1.210035,0.4784,0.1141
1787925502.810360,0.434591,0.245708,1.210920,0.7001,0.1141
1787925502.818449,0.434890,0.248066,1.209819,0.5758,0.1141
1787925502.825498,0.435845,0.250256,1.210124,0.5046,0.1141
1787925502.834397,0.436784,0.252641,1.210281,0.4396,0.1141
1787925502.847541,0.436791,0.255110,1.209171,0.3605,0.1141
1787925502.854763,0.437999,0.257135,1.209998,0.3488,0.1141
1787925502.855976,0.438623,0.259271,1.209695,0.7927,0.0810
1787925502.858660,0.439286,0.261253,1.209526,0.7884,0.0810
1787925502.865189,0.440549,0.263392,1.210855,0.6643,0.0810
1787925502.872343,0.440834,0.265990,1.209306,0.5711,0.0810
1787925502.876665,0.442313,0.267832,1.211054,0.5556,0.0810
1787925502.885790,0.443012,0.270084,1.211079,0.4663,0.0810
1787925502.891448,0.443980,0.272120,1.211253,0.4455,0.0810
1787925502.898583,0.444723,0.274314,1.211741,0.4092,0.0810
1787925502.904727,0.445135,0.276781,1.210526,0.4063,0.0810
1787925502.911056,0.445897,0.279060,1.210192,0.3982,0.0810
1787925502.918224,0.446978,0.281160,1.211160,0.3769,0.0810
1787925502.925531,0.447403,0.283393,1.210179,0.3558,0.0810
1787925502.931619,0.448200,0.285542,1.210390,0.3620,0.0810
1787925502.938801,0.449514,0.287668,1.211702,0.3559,0.0810
1787925502.943876,0.450283,0.289891,1.211488,0.3881,0.0810
1787925502.950902,0.451103,0.291968,1.211841,0.3670,0.0810
1787925502.962333,0.451977,0.294516,1.211768,0.3276,0.0865
1787925502.965426,0.452601,0.296677,1.211228,0.4468,0.0865
1787925502.970007,0.452896,0.299076,1.210478,0.4666,0.0865
1787925502.985709,0.454490,0.301138,1.212111,0.3742,0.0865
1787925502.988122,0.454609,0.303725,1.210726,0.5682,0.0865
1787925502.995081,0.455500,0.305949,1.211338,0.5010,0.0865
1787925502.999572,0.456670,0.307987,1.212017,0.5056,0.0865
1787925503.002661,0.456624,0.310520,1.210389,0.5825,0.0865
1787925503.007140,0.458185,0.312476,1.212510,0.5672,0.0865
1787925503.015594,0.458554,0.315004,1.211087,0.4856,0.0865
1787925503.023718,0.459225,0.317172,1.210977,0.4235,0.0865
1787925503.031358,0.460077,0.319452,1.211005,0.3921,0.0865
1787925503.036702,0.460625,0.321626,1.210580,0.3995,0.0865
1787925503.043191,0.461546,0.324018,1.210567,0.3982,0.0865
1787925503.053015,0.462198,0.326318,1.210457,0.3514,0.0865
1787925503.056016,0.462945,0.328514,1.210202,0.4778,0.0141
1787925503.064365,0.463855,0.330662,1.210589,0.4182,0.0141
1787925503.070389,0.464832,0.332969,1.210941,0.4174,0.0141
1787925503.077920,0.465359,0.335165,1.211093,0.3814,0.0141
1787925503.085305,0.465788,0.337613,1.209846,0.3662,0.0141
1787925503.094009,0.466866,0.339795,1.210634,0.3398,0.0141
1787925503.102034,0.467886,0.341978,1.211362,0.3277,0.0141
1787925503.105477,0.468338,0.344284,1.210868,0.4313,0.0141
1787925503.111968,0.469141,0.346644,1.211239,0.4170,0.0141
1787925503.119787,0.469848,0.348906,1.211559,0.3827,0.0141
1787925503.127478,0.470624,0.351205,1.211265,0.3625,0.0141
1787925503.131825,0.471917,0.353292,1.213145,0.4199,0.0141
1787925503.133799,0.472549,0.355617,1.213355,0.6587,0.0141
1787925503.144120,0.473141,0.358047,1.213275,0.5332,0.0141
1787925503.148997,0.474001,0.360366,1.213996,0.5254,0.0141
1787925503.162458,0.474762,0.362707,1.214129,0.4226,0.0045
1787925503.164360,0.475767,0.364876,1.215146,0.6717,0.0045
1787925503.168842,0.476577,0.367229,1.215122,0.6367,0.0045
1787925503.175643,0.477075,0.369767,1.214871,0.5583,0.0045
1787925503.185044,0.477825,0.372157,1.214820,0.4706,0.0045
1787925503.191219,0.478528,0.374488,1.214674,0.4475,0.0045
1787925503.198705,0.479689,0.376546,1.215666,0.4068,0.0045
1787925503.203482,0.480076,0.379049,1.214684,0.4405,0.0045
1787925503.209348,0.481069,0.381230,1.215095,0.4306,0.0045
1787925503.214520,0.481063,0.383714,1.213619,0.4363,0.0045
1787925503.223207,0.482145,0.386013,1.213717,0.3928,0.0045
1787925503.229172,0.483498,0.388098,1.215070,0.3970,0.0045
1787925503.236891,0.483604,0.390548,1.213414,0.3685,0.0045
1787925503.242848,0.484622,0.392838,1.213852,0.3840,0.0045
1787925503.250825,0.484983,0.395197,1.212896,0.3566,0.0045
1787925503.256572,0.485698,0.397517,1.212369,0.3762,-0.0021
1787925503.265549,0.486438,0.399840,1.212434,0.3447,-0.0021
1787925503.267930,0.487652,0.401782,1.212855,0.5241,-0.0021
1787925503.275137,0.488876,0.403973,1.213567,0.4701,-0.0021
1787925503.285397,0.489083,0.406556,1.212666,0.4019,-0.0021
1787925503.291228,0.489908,0.408507,1.212831,0.3902,-0.0021
1787925503.295999,0.490630,0.410908,1.212738,0.4305,-0.0021
1787925503.298449,0.491809,0.412911,1.213601,0.5816,-0.0021
1787925503.309182,0.492484,0.415037,1.213278,0.4694,-0.0021
1787925503.317556,0.493273,0.417643,1.212929,0.4259,-0.0021
1787925503.324652,0.493973,0.419782,1.213053,0.3932,-0.0021
1787925503.331438,0.494642,0.421919,1.212544,0.3741,-0.0021
1787925503.337700,0.495849,0.424042,1.213418,0.3774,-0.0021
1787925503.345129,0.496861,0.426150,1.212946,0.3582,-0.0021
1787925503.353023,0.497399,0.428530,1.212696,0.3426,-0.0021
1787925503.362283,0.498456,0.430804,1.212751,0.3208,-0.0319
1787925503.368570,0.499026,0.432836,1.212077,0.3249,-0.0319
1787925503.374026,0.499467,0.435413,1.211237,0.3686,-0.0319
1787925503.376375,0.500803,0.437340,1.211839,0.5483,-0.0319
1787925503.381233,0.501343,0.439597,1.210970,0.5261,-0.0319
1787925503.387056,0.502306,0.441867,1.210765,0.4952,-0.0319
1787925503.394943,0.502636,0.444051,1.209610,0.4288,-0.0319
1787925503.402317,0.503248,0.446612,1.208677,0.4064,-0.0319
1787925503.404001,0.504463,0.448491,1.209241,0.6741,-0.0319
1787925503.413912,0.504787,0.450844,1.207861,0.5419,-0.0319
1787925503.422189,0.506011,0.452995,1.208744,0.4680,-0.0319
1787925503.434396,0.506986,0.455203,1.208341,0.3868,-0.0319
1787925503.444909,0.507284,0.457597,1.207566,0.3377,-0.0319
1787925503.446212,0.508363,0.459662,1.207821,0.7689,-0.0319
1787925503.450367,0.508883,0.461952,1.206794,0.7062,-0.0319
1787925503.458342,0.509658,0.464176,1.207399,0.5829,-0.0280
1787925503.464761,0.510422,0.466459,1.207245,0.5204,-0.0280
1787925503.473479,0.511589,0.468668,1.207604,0.4496,-0.0280
1787925503.475546,0.511911,0.471041,1.207070,0.6532,-0.0280
1787925503.481559,0.512834,0.473406,1.207146,0.5839,-0.0280
1787925503.487724,0.513928,0.475408,1.207338,0.5187,-0.0280
1787925503.495925,0.514841,0.477665,1.207433,0.4521,-0.0280
1787925503.503285,0.515654,0.479907,1.207534,0.4137,-0.0280
1787925503.507941,0.516713,0.482073,1.207372,0.4443,-0.0280
1787925503.516795,0.517182,0.484653,1.206693,0.3984,-0.0280
1787925503.523212,0.518062,0.486798,1.206774,0.3872,-0.0280
1787925503.530332,0.519077,0.489059,1.206288,0.3753,-0.0280
1787925503.538258,0.519973,0.491282,1.206582,0.3534,-0.0280
1787925503.545632,0.520841,0.493558,1.206083,0.3465,-0.0280
1787925503.548604,0.521480,0.495772,1.205517,0.4744,-0.0280
1787925503.554221,0.521990,0.498388,1.204228,0.4722,-0.0280
1787925503.563625,0.522901,0.500443,1.203934,0.4022,-0.0299
1787925503.574030,0.523722,0.502831,1.203083,0.3543,-0.0299
1787925503.578897,0.524583,0.505044,1.202933,0.3944,-0.0299
1787925503.585765,0.524964,0.507360,1.201673,0.3764,-0.0299
1787925503.592386,0.526524,0.509365,1.202270,0.3737,-0.0299
1787925503.601213,0.527120,0.511822,1.201436,0.3468,-0.0299
1787925503.605012,0.527609,0.513909,1.200581,0.4104,-0.0299
1787925503.614377,0.528584,0.516331,1.199929,0.3709,-0.0299
1787925503.617517,0.529559,0.518386,1.199776,0.4764,-0.0299
1787925503.624835,0.530162,0.520486,1.199249,0.4227,-0.0299
1787925503.630973,0.531310,0.522799,1.198817,0.4216,-0.0299
1787925503.640623,0.531982,0.524907,1.198754,0.3638,-0.0299
1787925503.644750,0.532586,0.527086,1.197809,0.4181,-0.0299
1787925503.650453,0.533582,0.529378,1.197549,0.4240,-0.0299
1787925503.654577,0.534613,0.531251,1.197920,0.4511,0.0107
1787925503.666109,0.535229,0.533665,1.196963,0.3801,0.0107
1787925503.676028,0.536634,0.535519,1.198216,0.3337,0.0107
1787925503.677462,0.537241,0.537898,1.196613,0.7432,0.0107
1787925503.683944,0.538201,0.540091,1.196756,0.6309,0.0107
1787925503.689838,0.539017,0.542188,1.195971,0.5562,0.0107
1787925503.698297,0.540065,0.544485,1.196056,0.4788,0.0107
1787925503.704557,0.540913,0.546921,1.195592,0.4586,0.0107
1787925503.712364,0.541896,0.548535,1.195696,0.3926,0.0107
1787925503.718949,0.542549,0.551361,1.194471,0.4055,0.0107
1787925503.724397,0.543625,0.553364,1.194822,0.4082,0.0107
1787925503.738292,0.544549,0.555757,1.193667,0.3411,0.0107
1787925503.740760,0.545191,0.557818,1.193399,0.5005,0.0107
1787925503.744124,0.545865,0.560078,1.192127,0.5597,0.0107
1787925503.751928,0.546797,0.562269,1.191803,0.4833,0.0107
1787925503.757148,0.547755,0.564450,1.191505,0.4752,0.0233
1787925503.763235,0.548482,0.566682,1.190828,0.4481,0.0233
1787925503.769178,0.548919,0.568974,1.189545,0.4293,0.0233
1787925503.778641,0.549462,0.571610,1.188365,0.3844,0.0233
1787925503.784744,0.550552,0.573679,1.188064,0.3834,0.0233
1787925503.790714,0.551175,0.575885,1.187259,0.3830,0.0233
1787925503.798304,0.552308,0.577851,1.187225,0.3569,0.0233
1787925503.802734,0.552908,0.580130,1.186376,0.4081,0.0233
1787925503.812530,0.553952,0.582307,1.185922,0.3595,0.0233
1787925503.817618,0.555030,0.584508,1.185632,0.3957,0.0233
1787925503.823641,0.555064,0.586841,1.184468,0.3853,0.0233
1787925503.828825,0.556432,0.588989,1.184581,0.4147,0.0233
1787925503.836301,0.557282,0.591154,1.184982,0.3836,0.0233
1787925503.843354,0.558082,0.593258,1.184092,0.3643,0.0233
1787925503.849978,0.559276,0.595341,1.184894,0.3627,0.0233
1787925503.855003,0.559912,0.597498,1.183794,0.3875,0.0346
1787925503.862012,0.560608,0.599896,1.182702,0.3775,0.0346
1787925503.870087,0.562115,0.601200,1.185506,0.3302,0.0346
1787925503.877993,0.562603,0.603669,1.183988,0.3249,0.0346
1787925503.884798,0.563746,0.605843,1.184190,0.3352,0.0346
1787925503.889328,0.564566,0.607982,1.184163,0.3863,0.0346
1787925503.896147,0.565878,0.609945,1.184574,0.3721,0.0346
1787925503.909946,0.566083,0.612716,1.182725,0.3180,0.0346
1787925503.911249,0.567462,0.614620,1.183286,0.7485,0.0346
1787925503.920500,0.567873,0.617258,1.181738,0.6081,0.0346
1787925503.925433,0.568349,0.619417,1.180718,0.5582,0.0346
1787925503.932399,0.569911,0.621492,1.181374,0.4989,0.0346
1787925503.939661,0.570152,0.624163,1.179471,0.4550,0.0346
1787925503.945299,0.570660,0.626646,1.177532,0.4509,0.0346
1787925503.946238,0.571852,0.628703,1.178387,1.0685,0.0346
1787925503.955472,0.572582,0.631250,1.176866,0.8335,0.1243
1787925503.962300,0.573127,0.633495,1.176253,0.6837,0.1243
1787925503.969807,0.573612,0.636151,1.174882,0.5840,0.1243
1787925503.975736,0.574547,0.638424,1.174519,0.5332,0.1243
1787925503.982546,0.575154,0.640692,1.173952,0.4757,0.1243
1787925503.990414,0.576387,0.642699,1.174225,0.4217,0.1243
1787925503.996929,0.576979,0.645246,1.172987,0.4139,0.1243
1787925504.005331,0.577512,0.647350,1.172237,0.3663,0.1243
1787925504.013368,0.578699,0.649609,1.172687,0.3514,0.1243
1787925504.016291,0.579149,0.652031,1.171880,0.4929,0.1243
1787925504.023179,0.580213,0.654054,1.172076,0.4442,0.1243
1787925504.029766,0.581147,0.656282,1.172155,0.4210,0.1243
1787925504.037205,0.581854,0.658696,1.171397,0.3955,0.1243
1787925504.048770,0.582759,0.660713,1.171886,0.3342,0.1243
1787925504.051827,0.583634,0.662937,1.171744,0.4683,0.1243
1787925504.054825,0.584200,0.665393,1.170924,0.5764,0.1243
1787925504.062720,0.585469,0.667647,1.170776,0.5011,0.1386
1787925504.069036,0.586050,0.669793,1.170112,0.4554,0.1386
1787925504.075979,0.586803,0.672197,1.169442,0.4271,0.1386
1787925504.085858,0.587677,0.674337,1.169501,0.3692,0.1386
1787925504.088620,0.588395,0.676768,1.169060,0.5319,0.1386
1787925504.096133,0.589018,0.679116,1.168719,0.4684,0.1386
1787925504.102231,0.590268,0.681176,1.169607,0.4451,0.1386
1787925504.107961,0.591456,0.682694,1.172019,0.4090,0.1386
1787925504.117140,0.592250,0.685202,1.171072,0.3719,0.1386
1787925504.125576,0.593239,0.687301,1.171102,0.3428,0.1386
1787925504.130300,0.593935,0.689864,1.170248,0.4071,0.1386
1787925504.138052,0.594263,0.692548,1.168668,0.3855,0.1386
1787925504.145138,0.595361,0.694655,1.169711,0.3701,0.1386
1787925504.150423,0.596241,0.696842,1.169305,0.3929,0.1386
1787925504.155924,0.597095,0.698972,1.169608,0.4001,0.1455
1787925504.161822,0.598435,0.700902,1.170965,0.3971,0.1455
1787925504.173284,0.599041,0.703340,1.170948,0.3429,0.1455
1787925504.181566,0.600075,0.705693,1.170825,0.3331,0.1455
1787925504.187264,0.600647,0.707708,1.171248,0.3427,0.1455
1787925504.192647,0.601658,0.709862,1.171587,0.3723,0.1455
1787925504.196929,0.602320,0.712159,1.171737,0.4270,0.1455
1787925504.204737,0.603618,0.714056,1.172742,0.3854,0.1455
1787925504.213135,0.604511,0.716299,1.173203,0.3560,0.1455
1787925504.222307,0.605778,0.718147,1.174540,0.3210,0.1455
1787925504.231500,0.606291,0.720536,1.174361,0.3030,0.1455
1787925504.233169,0.607498,0.722450,1.175589,0.6132,0.1455
1787925504.236678,0.608534,0.724373,1.176995,0.6150,0.1455
1787925504.244715,0.609615,0.726653,1.177133,0.5246,0.1455
1787925504.250554,0.610087,0.728912,1.177035,0.4837,0.1455
1787925504.256171,0.610908,0.731176,1.177391,0.4671,0.2538
1787925504.261290,0.612122,0.733160,1.178070,0.4616,0.2538
1787925504.268161,0.613280,0.735247,1.179084,0.4266,0.2538
1787925504.280444,0.614021,0.737491,1.178761,0.3562,0.2538
1787925504.287944,0.614934,0.739438,1.179914,0.3353,0.2538
1787925504.292278,0.615047,0.742174,1.177982,0.4126,0.2538
1787925504.298297,0.616236,0.744229,1.178282,0.4061,0.2538
1787925504.303833,0.616410,0.746781,1.177279,0.4156,0.2538
1787925504.309497,0.617127,0.748805,1.176834,0.4045,0.2538
1787925504.318759,0.617544,0.751521,1.175309,0.3696,0.2538
1787925504.325213,0.618541,0.753316,1.175618,0.3536,0.2538
1787925504.329963,0.619073,0.755756,1.174944,0.4026,0.2538
1787925504.336376,0.619748,0.758104,1.174328,0.3953,0.2538
1787925504.343071,0.620394,0.759979,1.174295,0.3654,0.2538
1787925504.351077,0.621127,0.762228,1.173717,0.3441,0.2538
1787925504.359381,0.622221,0.764434,1.173763,0.3297,0.2735
1787925504.364655,0.622452,0.766485,1.173136,0.3434,0.2735
1787925504.372149,0.623472,0.768583,1.173696,0.3336,0.2735
1787925504.376857,0.624088,0.770799,1.173110,0.3789,0.2735
1787925504.384374,0.625191,0.772784,1.174145,0.3554,0.2735
1787925504.391549,0.626297,0.774645,1.175679,0.3384,0.2735
1787925504.397620,0.627376,0.776846,1.176240,0.3577,0.2735
1787925504.402461,0.627687,0.779162,1.176241,0.3903,0.2735
1787925504.408875,0.629362,0.781158,1.178226,0.3894,0.2735
1787925504.415348,0.630427,0.782953,1.179841,0.3684,0.2735
1787925504.422305,0.631072,0.785172,1.180226,0.3569,0.2735
1787925504.434655,0.632786,0.787010,1.182822,0.3069,0.2735
1787925504.436629,0.633458,0.789328,1.183258,0.5797,0.2735
1787925504.443140,0.634230,0.791525,1.184185,0.5130,0.2735
1787925504.450143,0.635628,0.793494,1.186492,0.4597,0.2735
1787925504.458325,0.636546,0.795554,1.187416,0.4045,0.3867
1787925504.465744,0.637103,0.797898,1.187828,0.3795,0.3867
1787925504.471582,0.638308,0.799903,1.189694,0.3843,0.3867
1787925504.480380,0.639271,0.802392,1.190352,0.3600,0.3867
1787925504.485551,0.639658,0.804397,1.190946,0.3683,0.3867
1787925504.493855,0.640880,0.806385,1.192775,0.3409,0.3867
1787925504.499035,0.641777,0.808318,1.193687,0.3618,0.3867
1787925504.506094,0.642787,0.810413,1.195211,0.3519,0.3867
1787925504.512022,0.643751,0.813169,1.195263,0.3940,0.3867
1787925504.519497,0.644327,0.815290,1.195835,0.3634,0.3867
1787925504.525867,0.644795,0.817773,1.195718,0.3713,0.3867
1787925504.532661,0.645463,0.819516,1.196680,0.3423,0.3867
1787925504.538300,0.645947,0.821939,1.196542,0.3690,0.3867
1787925504.543784,0.646476,0.824456,1.196250,0.3970,0.3867
1787925504.548861,0.646957,0.826625,1.195940,0.4076,0.3867
1787925504.556185,0.647745,0.828460,1.196672,0.3671,0.3940
1787925504.563147,0.647953,0.830876,1.196196,0.3571,0.3940
1787925504.568994,0.648577,0.833263,1.196555,0.3757,0.3940
1787925504.575496,0.649479,0.835502,1.197391,0.3744,0.3940
1787925504.576565,0.650358,0.837375,1.198858,0.8411,0.3940
1787925504.589080,0.650959,0.839422,1.199587,0.6398,0.3940
1787925504.596611,0.651908,0.841755,1.201137,0.5481,0.3940
1787925504.603480,0.652313,0.843953,1.202380,0.4796,0.3940
1787925504.609149,0.653417,0.846174,1.203898,0.4664,0.3940
1787925504.618095,0.653806,0.848300,1.205248,0.3977,0.3940
1787925504.624679,0.654620,0.850366,1.206970,0.3796,0.3940
1787925504.632754,0.655977,0.852214,1.209940,0.3477,0.3940
1787925504.638304,0.656410,0.854617,1.210927,0.3732,0.3940
1787925504.641107,0.657410,0.856818,1.212702,0.5195,0.3940
1787925504.650918,0.658346,0.858575,1.215241,0.4240,0.3940
1787925504.657906,0.657610,0.861134,1.214413,0.3887,0.3916
1787925504.668107,0.658069,0.863303,1.215876,0.3366,0.3916
1787925504.670454,0.658749,0.865486,1.217057,0.5274,0.3916
1787925504.675077,0.659260,0.867704,1.218297,0.5157,0.3916
1787925504.684153,0.660114,0.869808,1.220632,0.4360,0.3916
1787925504.689954,0.660846,0.871930,1.222177,0.4213,0.3916
1787925504.698918,0.661723,0.874146,1.224549,0.3746,0.3916
1787925504.703063,0.662281,0.876380,1.225560,0.4280,0.3916
1787925504.708688,0.662584,0.878651,1.226884,0.4191,0.3916
1787925504.714892,0.663330,0.880696,1.229046,0.3987,0.3916
1787925504.721844,0.664269,0.882697,1.231609,0.3739,0.3916
1787925504.730173,0.664186,0.885175,1.231755,0.3449,0.3916
1787925504.736174,0.664862,0.887268,1.233847,0.3514,0.3916
1787925504.744817,0.665859,0.889289,1.236564,0.3236,0.3916
1787925504.749183,0.666599,0.891386,1.238740,0.3793,0.3916
1787925504.758205,0.666956,0.893543,1.240520,0.3372,0.4785
1787925504.765063,0.667456,0.895797,1.241829,0.3364,0.4785
1787925504.771656,0.669146,0.897730,1.244756,0.3435,0.4785
1787925504.776052,0.669520,0.899721,1.247009,0.3773,0.4785
1787925504.783343,0.670084,0.901923,1.248660,0.3574,0.4785
1787925504.792031,0.670928,0.904135,1.250646,0.3319,0.4785
1787925504.799874,0.671486,0.906218,1.252242,0.3147,0.4785
1787925504.805366,0.671741,0.908147,1.254134,0.3247,0.4785
1787925504.809769,0.672112,0.910550,1.255322,0.3908,0.4785
1787925504.816458,0.672943,0.912593,1.257665,0.3722,0.4785
1787925504.826069,0.673544,0.914642,1.259284,0.3272,0.4785
1787925504.829154,0.674161,0.916478,1.261454,0.4174,0.4785
1787925504.841651,0.674240,0.919005,1.261485,0.3505,0.4785
1787925504.844751,0.674536,0.921224,1.262391,0.4586,0.4785
1787925504.849984,0.675103,0.923202,1.263518,0.4390,0.4785
1787925504.856334,0.675377,0.925044,1.264725,0.3942,0.4741
1787925504.862902,0.676646,0.926666,1.267941,0.3639,0.4741
1787925504.869040,0.676706,0.929045,1.268408,0.3666,0.4741
1787925504.875499,0.676958,0.931192,1.269558,0.3553,0.4741
1787925504.883228,0.678138,0.932669,1.272712,0.3170,0.4741
1787925504.888925,0.678528,0.934972,1.273881,0.3439,0.4741
1787925504.894513,0.678283,0.937185,1.274469,0.3505,0.4741
1787925504.903187,0.678818,0.939198,1.276165,0.3173,0.4741
1787925504.907736,0.679717,0.940897,1.279237,0.3465,0.4741
1787925504.916585,0.680013,0.942938,1.281399,0.3117,0.4741
1787925504.922535,0.680112,0.945345,1.282322,0.3360,0.4741
1787925504.930757,0.680613,0.947155,1.285148,0.3037,0.4741
1787925504.936778,0.681992,0.948926,1.289126,0.3165,0.4741
1787925504.941365,0.681699,0.951499,1.289783,0.3779,0.4741
1787925504.950015,0.682536,0.953322,1.293265,0.3333,0.4741
1787925504.955603,0.683130,0.955230,1.296083,0.3405,0.4558
1787925504.979634,0.683481,0.957698,1.298226,0.2692,0.4558
1787925504.982728,0.683625,0.959805,1.300240,0.3891,0.4558
1787925504.985478,0.683972,0.961834,1.302796,0.4959,0.4558
1787925504.987315,0.684756,0.963790,1.305958,0.6889,0.4558
1787925504.998055,0.685073,0.966119,1.307743,0.5474,0.4558
1787925504.999006,0.685631,0.968037,1.310641,1.0136,0.4558
1787925505.004416,0.686075,0.970172,1.312937,0.8302,0.4558
1787925505.009531,0.686190,0.972264,1.315090,0.7016,0.4558
1787925505.017229,0.686688,0.974241,1.317631,0.5706,0.4558
1787925505.025283,0.687301,0.976136,1.320331,0.4734,0.4558
1787925505.032536,0.687595,0.978183,1.322552,0.4165,0.4558
1787925505.037448,0.687730,0.980317,1.324191,0.4199,0.4558
1787925505.043740,0.687527,0.982395,1.325403,0.3877,0.4558
1787925505.052999,0.688212,0.984314,1.328243,0.3371,0.4558
1787925505.058798,0.688772,0.986201,1.330843,0.3377,0.5248
1787925505.063197,0.688966,0.988326,1.332943,0.3803,0.5248
1787925505.067273,0.689372,0.990168,1.335612,0.4051,0.5248
1787925505.077059,0.689417,0.992421,1.336580,0.3510,0.5248
1787925505.086833,0.689786,0.994305,1.339433,0.3046,0.5248
1787925505.088511,0.690361,0.996143,1.342080,0.5568,0.5248
1787925505.095876,0.690581,0.998299,1.343596,0.4773,0.5248
1787925505.103579,0.690844,1.000309,1.346157,0.4127,0.5248
1787925505.108613,0.691383,1.002333,1.348652,0.4137,0.5248
1787925505.116353,0.691488,1.004319,1.350783,0.3655,0.5248
1787925505.123221,0.692156,1.006427,1.354118,0.3521,0.5248
1787925505.129752,0.692277,1.008665,1.355600,0.3481,0.5248
1787925505.135426,0.692488,1.010493,1.357510,0.3405,0.5248
1787925505.142662,0.692632,1.012530,1.359080,0.3222,0.5248
1787925505.149605,0.692480,1.014849,1.360099,0.3221,0.5248
1787925505.156971,0.693260,1.016867,1.362880,0.3125,0.5034
1787925505.162731,0.693741,1.018724,1.365276,0.3185,0.5034
1787925505.169647,0.693460,1.021118,1.366693,0.3222,0.5034
1787925505.175341,0.693544,1.023371,1.368564,0.3427,0.5034
1787925505.189084,0.693998,1.025225,1.371064,0.2815,0.5034
1787925505.190496,0.694620,1.027136,1.373982,0.6214,0.5034
1787925505.197118,0.694870,1.029394,1.376147,0.5375,0.5034
1787925505.202111,0.694332,1.031653,1.376305,0.5032,0.5034
1787925505.215671,0.695197,1.033190,1.379720,0.3892,0.5034
1787925505.218467,0.695591,1.035173,1.382567,0.4894,0.5034
1787925505.224938,0.695122,1.037531,1.383335,0.4459,0.5034
1787925505.236279,0.695900,1.039104,1.386918,0.3568,0.5034
1787925505.238749,0.696605,1.040694,1.390205,0.4551,0.5034
1787925505.246044,0.696402,1.042805,1.391761,0.4025,0.5034
1787925505.250000,0.696358,1.044637,1.394080,0.4180,0.5034
1787925505.260544,0.696697,1.046419,1.396429,0.3442,0.4804
1787925505.264358,0.697390,1.048260,1.399302,0.3930,0.4804
1787925505.270250,0.697347,1.050208,1.401262,0.3725,0.4804
1787925505.274661,0.695885,1.054774,1.397444,0.5494,0.4804
1787925505.283034,0.696590,1.056185,1.401279,0.4387,0.4804
1787925505.288559,0.696622,1.057987,1.402985,0.4038,0.4804
1787925505.296766,0.696990,1.060072,1.406042,0.3601,0.4804
1787925505.304367,0.696775,1.061887,1.407695,0.3214,0.4804
1787925505.309023,0.697021,1.063972,1.410269,0.3601,0.4804
1787925505.314412,0.698023,1.065563,1.414690,0.3482,0.4804
1787925505.323236,0.697758,1.067494,1.416569,0.3072,0.4804
1787925505.331113,0.697984,1.069636,1.418847,0.2970,0.4804
1787925505.343229,0.698031,1.071462,1.421526,0.2528,0.4804
1787925505.346339,0.698017,1.073521,1.423387,0.3732,0.4804
1787925505.353776,0.698071,1.075343,1.426156,0.3343,0.4804
1787925505.359735,0.698419,1.077331,1.429301,0.3356,0.4581
1787925505.366202,0.698486,1.079367,1.431492,0.3289,0.4581
1787925505.372070,0.698268,1.081371,1.433631,0.3302,0.4581
1787925505.376927,0.698739,1.083395,1.436501,0.3589,0.4581
1787925505.396418,0.699021,1.085288,1.439046,0.2807,0.4581
1787925505.398461,0.698411,1.087392,1.440191,0.4911,0.4581
1787925505.401355,0.698715,1.089599,1.442610,0.5747,0.4581
1787925505.407670,0.699030,1.091147,1.445423,0.4771,0.4581
1787925505.408945,0.698678,1.093228,1.447168,0.8098,0.4581
1787925505.419679,0.698456,1.095162,1.448690,0.6198,0.4581
1787925505.424265,0.698176,1.097325,1.449908,0.5721,0.4581
1787925505.434353,0.698529,1.099077,1.452644,0.4534,0.4581
1787925505.438184,0.698808,1.100734,1.455211,0.4488,0.4581
1787925505.444172,0.698924,1.102465,1.457725,0.4010,0.4581
1787925505.448351,0.699025,1.104395,1.459812,0.4192,0.4581
1787925505.457267,0.699396,1.105801,1.463417,0.3418,0.5399
1787925505.465887,0.699326,1.107685,1.465030,0.3042,0.5399
1787925505.469379,0.699476,1.109619,1.467070,0.3796,0.5399
1787925505.474985,0.699735,1.111591,1.469030,0.3721,0.5399
1787925505.482970,0.699655,1.113047,1.471051,0.3146,0.5399
1787925505.492295,0.699966,1.114823,1.473233,0.2781,0.5399
1787925505.500592,0.699828,1.116711,1.475002,0.2621,0.5399
1787925505.509795,0.699388,1.118831,1.475667,0.2509,0.5399
1787925505.511782,0.699696,1.120626,1.478428,0.4499,0.5399
1787925505.518895,0.699989,1.122634,1.480239,0.4004,0.5399
1787925505.523038,0.700133,1.124589,1.481749,0.4222,0.5399
1787925505.529723,0.700029,1.126562,1.483521,0.3833,0.5399
1787925505.536591,0.700073,1.128335,1.485318,0.3457,0.5399
1787925505.544243,0.700366,1.129979,1.487893,0.3071,0.5399
1787925505.555743,0.700094,1.131983,1.488381,0.2665,0.5226
1787925505.561040,0.699620,1.133750,1.489461,0.2841,0.5226
1787925505.565681,0.699686,1.135689,1.490941,0.3242,0.5226
1787925505.571928,0.700163,1.137243,1.493470,0.3031,0.5226
1787925505.586094,0.699989,1.139311,1.495064,0.2556,0.5226
1787925505.587742,0.699494,1.141204,1.496136,0.5157,0.5226
1787925505.597209,0.699370,1.143237,1.497603,0.4249,0.5226
1787925505.599192,0.700085,1.144756,1.500713,0.5342,0.5226
1787925505.602853,0.700010,1.146831,1.502670,0.5432,0.5226
1787925505.610829,0.699894,1.148678,1.504207,0.4493,0.5226
1787925505.620670,0.699512,1.150852,1.505560,0.3799,0.5226
1787925505.623823,0.700477,1.152607,1.509000,0.4382,0.5226
1787925505.630303,0.699924,1.154640,1.510024,0.3992,0.5226
1787925505.636621,0.699876,1.156602,1.512352,0.3723,0.5226
1787925505.645727,0.699152,1.158513,1.513650,0.3221,0.5226
1787925505.652521,0.700308,1.159953,1.518313,0.2916,0.5226
1787925505.662898,0.700055,1.161794,1.520506,0.2569,0.5049
1787925505.666362,0.699646,1.163815,1.522288,0.3530,0.5049
1787925505.670363,0.699959,1.165657,1.525207,0.3862,0.5049
1787925505.676147,0.700316,1.167497,1.527877,0.3664,0.5049
1787925505.682308,0.699936,1.169484,1.529700,0.3524,0.5049
1787925505.700489,0.699520,1.171265,1.531506,0.2758,0.5049
1787925505.701879,0.700204,1.173172,1.534966,0.6096,0.5049
1787925505.704792,0.695572,1.174381,1.531883,0.5326,0.5049
1787925505.714403,0.695250,1.176373,1.533697,0.4346,0.5049
1787925505.725853,0.695066,1.178033,1.536673,0.3475,0.5049
1787925505.727079,0.694796,1.179644,1.538845,0.6349,0.5049
1787925505.730224,0.694605,1.181266,1.541627,0.5986,0.5049
1787925505.735927,0.694000,1.183568,1.542442,0.5391,0.5049
1787925505.746988,0.698466,1.183744,1.553182,0.3843,0.5049
1787925505.752009,0.697764,1.185727,1.554289,0.3868,0.5049
1787925505.763660,0.697362,1.187598,1.555880,0.3188,0.5738
1787925505.766475,0.697463,1.189262,1.558173,0.4006,0.5738
1787925505.772473,0.697405,1.190912,1.560213,0.3629,0.5738
1787925505.779188,0.697259,1.192812,1.562185,0.3389,0.5738
1787925505.782553,0.697290,1.194427,1.564176,0.3812,0.5738
1787925505.789668,0.700162,1.196862,1.569487,0.3697,0.5738
1787925505.794569,0.699911,1.198754,1.571302,0.3746,0.5738
1787925505.802451,0.699354,1.200592,1.572563,0.3322,0.5738
1787925505.812873,0.699724,1.202317,1.575635,0.2822,0.5738
1787925505.814366,0.699518,1.204115,1.577322,0.5590,0.5738
1787925505.824019,0.699253,1.205834,1.579540,0.4448,0.5738
1787925505.828470,0.698711,1.207678,1.580840,0.4360,0.5738
1787925505.836168,0.698789,1.209536,1.583043,0.3776,0.5738
1787925505.845828,0.698749,1.211348,1.584991,0.3206,0.5738
1787925505.853590,0.698824,1.213083,1.587108,0.2914,0.5738
1787925505.860301,0.698372,1.215050,1.588804,0.2923,0.5581
1787925505.865719,0.698173,1.216947,1.590400,0.3098,0.5581
1787925505.871933,0.698355,1.218738,1.593373,0.3031,0.5581
1787925505.876229,0.698185,1.220487,1.595624,0.3346,0.5581
1787925505.883190,0.698445,1.222426,1.598465,0.3175,0.5581
1787925505.889756,0.698566,1.224467,1.601237,0.3153,0.5581
1787925505.894788,0.697754,1.226150,1.602979,0.3225,0.5581
1787925505.901213,0.697079,1.228155,1.604129,0.3204,0.5581
1787925505.907603,0.695869,1.230208,1.604487,0.3225,0.5581
1787925505.915203,0.696483,1.231985,1.608141,0.2950,0.5581
1787925505.929345,0.696238,1.233714,1.610646,0.2433,0.5581
1787925505.934195,0.696287,1.235660,1.613195,0.2904,0.5581
1787925505.935672,0.696014,1.237481,1.615664,0.5754,0.5581
1787925505.941334,0.695795,1.239331,1.617965,0.5013,0.5581
1787925505.953200,0.696245,1.241322,1.620893,0.4006,0.5581
1787925505.958085,0.696324,1.243091,1.624045,0.3886,0.5401
1787925505.965328,0.695846,1.244565,1.626619,0.3341,0.5401
1787925505.974529,0.695908,1.246399,1.628379,0.2934,0.5401
1787925505.978796,0.695800,1.247898,1.631317,0.3111,0.5401
1787925505.983779,0.694967,1.249422,1.632571,0.3124,0.5401
1787925505.991077,0.694713,1.251442,1.634809,0.3022,0.5401
1787925506.000013,0.694335,1.253103,1.636560,0.2680,0.5401
1787925506.001959,0.694333,1.254722,1.639148,0.4367,0.5401
1787925506.009305,0.693855,1.256097,1.641075,0.3631,0.5401
1787925506.015462,0.693766,1.257740,1.643502,0.3343,0.5401
1787925506.031950,0.693126,1.259427,1.644752,0.2655,0.5401
1787925506.033354,0.692596,1.261168,1.646134,0.5653,0.5401
1787925506.036468,0.692653,1.262687,1.649267,0.5412,0.5401
1787925506.046044,0.692379,1.264376,1.651242,0.4323,0.5401
1787925506.051091,0.691888,1.266242,1.652469,0.4156,0.5401
1787925506.058796,0.691691,1.267827,1.655262,0.3530,0.5169
1787925506.064680,0.691216,1.269487,1.657079,0.3335,0.5169
1787925506.072226,0.691297,1.271489,1.660641,0.3124,0.5169
1787925506.076005,0.690702,1.273423,1.662304,0.3759,0.5169
1787925506.080880,0.691053,1.275233,1.666576,0.3720,0.5169
1787925506.088028,0.691305,1.277009,1.670167,0.3335,0.5169
1787925506.095125,0.691020,1.279018,1.672698,0.3192,0.5169
1787925506.103047,0.689852,1.280765,1.674074,0.2938,0.5169
1787925506.107948,0.690652,1.282658,1.678628,0.3156,0.5169
1787925506.118183,0.690300,1.284855,1.680638,0.2861,0.5169
1787925506.125676,0.689127,1.286682,1.681771,0.2781,0.5169
1787925506.131479,0.688791,1.288538,1.684726,0.2920,0.5169
1787925506.136382,0.688445,1.290381,1.686852,0.3188,0.5169
1787925506.144078,0.688042,1.292233,1.688999,0.2967,0.5169
1787925506.149514,0.687663,1.294040,1.692027,0.3092,0.5169
1787925506.158681,0.687297,1.296117,1.693864,0.2854,0.5841
1787925506.163895,0.687102,1.297495,1.696680,0.2799,0.5841
1787925506.170387,0.686198,1.299287,1.697645,0.2833,0.5841
1787925506.173032,0.686086,1.300886,1.699927,0.3798,0.5841
1787925506.182618,0.685800,1.302642,1.701963,0.3215,0.5841
1787925506.193192,0.684886,1.304331,1.703056,0.2760,0.5841
1787925506.198743,0.684460,1.306152,1.704126,0.2938,0.5841
1787925506.207486,0.683993,1.307764,1.705988,0.2626,0.5841
1787925506.214310,0.683544,1.309594,1.706903,0.2662,0.5841
1787925506.221257,0.683146,1.311081,1.708845,0.2523,0.5841
1787925506.226588,0.682049,1.312774,1.709230,0.2795,0.5841
1787925506.234517,0.681660,1.314304,1.711168,0.2550,0.5841
1787925506.239744,0.681424,1.316119,1.712890,0.2836,0.5841
1787925506.244123,0.681273,1.317667,1.714950,0.3049,0.5841
1787925506.250123,0.680710,1.319349,1.715942,0.3007,0.5841
1787925506.257470,0.680565,1.321188,1.717459,0.2857,0.5727
1787925506.266845,0.679218,1.322362,1.718282,0.2435,0.5727
1787925506.271841,0.679719,1.324261,1.721463,0.2787,0.5727
1787925506.279397,0.679347,1.325895,1.723435,0.2614,0.5727
1787925506.284888,0.678918,1.327686,1.725560,0.2833,0.5727
1787925506.289512,0.678208,1.329435,1.727648,0.3175,0.5727
1787925506.297089,0.677701,1.330974,1.729539,0.2856,0.5727
1787925506.305034,0.677235,1.332881,1.732206,0.2739,0.5727
1787925506.311193,0.676721,1.334568,1.735139,0.2769,0.5727
1787925506.315751,0.676350,1.336415,1.737702,0.3177,0.5727
1787925506.323811,0.676719,1.338278,1.741369,0.2884,0.5727
1787925506.329950,0.675912,1.340484,1.743581,0.3149,0.5727
1787925506.339960,0.675919,1.342045,1.747157,0.2664,0.5727
1787925506.344775,0.675040,1.343838,1.748907,0.3061,0.5727
1787925506.349751,0.674775,1.345663,1.752319,0.3254,0.5727
1787925506.355307,0.674335,1.347600,1.755127,0.3350,0.5415
1787925506.364700,0.673982,1.349420,1.758317,0.2937,0.5415
1787925506.378164,0.673589,1.351060,1.760848,0.2431,0.5415
1787925506.381168,0.672713,1.352914,1.762696,0.3687,0.5415
1787925506.383201,0.671954,1.354752,1.764900,0.5457,0.5415
1787925506.388999,0.671804,1.356314,1.767788,0.4628,0.5415
1787925506.395763,0.671434,1.358036,1.770626,0.4021,0.5415
1787925506.403059,0.670610,1.359536,1.771854,0.3486,0.5415
1787925506.408255,0.669926,1.361303,1.774272,0.3520,0.5415
1787925506.412083,0.669331,1.362881,1.776093,0.3770,0.5415
1787925506.426183,0.668463,1.364297,1.777930,0.2972,0.5415
1787925506.432181,0.668576,1.366122,1.781160,0.2961,0.5415
1787925506.440221,0.667692,1.367395,1.782769,0.2606,0.5415
1787925506.446184,0.667256,1.368901,1.784982,0.2611,0.5415
1787925506.449815,0.666094,1.370548,1.785991,0.3363,0.5415
1787925506.459493,0.665279,1.372052,1.787912,0.2864,0.5217
1787925506.468078,0.665676,1.373526,1.791346,0.2477,0.5217
1787925506.473945,0.664593,1.375081,1.792608,0.2631,0.5217
1787925506.478792,0.664376,1.376351,1.795082,0.2638,0.5217
1787925506.483297,0.663632,1.377823,1.796747,0.2913,0.5217
1787925506.491011,0.662648,1.379000,1.798326,0.2571,0.5217
1787925506.496591,0.663128,1.380676,1.801521,0.2618,0.5217
1787925506.504643,0.661960,1.382259,1.803466,0.2507,0.5217
1787925506.508786,0.661271,1.383669,1.805410,0.2864,0.5217
1787925506.515511,0.660797,1.385096,1.808164,0.2673,0.5217
1787925506.522179,0.660134,1.386574,1.810803,0.2588,0.5217
1787925506.544218,0.659852,1.388372,1.813388,0.2059,0.5217
1787925506.545557,0.658932,1.389646,1.815652,0.4709,0.5217
1787925506.548216,0.658337,1.391648,1.818178,0.5650,0.5217
1787925506.553772,0.657816,1.393228,1.821251,0.4852,0.5217
1787925506.557702,0.657498,1.394568,1.824473,0.4447,0.5685
1787925506.565476,0.657313,1.396472,1.828134,0.3842,0.5685
1787925506.571406,0.656769,1.398072,1.831378,0.3542,0.5685
1787925506.575741,0.656784,1.399638,1.835241,0.3523,0.5685
1787925506.583182,0.655577,1.401341,1.837584,0.3257,0.5685
1787925506.589169,0.654574,1.403091,1.839594,0.3259,0.5685
1787925506.600839,0.654465,1.404969,1.842919,0.2754,0.5685
1787925506.604721,0.653686,1.406548,1.845067,0.3265,0.5685
1787925506.614055,0.653847,1.408350,1.848636,0.2828,0.5685
1787925506.615814,0.652573,1.410245,1.849823,0.5686,0.5685
1787925506.622174,0.651731,1.411644,1.852175,0.4724,0.5685
1787925506.631699,0.651661,1.413420,1.854914,0.3850,0.5685
1787925506.643264,0.650926,1.415088,1.856589,0.3164,0.5685
1787925506.646407,0.650470,1.416595,1.859309,0.3718,0.5685
1787925506.651174,0.649574,1.418098,1.860585,0.3670,0.5685
1787925506.657750,0.649319,1.419865,1.862814,0.3374,0.5417
1787925506.663648,0.648089,1.421274,1.864361,0.3230,0.5417
1787925506.672037,0.647559,1.422805,1.865361,0.2840,0.5417
1787925506.678205,0.647205,1.424259,1.867653,0.2714,0.5417
1787925506.683442,0.646522,1.425612,1.869608,0.2756,0.5417
1787925506.688460,0.645909,1.427116,1.871533,0.2897,0.5417
1787925506.695978,0.644987,1.428540,1.872685,0.2680,0.5417
1787925506.707635,0.644882,1.429947,1.875822,0.2229,0.5417
1787925506.711638,0.644396,1.431313,1.877726,0.2646,0.5417
1787925506.719477,0.643755,1.432927,1.879876,0.2515,0.5417
1787925506.721960,0.643318,1.434050,1.882104,0.3215,0.5417
1787925506.734883,0.642981,1.435482,1.884279,0.2591,0.5417
1787925506.741031,0.641753,1.436918,1.885739,0.2665,0.5417
1787925506.746159,0.641806,1.438559,1.888975,0.2768,0.5417
1787925506.750323,0.641480,1.439732,1.891633,0.2813,0.5417
1787925506.758673,0.640816,1.440974,1.893820,0.2469,0.5220
1787925506.773527,0.640279,1.442551,1.895931,0.2064,0.5220
1787925506.774848,0.639681,1.443743,1.898357,0.4445,0.5220
1787925506.778015,0.639439,1.445039,1.901300,0.4348,0.5220
1787925506.789056,0.638961,1.446468,1.903629,0.3453,0.5220
1787925506.793827,0.637798,1.447714,1.905465,0.3397,0.5220
1787925506.798066,0.637600,1.449155,1.907996,0.3387,0.5220
1787925506.805614,0.636874,1.450210,1.909871,0.2863,0.5220
1787925506.817517,0.636096,1.451808,1.911361,0.2449,0.5220
1787925506.820116,0.635631,1.453100,1.913651,0.3299,0.5220
1787925506.827965,0.635065,1.454411,1.915846,0.2854,0.5220
1787925506.835509,0.634214,1.455692,1.917071,0.2592,0.5220
1787925506.842809,0.633655,1.456972,1.918512,0.2387,0.5220
1787925506.845700,0.633616,1.458511,1.921591,0.3184,0.5220
1787925506.851962,0.632623,1.459371,1.922332,0.2780,0.5220
1787925506.860135,0.632058,1.460661,1.924559,0.2462,0.5007
1787925506.867969,0.631256,1.461890,1.925766,0.2271,0.5007
1787925506.870422,0.631110,1.463130,1.928582,0.3073,0.5007
1787925506.875194,0.630256,1.464287,1.929531,0.3021,0.5007
1787925506.883195,0.629283,1.465472,1.930466,0.2659,0.5007
1787925506.890760,0.628739,1.466448,1.932264,0.2300,0.5007
1787925506.896605,0.628469,1.468052,1.934305,0.2428,0.5007
1787925506.904724,0.627490,1.468743,1.935172,0.2067,0.5007
1787925506.915035,0.626873,1.470103,1.936752,0.1881,0.5007
1787925506.916434,0.626479,1.471341,1.938505,0.4098,0.5007
1787925506.929303,0.625673,1.472415,1.939260,0.3170,0.5007
1787925506.932834,0.624933,1.473302,1.940850,0.3150,0.5007
1787925506.937887,0.624592,1.474573,1.942134,0.2981,0.5007
1787925506.946147,0.623774,1.475772,1.943525,0.2601,0.5007
1787925506.956035,0.623155,1.476953,1.944813,0.2222,0.5191
1787925506.959757,0.622398,1.477874,1.946372,0.2470,0.5191
1787925506.967140,0.622408,1.478989,1.948637,0.2149,0.5191
1787925506.971723,0.621604,1.480469,1.950203,0.2599,0.5191
1787925506.980515,0.621424,1.481636,1.952358,0.2212,0.5191
1787925506.985168,0.620595,1.482649,1.953692,0.2354,0.5191
1787925506.989311,0.620259,1.483813,1.955955,0.2520,0.5191
1787925506.995369,0.619788,1.485202,1.957267,0.2489,0.5191
1787925507.002259,0.618989,1.486168,1.958809,0.2263,0.5191
1787925507.008002,0.618218,1.487335,1.960016,0.2301,0.5191
1787925507.018325,0.618051,1.488451,1.962180,0.1929,0.5191
1787925507.024141,0.617229,1.489414,1.963376,0.1971,0.5191
1787925507.031936,0.616590,1.490582,1.964186,0.1890,0.5191
1787925507.039825,0.616341,1.491925,1.966136,0.1831,0.5191
1787925507.049191,0.615360,1.492608,1.966932,0.1604,0.5191
1787925507.055264,0.615012,1.493793,1.968303,0.1730,0.4985
1787925507.056143,0.614227,1.495025,1.969340,0.6127,0.4985
1787925507.063637,0.613659,1.495960,1.970884,0.4722,0.4985
1787925507.075765,0.612871,1.496897,1.971966,0.3595,0.4985
1787925507.080707,0.612619,1.498119,1.973599,0.3259,0.4985
1787925507.085007,0.611775,1.499105,1.974228,0.3145,0.4985
1787925507.088872,0.611488,1.500354,1.976095,0.3180,0.4985
1787925507.096565,0.611309,1.501292,1.977633,0.2590,0.4985
1787925507.101722,0.610546,1.502195,1.978754,0.2471,0.4985
1787925507.107998,0.610448,1.503421,1.980643,0.2286,0.4985
1787925507.119667,0.609994,1.504405,1.982299,0.1879,0.4985
1787925507.123039,0.609112,1.505327,1.983180,0.2381,0.4985
1787925507.132236,0.608400,1.506108,1.983651,0.1994,0.4985
1787925507.137600,0.608067,1.507200,1.985566,0.2029,0.4985
1787925507.142812,0.607895,1.508448,1.987591,0.2118,0.4985
1787925507.150001,0.607215,1.509210,1.988276,0.1888,0.4985
1787925507.160999,0.606349,1.510073,1.989108,0.1633,0.4833
1787925507.171214,0.605240,1.511040,1.989302,0.1535,0.4833
1787925507.173603,0.604931,1.511738,1.991463,0.2032,0.4833
1787925507.179195,0.605377,1.512951,1.993835,0.1918,0.4833
1787925507.184855,0.604294,1.513650,1.994418,0.1916,0.4833
1787925507.192390,0.603556,1.514729,1.995342,0.1854,0.4833
1787925507.200878,0.603145,1.515407,1.996856,0.1576,0.4833
1787925507.205907,0.602691,1.516359,1.997908,0.1732,0.4833
1787925507.214586,0.602030,1.517139,1.999016,0.1553,0.4833
1787925507.221600,0.601287,1.518314,1.999805,0.1676,0.4833
1787925507.228671,0.600816,1.519350,2.001180,0.1656,0.4833
1787925507.236208,0.600211,1.520026,2.002137,0.1505,0.4833
1787925507.241629,0.599913,1.520954,2.004066,0.1588,0.4833
1787925507.250623,0.599532,1.521846,2.005367,0.1435,0.4833
1787925507.257564,0.598609,1.522911,2.005836,0.1590,0.4650
1787925507.260979,0.597899,1.523340,2.007024,0.1718,0.4650
1787925507.266480,0.597663,1.524634,2.008994,0.1896,0.4650
1787925507.269437,0.596956,1.525342,2.009614,0.2283,0.4650
1787925507.277895,0.597296,1.526738,2.011880,0.1994,0.4650
1787925507.288114,0.596277,1.527484,2.012451,0.1722,0.4650
1787925507.292213,0.595546,1.528207,2.013860,0.1912,0.4650
1787925507.296684,0.595726,1.529099,2.016831,0.1826,0.4650
1787925507.305530,0.594544,1.529947,2.016847,0.1711,0.4650
1787925507.310145,0.594348,1.531009,2.018521,0.1875,0.4650
1787925507.317103,0.593928,1.531584,2.020495,0.1615,0.4650
1787925507.385494,0.594078,1.532948,2.022125,0.1181,0.4495
1787925507.387747,0.593252,1.533969,2.022113,0.2530,0.4495
1787925507.389749,0.592593,1.534705,2.023195,0.3195,0.4495
1787925507.390873,0.591502,1.535413,2.023593,0.5211,0.4495
1787925507.391771,0.591494,1.536659,2.024791,0.7400,0.4495
1787925507.394494,0.591113,1.537555,2.026355,0.6250,0.4495
1787925507.397340,0.590685,1.538485,2.028043,0.5455,0.4495
1787925507.399013,0.590142,1.539599,2.028444,0.6040,0.4495
1787925507.400536,0.589305,1.540127,2.029787,0.5892,0.4495
1787925507.403095,0.588785,1.540699,2.030822,0.4995,0.4495
1787925507.404372,0.587797,1.541581,2.030672,0.6384,0.4495
1787925507.406141,0.587828,1.542664,2.032990,0.6088,0.4495
1787925507.408285,0.587237,1.543191,2.033956,0.5291,0.4495
1787925507.409585,0.586218,1.543866,2.034293,0.6149,0.4495
1787925507.417158,0.586354,1.544915,2.036390,0.4652,0.4495
1787925507.426581,0.585826,1.545748,2.037255,0.3569,0.4495
1787925507.429590,0.584997,1.546470,2.037617,0.3513,0.4495
1787925507.437970,0.584464,1.547433,2.038749,0.2853,0.4495
1787925507.443761,0.583996,1.548383,2.039738,0.2545,0.4495
1787925507.450941,0.583492,1.548904,2.040751,0.2071,0.4495
1787925507.457580,0.583380,1.549850,2.042519,0.1854,0.4337
1787925507.464259,0.582322,1.550550,2.042190,0.1794,0.4337
1787925507.473353,0.581818,1.551416,2.042849,0.1585,0.4337
1787925507.482475,0.581184,1.552423,2.043576,0.1500,0.4337
1787925507.484921,0.580448,1.552865,2.044276,0.1944,0.4337
1787925507.489723,0.580094,1.553780,2.045308,0.1971,0.4337
1787925507.495935,0.579917,1.554671,2.046541,0.1801,0.4337
1787925507.506829,0.579297,1.555641,2.047289,0.1576,0.4337
1787925507.513502,0.578614,1.556269,2.048365,0.1495,0.4337
1787925507.527759,0.578754,1.557209,2.049996,0.1209,0.4337
1787925507.530742,0.577645,1.557503,2.050200,0.1622,0.4337
1787925507.538003,0.577261,1.558324,2.051102,0.1510,0.4337
1787925507.540269,0.577026,1.559250,2.052311,0.2288,0.4337
1787925507.547020,0.576627,1.560026,2.053342,0.1989,0.4337
1787925507.552050,0.576422,1.561005,2.055223,0.1966,0.4337
1787925507.559302,0.575801,1.561678,2.055738,0.1742,0.5947
1787925507.568932,0.574947,1.562435,2.056077,0.1552,0.5947
1787925507.573252,0.574389,1.562983,2.057506,0.1604,0.5947
1787925507.578599,0.574184,1.563932,2.059142,0.1647,0.5947
1787925507.586491,0.573659,1.564570,2.060071,0.1461,0.5947
1787925507.599717,0.572998,1.565544,2.060631,0.1288,0.5947
1787925507.602363,0.572904,1.566592,2.062203,0.1999,0.5947
1787925507.605430,0.571944,1.566913,2.062214,0.2119,0.5947
1787925507.614106,0.571418,1.567986,2.063060,0.1896,0.5947
1787925507.619031,0.571274,1.568953,2.064607,0.1888,0.5947
1787925507.626999,0.571045,1.569635,2.066305,0.1588,0.5947
1787925507.632072,0.570460,1.570429,2.066904,0.1689,0.5947
1787925507.639643,0.569632,1.571420,2.067110,0.1684,0.5947
1787925507.648077,0.568967,1.572237,2.067632,0.1547,0.5947
1787925507.659540,0.568410,1.572932,2.067989,0.1313,0.5817
1787925507.661841,0.568492,1.573954,2.069560,0.2037,0.5817
1787925507.668904,0.567533,1.574739,2.069216,0.1913,0.5817
1787925507.670344,0.567003,1.575535,2.069600,0.3325,0.5817
1787925507.679309,0.565888,1.575771,2.069130,0.2575,0.5817
1787925507.688312,0.565509,1.576775,2.069976,0.2157,0.5817
1787925507.689653,0.564945,1.577502,2.070472,0.3541,0.5817
1787925507.695915,0.564913,1.578345,2.072636,0.2840,0.5817
1787925507.702994,0.564265,1.579103,2.073249,0.2402,0.5817
1787925507.709736,0.563229,1.579770,2.073789,0.2164,0.5817
1787925507.715861,0.563253,1.581062,2.075964,0.2062,0.5817
1787925507.723997,0.563064,1.581945,2.078039,0.1762,0.5817
1787925507.733152,0.562348,1.582600,2.078559,0.1535,0.5817
1787925507.734705,0.562009,1.583612,2.080662,0.3101,0.5817
1787925507.744289,0.561352,1.584244,2.082459,0.2444,0.5817
1787925507.750693,0.561368,1.585320,2.084826,0.2146,0.5817
1787925507.763297,0.561062,1.586423,2.087107,0.1766,0.5713
1787925507.776159,0.560121,1.587172,2.088020,0.1497,0.5713
1787925507.777711,0.559818,1.588086,2.089854,0.2872,0.5713
1787925507.780134,0.559457,1.588919,2.091632,0.3127,0.5713
1787925507.783721,0.558884,1.589976,2.092635,0.3194,0.5713
1787925507.791441,0.558293,1.590476,2.093772,0.2519,0.5713
1787925507.806108,0.557892,1.591459,2.095188,0.1978,0.5713
1787925507.808605,0.556874,1.591903,2.095109,0.2459,0.5713
1787925507.811626,0.556115,1.592776,2.095484,0.2849,0.5713
1787925507.814984,0.556038,1.593741,2.097471,0.2775,0.5713
1787925507.823237,0.555039,1.594063,2.098190,0.2226,0.5713
1787925507.831363,0.554415,1.594839,2.098868,0.1922,0.5713
1787925507.836744,0.554116,1.595677,2.100508,0.1833,0.5713
1787925507.844527,0.553706,1.596513,2.101811,0.1641,0.5713
1787925507.848618,0.553112,1.596938,2.103063,0.1638,0.5713
1787925507.859259,0.552582,1.597532,2.104589,0.1367,0.5455
1787925507.866979,0.552168,1.598282,2.105840,0.1289,0.5455
1787925507.872577,0.551642,1.598978,2.107092,0.1367,0.5455
1787925507.883640,0.551192,1.599595,2.108575,0.1163,0.5455
1787925507.885032,0.550214,1.600220,2.109469,0.3051,0.5455
1787925507.891239,0.549871,1.601164,2.110891,0.2612,0.5455
1787925507.894643,0.549865,1.602302,2.113197,0.2690,0.5455
1787925507.905312,0.548874,1.602625,2.113977,0.2105,0.5455
1787925507.920179,0.548448,1.603269,2.115307,0.1629,0.5455
1787925507.921462,0.548205,1.604034,2.117314,0.2964,0.5455
1787925507.924330,0.547300,1.604429,2.118119,0.2921,0.5455
1787925507.931340,0.546308,1.604821,2.119034,0.2409,0.5455
1787925507.938504,0.546418,1.605785,2.120967,0.2006,0.5455
1787925507.948378,0.546318,1.606629,2.122868,0.1639,0.5455
1787925507.956896,0.545225,1.607184,2.123636,0.1516,0.5152
1787925507.961301,0.544801,1.607757,2.124833,0.1545,0.5152
1787925507.968128,0.543890,1.608253,2.125276,0.1477,0.5152
1787925507.975504,0.543316,1.608722,2.125891,0.1319,0.5152
1787925507.982455,0.542508,1.609450,2.127231,0.1375,0.5152
1787925507.991296,0.542001,1.610407,2.127833,0.1329,0.5152
1787925507.994499,0.541650,1.611334,2.128890,0.1840,0.5152
1787925507.997296,0.541462,1.611959,2.130813,0.1963,0.5152
1787925508.003912,0.541204,1.612728,2.132226,0.1732,0.5152
1787925508.009103,0.540648,1.613414,2.133221,0.1719,0.5152
1787925508.017626,0.539921,1.614062,2.134471,0.1533,0.5152
1787925508.026708,0.539472,1.614805,2.136410,0.1360,0.5152
1787925508.031138,0.538552,1.615384,2.136314,0.1616,0.5152
1787925508.040574,0.538605,1.616317,2.138429,0.1373,0.5152
1787925508.046005,0.538150,1.616796,2.140207,0.1319,0.5152
1787925508.054354,0.537593,1.617639,2.141469,0.1286,0.5152
1787925508.060759,0.537043,1.618476,2.142869,0.1370,0.4820
1787925508.068992,0.536914,1.619666,2.144634,0.1348,0.4820
1787925508.076918,0.536238,1.620344,2.145719,0.1299,0.4820
1787925508.088920,0.535674,1.620666,2.147026,0.1053,0.4820
1787925508.090216,0.535308,1.621949,2.148463,0.3690,0.4820
1787925508.155777,0.534199,1.622334,2.148920,0.2625,0.4814
1787925508.157351,0.533519,1.623236,2.150033,0.3986,0.4814
1787925508.160220,0.532962,1.623969,2.151440,0.3750,0.4814
1787925508.163193,0.532719,1.624956,2.152661,0.3592,0.4814
1787925508.166026,0.532185,1.625892,2.154198,0.3654,0.4814
1787925508.168221,0.531729,1.626399,2.155706,0.3480,0.4814
1787925508.169563,0.530821,1.627044,2.155997,0.4757,0.4814
1787925508.172283,0.530360,1.628292,2.157558,0.4759,0.4814
1787925508.175160,0.530204,1.628941,2.159344,0.3984,0.4814
1787925508.178262,0.529230,1.629582,2.159991,0.3827,0.4814
1787925508.181264,0.528344,1.630286,2.160840,0.3756,0.4814
1787925508.183481,0.527846,1.631258,2.163164,0.4097,0.4814
1787925508.184772,0.527040,1.631649,2.164309,0.4669,0.4814
1787925508.186769,0.526239,1.632460,2.165957,0.4952,0.4814
1787925508.188981,0.526176,1.633367,2.168076,0.4532,0.4814
1787925508.190198,0.525853,1.634200,2.169820,0.5314,0.4814
1787925508.207585,0.524843,1.634918,2.170825,0.3920,0.4814
1787925508.208875,0.524369,1.635769,2.172051,0.5001,0.4814
1787925508.211317,0.523416,1.636586,2.172299,0.4990,0.4814
1787925508.221799,0.522898,1.637443,2.173823,0.3779,0.4814
1787925508.239567,0.522584,1.638478,2.175215,0.2819,0.4814
1787925508.240936,0.521394,1.638596,2.175241,0.3668,0.4814
1787925508.244379,0.520265,1.639135,2.175144,0.3514,0.4814
1787925508.245856,0.519885,1.639818,2.176434,0.4038,0.4814
1787925508.256841,0.519549,1.640812,2.178289,0.3102,0.5155
1787925508.284968,0.519034,1.641523,2.179503,0.2265,0.5155
1787925508.286327,0.518038,1.642043,2.179710,0.3787,0.5155
1787925508.289260,0.517713,1.642676,2.180738,0.3372,0.5155
1787925508.292104,0.517370,1.643489,2.182311,0.3270,0.5155
1787925508.295015,0.516346,1.644081,2.182410,0.3394,0.5155
1787925508.297892,0.515758,1.644723,2.183855,0.3276,0.5155
1787925508.300681,0.515268,1.645345,2.185270,0.3145,0.5155
1787925508.306401,0.514843,1.646003,2.186751,0.2612,0.5155
1787925508.319776,0.514188,1.646650,2.187581,0.2032,0.5155
1787925508.321944,0.513572,1.647479,2.188939,0.2850,0.5155
1787925508.323217,0.513898,1.649228,2.191620,0.4899,0.5155
1787925508.334315,0.512399,1.649051,2.190863,0.3626,0.5155
1787925508.337928,0.511735,1.649716,2.191894,0.3308,0.5155
1787925508.344284,0.511367,1.650457,2.193187,0.2701,0.5155
1787925508.348396,0.511079,1.651167,2.194625,0.2434,0.5155
1787925508.361868,0.510071,1.651639,2.194612,0.1920,0.4853
1787925508.363528,0.509391,1.652225,2.195132,0.2922,0.4853
1787925508.372641,0.509049,1.652767,2.196293,0.2256,0.4853
1787925508.384710,0.508735,1.653668,2.197668,0.1806,0.4853
1787925508.386960,0.508335,1.654584,2.198952,0.2566,0.4853
1787925508.391946,0.507215,1.654809,2.198840,0.2301,0.4853
1787925508.399317,0.507169,1.655536,2.200097,0.1861,0.4853
1787925508.405499,0.506835,1.656473,2.200973,0.1766,0.4853
1787925508.409588,0.505754,1.656746,2.201205,0.1866,0.4853
1787925508.414741,0.505039,1.657214,2.201896,0.1771,0.4853
1787925508.425109,0.505322,1.658821,2.204177,0.1566,0.4853
1787925508.503921,0.504343,1.658770,2.204411,0.1117,0.4755
1787925508.506130,0.503723,1.659558,2.205087,0.2143,0.4755
1787925508.509091,0.503439,1.660236,2.206633,0.2224,0.4755
1787925508.511932,0.502731,1.660963,2.207711,0.2618,0.4755
1787925508.514794,0.501945,1.661376,2.208529,0.2671,0.4755
1787925508.517428,0.500986,1.661953,2.209450,0.3048,0.4755
1787925508.518704,0.500230,1.662627,2.210361,0.4466,0.4755
1787925508.520842,0.500266,1.663485,2.212192,0.4060,0.4755
1787925508.523710,0.499410,1.663971,2.212807,0.3786,0.4755
1787925508.526569,0.498895,1.664905,2.213948,0.3759,0.4755
1787925508.540156,0.498625,1.665857,2.215321,0.2835,0.4755
1787925508.541514,0.498107,1.666402,2.216469,0.3636,0.4755
1787925508.544286,0.497248,1.666919,2.216776,0.3552,0.4755
1787925508.554451,0.496734,1.667395,2.217801,0.2690,0.4755
1787925508.555755,0.497213,1.668820,2.220649,0.3827,0.4381
1787925508.558272,0.495862,1.668739,2.220390,0.3576,0.4381
1787925508.559739,0.495141,1.669062,2.221458,0.3921,0.4381
1787925508.560958,0.494387,1.669955,2.222190,0.5618,0.4381
1787925508.562743,0.493954,1.670583,2.223333,0.5213,0.4381
1787925508.565101,0.493760,1.671386,2.225279,0.4610,0.4381
1787925508.567046,0.493237,1.671969,2.225938,0.4432,0.4381
1787925508.570968,0.492399,1.672826,2.226392,0.4012,0.4381
1787925508.662390,0.491871,1.673107,2.227507,0.2827,0.4210
1787925508.663780,0.491111,1.673750,2.228508,0.4079,0.4210
1787925508.666585,0.490395,1.674511,2.228902,0.3967,0.4210
1787925508.669487,0.489842,1.675003,2.230409,0.3530,0.4210
1787925508.672258,0.489362,1.675572,2.231506,0.3276,0.4210
1787925508.675089,0.488689,1.676444,2.232740,0.3460,0.4210
1787925508.678303,0.488033,1.677225,2.233252,0.3374,0.4210
1787925508.680213,0.487630,1.678095,2.234436,0.3828,0.4210
1787925508.681473,0.486952,1.678368,2.235174,0.4187,0.4210
1787925508.684133,0.486608,1.679066,2.236395,0.3788,0.4210
1787925508.686376,0.485890,1.679584,2.236875,0.3792,0.4210
1787925508.687557,0.485653,1.680328,2.238038,0.4511,0.4210
1787925508.689439,0.485277,1.681277,2.239542,0.4716,0.4210
1787925508.691868,0.484381,1.681696,2.239487,0.4393,0.4210
1787925508.694147,0.484176,1.682628,2.241431,0.4204,0.4210
1787925508.695394,0.483462,1.683213,2.242131,0.5111,0.4210
1787925508.697233,0.482979,1.683874,2.242577,0.4913,0.4210
1787925508.699639,0.481930,1.684331,2.243128,0.4700,0.4210
1787925508.711364,0.481426,1.685038,2.244115,0.3512,0.4210
1787925508.717851,0.481258,1.685697,2.245764,0.2744,0.4210
1787925508.719079,0.480422,1.686317,2.245902,0.4381,0.4210
1787925508.735584,0.480255,1.686999,2.246897,0.3183,0.4210
1787925508.738399,0.479638,1.687690,2.248235,0.3214,0.4210
1787925508.740937,0.478983,1.688212,2.248672,0.3216,0.4210
1787925508.742372,0.478267,1.689004,2.248935,0.4480,0.4210
1787925508.795602,0.477641,1.689462,2.249359,0.3178,0.3784
1787925508.799376,0.476920,1.689864,2.249781,0.2833,0.3784
1787925508.802430,0.476466,1.690382,2.250713,0.2660,0.3784
1787925508.805329,0.476139,1.691495,2.252015,0.2969,0.3784
1787925508.808156,0.475421,1.692119,2.252464,0.3073,0.3784
1787925508.810634,0.474909,1.692635,2.253351,0.3026,0.3784
1787925508.811831,0.474553,1.693428,2.254532,0.4222,0.3784
1787925508.813845,0.473886,1.693895,2.254873,0.4123,0.3784
1787925508.816717,0.473522,1.694420,2.256105,0.3551,0.3784
1787925508.819306,0.472716,1.694698,2.256074,0.3326,0.3784
1787925508.821909,0.472281,1.695597,2.256785,0.3447,0.3784
1787925508.827348,0.471323,1.696043,2.257046,0.2939,0.3784
1787925508.828638,0.471011,1.696723,2.258170,0.3738,0.3784
1787925508.872355,0.470302,1.697318,2.258321,0.2679,-0.0000
1787925508.889507,0.469711,1.698024,2.258751,0.2037,-0.0000
1787925508.891237,0.469159,1.698506,2.259635,0.2680,-0.0000
1787925508.894188,0.468577,1.699184,2.259897,0.2784,-0.0000
1787925508.897073,0.468005,1.699585,2.260708,0.2649,-0.0000
1787925508.899673,0.467561,1.700365,2.261473,0.2874,-0.0000
1787925508.900943,0.466562,1.700809,2.261444,0.4324,-0.0000
1787925508.902944,0.466496,1.701443,2.262885,0.3821,-0.0000
1787925508.905786,0.466129,1.702376,2.263365,0.3681,-0.0000
1787925508.908708,0.465585,1.702948,2.263973,0.3385,-0.0000
1787925508.911366,0.465402,1.703178,2.265350,0.2701,-0.0000
1787925508.914069,0.465020,1.703953,2.265948,0.2823,-0.0000
1787925508.943651,0.464222,1.704632,2.266809,0.2081,-0.0000
1787925508.946374,0.463796,1.705174,2.267521,0.2215,-0.0000
1787925508.949085,0.463259,1.705199,2.267952,0.1954,-0.0000
1787925508.951153,0.462830,1.705643,2.269049,0.2262,-0.0000
1787925508.952450,0.462603,1.706074,2.269966,0.2684,-0.0000
1787925508.954355,0.462364,1.706293,2.270842,0.2384,-0.0000
1787925508.956973,0.462225,1.706419,2.271411,0.1882,-0.0000
1787925508.963240,0.461990,1.706678,2.271651,0.1485,-0.0000
1787925508.971130,0.461925,1.706789,2.271706,0.1088,-0.0000
1787925509.016354,0.461919,1.706916,2.272330,0.0768,-0.0000
1787925509.017767,0.461972,1.706825,2.272959,0.0318,-0.0000
1787925509.020681,0.462229,1.706816,2.274053,0.0044,-0.0000
1787925509.023503,0.462378,1.706906,2.274579,0.0002,-0.0000
1787925509.026375,0.462377,1.706920,2.274915,0.0013,-0.0000
1787925509.029009,0.462357,1.706690,2.275499,-0.0176,-0.0000
1787925509.029889,0.462294,1.706370,2.275462,-0.0814,-0.0000
1787925509.030806,0.462608,1.706360,2.276024,-0.1262,-0.0000
1787925509.032876,0.462763,1.706097,2.276413,-0.1319,-0.0000
1787925509.035858,0.462837,1.705917,2.276397,-0.1110,-0.0000
1787925509.037252,0.462971,1.705814,2.276055,-0.1131,-0.0000
1787925509.051992,0.462802,1.705432,2.275296,-0.0829,-0.0000
1787925509.053422,0.462633,1.705286,2.274208,-0.0584,-0.0000
1787925509.071154,0.462834,1.705050,2.273604,-0.0461,-0.0000
1787925509.072881,0.462959,1.704813,2.272593,-0.0778,-0.0000
1787925509.075464,0.462887,1.704875,2.271720,-0.0436,-0.0000
1787925509.078099,0.463216,1.704848,2.271681,-0.0570,-0.0000
1787925509.120071,0.463199,1.704618,2.270928,-0.0411,-0.0000
1787925509.121435,0.463232,1.704985,2.271291,0.0283,-0.0000
1787925509.124205,0.463403,1.704913,2.271592,0.0019,-0.0000
1787925509.127060,0.463679,1.705160,2.271988,0.0025,-0.0000
1787925509.129893,0.463452,1.705346,2.272264,0.0323,-0.0000
1787925509.170287,0.463607,1.705480,2.272662,0.0226,-0.0000
1787925509.172976,0.463877,1.705715,2.273533,0.0164,-0.0000
1787925509.176379,0.463801,1.706101,2.273833,0.0418,-0.0000
1787925509.179493,0.463891,1.705981,2.273853,0.0148,-0.0000
1787925509.182810,0.463939,1.706328,2.274156,0.0315,-0.0000
1787925509.184386,0.463881,1.706342,2.273869,0.0312,-0.0000
1787925509.187081,0.463794,1.706411,2.273728,0.0340,-0.0000
1787925509.190095,0.463561,1.706294,2.273134,0.0299,-0.0000
1787925509.192998,0.463524,1.706352,2.273066,0.0279,-0.0000
1787925509.195836,0.463133,1.706053,2.272025,0.0221,-0.0000
1787925509.198559,0.463499,1.706444,2.272575,0.0224,-0.0000
1787925509.216438,0.463405,1.706250,2.272361,0.0142,-0.0000
1787925509.217968,0.463215,1.706267,2.272243,0.0365,-0.0000
1787925509.220603,0.463138,1.706036,2.272006,0.0111,-0.0000
1787925509.222623,0.463186,1.706049,2.272381,0.0046,-0.0000
1787925509.223851,0.462992,1.706002,2.272172,0.0252,-0.0000
1787925509.235838,0.463049,1.705764,2.272806,0.0122,-0.0000
1787925509.237128,0.462988,1.705797,2.272379,0.0234,-0.0000
1787925509.238807,0.463007,1.705656,2.272634,-0.0050,-0.0000
1787925509.250212,0.463047,1.705437,2.272572,-0.0086,-0.0000
1787925509.251349,0.463214,1.705711,2.273040,0.0205,-0.0000
1787925509.272096,0.463101,1.705544,2.272397,0.0136,-0.0000
1787925509.273539,0.463049,1.705350,2.272266,-0.0142,-0.0000
1787925509.276393,0.463168,1.705487,2.272389,-0.0071,-0.0000
1787925509.287107,0.463285,1.705561,2.272272,-0.0055,-0.0000
1787925509.317858,0.463242,1.705570,2.272443,-0.0035,-0.0000
1787925509.319547,0.463297,1.705636,2.271987,0.0001,-0.0000
1787925509.321114,0.463442,1.705875,2.272391,0.0172,-0.0000
1787925509.322607,0.463325,1.705649,2.272358,-0.0074,-0.0000
1787925509.324062,0.463323,1.705830,2.272100,0.0235,-0.0000
1787925509.325480,0.463674,1.706144,2.272855,0.0192,-0.0000
1787925509.328106,0.463503,1.706122,2.272676,0.0242,-0.0000
1787925509.336969,0.463249,1.705893,2.272320,0.0165,-0.0000
1787925509.338476,0.463520,1.706222,2.272628,0.0268,-0.0000
1787925509.493294,0.463641,1.706214,2.272942,0.0186,-0.0000
1787925509.494699,0.463425,1.706090,2.272552,0.0224,-0.0000
1787925509.497396,0.463438,1.706091,2.272622,0.0149,-0.0000
1787925509.500457,0.463408,1.706010,2.272544,0.0062,-0.0000
1787925509.503267,0.463143,1.705838,2.272248,0.0086,-0.0000
1787925509.504594,0.463591,1.706092,2.272950,-0.0156,-0.0000
1787925509.505766,0.463175,1.705834,2.272011,0.0074,-0.0000
1787925509.508497,0.463134,1.705764,2.272243,0.0023,-0.0000
1787925509.511330,0.463314,1.705992,2.272329,0.0077,-0.0000
1787925509.514144,0.463186,1.705790,2.272034,-0.0022,-0.0000
1787925509.516971,0.463213,1.705744,2.272379,-0.0072,-0.0000
1787925509.519721,0.463288,1.705775,2.272491,-0.0077,-0.0000
1787925509.522501,0.463313,1.705803,2.272534,-0.0049,-0.0000
1787925509.525275,0.463309,1.705824,2.272643,-0.0014,-0.0000
1787925509.527988,0.463216,1.705689,2.272228,-0.0058,-0.0000
1787925509.530856,0.463135,1.705747,2.272295,0.0061,-0.0000
1787925509.533668,0.463330,1.705752,2.272481,-0.0088,-0.0000
1787925509.536482,0.463331,1.705826,2.272551,-0.0001,-0.0000
1787925509.538700,0.463476,1.705706,2.272705,-0.0251,-0.0000
1787925509.539895,0.463036,1.705661,2.272122,0.0449,-0.0000
1787925509.542264,0.463333,1.705939,2.272588,0.0341,-0.0000
1787925509.545112,0.463233,1.705864,2.272029,0.0246,-0.0000
1787925509.546446,0.463362,1.706083,2.272301,0.0364,-0.0000
1787925509.547972,0.463184,1.705809,2.272314,0.0067,-0.0000
1787925509.550615,0.463337,1.705960,2.272146,0.0067,-0.0000
1787925509.553225,0.463331,1.705986,2.272452,0.0074,-0.0000
1787925509.555762,0.463321,1.706078,2.272357,0.0142,-0.0000
1787925509.557842,0.463436,1.705970,2.272421,-0.0127,-0.0000
1787925509.559052,0.463208,1.705846,2.272345,0.0040,-0.0000
1787925509.560791,0.463249,1.705926,2.272246,0.0088,-0.0000
1787925509.563170,0.463453,1.705984,2.272559,-0.0049,-0.0000
1787925509.565545,0.463346,1.705833,2.272269,-0.0093,-0.0000
1787925509.567107,0.463239,1.706049,2.272371,0.0387,-0.0000
1787925509.568653,0.463428,1.705829,2.272228,-0.0292,-0.0000
1787925509.573297,0.463228,1.705666,2.272180,-0.0202,-0.0000
1787925509.581087,0.463355,1.705955,2.272417,-0.0088,-0.0000
1787925509.588041,0.463453,1.705872,2.272728,-0.0116,-0.0000
1787925509.599539,0.463298,1.705888,2.272408,-0.0052,-0.0000
1787925509.601635,0.463081,1.705859,2.272277,0.0133,-0.0000
1787925509.606597,0.463400,1.705785,2.272495,-0.0065,-0.0000
1787925509.642092,0.463102,1.705657,2.272067,-0.0038,-0.0000
1787925509.643646,0.463226,1.705647,2.272273,-0.0196,-0.0000
1787925509.645983,0.463393,1.706008,2.272621,0.0078,-0.0000
1787925509.648237,0.463285,1.705840,2.272197,-0.0023,-0.0000
1787925509.650864,0.463326,1.705835,2.272416,-0.0051,-0.0000
1787925509.652129,0.463314,1.705906,2.272479,0.0112,-0.0000
1787925509.669570,0.463256,1.705965,2.272095,0.0092,-0.0000
1787925509.670858,0.463412,1.705972,2.272593,-0.0156,-0.0000
1787925509.673336,0.463206,1.705731,2.272070,-0.0171,-0.0000
1787925509.678507,0.463460,1.706195,2.272557,-0.0009,-0.0000
1787925509.689106,0.463315,1.705915,2.272578,-0.0041,-0.0000
1787925509.707408,0.463422,1.705982,2.272380,-0.0031,-0.0000
1787925509.708685,0.463238,1.706063,2.272359,0.0403,-0.0000
1787925509.711173,0.463216,1.705927,2.272280,0.0174,-0.0000
1787925509.713891,0.463285,1.705816,2.272280,-0.0021,-0.0000
1787925509.757711,0.463418,1.706120,2.272231,-0.0005,-0.0000
1787925509.759017,0.463267,1.705830,2.272386,-0.0288,-0.0000
1787925509.761760,0.463492,1.706010,2.272428,-0.0211,-0.0000
1787925509.764587,0.463249,1.705985,2.272254,-0.0001,-0.0000
1787925509.766750,0.463436,1.706014,2.272603,-0.0137,-0.0000
1787925509.767939,0.463399,1.706004,2.272517,-0.0056,-0.0000
1787925509.770110,0.463329,1.705900,2.272486,-0.0087,-0.0000
1787925509.773004,0.463173,1.705796,2.272238,-0.0038,-0.0000
1787925509.775822,0.463345,1.705891,2.272346,-0.0067,-0.0000
1787925509.778472,0.463276,1.705843,2.272404,-0.0038,-0.0000
1787925509.781275,0.463296,1.706045,2.272368,0.0124,-0.0000
1787925509.825195,0.463409,1.705878,2.272643,0.0073,-0.0000
1787925509.826617,0.463284,1.705939,2.272293,0.0319,-0.0000
1787925509.829463,0.463279,1.705760,2.272586,0.0084,-0.0000
1787925509.832125,0.463345,1.705765,2.272435,0.0014,-0.0000
1787925509.838645,0.463230,1.705845,2.272345,0.0072,-0.0000
1787925509.839906,0.463334,1.705842,2.272328,-0.0114,-0.0000
1787925509.842446,0.463366,1.705683,2.272290,-0.0248,-0.0000
1787925509.844899,0.463033,1.705735,2.271947,0.0139,-0.0000
1787925509.846107,0.463467,1.705954,2.272563,-0.0185,-0.0000
1787925509.847987,0.463318,1.705805,2.272141,-0.0157,-0.0000
1787925509.855937,0.463166,1.705839,2.272151,-0.0063,-0.0000
1787925509.863092,0.463274,1.705920,2.272266,-0.0047,-0.0000
1787925509.883804,0.463391,1.705901,2.272370,-0.0046,-0.0000
1787925509.885126,0.463305,1.705970,2.272390,0.0215,-0.0000
1787925509.887639,0.463510,1.705907,2.272630,-0.0066,-0.0000
1787925509.922966,0.463137,1.705713,2.271833,-0.0039,-0.0000
1787925509.924214,0.463198,1.705993,2.272104,0.0394,-0.0000
1787925509.926985,0.463360,1.705929,2.272382,0.0110,-0.0000
1787925509.929693,0.463459,1.705950,2.272661,0.0023,-0.0000
1787925509.930931,0.463188,1.705771,2.272081,0.0110,-0.0000
1787925509.933739,0.463133,1.705746,2.272271,0.0094,-0.0000
1787925509.935243,0.463458,1.705899,2.272533,-0.0119,-0.0000
1787925509.936531,0.463136,1.705872,2.272136,0.0353,-0.0000
1787925509.939303,0.463251,1.705909,2.272094,0.0198,-0.0000
1787925509.945427,0.463277,1.705760,2.272281,0.0074,-0.0000
1787925509.980457,0.463272,1.705963,2.272165,0.0066,-0.0000
1787925509.990169,0.463249,1.705795,2.272182,0.0011,-0.0000
1787925509.991422,0.463246,1.705854,2.272124,0.0120,-0.0000
1787925509.994311,0.463090,1.705681,2.272002,0.0051,-0.0000
1787925509.997465,0.463356,1.705985,2.272447,0.0094,-0.0000
1787925510.000325,0.463430,1.706125,2.272424,0.0128,-0.0000
1787925510.014562,0.463228,1.705905,2.272335,0.0081,-0.0000
1787925510.015792,0.463329,1.705711,2.272300,-0.0465,-0.0000
1787925510.018547,0.463509,1.706127,2.272650,-0.0106,-0.0000
1787925510.037972,0.463046,1.705716,2.271747,-0.0076,-0.0000
1787925510.039264,0.463199,1.705909,2.272148,0.0060,-0.0000
1787925510.042013,0.463270,1.705723,2.272305,-0.0163,-0.0000
1787925510.044887,0.463254,1.705983,2.272014,0.0104,-0.0000
1787925510.047673,0.463218,1.705921,2.272133,0.0047,-0.0000
1787925510.054518,0.463453,1.706027,2.272590,0.0002,-0.0000
1787925510.055810,0.463149,1.705778,2.272162,0.0015,-0.0000
1787925510.068755,0.463281,1.706008,2.272085,0.0031,-0.0000
1787925510.069997,0.463136,1.705677,2.272197,-0.0363,-0.0000
1787925510.072515,0.463219,1.705967,2.272112,-0.0054,-0.0000
1787925510.091332,0.463207,1.705906,2.272282,-0.0044,-0.0000
1787925510.092709,0.463257,1.705821,2.272312,-0.0242,-0.0000
1787925510.107665,0.463362,1.705999,2.272199,-0.0156,-0.0000
1787925510.108977,0.463489,1.706094,2.272664,-0.0130,-0.0000
1787925510.152525,0.463209,1.705719,2.272141,-0.0099,-0.0000
1787925510.153860,0.463217,1.705954,2.272137,0.0323,-0.0000
1787925510.156736,0.463341,1.705999,2.272256,0.0179,-0.0000
1787925510.159590,0.463369,1.705922,2.272479,0.0043,-0.0000
1787925510.162435,0.463353,1.706082,2.272339,0.0170,-0.0000
1787925510.165224,0.463201,1.705968,2.272073,0.0131,-0.0000
1787925510.168099,0.463209,1.705834,2.272047,-0.0020,-0.0000
1787925510.171189,0.463111,1.705865,2.271812,0.0070,-0.0000
1787925510.185176,0.463314,1.705939,2.272274,0.0033,-0.0000
1787925510.186533,0.463345,1.705871,2.272231,-0.0135,-0.0000
1787925510.189391,0.463219,1.705908,2.271968,0.0020,-0.0000
1787925510.194615,0.463306,1.706020,2.272245,0.0031,-0.0000
1787925510.195823,0.463368,1.705916,2.272425,-0.0275,-0.0000
1787925510.205923,0.463339,1.705965,2.272201,-0.0176,-0.0000
1787925510.207204,0.463415,1.705947,2.272518,-0.0270,-0.0000
1787925510.233975,0.463255,1.705891,2.272117,-0.0182,-0.0000
1787925510.236516,0.463312,1.705975,2.272400,-0.0095,-0.0000
1787925510.239364,0.463259,1.706010,2.272236,-0.0002,-0.0000
1787925510.242314,0.463152,1.705724,2.272100,-0.0154,-0.0000
1787925510.243611,0.463340,1.706007,2.272360,0.0113,-0.0000
1787925510.245610,0.463210,1.705788,2.271974,-0.0047,-0.0000
1787925510.248515,0.463384,1.705915,2.272376,-0.0048,-0.0000
1787925510.249585,0.463266,1.705877,2.272203,0.0097,-0.0000
1787925510.363600,0.463145,1.705767,2.271958,0.0068,-0.6000
1787925510.364981,0.463290,1.705924,2.272321,0.0106,-0.6000
1787925510.368203,0.463234,1.705877,2.272237,0.0074,-0.6000
1787925510.371204,0.463426,1.706099,2.272612,0.0097,-0.6000
1787925510.374312,0.463309,1.705881,2.272242,-0.0020,-0.6000
1787925510.377277,0.463168,1.705967,2.272066,0.0144,-0.6000
1787925510.380172,0.463304,1.705870,2.272212,-0.0066,-0.6000
1787925510.383046,0.463375,1.706073,2.272188,0.0068,-0.6000
1787925510.384284,0.463159,1.705857,2.271838,-0.0015,-0.6000
1787925510.385463,0.463383,1.705935,2.272274,-0.0227,-0.6000
1787925510.388082,0.463331,1.705666,2.272257,-0.0356,-0.6000
1787925510.390849,0.463278,1.705796,2.272181,-0.0104,-0.6000
1787925510.393820,0.463412,1.706091,2.272356,0.0067,-0.6000
1787925510.396773,0.463431,1.705962,2.272522,-0.0065,-0.6000
1787925510.398863,0.463219,1.705904,2.272696,0.0087,-0.6000
1787925510.400092,0.463237,1.706068,2.273285,0.0338,-0.6000
1787925510.402839,0.463562,1.706228,2.274473,0.0140,-0.6000
1787925510.404804,0.463549,1.706305,2.275145,0.0200,-0.6000
1787925510.405956,0.463589,1.706171,2.275184,-0.0192,-0.6000
1787925510.408144,0.463324,1.706016,2.274965,-0.0061,-0.6000
1787925510.410693,0.462917,1.705857,2.273753,0.0123,-0.6000
1787925510.411931,0.462784,1.705974,2.273340,0.0513,-0.6000
1787925510.413810,0.463127,1.705942,2.273140,-0.0034,-0.6000
1787925510.416184,0.462813,1.705821,2.272382,0.0115,-0.6000
1787925510.451031,0.462526,1.705627,2.271150,0.0084,-0.6000
1787925510.452693,0.462460,1.705634,2.269947,0.0144,-0.6000
1787925510.455122,0.462220,1.705546,2.268932,0.0208,-0.6000
1787925510.458130,0.462157,1.705442,2.267821,0.0106,-0.7000
1787925510.460985,0.461800,1.705352,2.266596,0.0243,-0.7000
1787925510.463825,0.462196,1.705383,2.267198,-0.0074,-0.7000
1787925510.466666,0.462105,1.705410,2.266842,0.0032,-0.7000
1787925510.468724,0.462057,1.705495,2.266585,0.0162,-0.7000
1787925510.478848,0.462142,1.705673,2.266619,0.0138,-0.7000
1787925510.486819,0.462484,1.705875,2.267005,0.0072,-0.7000
1787925510.488213,0.462068,1.705821,2.265807,0.0534,-0.7000
1787925510.496822,0.462201,1.705895,2.265692,0.0364,-0.7000
1787925510.507585,0.462318,1.705868,2.264999,0.0228,-0.7000
1787925510.555274,0.462348,1.706062,2.264375,0.0168,-0.7000
1787925510.558320,0.462337,1.705979,2.263419,0.0062,-0.7000
1787925510.561176,0.462020,1.705764,2.261710,0.0082,-0.7000
1787925510.562490,0.462158,1.705865,2.260733,0.0034,-0.7000
1787925510.565439,0.461997,1.705587,2.259323,-0.0090,-0.7000
1787925510.568238,0.461803,1.705476,2.257441,-0.0023,-0.7000
1787925510.571096,0.461840,1.705481,2.256001,-0.0037,-0.7000
1787925510.574470,0.461623,1.705325,2.254873,-0.0012,-0.7000
1787925510.576433,0.461686,1.705141,2.254191,-0.0287,-0.7000
1787925510.578554,0.461706,1.705285,2.253477,-0.0061,-0.7000
1787925510.586804,0.461691,1.705464,2.252757,0.0012,-0.7000
1787925510.610901,0.461676,1.705228,2.252195,-0.0014,-0.7000
1787925510.612512,0.461697,1.705371,2.251948,0.0173,-0.7000
1787925510.615785,0.461474,1.705265,2.250725,0.0174,-0.7000
1787925510.618948,0.461706,1.705537,2.251451,0.0184,-0.7000
1787925510.621874,0.461909,1.705651,2.251656,0.0089,-0.7000
1787925510.624773,0.461815,1.705683,2.251883,0.0149,-0.7000
1787925510.631447,0.461737,1.705639,2.252063,0.0111,-0.7000
1787925510.632729,0.461782,1.705784,2.252708,0.0275,-0.7000
1787925510.635411,0.461727,1.705813,2.252530,0.0256,-0.7000
1787925510.643242,0.461553,1.705959,2.252489,0.0265,-0.7000
1787925510.644622,0.461668,1.705924,2.252657,-0.0031,-0.7000
1787925510.660244,0.461537,1.705898,2.252522,-0.0010,-0.7000
1787925510.661672,0.461207,1.705726,2.251720,0.0148,-0.7000
1787925510.693977,0.461506,1.705661,2.251991,0.0082,-0.7000
1787925510.695429,0.461283,1.705498,2.251591,0.0085,-0.7000
1787925510.698611,0.461257,1.705238,2.251733,-0.0115,-0.7000
1787925510.700054,0.461596,1.705363,2.252711,-0.0323,-0.7000
1787925510.702990,0.461077,1.704792,2.252176,-0.0346,-0.7000
1787925510.705844,0.461618,1.704872,2.253849,-0.0535,-0.7000
1787925510.725718,0.462073,1.704685,2.255174,-0.0440,-0.7000
1787925510.726968,0.462243,1.704083,2.256080,-0.1686,-0.7000
1787925510.729670,0.462404,1.703734,2.257077,-0.1593,-0.7000
1787925510.732665,0.463024,1.703466,2.258711,-0.1717,-0.7000
1787925510.734408,0.463343,1.703120,2.259816,-0.2011,-0.7000
1787925510.745329,0.463763,1.702683,2.261376,-0.1573,-0.7000
1787925510.746579,0.464320,1.702188,2.262773,-0.2870,-0.7000
1787925510.750766,0.464706,1.701405,2.263943,-0.2617,-0.7000
1787925510.760072,0.465062,1.701125,2.265197,-0.1975,-0.7000
1787925510.765799,0.465393,1.700298,2.266191,-0.1826,-0.7000
1787925510.771588,0.465681,1.699790,2.267073,-0.1576,-0.7000
1787925510.777837,0.466226,1.698914,2.268186,-0.1593,-0.7000
1787925510.788367,0.466480,1.698143,2.268769,-0.1330,-0.7000
1787925510.789707,0.467020,1.697713,2.269935,-0.2445,-0.7000
1787925510.800265,0.467163,1.696729,2.270374,-0.1952,-0.7000
1787925510.806927,0.467948,1.695858,2.271940,-0.1894,-0.7000
1787925510.810322,0.468230,1.695358,2.273033,-0.1824,-0.7000
1787925510.817161,0.468334,1.694261,2.273442,-0.1674,-0.7000
1787925510.825052,0.469276,1.693510,2.275659,-0.1621,-0.7000
1787925510.834059,0.469498,1.692780,2.276794,-0.1368,-0.7000
1787925510.868615,0.470144,1.692040,2.278405,-0.1043,-0.7000
1787925510.870184,0.470856,1.691351,2.280708,-0.2618,-0.7000
1787925510.888458,0.471359,1.690132,2.282362,-0.2038,-0.7000
1787925510.889853,0.472400,1.689515,2.285035,-0.3895,-0.7000
1787925510.892697,0.473329,1.689037,2.287682,-0.3751,-0.7000
1787925510.895545,0.473793,1.687637,2.289507,-0.4058,-0.7000
1787925510.898081,0.475190,1.687478,2.292639,-0.4073,-0.7000
1787925510.901689,0.475475,1.686052,2.293887,-0.3897,-0.7000
1787925510.977268,0.476241,1.685324,2.296109,-0.2770,-0.6678
1787925510.979654,0.477161,1.684393,2.299056,-0.3583,-0.6678
1787925510.982749,0.477943,1.683602,2.301632,-0.3585,-0.6678
1787925510.985663,0.478734,1.682518,2.304236,-0.3884,-0.6678
1787925510.988557,0.479383,1.681348,2.306316,-0.4069,-0.6678
1787925510.991393,0.480312,1.680355,2.309374,-0.4287,-0.6678
1787925510.994394,0.481308,1.679510,2.311695,-0.4296,-0.6678
1787925510.995965,0.481884,1.678088,2.314337,-0.5751,-0.6678
1787925510.997982,0.483137,1.677691,2.317156,-0.5724,-0.6678
1787925511.001149,0.483453,1.675952,2.319444,-0.5417,-0.6678
1787925511.003950,0.484774,1.675455,2.322287,-0.5147,-0.6678
1787925511.006982,0.485155,1.673760,2.324412,-0.5084,-0.6678
1787925511.009851,0.486162,1.673089,2.327514,-0.4792,-0.6678
1787925511.012762,0.486618,1.671634,2.329509,-0.4766,-0.6678
1787925511.015702,0.487587,1.670746,2.332388,-0.4673,-0.6678
1787925511.018481,0.488313,1.669145,2.334958,-0.5062,-0.6678
1787925511.033514,0.489371,1.668331,2.337931,-0.3807,-0.6678
1787925511.034838,0.490529,1.667392,2.340760,-0.6021,-0.6678
1787925511.037599,0.490686,1.666005,2.341311,-0.5415,-0.6678
1787925511.040371,0.491451,1.664960,2.343245,-0.5178,-0.6678
1787925511.043077,0.492114,1.663699,2.344905,-0.5139,-0.6678
1787925511.046237,0.493055,1.662992,2.346983,-0.4702,-0.6678
1787925511.047512,0.493643,1.661709,2.348393,-0.6410,-0.6678
1787925511.049495,0.494041,1.660845,2.349921,-0.5840,-0.6678
1787925511.054338,0.495088,1.660042,2.352892,-0.4899,-0.6678
1787925511.057506,0.495631,1.659089,2.354322,-0.4431,-0.6960
1787925511.092827,0.496051,1.658138,2.355453,-0.3184,-0.6960
1787925511.094512,0.497052,1.657376,2.358292,-0.4448,-0.6960
1787925511.119140,0.497497,1.656475,2.359324,-0.3230,-0.6960
1787925511.120547,0.498360,1.655602,2.362118,-0.4880,-0.6960
1787925511.123322,0.499097,1.655149,2.364277,-0.4327,-0.6960
1787925511.126287,0.499872,1.654174,2.366476,-0.4279,-0.6960
1787925511.160733,0.500858,1.653720,2.369326,-0.3085,-0.6738
1787925511.162367,0.500995,1.652219,2.370304,-0.4261,-0.6738
1787925511.165311,0.502060,1.651553,2.373312,-0.4234,-0.6738
1787925511.168024,0.502969,1.651032,2.375909,-0.4088,-0.6738
1787925511.170923,0.503589,1.649878,2.378693,-0.4151,-0.6738
1787925511.173965,0.504761,1.649143,2.381691,-0.4242,-0.6738
1787925511.176840,0.505385,1.648368,2.384617,-0.3998,-0.6738
1787925511.179125,0.506176,1.647030,2.387252,-0.4759,-0.6738
1787925511.180459,0.507380,1.646620,2.391056,-0.5938,-0.6738
1787925511.183120,0.508272,1.645372,2.393507,-0.5852,-0.6738
1787925511.185942,0.509000,1.644839,2.396623,-0.5049,-0.6738
1787925511.188744,0.510340,1.643432,2.399678,-0.5610,-0.6738
1787925511.194007,0.511125,1.642641,2.402448,-0.4562,-0.6738
1787925511.244008,0.512332,1.641365,2.405687,-0.3298,-0.6738
1787925511.246130,0.513242,1.640538,2.408414,-0.4048,-0.6738
1787925511.249031,0.514197,1.639180,2.410973,-0.4506,-0.6738
1787925511.251826,0.515106,1.638224,2.414079,-0.4565,-0.6738
1787925511.253466,0.516287,1.637398,2.416692,-0.5814,-0.6738
1787925511.255224,0.516914,1.635767,2.418585,-0.6713,-0.6738
1787925511.258165,0.518265,1.635138,2.421359,-0.6158,-0.6405
1787925511.261080,0.518708,1.633526,2.423087,-0.5746,-0.6405
1787925511.263941,0.520057,1.632530,2.425796,-0.5775,-0.6405
1787925511.266810,0.520579,1.631187,2.427773,-0.5375,-0.6405
1787925511.268559,0.522244,1.630433,2.431429,-0.6770,-0.6405
1787925511.285423,0.522783,1.629294,2.433075,-0.4944,-0.6405
1787925511.288257,0.523879,1.628047,2.435786,-0.5199,-0.6405
1787925511.289500,0.525075,1.627390,2.438025,-0.6866,-0.6405
1787925511.291583,0.525748,1.625723,2.439740,-0.7098,-0.6405
1787925511.302010,0.526971,1.625435,2.442698,-0.5291,-0.6405
1787925511.329378,0.527698,1.624112,2.444734,-0.3858,-0.6405
1787925511.330747,0.528676,1.623234,2.447274,-0.5577,-0.6405
1787925511.333685,0.529740,1.622584,2.450305,-0.5165,-0.6405
1787925511.335988,0.530495,1.621284,2.451837,-0.5452,-0.6405
1787925511.337248,0.531562,1.620742,2.455136,-0.6599,-0.6405
1787925511.339755,0.532496,1.619640,2.457205,-0.6319,-0.6405
1787925511.346577,0.533367,1.618946,2.460065,-0.4913,-0.6405
1787925511.349629,0.534674,1.617878,2.463741,-0.5098,-0.6405
1787925511.350500,0.535500,1.616894,2.465755,-0.7906,-0.6405
1787925511.369437,0.536807,1.616349,2.469799,-0.5750,-0.6689
1787925511.370705,0.537633,1.615344,2.472612,-0.7034,-0.6689
1787925511.382383,0.539011,1.614531,2.476142,-0.5331,-0.6689
1787925511.384348,0.539574,1.613531,2.478043,-0.5350,-0.6689
1787925511.400608,0.541093,1.612531,2.481993,-0.4079,-0.6689
1787925511.401930,0.541950,1.611996,2.484851,-0.5137,-0.6689
1787925511.404677,0.543341,1.610875,2.488541,-0.5547,-0.6689
1787925511.406641,0.544141,1.609876,2.491221,-0.5779,-0.6689
1787925511.414662,0.545596,1.608940,2.494381,-0.4690,-0.6689
1787925511.429266,0.546473,1.607700,2.496722,-0.3580,-0.6689
1787925511.431873,0.547490,1.606521,2.499463,-0.4256,-0.6689
1787925511.464474,0.548477,1.605201,2.500926,-0.3125,-0.6450
1787925511.465834,0.549672,1.603968,2.503674,-0.5923,-0.6450
1787925511.469083,0.550546,1.603097,2.505842,-0.5274,-0.6450
1787925511.471923,0.551538,1.601792,2.507927,-0.5352,-0.6450
1787925511.473859,0.552536,1.601178,2.510116,-0.5556,-0.6450
1787925511.475075,0.553977,1.600253,2.513136,-0.8106,-0.6450
1787925511.478678,0.554727,1.599335,2.514986,-0.6628,-0.6450
1787925511.479722,0.555752,1.598199,2.517252,-0.8935,-0.6450
1787925511.502769,0.556685,1.597263,2.519222,-0.6424,-0.6450
1787925511.505486,0.558162,1.596374,2.522017,-0.6395,-0.6450
1787925511.531175,0.558459,1.595022,2.523206,-0.4596,-0.6450
1787925511.532641,0.560442,1.594824,2.527336,-0.6767,-0.6450
1787925511.535710,0.560911,1.593888,2.529081,-0.5638,-0.6450
1787925511.538627,0.561655,1.593014,2.530974,-0.5088,-0.6450
1787925511.541498,0.562962,1.592350,2.534561,-0.5080,-0.6450
1787925511.544348,0.563704,1.591240,2.536242,-0.4863,-0.6450
1787925511.546224,0.564789,1.590260,2.539000,-0.5721,-0.6450
1787925511.558723,0.565593,1.589561,2.541066,-0.4259,-0.6302
1787925511.575631,0.567090,1.588820,2.545005,-0.3275,-0.6302
1787925511.576594,0.567706,1.587865,2.546626,-0.5548,-0.6302
1787925511.578424,0.569353,1.587439,2.550790,-0.6515,-0.6302
1787925511.581379,0.570163,1.586674,2.553348,-0.5675,-0.6302
1787925511.583215,0.571299,1.585945,2.556737,-0.6179,-0.6302
1787925511.590406,0.572645,1.585208,2.560000,-0.4964,-0.6302
1787925511.592323,0.573504,1.584330,2.562837,-0.5351,-0.6302
1787925511.596308,0.574651,1.583465,2.566416,-0.4825,-0.6302
1787925511.607357,0.576100,1.582772,2.570221,-0.3810,-0.6302
1787925511.634020,0.577378,1.581890,2.573936,-0.2842,-0.6302
1787925511.636034,0.578661,1.581229,2.577577,-0.4130,-0.6302
1787925511.639060,0.579970,1.580118,2.580912,-0.4576,-0.6302
1787925511.641988,0.581485,1.579609,2.584583,-0.4796,-0.6302
1787925511.654253,0.582634,1.578563,2.587109,-0.3731,-0.6302
1787925511.656021,0.584484,1.577354,2.590353,-0.6360,-0.5949
1787925511.661530,0.585478,1.576637,2.593184,-0.5118,-0.5949
1787925511.662781,0.587052,1.575437,2.596194,-0.8300,-0.5949
1787925511.665382,0.587956,1.574555,2.599219,-0.7229,-0.5949
1787925511.668544,0.589338,1.573458,2.602193,-0.6720,-0.5949
1787925511.680289,0.590350,1.572673,2.604998,-0.5028,-0.5949
1787925511.683665,0.591557,1.571147,2.606721,-0.5134,-0.5949
1787925511.692356,0.592202,1.569878,2.608325,-0.4008,-0.5949
1787925511.715475,0.593647,1.569163,2.610843,-0.3014,-0.5949
1787925511.716873,0.594781,1.568352,2.613214,-0.5091,-0.5949
1787925511.719755,0.595869,1.567292,2.615041,-0.5097,-0.5949
1787925511.721312,0.596735,1.566579,2.617214,-0.5698,-0.5949
1787925511.728916,0.597881,1.565733,2.619171,-0.4547,-0.5949
1787925511.735199,0.598729,1.564463,2.621343,-0.3836,-0.5949
1787925511.750816,0.600032,1.563859,2.623841,-0.2960,-0.5949
1787925511.752172,0.601191,1.563257,2.626253,-0.4958,-0.5949
1787925511.755116,0.601865,1.562378,2.628643,-0.4509,-0.5949
1787925511.767312,0.603350,1.561954,2.631570,-0.3526,-0.5839
1787925511.768858,0.604448,1.561556,2.633687,-0.4705,-0.5839
1787925511.774119,0.605156,1.560273,2.635662,-0.4001,-0.5839
1787925511.784789,0.606341,1.559957,2.638149,-0.3135,-0.5839
1787925511.787142,0.607634,1.559414,2.641274,-0.3974,-0.5839
1787925511.792729,0.608493,1.558823,2.643560,-0.3339,-0.5839
1787925511.800718,0.609465,1.558105,2.646038,-0.2786,-0.5839
1787925511.803800,0.610432,1.557589,2.649204,-0.3017,-0.5839
1787925511.850089,0.611882,1.557248,2.652122,-0.2206,-0.5839
1787925511.851418,0.612799,1.556705,2.654993,-0.3945,-0.5839
1787925511.854407,0.614020,1.555894,2.657987,-0.4225,-0.5839
1787925511.857285,0.615332,1.555555,2.661011,-0.4334,-0.5823
1787925511.859094,0.616722,1.555093,2.664787,-0.5433,-0.5823
1787925511.860287,0.618095,1.554542,2.667946,-0.7510,-0.5823
1787925511.863002,0.619289,1.553736,2.671521,-0.6836,-0.5823
1787925511.865784,0.620761,1.553062,2.675550,-0.6529,-0.5823
1787925511.869845,0.622196,1.552723,2.679858,-0.5631,-0.5823
1787925511.871157,0.623500,1.551409,2.682418,-0.7949,-0.5823
1787925511.878507,0.625392,1.551080,2.687217,-0.6317,-0.5823
1787925511.886865,0.626421,1.549895,2.689510,-0.4940,-0.5823
1787925511.893399,0.628157,1.549465,2.693401,-0.4262,-0.5823
1787925511.900733,0.629557,1.548900,2.696674,-0.3600,-0.5823
1787925511.906746,0.631102,1.548009,2.700150,-0.3407,-0.5823
1787925511.911972,0.632662,1.547061,2.702636,-0.3427,-0.5823
1787925511.922497,0.633773,1.546045,2.705051,-0.2808,-0.5823
1787925511.929316,0.635445,1.545351,2.707599,-0.2761,-0.5823
1787925511.931656,0.636310,1.544164,2.709213,-0.3577,-0.5823
1787925511.939117,0.637547,1.543686,2.711903,-0.3036,-0.5823
1787925511.945640,0.639110,1.542666,2.714056,-0.2974,-0.5823
1787925511.956617,0.640218,1.541693,2.715845,-0.2467,-0.5404
1787925511.961364,0.641524,1.540726,2.717516,-0.2731,-0.5404
1787925511.973821,0.642612,1.539944,2.719374,-0.2228,-0.5404
1787925511.975339,0.643570,1.538899,2.721244,-0.4129,-0.5404
1787925511.977988,0.645031,1.538633,2.724105,-0.4526,-0.5404
1787925511.987758,0.645741,1.537289,2.725040,-0.3534,-0.5404
1787925511.993437,0.647018,1.537284,2.727579,-0.3093,-0.5404
1787925511.999079,0.648012,1.536480,2.729764,-0.2821,-0.5404
1787925512.000760,0.649128,1.535953,2.732275,-0.4175,-0.5404
1787925512.008684,0.650054,1.535258,2.734794,-0.3349,-0.5404
1787925512.016007,0.651005,1.534720,2.736586,-0.2789,-0.5404
1787925512.024975,0.652178,1.534399,2.739690,-0.2355,-0.5404
1787925512.039079,0.653306,1.533924,2.741624,-0.1909,-0.5404
1787925512.046003,0.654338,1.533657,2.744421,-0.1793,-0.5404
1787925512.052232,0.655256,1.532858,2.746032,-0.1812,-0.5404
1787925512.065401,0.656402,1.532632,2.748237,-0.1529,-0.5278
1787925512.066682,0.657323,1.532113,2.750003,-0.3528,-0.5278
1787925512.069276,0.658413,1.531550,2.752437,-0.3883,-0.5278
1787925512.070899,0.659009,1.530753,2.754182,-0.4294,-0.5278
1787925512.090551,0.659985,1.530547,2.756240,-0.3156,-0.5278
1787925512.091820,0.661320,1.530491,2.759297,-0.5186,-0.5278
1787925512.095110,0.662271,1.529942,2.761472,-0.4621,-0.5278
1787925512.138767,0.663410,1.529610,2.763778,-0.3316,-0.5278
1787925512.141211,0.664292,1.528886,2.765409,-0.3655,-0.5278
1787925512.144072,0.665223,1.528454,2.768097,-0.3633,-0.5278
1787925512.145985,0.666371,1.528244,2.771190,-0.4339,-0.5278
1787925512.147207,0.667834,1.527855,2.774650,-0.6733,-0.5278
1787925512.149804,0.668997,1.527621,2.777937,-0.6065,-0.5278
1787925512.151036,0.670115,1.527254,2.780269,-0.7110,-0.5278
1787925512.153025,0.671170,1.526516,2.782796,-0.6857,-0.5278
1787925512.155857,0.672425,1.525898,2.784738,-0.6274,-0.5278
1787925512.157641,0.673512,1.525629,2.787000,-0.6263,-0.5006
1787925512.167029,0.674666,1.524860,2.788921,-0.4815,-0.5006
1787925512.179890,0.675841,1.524627,2.791409,-0.3647,-0.5006
1787925512.185503,0.676968,1.524216,2.793163,-0.3194,-0.5006
1787925512.191240,0.677841,1.523470,2.795234,-0.2797,-0.5006
1787925512.198403,0.679162,1.522939,2.796840,-0.2554,-0.5006
1787925512.202338,0.680153,1.522615,2.799290,-0.2582,-0.5006
1787925512.217268,0.681438,1.522147,2.801748,-0.2083,-0.5006
1787925512.235560,0.682189,1.521386,2.803018,-0.1615,-0.5006
1787925512.236957,0.683334,1.521133,2.805408,-0.3631,-0.5006
1787925512.239821,0.684225,1.520504,2.807412,-0.3639,-0.5006
1787925512.242811,0.685054,1.519619,2.808083,-0.3625,-0.5006
1787925512.267830,0.685908,1.519118,2.809818,-0.2654,-0.5012
1787925512.269212,0.686972,1.518914,2.812140,-0.4186,-0.5012
1787925512.272198,0.688032,1.518534,2.813663,-0.4061,-0.5012
1787925512.274644,0.688886,1.518070,2.815134,-0.4018,-0.5012
1787925512.275833,0.689399,1.517240,2.816509,-0.4708,-0.5012
1787925512.277896,0.690262,1.517066,2.819095,-0.4566,-0.5012
1787925512.283695,0.691218,1.516802,2.820867,-0.3709,-0.5012
1787925512.289395,0.691824,1.516481,2.822964,-0.2952,-0.5012
1787925512.304613,0.692207,1.516021,2.824509,-0.2166,-0.5012
1787925512.305872,0.693216,1.515754,2.826244,-0.4000,-0.5012
1787925512.309207,0.694229,1.515487,2.828122,-0.3741,-0.5012
1787925512.313982,0.695149,1.515411,2.830370,-0.3183,-0.5012
1787925512.353072,0.696025,1.514848,2.831641,-0.2306,-0.5012
1787925512.354441,0.696650,1.514818,2.833296,-0.2940,-0.5012
1787925512.357853,0.697739,1.514043,2.836173,-0.3175,-0.4915
1787925512.359609,0.698608,1.514015,2.838384,-0.3653,-0.4915
1787925512.361277,0.699569,1.513617,2.840715,-0.4420,-0.4915
1787925512.364161,0.700588,1.513408,2.843012,-0.4171,-0.4915
1787925512.365797,0.701517,1.513226,2.844408,-0.4647,-0.4915
1787925512.367795,0.702503,1.512440,2.846169,-0.5012,-0.4915
1787925512.373569,0.703393,1.511918,2.847505,-0.4030,-0.4915
1787925512.389297,0.704192,1.511736,2.849642,-0.2977,-0.4915
1787925512.412613,0.705354,1.511536,2.851603,-0.2234,-0.4915
1787925512.413892,0.706149,1.511003,2.852712,-0.3708,-0.4915
1787925512.416525,0.707193,1.510759,2.854886,-0.3815,-0.4915
1787925512.419409,0.708286,1.510431,2.856030,-0.3858,-0.4915
1787925512.422561,0.709169,1.509934,2.857570,-0.3640,-0.4915
1787925512.440550,0.710121,1.509622,2.859013,-0.2715,-0.4915
1787925512.441933,0.711092,1.509157,2.860459,-0.4203,-0.4915
1787925512.444812,0.712187,1.508971,2.861757,-0.4092,-0.4915
1787925512.447638,0.713073,1.508566,2.863731,-0.3886,-0.4915
1787925512.482681,0.713773,1.507962,2.864519,-0.2792,-0.5802
1787925512.485577,0.715168,1.507882,2.866731,-0.3369,-0.5802
1787925512.488479,0.716069,1.507588,2.867918,-0.3336,-0.5802
1787925512.491143,0.716954,1.507161,2.868826,-0.3425,-0.5802
1787925512.492485,0.717932,1.506775,2.870580,-0.4736,-0.5802
1787925512.494564,0.718926,1.506675,2.871789,-0.4735,-0.5802
1787925512.497431,0.719855,1.506305,2.872763,-0.4355,-0.5802
1787925512.499998,0.720678,1.505991,2.873639,-0.4073,-0.5802
1787925512.502911,0.721407,1.505990,2.875348,-0.3576,-0.5802
1787925512.515104,0.722727,1.505821,2.877061,-0.2828,-0.5802
1787925512.516184,0.723571,1.505340,2.878799,-0.4592,-0.5802
1787925512.538409,0.724532,1.505219,2.879986,-0.3344,-0.5802
1787925512.540058,0.725110,1.504879,2.881546,-0.3517,-0.5802
1787925512.543031,0.726123,1.504453,2.882890,-0.3560,-0.5802
1787925512.545873,0.726997,1.504227,2.884674,-0.3444,-0.5802
1787925512.576093,0.728161,1.504064,2.886990,-0.2527,-0.5682
1787925512.577673,0.728846,1.503543,2.888137,-0.3276,-0.5682
1787925512.580602,0.729936,1.503338,2.890154,-0.3427,-0.5682
1787925512.582957,0.730916,1.503278,2.892864,-0.3628,-0.5682
1787925512.584169,0.731857,1.502929,2.894694,-0.5010,-0.5682
1787925512.586525,0.732580,1.502679,2.895690,-0.4477,-0.5682
1787925512.589440,0.733692,1.502323,2.897418,-0.4333,-0.5682
1787925512.592142,0.734334,1.501639,2.898041,-0.3908,-0.5682
1787925512.614949,0.735521,1.501411,2.899388,-0.2894,-0.5682
1787925512.627446,0.736298,1.500890,2.900510,-0.2237,-0.5682
1787925512.628761,0.737422,1.500629,2.901909,-0.4199,-0.5682
1787925512.631309,0.738433,1.500590,2.903431,-0.4107,-0.5682
1787925512.634239,0.739396,1.500177,2.904676,-0.3932,-0.5682
1787925512.646019,0.740367,1.499580,2.905555,-0.3029,-0.5682
1787925512.647238,0.741218,1.499464,2.906020,-0.4225,-0.5682
1787925512.649996,0.742089,1.498983,2.907921,-0.4000,-0.5682
1787925512.680102,0.742851,1.498676,2.909385,-0.2881,-0.5611
1787925512.682047,0.743847,1.498847,2.911291,-0.3451,-0.5611
1787925512.685004,0.744687,1.498525,2.913043,-0.3321,-0.5611
1787925512.686915,0.745509,1.498362,2.914527,-0.3638,-0.5611
1787925512.689297,0.746586,1.497727,2.916205,-0.4048,-0.5611
1787925512.712601,0.747686,1.497474,2.918928,-0.2979,-0.5611
1787925512.713983,0.748363,1.497509,2.920457,-0.3501,-0.5611
1787925512.716571,0.749324,1.497712,2.923270,-0.3488,-0.5611
1787925512.717810,0.750279,1.497465,2.924985,-0.4829,-0.5611
1787925512.720022,0.751195,1.497329,2.926782,-0.4633,-0.5611
1787925512.736017,0.751993,1.497002,2.928626,-0.3402,-0.5611
1787925512.737293,0.752743,1.496365,2.929572,-0.4420,-0.5611
1787925512.740099,0.753731,1.496433,2.931453,-0.4112,-0.5611
1787925512.748633,0.754678,1.496295,2.933231,-0.3214,-0.5611
1787925512.750122,0.755569,1.495948,2.934410,-0.4150,-0.5611
1787925512.766653,0.756508,1.495566,2.935701,-0.3086,-0.5349
1787925512.767665,0.757127,1.495079,2.937034,-0.4250,-0.5349
1787925512.769692,0.758159,1.494846,2.938749,-0.4541,-0.5349
1787925512.771428,0.759039,1.494720,2.940422,-0.4712,-0.5349
1787925512.776162,0.760097,1.494264,2.941861,-0.4013,-0.5349
1787925512.802631,0.761174,1.494101,2.943772,-0.2932,-0.5349
1787925512.804038,0.761817,1.493829,2.945228,-0.3509,-0.5349
1787925512.806762,0.762816,1.493838,2.947703,-0.3534,-0.5349
1787925512.808986,0.763544,1.493181,2.948819,-0.3608,-0.5349
1787925512.839349,0.764076,1.493037,2.950882,-0.2580,-0.5349
1787925512.841203,0.764732,1.492515,2.952317,-0.3008,-0.5349
1787925512.843908,0.765826,1.491996,2.953902,-0.3405,-0.5349
1787925512.846834,0.766724,1.492252,2.956438,-0.3240,-0.5349
1787925512.849527,0.767759,1.491963,2.958151,-0.3460,-0.5349
1787925512.855019,0.768542,1.491282,2.959212,-0.2910,-0.5238
1787925512.857901,0.769268,1.491393,2.961307,-0.2760,-0.5238
1787925512.867178,0.770134,1.490857,2.962022,-0.2238,-0.5238
1787925512.868462,0.770957,1.490659,2.963178,-0.3542,-0.5238
1787925512.871596,0.771636,1.490467,2.964382,-0.3152,-0.5238
1787925512.882200,0.772637,1.490643,2.966511,-0.2476,-0.5238
1787925512.884504,0.773405,1.490310,2.967730,-0.2794,-0.5238
1787925512.899446,0.774082,1.489943,2.968531,-0.2102,-0.5238
1787925512.900800,0.774834,1.489666,2.969812,-0.3218,-0.5238
1787925512.907073,0.775718,1.489371,2.971251,-0.2693,-0.5238
1787925512.914791,0.776475,1.489374,2.972747,-0.2175,-0.5238
1787925512.922951,0.777497,1.489398,2.974569,-0.1892,-0.5238
1787925512.932864,0.778292,1.489212,2.976177,-0.1571,-0.5238
1787925512.935793,0.778968,1.488663,2.977172,-0.1875,-0.5238
1787925512.944537,0.779754,1.488771,2.979092,-0.1573,-0.5238
1787925512.947397,0.780604,1.488477,2.979750,-0.2031,-0.5238
1787925512.953282,0.781561,1.488787,2.982045,-0.1878,-0.5238
1787925512.980080,0.782371,1.488131,2.983535,-0.1415,-0.5096
1787925512.982863,0.783276,1.488030,2.984951,-0.1971,-0.5096
1787925512.985470,0.783976,1.487831,2.986170,-0.2211,-0.5096
1787925512.988065,0.784894,1.487907,2.988275,-0.2583,-0.5096
1787925512.994312,0.785758,1.487975,2.989973,-0.2213,-0.5096
1787925512.996096,0.786575,1.487589,2.991209,-0.3005,-0.5096
1787925513.010005,0.787388,1.487431,2.992385,-0.2282,-0.5096
1787925513.011336,0.788423,1.487177,2.994153,-0.3989,-0.5096
1787925513.019205,0.789249,1.486964,2.995303,-0.3116,-0.5096
1787925513.020497,0.790102,1.487120,2.997188,-0.4088,-0.5096
1787925513.043293,0.791064,1.486800,2.998533,-0.2993,-0.5096
1787925513.045119,0.791896,1.486624,2.999657,-0.3490,-0.5096
1787925513.048061,0.792508,1.486463,3.001119,-0.3084,-0.5096
1787925513.052753,0.793588,1.486280,3.003155,-0.2859,-0.5096
1787925513.053944,0.794509,1.485992,3.004555,-0.4398,-0.5096
1787925513.067713,0.795446,1.485775,3.005887,-0.3287,-0.4975
1787925513.078858,0.796265,1.485367,3.007571,-0.2534,-0.4975
1787925513.080190,0.797112,1.485562,3.009336,-0.3607,-0.4975
1787925513.108645,0.798026,1.485250,3.010329,-0.2625,-0.4975
1787925513.110255,0.799100,1.485085,3.012354,-0.3862,-0.4975
1787925513.113390,0.800119,1.484874,3.014338,-0.3696,-0.4975
1787925513.115536,0.800746,1.484642,3.015712,-0.3497,-0.4975
1787925513.116814,0.801736,1.484255,3.017153,-0.4866,-0.4975
1787925513.119282,0.802757,1.484495,3.019811,-0.4603,-0.4975
1787925513.138104,0.803331,1.484329,3.021265,-0.3316,-0.4975
1787925513.139431,0.804533,1.484414,3.023498,-0.4997,-0.4975
1787925513.153856,0.805457,1.484048,3.025055,-0.3697,-0.4975
1787925513.155779,0.806336,1.483815,3.026331,-0.3993,-0.5835
1787925513.158762,0.807110,1.483568,3.028438,-0.3597,-0.5835
1787925513.161263,0.808171,1.483363,3.029917,-0.3809,-0.5835
1787925513.162572,0.809070,1.483521,3.032209,-0.4675,-0.5835
1787925513.164711,0.809964,1.483165,3.034403,-0.4574,-0.5835
1787925513.171363,0.811031,1.483015,3.036383,-0.3687,-0.5835
1787925513.185463,0.811923,1.482795,3.038628,-0.2775,-0.5835
1787925513.189613,0.812678,1.482600,3.040730,-0.2499,-0.5835
1787925513.191518,0.813574,1.482379,3.041684,-0.3189,-0.5835
1787925513.230290,0.814514,1.482153,3.042890,-0.2306,-0.5835
1787925513.231673,0.815508,1.481850,3.044622,-0.3826,-0.5835
1787925513.234714,0.816636,1.481579,3.045958,-0.3811,-0.5835
1787925513.237724,0.817406,1.481341,3.047297,-0.3454,-0.5835
1787925513.240752,0.818291,1.481128,3.048548,-0.3310,-0.5835
1787925513.243611,0.819124,1.480962,3.049854,-0.3204,-0.5835
1787925513.265704,0.820024,1.480309,3.051489,-0.2372,-0.5680
1787925513.267339,0.820839,1.479904,3.052473,-0.3216,-0.5680
1787925513.270280,0.821882,1.479921,3.053845,-0.3310,-0.5680
1787925513.273137,0.822768,1.479841,3.056073,-0.3251,-0.5680
1787925513.274847,0.823721,1.479839,3.057417,-0.3942,-0.5680
1787925513.299679,0.824494,1.479417,3.059543,-0.2857,-0.5680
1787925513.301054,0.825064,1.479150,3.061006,-0.3287,-0.5680
1787925513.303792,0.826120,1.479260,3.062695,-0.3444,-0.5680
1787925513.306640,0.827084,1.479290,3.064326,-0.3422,-0.5680
1787925513.309505,0.828044,1.479424,3.065779,-0.3387,-0.5680
1787925513.338941,0.828875,1.479000,3.066973,-0.2458,-0.5680
1787925513.340941,0.829623,1.478697,3.067922,-0.2874,-0.5680
1787925513.342217,0.830426,1.478590,3.069266,-0.3912,-0.5680
1787925513.345011,0.831246,1.478773,3.071310,-0.3603,-0.5680
1787925513.347576,0.832080,1.478667,3.072093,-0.3503,-0.5680
1787925513.348843,0.833022,1.478673,3.073576,-0.4677,-0.5680
1787925513.349775,0.833868,1.478076,3.073858,-0.6123,-0.5680
1787925513.351493,0.834783,1.477907,3.074894,-0.5900,-0.5680
1787925513.356895,0.835534,1.478334,3.076635,-0.4530,-0.5593
1787925513.369298,0.836300,1.478006,3.077218,-0.3361,-0.5593
1787925513.374789,0.837205,1.478018,3.078631,-0.2846,-0.5593
1787925513.378940,0.838114,1.477980,3.080119,-0.2650,-0.5593
1787925513.394875,0.838904,1.477818,3.081403,-0.2005,-0.5593
1787925513.396167,0.839514,1.477743,3.082711,-0.2827,-0.5593
1787925513.398781,0.840251,1.478163,3.084568,-0.2796,-0.5593
1787925513.406493,0.840959,1.477531,3.085304,-0.2246,-0.5593
1787925513.410803,0.841834,1.477620,3.086869,-0.2177,-0.5593
1787925513.431118,0.842624,1.477751,3.088906,-0.1639,-0.5593
1787925513.432585,0.843498,1.477719,3.090563,-0.2936,-0.5593
1787925513.435183,0.844299,1.477760,3.092583,-0.2976,-0.5593
1787925513.470503,0.845293,1.477556,3.093822,-0.2168,-0.5290
1787925513.472634,0.845897,1.477052,3.094356,-0.2401,-0.5290
1787925513.479333,0.846723,1.477368,3.096489,-0.2044,-0.5290
1787925513.481224,0.847649,1.477511,3.097852,-0.2889,-0.5290
1787925513.484601,0.848664,1.477710,3.100139,-0.2916,-0.5290
1787925513.487633,0.849412,1.477240,3.101600,-0.2798,-0.5290
1787925513.489541,0.850646,1.477462,3.103329,-0.3885,-0.5290
1787925513.512193,0.851269,1.477089,3.105168,-0.2804,-0.5290
1787925513.513447,0.852153,1.476815,3.106346,-0.4100,-0.5290
1787925513.515734,0.853158,1.477064,3.108748,-0.4176,-0.5290
1787925513.518425,0.854008,1.477102,3.110390,-0.3869,-0.5290
1787925513.521093,0.854830,1.477055,3.112168,-0.3634,-0.5290
1787925513.524371,0.855676,1.476732,3.113014,-0.3326,-0.5290
1787925513.528236,0.856565,1.476317,3.114526,-0.3027,-0.5290
1787925513.534719,0.857554,1.476379,3.115991,-0.2576,-0.5290
1787925513.550283,0.858664,1.476669,3.118088,-0.2016,-0.5290
1787925513.552965,0.859564,1.476350,3.119383,-0.2425,-0.5290
1787925513.557575,0.860577,1.475963,3.120751,-0.2362,-0.5040
1787925513.568332,0.861349,1.476016,3.122226,-0.1868,-0.5040
1787925513.578596,0.862236,1.475552,3.123215,-0.1569,-0.5040
1787925513.580217,0.863205,1.475640,3.125648,-0.2890,-0.5040
1787925513.583139,0.864283,1.475719,3.127432,-0.3128,-0.5040
1787925513.595831,0.865315,1.475678,3.129656,-0.2433,-0.5040
1787925513.597596,0.866024,1.475700,3.131898,-0.2909,-0.5040
1787925513.600516,0.867110,1.475662,3.134052,-0.3152,-0.5040
1787925513.613507,0.867989,1.475395,3.135440,-0.2410,-0.5040
1787925513.614820,0.868974,1.475446,3.137782,-0.3937,-0.5040
1787925513.628839,0.869705,1.475254,3.139434,-0.2913,-0.5040
1787925513.630980,0.870522,1.475404,3.140988,-0.3183,-0.5040
1787925513.636150,0.871494,1.475526,-3.139969,-0.2793,-0.5040
1787925513.639007,0.872433,1.475090,-3.138108,-0.2939,-0.5040
1787925513.648458,0.873112,1.474683,-3.137005,-0.2272,-0.5040
1787925513.679242,0.874141,1.475020,-3.135628,-0.1691,-0.4871
1787925513.681557,0.875070,1.475185,-3.133941,-0.2389,-0.4871
1787925513.684400,0.875913,1.474583,-3.133140,-0.2556,-0.4871
1787925513.700957,0.876479,1.474452,-3.132216,-0.1892,-0.4871
1787925513.702646,0.877388,1.474569,-3.130672,-0.2940,-0.4871
1787925513.705029,0.878266,1.474543,-3.129127,-0.3163,-0.4871
1787925513.706226,0.878891,1.474386,-3.127874,-0.3777,-0.4871
1787925513.708476,0.879664,1.474612,-3.126078,-0.3678,-0.4871
1787925513.711262,0.880616,1.474437,-3.124660,-0.3596,-0.4871
1787925513.715868,0.881276,1.474520,-3.123036,-0.2948,-0.4871
1787925513.733427,0.881855,1.474575,-3.121604,-0.2163,-0.4871
1787925513.734837,0.882922,1.474568,-3.119939,-0.3782,-0.4871
1787925513.737671,0.883597,1.474562,-3.118573,-0.3362,-0.4871
1787925513.746318,0.884378,1.474797,-3.117143,-0.2626,-0.4871
1787925513.772070,0.885113,1.474626,-3.115950,-0.1924,-0.4602
1787925513.773663,0.885777,1.474339,-3.114728,-0.2582,-0.4602
1787925513.776529,0.886494,1.474364,-3.113227,-0.2559,-0.4602
1787925513.779750,0.887336,1.474513,-3.111908,-0.2579,-0.4602
1787925513.782634,0.888164,1.474542,-3.110359,-0.2667,-0.4602
1787925513.795220,0.888930,1.474468,-3.108943,-0.2049,-0.4602
1787925513.796493,0.889945,1.474299,-3.107804,-0.3811,-0.4602
1787925513.799322,0.890446,1.474416,-3.106963,-0.3203,-0.4602
1787925513.804502,0.891309,1.474509,-3.105410,-0.2744,-0.4602
1787925513.849331,0.892219,1.474427,-3.104075,-0.1981,-0.4602
1787925513.850625,0.893054,1.474834,-3.102507,-0.3356,-0.4602
1787925513.853554,0.893854,1.474787,-3.101129,-0.3167,-0.4602
1787925513.855638,0.894640,1.474657,-3.099305,-0.3339,-0.4449
1787925513.856823,0.895431,1.474815,-3.097418,-0.4357,-0.4449
1787925513.859484,0.896269,1.474660,-3.096046,-0.3985,-0.4449
1787925513.861421,0.897538,1.474274,-3.094854,-0.4725,-0.4449
1787925513.862537,0.898336,1.474373,-3.093620,-0.5461,-0.4449
1787925513.865067,0.899065,1.474581,-3.092420,-0.4698,-0.4449
1787925513.867842,0.900047,1.474614,-3.090394,-0.4351,-0.4449
1787925513.871067,0.901004,1.474860,-3.088808,-0.3947,-0.4449
1787925513.886858,0.901801,1.474897,-3.087440,-0.2914,-0.4449
1787925513.888104,0.902633,1.474876,-3.085832,-0.4039,-0.4449
1787925513.895299,0.903282,1.474808,-3.085079,-0.3095,-0.4449
1787925513.906115,0.904365,1.475046,-3.083074,-0.2471,-0.4449
1787925513.914016,0.905191,1.474585,-3.081980,-0.2032,-0.4449
1787925513.920844,0.906403,1.474606,-3.080828,-0.1955,-0.4449
1787925513.942678,0.907135,1.474933,-3.078579,-0.1471,-0.4449
1787925513.944109,0.907943,1.474846,-3.077439,-0.2708,-0.4449
1787925513.946843,0.908896,1.474791,-3.075955,-0.2935,-0.4449
1787925513.949716,0.909672,1.474889,-3.074028,-0.2870,-0.4449
1787925513.964048,0.910625,1.475067,-3.072292,-0.2211,-0.2717
1787925513.982273,0.911545,1.475034,-3.070832,-0.1698,-0.2717
1787925513.984333,0.912523,1.475353,-3.068942,-0.2642,-0.2717
1787925513.987182,0.913503,1.475127,-3.067821,-0.2862,-0.2717
1787925513.989169,0.914279,1.475184,-3.065404,-0.3177,-0.2717
1787925513.990697,0.915173,1.475182,-3.064289,-0.3974,-0.2717
1787925513.995053,0.916089,1.475125,-3.062732,-0.3408,-0.2717
1787925513.997623,0.917033,1.475188,-3.060913,-0.3489,-0.2717
1787925513.999590,0.917856,1.474893,-3.059582,-0.3657,-0.2717
1787925514.005256,0.918960,1.474871,-3.058057,-0.3141,-0.2717
1787925514.010900,0.919910,1.475121,-3.056721,-0.2713,-0.2717
1787925514.017612,0.920740,1.475088,-3.055315,-0.2268,-0.2717
1787925514.058211,0.921904,1.475041,-3.053981,-0.1673,-0.2303
1787925514.059673,0.922614,1.474795,-3.053117,-0.2577,-0.2303
1787925514.062422,0.923543,1.474980,-3.051179,-0.2833,-0.2303
1787925514.065352,0.924523,1.475099,-3.049686,-0.2993,-0.2303
1787925514.068167,0.925324,1.474816,-3.048872,-0.2917,-0.2303
1787925514.094535,0.926430,1.474803,-3.048070,-0.2167,-0.2303
1787925514.096896,0.927321,1.474513,-3.047298,-0.2608,-0.2303
1787925514.098136,0.927964,1.474644,-3.046550,-0.3404,-0.2303
1787925514.101034,0.929033,1.474811,-3.045358,-0.3501,-0.2303
1787925514.102873,0.930182,1.474560,-3.044144,-0.4278,-0.2303
1787925514.104819,0.930936,1.474557,-3.041941,-0.4150,-0.2303
1787925514.106826,0.931663,1.475081,-3.039394,-0.4066,-0.2303
1787925514.124907,0.932708,1.475320,-3.037584,-0.3023,-0.2303
1787925514.127383,0.933410,1.475525,-3.035175,-0.2988,-0.2303
1787925514.176184,0.934163,1.475053,-3.034548,-0.2134,-0.1857
1787925514.177753,0.935089,1.475684,-3.032402,-0.3387,-0.1857
1787925514.179794,0.936039,1.475667,-3.031297,-0.3755,-0.1857
1787925514.182933,0.937024,1.475645,-3.030409,-0.3562,-0.1857
1787925514.185779,0.938068,1.475638,-3.029202,-0.3587,-0.1857
1787925514.188700,0.938890,1.475455,-3.028161,-0.3328,-0.1857
1787925514.190827,0.939730,1.476040,-3.025800,-0.3601,-0.1857
1787925514.192003,0.940732,1.475891,-3.024592,-0.5015,-0.1857
1787925514.194823,0.941800,1.476062,-3.023527,-0.4660,-0.1857
1787925514.197665,0.942620,1.476146,-3.021449,-0.4132,-0.1857
1787925514.200537,0.943491,1.475937,-3.020328,-0.3769,-0.1857
1787925514.203363,0.944547,1.476272,-3.018691,-0.3795,-0.1857
1787925514.207061,0.945498,1.476301,-3.017075,-0.3425,-0.1857
1787925514.229283,0.946656,1.476172,-3.015935,-0.2550,-0.1857
1787925514.230877,0.947477,1.476443,-3.013755,-0.3382,-0.1857
1787925514.232766,0.948514,1.476685,-3.012627,-0.4051,-0.1857
1787925514.234710,0.949462,1.476563,-3.011563,-0.4262,-0.1857
1787925514.258475,0.950649,1.476361,-3.010864,-0.3128,0.0000
1787925514.259985,0.951565,1.476883,-3.009536,-0.4130,0.0000
1787925514.262780,0.952428,1.476560,-3.009067,-0.3764,0.0000
1787925514.265550,0.953663,1.476528,-3.008786,-0.3956,0.0000
1787925514.271581,0.954571,1.476166,-3.008326,-0.3193,0.0000
1787925514.295212,0.955512,1.476381,-3.007450,-0.2357,0.0000
1787925514.297188,0.956485,1.476506,-3.006418,-0.3139,0.0000
1787925514.302168,0.957421,1.476610,-3.005268,-0.2765,0.0000
1787925514.303769,0.958539,1.476605,-3.004063,-0.4010,0.0000
1787925514.305038,0.959329,1.477186,-3.002352,-0.4848,0.0000
1787925514.306451,0.960293,1.477412,-3.001064,-0.5485,0.0000
1787925514.307862,0.961149,1.477141,-3.000262,-0.5561,0.0000
1787925514.327547,0.961907,1.477506,-2.998594,-0.4015,0.0000
1787925514.329357,0.962699,1.477791,-2.997750,-0.4176,0.0000
1787925514.331629,0.963291,1.478100,-2.996003,-0.3756,0.0000
1787925514.333350,0.964116,1.478099,-2.994648,-0.4052,0.0000
1787925514.344567,0.964663,1.478451,-2.992989,-0.2995,0.0000
1787925514.345822,0.965297,1.478489,-2.992350,-0.3609,0.0000
1787925514.370482,0.965914,1.478445,-2.992308,-0.2600,0.0000
1787925514.372504,0.966317,1.478685,-2.991613,-0.2465,0.0000
1787925514.375187,0.966874,1.478501,-2.992117,-0.2310,0.0000
1787925514.392632,0.967428,1.478212,-2.992381,-0.1704,0.0000
1787925514.395481,0.967784,1.478266,-2.992243,-0.1573,0.0000
1787925514.396891,0.968281,1.478417,-2.991553,-0.2193,0.0000
1787925514.399028,0.968631,1.478454,-2.990655,-0.2029,0.0000
1787925514.400600,0.968656,1.478890,-2.989500,-0.1594,0.0000
1787925514.404926,0.968919,1.479024,-2.987947,-0.1310,0.0000
1787925514.417198,0.968909,1.479526,-2.986249,-0.0934,0.0000
1787925514.434916,0.969025,1.479402,-2.985157,-0.0670,0.0000
1787925514.436908,0.969067,1.479989,-2.983637,-0.0670,0.0000
1787925514.460554,0.969157,1.479652,-2.983979,-0.0474,0.0000
1787925514.474518,0.969272,1.479633,-2.983435,-0.0355,0.0000
1787925514.475786,0.969291,1.479502,-2.983750,-0.0243,0.0000
1787925514.478664,0.969044,1.479775,-2.983985,0.0039,0.0000
1787925514.481549,0.968977,1.479634,-2.984325,0.0119,0.0000
1787925514.484350,0.968816,1.479664,-2.984567,0.0249,0.0000
1787925514.487237,0.968703,1.479221,-2.985589,0.0362,0.0000
1787925514.495723,0.968708,1.479146,-2.986162,0.0255,0.0000
1787925514.497396,0.968569,1.479118,-2.986465,0.0433,0.0000
1787925514.500317,0.968440,1.478711,-2.987093,0.0498,0.0000
1787925514.503122,0.968167,1.478897,-2.987334,0.0607,0.0000
1787925514.507635,0.967938,1.478724,-2.986985,0.0593,0.0000
1787925514.515824,0.967563,1.478966,-2.986425,0.0537,0.0000
1787925514.522345,0.967323,1.479188,-2.985819,0.0469,0.0000
1787925514.534386,0.967080,1.479250,-2.985784,0.0386,0.0000
1787925514.535413,0.966815,1.479111,-2.985765,0.1099,0.0000
1787925514.537286,0.966709,1.479387,-2.985563,0.0869,0.0000
1787925514.544600,0.966437,1.479307,-2.985469,0.0723,0.0000
1787925514.557302,0.966377,1.479162,-2.985938,0.0526,0.0000
1787925514.562421,0.966149,1.479246,-2.985873,0.0492,0.0000
1787925514.569927,0.965914,1.479253,-2.985762,0.0437,0.0000
1787925514.571132,0.965886,1.479104,-2.986633,0.0432,0.0000
1787925514.594811,0.965666,1.478956,-2.987148,0.0333,0.0000
1787925514.596355,0.965684,1.479172,-2.986948,0.0135,0.0000
1787925514.599247,0.965810,1.479015,-2.987262,-0.0010,0.0000
1787925514.610415,0.965621,1.478968,-2.987481,0.0045,0.0000
1787925514.611923,0.965687,1.478921,-2.987553,-0.0085,0.0000
1787925514.632057,0.965757,1.479043,-2.987446,-0.0072,0.0000
1787925514.633825,0.965795,1.479082,-2.987170,-0.0125,0.0000
1787925514.636256,0.965838,1.478977,-2.987505,-0.0120,0.0000
1787925514.638357,0.965941,1.478980,-2.986962,-0.0231,0.0000
1787925514.664885,0.966075,1.479307,-2.986302,-0.0182,0.0000
1787925514.666716,0.966141,1.479127,-2.986513,-0.0188,0.0000
1787925514.669622,0.966218,1.479076,-2.986495,-0.0202,0.0000
1787925514.671672,0.966402,1.479086,-2.986230,-0.0411,0.0000
1787925514.672938,0.966420,1.479078,-2.986256,-0.0325,0.0000
1787925514.675665,0.966545,1.478969,-2.986804,-0.0346,0.0000
1787925514.686157,0.966474,1.479082,-2.986368,-0.0227,0.0000
1787925514.687602,0.966689,1.479088,-2.986548,-0.0602,0.0000
1787925514.695528,0.966632,1.479176,-2.986310,-0.0405,0.0000
1787925514.697571,0.966650,1.479223,-2.986291,-0.0321,0.0000
1787925514.702913,0.966692,1.479198,-2.986226,-0.0246,0.0000
1787925514.716650,0.966723,1.479057,-2.986607,-0.0174,0.0000
1787925514.762957,0.966806,1.479148,-2.986298,-0.0128,0.0000
1787925514.765011,0.966720,1.478965,-2.986523,0.0075,0.0000
1787925514.767946,0.966745,1.478919,-2.986796,0.0035,0.0000
1787925514.769218,0.966803,1.479207,-2.986037,-0.0216,0.0000
1787925514.770400,0.966658,1.479058,-2.986637,0.0271,0.0000
1787925514.773050,0.966583,1.479238,-2.986199,0.0241,0.0000
1787925514.775709,0.966541,1.479085,-2.986445,0.0243,0.0000
1787925514.781357,0.966427,1.479214,-2.986067,0.0219,0.0000
1787925514.782830,0.966409,1.478972,-2.986739,0.0265,0.0000
1787925514.801514,0.966295,1.479319,-2.986575,0.0195,0.0000
1787925514.802803,0.966267,1.478928,-2.986615,0.0341,0.0000
1787925514.805314,0.966285,1.478974,-2.986856,0.0210,0.0000
1787925514.807631,0.966290,1.479217,-2.986759,0.0091,0.0000
1787925514.810233,0.966189,1.479209,-2.986832,0.0180,0.0000
1787925514.817628,0.966235,1.479176,-2.986420,0.0110,0.0000
1787925514.825018,0.966261,1.479031,-2.986828,0.0076,0.0000
1787925514.844280,0.966138,1.479032,-2.986758,0.0072,0.0000
1787925514.862868,0.966253,1.478922,-2.986961,0.0035,0.0000
1787925514.864231,0.966254,1.479084,-2.986648,-0.0034,0.0000
1787925514.867146,0.966269,1.479015,-2.986554,-0.0028,0.0000
1787925514.869955,0.966351,1.478948,-2.986840,-0.0095,0.0000
1787925514.872796,0.966358,1.479236,-2.986265,-0.0121,0.0000
1787925514.874528,0.966389,1.479108,-2.986496,-0.0104,0.0000
1787925514.875748,0.966436,1.479129,-2.986674,-0.0195,0.0000
1787925514.898811,0.966344,1.479081,-2.986654,-0.0124,0.0000
1787925514.900341,0.966406,1.479171,-2.986594,-0.0235,0.0000
1787925514.907135,0.966466,1.478990,-2.986767,-0.0178,0.0000
1787925514.908479,0.966339,1.479129,-2.986480,0.0107,0.0000
1787925514.911682,0.966474,1.479087,-2.986560,-0.0043,0.0000
1787925514.931833,0.966523,1.479063,-2.986602,-0.0037,0.0000
1787925514.933213,0.966431,1.479225,-2.986209,0.0117,0.0000
1787925514.935620,0.966424,1.479201,-2.986285,0.0094,0.0000
1787925514.945699,0.966592,1.478892,-2.986650,0.0031,0.0000
1787925514.972128,0.966452,1.479118,-2.986442,0.0033,0.0000
1787925514.973454,0.966529,1.479086,-2.986438,-0.0137,0.0000
1787925514.976155,0.966496,1.479044,-2.986681,-0.0053,0.0000
1787925514.978999,0.966366,1.479122,-2.986313,0.0086,0.0000
1787925514.980201,0.966338,1.479130,-2.986500,0.0126,0.0000
1787925514.982094,0.966437,1.478990,-2.986819,-0.0033,0.0000
1787925514.984954,0.966399,1.479168,-2.986421,-0.0013,0.0000
1787925514.987948,0.966328,1.478984,-2.986616,0.0090,0.0000
1787925514.998392,0.966549,1.479059,-2.986757,-0.0003,0.0000
1787925515.006087,0.966265,1.479170,-2.986353,0.0101,0.0000
1787925515.011448,0.966280,1.479062,-2.986572,0.0071,0.0000
1787925515.012847,0.966403,1.479035,-2.986493,-0.0201,0.0000
1787925515.018916,0.966328,1.479200,-2.986316,-0.0117,0.0000
1787925515.054479,0.966258,1.479115,-2.986558,-0.0075,0.0000
1787925515.057222,0.966327,1.479058,-2.986802,-0.0117,0.0000
1787925515.060116,0.966363,1.479131,-2.986549,-0.0131,0.0000
1787925515.063041,0.966407,1.479102,-2.986644,-0.0131,0.0000
1787925515.065912,0.966337,1.479011,-2.986741,-0.0005,0.0000
1787925515.149659,0.966369,1.479156,-2.986612,-0.0006,0.0000
1787925515.151729,0.966466,1.479337,-2.986077,-0.0183,0.0000
1787925515.154756,0.966422,1.478932,-2.986966,-0.0024,0.0000
1787925515.155961,0.966437,1.479065,-2.986686,-0.0103,0.0000
1787925515.157756,0.966376,1.479259,-2.986488,-0.0022,0.0000
1787925515.160987,0.966524,1.478900,-2.986827,-0.0100,0.0000
1787925515.163056,0.966421,1.479149,-2.986623,0.0022,0.0000
1787925515.164315,0.966440,1.479036,-2.986492,0.0011,0.0000
1787925515.166374,0.966468,1.479297,-2.986378,-0.0090,0.0000
1787925515.168192,0.966429,1.478931,-2.986756,0.0093,0.0000
1787925515.169473,0.966419,1.479189,-2.986423,-0.0004,0.0000
1787925515.171405,0.966451,1.479103,-2.986453,-0.0032,0.0000
1787925515.175253,0.966428,1.479038,-2.986530,0.0003,0.0000
1787925515.178378,0.966402,1.479272,-2.986443,-0.0008,0.0000
1787925515.181255,0.966537,1.479057,-2.986544,-0.0110,0.0000
1787925515.183979,0.966292,1.479326,-2.986363,0.0144,0.0000
1787925515.185266,0.966498,1.479049,-2.986682,-0.0274,0.0000
1787925515.187542,0.966466,1.479040,-2.986692,-0.0148,0.0000
1787925515.189304,0.966338,1.479113,-2.986738,0.0091,0.0000
1787925515.190563,0.966424,1.479226,-2.986524,-0.0179,0.0000
1787925515.193044,0.966464,1.479051,-2.986486,-0.0140,0.0000
1787925515.197482,0.966317,1.478967,-2.986755,0.0009,0.0000
1787925515.267425,0.966357,1.478960,-2.986695,0.0005,0.0000
1787925515.269356,0.966455,1.479159,-2.986398,-0.0196,0.0000
1787925515.272262,0.966410,1.479015,-2.986656,-0.0068,0.0000
1787925515.274276,0.966396,1.479120,-2.986640,-0.0051,0.0000
1787925515.275455,0.966447,1.479154,-2.986422,-0.0178,0.0000
1787925515.278016,0.966482,1.479041,-2.986720,-0.0145,0.0000
1787925515.280869,0.966397,1.479123,-2.986551,-0.0026,0.0000
1787925515.282759,0.966395,1.479068,-2.986644,-0.0001,0.0000
1787925515.284323,0.966386,1.479071,-2.986525,0.0015,0.0000
1787925515.287216,0.966416,1.478947,-2.986708,-0.0000,0.0000
1787925515.289579,0.966429,1.478989,-2.986783,-0.0025,0.0000
1787925515.290765,0.966412,1.479159,-2.986556,-0.0040,0.0000
1787925515.292819,0.966421,1.479106,-2.986478,-0.0029,0.0000
1787925515.298724,0.966415,1.479102,-2.986483,-0.0017,0.0000
1787925515.300090,0.966336,1.479112,-2.986430,0.0157,0.0000
1787925515.305230,0.966313,1.479177,-2.986382,0.0117,0.0000
1787925515.322225,0.966445,1.478938,-2.986452,0.0065,0.0000
1787925515.325029,0.966413,1.479164,-2.986588,0.0043,0.0000
1787925515.327874,0.966391,1.479264,-2.986357,0.0036,0.0000
1787925515.341433,0.966455,1.479133,-2.986619,0.0016,0.0000
1787925515.348287,0.966270,1.479102,-2.986510,0.0093,0.0000
1787925515.350453,0.966421,1.479083,-2.986600,-0.0138,0.0000
