timestamp,x,y,yaw,velocity,steering
1787921346.545196,1.077187,-2.669290,1.673789,0.0000,0.0000
1787921346.552483,1.077094,-2.669241,1.673406,0.0024,0.0000
1787921346.558788,1.076899,-2.669208,1.673273,0.0042,0.0000
1787921346.565498,1.076724,-2.669180,1.673091,0.0050,0.0000
1787921346.571704,1.077053,-2.669307,1.673589,-0.0042,0.0000
1787921346.579148,1.077069,-2.669230,1.673477,0.0000,0.0000
1787921346.585806,1.076876,-2.669212,1.673320,0.0017,0.0000
1787921346.592394,1.076903,-2.669240,1.673572,-0.0002,0.0000
1787921346.598633,1.076836,-2.669252,1.673282,-0.0004,0.0000
1787921346.606251,1.076853,-2.669158,1.672987,0.0033,0.0000
1787921346.612702,1.076994,-2.669175,1.673148,0.0009,0.0000
1787921346.618862,1.076906,-2.669314,1.673109,-0.0057,0.0000
1787921346.625888,1.077166,-2.669294,1.673668,-0.0043,0.0000
1787921346.632914,1.077123,-2.669270,1.673649,-0.0018,0.0000
1787921346.639716,1.077004,-2.669261,1.673504,-0.0003,0.0000
1787921346.645782,1.076887,-2.669294,1.673336,-0.0012,0.0000
1787921346.652147,1.077034,-2.669280,1.673379,-0.0009,0.0000
1787921346.659078,1.077032,-2.669271,1.673354,-0.0002,0.0000
1787921346.665793,1.076941,-2.669194,1.673080,0.0036,0.0000
1787921346.672951,1.076995,-2.669301,1.673210,-0.0021,0.0000
1787921346.678620,1.076924,-2.669249,1.673184,0.0016,0.0000
1787921346.686540,1.077195,-2.669321,1.673688,-0.0026,0.0000
1787921346.691839,1.076892,-2.669252,1.673077,0.0038,0.0000
1787921346.698325,1.076800,-2.669215,1.672895,0.0048,0.0000
1787921346.706355,1.076558,-2.669152,1.672486,0.0066,0.0000
1787921346.712347,1.076901,-2.669276,1.673110,-0.0033,0.0000
1787921346.720211,1.076911,-2.669318,1.673296,-0.0039,0.0000
1787921346.725977,1.077070,-2.669258,1.673477,-0.0005,0.0000
1787921346.732385,1.076871,-2.669196,1.672878,0.0035,0.0000
1787921346.742122,1.077062,-2.669296,1.673299,-0.0012,0.0000
1787921346.746168,1.077043,-2.669264,1.673522,0.0016,0.0000
1787921346.752217,1.076902,-2.669302,1.673315,0.0000,0.0000
1787921346.758451,1.077112,-2.669257,1.673482,0.0011,0.0000
1787921346.765313,1.076970,-2.669260,1.673624,0.0013,0.0000
1787921346.771839,1.076961,-2.669185,1.673052,0.0044,0.0000
1787921346.778521,1.077097,-2.669189,1.673517,0.0022,0.0000
1787921346.785292,1.076773,-2.669182,1.672720,0.0033,0.0000
1787921346.791934,1.076942,-2.669153,1.673625,0.0029,0.0000
1787921346.798945,1.076664,-2.669233,1.672781,-0.0002,0.0000
1787921346.805204,1.076959,-2.669214,1.673151,-0.0006,0.0000
1787921346.813114,1.076967,-2.669257,1.673347,-0.0021,0.0000
1787921346.819421,1.076918,-2.669304,1.673142,-0.0035,0.0000
1787921346.826483,1.076926,-2.669309,1.673433,-0.0027,0.0000
1787921346.834110,1.077065,-2.669219,1.673324,0.0011,0.0000
1787921346.838464,1.077002,-2.669229,1.673348,0.0006,0.0000
1787921346.846146,1.077130,-2.669303,1.673385,-0.0030,0.0000
1787921346.851994,1.077189,-2.669228,1.673877,0.0014,0.0000
1787921346.858526,1.076959,-2.669214,1.673229,0.0027,0.0000
1787921346.865502,1.077219,-2.669250,1.673669,-0.0008,0.0000
1787921346.872180,1.077051,-2.669274,1.673361,-0.0009,0.0000
1787921346.878946,1.076781,-2.669170,1.672907,0.0052,0.0000
1787921346.885586,1.076922,-2.669259,1.673452,-0.0010,0.0000
1787921346.892204,1.076724,-2.669201,1.672973,0.0028,0.0000
1787921346.899041,1.076897,-2.669225,1.673427,0.0002,0.0000
1787921346.905416,1.077097,-2.669157,1.673667,0.0023,0.0000
1787921346.916366,1.076995,-2.669244,1.673436,-0.0005,0.0000
1787921346.918443,1.077014,-2.669287,1.673413,-0.0068,0.0000
1787921346.926183,1.076996,-2.669285,1.673402,-0.0046,0.0000
1787921346.932218,1.077071,-2.669268,1.673186,-0.0028,0.0000
1787921346.939666,1.077048,-2.669276,1.673273,-0.0022,0.0000
1787921346.946926,1.077018,-2.669287,1.673139,-0.0018,0.0000
1787921346.952395,1.077169,-2.669315,1.673530,-0.0037,0.0000
1787921346.958535,1.076939,-2.669365,1.673391,-0.0039,0.0000
1787921346.965670,1.076928,-2.669220,1.673356,0.0034,0.0000
1787921346.972014,1.076954,-2.669278,1.673525,-0.0005,0.0000
1787921346.978878,1.076648,-2.669109,1.672888,0.0084,0.0000
1787921346.985007,1.076718,-2.669139,1.673138,0.0041,0.0000
1787921346.993074,1.076722,-2.669135,1.673141,0.0030,0.0000
1787921346.998466,1.076781,-2.669354,1.673301,-0.0104,0.0000
1787921347.005492,1.077072,-2.669184,1.673575,-0.0013,0.0000
1787921347.011757,1.077077,-2.669255,1.673450,-0.0043,0.0000
1787921347.019135,1.077075,-2.669303,1.673407,-0.0049,0.0000
1787921347.027477,1.077191,-2.669243,1.673563,-0.0018,0.0000
1787921347.032221,1.077068,-2.669299,1.673201,-0.0039,0.0000
1787921347.040615,1.077072,-2.669353,1.673199,-0.0047,0.0000
1787921347.045510,1.077087,-2.669394,1.673498,-0.0059,0.0000
1787921347.051548,1.077196,-2.669275,1.673590,0.0012,0.0000
1787921347.058588,1.076975,-2.669266,1.673289,0.0022,0.0000
1787921347.066284,1.077073,-2.669241,1.673589,0.0021,0.0000
1787921347.072227,1.076933,-2.669251,1.673442,0.0017,0.0000
1787921347.078783,1.076680,-2.669158,1.672863,0.0066,0.0000
1787921347.085295,1.076677,-2.669188,1.672791,0.0033,0.0000
1787921347.091984,1.076799,-2.669202,1.673099,0.0011,0.0000
1787921347.098889,1.076930,-2.669220,1.673133,-0.0006,0.0000
1787921347.105298,1.076806,-2.669235,1.672867,-0.0005,0.0000
1787921347.112184,1.076947,-2.669301,1.673509,-0.0039,0.0000
1787921347.120194,1.077077,-2.669206,1.673407,0.0003,0.0000
1787921347.125394,1.076952,-2.669235,1.673105,-0.0007,0.0000
1787921347.132731,1.077110,-2.669266,1.673654,-0.0024,0.0000
1787921347.138592,1.077004,-2.669340,1.673337,-0.0049,0.0000
1787921347.145619,1.077204,-2.669383,1.673771,-0.0061,0.0000
1787921347.152761,1.077236,-2.669313,1.673776,-0.0015,0.0000
1787921347.158545,1.077113,-2.669245,1.673471,0.0031,0.0000
1787921347.165619,1.076989,-2.669216,1.673407,0.0039,0.0000
1787921347.182758,1.076906,-2.669190,1.673236,0.0034,0.0000
1787921347.184612,1.076877,-2.669130,1.673121,0.0124,0.0000
1787921347.185731,1.076878,-2.669177,1.673031,-0.0039,0.0000
1787921347.192448,1.076795,-2.669237,1.673001,-0.0050,0.0000
1787921347.199140,1.076989,-2.669206,1.673588,-0.0030,0.0000
1787921347.205680,1.076870,-2.669211,1.673263,-0.0018,0.0000
1787921347.211898,1.076925,-2.669206,1.673313,-0.0013,0.0000
1787921347.218901,1.077199,-2.669257,1.673765,-0.0043,0.0000
1787921347.225835,1.076969,-2.669312,1.673413,-0.0043,0.0000
1787921347.232474,1.077222,-2.669213,1.673397,0.0002,0.0000
1787921347.238904,1.077078,-2.669273,1.673590,-0.0019,0.0000
1787921347.247488,1.077137,-2.669378,1.673715,-0.0052,0.0000
1787921347.254615,1.077191,-2.669272,1.673445,0.0006,0.0000
1787921347.258994,1.077170,-2.669339,1.673579,-0.0041,0.0000
1787921347.265251,1.076914,-2.669177,1.673133,0.0061,0.0000
1787921347.272241,1.076703,-2.669190,1.673100,0.0047,0.0000
1787921347.278462,1.076839,-2.669284,1.673471,-0.0019,0.0000
1787921347.285077,1.076923,-2.669202,1.673118,0.0019,0.0000
1787921347.292199,1.076907,-2.669273,1.673442,-0.0015,0.0000
1787921347.299977,1.076696,-2.669249,1.672878,0.0007,0.0000
1787921347.305382,1.076890,-2.669129,1.673290,0.0060,0.0000
1787921347.312648,1.077071,-2.669142,1.673541,0.0029,0.0000
1787921347.319796,1.076836,-2.669247,1.673099,-0.0013,0.0000
1787921347.325779,1.076988,-2.669228,1.673362,-0.0008,0.0000
1787921347.334211,1.077135,-2.669313,1.673526,-0.0041,0.0000
1787921347.339540,1.077130,-2.669265,1.673420,-0.0001,0.0000
1787921347.346104,1.077066,-2.669385,1.673546,-0.0052,0.0000
1787921347.352072,1.077156,-2.669332,1.673374,-0.0015,0.0000
1787921347.358957,1.076950,-2.669348,1.673282,-0.0008,0.0000
1787921347.365473,1.077038,-2.669254,1.673518,0.0033,0.0000
1787921347.373194,1.076985,-2.669220,1.673080,0.0038,0.0000
1787921347.379044,1.076996,-2.669177,1.673372,0.0049,0.0000
1787921347.385101,1.076743,-2.669112,1.673121,0.0079,0.0000
1787921347.391946,1.076975,-2.669228,1.673395,-0.0006,0.0000
1787921347.399641,1.076895,-2.669190,1.673018,0.0014,0.0000
1787921347.405174,1.076840,-2.669207,1.673174,0.0004,0.0000
1787921347.411809,1.076979,-2.669195,1.673442,0.0002,0.0000
1787921347.419414,1.077014,-2.669253,1.673203,-0.0023,0.0000
1787921347.427539,1.077164,-2.669253,1.673762,-0.0022,0.0000
1787921347.432316,1.077295,-2.669282,1.673686,-0.0042,0.0000
1787921347.438585,1.077357,-2.669283,1.673799,-0.0033,0.0000
1787921347.445140,1.077234,-2.669354,1.673726,-0.0049,0.0000
1787921347.452239,1.076971,-2.669319,1.673458,-0.0009,0.0000
1787921347.459234,1.076882,-2.669222,1.672957,0.0039,0.0000
1787921347.465461,1.076718,-2.669225,1.672948,0.0034,0.0000
1787921347.472568,1.076806,-2.669260,1.673145,0.0005,0.0000
1787921347.480512,1.076791,-2.669183,1.673372,0.0033,0.0000
1787921347.485689,1.076660,-2.669135,1.672755,0.0059,0.0000
1787921347.491513,1.076769,-2.669106,1.673049,0.0050,0.0000
1787921347.498735,1.076750,-2.669244,1.673247,-0.0021,0.0000
1787921347.505807,1.076882,-2.669273,1.673385,-0.0033,0.0000
1787921347.512075,1.076913,-2.669224,1.673128,-0.0001,0.0000
1787921347.518696,1.077006,-2.669232,1.673310,-0.0009,0.0000
1787921347.526063,1.077196,-2.669267,1.673856,-0.0028,0.0000
1787921347.533992,1.077276,-2.669335,1.673895,-0.0049,0.0000
1787921347.539659,1.077319,-2.669325,1.673896,-0.0031,0.0000
1787921347.545300,1.077250,-2.669329,1.673811,-0.0020,0.0000
1787921347.552986,1.077193,-2.669290,1.673712,0.0003,0.0000
1787921347.561634,1.077074,-2.669187,1.673347,0.0042,0.0000
1787921347.565590,1.076976,-2.669246,1.673073,-0.0008,0.0000
1787921347.571896,1.076972,-2.669180,1.673517,0.0026,0.0000
1787921347.579058,1.076894,-2.669199,1.673226,0.0014,0.0000
1787921347.585200,1.076813,-2.669101,1.672730,0.0061,0.0000
1787921347.593878,1.076925,-2.669054,1.673186,0.0055,0.0000
1787921347.598858,1.076818,-2.669253,1.673199,-0.0074,0.0000
1787921347.606721,1.077106,-2.669183,1.673439,-0.0037,0.0000
1787921347.611947,1.076788,-2.669285,1.673036,-0.0065,0.0000
1787921347.618636,1.077157,-2.669293,1.673854,-0.0066,0.0000
1787921347.625585,1.077055,-2.669356,1.673494,-0.0069,0.0000
1787921347.634522,1.076931,-2.669218,1.673035,0.0002,0.0000
1787921347.641298,1.077037,-2.669269,1.673268,-0.0026,0.0000
1787921347.644947,1.076958,-2.669298,1.673403,-0.0035,0.0000
1787921347.653396,1.077117,-2.669344,1.673469,-0.0047,0.0000
1787921347.659428,1.076944,-2.669221,1.673189,0.0037,0.0000
1787921347.666727,1.076917,-2.669203,1.673268,0.0034,0.0000
1787921347.672585,1.076802,-2.669329,1.673469,-0.0034,0.0000
1787921347.678429,1.077057,-2.669210,1.673487,0.0024,0.0000
1787921347.685834,1.076901,-2.669210,1.673402,0.0023,0.2472
1787921347.692000,1.076762,-2.669215,1.673222,0.0021,0.2472
1787921347.698614,1.076901,-2.669185,1.673425,0.0021,0.2472
1787921347.706060,1.076835,-2.669204,1.673172,0.0010,0.2472
1787921347.711531,1.077107,-2.669268,1.673345,-0.0043,0.2472
1787921347.719223,1.077174,-2.669289,1.673537,-0.0041,0.2472
1787921347.725706,1.076851,-2.669281,1.672921,-0.0010,0.2472
1787921347.734557,1.077083,-2.669273,1.673261,-0.0012,0.2472
1787921347.738885,1.077027,-2.669263,1.673286,0.0003,0.2472
1787921347.745277,1.077098,-2.669341,1.673607,-0.0038,0.2472
1787921347.752587,1.077045,-2.669231,1.673415,0.0020,0.2472
1787921347.759282,1.077156,-2.669283,1.673603,-0.0014,0.2472
1787921347.766135,1.076877,-2.669352,1.673058,-0.0027,0.2472
1787921347.771718,1.076975,-2.669293,1.672870,0.0007,0.2472
1787921347.778662,1.076861,-2.669334,1.671819,-0.0008,0.2472
1787921347.786046,1.076484,-2.669203,1.670945,0.0063,0.2501
1787921347.793017,1.076866,-2.669278,1.671918,-0.0005,0.2501
1787921347.799864,1.076664,-2.669170,1.671635,0.0053,0.2501
1787921347.805249,1.076880,-2.669313,1.670353,-0.0054,0.2501
1787921347.812277,1.076780,-2.669373,1.669270,-0.0059,0.2501
1787921347.818793,1.076717,-2.669458,1.668232,-0.0077,0.2501
1787921347.825206,1.076535,-2.669414,1.667426,-0.0026,0.2501
1787921347.831821,1.076551,-2.669353,1.667168,0.0009,0.2501
1787921347.838640,1.076721,-2.669393,1.667422,-0.0019,0.2501
1787921347.846159,1.077180,-2.669403,1.668560,-0.0035,0.2501
1787921347.852070,1.076950,-2.669440,1.668363,-0.0032,0.2501
1787921347.858568,1.077151,-2.669498,1.668523,-0.0058,0.2501
1787921347.868521,1.077174,-2.669409,1.668346,-0.0015,0.2501
1787921347.871994,1.077341,-2.669571,1.668908,-0.0163,0.2501
1787921347.878909,1.077441,-2.669532,1.669072,-0.0102,0.2501
1787921347.885370,1.077224,-2.669379,1.668596,0.0009,0.2594
1787921347.892442,1.077238,-2.669374,1.668658,0.0008,0.2594
1787921347.898606,1.077160,-2.669536,1.668899,-0.0069,0.2594
1787921347.905401,1.077221,-2.669456,1.669170,-0.0016,0.2594
1787921347.912700,1.077001,-2.669550,1.668250,-0.0041,0.2594
1787921347.919675,1.077034,-2.669592,1.668156,-0.0048,0.2594
1787921347.925847,1.076788,-2.669710,1.667633,-0.0079,0.2594
1787921347.932022,1.076761,-2.669728,1.667360,-0.0063,0.2594
1787921347.939362,1.076849,-2.669750,1.667854,-0.0056,0.2594
1787921347.945282,1.076897,-2.669669,1.668271,-0.0001,0.2594
1787921347.952224,1.076923,-2.669604,1.668459,0.0026,0.2594
1787921347.960379,1.076718,-2.669517,1.668370,0.0058,0.2594
1787921347.965184,1.076949,-2.669519,1.668858,0.0025,0.2594
1787921347.972681,1.076724,-2.669477,1.668533,0.0043,0.2594
1787921347.978885,1.076746,-2.669352,1.668507,0.0089,0.2594
1787921347.985587,1.076677,-2.669354,1.668422,0.0064,0.2575
1787921347.992127,1.076875,-2.669443,1.669036,-0.0004,0.2575
1787921347.998527,1.076673,-2.669459,1.668589,-0.0001,0.2575
1787921348.006014,1.076772,-2.669393,1.668611,0.0022,0.2575
1787921348.012697,1.077151,-2.669402,1.669231,-0.0006,0.2575
1787921348.018571,1.076829,-2.669481,1.668268,-0.0028,0.2575
1787921348.025275,1.077031,-2.669366,1.668654,0.0023,0.2575
1787921348.033441,1.077060,-2.669368,1.668481,0.0014,0.2575
1787921348.038632,1.077229,-2.669463,1.668785,-0.0054,0.2575
1787921348.046590,1.077321,-2.669531,1.668558,-0.0067,0.2575
1787921348.052297,1.077275,-2.669430,1.669086,0.0008,0.2575
1787921348.058839,1.076964,-2.669445,1.668676,0.0013,0.2575
1787921348.065792,1.077139,-2.669522,1.669037,-0.0032,0.2575
1787921348.073536,1.076934,-2.669425,1.668592,0.0023,0.2575
1787921348.078889,1.076689,-2.669438,1.668252,0.0022,0.2575
1787921348.085668,1.077017,-2.669530,1.668745,-0.0039,0.2578
1787921348.095757,1.076903,-2.669454,1.668538,-0.0002,0.2578
1787921348.098756,1.076734,-2.669531,1.668136,-0.0062,0.2578
1787921348.105058,1.076727,-2.669460,1.668206,-0.0009,0.2578
1787921348.114299,1.076830,-2.669437,1.667922,-0.0002,0.2578
1787921348.119363,1.076687,-2.669418,1.667321,0.0018,0.2578
1787921348.125367,1.076696,-2.669331,1.667234,0.0055,0.2578
1787921348.132300,1.076629,-2.669357,1.666885,0.0030,0.2578
1787921348.138769,1.076590,-2.669073,1.666563,0.0154,0.2578
1787921348.145633,1.076565,-2.668942,1.666445,0.0166,0.2578
1787921348.154091,1.076561,-2.668660,1.665990,0.0216,0.2578
1787921348.158780,1.076352,-2.668285,1.665278,0.0403,0.2578
1787921348.165354,1.076072,-2.667930,1.664561,0.0455,0.2578
1787921348.171989,1.076243,-2.667578,1.664671,0.0470,0.2578
1787921348.179241,1.076106,-2.666967,1.664449,0.0586,0.2578
1787921348.185608,1.075553,-2.666288,1.663005,0.0753,0.2600
1787921348.192709,1.075769,-2.665483,1.663723,0.0857,0.2600
1787921348.198661,1.075882,-2.664738,1.663753,0.0969,0.2600
1787921348.206837,1.075987,-2.663753,1.664545,0.1034,0.2600
1787921348.212635,1.076423,-2.662880,1.665258,0.1152,0.2600
1787921348.218888,1.075822,-2.661887,1.664969,0.1308,0.2600
1787921348.225353,1.076206,-2.660766,1.665892,0.1416,0.2600
1787921348.233675,1.076301,-2.659785,1.666202,0.1340,0.2600
1787921348.239079,1.076223,-2.658465,1.666335,0.1672,0.2600
1787921348.252124,1.075593,-2.655916,1.665832,0.1767,0.2600
1787921348.258748,1.075584,-2.654799,1.666238,0.1741,0.2600
1787921348.268514,1.075039,-2.653410,1.665643,0.1660,0.2600
1787921348.274059,1.075082,-2.652318,1.665822,0.1747,0.2600
1787921348.279637,1.075290,-2.651183,1.666915,0.1820,0.2600
1787921348.285297,1.074631,-2.649988,1.665939,0.1938,0.2506
1787921348.291755,1.074269,-2.648840,1.665930,0.1903,0.2506
1787921348.299769,1.074469,-2.647488,1.666756,0.1829,0.2506
1787921348.305160,1.074499,-2.646379,1.666995,0.1893,0.2506
1787921348.314412,1.073963,-2.645198,1.666503,0.1723,0.2506
1787921348.319527,1.073934,-2.644067,1.667374,0.1868,0.2506
1787921348.325997,1.074047,-2.642973,1.668235,0.1807,0.2506
1787921348.332057,1.073740,-2.641657,1.668357,0.1928,0.2506
1787921348.338602,1.073159,-2.640594,1.667633,0.1861,0.2506
1787921348.345456,1.073483,-2.639228,1.668828,0.1884,0.2506
1787921348.352689,1.073182,-2.637878,1.668865,0.1888,0.2506
1787921348.359316,1.072224,-2.636717,1.667952,0.1887,0.2506
1787921348.366095,1.072358,-2.635170,1.669236,0.1996,0.2506
1787921348.372336,1.072386,-2.633979,1.670540,0.1966,0.2506
1787921348.380753,1.071543,-2.632573,1.669320,0.1904,0.2506
1787921348.385509,1.072101,-2.631009,1.671374,0.2279,0.2337
1787921348.391847,1.071150,-2.629560,1.670918,0.2323,0.2337
1787921348.398885,1.071163,-2.628429,1.671928,0.2105,0.2337
1787921348.405752,1.071423,-2.626695,1.673082,0.2216,0.2337
1787921348.411788,1.070779,-2.625375,1.671895,0.2236,0.2337
1787921348.419423,1.070690,-2.623755,1.672943,0.2202,0.2337
1787921348.425316,1.070865,-2.622242,1.674721,0.2298,0.2337
1787921348.432151,1.070220,-2.620780,1.674144,0.2276,0.2337
1787921348.439385,1.069893,-2.619053,1.673642,0.2320,0.2337
1787921348.445941,1.070055,-2.617601,1.675474,0.2277,0.2337
1787921348.452060,1.069572,-2.616106,1.675802,0.2348,0.2337
1787921348.461743,1.069398,-2.614172,1.676002,0.2245,0.2337
1787921348.465358,1.069180,-2.612444,1.676435,0.3016,0.2337
1787921348.473089,1.068408,-2.611059,1.676211,0.2678,0.2337
1787921348.479127,1.068663,-2.609277,1.678114,0.2741,0.2337
1787921348.485789,1.068251,-2.607589,1.677699,0.2694,0.2031
1787921348.493212,1.067922,-2.605754,1.678306,0.2638,0.2031
1787921348.499960,1.068021,-2.604208,1.679720,0.2525,0.2031
1787921348.505883,1.067333,-2.602326,1.679351,0.2753,0.2031
1787921348.514456,1.067272,-2.600489,1.679950,0.2568,0.2031
1787921348.519855,1.066856,-2.598890,1.680794,0.2706,0.2031
1787921348.526117,1.066691,-2.597166,1.681848,0.2724,0.2031
1787921348.531892,1.066660,-2.595388,1.682480,0.2826,0.2031
1787921348.538853,1.066013,-2.593615,1.682404,0.2769,0.2031
1787921348.545393,1.066164,-2.591793,1.684319,0.2761,0.2031
1787921348.551729,1.065645,-2.590245,1.684491,0.2689,0.2031
1787921348.558994,1.065267,-2.588049,1.684297,0.2801,0.2031
1787921348.565714,1.065156,-2.586466,1.685718,0.2668,0.2031
1787921348.572094,1.064863,-2.584427,1.686431,0.2836,0.2031
1787921348.578730,1.064575,-2.582462,1.686164,0.2883,0.2031
1787921348.585634,1.063977,-2.580672,1.687125,0.2821,0.1844
1787921348.592798,1.063535,-2.578797,1.687617,0.2776,0.1844
1787921348.598966,1.063604,-2.576801,1.688167,0.2903,0.1844
1787921348.606413,1.062831,-2.574932,1.688060,0.2816,0.1844
1787921348.611912,1.063069,-2.573131,1.689788,0.2932,0.1844
1787921348.619076,1.062717,-2.571209,1.690237,0.2869,0.1844
1787921348.625423,1.062206,-2.569282,1.690519,0.2942,0.1844
1787921348.633095,1.062131,-2.567391,1.691587,0.2797,0.1844
1787921348.638479,1.061703,-2.565361,1.691213,0.3109,0.1844
1787921348.645363,1.061564,-2.563311,1.692426,0.3071,0.1844
1787921348.653010,1.061124,-2.561692,1.693105,0.2801,0.1844
1787921348.658740,1.061222,-2.559550,1.694142,0.3067,0.1844
1787921348.666284,1.060712,-2.557408,1.693582,0.3017,0.1844
1787921348.672174,1.060244,-2.555511,1.694586,0.3100,0.1844
1787921348.678235,1.059758,-2.553335,1.694315,0.3269,0.1844
1787921348.687706,1.059403,-2.551250,1.695122,0.2958,0.1667
1787921348.691802,1.058967,-2.549335,1.695781,0.3501,0.1667
1787921348.698627,1.058920,-2.547200,1.696771,0.3385,0.1667
1787921348.705546,1.058714,-2.545164,1.697271,0.3257,0.1667
1787921348.711893,1.058163,-2.543073,1.697468,0.3293,0.1667
1787921348.719208,1.058132,-2.540987,1.698435,0.3155,0.1667
1787921348.725890,1.057417,-2.538924,1.698594,0.3168,0.1667
1787921348.732549,1.057603,-2.536767,1.699989,0.3171,0.1667
1787921348.738968,1.057505,-2.534447,1.700215,0.3301,0.1667
1787921348.745629,1.056895,-2.532679,1.700816,0.3135,0.1667
1787921348.752286,1.057086,-2.530529,1.702627,0.3144,0.1667
1787921348.760430,1.056223,-2.528287,1.701520,0.3061,0.1667
1787921348.765152,1.056203,-2.526049,1.703280,0.3554,0.1667
1787921348.771680,1.055617,-2.523890,1.703020,0.3506,0.1667
1787921348.780240,1.055012,-2.521750,1.703198,0.3226,0.1667
1787921348.785585,1.054435,-2.519690,1.703613,0.3447,0.1537
1787921348.792249,1.054190,-2.517339,1.703586,0.3477,0.1537
1787921348.799239,1.053513,-2.515370,1.704505,0.3310,0.1537
1787921348.806601,1.053938,-2.513105,1.706015,0.3208,0.1537
1787921348.812122,1.053089,-2.510761,1.704753,0.3570,0.1537
1787921348.818572,1.053201,-2.508620,1.706619,0.3478,0.1537
1787921348.826473,1.052285,-2.506426,1.705360,0.3307,0.1537
1787921348.832490,1.052439,-2.504154,1.706715,0.3427,0.1537
1787921348.839032,1.051602,-2.502159,1.706525,0.3357,0.1537
1787921348.845475,1.052065,-2.499848,1.708196,0.3386,0.1537
1787921348.853663,1.050953,-2.497928,1.707700,0.3123,0.1537
1787921348.858459,1.051020,-2.495488,1.708358,0.3692,0.1537
1787921348.867427,1.050285,-2.493365,1.707666,0.3322,0.1537
1787921348.872597,1.050093,-2.491171,1.708849,0.3601,0.1537
1787921348.878532,1.049228,-2.488927,1.707668,0.3705,0.1537
1787921348.886258,1.049682,-2.486653,1.709763,0.3443,0.1492
1787921348.893707,1.048241,-2.484341,1.708172,0.3412,0.1492
1787921348.898798,1.048891,-2.482171,1.710155,0.3602,0.1492
1787921348.905049,1.047494,-2.479921,1.709251,0.3683,0.1492
1787921348.913223,1.048082,-2.477607,1.710932,0.3389,0.1492
1787921348.919112,1.047210,-2.475399,1.710379,0.3548,0.1492
1787921348.925611,1.047071,-2.473212,1.711419,0.3492,0.1492
1787921348.932090,1.046466,-2.470930,1.711216,0.3530,0.1492
1787921348.938754,1.046582,-2.468613,1.712367,0.3496,0.1492
1787921348.945228,1.046092,-2.466547,1.712790,0.3427,0.1492
1787921348.953393,1.046148,-2.464229,1.713729,0.3239,0.1492
1787921348.958650,1.045402,-2.461954,1.713937,0.3613,0.1492
1787921348.965237,1.045429,-2.459825,1.714833,0.3487,0.1492
1787921348.973869,1.044981,-2.457340,1.714870,0.3318,0.1492
1787921348.980774,1.044186,-2.455316,1.714960,0.3243,0.1492
1787921348.986024,1.044113,-2.452643,1.715379,0.3787,0.1474
1787921348.995203,1.043363,-2.450498,1.714958,0.3380,0.1474
1787921348.998860,1.043290,-2.448323,1.716140,0.4140,0.1474
1787921349.008626,1.042708,-2.445937,1.716076,0.3649,0.1474
1787921349.012820,1.042459,-2.443975,1.716801,0.3968,0.1474
1787921349.018729,1.041742,-2.441634,1.716044,0.4007,0.1474
1787921349.026509,1.041722,-2.439227,1.717246,0.3724,0.1474
1787921349.032279,1.041110,-2.437233,1.717711,0.3679,0.1474
1787921349.040963,1.041387,-2.434918,1.718653,0.3352,0.1474
1787921349.046496,1.040407,-2.432654,1.717825,0.3639,0.1474
1787921349.052271,1.040747,-2.430391,1.719920,0.3684,0.1474
1787921349.059298,1.039993,-2.427900,1.719400,0.3678,0.1474
1787921349.066086,1.039391,-2.425709,1.719409,0.3571,0.1474
1787921349.071947,1.039333,-2.423191,1.720511,0.3779,0.1474
1787921349.079689,1.038578,-2.420839,1.719850,0.3590,0.1474
1787921349.087579,1.038414,-2.418474,1.720610,0.3412,0.1768
1787921349.091783,1.037600,-2.415945,1.720180,0.4259,0.1768
1787921349.098661,1.037618,-2.413859,1.721856,0.3879,0.1768
1787921349.105351,1.037273,-2.411282,1.721869,0.3881,0.1768
1787921349.111866,1.037092,-2.409086,1.723162,0.3729,0.1768
1787921349.118688,1.036488,-2.406592,1.723116,0.3735,0.1768
1787921349.126488,1.036489,-2.404143,1.724149,0.3545,0.1768
1787921349.131840,1.036031,-2.402056,1.724737,0.3677,0.1768
1787921349.138790,1.035852,-2.399472,1.725009,0.3688,0.1768
1787921349.145329,1.035261,-2.397275,1.724880,0.3619,0.1768
1787921349.151961,1.034639,-2.394801,1.724502,0.3683,0.1768
1787921349.159289,1.034584,-2.392387,1.725204,0.3557,0.1768
1787921349.165543,1.033827,-2.390250,1.725000,0.3559,0.1768
1787921349.171910,1.033670,-2.387660,1.725660,0.3708,0.1768
1787921349.179382,1.032766,-2.385572,1.724907,0.3480,0.1768
1787921349.185244,1.032727,-2.383116,1.726290,0.3681,0.1816
1787921349.192273,1.031760,-2.380770,1.725164,0.3630,0.1816
1787921349.199986,1.031722,-2.378547,1.726298,0.3397,0.1816
1787921349.205349,1.031140,-2.376042,1.725709,0.3812,0.1816
1787921349.211825,1.030764,-2.373686,1.725634,0.3774,0.1816
1787921349.218865,1.030295,-2.371335,1.726248,0.3663,0.1816
1787921349.225418,1.030004,-2.368979,1.726180,0.3650,0.1816
1787921349.232527,1.029516,-2.366559,1.726307,0.3596,0.1816
1787921349.238605,1.028919,-2.364251,1.726372,0.3688,0.1816
1787921349.245339,1.028491,-2.361735,1.726428,0.3719,0.1816
1787921349.252131,1.028177,-2.359322,1.726893,0.3677,0.1816
1787921349.259293,1.027336,-2.356954,1.726656,0.3609,0.1816
1787921349.265137,1.027151,-2.354329,1.726942,0.3872,0.1816
1787921349.272702,1.026324,-2.352171,1.726911,0.3607,0.1816
1787921349.280575,1.026440,-2.349618,1.728287,0.3479,0.1816
1787921349.286581,1.025332,-2.347253,1.727775,0.3688,0.1869
1787921349.293100,1.025136,-2.344485,1.728091,0.3854,0.1869
1787921349.302141,1.024518,-2.342418,1.728352,0.3407,0.1869
1787921349.305156,1.024084,-2.339558,1.728729,0.5264,0.1869
1787921349.312462,1.023362,-2.337329,1.729033,0.4635,0.1869
1787921349.318732,1.023140,-2.334698,1.729897,0.4504,0.1869
1787921349.325114,1.022670,-2.332472,1.730609,0.4222,0.1869
1787921349.332732,1.021966,-2.330147,1.730670,0.3903,0.1869
1787921349.338621,1.021704,-2.327602,1.731114,0.4033,0.1869
1787921349.345137,1.020542,-2.325359,1.730047,0.3928,0.1869
1787921349.352420,1.020873,-2.322942,1.732212,0.3710,0.1869
1787921349.358757,1.019528,-2.320540,1.730986,0.3821,0.1869
1787921349.365572,1.019644,-2.318115,1.732673,0.3720,0.1869
1787921349.372995,1.018520,-2.315972,1.731151,0.3532,0.1869
1787921349.379306,1.018235,-2.313530,1.732534,0.3640,0.1869
1787921349.385604,1.017431,-2.311246,1.732237,0.3683,0.2531
1787921349.396334,1.016821,-2.308839,1.732230,0.3270,0.2531
1787921349.398594,1.016566,-2.306739,1.732998,0.5095,0.2531
1787921349.405716,1.015828,-2.304359,1.732554,0.4606,0.2531
1787921349.412601,1.015511,-2.301902,1.733296,0.4303,0.2531
1787921349.420315,1.014506,-2.299804,1.732706,0.3880,0.2531
1787921349.425295,1.014634,-2.297264,1.733780,0.4213,0.2531
1787921349.433193,1.013450,-2.295026,1.732957,0.3861,0.2531
1787921349.438944,1.013619,-2.292749,1.735141,0.3860,0.2531
1787921349.446122,1.012695,-2.290338,1.734388,0.3759,0.2531
1787921349.454724,1.012848,-2.287907,1.735801,0.3459,0.2531
1787921349.458927,1.011814,-2.285499,1.735269,0.4237,0.2531
1787921349.465175,1.012080,-2.283021,1.737200,0.4119,0.2531
1787921349.473241,1.011285,-2.280700,1.736269,0.3783,0.2531
1787921349.478850,1.010812,-2.278223,1.736910,0.3997,0.2531
1787921349.485623,1.010323,-2.275887,1.736567,0.3854,0.2613
1787921349.492189,1.009766,-2.273412,1.736820,0.3855,0.2613
1787921349.499458,1.009006,-2.271088,1.737107,0.3697,0.2613
1787921349.507894,1.008971,-2.268568,1.738339,0.3473,0.2613
1787921349.513712,1.008178,-2.266262,1.738205,0.3672,0.2613
1787921349.518555,1.008411,-2.263648,1.741609,0.4141,0.2613
1787921349.525688,1.007302,-2.261348,1.740263,0.3931,0.2613
1787921349.532066,1.007354,-2.258563,1.742329,0.4038,0.2613
1787921349.539023,1.006822,-2.256396,1.743295,0.3787,0.2613
1787921349.545338,1.006877,-2.253981,1.744591,0.3776,0.2613
1787921349.551885,1.006290,-2.251376,1.745147,0.3866,0.2613
1787921349.558816,1.005906,-2.249162,1.745847,0.3679,0.2613
1787921349.565530,1.005353,-2.246662,1.746092,0.3718,0.2613
1787921349.572351,1.005107,-2.244525,1.748204,0.3547,0.2613
1787921349.578963,1.004366,-2.241930,1.748032,0.3701,0.2613
1787921349.587870,1.003576,-2.239675,1.748487,0.3385,0.3459
1787921349.592921,1.003621,-2.237168,1.749907,0.3830,0.3459
1787921349.600044,1.002457,-2.234865,1.749262,0.3722,0.3459
1787921349.609251,1.002379,-2.232510,1.751009,0.3365,0.3459
1787921349.612302,1.001417,-2.229947,1.750718,0.5005,0.3459
1787921349.619159,1.001073,-2.227640,1.752000,0.4524,0.3459
1787921349.625937,1.000600,-2.225120,1.752634,0.4301,0.3459
1787921349.632539,1.000106,-2.222954,1.753835,0.4020,0.3459
1787921349.638822,0.999578,-2.220468,1.754417,0.4027,0.3459
1787921349.645583,0.998703,-2.218192,1.754682,0.3883,0.3459
1787921349.652444,0.998986,-2.215898,1.757300,0.3681,0.3459
1787921349.661142,0.998182,-2.213430,1.757413,0.3464,0.3459
1787921349.665589,0.997431,-2.211029,1.757719,0.4111,0.3459
1787921349.671809,0.997079,-2.208631,1.759122,0.4046,0.3459
1787921349.681711,0.995963,-2.206288,1.757840,0.3592,0.3459
1787921349.686275,0.995360,-2.203813,1.758862,0.4187,0.3510
1787921349.692451,0.994705,-2.201412,1.759884,0.4136,0.3510
1787921349.699259,0.994650,-2.198919,1.761154,0.3979,0.3510
1787921349.705267,0.993776,-2.196469,1.762058,0.4069,0.3510
1787921349.712479,0.993510,-2.194205,1.763484,0.3794,0.3510
1787921349.718915,0.992838,-2.191626,1.764711,0.3896,0.3510
1787921349.725832,0.992440,-2.189362,1.765584,0.3724,0.3510
1787921349.731984,0.991712,-2.186905,1.766574,0.3851,0.3510
1787921349.738997,0.991235,-2.184365,1.767703,0.3801,0.3510
1787921349.745598,0.990918,-2.182381,1.768826,0.3573,0.3510
1787921349.753280,0.990633,-2.179560,1.771755,0.3603,0.3510
1787921349.758500,0.989875,-2.177287,1.772325,0.3889,0.3510
1787921349.765551,0.989087,-2.174730,1.774241,0.3856,0.3510
1787921349.772106,0.988954,-2.172206,1.776640,0.3842,0.3510
1787921349.778609,0.987990,-2.169754,1.777711,0.3888,0.3510
1787921349.785434,0.987660,-2.167236,1.779523,0.3834,0.3490
1787921349.792588,0.986609,-2.164869,1.780228,0.3747,0.3490
1787921349.798636,0.986439,-2.162411,1.782466,0.3832,0.3490
1787921349.806588,0.986087,-2.160114,1.784155,0.3558,0.3490
1787921349.814354,0.985323,-2.157519,1.785654,0.3533,0.3490
1787921349.818778,0.984880,-2.155204,1.787060,0.4071,0.3490
1787921349.825406,0.984178,-2.152748,1.788590,0.4004,0.3490
1787921349.831760,0.983751,-2.150490,1.789900,0.3887,0.3490
1787921349.839098,0.983002,-2.147868,1.791227,0.3834,0.3490
1787921349.845561,0.982602,-2.145691,1.792797,0.3710,0.3490
1787921349.852722,0.982008,-2.143273,1.794315,0.3640,0.3490
1787921349.858860,0.981500,-2.140711,1.795866,0.3824,0.3490
1787921349.866007,0.980348,-2.138711,1.795788,0.3603,0.3490
1787921349.873043,0.979901,-2.136019,1.798077,0.3683,0.3490
1787921349.878973,0.979063,-2.133975,1.799297,0.3681,0.3490
1787921349.885594,0.978339,-2.131457,1.800356,0.3763,0.3826
1787921349.894140,0.977659,-2.129110,1.802063,0.3491,0.3826
1787921349.898929,0.977230,-2.126931,1.803241,0.3834,0.3826
1787921349.906083,0.976426,-2.124506,1.804843,0.3751,0.3826
1787921349.912306,0.976001,-2.122199,1.806233,0.3755,0.3826
1787921349.919244,0.974613,-2.119832,1.806327,0.3764,0.3826
1787921349.926176,0.974516,-2.117544,1.808362,0.3607,0.3826
1787921349.933403,0.973861,-2.115427,1.809613,0.3443,0.3826
1787921349.938552,0.973467,-2.112959,1.812121,0.3861,0.3826
1787921349.945810,0.972647,-2.110686,1.812762,0.3696,0.3826
1787921349.952138,0.971624,-2.108384,1.813627,0.3763,0.3826
1787921349.958385,0.971467,-2.105990,1.816174,0.3768,0.3826
1787921349.965699,0.970089,-2.103549,1.814940,0.3746,0.3826
1787921349.974118,0.969379,-2.101165,1.815750,0.3507,0.3826
1787921349.979340,0.968018,-2.098745,1.814373,0.3993,0.3826
1787921349.985478,0.967532,-2.096241,1.816403,0.4040,0.3845
1787921349.991920,0.966257,-2.093961,1.815391,0.4002,0.3845
1787921349.998371,0.965576,-2.091310,1.817324,0.4074,0.3845
1787921350.005699,0.964335,-2.089004,1.817368,0.3892,0.3845
1787921350.011774,0.963307,-2.086335,1.817927,0.4126,0.3845
1787921350.018872,0.962015,-2.083907,1.817961,0.4017,0.3845
1787921350.025300,0.960910,-2.081679,1.818216,0.3946,0.3845
1787921350.032459,0.960064,-2.079309,1.819536,0.3812,0.3845
1787921350.040175,0.959310,-2.076997,1.820407,0.3612,0.3845
1787921350.046152,0.958514,-2.074553,1.821600,0.3816,0.3845
1787921350.052067,0.957555,-2.072404,1.822540,0.3848,0.3845
1787921350.059782,0.957135,-2.069947,1.824314,0.3659,0.3845
1787921350.065122,0.956121,-2.067773,1.825318,0.3887,0.3845
1787921350.072313,0.955531,-2.065472,1.826757,0.3712,0.3845
1787921350.078435,0.954855,-2.063163,1.828287,0.3777,0.3845
1787921350.085368,0.953891,-2.061127,1.829490,0.3602,0.3854
1787921350.092577,0.953496,-2.058725,1.831437,0.3530,0.3854
1787921350.098938,0.952680,-2.056667,1.833013,0.3508,0.3854
1787921350.105530,0.951981,-2.054445,1.834376,0.3515,0.3854
1787921350.112870,0.951220,-2.052149,1.835913,0.3447,0.3854
1787921350.121323,0.950408,-2.050063,1.836915,0.3203,0.3854
1787921350.125822,0.949808,-2.047776,1.838628,0.3819,0.3854
1787921350.132533,0.948950,-2.045642,1.839843,0.3695,0.3854
1787921350.139994,0.948222,-2.043329,1.841114,0.3561,0.3854
1787921350.145482,0.947411,-2.041094,1.842708,0.3788,0.3854
1787921350.151942,0.946817,-2.038938,1.844125,0.3691,0.3854
1787921350.158982,0.945951,-2.036668,1.845856,0.3614,0.3854
1787921350.165642,0.945598,-2.034332,1.848629,0.3586,0.3854
1787921350.172500,0.944352,-2.032204,1.849916,0.3555,0.3854
1787921350.178803,0.944514,-2.029794,1.853684,0.3569,0.3854
1787921350.185466,0.943001,-2.027608,1.854043,0.3633,0.3918
1787921350.192315,0.942526,-2.025235,1.856711,0.3599,0.3918
1787921350.198474,0.941537,-2.023031,1.857568,0.3686,0.3918
1787921350.205899,0.940529,-2.020888,1.858931,0.3526,0.3918
1787921350.213675,0.939788,-2.018723,1.860567,0.3350,0.3918
1787921350.218819,0.938983,-2.016546,1.861992,0.3696,0.3918
1787921350.225239,0.938293,-2.014503,1.864125,0.3595,0.3918
1787921350.232264,0.937544,-2.012356,1.865920,0.3486,0.3918
1787921350.240530,0.936613,-2.010294,1.866956,0.3255,0.3918
1787921350.245272,0.935637,-2.008219,1.868125,0.3714,0.3918
1787921350.252123,0.934778,-2.006291,1.869183,0.3518,0.3918
1787921350.258852,0.933832,-2.004004,1.870136,0.3561,0.3918
1787921350.265669,0.932845,-2.001938,1.871970,0.3490,0.3918
1787921350.272172,0.931821,-1.999731,1.872687,0.3556,0.3918
1787921350.278764,0.930857,-1.997576,1.874255,0.3556,0.3918
1787921350.285531,0.929641,-1.995662,1.875160,0.3460,0.3792
1787921350.292208,0.928780,-1.993314,1.876361,0.3544,0.3792
1787921350.298734,0.927872,-1.991284,1.878235,0.3497,0.3792
1787921350.305311,0.926950,-1.988953,1.879689,0.3588,0.3792
1787921350.312545,0.925922,-1.986999,1.881258,0.3414,0.3792
1787921350.318621,0.925229,-1.984755,1.882967,0.3549,0.3792
1787921350.326537,0.923898,-1.982780,1.884228,0.3352,0.3792
1787921350.331763,0.923288,-1.980722,1.886024,0.3578,0.3792
1787921350.338843,0.921998,-1.978400,1.886824,0.3610,0.3792
1787921350.346029,0.921631,-1.976441,1.889701,0.3351,0.3792
1787921350.352076,0.920466,-1.974263,1.890971,0.3554,0.3792
1787921350.358766,0.920112,-1.971897,1.894294,0.3544,0.3792
1787921350.364942,0.918924,-1.969905,1.895446,0.3582,0.3792
1787921350.372905,0.918112,-1.967687,1.897558,0.3397,0.3792
1787921350.378997,0.917118,-1.965733,1.898705,0.3446,0.3792
1787921350.385280,0.916267,-1.963625,1.900487,0.3496,0.3642
1787921350.392050,0.915332,-1.961502,1.902493,0.3472,0.3642
1787921350.399025,0.914483,-1.959524,1.903734,0.3354,0.3642
1787921350.406368,0.913616,-1.957438,1.905846,0.3269,0.3642
1787921350.412172,0.913250,-1.955296,1.908237,0.3396,0.3642
1787921350.419080,0.912177,-1.953404,1.909365,0.3306,0.3642
1787921350.424968,0.911477,-1.951537,1.911494,0.3331,0.3642
1787921350.432299,0.910605,-1.949452,1.912686,0.3255,0.3642
1787921350.438989,0.909974,-1.947534,1.914463,0.3183,0.3642
1787921350.445760,0.908835,-1.945562,1.915467,0.3221,0.3642
1787921350.452013,0.907860,-1.943493,1.916928,0.3347,0.3642
1787921350.458933,0.907103,-1.941744,1.918450,0.3168,0.3642
1787921350.466254,0.906162,-1.939460,1.919965,0.3229,0.3642
1787921350.472478,0.905405,-1.937479,1.921683,0.3282,0.3642
1787921350.479608,0.904444,-1.935461,1.922993,0.3234,0.3642
1787921350.485511,0.903575,-1.933136,1.925166,0.3525,0.3511
1787921350.491920,0.902977,-1.931137,1.927262,0.3442,0.3511
1787921350.499794,0.901914,-1.929295,1.928040,0.3209,0.3511
1787921350.505346,0.901447,-1.927025,1.931184,0.3483,0.3511
1787921350.512259,0.900302,-1.925196,1.931624,0.3356,0.3511
1787921350.520547,0.899566,-1.922994,1.933847,0.3189,0.3511
1787921350.525581,0.898674,-1.920913,1.935267,0.3580,0.3511
1787921350.532005,0.897866,-1.919001,1.936743,0.3475,0.3511
1787921350.538422,0.896907,-1.916838,1.938882,0.3538,0.3511
1787921350.548169,0.896252,-1.914710,1.940600,0.3160,0.3511
1787921350.552203,0.895122,-1.912878,1.941920,0.3787,0.3511
1787921350.558848,0.894217,-1.910742,1.943154,0.3697,0.3511
1787921350.565259,0.893591,-1.908809,1.944571,0.3537,0.3511
1787921350.571851,0.892424,-1.906633,1.946055,0.3592,0.3511
1787921350.579715,0.891879,-1.904779,1.947772,0.3249,0.3511
1787921350.585254,0.890416,-1.902845,1.948290,0.3540,0.3352
1787921350.592295,0.890080,-1.900757,1.951073,0.3357,0.3352
1787921350.598871,0.889184,-1.898913,1.952612,0.3283,0.3352
1787921350.605239,0.888205,-1.896885,1.954086,0.3357,0.3352
1787921350.612215,0.887500,-1.894916,1.955691,0.3248,0.3352
1787921350.624790,0.886347,-1.892982,1.956327,0.2805,0.3352
1787921350.626588,0.885617,-1.891064,1.958037,0.5386,0.3352
1787921350.634249,0.884409,-1.889178,1.958369,0.4633,0.3352
1787921350.638712,0.883594,-1.887268,1.959990,0.4638,0.3352
1787921350.645413,0.882500,-1.885192,1.961117,0.4293,0.3352
1787921350.652491,0.881732,-1.883445,1.962523,0.3813,0.3352
1787921350.658858,0.880874,-1.881304,1.963693,0.3756,0.3352
1787921350.665040,0.879705,-1.879633,1.964619,0.3596,0.3352
1787921350.672270,0.879079,-1.877198,1.967023,0.3550,0.3352
1787921350.678768,0.877893,-1.875324,1.967464,0.3494,0.3352
1787921350.685708,0.877536,-1.873073,1.970276,0.3402,0.3194
1787921350.692370,0.876144,-1.871202,1.970501,0.3402,0.3194
1787921350.699433,0.875474,-1.869272,1.972328,0.3247,0.3194
1787921350.705531,0.873972,-1.867400,1.972290,0.3409,0.3194
1787921350.713823,0.873415,-1.865239,1.974520,0.3185,0.3194
1787921350.718944,0.872047,-1.863225,1.974988,0.3629,0.3194
1787921350.725577,0.871340,-1.861274,1.976781,0.3477,0.3194
1787921350.732157,0.870463,-1.859010,1.978524,0.3540,0.3194
1787921350.739272,0.869305,-1.857150,1.979083,0.3392,0.3194
1787921350.745171,0.868500,-1.855188,1.980435,0.3452,0.3194
1787921350.752757,0.867263,-1.853197,1.981306,0.3334,0.3194
1787921350.758721,0.866413,-1.851269,1.982147,0.3394,0.3194
1787921350.765246,0.865467,-1.849221,1.983367,0.3412,0.3194
1787921350.771868,0.864295,-1.847348,1.984084,0.3379,0.3194
1787921350.779076,0.863331,-1.845523,1.985434,0.3222,0.3194
1787921350.785724,0.862383,-1.843468,1.986716,0.3277,0.2981
1787921350.791840,0.861487,-1.841531,1.987485,0.3341,0.2981
1787921350.798304,0.860754,-1.839830,1.989541,0.3198,0.2981
1787921350.806958,0.859699,-1.837590,1.990162,0.3097,0.2981
1787921350.812528,0.858930,-1.835827,1.991249,0.3203,0.2981
1787921350.818596,0.857689,-1.834049,1.992054,0.3296,0.2981
1787921350.827949,0.856871,-1.832133,1.993112,0.2975,0.2981
1787921350.832696,0.855652,-1.830252,1.993975,0.3483,0.2981
1787921350.838915,0.854654,-1.828354,1.994855,0.3471,0.2981
1787921350.845973,0.853403,-1.826432,1.995490,0.3393,0.2981
1787921350.851804,0.852874,-1.824351,1.997774,0.3463,0.2981
1787921350.859049,0.851257,-1.822564,1.997856,0.3375,0.2981
1787921350.867176,0.850775,-1.820342,1.999822,0.3182,0.2981
1787921350.873543,0.849516,-1.818457,2.000610,0.3282,0.2981
1787921350.879427,0.848404,-1.816360,2.001811,0.3505,0.2981
1787921350.885332,0.847424,-1.814491,2.002061,0.3525,0.2830
1787921350.891596,0.846309,-1.812385,2.003430,0.3607,0.2830
1787921350.899547,0.845515,-1.810604,2.004660,0.3261,0.2830
1787921350.905561,0.844545,-1.808715,2.005693,0.3341,0.2830
1787921350.911937,0.843518,-1.806692,2.007038,0.3405,0.2830
1787921350.918421,0.842409,-1.804760,2.007741,0.3411,0.2830
1787921350.926382,0.841659,-1.802676,2.009617,0.3219,0.2830
1787921350.931992,0.839947,-1.801000,2.009271,0.3453,0.2830
1787921350.940679,0.839466,-1.798696,2.011268,0.3208,0.2830
1787921350.945050,0.837771,-1.797229,2.010565,0.3652,0.2830
1787921350.952047,0.837377,-1.795004,2.012753,0.3491,0.2830
1787921350.959464,0.835885,-1.793415,2.012192,0.3282,0.2830
1787921350.965160,0.835018,-1.791314,2.013703,0.3493,0.2830
1787921350.972353,0.834154,-1.789365,2.014644,0.3334,0.2830
1787921350.978742,0.833400,-1.787317,2.016860,0.3354,0.2830
1787921350.985228,0.832191,-1.785579,2.017529,0.3314,0.2803
1787921350.992256,0.831581,-1.783482,2.019352,0.3240,0.2803
1787921350.998943,0.830415,-1.781767,2.019589,0.3188,0.2803
1787921351.005514,0.829606,-1.779720,2.021125,0.3234,0.2803
1787921351.012492,0.828539,-1.777956,2.021289,0.3146,0.2803
1787921351.020643,0.827296,-1.776143,2.021669,0.3002,0.2803
1787921351.026143,0.826548,-1.774087,2.023427,0.3288,0.2803
1787921351.035208,0.825285,-1.772361,2.023230,0.2998,0.2803
1787921351.038923,0.824507,-1.770217,2.024669,0.3930,0.2803
1787921351.045919,0.823390,-1.768303,2.025415,0.3699,0.2803
1787921351.052566,0.822974,-1.766184,2.027479,0.3530,0.2803
1787921351.060097,0.821417,-1.764368,2.027183,0.3394,0.2803
1787921351.065824,0.820800,-1.762279,2.028750,0.3500,0.2803
1787921351.072062,0.819224,-1.760477,2.029050,0.3562,0.2803
1787921351.079665,0.818312,-1.758312,2.030083,0.3419,0.2803
1787921351.085666,0.817193,-1.756527,2.030973,0.3442,0.2545
1787921351.091620,0.816249,-1.754338,2.031716,0.3609,0.2545
1787921351.099336,0.815115,-1.752532,2.032444,0.3351,0.2545
1787921351.105498,0.814102,-1.750545,2.033414,0.3432,0.2545
1787921351.112021,0.812941,-1.748611,2.033632,0.3436,0.2545
1787921351.119726,0.811676,-1.746677,2.034188,0.3299,0.2545
1787921351.125911,0.810684,-1.744596,2.035369,0.3427,0.2545
1787921351.134693,0.809761,-1.742730,2.035932,0.3110,0.2545
1787921351.138647,0.808561,-1.740700,2.036735,0.3962,0.2545
1787921351.146377,0.807542,-1.738898,2.037512,0.3576,0.2545
1787921351.152471,0.806567,-1.736999,2.038278,0.3554,0.2545
1787921351.158553,0.805422,-1.735152,2.039151,0.3556,0.2545
1787921351.165568,0.804207,-1.733281,2.038996,0.3438,0.2545
1787921351.171881,0.803334,-1.731428,2.040339,0.3379,0.2545
1787921351.179549,0.801950,-1.729573,2.041132,0.3258,0.2545
1787921351.185599,0.800626,-1.727706,2.041442,0.3403,0.2474
1787921351.192260,0.799743,-1.725830,2.042444,0.3316,0.2474
1787921351.198349,0.798799,-1.724050,2.044171,0.3314,0.2474
1787921351.205660,0.797679,-1.722009,2.044180,0.3275,0.2474
1787921351.212345,0.796565,-1.720263,2.045435,0.3217,0.2474
1787921351.218969,0.795117,-1.718635,2.045357,0.3208,0.2474
1787921351.225426,0.794447,-1.716446,2.047496,0.3292,0.2474
1787921351.233296,0.793019,-1.714879,2.047522,0.3085,0.2474
1787921351.239161,0.792217,-1.712836,2.049116,0.3276,0.2474
1787921351.247790,0.790840,-1.711038,2.049148,0.3068,0.2474
1787921351.252602,0.790008,-1.709201,2.051074,0.3403,0.2474
1787921351.258922,0.788430,-1.707214,2.050946,0.3565,0.2474
1787921351.264943,0.787365,-1.705435,2.051766,0.3527,0.2474
1787921351.272282,0.786068,-1.703342,2.052793,0.3472,0.2474
1787921351.279134,0.784918,-1.701511,2.053241,0.3375,0.2474
1787921351.285506,0.783634,-1.699415,2.054036,0.3517,0.2363
1787921351.292209,0.782562,-1.697469,2.054706,0.3456,0.2363
1787921351.298940,0.780994,-1.695542,2.054481,0.3505,0.2363
1787921351.305814,0.780177,-1.693615,2.055981,0.3364,0.2363
1787921351.312386,0.778396,-1.691659,2.055736,0.3523,0.2363
1787921351.318830,0.777457,-1.689977,2.056623,0.3363,0.2363
1787921351.327698,0.775978,-1.687900,2.057073,0.3209,0.2363
1787921351.332600,0.775247,-1.686020,2.059066,0.3472,0.2363
1787921351.339895,0.773869,-1.683904,2.059794,0.3465,0.2363
1787921351.345605,0.773174,-1.681906,2.061416,0.3524,0.2363
1787921351.354234,0.771460,-1.680193,2.060858,0.3272,0.2363
1787921351.358835,0.770551,-1.678254,2.062178,0.3686,0.2363
1787921351.365417,0.769150,-1.676487,2.062413,0.3591,0.2363
1787921351.371882,0.768015,-1.674521,2.062906,0.3567,0.2363
1787921351.384753,0.766790,-1.672629,2.064242,0.3020,0.2043
1787921351.386726,0.765749,-1.670783,2.064879,0.5336,0.2043
1787921351.391804,0.764647,-1.668849,2.066012,0.5050,0.2043
1787921351.403241,0.763528,-1.666931,2.066876,0.4117,0.2043
1787921351.405742,0.762617,-1.665146,2.067755,0.5286,0.2043
1787921351.413581,0.760946,-1.663317,2.067178,0.4620,0.2043
1787921351.426848,0.759821,-1.661603,2.067957,0.3696,0.2043
1787921351.428659,0.758672,-1.659641,2.068309,0.6352,0.2043
1787921351.432696,0.757747,-1.657691,2.069180,0.6047,0.2043
1787921351.439006,0.756232,-1.655765,2.068767,0.5382,0.2043
1787921351.445832,0.755642,-1.653656,2.070709,0.4705,0.2043
1787921351.454965,0.754493,-1.651800,2.071319,0.4010,0.2043
1787921351.459800,0.753465,-1.649951,2.072358,0.4119,0.2043
1787921351.466234,0.752376,-1.647950,2.072838,0.3946,0.2043
1787921351.472259,0.751329,-1.646040,2.074016,0.3846,0.2043
1787921351.479300,0.749894,-1.644177,2.074059,0.3683,0.2043
1787921351.485516,0.749071,-1.641974,2.075106,0.3701,0.1940
1787921351.492826,0.747465,-1.640207,2.075536,0.3544,0.1940
1787921351.498591,0.746459,-1.638318,2.075735,0.3594,0.1940
1787921351.505311,0.745752,-1.636106,2.077902,0.3533,0.1940
1787921351.512628,0.744355,-1.634295,2.077432,0.3400,0.1940
1787921351.518611,0.743837,-1.632024,2.079530,0.3501,0.1940
1787921351.527554,0.742122,-1.630354,2.079318,0.3220,0.1940
1787921351.533360,0.741288,-1.628242,2.080170,0.3417,0.1940
1787921351.538835,0.739707,-1.626521,2.080512,0.3638,0.1940
1787921351.548140,0.738954,-1.624264,2.081749,0.3300,0.1940
1787921351.555023,0.737365,-1.622824,2.080704,0.3196,0.1940
1787921351.560313,0.736335,-1.620660,2.081764,0.3593,0.1940
1787921351.565976,0.735025,-1.618880,2.081222,0.3677,0.1940
1787921351.574972,0.733866,-1.616995,2.082090,0.3311,0.1940
1787921351.579490,0.732736,-1.615071,2.082244,0.3799,0.1940
1787921351.585611,0.731766,-1.613077,2.083182,0.3745,0.1918
1787921351.592300,0.730560,-1.611295,2.084062,0.3583,0.1918
1787921351.598762,0.729356,-1.609323,2.084439,0.3580,0.1918
1787921351.605293,0.728384,-1.607449,2.085422,0.3475,0.1918
1787921351.612806,0.726934,-1.605807,2.084938,0.3288,0.1918
1787921351.618546,0.726125,-1.603627,2.085866,0.3502,0.1918
1787921351.626385,0.724652,-1.601758,2.085982,0.3351,0.1918
1787921351.632088,0.723765,-1.599939,2.086701,0.3408,0.1918
1787921351.641434,0.722402,-1.598039,2.086710,0.3132,0.1918
1787921351.647543,0.721248,-1.596103,2.087458,0.3299,0.1918
1787921351.652192,0.720179,-1.594303,2.087817,0.3660,0.1918
1787921351.658910,0.719191,-1.592202,2.088802,0.3595,0.1918
1787921351.665948,0.717858,-1.590478,2.088519,0.3437,0.1918
1787921351.671964,0.716867,-1.588411,2.088915,0.3546,0.1918
1787921351.679442,0.715523,-1.586587,2.089196,0.3385,0.1918
1787921351.687263,0.714366,-1.584541,2.089620,0.3271,0.1625
1787921351.692022,0.713027,-1.582627,2.089534,0.3756,0.1625
1787921351.699611,0.711944,-1.580602,2.090372,0.3537,0.1625
1787921351.705830,0.710975,-1.578687,2.090642,0.3510,0.1625
1787921351.712955,0.709641,-1.576551,2.090985,0.3516,0.1625
1787921351.718863,0.708767,-1.574816,2.092950,0.3446,0.1625
1787921351.726166,0.707492,-1.572914,2.092787,0.3351,0.1625
1787921351.733504,0.706406,-1.570935,2.093467,0.3269,0.1625
1787921351.739932,0.705285,-1.568852,2.094378,0.3391,0.1625
1787921351.753491,0.704398,-1.566863,2.094565,0.2853,0.1625
1787921351.755248,0.702934,-1.564938,2.094569,0.6093,0.1625
1787921351.760009,0.701872,-1.563101,2.095006,0.5602,0.1625
1787921351.765585,0.700388,-1.561197,2.094485,0.5208,0.1625
1787921351.772653,0.699366,-1.559416,2.095139,0.4517,0.1625
1787921351.779288,0.697798,-1.557527,2.094467,0.4256,0.1625
1787921351.785572,0.697394,-1.555443,2.096334,0.3937,0.1623
1787921351.791955,0.695422,-1.553829,2.094873,0.3876,0.1623
1787921351.798659,0.694670,-1.551628,2.096180,0.3734,0.1623
1787921351.807055,0.693325,-1.549888,2.096119,0.3393,0.1623
1787921351.812083,0.692517,-1.547718,2.096634,0.3737,0.1623
1787921351.818830,0.690690,-1.546036,2.095847,0.3670,0.1623
1787921351.825539,0.689950,-1.544108,2.096961,0.3481,0.1623
1787921351.831903,0.688717,-1.542212,2.096653,0.3502,0.1623
1787921351.840064,0.687397,-1.540275,2.096995,0.3310,0.1623
1787921351.845338,0.686175,-1.538472,2.097181,0.3553,0.1623
1787921351.851880,0.684848,-1.536353,2.097406,0.3633,0.1623
1787921351.864068,0.683723,-1.534554,2.098139,0.3065,0.1623
1787921351.865824,0.682471,-1.532480,2.098419,0.6285,0.1623
1787921351.872642,0.681239,-1.530713,2.098422,0.5344,0.1623
1787921351.878647,0.679899,-1.528866,2.098561,0.4875,0.1623
1787921351.885116,0.679175,-1.526632,2.099721,0.4477,0.1603
1787921351.892465,0.677321,-1.524996,2.098172,0.4092,0.1603
1787921351.899074,0.676633,-1.522672,2.099647,0.3932,0.1603
1787921351.905328,0.674990,-1.520882,2.099274,0.3892,0.1603
1787921351.912085,0.674155,-1.518890,2.100284,0.3675,0.1603
1787921351.918709,0.672427,-1.516900,2.099954,0.3745,0.1603
1787921351.925491,0.671641,-1.514939,2.100997,0.3546,0.1603
1787921351.934516,0.670175,-1.513005,2.100741,0.3283,0.1603
1787921351.942327,0.669340,-1.511113,2.101612,0.3087,0.1603
1787921351.945900,0.667585,-1.509342,2.100852,0.4189,0.1603
1787921351.954140,0.666711,-1.507409,2.101217,0.3700,0.1603
1787921351.959011,0.665222,-1.505506,2.101221,0.4065,0.1603
1787921351.966038,0.664439,-1.503479,2.101879,0.3761,0.1603
1787921351.972601,0.662943,-1.501693,2.101585,0.3683,0.1603
1787921351.979340,0.662180,-1.499514,2.102849,0.3587,0.1603
1787921351.985295,0.660747,-1.497610,2.102900,0.3703,0.1393
1787921351.991924,0.660018,-1.495651,2.104165,0.3523,0.1393
1787921351.998179,0.658509,-1.493651,2.103836,0.3660,0.1393
1787921352.005577,0.657403,-1.491926,2.104276,0.3393,0.1393
1787921352.011966,0.656236,-1.489809,2.104309,0.3509,0.1393
1787921352.018883,0.655084,-1.488002,2.104174,0.3385,0.1393
1787921352.025327,0.653772,-1.486024,2.104126,0.3473,0.1393
1787921352.032709,0.652426,-1.484259,2.104050,0.3327,0.1393
1787921352.038689,0.651480,-1.482182,2.104084,0.3467,0.1393
1787921352.045945,0.650252,-1.480227,2.104639,0.3381,0.1393
1787921352.052505,0.649741,-1.477874,2.105708,0.3412,0.1393
1787921352.060057,0.647848,-1.476382,2.104280,0.3281,0.1393
1787921352.068098,0.647054,-1.474077,2.105307,0.3188,0.1393
1787921352.074522,0.645334,-1.472460,2.104552,0.3290,0.1393
1787921352.078879,0.644266,-1.470202,2.105087,0.4016,0.1393
1787921352.085032,0.643832,-1.468731,2.106886,0.3536,0.1457
1787921352.092133,0.642531,-1.466320,2.106585,0.3632,0.1457
1787921352.098987,0.641182,-1.464579,2.106238,0.3498,0.1457
1787921352.105430,0.639994,-1.462396,2.106606,0.3606,0.1457
1787921352.112339,0.638389,-1.460717,2.105392,0.3506,0.1457
1787921352.118223,0.637442,-1.458215,2.106434,0.3798,0.1457
1787921352.125844,0.635681,-1.456761,2.105068,0.3504,0.1457
1787921352.132299,0.634645,-1.454320,2.105616,0.3674,0.1457
1787921352.138857,0.633030,-1.452791,2.105085,0.3550,0.1457
1787921352.148105,0.631629,-1.450820,2.104394,0.3267,0.1457
1787921352.151932,0.630756,-1.448655,2.105124,0.4095,0.1457
1787921352.159823,0.628961,-1.446953,2.104148,0.3771,0.1457
1787921352.165822,0.628033,-1.444898,2.104614,0.3760,0.1457
1787921352.172521,0.626522,-1.443212,2.104124,0.3627,0.1457
1787921352.179623,0.625427,-1.441326,2.104152,0.3460,0.1457
1787921352.186508,0.623768,-1.439367,2.103679,0.3524,0.1527
1787921352.193444,0.622496,-1.437756,2.103610,0.3347,0.1527
1787921352.198504,0.621257,-1.435617,2.103422,0.3808,0.1527
1787921352.261549,0.620234,-1.433945,2.104225,0.2759,0.1527
1787921352.263273,0.618758,-1.432025,2.103790,0.6111,0.1527
1787921352.265164,0.618039,-1.430051,2.104554,0.7555,0.1527
1787921352.266765,0.616314,-1.428103,2.103933,1.0076,0.1527
1787921352.267836,0.615544,-1.426070,2.104771,1.3049,0.1527
1787921352.269085,0.613759,-1.424438,2.104214,1.4690,0.1527
1787921352.270739,0.612471,-1.422411,2.104119,1.4637,0.1527
1787921352.272988,0.611208,-1.420486,2.104410,1.3313,0.1527
1787921352.274733,0.609993,-1.418514,2.104804,1.3301,0.1527
1787921352.277040,0.608486,-1.416646,2.104006,1.2399,0.1527
1787921352.278780,0.607694,-1.414480,2.105631,1.2589,0.1527
1787921352.280513,0.606188,-1.412557,2.104954,1.3004,0.1527
1787921352.285876,0.604795,-1.410693,2.105221,1.0397,0.1285
1787921352.291863,0.603481,-1.408689,2.105122,0.8477,0.1285
1787921352.298977,0.602138,-1.406828,2.105339,0.6898,0.1285
1787921352.305297,0.600779,-1.404720,2.105164,0.6018,0.1285
1787921352.311799,0.599365,-1.402891,2.105529,0.5271,0.1285
1787921352.318877,0.598202,-1.400737,2.105448,0.4727,0.1285
1787921352.325162,0.596845,-1.398838,2.105953,0.4419,0.1285
1787921352.332175,0.595888,-1.396697,2.106321,0.4090,0.1285
1787921352.338723,0.594586,-1.394955,2.106518,0.3854,0.1285
1787921352.344952,0.593106,-1.393099,2.105998,0.3830,0.1285
1787921352.352093,0.591959,-1.391229,2.106383,0.3603,0.1285
1787921352.358693,0.590340,-1.389430,2.106123,0.3601,0.1285
1787921352.365289,0.589238,-1.387368,2.106152,0.3583,0.1285
1787921352.374438,0.587900,-1.385626,2.106749,0.3223,0.1285
1787921352.380337,0.586999,-1.383325,2.107563,0.3496,0.1285
1787921352.385198,0.585793,-1.381510,2.107366,0.3791,0.1290
1787921352.392021,0.584126,-1.379763,2.106623,0.3688,0.1290
1787921352.398554,0.583021,-1.377807,2.106834,0.3613,0.1290
1787921352.405116,0.581809,-1.375939,2.106970,0.3546,0.1290
1787921352.412596,0.580252,-1.374284,2.106247,0.3372,0.1290
1787921352.419397,0.579250,-1.372072,2.106884,0.3425,0.1290
1787921352.425225,0.578044,-1.370203,2.106862,0.3542,0.1290
1787921352.431935,0.576867,-1.368059,2.107424,0.3572,0.1290
1787921352.438526,0.575667,-1.366219,2.107468,0.3499,0.1290
1787921352.445201,0.574405,-1.364305,2.107786,0.3479,0.1290
1787921352.454442,0.573453,-1.362231,2.107940,0.3172,0.1290
1787921352.460723,0.571983,-1.360417,2.107495,0.3324,0.1290
1787921352.466287,0.570622,-1.358421,2.107403,0.3627,0.1290
1787921352.472872,0.569756,-1.356334,2.107850,0.3558,0.1290
1787921352.478725,0.567962,-1.354497,2.106996,0.3769,0.1290
1787921352.485460,0.567014,-1.352510,2.107374,0.3615,0.1344
1787921352.492317,0.565802,-1.350290,2.107569,0.3637,0.1344
1787921352.498809,0.564686,-1.348457,2.107921,0.3537,0.1344
1787921352.505477,0.563374,-1.346312,2.108352,0.3607,0.1344
1787921352.512176,0.562329,-1.344598,2.108580,0.3424,0.1344
1787921352.518299,0.560779,-1.342509,2.107838,0.3665,0.1344
1787921352.525481,0.560041,-1.340646,2.108699,0.3391,0.1344
1787921352.532092,0.558252,-1.338867,2.107263,0.3483,0.1344
1787921352.539521,0.557429,-1.336721,2.108335,0.3353,0.1344
1787921352.545189,0.556057,-1.334777,2.108020,0.3602,0.1344
1787921352.552384,0.554780,-1.332823,2.108052,0.3494,0.1344
1787921352.558708,0.553806,-1.330977,2.108742,0.3435,0.1344
1787921352.568595,0.552689,-1.328733,2.108826,0.3163,0.1344
1787921352.572050,0.551127,-1.327232,2.108379,0.4028,0.1344
1787921352.579766,0.550220,-1.325028,2.108750,0.3736,0.1344
1787921352.585785,0.548784,-1.323320,2.108263,0.3713,0.1163
1787921352.592095,0.547619,-1.321332,2.108202,0.3695,0.1163
1787921352.599115,0.546426,-1.319377,2.108538,0.3565,0.1163
1787921352.605304,0.545178,-1.317443,2.108289,0.3611,0.1163
1787921352.611613,0.544008,-1.315435,2.108325,0.3632,0.1163
1787921352.618693,0.543510,-1.312529,2.108735,0.3708,0.1163
1787921352.625276,0.542048,-1.310546,2.108340,0.3713,0.1163
1787921352.632492,0.541147,-1.308611,2.109229,0.3482,0.1163
1787921352.638739,0.539331,-1.306867,2.107986,0.3603,0.1163
1787921352.645509,0.538628,-1.304841,2.108727,0.3453,0.1163
1787921352.651972,0.536881,-1.303144,2.107749,0.3509,0.1163
1787921352.659242,0.535693,-1.301233,2.107733,0.3385,0.1163
1787921352.666222,0.534205,-1.299416,2.107202,0.3367,0.1163
1787921352.672288,0.533056,-1.297255,2.107440,0.3566,0.1163
1787921352.681943,0.531801,-1.295604,2.107011,0.3136,0.1163
1787921352.685974,0.530521,-1.293452,2.107173,0.4060,0.1255
1787921352.692194,0.529491,-1.291562,2.107768,0.3879,0.1255
1787921352.698774,0.527961,-1.289620,2.107054,0.3833,0.1255
1787921352.705282,0.526917,-1.287662,2.107530,0.3705,0.1255
1787921352.711879,0.525629,-1.285430,2.107236,0.3765,0.1255
1787921352.718316,0.524244,-1.283958,2.106491,0.3555,0.1255
1787921352.726165,0.523181,-1.281595,2.106932,0.3472,0.1255
1787921352.731961,0.521907,-1.279835,2.106675,0.3551,0.1255
1787921352.739486,0.520636,-1.277788,2.106444,0.3446,0.1255
1787921352.745491,0.520066,-1.275024,2.106997,0.3745,0.1255
1787921352.752634,0.518765,-1.273164,2.106730,0.3572,0.1255
1787921352.761586,0.517548,-1.271001,2.106790,0.3332,0.1255
1787921352.765968,0.516093,-1.269021,2.106007,0.4006,0.1255
1787921352.773514,0.515157,-1.267102,2.106225,0.3651,0.1255
1787921352.779212,0.513800,-1.265238,2.105785,0.3764,0.1255
1787921352.785949,0.512605,-1.263195,2.105797,0.3688,0.1182
1787921352.792358,0.511260,-1.261299,2.105624,0.3666,0.1182
1787921352.798829,0.509960,-1.259185,2.105568,0.3717,0.1182
1787921352.805839,0.508690,-1.257265,2.104972,0.3586,0.1182
1787921352.811985,0.507602,-1.255117,2.105535,0.3683,0.1182
1787921352.819031,0.506386,-1.253119,2.105439,0.3574,0.1182
1787921352.825080,0.504922,-1.251305,2.105266,0.3646,0.1182
1787921352.831658,0.503647,-1.249384,2.105342,0.3602,0.1182
1787921352.839473,0.502205,-1.247577,2.104931,0.3400,0.1182
1787921352.846596,0.500927,-1.245581,2.104646,0.3378,0.1182
1787921352.851858,0.499498,-1.243859,2.104463,0.3624,0.1182
1787921352.858752,0.498417,-1.241659,2.104484,0.3601,0.1182
1787921352.865071,0.496937,-1.239940,2.104215,0.3580,0.1182
1787921352.875999,0.495750,-1.237740,2.104609,0.3192,0.1182
1787921352.878782,0.494442,-1.236049,2.104455,0.4521,0.1182
1787921352.887983,0.493359,-1.233894,2.105035,0.3949,0.1229
1787921352.891879,0.491875,-1.231936,2.104497,0.4644,0.1229
1787921352.902367,0.490664,-1.229985,2.104203,0.3908,0.1229
1787921352.905361,0.489706,-1.227828,2.104448,0.5083,0.1229
1787921352.912646,0.488013,-1.226009,2.103528,0.4558,0.1229
1787921352.918419,0.487121,-1.223965,2.103874,0.4341,0.1229
1787921352.925519,0.485564,-1.222096,2.103411,0.4053,0.1229
1787921352.932474,0.484583,-1.220032,2.103334,0.3819,0.1229
1787921352.938974,0.483310,-1.218071,2.103466,0.3751,0.1229
1787921352.947524,0.482260,-1.215909,2.103336,0.3467,0.1229
1787921352.951748,0.481095,-1.214022,2.103619,0.4001,0.1229
1787921352.958836,0.479719,-1.212107,2.103290,0.3795,0.1229
1787921352.966196,0.478825,-1.209803,2.103858,0.3650,0.1229
1787921352.972749,0.477212,-1.208041,2.102827,0.3625,0.1229
1787921352.978806,0.476324,-1.205719,2.103534,0.3751,0.1229
1787921352.985101,0.474952,-1.203797,2.103043,0.3747,0.1347
1787921352.992051,0.473977,-1.201713,2.103325,0.3611,0.1347
1787921352.998856,0.472379,-1.199740,2.102801,0.3635,0.1347
1787921353.005491,0.471665,-1.197680,2.103411,0.3511,0.1347
1787921353.011967,0.469901,-1.195598,2.102396,0.3703,0.1347
1787921353.019464,0.469146,-1.193494,2.103136,0.3471,0.1347
1787921353.025237,0.467818,-1.191429,2.102785,0.3704,0.1347
1787921353.032240,0.466475,-1.189466,2.101939,0.3610,0.1347
1787921353.038626,0.465344,-1.187211,2.102342,0.3709,0.1347
1787921353.045662,0.463950,-1.185477,2.101522,0.3535,0.1347
1787921353.052254,0.462963,-1.183310,2.102120,0.3553,0.1347
1787921353.060954,0.461233,-1.181287,2.101226,0.3390,0.1347
1787921353.065265,0.460567,-1.179260,2.101807,0.3824,0.1347
1787921353.071972,0.458916,-1.177197,2.101025,0.3847,0.1347
1787921353.080498,0.458132,-1.175106,2.101785,0.3467,0.1347
1787921353.086875,0.456455,-1.173162,2.100739,0.3614,0.1240
1787921353.092136,0.455247,-1.171253,2.100802,0.3817,0.1240
1787921353.098690,0.453996,-1.169031,2.100559,0.3839,0.1240
1787921353.105060,0.452702,-1.167104,2.100492,0.3779,0.1240
1787921353.112006,0.451376,-1.164871,2.100083,0.3767,0.1240
1787921353.118619,0.450035,-1.163124,2.099737,0.3628,0.1240
1787921353.125187,0.448965,-1.160995,2.100294,0.3626,0.1240
1787921353.131822,0.447273,-1.159296,2.099486,0.3587,0.1240
1787921353.138785,0.446448,-1.157062,2.100222,0.3521,0.1240
1787921353.144895,0.444850,-1.155156,2.099319,0.3669,0.1240
1787921353.154079,0.444121,-1.152852,2.100685,0.3338,0.1240
1787921353.158640,0.442190,-1.151313,2.098996,0.3851,0.1240
1787921353.165508,0.441169,-1.149000,2.099424,0.3793,0.1240
1787921353.172094,0.439529,-1.147220,2.099054,0.3732,0.1240
1787921353.178495,0.438614,-1.144722,2.100036,0.3840,0.1240
1787921353.186532,0.437156,-1.143162,2.099625,0.3465,0.1329
1787921353.193565,0.435892,-1.140875,2.100255,0.3540,0.1329
1787921353.198508,0.434316,-1.139065,2.100070,0.3909,0.1329
1787921353.205508,0.433095,-1.136793,2.100238,0.3841,0.1329
1787921353.211892,0.431803,-1.134911,2.100215,0.3759,0.1329
1787921353.219441,0.430278,-1.132727,2.099822,0.3686,0.1329
1787921353.225966,0.429379,-1.130778,2.100770,0.3562,0.1329
1787921353.232216,0.427769,-1.128674,2.100512,0.3756,0.1329
1787921353.238384,0.426740,-1.126718,2.100964,0.3703,0.1329
1787921353.245428,0.425465,-1.124562,2.101233,0.3659,0.1329
1787921353.252229,0.424082,-1.122554,2.101146,0.3634,0.1329
1787921353.258803,0.422883,-1.120399,2.101914,0.3669,0.1329
1787921353.265713,0.421291,-1.118442,2.101074,0.3651,0.1329
1787921353.273321,0.420063,-1.116328,2.101228,0.3520,0.1329
1787921353.278598,0.418302,-1.114464,2.100654,0.3883,0.1329
1787921353.286118,0.417156,-1.112416,2.100829,0.3655,0.1362
1787921353.292216,0.415644,-1.110364,2.100675,0.3806,0.1362
1787921353.299452,0.414513,-1.108327,2.100902,0.3629,0.1362
1787921353.305408,0.413006,-1.106564,2.100215,0.3690,0.1362
1787921353.311877,0.411901,-1.104210,2.100890,0.3784,0.1362
1787921353.318940,0.410668,-1.102369,2.100683,0.3588,0.1362
1787921353.326957,0.409513,-1.100096,2.101265,0.3464,0.1362
1787921353.331963,0.407600,-1.098541,2.099813,0.3808,0.1362
1787921353.340674,0.406826,-1.096313,2.100558,0.3463,0.1362
1787921353.348076,0.405376,-1.094331,2.100149,0.3414,0.1362
1787921353.352354,0.404336,-1.092322,2.100911,0.3974,0.1362
1787921353.358905,0.402876,-1.090311,2.100301,0.3914,0.1362
1787921353.366738,0.401839,-1.088283,2.100918,0.3611,0.1362
1787921353.372393,0.400156,-1.086238,2.099949,0.3915,0.1362
1787921353.379332,0.399307,-1.084168,2.100185,0.3698,0.1362
1787921353.384932,0.397779,-1.082116,2.099758,0.3951,0.1203
1787921353.392121,0.396804,-1.080233,2.100481,0.3649,0.1203
1787921353.399096,0.395277,-1.078154,2.099659,0.3658,0.1203
1787921353.405455,0.394239,-1.076154,2.100370,0.3622,0.1203
1787921353.412712,0.393104,-1.074044,2.100365,0.3525,0.1203
1787921353.418588,0.391785,-1.072093,2.099855,0.3668,0.1203
1787921353.425562,0.390437,-1.070060,2.099804,0.3615,0.1203
1787921353.432104,0.389013,-1.068092,2.099521,0.3639,0.1203
1787921353.438845,0.388004,-1.066155,2.100037,0.3518,0.1203
1787921353.445164,0.386915,-1.063937,2.100702,0.3633,0.1203
1787921353.452491,0.385595,-1.062148,2.100587,0.3448,0.1203
1787921353.458637,0.384281,-1.060232,2.100004,0.3545,0.1203
1787921353.465370,0.382966,-1.058079,2.100032,0.3605,0.1203
1787921353.472657,0.381957,-1.056147,2.100225,0.3420,0.1203
1787921353.478800,0.380671,-1.053914,2.100251,0.3652,0.1203
1787921353.486651,0.379493,-1.051975,2.100487,0.3423,0.1264
1787921353.492128,0.378040,-1.050021,2.099853,0.3722,0.1264
1787921353.502047,0.376919,-1.047856,2.100548,0.3342,0.1264
1787921353.505944,0.375584,-1.045741,2.100640,0.4263,0.1264
1787921353.512115,0.374387,-1.043804,2.100668,0.4091,0.1264
1787921353.519353,0.373076,-1.041587,2.100868,0.3931,0.1264
1787921353.525270,0.371602,-1.039686,2.100749,0.3961,0.1264
1787921353.531747,0.370767,-1.037517,2.101179,0.3835,0.1264
1787921353.538648,0.369105,-1.035527,2.100786,0.3796,0.1264
1787921353.545434,0.368298,-1.033497,2.101775,0.3612,0.1264
1787921353.552305,0.366776,-1.031399,2.101046,0.3655,0.1264
1787921353.558386,0.365768,-1.029363,2.101685,0.3676,0.1264
1787921353.565302,0.364110,-1.027448,2.100939,0.3654,0.1264
1787921353.572034,0.363237,-1.025176,2.101659,0.3628,0.1264
1787921353.580559,0.361659,-1.023401,2.101030,0.3359,0.1264
1787921353.585320,0.360519,-1.021197,2.100784,0.3913,0.1346
1787921353.593979,0.359104,-1.019243,2.100684,0.3571,0.1346
1787921353.598814,0.357669,-1.017153,2.100335,0.4068,0.1346
1787921353.605662,0.356518,-1.015320,2.100491,0.3796,0.1346
1787921353.611916,0.355192,-1.013083,2.100383,0.3904,0.1346
1787921353.618930,0.353812,-1.011236,2.100266,0.3713,0.1346
1787921353.625972,0.352571,-1.008953,2.100177,0.3706,0.1346
1787921353.632995,0.351552,-1.006989,2.100427,0.3538,0.1346
1787921353.638520,0.350029,-1.005039,2.099748,0.3808,0.1346
1787921353.645066,0.349079,-1.002721,2.100375,0.3802,0.1346
1787921353.651788,0.347655,-1.000991,2.099877,0.3649,0.1346
1787921353.659044,0.346671,-0.998725,2.100540,0.3568,0.1346
1787921353.665284,0.345390,-0.996659,2.100659,0.3666,0.1346
1787921353.673685,0.344032,-0.994735,2.100340,0.3404,0.1346
1787921353.678328,0.342817,-0.992511,2.100515,0.4020,0.1346
1787921353.685593,0.341439,-0.990483,2.100453,0.3824,0.1220
1787921353.692352,0.340214,-0.988459,2.100435,0.3727,0.1220
1787921353.699189,0.338981,-0.986328,2.100421,0.3689,0.1220
1787921353.707107,0.337716,-0.984208,2.100275,0.3518,0.1220
1787921353.712138,0.336410,-0.982124,2.099833,0.3928,0.1220
1787921353.718984,0.335234,-0.980067,2.100161,0.3788,0.1220
1787921353.725780,0.333880,-0.977941,2.099835,0.3764,0.1220
1787921353.732056,0.332553,-0.976087,2.099760,0.3720,0.1220
1787921353.739716,0.331514,-0.973720,2.100145,0.3609,0.1220
1787921353.744862,0.329965,-0.972048,2.099236,0.3823,0.1220
1787921353.752485,0.329031,-0.969484,2.099676,0.3733,0.1220
1787921353.759368,0.327544,-0.967896,2.099331,0.3538,0.1220
1787921353.765535,0.326214,-0.965656,2.098551,0.3744,0.1220
1787921353.772321,0.324790,-0.963762,2.098172,0.3661,0.1220
1787921353.779236,0.323947,-0.961358,2.099334,0.3648,0.1220
1787921353.785428,0.322230,-0.959588,2.098187,0.3713,0.1311
1787921353.792245,0.321255,-0.957258,2.098706,0.3701,0.1311
1787921353.799723,0.319788,-0.955505,2.098315,0.3495,0.1311
1787921353.809228,0.318533,-0.953297,2.097863,0.3248,0.1311
1787921353.811841,0.317384,-0.951236,2.098183,0.4981,0.1311
1787921353.819312,0.315851,-0.949430,2.097674,0.4423,0.1311
1787921353.825675,0.314857,-0.947201,2.097882,0.4240,0.1311
1787921353.832130,0.313830,-0.944997,2.098423,0.4093,0.1311
1787921353.838926,0.312258,-0.943081,2.097665,0.3945,0.1311
1787921353.845285,0.311051,-0.940924,2.097812,0.3928,0.1311
1787921353.852348,0.310001,-0.938752,2.098338,0.3771,0.1311
1787921353.859159,0.308822,-0.936641,2.098771,0.3705,0.1311
1787921353.865694,0.307493,-0.934468,2.098337,0.3762,0.1311
1787921353.872027,0.306419,-0.932352,2.098716,0.3756,0.1311
1787921353.879416,0.305014,-0.930242,2.098816,0.3657,0.1311
1787921353.889561,0.303684,-0.928145,2.098292,0.3293,0.1461
1787921353.892503,0.302687,-0.925923,2.099020,0.4774,0.1461
1787921353.903634,0.301161,-0.923885,2.098320,0.4024,0.1461
1787921353.905588,0.300297,-0.921472,2.099208,0.6685,0.1461
1787921353.913352,0.298886,-0.919680,2.098578,0.5552,0.1461
1787921353.918562,0.297729,-0.917380,2.098669,0.5367,0.1461
1787921353.925555,0.296360,-0.915460,2.098380,0.4764,0.1461
1787921353.931766,0.295306,-0.913271,2.098481,0.4505,0.1461
1787921353.938506,0.293780,-0.911167,2.097469,0.4304,0.1461
1787921353.945750,0.292559,-0.909180,2.097625,0.3978,0.1461
1787921353.952158,0.291266,-0.907114,2.097153,0.3926,0.1461
1787921353.958595,0.290301,-0.905032,2.097419,0.3813,0.1461
1787921353.965566,0.288878,-0.902872,2.097011,0.3780,0.1461
1787921353.971616,0.287725,-0.900903,2.097039,0.3777,0.1461
1787921353.981771,0.286565,-0.898596,2.097085,0.3406,0.1461
1787921353.985720,0.285041,-0.896585,2.096446,0.4286,0.1085
1787921353.992755,0.283833,-0.894508,2.096785,0.4025,0.1085
1787921353.998767,0.282738,-0.892333,2.096871,0.4031,0.1085
1787921354.005326,0.281155,-0.890385,2.096232,0.3956,0.1085
1787921354.012444,0.279844,-0.888250,2.096010,0.3825,0.1085
1787921354.019012,0.278778,-0.886208,2.096444,0.3728,0.1085
1787921354.026025,0.277299,-0.884125,2.095904,0.3698,0.1085
1787921354.032746,0.276306,-0.881832,2.096575,0.3696,0.1085
1787921354.038967,0.275363,-0.879636,2.097236,0.3731,0.1085
1787921354.045712,0.273545,-0.877519,2.096491,0.3832,0.1085
1787921354.051692,0.272335,-0.875675,2.096493,0.3787,0.1085
1787921354.060559,0.271019,-0.873451,2.096420,0.3525,0.1085
1787921354.066525,0.269555,-0.871319,2.096451,0.3765,0.1085
1787921354.072974,0.268155,-0.869186,2.095740,0.3820,0.1085
1787921354.078446,0.266552,-0.867254,2.095600,0.4031,0.1085
1787921354.086156,0.265456,-0.865006,2.096140,0.3793,0.1151
1787921354.093155,0.263943,-0.863008,2.096042,0.3721,0.1151
1787921354.098987,0.262940,-0.860790,2.097165,0.3850,0.1151
1787921354.106326,0.261254,-0.858891,2.096762,0.3713,0.1151
1787921354.114926,0.260307,-0.856731,2.097507,0.3417,0.1151
1787921354.119061,0.258518,-0.854792,2.096591,0.4259,0.1151
1787921354.126240,0.257610,-0.852597,2.097705,0.3965,0.1151
1787921354.132344,0.256038,-0.850537,2.097316,0.4039,0.1151
1787921354.139172,0.254684,-0.848378,2.097498,0.3947,0.1151
1787921354.145454,0.253565,-0.846420,2.098041,0.3840,0.1151
1787921354.152510,0.251645,-0.844541,2.097261,0.3788,0.1151
1787921354.159550,0.250554,-0.842469,2.098238,0.3649,0.1151
1787921354.165701,0.249175,-0.840489,2.097588,0.3727,0.1151
1787921354.171685,0.247657,-0.838342,2.097656,0.3922,0.1151
1787921354.178898,0.246509,-0.836463,2.098365,0.3661,0.1151
1787921354.186388,0.245134,-0.834110,2.098189,0.3654,0.0232
1787921354.192311,0.243381,-0.832264,2.097636,0.3813,0.0232
1787921354.199290,0.242334,-0.829787,2.098506,0.3815,0.0232
1787921354.206090,0.240409,-0.828140,2.097409,0.3726,0.0232
1787921354.212010,0.239397,-0.825693,2.098266,0.3938,0.0232
1787921354.219762,0.237888,-0.823760,2.098146,0.3697,0.0232
1787921354.225111,0.236750,-0.821544,2.098510,0.3983,0.0232
1787921354.233603,0.235321,-0.819463,2.099082,0.3678,0.0232
1787921354.239232,0.234123,-0.817262,2.099517,0.3909,0.0232
1787921354.245625,0.232584,-0.815307,2.099123,0.3893,0.0232
1787921354.252464,0.231364,-0.813311,2.099514,0.3751,0.0232
1787921354.259155,0.229964,-0.811159,2.099326,0.3776,0.0232
1787921354.265016,0.228692,-0.808962,2.099168,0.3942,0.0232
1787921354.272249,0.227376,-0.806920,2.099411,0.3766,0.0232
1787921354.279081,0.226380,-0.804643,2.099735,0.3720,0.0232
1787921354.285370,0.224760,-0.802686,2.099337,0.3800,0.0165
1787921354.292590,0.223415,-0.800550,2.099057,0.3708,0.0165
1787921354.298574,0.221812,-0.798641,2.098491,0.3827,0.0165
1787921354.305268,0.220858,-0.796318,2.099633,0.3794,0.0165
1787921354.312476,0.219422,-0.794409,2.099305,0.3643,0.0165
1787921354.319701,0.218287,-0.792241,2.099575,0.3565,0.0165
1787921354.325658,0.216792,-0.790187,2.098770,0.3768,0.0165
1787921354.331982,0.215985,-0.788150,2.099837,0.3665,0.0165
1787921354.339724,0.214655,-0.785813,2.099771,0.3608,0.0165
1787921354.345333,0.213348,-0.783968,2.099670,0.3730,0.0165
1787921354.351971,0.212245,-0.781669,2.099934,0.3760,0.0165
1787921354.359515,0.210532,-0.779894,2.098807,0.3585,0.0165
1787921354.365786,0.209670,-0.777574,2.099311,0.3676,0.0165
1787921354.371801,0.207755,-0.775687,2.097954,0.3867,0.0165
1787921354.378871,0.207017,-0.773448,2.099156,0.3685,0.0165
1787921354.385195,0.205318,-0.771307,2.097949,0.3862,0.0144
1787921354.392142,0.204223,-0.769303,2.098101,0.3690,0.0144
1787921354.400777,0.202950,-0.767105,2.097967,0.3465,0.0144
1787921354.405283,0.201779,-0.765035,2.098094,0.4009,0.0144
1787921354.411939,0.200555,-0.762834,2.097851,0.3941,0.0144
1787921354.422143,0.198838,-0.760738,2.096855,0.3545,0.0144
1787921354.425450,0.197882,-0.758388,2.097117,0.4761,0.0144
1787921354.432708,0.196524,-0.756345,2.096949,0.4345,0.0144
1787921354.439332,0.195324,-0.754053,2.096923,0.4212,0.0144
1787921354.445225,0.194150,-0.752040,2.096691,0.4135,0.0144
1787921354.451996,0.192792,-0.749827,2.096114,0.4045,0.0144
1787921354.458960,0.191321,-0.747877,2.095496,0.3876,0.0144
1787921354.465317,0.190081,-0.745667,2.095065,0.3908,0.0144
1787921354.472255,0.188595,-0.743446,2.094553,0.3889,0.0144
1787921354.479118,0.187728,-0.741430,2.094574,0.3675,0.0144
1787921354.485717,0.186210,-0.739068,2.093723,0.3848,-0.0985
1787921354.492952,0.185454,-0.737007,2.094293,0.3590,-0.0985
1787921354.499062,0.183937,-0.734932,2.093544,0.3768,-0.0985
1787921354.505564,0.182846,-0.732957,2.093002,0.3678,-0.0985
1787921354.515198,0.181512,-0.730769,2.092491,0.3372,-0.0985
1787921354.518702,0.180096,-0.728659,2.090990,0.4531,-0.0985
1787921354.525811,0.179072,-0.726537,2.091386,0.4163,-0.0985
1787921354.532358,0.177501,-0.724555,2.090109,0.4060,-0.0985
1787921354.539587,0.176267,-0.722417,2.089700,0.3867,-0.0985
1787921354.545381,0.174790,-0.720452,2.088653,0.3969,-0.0985
1787921354.553285,0.173748,-0.718236,2.088727,0.3705,-0.0985
1787921354.558710,0.172480,-0.716023,2.088215,0.4004,-0.0985
1787921354.565408,0.171089,-0.713797,2.087725,0.3977,-0.0985
1787921354.572276,0.169867,-0.711791,2.087584,0.3810,-0.0985
1787921354.579119,0.168375,-0.709774,2.087359,0.3759,-0.0985
1787921354.584971,0.167422,-0.707445,2.087612,0.3910,-0.1016
1787921354.592370,0.166380,-0.705077,2.087975,0.3781,-0.1016
1787921354.598484,0.165187,-0.702743,2.087883,0.3931,-0.1016
1787921354.606057,0.163756,-0.700574,2.087181,0.3779,-0.1016
1787921354.612119,0.162579,-0.698172,2.087012,0.3967,-0.1016
1787921354.618471,0.161690,-0.695924,2.087300,0.3907,-0.1016
1787921354.627959,0.160346,-0.693689,2.087030,0.3560,-0.1016
1787921354.632506,0.158677,-0.691841,2.085137,0.4095,-0.1016
1787921354.638851,0.157056,-0.689713,2.083820,0.4119,-0.1016
1787921354.645605,0.155624,-0.687652,2.082601,0.3993,-0.1016
1787921354.651713,0.154536,-0.685506,2.081664,0.3976,-0.1016
1787921354.659818,0.152986,-0.683337,2.080359,0.3763,-0.1016
1787921354.665344,0.151912,-0.681186,2.079608,0.3939,-0.1016
1787921354.671948,0.150390,-0.679011,2.078502,0.3957,-0.1016
1787921354.678269,0.149158,-0.676896,2.077129,0.3931,-0.1016
1787921354.685961,0.147418,-0.675042,2.075056,0.3713,-0.0962
1787921354.692167,0.146507,-0.672512,2.074518,0.3882,-0.0962
1787921354.699341,0.145164,-0.670691,2.073271,0.3655,-0.0962
1787921354.707015,0.144067,-0.668395,2.072442,0.3552,-0.0962
1787921354.711758,0.142487,-0.666332,2.070802,0.4111,-0.0962
1787921354.719024,0.141152,-0.664362,2.069603,0.3856,-0.0962
1787921354.725699,0.140172,-0.662073,2.068369,0.3813,-0.0962
1787921354.732195,0.138727,-0.659969,2.067418,0.3841,-0.0962
1787921354.738481,0.137842,-0.657662,2.066946,0.3858,-0.0962
1787921354.744924,0.136264,-0.655695,2.064868,0.3856,-0.0962
1787921354.752534,0.135485,-0.653205,2.064688,0.3709,-0.0962
1787921354.758596,0.134084,-0.651032,2.063026,0.3871,-0.0962
1787921354.765755,0.133041,-0.648720,2.062483,0.3771,-0.0962
1787921354.772642,0.132125,-0.646356,2.062096,0.3736,-0.0962
1787921354.778383,0.130707,-0.644292,2.060250,0.3915,-0.0962
1787921354.785540,0.129775,-0.642007,2.059691,0.3770,-0.2162
1787921354.792129,0.128415,-0.639780,2.057946,0.3825,-0.2162
1787921354.800556,0.127622,-0.637320,2.057779,0.3583,-0.2162
1787921354.806091,0.126098,-0.635294,2.055298,0.3865,-0.2162
1787921354.812170,0.125079,-0.632951,2.054295,0.3963,-0.2162
1787921354.821398,0.123902,-0.630727,2.052764,0.3592,-0.2162
1787921354.825506,0.122642,-0.628642,2.050721,0.4290,-0.2162
1787921354.832875,0.121679,-0.626182,2.050219,0.4072,-0.2162
1787921354.838479,0.120269,-0.624354,2.047893,0.4067,-0.2162
1787921354.845803,0.119394,-0.621981,2.047037,0.3875,-0.2162
1787921354.851777,0.118297,-0.619967,2.046090,0.3864,-0.2162
1787921354.858912,0.117253,-0.617702,2.044802,0.3752,-0.2162
1787921354.865716,0.116169,-0.615332,2.043887,0.3775,-0.2162
1787921354.871996,0.115082,-0.613226,2.042755,0.3774,-0.2162
1787921354.878679,0.113984,-0.610846,2.041894,0.3818,-0.2162
1787921354.885328,0.112701,-0.608824,2.040833,0.3748,-0.2001
1787921354.892245,0.111859,-0.606303,2.040631,0.3764,-0.2001
1787921354.898742,0.110760,-0.604094,2.039323,0.3774,-0.2001
1787921354.907171,0.109516,-0.602023,2.037904,0.3499,-0.2001
1787921354.912360,0.108380,-0.599607,2.036807,0.3992,-0.2001
1787921354.918712,0.107071,-0.597560,2.035170,0.3936,-0.2001
1787921354.926050,0.105864,-0.595157,2.033796,0.3854,-0.2001
1787921354.934191,0.104545,-0.592853,2.031956,0.3675,-0.2001
1787921354.939043,0.103494,-0.590558,2.030310,0.4133,-0.2001
1787921354.945218,0.101961,-0.588270,2.028276,0.4219,-0.2001
1787921354.952025,0.100667,-0.586054,2.026179,0.4081,-0.2001
1787921354.959394,0.099816,-0.583641,2.024891,0.3892,-0.2001
1787921354.965226,0.098082,-0.581458,2.022342,0.4124,-0.2001
1787921354.972300,0.096994,-0.579166,2.020424,0.3962,-0.2001
1787921354.979356,0.095533,-0.576745,2.017645,0.3970,-0.2001
1787921354.985423,0.094435,-0.574487,2.016284,0.4021,-0.3206
1787921354.992367,0.093212,-0.572247,2.014500,0.3915,-0.3206
1787921354.998644,0.091787,-0.569996,2.011886,0.4004,-0.3206
1787921355.005471,0.090514,-0.567891,2.009820,0.3878,-0.3206
1787921355.014120,0.089118,-0.565862,2.007884,0.3557,-0.3206
1787921355.018921,0.088027,-0.563465,2.006360,0.4136,-0.3206
1787921355.025753,0.086925,-0.561347,2.004461,0.3943,-0.3206
1787921355.032225,0.085684,-0.559301,2.002547,0.3862,-0.3206
1787921355.039313,0.084321,-0.557061,2.000433,0.3805,-0.3206
1787921355.045244,0.083347,-0.555084,1.999131,0.3778,-0.3206
1787921355.053017,0.082372,-0.552983,1.997568,0.3538,-0.3206
1787921355.059212,0.081535,-0.550854,1.996995,0.3584,-0.3206
1787921355.065042,0.080132,-0.548968,1.995023,0.3690,-0.3206
1787921355.072541,0.079514,-0.546633,1.994626,0.3536,-0.3206
1787921355.078358,0.078577,-0.544509,1.993773,0.3672,-0.3206
1787921355.085877,0.077497,-0.542172,1.992098,0.3598,-0.3136
1787921355.092017,0.076272,-0.540138,1.990683,0.3670,-0.3136
1787921355.098532,0.075425,-0.537891,1.989550,0.3673,-0.3136
1787921355.107484,0.074133,-0.535564,1.987942,0.3459,-0.3136
1787921355.112916,0.073629,-0.533176,1.988397,0.3740,-0.3136
1787921355.118536,0.072642,-0.530885,1.986791,0.3949,-0.3136
1787921355.128759,0.071604,-0.528678,1.985574,0.3480,-0.3136
1787921355.132618,0.070949,-0.526167,1.984819,0.4428,-0.3136
1787921355.139143,0.069361,-0.524329,1.981363,0.4166,-0.3136
1787921355.145330,0.068778,-0.521727,1.980623,0.4186,-0.3136
1787921355.151974,0.067846,-0.519471,1.978675,0.4032,-0.3136
1787921355.158651,0.066558,-0.517592,1.976036,0.3827,-0.3136
1787921355.165541,0.065773,-0.515082,1.974563,0.3818,-0.3136
1787921355.171643,0.064646,-0.512844,1.971647,0.3902,-0.3136
1787921355.179579,0.063826,-0.510521,1.969448,0.3661,-0.3136
1787921355.185045,0.062567,-0.508388,1.967121,0.3909,-0.3023
1787921355.192993,0.061394,-0.506236,1.963637,0.3657,-0.3023
1787921355.198915,0.060729,-0.503928,1.961751,0.3769,-0.3023
1787921355.205469,0.059532,-0.501747,1.959218,0.3770,-0.3023
1787921355.212048,0.058470,-0.499778,1.956057,0.3653,-0.3023
1787921355.219638,0.057863,-0.497336,1.954027,0.3542,-0.3023
1787921355.225423,0.056864,-0.495316,1.951645,0.3644,-0.3023
1787921355.232642,0.055874,-0.493112,1.949035,0.3554,-0.3023
1787921355.241703,0.055113,-0.490966,1.946601,0.3241,-0.3023
1787921355.245659,0.054291,-0.488847,1.944358,0.3992,-0.3023
1787921355.251789,0.053379,-0.486804,1.941575,0.3888,-0.3023
1787921355.259038,0.052718,-0.484611,1.939752,0.3667,-0.3023
1787921355.265273,0.051500,-0.482608,1.936152,0.3676,-0.3023
1787921355.272189,0.050857,-0.480402,1.934016,0.3567,-0.3023
1787921355.278476,0.049956,-0.478293,1.931494,0.3590,-0.3023
1787921355.285243,0.049249,-0.476197,1.929070,0.3494,-0.3975
1787921355.291843,0.048434,-0.473916,1.927042,0.3546,-0.3975
1787921355.299836,0.047514,-0.471862,1.924011,0.3325,-0.3975
1787921355.305269,0.046516,-0.469856,1.921513,0.3557,-0.3975
1787921355.312445,0.046286,-0.467397,1.920010,0.3489,-0.3975
1787921355.318659,0.045378,-0.465292,1.916943,0.3547,-0.3975
1787921355.325344,0.044481,-0.463428,1.914722,0.3406,-0.3975
1787921355.333409,0.043934,-0.460837,1.912502,0.3360,-0.3975
1787921355.339010,0.043223,-0.458664,1.910069,0.3577,-0.3975
1787921355.345326,0.042320,-0.456577,1.907866,0.3581,-0.3975
1787921355.352089,0.041990,-0.454363,1.906477,0.3482,-0.3975
1787921355.360311,0.040920,-0.452101,1.903410,0.3345,-0.3975
1787921355.365148,0.040401,-0.449939,1.902078,0.3714,-0.3975
1787921355.372637,0.039943,-0.447811,1.900231,0.3466,-0.3975
1787921355.378661,0.039118,-0.445403,1.897863,0.3694,-0.3975
1787921355.385381,0.038321,-0.443272,1.895560,0.3601,-0.3738
1787921355.392623,0.037898,-0.441058,1.893891,0.3446,-0.3738
1787921355.398754,0.036965,-0.438677,1.891175,0.3662,-0.3738
1787921355.405491,0.036440,-0.436798,1.889244,0.3431,-0.3738
1787921355.412436,0.035889,-0.434440,1.887252,0.3444,-0.3738
1787921355.419684,0.034820,-0.432379,1.883921,0.3358,-0.3738
1787921355.425815,0.034269,-0.430194,1.881756,0.3452,-0.3738
1787921355.432090,0.033724,-0.428064,1.879622,0.3465,-0.3738
1787921355.438482,0.033000,-0.426047,1.876603,0.3431,-0.3738
1787921355.447378,0.032119,-0.423668,1.873518,0.3256,-0.3738
1787921355.452443,0.031441,-0.421754,1.870761,0.3481,-0.3738
1787921355.458928,0.030807,-0.419769,1.868233,0.3401,-0.3738
1787921355.465881,0.030125,-0.417869,1.865269,0.3250,-0.3738
1787921355.471962,0.029421,-0.415606,1.862566,0.3444,-0.3738
1787921355.478549,0.028955,-0.413603,1.860032,0.3346,-0.3738
1787921355.485140,0.028134,-0.411887,1.856722,0.3197,-0.3465
1787921355.492902,0.027724,-0.409981,1.853969,0.2990,-0.3465
1787921355.498945,0.026964,-0.407712,1.850558,0.3280,-0.3465
1787921355.505163,0.026275,-0.405891,1.847894,0.3232,-0.3465
1787921355.512754,0.025870,-0.403962,1.844781,0.3039,-0.3465
1787921355.518757,0.025233,-0.401943,1.841640,0.3185,-0.3465
1787921355.528179,0.024866,-0.399792,1.839329,0.2921,-0.3465
1787921355.532124,0.024165,-0.397909,1.836203,0.3566,-0.3465
1787921355.538381,0.023716,-0.395896,1.833492,0.3484,-0.3465
1787921355.548731,0.023599,-0.393784,1.831140,0.3039,-0.3465
1787921355.552204,0.022611,-0.391803,1.827365,0.3999,-0.3465
1787921355.559752,0.022351,-0.389500,1.824855,0.3711,-0.3465
1787921355.565905,0.021566,-0.387520,1.821436,0.3628,-0.3465
1787921355.572026,0.021197,-0.385317,1.818728,0.3631,-0.3465
1787921355.578808,0.020784,-0.383112,1.815843,0.3532,-0.3465
1787921355.585605,0.020030,-0.380993,1.813065,0.3460,-0.4270
1787921355.592046,0.020390,-0.378728,1.811781,0.3406,-0.4270
1787921355.598705,0.019524,-0.376763,1.808620,0.3337,-0.4270
1787921355.605340,0.019134,-0.374602,1.806165,0.3327,-0.4270
1787921355.611969,0.018654,-0.372373,1.803767,0.3360,-0.4270
1787921355.619364,0.018101,-0.370348,1.800840,0.3204,-0.4270
1787921355.625334,0.017804,-0.368357,1.798447,0.3251,-0.4270
1787921355.633332,0.017368,-0.366266,1.796025,0.3076,-0.4270
1787921355.640645,0.017109,-0.364051,1.793992,0.3063,-0.4270
1787921355.645258,0.016807,-0.362107,1.791951,0.3421,-0.4270
1787921355.652659,0.016752,-0.360209,1.790618,0.3150,-0.4270
1787921355.658659,0.016195,-0.358198,1.787890,0.3247,-0.4270
1787921355.664964,0.016257,-0.356129,1.786699,0.3229,-0.4270
1787921355.672012,0.015694,-0.354117,1.784114,0.3147,-0.4270
1787921355.678696,0.016016,-0.352125,1.783531,0.3047,-0.4270
1787921355.685493,0.015286,-0.350379,1.781063,0.2954,-0.4007
1787921355.691946,0.014681,-0.348408,1.778142,0.3022,-0.4007
1787921355.699252,0.014714,-0.346244,1.776482,0.2982,-0.4007
1787921355.705227,0.013990,-0.344355,1.773282,0.3090,-0.4007
1787921355.712073,0.013394,-0.342698,1.770544,0.2926,-0.4007
1787921355.718462,0.012628,-0.340592,1.766784,0.3088,-0.4007
1787921355.725572,0.012492,-0.338654,1.764466,0.2976,-0.4007
1787921355.732682,0.011831,-0.336649,1.761143,0.2966,-0.4007
1787921355.738879,0.011581,-0.334758,1.757872,0.2998,-0.4007
1787921355.745567,0.011043,-0.332600,1.754055,0.3094,-0.4007
1787921355.753670,0.010499,-0.330650,1.750554,0.2912,-0.4007
1787921355.758434,0.009888,-0.328686,1.746828,0.3324,-0.4007
1787921355.765699,0.009613,-0.326308,1.743730,0.3314,-0.4007
1787921355.771756,0.009121,-0.324524,1.739747,0.3231,-0.4007
1787921355.780389,0.008661,-0.322337,1.736410,0.3038,-0.4007
1787921355.788853,0.008027,-0.320555,1.732856,0.2786,-0.3636
1787921355.792013,0.008374,-0.318113,1.731063,0.4186,-0.3636
1787921355.798637,0.007997,-0.315834,1.728161,0.3977,-0.3636
1787921355.805262,0.007785,-0.314039,1.725659,0.3602,-0.3636
1787921355.812237,0.007359,-0.311932,1.722740,0.3444,-0.3636
1787921355.818952,0.007199,-0.309961,1.720445,0.3293,-0.3636
1787921355.825748,0.007416,-0.307901,1.718176,0.3190,-0.3636
1787921355.833275,0.006972,-0.306046,1.715274,0.2991,-0.3636
1787921355.838738,0.007109,-0.303848,1.713704,0.3277,-0.3636
1787921355.845353,0.006679,-0.302007,1.710341,0.3148,-0.3636
1787921355.852218,0.006565,-0.300032,1.708103,0.3065,-0.3636
1787921355.859240,0.006735,-0.298284,1.706224,0.2876,-0.3636
1787921355.865253,0.006342,-0.296521,1.703526,0.2911,-0.3636
1787921355.872661,0.006292,-0.294711,1.701351,0.2767,-0.3636
1787921355.878713,0.006048,-0.292961,1.699143,0.2812,-0.3636
1787921355.885115,0.005847,-0.291047,1.696159,0.2871,-0.4450
1787921355.892177,0.005564,-0.289196,1.693435,0.2804,-0.4450
1787921355.898834,0.005494,-0.287431,1.690284,0.2757,-0.4450
1787921355.905497,0.004793,-0.285857,1.686665,0.2670,-0.4450
1787921355.912464,0.004563,-0.283763,1.683805,0.2776,-0.4450
1787921355.918383,0.004300,-0.282029,1.680865,0.2832,-0.4450
1787921355.926735,0.004242,-0.280102,1.678016,0.2672,-0.4450
1787921355.931725,0.003871,-0.278299,1.675237,0.2972,-0.4450
1787921355.939204,0.003042,-0.276441,1.670380,0.2855,-0.4450
1787921355.947767,0.002997,-0.274518,1.668193,0.2671,-0.4450
1787921355.954401,0.002720,-0.272496,1.665015,0.2791,-0.4450
1787921355.958915,0.003063,-0.270340,1.663458,0.3360,-0.4450
1787921355.965300,0.002314,-0.268399,1.659227,0.3291,-0.4450
1787921355.974755,0.002131,-0.266314,1.656511,0.2968,-0.4450
1787921355.979821,0.001931,-0.264274,1.653813,0.3291,-0.4450
1787921355.985296,0.002089,-0.262171,1.652217,0.3445,-0.4088
1787921355.991618,0.001750,-0.260116,1.649374,0.3396,-0.4088
1787921355.998560,0.001985,-0.257841,1.647539,0.3350,-0.4088
1787921356.005334,0.001634,-0.255748,1.644574,0.3281,-0.4088
1787921356.012448,0.001667,-0.253697,1.642521,0.3158,-0.4088
1787921356.019300,0.001736,-0.251589,1.640337,0.3130,-0.4088
1787921356.025388,0.001355,-0.249679,1.637729,0.3142,-0.4088
1787921356.032217,0.002074,-0.247624,1.637025,0.3079,-0.4088
1787921356.038631,0.001408,-0.245616,1.633695,0.3112,-0.4088
1787921356.045023,0.001507,-0.243511,1.631339,0.3162,-0.4088
1787921356.052706,0.001266,-0.241589,1.628537,0.2968,-0.4088
1787921356.061428,0.001207,-0.239903,1.626209,0.2658,-0.4088
1787921356.065741,0.001406,-0.237926,1.624216,0.3226,-0.4088
1787921356.072513,0.001113,-0.236052,1.621026,0.3094,-0.4088
1787921356.078670,0.001340,-0.234297,1.618929,0.3015,-0.4088
1787921356.089717,0.000848,-0.232264,1.615298,0.2668,-0.3768
1787921356.092689,0.000478,-0.230559,1.612071,0.3603,-0.3768
1787921356.098977,0.000346,-0.228759,1.608885,0.3382,-0.3768
1787921356.105355,0.000741,-0.227005,1.607049,0.3186,-0.3768
1787921356.112327,0.000533,-0.225228,1.604037,0.2997,-0.3768
1787921356.118524,0.000444,-0.223371,1.600963,0.2998,-0.3768
1787921356.125245,0.000100,-0.221653,1.597460,0.2869,-0.3768
1787921356.131828,-0.000087,-0.219710,1.594057,0.2896,-0.3768
1787921356.141028,-0.000293,-0.217668,1.590488,0.2694,-0.3768
1787921356.145616,-0.000303,-0.215857,1.587536,0.3070,-0.3768
1787921356.152610,-0.000326,-0.213799,1.584263,0.3031,-0.3768
1787921356.158247,-0.000259,-0.212062,1.581872,0.3046,-0.3768
1787921356.165282,-0.000759,-0.210064,1.577965,0.2986,-0.3768
1787921356.171805,-0.000357,-0.208232,1.575721,0.2932,-0.3768
1787921356.179720,-0.000498,-0.206049,1.572320,0.2880,-0.3768
1787921356.185288,-0.000694,-0.204300,1.569463,0.2958,-0.4475
1787921356.191983,-0.002036,-0.202196,1.564997,0.3010,-0.4475
1787921356.198219,-0.001976,-0.200570,1.562681,0.2889,-0.4475
1787921356.206420,-0.002037,-0.198292,1.559972,0.2856,-0.4475
1787921356.212240,-0.002144,-0.196468,1.557281,0.2938,-0.4475
1787921356.219291,-0.002058,-0.194332,1.554553,0.2966,-0.4475
1787921356.225265,-0.002335,-0.192678,1.551493,0.2904,-0.4475
1787921356.232332,-0.002089,-0.190707,1.549393,0.2871,-0.4475
1787921356.239395,-0.002426,-0.188526,1.546290,0.2933,-0.4475
1787921356.245965,-0.002440,-0.186572,1.543715,0.2944,-0.4475
1787921356.251990,-0.002040,-0.184701,1.542128,0.2998,-0.4475
1787921356.258606,-0.002276,-0.182671,1.539014,0.3015,-0.4475
1787921356.266041,-0.001839,-0.180736,1.537842,0.2897,-0.4475
1787921356.272116,-0.001535,-0.178872,1.536015,0.2953,-0.4475
1787921356.278718,-0.001749,-0.177119,1.533327,0.2860,-0.4475
1787921356.285483,-0.001286,-0.175256,1.531883,0.2835,-0.4225
1787921356.292558,-0.001558,-0.173264,1.528914,0.2824,-0.4225
1787921356.299753,-0.001282,-0.171260,1.527258,0.2816,-0.4225
1787921356.305334,-0.001193,-0.169363,1.524952,0.2992,-0.4225
1787921356.311981,-0.001282,-0.167282,1.522144,0.3031,-0.4225
1787921356.318844,-0.000888,-0.165402,1.519983,0.2951,-0.4225
1787921356.325860,-0.000883,-0.163507,1.517246,0.2875,-0.4225
1787921356.333805,-0.000945,-0.161495,1.514641,0.2770,-0.4225
1787921356.339044,-0.001094,-0.159677,1.511572,0.2973,-0.4225
1787921356.345449,-0.001003,-0.157561,1.508588,0.3073,-0.4225
1787921356.352460,-0.000895,-0.155679,1.505796,0.2958,-0.4225
1787921356.358666,-0.000660,-0.153733,1.503595,0.3016,-0.4225
1787921356.368359,-0.000540,-0.151902,1.500978,0.2679,-0.4225
1787921356.372153,-0.000486,-0.149991,1.498032,0.3386,-0.4225
1787921356.378654,-0.000291,-0.148147,1.495868,0.3226,-0.4225
1787921356.385914,-0.000116,-0.146376,1.493123,0.2993,-0.3882
1787921356.393512,-0.000465,-0.144379,1.489067,0.2870,-0.3882
1787921356.398562,-0.000076,-0.142555,1.487202,0.3108,-0.3882
1787921356.405642,0.000260,-0.140597,1.484822,0.3014,-0.3882
1787921356.412186,0.000834,-0.138983,1.482959,0.2870,-0.3882
1787921356.418597,0.000718,-0.136826,1.479175,0.3009,-0.3882
1787921356.426529,0.000970,-0.134993,1.476920,0.2806,-0.3882
1787921356.432054,0.000923,-0.133223,1.474066,0.2918,-0.3882
1787921356.440299,0.001244,-0.131313,1.471236,0.2746,-0.3882
1787921356.448370,0.001510,-0.129430,1.468791,0.2628,-0.3882
1787921356.452219,0.001917,-0.127594,1.466542,0.3296,-0.3882
1787921356.459909,0.002185,-0.125537,1.463549,0.3116,-0.3882
1787921356.465348,0.002400,-0.123887,1.461521,0.3099,-0.3882
1787921356.472624,0.002440,-0.121903,1.457883,0.2984,-0.3882
1787921356.478487,0.002826,-0.119779,1.455788,0.3191,-0.3882
1787921356.487000,0.003067,-0.118090,1.453096,0.2835,-0.3512
1787921356.491948,0.003371,-0.116058,1.450324,0.3229,-0.3512
1787921356.498709,0.003794,-0.114215,1.448369,0.3095,-0.3512
1787921356.506071,0.003887,-0.112120,1.444746,0.3018,-0.3512
1787921356.512193,0.004715,-0.110214,1.443165,0.3091,-0.3512
1787921356.518219,0.004886,-0.108198,1.440532,0.3170,-0.3512
1787921356.525860,0.004863,-0.106271,1.437381,0.2967,-0.3512
1787921356.531824,0.005071,-0.104354,1.434462,0.3047,-0.3512
1787921356.538876,0.005625,-0.102253,1.432762,0.3051,-0.3512
1787921356.546310,0.005934,-0.100360,1.430160,0.2909,-0.3512
1787921356.569082,0.006400,-0.098669,1.428459,0.2266,-0.3512
1787921356.571507,0.006873,-0.096593,1.426503,0.4211,-0.3512
1787921356.574597,0.007409,-0.094931,1.424307,0.4620,-0.3512
1787921356.580154,0.007228,-0.092872,1.421054,0.4319,-0.3512
1787921356.583206,0.007423,-0.091194,1.418668,0.4683,-0.3972
1787921356.586008,0.007715,-0.089422,1.416768,0.5200,-0.3972
1787921356.591727,0.008467,-0.087727,1.415393,0.4580,-0.3972
1787921356.599515,0.008840,-0.085824,1.413528,0.3952,-0.3972
1787921356.606993,0.009645,-0.084226,1.412673,0.3450,-0.3972
1787921356.612045,0.009839,-0.082404,1.410822,0.3502,-0.3972
1787921356.618754,0.010173,-0.080748,1.409043,0.3206,-0.3972
1787921356.625261,0.010072,-0.078862,1.406518,0.3095,-0.3972
1787921356.632249,0.010960,-0.077121,1.405818,0.2966,-0.3972
1787921356.638823,0.011247,-0.075379,1.403635,0.2882,-0.3972
1787921356.645537,0.011604,-0.073589,1.401622,0.2833,-0.3972
1787921356.654861,0.011648,-0.071771,1.399052,0.2562,-0.3972
1787921356.659714,0.012375,-0.069900,1.397353,0.3010,-0.3972
1787921356.665299,0.012754,-0.068332,1.395240,0.2971,-0.3972
1787921356.675390,0.012704,-0.066100,1.391871,0.2730,-0.3972
1787921356.678429,0.013271,-0.064388,1.389898,0.3675,-0.3972
1787921356.686038,0.013103,-0.062280,1.386025,0.3377,-0.3972
1787921356.692333,0.013600,-0.060488,1.383934,0.3247,-0.3637
1787921356.700016,0.013850,-0.058498,1.380929,0.3055,-0.3637
1787921356.705456,0.014394,-0.056689,1.378885,0.3175,-0.3637
1787921356.711879,0.014779,-0.054686,1.376881,0.3175,-0.3637
1787921356.718633,0.015436,-0.052848,1.374366,0.3080,-0.3637
1787921356.725622,0.015869,-0.050741,1.372832,0.3080,-0.3637
1787921356.732350,0.015785,-0.048918,1.368947,0.2944,-0.3637
1787921356.738895,0.016289,-0.047116,1.366941,0.2917,-0.3637
1787921356.746405,0.016577,-0.045121,1.364637,0.2845,-0.3637
1787921356.752178,0.016963,-0.043304,1.362269,0.2957,-0.3637
1787921356.758510,0.017912,-0.041562,1.361220,0.2971,-0.3637
1787921356.767714,0.017902,-0.039862,1.358365,0.2620,-0.3637
1787921356.772340,0.018912,-0.038107,1.357337,0.3085,-0.3637
1787921356.781150,0.019030,-0.036433,1.354627,0.2725,-0.3637
1787921356.785728,0.019716,-0.034808,1.352926,0.3044,-0.3307
1787921356.794294,0.019563,-0.033270,1.350641,0.2645,-0.3307
1787921356.798637,0.020177,-0.031722,1.348686,0.2988,-0.3307
1787921356.806373,0.020343,-0.030303,1.346405,0.2642,-0.3307
1787921356.812493,0.020570,-0.028732,1.344234,0.2625,-0.3307
1787921356.818469,0.021287,-0.027338,1.342552,0.2601,-0.3307
1787921356.825287,0.021382,-0.025830,1.340243,0.2476,-0.3307
1787921356.832165,0.022151,-0.024606,1.339214,0.2330,-0.3307
1787921356.838697,0.022482,-0.023173,1.336810,0.2306,-0.3307
1787921356.845398,0.022757,-0.021759,1.334820,0.2259,-0.3307
1787921356.851695,0.023383,-0.020333,1.333473,0.2311,-0.3307
1787921356.859153,0.023580,-0.019125,1.331087,0.2109,-0.3307
1787921356.865513,0.024001,-0.017751,1.328763,0.2153,-0.3307
1787921356.872252,0.024155,-0.016042,1.326065,0.2262,-0.3307
1787921356.880876,0.024549,-0.014771,1.323768,0.2045,-0.3307
1787921356.885480,0.024573,-0.013176,1.320434,0.2443,-0.3284
1787921356.892956,0.025025,-0.011653,1.318753,0.2347,-0.3284
1787921356.898805,0.025106,-0.010264,1.315909,0.2343,-0.3284
1787921356.905496,0.025834,-0.008708,1.314209,0.2398,-0.3284
1787921356.911925,0.026061,-0.007163,1.311477,0.2402,-0.3284
1787921356.918765,0.026793,-0.005562,1.309952,0.2443,-0.3284
1787921356.925219,0.026925,-0.003842,1.307254,0.2498,-0.3284
1787921356.931937,0.027586,-0.002327,1.305656,0.2479,-0.3284
1787921356.938988,0.028219,-0.000627,1.303866,0.2504,-0.3284
1787921356.956924,0.028404,0.001000,1.301312,0.2023,-0.3284
1787921356.957853,0.029081,0.002592,1.299855,0.6959,-0.3284
1787921356.967988,0.029216,0.004328,1.296868,0.5377,-0.3284
1787921356.969902,0.029652,0.006000,1.295411,0.6471,-0.3284
1787921356.972789,0.030734,0.007504,1.294243,0.6340,-0.3284
1787921356.978604,0.030832,0.009162,1.292993,0.5274,-0.3284
1787921356.985905,0.031429,0.010833,1.291303,0.4420,-0.2860
1787921356.992048,0.032184,0.012171,1.290525,0.3824,-0.2860
1787921356.999969,0.032611,0.013857,1.288772,0.3335,-0.2860
1787921357.005629,0.033113,0.015182,1.287496,0.3083,-0.2860
1787921357.011791,0.033509,0.016834,1.286384,0.2984,-0.2860
1787921357.018703,0.034058,0.018117,1.285715,0.2690,-0.2860
1787921357.025289,0.034754,0.019448,1.284504,0.2554,-0.2860
1787921357.032268,0.034647,0.020874,1.282563,0.2363,-0.2860
1787921357.038415,0.035366,0.021964,1.281979,0.2264,-0.2860
1787921357.045749,0.035760,0.023347,1.280544,0.2173,-0.2860
1787921357.053675,0.036028,0.024705,1.278942,0.2042,-0.2860
1787921357.058477,0.036203,0.025785,1.277644,0.2107,-0.2860
1787921357.065652,0.036250,0.027208,1.275865,0.2050,-0.2860
1787921357.079137,0.036834,0.028365,1.274608,0.1719,-0.2860
1787921357.080479,0.037403,0.029490,1.273549,0.3980,-0.2860
1787921357.085720,0.037469,0.030632,1.271181,0.3422,-0.2657
1787921357.092904,0.037812,0.031891,1.269848,0.2940,-0.2657
1787921357.099488,0.038107,0.033036,1.268461,0.2596,-0.2657
1787921357.105421,0.038538,0.034066,1.267245,0.2379,-0.2657
1787921357.112047,0.038803,0.035270,1.265738,0.2221,-0.2657
1787921357.118580,0.039123,0.036445,1.264198,0.2114,-0.2657
1787921357.125396,0.039267,0.037633,1.262465,0.1997,-0.2657
1787921357.131866,0.039763,0.038738,1.261273,0.1956,-0.2657
1787921357.139279,0.040156,0.039760,1.260289,0.1812,-0.2657
1787921357.145118,0.040433,0.041055,1.258507,0.1945,-0.2657
1787921357.151749,0.040708,0.042351,1.257142,0.1958,-0.2657
1787921357.158637,0.041051,0.043339,1.255994,0.1826,-0.2657
1787921357.165853,0.041725,0.044555,1.255189,0.1845,-0.2657
1787921357.171854,0.042216,0.045774,1.254012,0.1947,-0.2657
1787921357.179827,0.042807,0.046885,1.253221,0.1830,-0.2657
1787921357.189772,0.043200,0.047952,1.251826,0.1623,-0.2381
1787921357.192028,0.043346,0.049563,1.249616,0.3231,-0.2381
1787921357.199261,0.044222,0.050638,1.248915,0.2800,-0.2381
1787921357.205624,0.044506,0.052141,1.247083,0.2674,-0.2381
1787921357.211707,0.045179,0.053057,1.246404,0.2406,-0.2381
1787921357.218705,0.045943,0.054265,1.245448,0.2280,-0.2381
1787921357.225391,0.045890,0.055824,1.243143,0.2250,-0.2381
1787921357.231622,0.046389,0.056801,1.242467,0.2098,-0.2381
1787921357.238994,0.046814,0.058063,1.240717,0.2011,-0.2381
1787921357.245672,0.047042,0.059433,1.238875,0.2022,-0.2381
1787921357.252079,0.048095,0.060477,1.238813,0.2039,-0.2381
1787921357.258393,0.048418,0.061609,1.237868,0.1986,-0.2381
1787921357.267106,0.048027,0.063011,1.234978,0.1801,-0.2381
1787921357.272552,0.048845,0.064184,1.234183,0.2019,-0.2381
1787921357.279673,0.049670,0.065252,1.234082,0.1953,-0.2381
1787921357.285574,0.049812,0.066571,1.232070,0.2023,-0.2103
1787921357.291845,0.050471,0.067626,1.231977,0.1997,-0.2103
1787921357.298702,0.051340,0.068652,1.231784,0.1948,-0.2103
1787921357.305996,0.051497,0.070181,1.229550,0.1978,-0.2103
1787921357.312543,0.051911,0.071317,1.228925,0.1939,-0.2103
1787921357.319018,0.052392,0.072374,1.228269,0.1893,-0.2103
1787921357.325305,0.052938,0.073501,1.227203,0.1919,-0.2103
1787921357.331718,0.053440,0.074629,1.226473,0.1919,-0.2103
1787921357.338914,0.053423,0.075836,1.225147,0.1815,-0.2103
1787921357.345810,0.054136,0.076856,1.224764,0.1793,-0.2103
1787921357.351699,0.054159,0.077901,1.223298,0.1760,-0.2103
1787921357.361337,0.054713,0.079007,1.222528,0.1614,-0.2103
1787921357.365931,0.055033,0.080349,1.221690,0.2025,-0.2103
1787921357.372725,0.055520,0.081409,1.221154,0.1931,-0.2103
1787921357.382177,0.056146,0.082321,1.220707,0.1692,-0.2103
1787921357.385156,0.056002,0.083427,1.218936,0.2180,-0.2902
1787921357.393073,0.056359,0.084493,1.218040,0.1951,-0.2902
1787921357.399123,0.056957,0.085601,1.217386,0.1984,-0.2902
1787921357.407374,0.057387,0.086658,1.216404,0.1804,-0.2902
1787921357.412183,0.057642,0.087746,1.216094,0.1954,-0.2902
1787921357.421739,0.057718,0.089033,1.214546,0.1755,-0.2902
1787921357.425834,0.057964,0.090407,1.212986,0.2234,-0.2902
1787921357.432619,0.058071,0.091391,1.211818,0.1988,-0.2902
1787921357.438623,0.058837,0.092306,1.211154,0.1954,-0.2902
1787921357.445404,0.058834,0.093555,1.209845,0.1885,-0.2902
1787921357.451755,0.059294,0.094578,1.208867,0.1848,-0.2902
1787921357.458508,0.059596,0.095416,1.208709,0.1689,-0.2902
1787921357.465576,0.059947,0.096602,1.208097,0.1706,-0.2902
1787921357.472157,0.060526,0.097620,1.208032,0.1722,-0.2902
1787921357.479050,0.060918,0.098640,1.207685,0.1681,-0.2902
1787921357.485313,0.061934,0.099329,1.208625,0.1657,-0.2833
1787921357.494516,0.062146,0.100739,1.207078,0.1615,-0.2833
1787921357.498741,0.062192,0.101797,1.206208,0.1843,-0.2833
1787921357.505502,0.062875,0.102972,1.205431,0.1886,-0.2833
1787921357.511811,0.062984,0.104061,1.204598,0.1822,-0.2833
1787921357.518645,0.063370,0.105056,1.203848,0.1744,-0.2833
1787921357.525606,0.063891,0.106226,1.203306,0.1772,-0.2833
1787921357.531904,0.064327,0.107445,1.202130,0.1857,-0.2833
1787921357.538868,0.064358,0.108550,1.200808,0.1748,-0.2833
1787921357.545146,0.065050,0.109506,1.200693,0.1770,-0.2833
1787921357.552148,0.065310,0.110838,1.198971,0.1811,-0.2833
1787921357.558387,0.065588,0.111752,1.197937,0.1726,-0.2833
1787921357.565496,0.065984,0.112868,1.196974,0.1707,-0.2833
1787921357.575649,0.066581,0.113980,1.195882,0.1565,-0.2833
1787921357.578820,0.067000,0.114833,1.195158,0.1992,-0.2833
1787921357.587523,0.067288,0.115991,1.193999,0.1802,-0.2693
1787921357.591905,0.067858,0.117125,1.192998,0.2127,-0.2693
1787921357.598485,0.068137,0.118277,1.191895,0.2024,-0.2693
1787921357.605898,0.068591,0.119470,1.191016,0.1933,-0.2693
1787921357.611796,0.069529,0.121235,1.189522,0.2364,-0.2693
1787921357.620304,0.069762,0.122299,1.188096,0.2034,-0.2693
1787921357.625685,0.070211,0.123480,1.186844,0.2128,-0.2693
1787921357.631952,0.070673,0.125747,1.184483,0.2578,-0.2693
1787921357.638828,0.070715,0.126685,1.182957,0.2191,-0.2693
1787921357.645430,0.071262,0.127976,1.181435,0.2170,-0.2693
1787921357.652388,0.071634,0.129002,1.180179,0.1989,-0.2693
1787921357.658829,0.071928,0.130182,1.178611,0.1953,-0.2693
1787921357.665152,0.072216,0.131481,1.177181,0.1988,-0.2693
1787921357.672248,0.072596,0.132519,1.175839,0.1859,-0.2693
1787921357.678775,0.072516,0.133476,1.174168,0.1693,-0.2693
1787921357.685860,0.072984,0.134748,1.173060,0.1758,-0.2599
1787921357.693147,0.073598,0.135643,1.172261,0.1669,-0.2599
1787921357.699916,0.073949,0.136721,1.171012,0.1669,-0.2599
1787921357.705402,0.074406,0.137731,1.170007,0.1774,-0.2599
1787921357.712451,0.075002,0.138526,1.169847,0.1652,-0.2599
1787921357.718580,0.075191,0.139515,1.168819,0.1638,-0.2599
1787921357.725358,0.075728,0.140659,1.168009,0.1706,-0.2599
1787921357.732376,0.076387,0.141528,1.167893,0.1646,-0.2599
1787921357.739062,0.076549,0.142578,1.166779,0.1614,-0.2599
1787921357.745078,0.077226,0.143603,1.166298,0.1733,-0.2599
1787921357.752168,0.077883,0.144594,1.165790,0.1708,-0.2599
1787921357.759569,0.078419,0.145719,1.164869,0.1700,-0.2599
1787921357.766264,0.078379,0.146797,1.163186,0.1626,-0.2599
1787921357.772578,0.079508,0.147686,1.163525,0.1739,-0.2599
1787921357.781809,0.079657,0.148942,1.162007,0.1611,-0.2599
1787921357.786238,0.080093,0.149993,1.160676,0.1898,-0.2337
1787921357.791709,0.080615,0.150764,1.160163,0.1831,-0.2337
1787921357.801238,0.081047,0.151858,1.158922,0.1652,-0.2337
1787921357.806078,0.081276,0.153112,1.157723,0.1925,-0.2337
1787921357.811557,0.081781,0.153906,1.156893,0.1857,-0.2337
1787921357.818710,0.082126,0.154862,1.155735,0.1725,-0.2337
1787921357.825721,0.082689,0.155962,1.154792,0.1735,-0.2337
1787921357.831882,0.083281,0.156881,1.154228,0.1741,-0.2337
1787921357.838984,0.083438,0.157959,1.153052,0.1662,-0.2337
1787921357.845129,0.084038,0.159131,1.152302,0.1805,-0.2337
1787921357.851865,0.084300,0.160167,1.151003,0.1732,-0.2337
1787921357.858983,0.084876,0.161394,1.150463,0.1784,-0.2337
1787921357.865310,0.085480,0.162303,1.149806,0.1759,-0.2337
1787921357.872630,0.086035,0.163344,1.148746,0.1714,-0.2337
1787921357.878717,0.086274,0.164732,1.146536,0.1871,-0.2337
1787921357.884949,0.086988,0.165700,1.146314,0.1876,-0.2192
1787921357.894027,0.087669,0.166657,1.145554,0.1694,-0.2192
1787921357.898508,0.088075,0.167668,1.144112,0.1915,-0.2192
1787921357.906319,0.088226,0.168935,1.142195,0.1807,-0.2192
1787921357.912420,0.089215,0.169778,1.142213,0.1844,-0.2192
1787921357.922644,0.089397,0.171129,1.140564,0.1673,-0.2192
1787921357.925717,0.089745,0.172046,1.139202,0.2126,-0.2192
1787921357.931630,0.090735,0.173043,1.139313,0.2158,-0.2192
1787921357.939766,0.091817,0.173867,1.139215,0.1953,-0.2192
1787921357.946002,0.092133,0.175068,1.138111,0.1956,-0.2192
1787921357.951792,0.092783,0.176130,1.137347,0.2010,-0.2192
1787921357.958699,0.093439,0.177253,1.136832,0.1969,-0.2192
1787921357.965683,0.094395,0.178152,1.137458,0.1902,-0.2192
1787921357.971803,0.095252,0.179282,1.136373,0.2010,-0.2192
1787921357.978945,0.095415,0.180540,1.135236,0.1915,-0.2192
1787921357.985946,0.095953,0.181736,1.134327,0.1903,-0.1691
1787921357.996457,0.096425,0.182902,1.133164,0.1690,-0.1691
1787921357.999075,0.097062,0.183738,1.132757,0.2361,-0.1691
1787921358.007174,0.097356,0.185061,1.131285,0.2142,-0.1691
1787921358.011609,0.097929,0.186128,1.130877,0.2318,-0.1691
1787921358.019169,0.098768,0.186909,1.130561,0.2045,-0.1691
1787921358.025909,0.099100,0.187972,1.129164,0.1922,-0.1691
1787921358.032563,0.099979,0.188855,1.129034,0.1875,-0.1691
1787921358.038549,0.099906,0.190331,1.126708,0.1965,-0.1691
1787921358.045337,0.101149,0.191285,1.126821,0.1992,-0.1691
1787921358.052466,0.101380,0.192212,1.126287,0.1788,-0.1691
1787921358.058558,0.102017,0.193255,1.125665,0.1851,-0.1691
1787921358.065354,0.101943,0.194754,1.123550,0.1878,-0.1691
1787921358.071888,0.106277,0.194739,1.127914,0.2161,-0.1691
1787921358.079431,0.105855,0.196017,1.125652,0.1899,-0.1691
1787921358.086512,0.106721,0.197050,1.124969,0.1882,-0.0982
1787921358.092071,0.107292,0.198162,1.124204,0.1992,-0.0982
1787921358.098919,0.108113,0.199190,1.123563,0.1956,-0.0982
1787921358.104935,0.108739,0.200122,1.123242,0.1924,-0.0982
1787921358.113134,0.108663,0.201216,1.121586,0.1695,-0.0982
1787921358.118437,0.109139,0.202384,1.120586,0.1898,-0.0982
1787921358.125580,0.109905,0.203327,1.120198,0.1825,-0.0982
1787921358.132015,0.110382,0.204364,1.119364,0.1810,-0.0982
1787921358.138585,0.110822,0.205588,1.118132,0.1858,-0.0982
1787921358.145501,0.111118,0.206701,1.117295,0.1790,-0.0982
1787921358.151914,0.111976,0.207617,1.117472,0.1815,-0.0982
1787921358.158965,0.111955,0.209165,1.115489,0.1858,-0.0982
1787921358.165300,0.112539,0.210096,1.114847,0.1818,-0.0982
1787921358.171831,0.113616,0.210857,1.114950,0.1804,-0.0982
1787921358.179358,0.113801,0.212414,1.113098,0.1852,-0.0982
1787921358.189366,0.113866,0.213485,1.111501,0.1593,-0.0611
1787921358.192444,0.115175,0.214287,1.111770,0.2381,-0.0611
1787921358.201132,0.115042,0.215725,1.109731,0.2091,-0.0611
1787921358.205347,0.115749,0.216796,1.109406,0.2371,-0.0611
1787921358.212052,0.116359,0.217769,1.108473,0.2171,-0.0611
1787921358.218810,0.116778,0.218913,1.107605,0.2057,-0.0611
1787921358.229359,0.117397,0.220187,1.106589,0.1843,-0.0611
1787921358.232629,0.117951,0.221294,1.105968,0.2426,-0.0611
1787921358.238649,0.118412,0.222132,1.105426,0.2175,-0.0611
1787921358.245345,0.119098,0.223494,1.104844,0.2206,-0.0611
1787921358.252149,0.119675,0.224710,1.103852,0.2137,-0.0611
1787921358.258698,0.120345,0.225690,1.104164,0.2035,-0.0611
1787921358.264685,0.120893,0.226861,1.103093,0.2072,-0.0611
1787921358.272388,0.121411,0.228195,1.102435,0.2005,-0.0611
1787921358.278761,0.122283,0.229302,1.102226,0.2054,-0.0611
1787921358.286073,0.123249,0.230264,1.102178,0.1969,-0.0259
1787921358.292105,0.123604,0.231391,1.101325,0.1958,-0.0259
1787921358.298646,0.124323,0.232782,1.100816,0.2088,-0.0259
1787921358.306463,0.124431,0.234013,1.099036,0.1902,-0.0259
1787921358.313582,0.125343,0.235105,1.099189,0.1915,-0.0259
1787921358.318725,0.125344,0.236594,1.097369,0.2115,-0.0259
1787921358.325743,0.126276,0.237789,1.097152,0.2116,-0.0259
1787921358.331860,0.126729,0.238750,1.096422,0.2002,-0.0259
1787921358.338702,0.126783,0.240177,1.094813,0.1969,-0.0259
1787921358.345959,0.127756,0.241270,1.095025,0.1964,-0.0259
1787921358.351921,0.128547,0.242283,1.095351,0.2010,-0.0259
1787921358.358505,0.129080,0.243507,1.094365,0.2014,-0.0259
1787921358.365694,0.129935,0.244576,1.094692,0.1970,-0.0259
1787921358.371708,0.130563,0.245861,1.094475,0.2092,-0.0259
1787921358.378915,0.130629,0.247284,1.092911,0.2003,-0.0259
1787921358.384934,0.131935,0.248140,1.094301,0.2080,-0.0000
1787921358.393441,0.132184,0.249403,1.093637,0.1892,-0.0000
1787921358.398836,0.133307,0.250374,1.094277,0.2090,-0.0000
1787921358.406123,0.133515,0.251456,1.093194,0.1898,-0.0000
1787921358.415777,0.134257,0.252517,1.093829,0.1728,-0.0000
1787921358.418880,0.135272,0.253309,1.094748,0.2340,-0.0000
1787921358.425224,0.135392,0.254820,1.093270,0.2298,-0.0000
1787921358.432810,0.136441,0.255527,1.094200,0.2048,-0.0000
1787921358.438627,0.137088,0.256517,1.094374,0.2040,-0.0000
1787921358.445583,0.137295,0.257260,1.094085,0.1754,-0.0000
1787921358.451911,0.137485,0.258333,1.093416,0.1721,-0.0000
1787921358.459750,0.138372,0.259077,1.094227,0.1613,-0.0000
1787921358.465377,0.138751,0.259869,1.094095,0.1597,-0.0000
1787921358.471719,0.139321,0.260452,1.094415,0.1487,-0.0000
1787921358.478508,0.139416,0.261214,1.093767,0.1359,-0.0000
1787921358.488308,0.139957,0.261926,1.093683,0.1221,-0.0000
1787921358.495749,0.140019,0.262608,1.093149,0.1110,-0.0000
1787921358.499282,0.140463,0.263138,1.093385,0.1350,-0.0000
1787921358.507781,0.141033,0.263494,1.093731,0.1149,-0.0000
1787921358.511621,0.141068,0.263952,1.093277,0.1135,-0.0000
1787921358.519303,0.141071,0.264372,1.092456,0.0940,-0.0000
1787921358.525463,0.141141,0.264912,1.091818,0.0908,-0.0000
1787921358.532347,0.141570,0.265131,1.091941,0.0806,-0.0000
1787921358.539020,0.141584,0.265340,1.091907,0.0650,-0.0000
1787921358.545055,0.141536,0.265922,1.091268,0.0701,-0.0000
1787921358.552017,0.141827,0.266204,1.091406,0.0656,-0.0000
1787921358.559624,0.142127,0.266239,1.091968,0.0526,-0.0000
1787921358.566442,0.142104,0.266483,1.091808,0.0459,-0.0000
1787921358.572213,0.142215,0.266586,1.092012,0.0395,-0.0000
1787921358.578413,0.142208,0.266678,1.091938,0.0315,-0.0000
1787921358.585404,0.142141,0.266734,1.092240,0.0229,-0.0000
1787921358.592213,0.142226,0.266653,1.092315,0.0146,-0.0000
1787921358.598799,0.142246,0.266626,1.092451,0.0095,-0.0000
1787921358.605253,0.142003,0.266679,1.092100,0.0036,-0.0000
1787921358.611886,0.141744,0.266543,1.091687,-0.0083,-0.0000
1787921358.620572,0.141902,0.266241,1.092004,-0.0126,-0.0000
1787921358.625478,0.141579,0.266246,1.091435,-0.0176,-0.0000
1787921358.631853,0.141581,0.265978,1.091579,-0.0235,-0.0000
1787921358.638599,0.141463,0.265843,1.091522,-0.0242,-0.0000
1787921358.645233,0.141493,0.265509,1.091672,-0.0297,-0.0000
1787921358.651729,0.141437,0.265303,1.091586,-0.0304,-0.0000
1787921358.660284,0.141419,0.265159,1.091676,-0.0261,-0.0000
1787921358.664981,0.141408,0.264926,1.091967,-0.0318,-0.0000
1787921358.671916,0.141144,0.264827,1.091577,-0.0313,-0.0000
1787921358.678753,0.141389,0.264685,1.092035,-0.0225,-0.0000
1787921358.685260,0.141306,0.264559,1.092150,-0.0227,-0.0000
1787921358.692155,0.141084,0.264388,1.092329,-0.0269,-0.0000
1787921358.700549,0.141280,0.264234,1.092442,-0.0205,-0.0000
1787921358.704731,0.141142,0.264223,1.092349,-0.0196,-0.0000
1787921358.712859,0.141116,0.264132,1.092344,-0.0172,-0.0000
1787921358.718526,0.141005,0.263948,1.092282,-0.0233,-0.0000
1787921358.726849,0.140918,0.263904,1.092091,-0.0192,-0.0000
1787921358.732064,0.140987,0.263901,1.092266,-0.0118,-0.0000
1787921358.739714,0.140935,0.263865,1.092128,-0.0104,-0.0000
1787921358.745793,0.140834,0.263785,1.092147,-0.0131,-0.0000
1787921358.752548,0.140788,0.263923,1.092021,-0.0047,-0.0000
1787921358.758444,0.141059,0.263745,1.092418,-0.0050,-0.0000
1787921358.765679,0.140765,0.263916,1.092016,-0.0028,-0.0000
1787921358.771946,0.140932,0.263848,1.092115,-0.0011,-0.0000
1787921358.778842,0.141000,0.263900,1.092205,0.0025,-0.0000
1787921358.785712,0.140986,0.263998,1.092165,0.0053,-0.0000
1787921358.791783,0.140970,0.263980,1.092406,0.0026,-0.0000
1787921358.798421,0.140897,0.264123,1.091947,0.0060,-0.0000
1787921358.806288,0.140963,0.264163,1.092236,0.0067,-0.0000
1787921358.812285,0.140894,0.264234,1.091879,0.0063,-0.0000
1787921358.818763,0.140924,0.264230,1.092025,0.0049,-0.0000
1787921358.825964,0.141128,0.264195,1.092326,0.0060,-0.0000
1787921358.831846,0.141162,0.264238,1.092236,0.0070,-0.0000
1787921358.838795,0.141146,0.264167,1.092443,0.0018,-0.0000
1787921358.845298,0.141067,0.264286,1.092019,0.0045,-0.0000
1787921358.852054,0.140974,0.264367,1.091938,0.0044,-0.0000
1787921358.858598,0.141194,0.264135,1.092462,-0.0017,-0.0000
1787921358.865116,0.141090,0.264277,1.092231,0.0024,-0.0000
1787921358.872392,0.141193,0.264209,1.092479,0.0011,-0.0000
1787921358.878313,0.141096,0.264235,1.092231,-0.0003,-0.0000
1787921358.885604,0.141188,0.264260,1.092297,0.0024,-0.0000
1787921358.892279,0.141241,0.264222,1.092612,0.0013,-0.0000
1787921358.898672,0.141095,0.264302,1.092212,0.0011,-0.0000
1787921358.905359,0.141305,0.264195,1.092534,0.0008,-0.0000
1787921358.911960,0.140996,0.264226,1.092280,-0.0046,-0.0000
1787921358.919175,0.141100,0.264101,1.092309,-0.0059,-0.0000
1787921358.928130,0.141063,0.264160,1.092250,-0.0029,-0.0000
1787921358.932951,0.141126,0.264133,1.092310,-0.0017,-0.0000
1787921358.946104,0.140909,0.264131,1.091992,-0.0035,-0.0000
1787921358.950503,0.141105,0.264075,1.092156,0.0003,-0.0000
1787921358.952867,0.140964,0.264155,1.092145,0.0010,-0.0000
1787921358.958333,0.141078,0.264042,1.092397,-0.0019,-0.0000
1787921358.966245,0.140850,0.264215,1.091914,0.0005,-0.0000
1787921358.972842,0.141138,0.263975,1.092428,-0.0033,-0.0000
1787921358.978583,0.141005,0.264086,1.092393,-0.0004,-0.0000
1787921358.985652,0.140940,0.264186,1.091875,0.0023,-0.0000
1787921358.992313,0.141087,0.264065,1.092487,-0.0002,-0.0000
1787921358.998721,0.141025,0.264123,1.092076,0.0009,-0.0000
1787921359.007859,0.140991,0.264260,1.091936,0.0041,-0.0000
1787921359.012009,0.140921,0.264164,1.092095,-0.0056,-0.0000
1787921359.019892,0.141273,0.264044,1.092714,-0.0019,-0.0000
1787921359.025460,0.141070,0.264080,1.092357,-0.0046,-0.0000
1787921359.032261,0.140976,0.264214,1.092140,0.0001,-0.0000
1787921359.039740,0.141303,0.264081,1.092595,0.0014,-0.0000
1787921359.047562,0.141107,0.264176,1.092331,0.0008,-0.0000
1787921359.051777,0.141110,0.264183,1.092306,0.0010,-0.0000
1787921359.058592,0.141073,0.264125,1.092349,-0.0023,-0.0000
1787921359.065462,0.141111,0.264167,1.092344,0.0008,-0.0000
1787921359.072711,0.141098,0.264126,1.092481,-0.0012,-0.0000
1787921359.078722,0.141172,0.264074,1.092331,-0.0014,-0.0000
1787921359.085113,0.141192,0.264156,1.092559,0.0029,-0.0000
1787921359.091932,0.141185,0.264088,1.092353,-0.0008,-0.0000
1787921359.098722,0.140981,0.264137,1.092245,-0.0028,-0.0000
1787921359.105388,0.141088,0.264187,1.092225,0.0023,-0.0000
1787921359.112270,0.140953,0.264191,1.092177,-0.0010,-0.0000
1787921359.118279,0.141031,0.264196,1.092246,0.0014,-0.0000
1787921359.126354,0.141046,0.264219,1.092187,0.0019,-0.0000
1787921359.132797,0.140920,0.264330,1.091869,0.0032,-0.0000
1787921359.139188,0.141191,0.264082,1.092609,-0.0022,-0.0000
1787921359.144958,0.140852,0.264276,1.091740,-0.0007,-0.0000
1787921359.152048,0.141089,0.264065,1.092357,-0.0038,-0.0000
1787921359.158853,0.141334,0.264142,1.092413,0.0053,-0.0000
1787921359.166624,0.140808,0.264143,1.091932,-0.0056,-0.0000
1787921359.172453,0.141108,0.264213,1.092296,0.0064,-0.0000
1787921359.178571,0.141045,0.264191,1.092197,0.0021,-0.0000
1787921359.185336,0.140967,0.264177,1.091999,-0.0007,-0.0000
1787921359.192320,0.140909,0.264194,1.091985,-0.0010,-0.0000
1787921359.198604,0.141191,0.264086,1.092441,0.0010,-0.0000
1787921359.205698,0.141015,0.264254,1.092161,0.0035,-0.0000
1787921359.212557,0.141086,0.264185,1.092248,0.0012,-0.0000
1787921359.219133,0.141116,0.264172,1.092381,0.0010,-0.0000
1787921359.225655,0.141114,0.264231,1.092385,0.0030,-0.0000
1787921359.234980,0.141024,0.264132,1.092259,-0.0021,-0.0000
1787921359.239266,0.141038,0.264308,1.092121,0.0100,-0.0000
1787921359.245460,0.141049,0.264111,1.092196,-0.0012,-0.0000
1787921359.252055,0.141052,0.264145,1.092323,0.0006,-0.0000
1787921359.258679,0.141077,0.264182,1.092367,0.0024,-0.0000
1787921359.265974,0.141050,0.264110,1.092334,-0.0014,-0.0000
1787921359.271784,0.141164,0.264082,1.092518,0.0004,-0.0000
1787921359.278652,0.141104,0.264255,1.092263,0.0058,-0.0000
1787921359.285764,0.141091,0.264166,1.092302,0.0005,-0.0000
1787921359.292364,0.141107,0.264137,1.092359,-0.0005,-0.0000
1787921359.298902,0.141293,0.264006,1.092713,-0.0018,-0.0000
1787921359.306191,0.141168,0.264070,1.092506,-0.0013,-0.0000
1787921359.311588,0.141241,0.264069,1.092534,0.0009,-0.0000
1787921359.319781,0.141125,0.264222,1.092217,0.0037,-0.0000
1787921359.327859,0.141149,0.264187,1.092192,0.0018,-0.0000
1787921359.331826,0.141118,0.264258,1.092218,0.0049,-0.0000
1787921359.338596,0.141286,0.264043,1.092600,-0.0015,-0.0000
1787921359.345490,0.140987,0.264263,1.091985,0.0014,-0.0000
1787921359.352580,0.141089,0.264225,1.092144,0.0016,-0.0000
1787921359.358610,0.141165,0.264167,1.092375,0.0003,-0.0000
1787921359.365130,0.141077,0.264205,1.092350,-0.0001,-0.0000
1787921359.371976,0.141170,0.264107,1.092588,-0.0020,-0.0000
1787921359.378911,0.140985,0.264247,1.091917,0.0003,-0.0000
1787921359.385059,0.141048,0.264206,1.092350,-0.0002,-0.0000
1787921359.391936,0.141071,0.264154,1.092061,-0.0017,-0.0000
1787921359.398556,0.141038,0.264158,1.092271,-0.0017,-0.0000
1787921359.405012,0.141120,0.264252,1.092174,0.0045,-0.0000
1787921359.412790,0.141202,0.264222,1.092135,0.0035,-0.0000
1787921359.418607,0.141123,0.264116,1.092489,-0.0043,-0.0000
1787921359.425466,0.141116,0.264094,1.092383,-0.0040,-0.0000
1787921359.432074,0.141108,0.264090,1.092461,-0.0031,-0.0000
1787921359.439774,0.141046,0.264166,1.092375,-0.0007,-0.0000
1787921359.445243,0.141075,0.264238,1.092369,0.0038,-0.0000
1787921359.451918,0.141215,0.264129,1.092480,0.0012,-0.0000
1787921359.459303,0.141069,0.264183,1.092368,0.0001,-0.0000
1787921359.465323,0.141135,0.264129,1.092330,-0.0008,-0.0000
1787921359.472293,0.141120,0.264172,1.092208,0.0008,-0.0000
1787921359.478601,0.141033,0.264186,1.092101,-0.0008,-0.0000
1787921359.485059,0.141194,0.264122,1.092561,0.0002,-0.0000
1787921359.493947,0.141191,0.264127,1.092190,0.0003,-0.0000
1787921359.500621,0.141083,0.264160,1.092314,-0.0007,-0.0000
1787921359.505317,0.141210,0.264124,1.092433,0.0012,-0.0000
1787921359.511845,0.141056,0.264217,1.092213,0.0014,-0.0000
1787921359.519959,0.141044,0.264140,1.092252,-0.0018,-0.0000
1787921359.525450,0.141026,0.264127,1.092299,-0.0023,-0.0000
1787921359.532164,0.140945,0.264242,1.091911,0.0013,-0.0000
1787921359.542134,0.141089,0.264121,1.092478,-0.0003,-0.0000
1787921359.545333,0.140958,0.264179,1.092171,-0.0011,-0.0000
1787921359.551693,0.141232,0.264169,1.092456,0.0048,-0.0000
1787921359.558986,0.141053,0.264191,1.092214,0.0007,-0.0000
1787921359.565302,0.141137,0.264177,1.092383,0.0018,-0.0000
1787921359.571791,0.141151,0.264223,1.092300,0.0034,-0.0000
1787921359.578780,0.141105,0.264122,1.092387,-0.0024,-0.0000
1787921359.585602,0.141054,0.264187,1.092298,-0.0002,-0.0000
1787921359.592041,0.140877,0.264241,1.092012,-0.0017,-0.0000
1787921359.598941,0.141051,0.264218,1.092082,0.0014,-0.0000
1787921359.604870,0.141083,0.264160,1.092175,-0.0008,-0.0000
1787921359.613954,0.141124,0.264176,1.092163,0.0005,-0.0000
1787921359.618789,0.140951,0.264152,1.092019,-0.0059,-0.0000
1787921359.627122,0.141090,0.264176,1.092177,-0.0011,-0.0000
1787921359.634366,0.141181,0.264146,1.092304,-0.0001,-0.0000
1787921359.638420,0.140999,0.264221,1.092131,-0.0013,-0.0000
1787921359.646625,0.140914,0.264232,1.091835,-0.0020,-0.0000
1787921359.652291,0.141147,0.264205,1.092382,0.0030,-0.0000
1787921359.658383,0.141116,0.264128,1.092484,-0.0020,-0.0000
1787921359.665462,0.140984,0.264144,1.092208,-0.0033,-0.0000
1787921359.671734,0.141130,0.264137,1.092315,0.0005,-0.0000
1787921359.679018,0.141094,0.264114,1.092468,-0.0011,-0.0000
1787921359.685810,0.141028,0.264162,1.092246,-0.0002,-0.0000
1787921359.691908,0.141281,0.264102,1.092591,0.0029,-0.0000
1787921359.698920,0.140959,0.264253,1.092023,0.0014,-0.0000
1787921359.705066,0.141019,0.264186,1.092149,-0.0005,-0.0000
1787921359.712204,0.141232,0.264106,1.092640,0.0008,-0.0000
1787921359.718467,0.140928,0.264146,1.092064,-0.0045,-0.0000
1787921359.725076,0.141208,0.264148,1.092435,0.0028,-0.0000
1787921359.731553,0.141106,0.264187,1.092202,0.0014,-0.0000
1787921359.739111,0.140988,0.264162,1.092197,-0.0021,-0.0000
1787921359.746956,0.141196,0.264155,1.092473,0.0020,-0.0000
1787921359.752162,0.141274,0.264095,1.092527,0.0004,-0.0000
1787921359.759052,0.141039,0.264176,1.092209,-0.0013,-0.0000
1787921359.765217,0.141093,0.264207,1.092404,0.0016,-0.0000
1787921359.772335,0.141025,0.264171,1.092129,-0.0015,-0.0000
1787921359.779472,0.141216,0.264237,1.092312,0.0051,-0.0000
1787921359.786202,0.140977,0.264274,1.092127,0.0001,-0.0000
1787921359.792304,0.141017,0.264134,1.092246,-0.0051,-0.0000
1787921359.798747,0.140999,0.264263,1.091897,0.0014,-0.0000
1787921359.805582,0.141028,0.264205,1.092087,-0.0007,-0.0000
1787921359.811818,0.141086,0.264224,1.092046,0.0016,-0.0000
1787921359.818310,0.141187,0.264118,1.092508,-0.0011,-0.0000
1787921359.827677,0.141160,0.264167,1.092279,0.0002,-0.0000
1787921359.831947,0.141097,0.264131,1.092355,-0.0041,-0.0000
1787921359.839796,0.141062,0.264169,1.092268,-0.0022,-0.0000
1787921359.845317,0.141040,0.264199,1.091991,-0.0006,-0.0000
1787921359.851887,0.141096,0.264168,1.092445,-0.0005,-0.0000
1787921359.858608,0.140945,0.264211,1.091977,-0.0018,-0.0000
1787921359.866550,0.141171,0.264166,1.092533,0.0012,-0.0000
1787921359.871993,0.140928,0.264247,1.092015,-0.0014,-0.0000
1787921359.879947,0.141147,0.264183,1.092432,0.0007,-0.0000
1787921359.885353,0.140988,0.264220,1.092273,-0.0018,-0.0000
1787921359.892067,0.140816,0.264279,1.091838,-0.0024,-0.0000
1787921359.899001,0.141174,0.264155,1.092258,0.0007,-0.0000
1787921359.904894,0.140937,0.264124,1.091978,-0.0065,-0.0000
1787921359.912369,0.141116,0.264173,1.092366,0.0005,-0.0000
1787921359.920583,0.141047,0.264166,1.092354,-0.0010,-0.0000
1787921359.925303,0.141032,0.264164,1.092214,-0.0013,-0.0000
1787921359.932293,0.141218,0.264173,1.092378,0.0031,-0.0000
1787921359.941416,0.140968,0.264237,1.092091,0.0003,-0.0000
1787921359.945148,0.140971,0.264130,1.092023,-0.0074,-0.0000
1787921359.953337,0.141108,0.264131,1.092278,-0.0028,-0.0000
1787921359.958390,0.141106,0.264146,1.092324,-0.0012,-0.0000
1787921359.965668,0.141132,0.264073,1.092523,-0.0030,-0.0000
1787921359.972554,0.141063,0.264224,1.092134,0.0023,-0.0000
1787921359.979247,0.141060,0.264221,1.092274,0.0014,-0.0000
1787921359.985258,0.140996,0.264271,1.091936,0.0018,0.3000
1787921359.991836,0.140994,0.264204,1.092124,-0.0015,0.3000
1787921360.000380,0.141211,0.264010,1.092381,-0.0036,0.3000
1787921360.006391,0.141036,0.264191,1.092229,0.0015,0.3000
1787921360.012458,0.141094,0.264136,1.092310,-0.0001,0.3000
1787921360.018436,0.141085,0.264261,1.092256,0.0053,0.3000
1787921360.025876,0.141234,0.264193,1.092368,0.0041,0.3000
1787921360.033889,0.140905,0.264210,1.092105,-0.0023,0.3000
1787921360.038489,0.141183,0.264144,1.092418,0.0029,0.3000
1787921360.045784,0.141141,0.264195,1.092418,0.0031,0.3000
1787921360.054352,0.141103,0.264200,1.092252,0.0017,0.3000
1787921360.059016,0.141052,0.264274,1.092021,0.0039,0.3000
1787921360.064924,0.141222,0.264179,1.092516,0.0024,0.3000
1787921360.071952,0.141079,0.264114,1.092470,-0.0036,0.3000
1787921360.079167,0.141111,0.264211,1.092073,0.0017,0.3000
1787921360.085134,0.140920,0.264255,1.091620,-0.0013,0.4554
1787921360.091789,0.141022,0.264207,1.091603,-0.0007,0.4554
1787921360.098500,0.140859,0.264314,1.090829,0.0004,0.4554
1787921360.104823,0.140642,0.264439,1.089937,0.0008,0.4554
1787921360.112042,0.140605,0.264453,1.089288,0.0003,0.4554
1787921360.118583,0.140364,0.264416,1.088599,-0.0064,0.4554
1787921360.125530,0.140316,0.264572,1.087942,0.0005,0.4554
1787921360.134286,0.140260,0.264698,1.086947,0.0033,0.4554
1787921360.139003,0.140474,0.264648,1.087110,0.0058,0.4554
1787921360.146161,0.140350,0.264815,1.086586,0.0079,0.4554
1787921360.152296,0.140362,0.264918,1.086516,0.0102,0.4554
1787921360.158534,0.140662,0.264573,1.087602,-0.0008,0.4554
1787921360.165360,0.140713,0.264689,1.087975,0.0050,0.4554
1787921360.173218,0.140909,0.264693,1.089004,0.0071,0.4554
1787921360.178624,0.140983,0.264675,1.089343,0.0060,0.4554
1787921360.186243,0.141350,0.264447,1.089962,0.0029,0.4471
1787921360.191603,0.141343,0.264494,1.089838,0.0042,0.4471
1787921360.198422,0.140830,0.264834,1.088669,0.0057,0.4471
1787921360.205812,0.140690,0.264894,1.088147,0.0035,0.4471
1787921360.212435,0.141155,0.264715,1.089428,0.0050,0.4471
1787921360.218716,0.141578,0.264632,1.090570,0.0093,0.4471
1787921360.225224,0.141406,0.264719,1.090875,0.0064,0.4471
1787921360.232084,0.143204,0.264053,1.095017,0.0146,0.4471
1787921360.238803,0.143006,0.264055,1.095177,0.0063,0.4471
1787921360.245423,0.143343,0.264013,1.096175,0.0097,0.4471
1787921360.251878,0.143644,0.263891,1.096989,0.0081,0.4471
1787921360.259343,0.143786,0.264013,1.096587,0.0126,0.4471
1787921360.266127,0.143743,0.264036,1.096460,0.0089,0.4471
1787921360.271996,0.143587,0.264057,1.096059,0.0035,0.4471
1787921360.278871,0.143422,0.264300,1.095350,0.0086,0.4471
1787921360.286015,0.143616,0.264227,1.095674,0.0070,0.4765
1787921360.292118,0.143388,0.264389,1.094914,0.0069,0.4765
1787921360.298766,0.143497,0.264422,1.094725,0.0084,0.4765
1787921360.306448,0.143368,0.264479,1.094498,0.0055,0.4765
1787921360.312274,0.143469,0.264489,1.094584,0.0067,0.4765
1787921360.318318,0.143381,0.264423,1.094921,-0.0002,0.4765
1787921360.325639,0.143426,0.264472,1.094985,0.0025,0.4765
1787921360.332148,0.143468,0.264516,1.095472,0.0044,0.4765
1787921360.339293,0.143504,0.264409,1.095814,-0.0002,0.4765
1787921360.345002,0.143489,0.264399,1.096088,-0.0009,0.4765
1787921360.352028,0.143570,0.264327,1.096362,-0.0018,0.4765
1787921360.361300,0.143411,0.264417,1.095922,-0.0011,0.4765
1787921360.365883,0.143659,0.264117,1.096621,-0.0108,0.4765
1787921360.372385,0.143281,0.264011,1.095877,-0.0199,0.4765
1787921360.378468,0.143205,0.264005,1.095470,-0.0159,0.4765
1787921360.385254,0.143088,0.263821,1.095328,-0.0207,0.4771
1787921360.392471,0.143160,0.263645,1.095338,-0.0196,0.4771
1787921360.398580,0.142874,0.263543,1.095097,-0.0246,0.4771
1787921360.405446,0.142512,0.263549,1.093981,-0.0242,0.4771
1787921360.411607,0.142695,0.263177,1.094623,-0.0290,0.4771
1787921360.418866,0.142685,0.262965,1.094604,-0.0283,0.4771
1787921360.426439,0.142310,0.262634,1.094121,-0.0383,0.4771
1787921360.432188,0.142298,0.262334,1.094271,-0.0410,0.4771
1787921360.441634,0.142369,0.261930,1.094701,-0.0391,0.4771
1787921360.445152,0.142171,0.261545,1.094625,-0.0643,0.4771
1787921360.453621,0.142168,0.261205,1.094602,-0.0557,0.4771
1787921360.458723,0.141960,0.260815,1.094322,-0.0650,0.4771
1787921360.465157,0.141670,0.260422,1.093672,-0.0680,0.4771
1787921360.472172,0.141522,0.259869,1.093436,-0.0715,0.4771
1787921360.480255,0.140970,0.259508,1.092445,-0.0714,0.4771
1787921360.486160,0.140812,0.258921,1.091762,-0.0802,0.4686
1787921360.492464,0.140767,0.258244,1.091802,-0.0857,0.4686
1787921360.498596,0.140187,0.257530,1.090637,-0.1041,0.4686
1787921360.505289,0.139495,0.257008,1.089147,-0.1079,0.4686
1787921360.511971,0.139229,0.256163,1.088417,-0.1147,0.4686
1787921360.518774,0.139519,0.254968,1.089288,-0.1211,0.4686
1787921360.526754,0.138587,0.254459,1.087110,-0.1180,0.4686
1787921360.531992,0.138045,0.253630,1.085897,-0.1390,0.4686
1787921360.538349,0.137862,0.252220,1.086103,-0.1603,0.4686
1787921360.545291,0.137319,0.251186,1.085453,-0.1626,0.4686
1787921360.552263,0.136851,0.250162,1.084431,-0.1622,0.4686
1787921360.558665,0.136178,0.249071,1.083872,-0.1735,0.4686
1787921360.566105,0.135758,0.247992,1.082847,-0.1678,0.4686
1787921360.573293,0.135459,0.246537,1.082735,-0.1769,0.4686
1787921360.578830,0.134860,0.245503,1.081712,-0.1886,0.4686
1787921360.585722,0.134188,0.244337,1.080219,-0.1906,0.5493
1787921360.592145,0.133793,0.243123,1.079888,-0.1921,0.5493
1787921360.598881,0.133215,0.241875,1.078892,-0.1956,0.5493
1787921360.606398,0.132339,0.240945,1.077196,-0.1862,0.5493
1787921360.612542,0.131868,0.239589,1.076682,-0.1995,0.5493
1787921360.618529,0.131708,0.238041,1.076323,-0.2117,0.5493
1787921360.625234,0.130644,0.237112,1.074491,-0.2075,0.5493
1787921360.632489,0.130263,0.235760,1.073835,-0.2019,0.5493
1787921360.638641,0.129919,0.234561,1.072736,-0.2007,0.5493
1787921360.646180,0.129350,0.233314,1.072203,-0.1949,0.5493
1787921360.651521,0.128242,0.232307,1.070284,-0.2159,0.5493
1787921360.659199,0.127768,0.230949,1.069091,-0.2066,0.5493
1787921360.664966,0.127258,0.229754,1.068214,-0.2119,0.5493
1787921360.672349,0.126607,0.228437,1.066685,-0.2079,0.5493
1787921360.678948,0.126121,0.227133,1.065722,-0.2081,0.5493
1787921360.685803,0.125635,0.225858,1.065071,-0.2048,0.5345
1787921360.692280,0.125304,0.224349,1.064350,-0.2119,0.5345
1787921360.698885,0.124337,0.223022,1.063109,-0.2224,0.5345
1787921360.705031,0.123751,0.221763,1.061891,-0.2233,0.5345
1787921360.712077,0.123145,0.220331,1.061263,-0.2221,0.5345
1787921360.718460,0.122667,0.219071,1.060145,-0.2181,0.5345
1787921360.725516,0.122356,0.217295,1.059962,-0.2250,0.5345
1787921360.732340,0.121651,0.215870,1.058780,-0.2273,0.5345
1787921360.740299,0.120686,0.214869,1.056850,-0.2099,0.5345
1787921360.745183,0.120220,0.213122,1.056607,-0.2544,0.5345
1787921360.751736,0.119397,0.211806,1.055028,-0.2491,0.5345
1787921360.760645,0.118807,0.210276,1.054012,-0.2290,0.5345
1787921360.765413,0.118043,0.208652,1.052688,-0.2729,0.5345
1787921360.771990,0.117969,0.207064,1.052452,-0.2556,0.5345
1787921360.778551,0.117103,0.205959,1.050245,-0.2424,0.5345
1787921360.788206,0.116566,0.204486,1.049412,-0.2177,0.6007
1787921360.791923,0.115372,0.203376,1.047072,-0.2782,0.6007
1787921360.798446,0.115175,0.201740,1.046589,-0.2644,0.6007
1787921360.804900,0.114188,0.200482,1.044818,-0.2587,0.6007
1787921360.811741,0.113934,0.198857,1.044202,-0.2483,0.6007
1787921360.818758,0.113594,0.197218,1.043508,-0.2417,0.6007
1787921360.826187,0.112949,0.195885,1.041687,-0.2288,0.6007
1787921360.832477,0.112332,0.194573,1.039971,-0.2290,0.6007
1787921360.838445,0.111447,0.193172,1.038132,-0.2436,0.6007
1787921360.845296,0.110774,0.191673,1.036223,-0.2420,0.6007
1787921360.852786,0.110050,0.190440,1.035080,-0.2266,0.6007
1787921360.858615,0.109424,0.188858,1.032774,-0.2451,0.6007
1787921360.865457,0.108772,0.187530,1.031637,-0.2362,0.6007
1787921360.873415,0.107851,0.185914,1.028742,-0.2354,0.6007
1787921360.878324,0.107061,0.184735,1.026673,-0.2515,0.6007
1787921360.885422,0.106243,0.183244,1.023893,-0.2478,0.5983
1787921360.894659,0.105484,0.181851,1.022054,-0.2250,0.5983
1787921360.900243,0.104716,0.180364,1.020463,-0.2471,0.5983
1787921360.908196,0.104477,0.178680,1.019413,-0.2318,0.5983
1787921360.912198,0.103663,0.176976,1.017731,-0.3030,0.5983
1787921360.918408,0.103033,0.175561,1.015782,-0.2863,0.5983
1787921360.925420,0.102090,0.173931,1.013686,-0.2809,0.5983
1787921360.931897,0.101815,0.172089,1.012836,-0.2758,0.5983
1787921360.940014,0.100823,0.170815,1.010330,-0.2524,0.5983
1787921360.946131,0.100383,0.168884,1.008991,-0.2683,0.5983
1787921360.953410,0.098809,0.167726,1.005275,-0.2629,0.5983
1787921360.959048,0.098603,0.165825,1.004651,-0.2753,0.5983
1787921360.965538,0.097702,0.164403,1.002332,-0.2705,0.5983
1787921360.972105,0.097293,0.162562,1.001476,-0.2703,0.5983
1787921360.979242,0.096241,0.161048,0.999331,-0.2666,0.5983
1787921360.984967,0.095868,0.159553,0.997749,-0.2631,0.5864
1787921360.992394,0.094719,0.158084,0.995423,-0.2592,0.5864
1787921360.998511,0.094007,0.156491,0.993490,-0.2659,0.5864
1787921361.005079,0.093111,0.155281,0.991451,-0.2548,0.5864
1787921361.012296,0.091799,0.154165,0.988428,-0.2471,0.5864
1787921361.018560,0.091396,0.152381,0.987416,-0.2549,0.5864
1787921361.025328,0.090874,0.150720,0.986322,-0.2526,0.5864
1787921361.031749,0.090195,0.149352,0.984519,-0.2476,0.5864
1787921361.038478,0.089567,0.147839,0.983308,-0.2450,0.5864
1787921361.046664,0.088906,0.146294,0.981126,-0.2320,0.5864
1787921361.051816,0.087803,0.145416,0.978836,-0.2407,0.5864
1787921361.059790,0.086998,0.143835,0.976054,-0.2347,0.5864
1787921361.065249,0.086246,0.142375,0.974811,-0.2539,0.5864
1787921361.073370,0.085372,0.141077,0.971383,-0.2355,0.5864
1787921361.079194,0.084943,0.139164,0.970656,-0.2587,0.5864
1787921361.085672,0.083713,0.138166,0.967072,-0.2515,0.6435
1787921361.091884,0.083138,0.136471,0.965730,-0.2591,0.6435
1787921361.098634,0.082151,0.135147,0.962593,-0.2547,0.6435
1787921361.105425,0.081541,0.133701,0.960559,-0.2461,0.6435
1787921361.112106,0.080926,0.132035,0.958237,-0.2494,0.6435
1787921361.118328,0.080408,0.130191,0.957412,-0.2616,0.6435
1787921361.125866,0.078938,0.129202,0.953456,-0.2491,0.6435
1787921361.131926,0.078279,0.127558,0.951863,-0.2596,0.6435
1787921361.139010,0.077688,0.126043,0.950270,-0.2485,0.6435
1787921361.144999,0.076767,0.124664,0.947725,-0.2569,0.6435
1787921361.151882,0.076219,0.122923,0.946675,-0.2554,0.6435
1787921361.159398,0.075155,0.121333,0.943969,-0.2551,0.6435
1787921361.165772,0.074280,0.120028,0.941723,-0.2524,0.6435
1787921361.171947,0.074217,0.117829,0.941425,-0.2649,0.6435
1787921361.182507,0.072773,0.116700,0.937697,-0.2356,0.6435
1787921361.185122,0.072126,0.115264,0.935584,-0.3415,0.6281
1787921361.192176,0.071242,0.113605,0.934040,-0.3182,0.6281
1787921361.198920,0.070372,0.112181,0.931480,-0.2966,0.6281
1787921361.205405,0.069597,0.110689,0.929458,-0.2844,0.6281
1787921361.212038,0.068654,0.109215,0.927399,-0.2780,0.6281
1787921361.219477,0.068245,0.107552,0.926026,-0.2581,0.6281
1787921361.225265,0.067181,0.106016,0.923500,-0.2775,0.6281
1787921361.232177,0.066655,0.104700,0.921410,-0.2535,0.6281
1787921361.238495,0.065830,0.103092,0.919093,-0.2619,0.6281
1787921361.245680,0.064899,0.101497,0.917196,-0.2599,0.6281
1787921361.251786,0.063850,0.100167,0.914375,-0.2651,0.6281
1787921361.260537,0.063560,0.098187,0.913349,-0.2454,0.6281
1787921361.265383,0.062186,0.097057,0.909988,-0.2792,0.6281
1787921361.274175,0.061700,0.095323,0.908660,-0.2523,0.6281
1787921361.278749,0.060354,0.093804,0.905399,-0.3095,0.6281
1787921361.285259,0.059424,0.092298,0.903025,-0.2977,0.6286
1787921361.292156,0.058590,0.090472,0.900932,-0.2931,0.6286
1787921361.299670,0.057924,0.089057,0.898569,-0.2660,0.6286
1787921361.305084,0.057055,0.087345,0.896703,-0.2904,0.6286
1787921361.312084,0.056042,0.085995,0.893897,-0.2755,0.6286
1787921361.318376,0.055242,0.084196,0.892116,-0.2836,0.6286
1787921361.325481,0.054130,0.082671,0.889483,-0.2781,0.6286
1787921361.332783,0.053659,0.080910,0.888264,-0.2630,0.6286
1787921361.338691,0.052641,0.079439,0.885729,-0.2747,0.6286
1787921361.345202,0.051680,0.077869,0.883615,-0.2763,0.6286
1787921361.351925,0.050805,0.076316,0.881392,-0.2717,0.6286
1787921361.363518,0.049741,0.074457,0.879572,-0.2448,0.6286
1787921361.366683,0.048541,0.072858,0.877309,-0.3606,0.6286
1787921361.371962,0.047893,0.070979,0.876039,-0.3580,0.6286
1787921361.379088,0.046695,0.069297,0.874259,-0.3373,0.6286
1787921361.388186,0.045829,0.067725,0.872260,-0.2941,0.6407
1787921361.392579,0.045043,0.065994,0.871166,-0.3309,0.6407
1787921361.398540,0.043947,0.064424,0.868933,-0.3276,0.6407
1787921361.406018,0.043332,0.062690,0.868044,-0.2983,0.6407
1787921361.411752,0.042097,0.061517,0.864955,-0.2975,0.6407
1787921361.418754,0.041444,0.059569,0.864139,-0.2899,0.6407
1787921361.424924,0.040474,0.058345,0.861878,-0.2788,0.6407
1787921361.431726,0.039364,0.054566,0.864613,-0.3537,0.6407
1787921361.438941,0.038257,0.053623,0.861210,-0.3073,0.6407
1787921361.445447,0.037182,0.051852,0.859484,-0.3093,0.6407
1787921361.451942,0.036085,0.050230,0.857296,-0.3064,0.6407
1787921361.458603,0.035170,0.048864,0.854854,-0.2879,0.6407
1787921361.466510,0.034379,0.047225,0.852866,-0.2681,0.6407
1787921361.472170,0.033341,0.045719,0.850267,-0.2840,0.6407
1787921361.478615,0.032431,0.044161,0.847611,-0.2812,0.6407
1787921361.488280,0.030639,0.043583,0.842028,-0.2472,0.6896
1787921361.491961,0.029651,0.041459,0.840666,-0.3558,0.6896
1787921361.499025,0.028187,0.040581,0.836208,-0.3184,0.6896
1787921361.505289,0.027748,0.038306,0.835225,-0.3178,0.6896
1787921361.512357,0.026143,0.036986,0.831260,-0.3098,0.6896
1787921361.518987,0.025164,0.035520,0.828983,-0.2956,0.6896
1787921361.525393,0.023840,0.033929,0.826110,-0.3038,0.6896
1787921361.532210,0.022884,0.032319,0.823680,-0.2932,0.6896
1787921361.538572,0.022125,0.030350,0.822866,-0.2977,0.6896
1787921361.545399,0.020809,0.029005,0.819611,-0.2910,0.6896
1787921361.551749,0.019924,0.027313,0.818112,-0.2906,0.6896
1787921361.558985,0.018519,0.025969,0.814736,-0.2840,0.6896
1787921361.567751,0.017724,0.024390,0.813372,-0.2567,0.6896
1787921361.571791,0.016796,0.022404,0.812156,-0.3341,0.6896
1787921361.580560,0.015718,0.021170,0.809782,-0.2899,0.6896
1787921361.585356,0.014634,0.019481,0.808102,-0.3261,0.6850
1787921361.591874,0.013755,0.017933,0.806140,-0.3077,0.6850
1787921361.598681,0.012619,0.016603,0.803824,-0.2923,0.6850
1787921361.607234,0.011655,0.015060,0.801767,-0.2671,0.6850
1787921361.612332,0.010532,0.014004,0.799154,-0.2776,0.6850
1787921361.618909,0.009891,0.012198,0.797935,-0.2737,0.6850
1787921361.625329,0.008435,0.011446,0.794364,-0.2643,0.6850
1787921361.632032,0.007289,0.010145,0.791732,-0.2625,0.6850
1787921361.638675,0.006289,0.008959,0.789599,-0.2536,0.6850
1787921361.645157,0.005894,0.007262,0.789257,-0.2461,0.6850
1787921361.651815,0.004647,0.006235,0.786067,-0.2448,0.6850
1787921361.659010,0.003739,0.005046,0.783895,-0.2331,0.6850
1787921361.666092,0.003256,0.003374,0.782678,-0.2276,0.6850
1787921361.672481,0.001934,0.002421,0.779752,-0.2350,0.6850
1787921361.678444,0.001021,0.001027,0.776925,-0.2464,0.6850
1787921361.686676,0.000010,-0.000472,0.775013,-0.2370,0.6866
1787921361.693470,-0.000995,-0.001703,0.771849,-0.2356,0.6866
1787921361.698621,-0.002303,-0.002937,0.768873,-0.2697,0.6866
1787921361.705456,-0.003890,-0.003880,0.763793,-0.2677,0.6866
1787921361.711863,-0.004946,-0.005170,0.761184,-0.2648,0.6866
1787921361.718592,-0.005993,-0.006809,0.758377,-0.2695,0.6866
1787921361.725208,-0.007541,-0.007942,0.754318,-0.2750,0.6866
1787921361.731937,-0.009134,-0.009084,0.750645,-0.2792,0.6866
1787921361.738436,-0.010362,-0.010232,0.747432,-0.2730,0.6866
1787921361.745033,-0.011571,-0.012051,0.745030,-0.2876,0.6866
1787921361.752833,-0.012545,-0.013682,0.742994,-0.2714,0.6866
1787921361.758427,-0.013976,-0.014666,0.738981,-0.2822,0.6866
1787921361.765256,-0.014826,-0.016445,0.737856,-0.2778,0.6866
1787921361.773112,-0.016280,-0.017783,0.734996,-0.2699,0.6866
1787921361.778286,-0.016713,-0.019943,0.735559,-0.2916,0.6866
1787921361.785764,-0.018188,-0.020934,0.731594,-0.2747,0.6832
1787921361.794846,-0.018825,-0.022725,0.731859,-0.2475,0.6832
1787921361.798755,-0.019877,-0.023867,0.729157,-0.2919,0.6832
1787921361.805706,-0.021043,-0.025470,0.727800,-0.2879,0.6832
1787921361.811914,-0.021866,-0.026769,0.725777,-0.2730,0.6832
1787921361.818778,-0.023192,-0.028064,0.724072,-0.2719,0.6832
1787921361.826058,-0.024186,-0.029215,0.721751,-0.2525,0.6832
1787921361.831763,-0.025443,-0.030183,0.719208,-0.2600,0.6832
1787921361.838407,-0.026601,-0.031255,0.717512,-0.2532,0.6832
1787921361.845681,-0.027639,-0.032285,0.715724,-0.2374,0.6832
1787921361.851619,-0.028530,-0.033918,0.714971,-0.2543,0.6832
1787921361.858865,-0.029666,-0.034919,0.712335,-0.2407,0.6832
1787921361.866054,-0.030623,-0.036112,0.710700,-0.2312,0.6832
1787921361.872083,-0.031618,-0.037256,0.708461,-0.2365,0.6832
1787921361.879080,-0.032491,-0.038569,0.706709,-0.2306,0.6832
1787921361.887646,-0.033770,-0.039593,0.703980,-0.2188,0.7000
1787921361.891952,-0.035023,-0.041029,0.701777,-0.2844,0.7000
1787921361.899035,-0.036537,-0.041740,0.697787,-0.2675,0.7000
1787921361.904966,-0.037614,-0.043234,0.695529,-0.2775,0.7000
1787921361.915040,-0.039167,-0.044358,0.692186,-0.2512,0.7000
1787921361.918478,-0.040380,-0.045657,0.689945,-0.3296,0.7000
1787921361.925503,-0.041595,-0.047240,0.687035,-0.3137,0.7000
1787921361.932230,-0.043245,-0.048264,0.683840,-0.3055,0.7000
1787921361.938667,-0.044600,-0.049593,0.680455,-0.3019,0.7000
1787921361.945440,-0.045812,-0.050856,0.677596,-0.2882,0.7000
1787921361.951867,-0.047234,-0.052542,0.675392,-0.3028,0.7000
1787921361.958234,-0.048844,-0.053329,0.671584,-0.2944,0.7000
1787921361.965118,-0.049799,-0.055246,0.670202,-0.2906,0.7000
1787921361.972058,-0.051490,-0.056228,0.666175,-0.2871,0.7000
1787921361.978819,-0.052846,-0.057870,0.664966,-0.2933,0.7000
1787921361.985571,-0.054023,-0.059253,0.662171,-0.2843,0.6886
1787921361.992161,-0.055057,-0.061112,0.661421,-0.2881,0.6886
1787921361.999755,-0.056414,-0.062414,0.659244,-0.2756,0.6886
1787921362.005274,-0.057839,-0.063628,0.656497,-0.2945,0.6886
1787921362.011790,-0.058936,-0.065153,0.654993,-0.2890,0.6886
1787921362.019480,-0.060184,-0.066212,0.653293,-0.2661,0.6886
1787921362.025106,-0.061373,-0.067701,0.651071,-0.2848,0.6886
1787921362.031903,-0.062467,-0.068972,0.649415,-0.2717,0.6886
1787921362.038935,-0.063475,-0.070494,0.647824,-0.2637,0.6886
1787921362.046609,-0.064754,-0.071556,0.645190,-0.2495,0.6886
1787921362.052615,-0.066015,-0.072778,0.643373,-0.2616,0.6886
1787921362.058477,-0.066990,-0.073936,0.641393,-0.2586,0.6886
1787921362.064865,-0.068332,-0.074835,0.639302,-0.2568,0.6886
1787921362.072246,-0.069367,-0.076445,0.638479,-0.2525,0.6886
1787921362.079780,-0.070600,-0.077038,0.635282,-0.2303,0.6886
1787921362.085649,-0.071600,-0.078350,0.634089,-0.2421,0.6947
1787921362.092085,-0.072742,-0.079576,0.632487,-0.2462,0.6947
1787921362.103392,-0.073551,-0.080998,0.631583,-0.2119,0.6947
1787921362.105225,-0.074490,-0.082070,0.629810,-0.3757,0.6947
1787921362.111750,-0.075725,-0.082863,0.626839,-0.3304,0.6947
1787921362.118773,-0.076966,-0.083988,0.624563,-0.3024,0.6947
1787921362.125283,-0.078332,-0.085022,0.621770,-0.2906,0.6947
1787921362.132992,-0.079233,-0.086703,0.620943,-0.2700,0.6947
1787921362.138752,-0.080838,-0.087616,0.617335,-0.2847,0.6947
1787921362.144897,-0.081853,-0.089305,0.615737,-0.2874,0.6947
1787921362.152244,-0.083501,-0.089992,0.611854,-0.2724,0.6947
1787921362.158704,-0.084645,-0.091420,0.609672,-0.2722,0.6947
1787921362.165247,-0.086560,-0.091996,0.605207,-0.2778,0.6947
1787921362.173027,-0.087938,-0.093637,0.604103,-0.2741,0.6947
1787921362.179125,-0.089430,-0.094768,0.599831,-0.2839,0.6947
1787921362.185179,-0.091305,-0.095530,0.596062,-0.2968,0.6910
1787921362.194178,-0.092747,-0.096348,0.592742,-0.2629,0.6910
1787921362.198347,-0.094592,-0.097408,0.589370,-0.3368,0.6910
1787921362.205546,-0.095796,-0.098726,0.587182,-0.3079,0.6910
1787921362.212370,-0.097445,-0.099947,0.584622,-0.3056,0.6910
1787921362.218409,-0.098585,-0.101567,0.583052,-0.3055,0.6910
1787921362.225582,-0.100026,-0.102912,0.580733,-0.2951,0.6910
1787921362.231841,-0.101221,-0.104199,0.579209,-0.2883,0.6910
1787921362.238384,-0.102475,-0.105304,0.576481,-0.2776,0.6910
1787921362.245484,-0.103727,-0.106707,0.574584,-0.2710,0.6910
1787921362.251859,-0.105270,-0.107316,0.571249,-0.2662,0.6910
1787921362.259364,-0.106754,-0.108278,0.568346,-0.2571,0.6910
1787921362.265507,-0.108048,-0.109552,0.566045,-0.2667,0.6910
1787921362.271935,-0.109037,-0.110441,0.563513,-0.2479,0.6910
1787921362.279399,-0.110315,-0.111671,0.561478,-0.2433,0.6910
1787921362.285734,-0.111584,-0.112586,0.558727,-0.2442,0.6399
1787921362.292608,-0.112799,-0.113557,0.555926,-0.2384,0.6399
1787921362.298888,-0.114023,-0.114891,0.554086,-0.2501,0.6399
1787921362.308544,-0.115597,-0.115735,0.550116,-0.2305,0.6399
1787921362.312042,-0.116678,-0.117027,0.548354,-0.2982,0.6399
1787921362.318979,-0.117875,-0.117985,0.545622,-0.2744,0.6399
1787921362.325932,-0.119449,-0.118783,0.541743,-0.2681,0.6399
1787921362.334692,-0.120522,-0.119812,0.539203,-0.2373,0.6399
1787921362.339007,-0.121891,-0.120696,0.536143,-0.2793,0.6399
1787921362.345064,-0.123293,-0.121983,0.533469,-0.2878,0.6399
1787921362.353411,-0.124590,-0.123100,0.530462,-0.2619,0.6399
1787921362.358264,-0.126068,-0.124025,0.527994,-0.2911,0.6399
1787921362.364849,-0.127537,-0.125095,0.525279,-0.2861,0.6399
1787921362.372184,-0.128854,-0.126253,0.523086,-0.2706,0.6399
1787921362.378492,-0.130193,-0.127634,0.521047,-0.2773,0.6399
1787921362.389751,-0.131892,-0.128311,0.517758,-0.2424,0.6165
1787921362.391860,-0.133300,-0.129466,0.514851,-0.4249,0.6165
1787921362.401080,-0.134789,-0.130942,0.512634,-0.3632,0.6165
1787921362.405671,-0.136179,-0.131921,0.510199,-0.3647,0.6165
1787921362.411809,-0.137848,-0.132833,0.507425,-0.3483,0.6165
1787921362.419045,-0.139126,-0.134294,0.506343,-0.3195,0.6165
1787921362.426127,-0.140659,-0.135107,0.503175,-0.2972,0.6165
1787921362.432056,-0.141946,-0.136458,0.501670,-0.2979,0.6165
1787921362.438650,-0.143425,-0.137493,0.499565,-0.2902,0.6165
1787921362.445311,-0.144907,-0.138931,0.497818,-0.2927,0.6165
1787921362.451803,-0.146622,-0.140013,0.495445,-0.2984,0.6165
1787921362.458857,-0.147766,-0.141263,0.493892,-0.2769,0.6165
1787921362.464942,-0.149271,-0.142428,0.492009,-0.2864,0.6165
1787921362.472115,-0.150929,-0.143139,0.488745,-0.2756,0.6165
1787921362.480070,-0.152268,-0.144295,0.487150,-0.2580,0.6165
1787921362.485161,-0.153661,-0.144987,0.483814,-0.2722,0.6233
1787921362.491876,-0.155050,-0.146361,0.482485,-0.2740,0.6233
1787921362.498568,-0.156910,-0.147207,0.479271,-0.2833,0.6233
1787921362.504976,-0.158376,-0.148306,0.476711,-0.2829,0.6233
1787921362.512797,-0.159697,-0.149414,0.474448,-0.2625,0.6233
1787921362.518304,-0.160977,-0.150775,0.472438,-0.2796,0.6233
1787921362.525353,-0.162642,-0.151666,0.469385,-0.2761,0.6233
1787921362.532453,-0.164048,-0.152407,0.466443,-0.2604,0.6233
1787921362.538618,-0.165533,-0.153258,0.463512,-0.2654,0.6233
1787921362.545375,-0.166932,-0.154582,0.461321,-0.2676,0.6233
1787921362.551942,-0.168662,-0.155496,0.458476,-0.2767,0.6233
1787921362.558343,-0.170263,-0.156193,0.455197,-0.2754,0.6233
1787921362.565410,-0.171615,-0.157658,0.453743,-0.2716,0.6233
1787921362.571721,-0.173221,-0.157902,0.449615,-0.2639,0.6233
1787921362.578642,-0.174647,-0.159276,0.448422,-0.2663,0.6233
1787921362.585215,-0.176329,-0.159736,0.444891,-0.2647,0.6172
1787921362.592646,-0.177573,-0.161123,0.443436,-0.2547,0.6172
1787921362.598495,-0.178970,-0.161953,0.441299,-0.2612,0.6172
1787921362.606533,-0.180394,-0.162901,0.438656,-0.2461,0.6172
1787921362.615121,-0.181926,-0.163788,0.436456,-0.2338,0.6172
1787921362.618572,-0.183400,-0.165013,0.434267,-0.3247,0.6172
1787921362.625746,-0.184524,-0.166569,0.433422,-0.2973,0.6172
1787921362.632688,-0.186100,-0.166964,0.430108,-0.2771,0.6172
1787921362.638764,-0.187451,-0.168251,0.429035,-0.2811,0.6172
1787921362.645121,-0.188997,-0.169098,0.426347,-0.2797,0.6172
1787921362.652217,-0.190366,-0.169754,0.423830,-0.2600,0.6172
1787921362.659174,-0.191783,-0.170909,0.421734,-0.2581,0.6172
1787921362.665342,-0.193252,-0.171600,0.418914,-0.2596,0.6172
1787921362.676203,-0.194970,-0.172369,0.416466,-0.2337,0.6172
1787921362.678353,-0.196403,-0.173229,0.413759,-0.3950,0.6172
1787921362.685461,-0.197979,-0.173865,0.410694,-0.3482,0.4932
1787921362.694140,-0.199755,-0.174491,0.407364,-0.3086,0.4932
1787921362.698353,-0.201241,-0.175739,0.405800,-0.3484,0.4932
1787921362.706234,-0.203014,-0.176119,0.402010,-0.3116,0.4932
1787921362.712346,-0.204530,-0.177052,0.398966,-0.3045,0.4932
1787921362.720057,-0.206071,-0.178459,0.397734,-0.2896,0.4932
1787921362.725815,-0.207911,-0.178803,0.393416,-0.2982,0.4932
1787921362.733337,-0.209294,-0.180283,0.391635,-0.2822,0.4932
1787921362.738495,-0.210874,-0.181089,0.388594,-0.3004,0.4932
1787921362.746411,-0.212752,-0.181739,0.385795,-0.2854,0.4932
1787921362.752271,-0.214543,-0.182564,0.382705,-0.3007,0.4932
1787921362.759593,-0.215850,-0.183895,0.381029,-0.2805,0.4932
1787921362.765592,-0.217436,-0.185061,0.379095,-0.2916,0.4932
1787921362.771908,-0.219028,-0.185917,0.376754,-0.2894,0.4932
1787921362.778325,-0.220566,-0.187123,0.375668,-0.2901,0.4932
1787921362.787831,-0.222022,-0.187843,0.373146,-0.2542,0.4709
1787921362.792223,-0.223612,-0.189191,0.372165,-0.3126,0.4709
1787921362.798918,-0.225237,-0.189893,0.369311,-0.2981,0.4709
1787921362.804971,-0.226667,-0.190424,0.366786,-0.2842,0.4709
1787921362.811994,-0.228239,-0.191535,0.364624,-0.2786,0.4709
1787921362.819840,-0.229773,-0.192147,0.361975,-0.2582,0.4709
1787921362.826285,-0.231408,-0.193182,0.359944,-0.2689,0.4709
1787921362.832117,-0.233019,-0.193911,0.357573,-0.2790,0.4709
1787921362.838326,-0.234358,-0.194941,0.355684,-0.2733,0.4709
1787921362.845687,-0.235993,-0.195226,0.352358,-0.2578,0.4709
1787921362.851509,-0.237485,-0.195920,0.350335,-0.2650,0.4709
1787921362.858608,-0.238963,-0.196874,0.348490,-0.2579,0.4709
1787921362.865480,-0.240452,-0.197648,0.345745,-0.2532,0.4709
1787921362.871679,-0.241952,-0.198377,0.344137,-0.2575,0.4709
1787921362.878814,-0.243649,-0.198834,0.341255,-0.2539,0.4709
1787921362.885099,-0.244857,-0.199882,0.339653,-0.2488,0.4571
1787921362.892184,-0.246540,-0.200276,0.337216,-0.2469,0.4571
1787921362.898975,-0.247918,-0.201161,0.335463,-0.2432,0.4571
1787921362.905173,-0.249604,-0.201392,0.332397,-0.2510,0.4571
1787921362.912048,-0.251123,-0.202551,0.330914,-0.2548,0.4571
1787921362.921244,-0.252926,-0.203006,0.328260,-0.2388,0.4571
1787921362.925886,-0.254459,-0.203833,0.326099,-0.2782,0.4571
1787921362.931867,-0.256200,-0.204762,0.323576,-0.2923,0.4571
1787921362.938567,-0.257927,-0.205553,0.321280,-0.2892,0.4571
1787921362.945654,-0.259533,-0.206447,0.319087,-0.2788,0.4571
1787921362.951996,-0.261514,-0.206855,0.315941,-0.2903,0.4571
1787921362.958457,-0.263006,-0.208110,0.314818,-0.2871,0.4571
1787921362.965048,-0.265153,-0.208510,0.311164,-0.2996,0.4571
1787921362.971754,-0.267010,-0.209237,0.309367,-0.2987,0.4571
1787921362.978768,-0.268486,-0.210226,0.307488,-0.2821,0.4571
1787921362.985534,-0.270483,-0.210969,0.305151,-0.2918,0.4404
1787921362.992253,-0.272304,-0.211304,0.302497,-0.2863,0.4404
1787921363.001352,-0.273932,-0.212585,0.301423,-0.2642,0.4404
1787921363.005669,-0.275970,-0.212755,0.298677,-0.3237,0.4404
1787921363.013531,-0.277712,-0.213232,0.296341,-0.2955,0.4404
1787921363.018950,-0.279401,-0.213917,0.294380,-0.3073,0.4404
1787921363.025270,-0.281176,-0.214835,0.293118,-0.3084,0.4404
1787921363.031915,-0.282969,-0.214893,0.289621,-0.2942,0.4404
1787921363.041611,-0.284558,-0.215936,0.288574,-0.2623,0.4404
1787921363.045324,-0.286445,-0.216459,0.286875,-0.3418,0.4404
1787921363.052318,-0.288009,-0.217168,0.285149,-0.3122,0.4404
1787921363.058577,-0.289801,-0.218167,0.283934,-0.3144,0.4404
1787921363.065362,-0.291420,-0.218987,0.282445,-0.2990,0.4404
1787921363.071886,-0.293113,-0.219556,0.280403,-0.2913,0.4404
1787921363.078923,-0.294684,-0.220349,0.278793,-0.2776,0.4404
1787921363.085092,-0.296323,-0.221143,0.277393,-0.2815,0.2313
1787921363.091932,-0.297683,-0.222330,0.276829,-0.2687,0.2313
1787921363.098925,-0.299529,-0.222905,0.274699,-0.2710,0.2313
1787921363.105844,-0.301185,-0.223723,0.273322,-0.2684,0.2313
1787921363.111920,-0.302822,-0.224285,0.271048,-0.2732,0.2313
1787921363.118627,-0.304470,-0.224970,0.269486,-0.2704,0.2313
1787921363.126852,-0.306223,-0.225863,0.268142,-0.2596,0.2313
1787921363.131859,-0.308094,-0.226618,0.266661,-0.3018,0.2313
1787921363.138736,-0.309981,-0.227276,0.264399,-0.2982,0.2313
1787921363.145349,-0.311766,-0.227991,0.262465,-0.2954,0.2313
1787921363.151745,-0.313734,-0.228478,0.260237,-0.3018,0.2313
1787921363.158722,-0.315485,-0.228851,0.257202,-0.2882,0.2313
1787921363.165659,-0.317447,-0.229745,0.256389,-0.2936,0.2313
1787921363.171998,-0.319421,-0.230327,0.254160,-0.3029,0.2313
1787921363.178622,-0.321381,-0.230834,0.251652,-0.3037,0.2313
1787921363.184969,-0.323221,-0.231674,0.250316,-0.3067,0.2104
1787921363.191958,-0.325072,-0.232368,0.248656,-0.2990,0.2104
1787921363.198374,-0.326933,-0.233111,0.247614,-0.3022,0.2104
1787921363.206128,-0.328768,-0.233807,0.246942,-0.2869,0.2104
1787921363.211684,-0.330705,-0.234704,0.246186,-0.3141,0.2104
1787921363.220398,-0.332566,-0.235328,0.244672,-0.2872,0.2104
1787921363.228761,-0.334323,-0.236363,0.243398,-0.2712,0.2104
1787921363.232201,-0.336261,-0.236778,0.240948,-0.3626,0.2104
1787921363.238744,-0.338132,-0.237431,0.238869,-0.3443,0.2104
1787921363.245244,-0.339981,-0.238033,0.236615,-0.3304,0.2104
1787921363.252080,-0.341974,-0.238261,0.233865,-0.3187,0.2104
1787921363.258771,-0.343835,-0.238894,0.232185,-0.3108,0.2104
1787921363.264982,-0.345755,-0.239315,0.230077,-0.3125,0.2104
1787921363.272237,-0.347446,-0.240078,0.228776,-0.2940,0.2104
1787921363.278283,-0.349574,-0.240732,0.227504,-0.3160,0.2104
1787921363.286658,-0.351324,-0.241481,0.226655,-0.2883,0.1931
1787921363.292132,-0.353362,-0.242084,0.224806,-0.3181,0.1931
1787921363.299397,-0.355272,-0.242739,0.223356,-0.3056,0.1931
1787921363.305310,-0.357267,-0.243411,0.222179,-0.3202,0.1931
1787921363.314230,-0.359011,-0.244394,0.222063,-0.2886,0.1931
1787921363.320729,-0.361127,-0.244924,0.220914,-0.3027,0.1931
1787921363.325400,-0.362711,-0.245432,0.220128,-0.3182,0.1931
1787921363.331979,-0.364749,-0.245873,0.218630,-0.3179,0.1931
1787921363.338546,-0.366617,-0.246595,0.217954,-0.3130,0.1931
1787921363.344999,-0.368695,-0.247418,0.217405,-0.3217,0.1931
1787921363.352460,-0.370513,-0.248051,0.216743,-0.3020,0.1931
1787921363.358851,-0.372387,-0.248761,0.215996,-0.3045,0.1931
1787921363.366201,-0.374377,-0.249223,0.214731,-0.2965,0.1931
1787921363.371996,-0.376241,-0.250612,0.215906,-0.3172,0.1931
1787921363.378775,-0.378382,-0.250835,0.213826,-0.3167,0.1931
1787921363.384995,-0.380557,-0.251078,0.212782,-0.3267,0.1986
1787921363.391803,-0.382583,-0.252107,0.211710,-0.3255,0.1986
1787921363.398852,-0.384524,-0.252713,0.211812,-0.3141,0.1986
1787921363.406621,-0.386644,-0.253516,0.210852,-0.3064,0.1986
1787921363.412954,-0.388762,-0.254274,0.210591,-0.3201,0.1986
1787921363.418688,-0.390824,-0.254773,0.209274,-0.3350,0.1986
1787921363.425519,-0.392909,-0.254773,0.207191,-0.3241,0.1986
1787921363.433506,-0.395096,-0.255507,0.206747,-0.3130,0.1986
1787921363.438681,-0.397138,-0.255674,0.204931,-0.3369,0.1986
1787921363.445157,-0.399332,-0.256170,0.204299,-0.3400,0.1986
1787921363.451926,-0.401446,-0.256908,0.203944,-0.3364,0.1986
1787921363.459331,-0.403513,-0.257496,0.203117,-0.3223,0.1986
1787921363.465449,-0.405547,-0.258089,0.202144,-0.3291,0.1986
1787921363.471955,-0.407724,-0.258789,0.201701,-0.3352,0.1986
1787921363.478368,-0.409797,-0.259536,0.201692,-0.3367,0.1986
1787921363.486285,-0.411922,-0.259633,0.200232,-0.3153,-0.0482
1787921363.493897,-0.413997,-0.260460,0.200120,-0.3074,-0.0482
1787921363.498440,-0.416005,-0.260988,0.199644,-0.3521,-0.0482
1787921363.506632,-0.418145,-0.261652,0.199005,-0.3281,-0.0482
1787921363.513434,-0.420296,-0.261922,0.197682,-0.3250,-0.0482
1787921363.520587,-0.422323,-0.263169,0.198630,-0.3211,-0.0482
1787921363.526279,-0.424416,-0.263344,0.197097,-0.3348,-0.0482
1787921363.536020,-0.426577,-0.264432,0.197293,-0.3062,-0.0482
1787921363.539531,-0.428757,-0.264942,0.196025,-0.4056,-0.0482
1787921363.544982,-0.430648,-0.265648,0.196152,-0.3935,-0.0482
1787921363.555786,-0.432956,-0.265814,0.195121,-0.3392,-0.0482
1787921363.558546,-0.434950,-0.266211,0.194155,-0.4585,-0.0482
1787921363.565381,-0.437275,-0.266991,0.193883,-0.4277,-0.0482
1787921363.571926,-0.439402,-0.267335,0.192564,-0.3981,-0.0482
1787921363.578382,-0.441513,-0.267935,0.192211,-0.3803,-0.0482
1787921363.585886,-0.443471,-0.268601,0.192543,-0.3481,-0.0610
1787921363.592145,-0.445565,-0.269094,0.192298,-0.3467,-0.0610
1787921363.598517,-0.447832,-0.270108,0.192928,-0.3566,-0.0610
1787921363.606590,-0.450014,-0.270882,0.193231,-0.3347,-0.0610
1787921363.612957,-0.452114,-0.271641,0.193213,-0.3383,-0.0610
1787921363.622217,-0.454239,-0.272364,0.192800,-0.3088,-0.0610
1787921363.625227,-0.456340,-0.273006,0.192542,-0.4340,-0.0610
1787921363.632176,-0.458527,-0.273825,0.192257,-0.4032,-0.0610
1787921363.639932,-0.460603,-0.273948,0.190752,-0.3620,-0.0610
1787921363.645468,-0.462634,-0.274322,0.190033,-0.3653,-0.0610
1787921363.651825,-0.465050,-0.275162,0.189212,-0.3752,-0.0610
1787921363.658519,-0.466696,-0.275112,0.187570,-0.3347,-0.0610
1787921363.665700,-0.469125,-0.275723,0.186424,-0.3387,-0.0610
1787921363.671602,-0.471188,-0.275963,0.184781,-0.3424,-0.0610
1787921363.678591,-0.473500,-0.276100,0.183504,-0.3383,-0.0610
1787921363.685309,-0.475325,-0.276359,0.182433,-0.3191,-0.0862
1787921363.691670,-0.477589,-0.276839,0.182250,-0.3325,-0.0862
1787921363.698929,-0.479619,-0.277039,0.180981,-0.3167,-0.0862
1787921363.705000,-0.481705,-0.278244,0.182190,-0.3339,-0.0862
1787921363.712844,-0.483597,-0.278584,0.182003,-0.3072,-0.0862
1787921363.718763,-0.485626,-0.278890,0.181606,-0.3190,-0.0862
1787921363.725844,-0.487530,-0.279587,0.182843,-0.3080,-0.0862
1787921363.732204,-0.489316,-0.279944,0.182669,-0.3015,-0.0862
1787921363.740493,-0.491132,-0.280004,0.183013,-0.2761,-0.0862
1787921363.745589,-0.492682,-0.281023,0.184752,-0.2940,-0.0862
1787921363.752233,-0.494558,-0.281330,0.184974,-0.2916,-0.0862
1787921363.758379,-0.496408,-0.281847,0.186153,-0.2975,-0.0862
1787921363.765084,-0.498202,-0.282062,0.186278,-0.2889,-0.0862
1787921363.771762,-0.499944,-0.282412,0.187561,-0.2821,-0.0862
1787921363.778919,-0.501552,-0.283267,0.188654,-0.2704,-0.0862
1787921363.785915,-0.503522,-0.283197,0.188606,-0.2717,-0.0692
1787921363.791814,-0.505210,-0.283500,0.189554,-0.2774,-0.0692
1787921363.798412,-0.507137,-0.283767,0.190063,-0.2825,-0.0692
1787921363.805737,-0.508944,-0.284254,0.190776,-0.2742,-0.0692
1787921363.812274,-0.510767,-0.284633,0.191863,-0.2774,-0.0692
1787921363.820586,-0.512753,-0.285006,0.191652,-0.2671,-0.0692
1787921363.825649,-0.514469,-0.285316,0.192528,-0.2903,-0.0692
1787921363.832681,-0.516250,-0.285554,0.192722,-0.2797,-0.0692
1787921363.839211,-0.517973,-0.286127,0.193725,-0.2785,-0.0692
1787921363.845124,-0.519679,-0.286606,0.194875,-0.2846,-0.0692
1787921363.852170,-0.521809,-0.286624,0.194584,-0.2883,-0.0692
1787921363.860263,-0.523737,-0.286573,0.194585,-0.2716,-0.0692
1787921363.864727,-0.525680,-0.287033,0.195837,-0.3243,-0.0692
1787921363.872474,-0.527380,-0.287705,0.196566,-0.2966,-0.0692
1787921363.878374,-0.529434,-0.287690,0.196486,-0.3099,-0.0692
1787921363.888647,-0.531405,-0.287651,0.196516,-0.2732,-0.0659
1787921363.894810,-0.533158,-0.287894,0.195946,-0.2772,-0.0659
1787921363.898558,-0.534885,-0.288541,0.197705,-0.3398,-0.0659
1787921363.905524,-0.536819,-0.288577,0.196925,-0.3198,-0.0659
1787921363.912033,-0.538519,-0.289004,0.198070,-0.3046,-0.0659
1787921363.923031,-0.540499,-0.289520,0.199053,-0.2689,-0.0659
1787921363.931091,-0.542176,-0.289641,0.199365,-0.2503,-0.0659
1787921363.935021,-0.543807,-0.290171,0.200427,-0.3053,-0.0659
1787921363.938698,-0.545598,-0.290524,0.201317,-0.3627,-0.0659
1787921363.946185,-0.547212,-0.291021,0.202099,-0.3212,-0.0659
1787921363.951976,-0.548960,-0.291518,0.203100,-0.3187,-0.0659
1787921363.958906,-0.550828,-0.291532,0.203099,-0.3025,-0.0659
1787921363.966769,-0.552430,-0.292212,0.204525,-0.2768,-0.0659
1787921363.973405,-0.554270,-0.292450,0.205129,-0.2774,-0.0659
1787921363.978724,-0.555835,-0.293161,0.206737,-0.2888,-0.0659
1787921363.985202,-0.557534,-0.293547,0.207271,-0.2828,-0.0486
1787921363.991947,-0.559618,-0.293197,0.205159,-0.2856,-0.0486
1787921363.998966,-0.561148,-0.293620,0.206288,-0.2676,-0.0486
1787921364.007389,-0.563178,-0.293620,0.205357,-0.2581,-0.0486
1787921364.012138,-0.564785,-0.294294,0.206251,-0.2887,-0.0486
1787921364.018619,-0.566341,-0.294676,0.207261,-0.2762,-0.0486
1787921364.025688,-0.568224,-0.295154,0.208156,-0.2757,-0.0486
1787921364.032067,-0.569889,-0.295351,0.208205,-0.2716,-0.0486
1787921364.038387,-0.571454,-0.295844,0.209344,-0.2676,-0.0486
1787921364.047676,-0.573299,-0.295747,0.208284,-0.2450,-0.0486
1787921364.051997,-0.574848,-0.296835,0.210407,-0.2924,-0.0486
1787921364.058653,-0.576687,-0.296594,0.209446,-0.2835,-0.0486
1787921364.065124,-0.578203,-0.297118,0.210503,-0.2722,-0.0486
1787921364.072581,-0.580003,-0.297315,0.210577,-0.2631,-0.0486
1787921364.078731,-0.581758,-0.297885,0.211401,-0.2736,-0.0486
1787921364.086889,-0.583555,-0.298046,0.211072,-0.2574,-0.0770
1787921364.091806,-0.585193,-0.298599,0.212304,-0.2850,-0.0770
1787921364.098439,-0.586840,-0.298677,0.211952,-0.2731,-0.0770
1787921364.105564,-0.588387,-0.299209,0.213226,-0.2595,-0.0770
1787921364.116528,-0.590128,-0.299513,0.213138,-0.2300,-0.0770
1787921364.128074,-0.591582,-0.300367,0.214668,-0.2026,-0.0770
1787921364.130944,-0.593398,-0.300453,0.214025,-0.3293,-0.0770
1787921364.132903,-0.595163,-0.300727,0.214494,-0.5035,-0.0770
1787921364.140101,-0.596734,-0.301370,0.214842,-0.4221,-0.0770
1787921364.145113,-0.598353,-0.301349,0.215085,-0.3899,-0.0770
1787921364.154902,-0.600099,-0.301659,0.214808,-0.3272,-0.0770
1787921364.158798,-0.601566,-0.302688,0.216791,-0.3564,-0.0770
1787921364.166883,-0.603197,-0.302938,0.217254,-0.3106,-0.0770
1787921364.172050,-0.604799,-0.303522,0.217582,-0.3156,-0.0770
1787921364.178568,-0.606463,-0.303927,0.217960,-0.2997,-0.0770
1787921364.186037,-0.608236,-0.303657,0.217622,-0.2770,-0.0528
1787921364.191999,-0.609794,-0.304397,0.218525,-0.2785,-0.0528
1787921364.198672,-0.611307,-0.304947,0.219567,-0.2667,-0.0528
1787921364.205160,-0.613034,-0.305343,0.219527,-0.2686,-0.0528
1787921364.212275,-0.614540,-0.305892,0.220538,-0.2551,-0.0528
1787921364.218843,-0.616151,-0.306038,0.220514,-0.2518,-0.0528
1787921364.224993,-0.617730,-0.306470,0.221240,-0.2561,-0.0528
1787921364.232437,-0.619077,-0.307205,0.222164,-0.2387,-0.0528
1787921364.238611,-0.620747,-0.307428,0.222661,-0.2486,-0.0528
1787921364.245352,-0.622284,-0.307646,0.222681,-0.2429,-0.0528
1787921364.252501,-0.623941,-0.308448,0.223726,-0.2453,-0.0528
1787921364.259667,-0.625543,-0.308385,0.223369,-0.2365,-0.0528
1787921364.265298,-0.626956,-0.309051,0.224655,-0.2469,-0.0528
1787921364.271661,-0.628704,-0.309337,0.224550,-0.2562,-0.0528
1787921364.278344,-0.630334,-0.309378,0.224796,-0.2511,-0.0528
1787921364.288250,-0.631877,-0.309776,0.225612,-0.2240,-0.0342
1787921364.292111,-0.633347,-0.310212,0.226150,-0.2757,-0.0342
1787921364.298652,-0.634963,-0.310607,0.226564,-0.2693,-0.0342
1787921364.304861,-0.636530,-0.311341,0.227892,-0.2702,-0.0342
1787921364.311920,-0.638368,-0.311286,0.227107,-0.2648,-0.0342
1787921364.318455,-0.639677,-0.311890,0.228408,-0.2501,-0.0342
1787921364.326131,-0.641371,-0.312258,0.228885,-0.2428,-0.0342
1787921364.332548,-0.642967,-0.312585,0.229660,-0.2461,-0.0342
1787921364.338630,-0.644473,-0.313045,0.230230,-0.2498,-0.0342
1787921364.345191,-0.646055,-0.313560,0.230922,-0.2507,-0.0342
1787921364.354869,-0.647868,-0.313681,0.230832,-0.2310,-0.0342
1787921364.358875,-0.649194,-0.314588,0.232388,-0.2740,-0.0342
1787921364.365103,-0.650978,-0.314383,0.231468,-0.2732,-0.0342
1787921364.371900,-0.652507,-0.314850,0.232628,-0.2616,-0.0342
1787921364.379376,-0.654022,-0.315496,0.233874,-0.2483,-0.0342
1787921364.385314,-0.655520,-0.315852,0.234323,-0.2516,-0.3342
1787921364.391997,-0.657251,-0.316129,0.234600,-0.2546,-0.3342
1787921364.398305,-0.658823,-0.316746,0.235332,-0.2577,-0.3342
1787921364.405016,-0.660350,-0.317296,0.236209,-0.2526,-0.3342
1787921364.412306,-0.661879,-0.317431,0.236685,-0.2392,-0.3342
1787921364.420252,-0.663338,-0.318155,0.237640,-0.2275,-0.3342
1787921364.426198,-0.665016,-0.318031,0.237309,-0.2400,-0.3342
1787921364.431764,-0.666592,-0.318680,0.238251,-0.2588,-0.3342
1787921364.439663,-0.668049,-0.318837,0.238556,-0.2363,-0.3342
1787921364.447263,-0.669768,-0.319450,0.239172,-0.2371,-0.3342
1787921364.452316,-0.671273,-0.319847,0.239386,-0.2584,-0.3342
1787921364.458594,-0.672701,-0.320390,0.240532,-0.2533,-0.3342
1787921364.464898,-0.674265,-0.320422,0.240129,-0.2500,-0.3342
1787921364.474174,-0.675930,-0.320917,0.241003,-0.2311,-0.3342
1787921364.478678,-0.677429,-0.321621,0.242597,-0.2699,-0.3342
1787921364.485250,-0.679174,-0.321961,0.243463,-0.2700,-0.6342
1787921364.491699,-0.680793,-0.322508,0.244577,-0.2682,-0.6342
1787921364.498523,-0.682266,-0.323202,0.246158,-0.2580,-0.6342
1787921364.505508,-0.683821,-0.323172,0.245872,-0.2451,-0.6342
1787921364.511980,-0.685477,-0.323718,0.246597,-0.2522,-0.6342
1787921364.518309,-0.687034,-0.324141,0.247835,-0.2530,-0.6342
1787921364.524921,-0.688613,-0.324993,0.249088,-0.2561,-0.6342
1787921364.531744,-0.690119,-0.325586,0.250708,-0.2498,-0.6342
1787921364.538842,-0.691700,-0.326352,0.252253,-0.2477,-0.6342
1787921364.545193,-0.693250,-0.326614,0.252357,-0.2474,-0.6342
1787921364.551607,-0.694943,-0.327174,0.252643,-0.2564,-0.6342
1787921364.559802,-0.696656,-0.327249,0.252217,-0.2409,-0.6342
1787921364.565682,-0.698301,-0.327473,0.251754,-0.2527,-0.6342
1787921364.572032,-0.700174,-0.327660,0.251592,-0.2648,-0.6342
1787921364.579611,-0.701912,-0.327940,0.251373,-0.2548,-0.6342
1787921364.586954,-0.703330,-0.328403,0.252569,-0.2391,-0.6849
1787921364.591672,-0.704907,-0.328639,0.252503,-0.2682,-0.6849
1787921364.598473,-0.706856,-0.328859,0.253038,-0.2735,-0.6849
1787921364.605484,-0.708300,-0.329365,0.254428,-0.2567,-0.6849
1787921364.611605,-0.709864,-0.329557,0.254710,-0.2562,-0.6849
1787921364.620624,-0.711431,-0.330222,0.256153,-0.2354,-0.6849
1787921364.626199,-0.713031,-0.330716,0.257221,-0.2548,-0.6849
1787921364.632634,-0.714568,-0.331448,0.258687,-0.2564,-0.6849
1787921364.639745,-0.716321,-0.331795,0.259142,-0.2547,-0.6849
1787921364.644854,-0.717842,-0.332219,0.260431,-0.2710,-0.6849
1787921364.651911,-0.719544,-0.332033,0.260163,-0.2576,-0.6849
1787921364.662183,-0.720886,-0.332988,0.261788,-0.2254,-0.6849
1787921364.665550,-0.722295,-0.333209,0.263074,-0.2842,-0.6849
1787921364.672281,-0.724106,-0.333807,0.264221,-0.2838,-0.6849
1787921364.679511,-0.725755,-0.334113,0.265072,-0.2680,-0.6849
1787921364.685381,-0.727318,-0.334327,0.266194,-0.2676,-0.7000
1787921364.692303,-0.728794,-0.334393,0.267453,-0.2497,-0.7000
1787921364.699545,-0.730394,-0.335225,0.270045,-0.2479,-0.7000
1787921364.705711,-0.731955,-0.335578,0.271655,-0.2513,-0.7000
1787921364.711822,-0.733211,-0.335816,0.274214,-0.2384,-0.7000
1787921364.717998,-0.734807,-0.336331,0.276009,-0.2483,-0.7000
1787921364.728253,-0.736254,-0.336754,0.278515,-0.2179,-0.7000
1787921364.733986,-0.737439,-0.337367,0.280949,-0.2210,-0.7000
1787921364.742453,-0.738691,-0.337626,0.283572,-0.1998,-0.7000
1787921364.745043,-0.740024,-0.338096,0.285786,-0.3034,-0.7000
1787921364.751565,-0.741083,-0.338367,0.288031,-0.2626,-0.7000
1787921364.759014,-0.742585,-0.338314,0.289649,-0.2412,-0.7000
1787921364.765775,-0.743810,-0.338493,0.291844,-0.2232,-0.7000
1787921364.773237,-0.744989,-0.339065,0.294971,-0.2083,-0.7000
1787921364.782075,-0.746103,-0.339282,0.297516,-0.1841,-0.7000
1787921364.784910,-0.747322,-0.339426,0.299330,-0.2566,0.0000
1787921364.792331,-0.748639,-0.339348,0.300900,-0.2296,0.0000
1787921364.798657,-0.749809,-0.339713,0.303656,-0.2188,0.0000
1787921364.804898,-0.750611,-0.339994,0.306573,-0.1940,0.0000
1787921364.812362,-0.751910,-0.339673,0.307132,-0.1817,0.0000
1787921364.818438,-0.753024,-0.339845,0.309680,-0.1822,0.0000
1787921364.825225,-0.754002,-0.340583,0.313235,-0.1787,0.0000
1787921364.832181,-0.754999,-0.340580,0.315363,-0.1659,0.0000
1787921364.838235,-0.755904,-0.340767,0.317498,-0.1616,0.0000
1787921364.845838,-0.756712,-0.340952,0.319487,-0.1457,0.0000
1787921364.852360,-0.757791,-0.340725,0.320729,-0.1458,0.0000
1787921364.858782,-0.758690,-0.341193,0.323216,-0.1488,0.0000
1787921364.867180,-0.759659,-0.341321,0.324896,-0.1384,0.0000
1787921364.873190,-0.760524,-0.341188,0.325433,-0.1357,0.0000
1787921364.878208,-0.761251,-0.341516,0.327378,-0.1424,0.0000
1787921364.885809,-0.762109,-0.341459,0.328184,-0.1310,0.0000
1787921364.891968,-0.762973,-0.341156,0.328570,-0.1268,0.0000
1787921364.898563,-0.763799,-0.341159,0.329543,-0.1243,0.0000
1787921364.905661,-0.764418,-0.341480,0.331023,-0.1162,0.0000
1787921364.912491,-0.764972,-0.341514,0.331984,-0.1048,0.0000
1787921364.918878,-0.765614,-0.341770,0.333082,-0.1058,0.0000
1787921364.926297,-0.766104,-0.341908,0.334396,-0.0946,0.0000
1787921364.931812,-0.766532,-0.342178,0.335212,-0.0930,0.0000
1787921364.938762,-0.766702,-0.342277,0.335756,-0.0735,0.0000
1787921364.947282,-0.767070,-0.342159,0.335851,-0.0623,0.0000
1787921364.952830,-0.767439,-0.342381,0.336366,-0.0664,0.0000
1787921364.961751,-0.767620,-0.342282,0.336973,-0.0511,0.0000
1787921364.965198,-0.767933,-0.342255,0.337200,-0.0608,0.0000
1787921364.971724,-0.767984,-0.342629,0.338669,-0.0505,0.0000
1787921364.978637,-0.768222,-0.342466,0.339057,-0.0427,0.0000
1787921364.986243,-0.768118,-0.342601,0.340135,-0.0278,0.0000
1787921364.992232,-0.768145,-0.342844,0.341227,-0.0248,0.0000
1787921364.998853,-0.768233,-0.342848,0.341827,-0.0212,0.0000
1787921365.006393,-0.768118,-0.342896,0.342639,-0.0112,0.0000
1787921365.011931,-0.768014,-0.342767,0.342842,-0.0002,0.0000
1787921365.018234,-0.767820,-0.342835,0.343487,0.0075,0.0000
1787921365.026412,-0.767612,-0.342926,0.344037,0.0113,0.0000
1787921365.031893,-0.767317,-0.343077,0.345175,0.0203,0.0000
1787921365.040610,-0.767126,-0.343146,0.345500,0.0196,0.0000
1787921365.045635,-0.766892,-0.343347,0.346398,0.0228,0.0000
1787921365.052025,-0.766734,-0.343447,0.347049,0.0213,0.0000
1787921365.061511,-0.766552,-0.343384,0.346924,0.0210,0.0000
1787921365.065332,-0.766338,-0.343355,0.346816,0.0313,0.0000
1787921365.072161,-0.766317,-0.343392,0.346617,0.0222,0.0000
1787921365.078423,-0.766164,-0.343297,0.346120,0.0240,0.0000
1787921365.088647,-0.766082,-0.343248,0.345830,0.0195,0.0000
1787921365.092191,-0.766031,-0.343135,0.345262,0.0210,0.0000
1787921365.098638,-0.765822,-0.342976,0.345093,0.0263,0.0000
1787921365.104784,-0.765821,-0.342761,0.344516,0.0221,0.0000
1787921365.111741,-0.765628,-0.342740,0.344396,0.0235,0.0000
1787921365.118741,-0.765561,-0.342839,0.344454,0.0178,0.0000
1787921365.124996,-0.765484,-0.342668,0.344090,0.0187,0.0000
1787921365.131833,-0.765325,-0.343018,0.344890,0.0144,0.0000
1787921365.139190,-0.765240,-0.342895,0.344665,0.0151,0.0000
1787921365.144987,-0.765141,-0.342904,0.344953,0.0152,0.0000
1787921365.152200,-0.765148,-0.342982,0.345043,0.0093,0.0000
1787921365.158489,-0.765002,-0.343177,0.345610,0.0099,0.0000
1787921365.165386,-0.765007,-0.343041,0.345377,0.0087,0.0000
1787921365.174744,-0.765118,-0.342988,0.345282,0.0033,0.0000
1787921365.178705,-0.764959,-0.343244,0.345847,0.0071,0.0000
1787921365.185241,-0.765182,-0.342809,0.344762,0.0021,0.0000
1787921365.192141,-0.765221,-0.342874,0.344845,-0.0011,0.0000
1787921365.198316,-0.765201,-0.342941,0.345075,-0.0010,0.0000
1787921365.205314,-0.765300,-0.342990,0.344945,-0.0054,0.0000
1787921365.212085,-0.765323,-0.343166,0.345152,-0.0074,0.0000
1787921365.219173,-0.765459,-0.342738,0.344532,-0.0044,0.0000
1787921365.225232,-0.765465,-0.342951,0.344915,-0.0069,0.0000
1787921365.232124,-0.765512,-0.343005,0.345091,-0.0076,0.0000
1787921365.238185,-0.765480,-0.342978,0.345140,-0.0034,0.0000
1787921365.248052,-0.765463,-0.343071,0.345293,-0.0028,0.0000
1787921365.254163,-0.765512,-0.343140,0.345575,-0.0054,0.0000
1787921365.259721,-0.765417,-0.343115,0.345428,0.0015,0.0000
1787921365.266253,-0.765373,-0.343104,0.345689,0.0031,0.0000
1787921365.271768,-0.765422,-0.343121,0.345469,-0.0006,0.0000
1787921365.278908,-0.765500,-0.343141,0.345594,-0.0038,0.0000
1787921365.285337,-0.765517,-0.342994,0.345034,-0.0011,0.0000
1787921365.294917,-0.765364,-0.343089,0.345576,0.0027,0.0000
1787921365.298608,-0.765566,-0.342832,0.344709,-0.0065,0.0000
1787921365.304781,-0.765556,-0.342947,0.345038,-0.0060,0.0000
1787921365.312227,-0.765455,-0.342952,0.345117,-0.0004,0.0000
1787921365.318241,-0.765428,-0.342841,0.344818,0.0029,0.0000
1787921365.325243,-0.765382,-0.343042,0.345308,0.0009,0.0000
1787921365.332006,-0.765319,-0.343015,0.345343,0.0037,0.0000
1787921365.338245,-0.765251,-0.343022,0.345264,0.0056,0.0000
1787921365.345079,-0.765193,-0.342976,0.345356,0.0070,0.0000
1787921365.351834,-0.765259,-0.343050,0.345441,0.0010,0.0000
1787921365.358421,-0.765191,-0.343004,0.345164,0.0043,0.0000
1787921365.365202,-0.765182,-0.342955,0.345023,0.0041,0.0000
1787921365.371696,-0.765154,-0.343151,0.345575,0.0011,0.0000
1787921365.380355,-0.765250,-0.343047,0.345170,-0.0012,0.0000
1787921365.385690,-0.765201,-0.343039,0.345287,0.0019,0.0000
1787921365.392100,-0.765257,-0.342956,0.345230,0.0002,0.0000
1787921365.400033,-0.765311,-0.342869,0.344935,-0.0007,0.0000
1787921365.405420,-0.765419,-0.343033,0.345173,-0.0092,0.0000
1787921365.412274,-0.765349,-0.342898,0.344842,-0.0016,0.0000
1787921365.419635,-0.765384,-0.342943,0.345130,-0.0031,0.0000
1787921365.424992,-0.765331,-0.343021,0.345300,-0.0008,0.0000
1787921365.431880,-0.765370,-0.342960,0.345248,-0.0013,0.0000
1787921365.438537,-0.765348,-0.343057,0.345351,-0.0014,0.0000
1787921365.444920,-0.765352,-0.343192,0.345710,-0.0033,0.0000
1787921365.451972,-0.765419,-0.343025,0.345277,-0.0026,0.0000
1787921365.459057,-0.765363,-0.343090,0.345271,-0.0005,0.0000
1787921365.465314,-0.765299,-0.343239,0.345584,0.0001,0.0000
1787921365.472641,-0.765333,-0.342912,0.345093,0.0033,0.0000
1787921365.481558,-0.765295,-0.343124,0.345429,0.0011,0.0000
1787921365.485376,-0.765324,-0.342925,0.345111,0.0039,0.0000
1787921365.492135,-0.765339,-0.342963,0.345167,0.0015,0.0000
1787921365.499113,-0.765284,-0.342878,0.345035,0.0046,0.0000
1787921365.505474,-0.765349,-0.343003,0.345211,-0.0017,0.0000
1787921365.511886,-0.765326,-0.342863,0.345104,0.0020,0.0000
1787921365.518471,-0.765421,-0.342830,0.344847,-0.0021,0.0000
1787921365.525610,-0.765391,-0.342927,0.345133,-0.0017,0.0000
1787921365.532016,-0.765398,-0.343072,0.345489,-0.0038,0.0000
1787921365.539617,-0.765406,-0.342898,0.344925,-0.0006,0.0000
1787921365.545248,-0.765295,-0.343079,0.345312,0.0019,0.0000
1787921365.552310,-0.765243,-0.343161,0.345669,0.0022,0.0000
1787921365.558441,-0.765252,-0.343050,0.345306,0.0030,0.0000
1787921365.565046,-0.765146,-0.343064,0.345501,0.0064,0.0000
1787921365.574146,-0.765323,-0.343090,0.345238,-0.0013,0.0000
1787921365.579043,-0.765157,-0.343241,0.345794,0.0055,0.0000
1787921365.585116,-0.765328,-0.343209,0.345507,-0.0036,0.0000
1787921365.591979,-0.765255,-0.343071,0.345254,0.0026,0.0000
1787921365.601406,-0.765289,-0.343060,0.345396,0.0009,0.0000
1787921365.605367,-0.765363,-0.343116,0.345242,-0.0061,0.0000
1787921365.612029,-0.765356,-0.342994,0.345229,-0.0021,0.0000
1787921365.618881,-0.765453,-0.342947,0.345100,-0.0048,0.0000
1787921365.625415,-0.765429,-0.342939,0.345280,-0.0022,0.0000
1787921365.632457,-0.765397,-0.343012,0.345362,-0.0013,0.0000
1787921365.638505,-0.765397,-0.342807,0.344903,0.0025,0.0000
1787921365.645473,-0.765398,-0.343032,0.345385,-0.0016,0.0000
1787921365.655780,-0.765360,-0.342919,0.345136,0.0011,0.0000
1787921365.659215,-0.765309,-0.343109,0.345416,-0.0006,0.0000
1787921365.664941,-0.765319,-0.343078,0.345068,-0.0004,0.0000
1787921365.672115,-0.765374,-0.342790,0.345007,0.0016,0.0000
1787921365.680766,-0.765239,-0.343065,0.345401,0.0023,0.0000
1787921365.686313,-0.765342,-0.342952,0.345036,-0.0016,0.0000
1787921365.693476,-0.765259,-0.343037,0.345328,0.0010,0.0000
1787921365.698698,-0.765290,-0.343055,0.345361,-0.0013,0.0000
1787921365.707693,-0.765280,-0.343094,0.345640,-0.0011,0.0000
1787921365.712160,-0.765381,-0.342945,0.345150,-0.0038,0.0000
1787921365.718635,-0.765320,-0.343110,0.345539,-0.0026,0.0000
1787921365.725706,-0.765377,-0.342877,0.345255,-0.0007,0.0000
1787921365.731978,-0.765413,-0.343054,0.345282,-0.0050,0.0000
1787921365.739432,-0.765483,-0.342820,0.344912,-0.0030,0.0000
1787921365.744640,-0.765317,-0.343065,0.345364,0.0021,0.0000
1787921365.752059,-0.765351,-0.343081,0.345530,-0.0000,0.0000
1787921365.758499,-0.765345,-0.342992,0.345136,0.0017,0.0000
1787921365.767472,-0.765315,-0.343057,0.345268,0.0014,0.0000
1787921365.772317,-0.765270,-0.343232,0.345667,-0.0001,0.0000
1787921365.778875,-0.765334,-0.343026,0.345360,0.0004,0.0000
1787921365.788497,-0.765135,-0.343289,0.345874,0.0033,0.0000
1787921365.792243,-0.765382,-0.342764,0.344824,-0.0021,0.0000
1787921365.798908,-0.765227,-0.343065,0.345469,0.0005,0.0000
1787921365.806609,-0.765349,-0.343100,0.345374,-0.0046,0.0000
1787921365.811605,-0.765323,-0.343006,0.345341,0.0002,0.0000
1787921365.819123,-0.765333,-0.342905,0.345133,0.0011,0.0000
1787921365.824956,-0.765390,-0.342859,0.345146,-0.0011,0.0000
1787921365.831627,-0.765338,-0.342889,0.345228,0.0009,0.0000
1787921365.838699,-0.765398,-0.343010,0.345232,-0.0035,0.0000
1787921365.845236,-0.765437,-0.342750,0.344690,-0.0001,0.0000
1787921365.851783,-0.765396,-0.343100,0.345469,-0.0037,0.0000
1787921365.859678,-0.765294,-0.343098,0.345346,0.0011,0.0000
1787921365.865338,-0.765292,-0.343093,0.345524,0.0010,0.0000
1787921365.872331,-0.765280,-0.342821,0.344978,0.0051,0.0000
1787921365.881179,-0.765217,-0.343115,0.345460,0.0022,0.0000
1787921365.885760,-0.765253,-0.343138,0.345474,-0.0012,0.0000
1787921365.891936,-0.765229,-0.343119,0.345492,0.0005,0.0000
1787921365.899098,-0.765240,-0.343063,0.345249,0.0008,0.0000
1787921365.909554,-0.765298,-0.343050,0.345398,-0.0009,0.0000
1787921365.912494,-0.765386,-0.342912,0.345186,-0.0043,0.0000
1787921365.918497,-0.765343,-0.343038,0.345391,-0.0031,0.0000
1787921365.925512,-0.765360,-0.342934,0.345172,-0.0014,0.0000
1787921365.931888,-0.765456,-0.342922,0.345076,-0.0050,0.0000
1787921365.939663,-0.765370,-0.342958,0.345126,-0.0009,0.0000
1787921365.944949,-0.765334,-0.343060,0.345422,-0.0006,0.0000
1787921365.951724,-0.765429,-0.342925,0.345257,-0.0024,0.0000
1787921365.958839,-0.765327,-0.342994,0.345159,0.0014,0.0000
1787921365.965436,-0.765285,-0.343062,0.345380,0.0017,0.0000
1787921365.972352,-0.765244,-0.343125,0.345543,0.0020,0.0000
1787921365.978518,-0.765369,-0.343045,0.345260,-0.0031,0.0000
1787921365.984804,-0.765264,-0.343176,0.345643,0.0005,0.0000
