timestamp,x,y,yaw,velocity,steering
1787924641.582541,1.011549,-2.705030,1.615209,0.0000,0.0000
1787924641.589024,1.011623,-2.705090,1.615497,-0.0029,0.0000
1787924641.595329,1.011625,-2.705229,1.615563,-0.0087,0.0000
1787924641.601187,1.011660,-2.705345,1.615436,-0.0121,0.0000
1787924641.609292,1.011880,-2.705247,1.615476,-0.0052,0.0000
1787924641.614614,1.011896,-2.705343,1.615509,-0.0091,0.0000
1787924641.622551,1.012018,-2.705325,1.615671,-0.0059,0.0000
1787924641.631349,1.012052,-2.705371,1.615753,-0.0058,0.0000
1787924641.636755,1.011976,-2.705281,1.615384,0.0011,0.0000
1787924641.641590,1.012126,-2.705267,1.615590,0.0013,0.0000
1787924641.648442,1.012055,-2.705332,1.615813,-0.0018,0.0000
1787924641.655385,1.011837,-2.705223,1.615389,0.0039,0.0000
1787924641.663022,1.011872,-2.705183,1.615614,0.0042,0.0000
1787924641.668632,1.011773,-2.705253,1.615560,-0.0006,0.0000
1787924641.676291,1.011693,-2.705087,1.615489,0.0063,0.0000
1787924641.683045,1.011526,-2.705078,1.615043,0.0051,0.0000
1787924641.689162,1.011722,-2.705165,1.615477,-0.0011,0.0000
1787924641.695211,1.011628,-2.705130,1.615331,0.0011,0.0000
1787924641.701054,1.011771,-2.705123,1.615607,0.0008,0.0000
1787924641.712212,1.011788,-2.705253,1.615252,-0.0029,0.0000
1787924641.715117,1.012046,-2.705305,1.615669,-0.0087,0.0000
1787924641.719518,1.012072,-2.705357,1.615694,-0.0097,0.0000
1787924641.731655,1.011855,-2.705250,1.615308,-0.0039,0.0000
1787924641.734484,1.011978,-2.705281,1.615393,-0.0066,0.0000
1787924641.742458,1.012159,-2.705351,1.615925,-0.0076,0.0000
1787924641.751537,1.011918,-2.705223,1.615612,-0.0007,0.0000
1787924641.756826,1.011758,-2.705185,1.615178,0.0021,0.0000
1787924641.762686,1.011676,-2.705262,1.615097,-0.0023,0.0000
1787924641.768866,1.011669,-2.705138,1.615250,0.0044,0.0000
1787924641.775597,1.011662,-2.705181,1.615561,0.0012,0.0000
1787924641.783852,1.011719,-2.705101,1.615417,0.0036,0.0000
1787924641.788847,1.011592,-2.705180,1.615201,-0.0019,0.0000
1787924641.791809,1.011835,-2.705200,1.615704,-0.0044,0.0000
1787924641.800912,1.011619,-2.705164,1.615209,-0.0016,0.0000
1787924641.807451,1.011810,-2.705147,1.615420,-0.0007,0.0000
1787924641.815511,1.011840,-2.705107,1.615288,0.0009,0.0000
1787924641.821634,1.012161,-2.705351,1.615820,-0.0120,0.0000
1787924641.827744,1.012146,-2.705384,1.615656,-0.0100,0.0000
1787924641.835860,1.012053,-2.705417,1.615510,-0.0080,0.0000
1787924641.842664,1.012224,-2.705403,1.615816,-0.0054,0.0000
1787924641.852278,1.011911,-2.705346,1.615309,-0.0015,0.0000
1787924641.855579,1.011873,-2.705159,1.615574,0.0160,0.0000
1787924641.861327,1.011757,-2.705217,1.615623,0.0085,0.0000
1787924641.872269,1.011645,-2.705077,1.615209,0.0099,0.0000
1787924641.877579,1.011896,-2.705216,1.615560,-0.0016,0.0000
1787924641.881441,1.011603,-2.705155,1.615159,0.0046,0.0000
1787924641.890043,1.011657,-2.705117,1.615256,0.0045,0.0000
1787924641.895172,1.011663,-2.705202,1.615446,-0.0018,0.0000
1787924641.903702,1.011843,-2.705200,1.615651,-0.0015,0.0000
1787924641.905002,1.011645,-2.705200,1.615060,0.0010,0.0000
1787924641.914904,1.011825,-2.705238,1.615052,-0.0007,0.0000
1787924641.920443,1.012203,-2.705366,1.615947,-0.0084,0.0000
1787924641.928859,1.012112,-2.705379,1.615538,-0.0062,0.0000
1787924641.937430,1.012015,-2.705357,1.615520,-0.0034,0.0000
1787924641.943978,1.012076,-2.705229,1.615405,0.0033,0.0000
1787924641.947732,1.011872,-2.705302,1.615365,-0.0027,0.0000
1787924641.955207,1.011925,-2.705217,1.615372,0.0014,0.0000
1787924641.962599,1.011758,-2.705177,1.615384,0.0029,0.0000
1787924641.969138,1.011639,-2.705184,1.615112,0.0019,0.0000
1787924641.975363,1.011671,-2.705204,1.615580,0.0003,0.0000
1787924641.982168,1.011746,-2.705243,1.615650,-0.0016,0.0000
1787924641.988177,1.011652,-2.705125,1.615639,0.0050,0.0000
1787924641.996021,1.011679,-2.705208,1.615364,0.0002,0.0000
1787924642.002298,1.011826,-2.705225,1.615688,-0.0010,0.0000
1787924642.007936,1.011727,-2.705212,1.615337,0.0003,0.0000
1787924642.014420,1.011985,-2.705226,1.615656,-0.0010,0.0000
1787924642.021434,1.011932,-2.705291,1.615634,-0.0034,0.0000
1787924642.028587,1.012238,-2.705365,1.615594,-0.0061,0.0000
1787924642.035772,1.012055,-2.705380,1.615052,-0.0045,0.0000
1787924642.041592,1.012118,-2.705385,1.615571,-0.0036,0.0000
1787924642.049709,1.011880,-2.705267,1.615368,0.0023,0.0000
1787924642.057146,1.011729,-2.705141,1.615124,0.0069,0.0000
1787924642.062487,1.011734,-2.705126,1.615473,0.0057,0.0000
1787924642.068250,1.011602,-2.705159,1.615376,0.0026,0.0000
1787924642.075333,1.011564,-2.705241,1.615363,-0.0016,0.0000
1787924642.082741,1.011529,-2.705258,1.615162,-0.0017,0.0000
1787924642.090551,1.011665,-2.705198,1.615447,0.0009,0.0000
1787924642.095449,1.011672,-2.705097,1.615280,0.0067,0.0000
1787924642.103314,1.011733,-2.705090,1.615465,0.0049,0.0000
1787924642.108345,1.011749,-2.705202,1.615391,-0.0033,0.0000
1787924642.116138,1.012078,-2.705280,1.616015,-0.0059,0.0000
1787924642.121253,1.012242,-2.705308,1.615906,-0.0062,0.0000
1787924642.129035,1.012015,-2.705409,1.615302,-0.0078,0.0000
1787924642.133774,1.012046,-2.705236,1.615671,0.0054,0.0000
1787924642.141759,1.012023,-2.705241,1.615410,0.0036,0.0000
1787924642.149440,1.011839,-2.705241,1.615348,0.0028,0.0000
1787924642.154438,1.011779,-2.705375,1.615238,-0.0059,0.0000
1787924642.158823,1.011690,-2.705264,1.615366,0.0037,0.0000
1787924642.168555,1.011856,-2.705325,1.615894,0.0005,0.0000
1787924642.174608,1.011429,-2.705154,1.615095,0.0098,0.0000
1787924642.182459,1.011668,-2.705050,1.615306,0.0104,0.0000
1787924642.188997,1.011619,-2.705126,1.615209,0.0039,0.0000
1787924642.195533,1.011614,-2.705244,1.615147,-0.0027,0.0000
1787924642.202482,1.011977,-2.705230,1.615773,-0.0020,0.0000
1787924642.209799,1.011726,-2.705314,1.615196,-0.0044,0.0000
1787924642.216028,1.011912,-2.705232,1.615674,0.0005,0.0000
1787924642.221342,1.011964,-2.705166,1.615338,0.0039,0.0000
1787924642.228944,1.011931,-2.705261,1.615672,-0.0010,0.0000
1787924642.235968,1.012062,-2.705278,1.615324,-0.0016,0.0000
1787924642.242703,1.011999,-2.705299,1.615473,-0.0020,0.0000
1787924642.251409,1.011888,-2.705261,1.615395,0.0001,0.0000
1787924642.254896,1.011963,-2.705269,1.615540,-0.0009,0.0000
1787924642.262026,1.011738,-2.705226,1.615235,0.0016,0.0000
1787924642.268104,1.011678,-2.705215,1.615197,0.0018,0.0000
1787924642.275628,1.011746,-2.705185,1.615489,0.0023,0.0000
1787924642.281824,1.011852,-2.705203,1.615922,0.0005,0.0000
1787924642.289279,1.011795,-2.705172,1.615695,0.0017,0.0000
1787924642.296204,1.011848,-2.705170,1.615818,0.0012,0.0000
1787924642.302210,1.011732,-2.705186,1.615499,0.0003,0.0000
1787924642.308374,1.011790,-2.705170,1.615430,0.0009,0.0000
1787924642.315959,1.011801,-2.705143,1.615570,0.0017,0.0000
1787924642.320819,1.011854,-2.705283,1.615182,-0.0076,0.0000
1787924642.330176,1.011842,-2.705250,1.615465,-0.0043,0.0000
1787924642.334898,1.012108,-2.705214,1.615857,-0.0015,0.0000
1787924642.342535,1.011858,-2.705262,1.615193,-0.0025,0.0000
1787924642.347016,1.012027,-2.705333,1.615238,-0.0070,0.0000
1787924642.354586,1.012042,-2.705350,1.615424,-0.0056,0.0000
1787924642.364054,1.011830,-2.705291,1.615163,-0.0018,0.0000
1787924642.369840,1.011767,-2.705233,1.615232,0.0020,0.0000
1787924642.375773,1.011746,-2.705137,1.615678,0.0062,0.0000
1787924642.381820,1.011548,-2.705091,1.615050,0.0071,0.0000
1787924642.390214,1.011644,-2.705137,1.615264,0.0032,0.0000
1787924642.395205,1.011509,-2.705146,1.615313,0.0020,0.0000
1787924642.402599,1.011572,-2.705149,1.615176,0.0012,0.0000
1787924642.408505,1.011800,-2.705309,1.615684,-0.0078,0.0000
1787924642.414916,1.011844,-2.705269,1.615322,-0.0037,0.0000
1787924642.422942,1.011845,-2.705235,1.615492,-0.0013,0.0000
1787924642.428063,1.011841,-2.705178,1.615249,0.0024,0.0000
1787924642.435980,1.011992,-2.705321,1.615313,-0.0040,0.0000
1787924642.441827,1.012183,-2.705342,1.615518,-0.0043,0.0000
1787924642.449631,1.012168,-2.705375,1.615372,-0.0043,0.0000
1787924642.456881,1.012091,-2.705347,1.615457,-0.0017,0.0000
1787924642.463114,1.011904,-2.705258,1.615573,0.0035,0.0000
1787924642.467877,1.011852,-2.705184,1.615424,0.0072,0.0000
1787924642.475578,1.011508,-2.705082,1.615226,0.0096,0.0000
1787924642.481874,1.011621,-2.705208,1.615320,0.0005,0.0000
1787924642.488930,1.011629,-2.705213,1.615413,0.0001,0.0000
1787924642.496653,1.011581,-2.705163,1.615327,0.0021,0.0000
1787924642.504391,1.011709,-2.705191,1.615330,0.0002,0.0000
1787924642.508799,1.011626,-2.705213,1.615157,-0.0011,0.0000
1787924642.516689,1.011962,-2.705249,1.615730,-0.0027,0.0000
1787924642.522183,1.012015,-2.705232,1.615779,-0.0011,0.0000
1787924642.530159,1.011826,-2.705287,1.615257,-0.0025,0.0000
1787924642.534250,1.012161,-2.705247,1.615943,0.0001,0.0000
1787924642.542304,1.011880,-2.705263,1.615187,-0.0001,0.0000
1787924642.548784,1.012182,-2.705308,1.615714,-0.0027,0.0000
1787924642.558145,1.011961,-2.705382,1.615316,-0.0040,0.0000
1787924642.562273,1.011940,-2.705342,1.615718,0.0002,0.0000
1787924642.569514,1.011885,-2.705301,1.615652,0.0019,0.0000
1787924642.575185,1.011757,-2.705115,1.615281,0.0115,0.0000
1787924642.583127,1.011651,-2.705103,1.615398,0.0087,0.0000
1787924642.588026,1.011664,-2.705077,1.615446,0.0076,0.0000
1787924642.596371,1.011593,-2.705083,1.615082,0.0052,0.0000
1787924642.602415,1.011529,-2.705149,1.615144,0.0005,0.0000
1787924642.612894,1.011658,-2.705159,1.615386,-0.0001,0.0000
1787924642.616823,1.011748,-2.705233,1.615448,-0.0060,0.0000
1787924642.621693,1.011833,-2.705183,1.615602,-0.0014,0.0000
1787924642.628595,1.011863,-2.705281,1.615303,-0.0053,0.0000
1787924642.636214,1.012051,-2.705311,1.615594,-0.0052,0.0000
1787924642.642345,1.011913,-2.705365,1.615378,-0.0060,0.0000
1787924642.649921,1.011975,-2.705346,1.615405,-0.0035,0.0000
1787924642.655402,1.012050,-2.705395,1.615964,-0.0053,0.0000
1787924642.661945,1.011897,-2.705282,1.615329,0.0018,0.0000
1787924642.671064,1.011763,-2.705212,1.615186,0.0037,0.0000
1787924642.676895,1.011835,-2.705294,1.615781,-0.0018,0.0000
1787924642.682774,1.011791,-2.705094,1.615451,0.0091,0.0000
1787924642.689394,1.011608,-2.705138,1.615353,0.0047,0.0000
1787924642.693892,1.011743,-2.705155,1.615497,0.0018,0.0000
1787924642.702301,1.011656,-2.705221,1.615483,-0.0010,0.0000
1787924642.707568,1.011589,-2.705048,1.615149,0.0093,0.0000
1787924642.714919,1.011677,-2.705123,1.615459,0.0033,-0.0560
1787924642.721421,1.011791,-2.705363,1.615318,-0.0090,-0.0560
1787924642.729318,1.012115,-2.705417,1.615891,-0.0089,-0.0560
1787924642.735234,1.011730,-2.705358,1.615060,-0.0024,-0.0560
1787924642.742784,1.011977,-2.705279,1.615639,0.0010,-0.0560
1787924642.748985,1.011807,-2.705215,1.615077,0.0042,-0.0560
1787924642.756476,1.011960,-2.705307,1.615383,-0.0010,-0.0560
1787924642.763514,1.012001,-2.705197,1.615562,0.0039,-0.0560
1787924642.769780,1.011732,-2.705185,1.615212,0.0039,-0.0560
1787924642.774990,1.011958,-2.705240,1.616264,-0.0010,-0.0560
1787924642.781864,1.011948,-2.705077,1.616489,0.0064,-0.0560
1787924642.788725,1.011916,-2.705219,1.616870,-0.0017,-0.0560
1787924642.794744,1.011825,-2.705199,1.616952,0.0001,-0.0560
1787924642.803169,1.011888,-2.705153,1.617333,0.0016,-0.0560
1787924642.809565,1.011869,-2.705163,1.617440,0.0006,-0.0560
1787924642.817163,1.011893,-2.705155,1.617285,0.0007,-0.0596
1787924642.821589,1.012008,-2.705262,1.617244,-0.0071,-0.0596
1787924642.830867,1.012233,-2.705261,1.617633,-0.0053,-0.0596
1787924642.835646,1.012206,-2.705289,1.617304,-0.0053,-0.0596
1787924642.842342,1.011966,-2.705289,1.616802,-0.0033,-0.0596
1787924642.847995,1.012046,-2.705230,1.616741,0.0007,-0.0596
1787924642.854773,1.012215,-2.705186,1.616829,0.0021,-0.0596
1787924642.862541,1.012045,-2.705215,1.616601,0.0006,-0.0596
1787924642.868857,1.012030,-2.705361,1.616906,-0.0065,-0.0596
1787924642.876389,1.012232,-2.705269,1.617373,-0.0012,-0.0596
1787924642.882074,1.012009,-2.705162,1.617156,0.0053,-0.0596
1787924642.888032,1.012100,-2.705138,1.617466,0.0047,-0.0596
1787924642.896016,1.011770,-2.705187,1.617072,0.0020,-0.0596
1787924642.903548,1.011964,-2.705174,1.617285,0.0016,-0.0596
1787924642.908332,1.012047,-2.705038,1.617249,0.0094,-0.0596
1787924642.915107,1.012059,-2.705152,1.617320,0.0015,-0.0590
1787924642.921726,1.012078,-2.705169,1.617138,0.0002,-0.0590
1787924642.929576,1.012170,-2.705199,1.617262,-0.0012,-0.0590
1787924642.935198,1.012119,-2.705340,1.617123,-0.0082,-0.0590
1787924642.943297,1.012119,-2.705274,1.616990,-0.0033,-0.0590
1787924642.950086,1.012188,-2.705171,1.617206,0.0021,-0.0590
1787924642.951580,1.012098,-2.705226,1.616935,-0.0088,-0.0590
1787924642.969975,1.011911,-2.705247,1.616749,-0.0064,-0.0590
1787924642.972678,1.012026,-2.705275,1.616897,-0.0082,-0.0590
1787924642.985273,1.012177,-2.705384,1.617421,-0.0085,-0.0590
1787924642.987128,1.011879,-2.705213,1.616735,0.0238,-0.0590
1787924642.996391,1.012054,-2.705120,1.617104,0.0194,-0.0590
1787924642.997965,1.011888,-2.705142,1.616998,0.0109,-0.0590
1787924643.002174,1.011993,-2.705063,1.617285,0.0129,-0.0590
1787924643.009974,1.012069,-2.705182,1.617178,0.0043,-0.0590
1787924643.016263,1.011930,-2.705180,1.616996,0.0034,-0.0589
1787924643.021993,1.012059,-2.705136,1.617227,0.0044,-0.0589
1787924643.027047,1.012056,-2.705241,1.617432,-0.0031,-0.0589
1787924643.030838,1.012101,-2.705294,1.617330,-0.0066,-0.0589
1787924643.041278,1.011910,-2.705262,1.616986,-0.0034,-0.0589
1787924643.048961,1.012302,-2.705279,1.617386,-0.0038,-0.0589
1787924643.055076,1.012242,-2.705331,1.617428,-0.0050,-0.0589
1787924643.058222,1.012077,-2.705283,1.617043,0.0017,-0.0589
1787924643.070797,1.012124,-2.705254,1.617050,0.0018,-0.0589
1787924643.074906,1.012287,-2.705274,1.617627,-0.0007,-0.0589
1787924643.083249,1.012150,-2.705306,1.617545,-0.0014,-0.0589
1787924643.088276,1.012161,-2.705224,1.617433,0.0039,-0.0589
1787924643.093311,1.012207,-2.705186,1.617548,0.0048,-0.0589
1787924643.104694,1.012071,-2.705081,1.617126,0.0063,-0.0589
1787924643.108982,1.011916,-2.705164,1.616744,-0.0009,-0.0589
1787924643.112925,1.012007,-2.705211,1.617332,-0.0045,-0.0589
1787924643.120876,1.012118,-2.705257,1.617550,-0.0051,-0.0581
1787924643.127269,1.012139,-2.705204,1.617483,-0.0011,-0.0581
1787924643.135418,1.012210,-2.705067,1.617713,0.0041,-0.0581
1787924643.140927,1.012407,-2.705112,1.618797,-0.0001,-0.0581
1787924643.147524,1.012606,-2.704927,1.619502,0.0079,-0.0581
1787924643.155563,1.012585,-2.704708,1.619429,0.0137,-0.0581
1787924643.160516,1.012987,-2.704561,1.620271,0.0173,-0.0581
1787924643.169421,1.012668,-2.704050,1.619802,0.0298,-0.0581
1787924643.171864,1.012797,-2.703481,1.619345,0.0899,-0.0581
1787924643.182758,1.012737,-2.702752,1.619635,0.0830,-0.0581
1787924643.189102,1.012469,-2.701910,1.618919,0.0985,-0.0581
1787924643.195368,1.011961,-2.701044,1.617630,0.1115,-0.0581
1787924643.202376,1.011499,-2.700206,1.616400,0.1148,-0.0581
1787924643.208148,1.011335,-2.699256,1.615814,0.1300,-0.0581
1787924643.215138,1.011552,-2.698148,1.615182,0.1381,-0.0550
1787924643.221515,1.011029,-2.696868,1.613799,0.1579,-0.0550
1787924643.230138,1.011260,-2.695789,1.614105,0.1477,-0.0550
1787924643.235902,1.010980,-2.694534,1.613931,0.1693,-0.0550
1787924643.241236,1.010916,-2.693587,1.614191,0.1718,-0.0550
1787924643.247702,1.011436,-2.692509,1.615040,0.1692,-0.0550
1787924643.254534,1.011338,-2.691202,1.614915,0.1760,-0.0550
1787924643.262450,1.011452,-2.690245,1.615568,0.1592,-0.0550
1787924643.269110,1.011209,-2.689312,1.615666,0.1539,-0.0550
1787924643.276237,1.011153,-2.688137,1.615934,0.1573,-0.0550
1787924643.281638,1.011410,-2.687053,1.616702,0.1696,-0.0550
1787924643.289758,1.011260,-2.686170,1.616479,0.1515,-0.0550
1787924643.295676,1.010868,-2.684922,1.615623,0.1702,-0.0550
1787924643.298501,1.010902,-2.683977,1.616051,0.2192,-0.0550
1787924643.308216,1.011105,-2.683082,1.616861,0.1808,-0.0550
1787924643.314265,1.010622,-2.682045,1.616518,0.1790,-0.0552
1787924643.321963,1.010506,-2.680996,1.615839,0.1663,-0.0552
1787924643.329108,1.010180,-2.680057,1.615319,0.1565,-0.0552
1787924643.337351,1.010548,-2.678793,1.615709,0.1549,-0.0552
1787924643.342023,1.010418,-2.677616,1.615060,0.1843,-0.0552
1787924643.348995,1.010077,-2.676590,1.614591,0.1737,-0.0552
1787924643.355297,1.009534,-2.675360,1.613130,0.1812,-0.0552
1787924643.360915,1.009835,-2.674111,1.613462,0.1928,-0.0552
1787924643.368509,1.009867,-2.672984,1.613312,0.1794,-0.0552
1787924643.376991,1.009493,-2.671704,1.611966,0.1713,-0.0552
1787924643.388110,1.009064,-2.670348,1.611168,0.1570,-0.0552
1787924643.389439,1.009375,-2.668999,1.612080,0.4113,-0.0552
1787924643.397688,1.009280,-2.667718,1.611640,0.3346,-0.0552
1787924643.402386,1.009172,-2.666507,1.610938,0.3118,-0.0552
1787924643.409065,1.009385,-2.665157,1.612268,0.2784,-0.0476
1787924643.414716,1.009148,-2.663739,1.612026,0.2707,-0.0476
1787924643.422549,1.008842,-2.662384,1.611527,0.2418,-0.0476
1787924643.429804,1.008772,-2.661128,1.611224,0.2213,-0.0476
1787924643.435894,1.009070,-2.659513,1.612238,0.2338,-0.0476
1787924643.441767,1.008739,-2.658246,1.611937,0.2290,-0.0476
1787924643.448553,1.008317,-2.657027,1.610478,0.2149,-0.0476
1787924643.453490,1.009040,-2.655486,1.612111,0.2421,-0.0476
1787924643.461709,1.009165,-2.654040,1.611841,0.2220,-0.0476
1787924643.469431,1.008567,-2.652589,1.610645,0.2127,-0.0476
1787924643.482946,1.008125,-2.651290,1.610113,0.1781,-0.0476
1787924643.485458,1.008586,-2.649848,1.610638,0.2945,-0.0476
1787924643.491495,1.008374,-2.648392,1.610115,0.2788,-0.0476
1787924643.495239,1.008182,-2.646991,1.609375,0.3080,-0.0476
1787924643.502719,1.008277,-2.645307,1.610191,0.2829,-0.0476
1787924643.508685,1.008011,-2.643633,1.609546,0.2827,-0.0476
1787924643.515423,1.007532,-2.642201,1.608209,0.2624,-0.0514
1787924643.521439,1.007902,-2.640462,1.608824,0.2696,-0.0514
1787924643.530682,1.007600,-2.639059,1.608560,0.2346,-0.0514
1787924643.534633,1.007512,-2.637603,1.607934,0.2749,-0.0514
1787924643.541544,1.007820,-2.635852,1.608580,0.2679,-0.0514
1787924643.548047,1.007965,-2.634105,1.608777,0.2678,-0.0514
1787924643.556235,1.007190,-2.632661,1.606869,0.2414,-0.0514
1787924643.562415,1.007728,-2.630792,1.607609,0.2587,-0.0514
1787924643.568303,1.007699,-2.629269,1.607234,0.2586,-0.0514
1787924643.576757,1.006996,-2.627631,1.605831,0.2400,-0.0514
1787924643.583138,1.007434,-2.625952,1.606373,0.2462,-0.0514
1787924643.589734,1.007832,-2.624214,1.606844,0.2507,-0.0514
1787924643.596528,1.007106,-2.622413,1.605259,0.2561,-0.0514
1787924643.601346,1.007135,-2.620634,1.605298,0.2899,-0.0514
1787924643.613140,1.007296,-2.619073,1.605502,0.2424,-0.0430
1787924643.616014,1.006809,-2.617193,1.604435,0.3676,-0.0430
1787924643.621800,1.006789,-2.615477,1.604738,0.3462,-0.0430
1787924643.629026,1.006798,-2.614017,1.604608,0.3029,-0.0430
1787924643.637007,1.006591,-2.611976,1.602995,0.2890,-0.0430
1787924643.642275,1.006630,-2.610234,1.603137,0.3013,-0.0430
1787924643.649067,1.006576,-2.608683,1.603017,0.2795,-0.0430
1787924643.657502,1.006294,-2.606855,1.602674,0.2610,-0.0430
1787924643.664204,1.006653,-2.605117,1.602881,0.2599,-0.0430
1787924643.672007,1.006268,-2.603432,1.602152,0.2472,-0.0430
1787924643.678266,1.006073,-2.601616,1.601328,0.2603,-0.0430
1787924643.685001,1.006194,-2.599596,1.600969,0.2720,-0.0430
1787924643.690832,1.005835,-2.598031,1.600054,0.2714,-0.0430
1787924643.695890,1.005869,-2.596360,1.599663,0.2890,-0.0430
1787924643.702897,1.006202,-2.594330,1.599575,0.2888,-0.0430
1787924643.710588,1.005689,-2.592325,1.598676,0.2809,-0.0430
1787924643.715516,1.005547,-2.590507,1.597936,0.3074,-0.0324
1787924643.722179,1.005474,-2.588726,1.597614,0.2955,-0.0324
1787924643.728128,1.005360,-2.586823,1.597275,0.3029,-0.0324
1787924643.736145,1.005174,-2.585236,1.596610,0.2716,-0.0324
1787924643.743478,1.005362,-2.582982,1.595765,0.2821,-0.0324
1787924643.748671,1.004980,-2.581181,1.595405,0.3020,-0.0324
1787924643.758060,1.005178,-2.579472,1.596383,0.2659,-0.0324
1787924643.762822,1.005170,-2.577441,1.595416,0.3140,-0.0324
1787924643.768794,1.004838,-2.575497,1.595115,0.3179,-0.0324
1787924643.774901,1.005034,-2.573786,1.594830,0.3063,-0.0324
1787924643.782134,1.005349,-2.571754,1.595119,0.2983,-0.0324
1787924643.789176,1.004971,-2.569691,1.594108,0.2971,-0.0324
1787924643.799804,1.004999,-2.567928,1.594058,0.2577,-0.0324
1787924643.802644,1.005337,-2.565911,1.594326,0.3926,-0.0324
1787924643.809074,1.004547,-2.563853,1.592131,0.3716,-0.0324
1787924643.816065,1.004976,-2.562078,1.593645,0.3358,-0.0235
1787924643.823391,1.004878,-2.560086,1.592698,0.3167,-0.0235
1787924643.828451,1.004221,-2.558058,1.591158,0.3427,-0.0235
1787924643.837639,1.004634,-2.556076,1.591627,0.3043,-0.0235
1787924643.841759,1.004189,-2.554014,1.590274,0.3638,-0.0235
1787924643.849617,1.004315,-2.552084,1.589577,0.3282,-0.0235
1787924643.855306,1.004514,-2.550256,1.590274,0.3259,-0.0235
1787924643.862340,1.004037,-2.548249,1.588827,0.3141,-0.0235
1787924643.868755,1.003920,-2.546040,1.588349,0.3233,-0.0235
1787924643.875838,1.004127,-2.544219,1.588424,0.3032,-0.0235
1787924643.883560,1.003842,-2.542186,1.587152,0.2914,-0.0235
1787924643.889887,1.004063,-2.540145,1.587583,0.3006,-0.0235
1787924643.894015,1.003824,-2.538197,1.586950,0.3522,-0.0235
1787924643.903309,1.003553,-2.536086,1.585205,0.3148,-0.0235
1787924643.909138,1.003708,-2.534017,1.586369,0.3267,-0.0235
1787924643.916929,1.003165,-2.532134,1.584883,0.3015,-0.0121
1787924643.922180,1.003607,-2.529852,1.585306,0.3410,-0.0121
1787924643.928723,1.003195,-2.527807,1.584621,0.3327,-0.0121
1787924643.934667,1.003010,-2.525878,1.584067,0.3304,-0.0121
1787924643.940573,1.003115,-2.523653,1.583462,0.3443,-0.0121
1787924643.949492,1.002849,-2.521779,1.583757,0.3041,-0.0121
1787924643.957517,1.003228,-2.519531,1.583407,0.2967,-0.0121
1787924643.962135,1.002782,-2.517339,1.582403,0.3505,-0.0121
1787924643.967963,1.002718,-2.515472,1.582159,0.3414,-0.0121
1787924643.974494,1.003168,-2.513267,1.582747,0.3401,-0.0121
1787924643.982449,1.002428,-2.511003,1.581686,0.3237,-0.0121
1787924643.991406,1.002568,-2.509041,1.581489,0.2922,-0.0121
1787924643.995402,1.003011,-2.506500,1.581845,0.3950,-0.0121
1787924644.006443,1.002344,-2.504796,1.581191,0.3230,-0.0121
1787924644.009412,1.002904,-2.502580,1.582158,0.4493,-0.0121
1787924644.014898,1.002496,-2.500007,1.580514,0.4554,-0.0068
1787924644.020388,1.002321,-2.498186,1.580274,0.4184,-0.0068
1787924644.028296,1.003055,-2.495656,1.581305,0.3886,-0.0068
1787924644.035753,1.002268,-2.493752,1.580219,0.3489,-0.0068
1787924644.042580,1.002920,-2.491594,1.581170,0.3387,-0.0068
1787924644.049165,1.003064,-2.489384,1.580507,0.3377,-0.0068
1787924644.056080,1.002650,-2.487551,1.579743,0.3161,-0.0068
1787924644.062988,1.003100,-2.485194,1.580418,0.3234,-0.0068
1787924644.066869,1.002503,-2.482972,1.578928,0.3985,-0.0068
1787924644.076254,1.002700,-2.480846,1.579785,0.3469,-0.0068
1787924644.081393,1.002655,-2.478507,1.578688,0.3794,-0.0068
1787924644.084925,1.002209,-2.476444,1.578030,0.4410,-0.0068
1787924644.093928,1.002960,-2.474310,1.579525,0.3796,-0.0068
1787924644.104683,1.002088,-2.472184,1.576431,0.3252,-0.0068
1787924644.109298,1.002509,-2.470000,1.577813,0.3694,-0.0068
1787924644.115554,1.002327,-2.467708,1.576414,0.3685,-0.0000
1787924644.122583,1.002147,-2.465613,1.575755,0.3474,-0.0000
1787924644.129381,1.002564,-2.463521,1.576515,0.3354,-0.0000
1787924644.134771,1.001933,-2.461255,1.573965,0.3610,-0.0000
1787924644.142774,1.002167,-2.458906,1.574989,0.3407,-0.0000
1787924644.148505,1.002269,-2.456939,1.574962,0.3414,-0.0000
1787924644.155457,1.002274,-2.454590,1.573320,0.3404,-0.0000
1787924644.161248,1.002698,-2.452561,1.575156,0.3433,-0.0000
1787924644.168750,1.001692,-2.450252,1.571922,0.3327,-0.0000
1787924644.175318,1.002456,-2.448062,1.573611,0.3328,-0.0000
1787924644.180984,1.001876,-2.445928,1.573089,0.3460,-0.0000
1787924644.187842,1.002110,-2.443516,1.572088,0.3477,-0.0000
1787924644.196820,1.001971,-2.441260,1.572099,0.3188,-0.0000
1787924644.203328,1.001728,-2.439128,1.571307,0.3215,-0.0000
1787924644.207716,1.002477,-2.436711,1.571911,0.3902,-0.0000
1787924644.215153,1.001847,-2.434617,1.571097,0.3576,0.0064
1787924644.221946,1.002137,-2.432151,1.570762,0.3592,0.0064
1787924644.227460,1.002092,-2.430030,1.571051,0.3668,0.0064
1787924644.236034,1.001631,-2.427697,1.569202,0.3384,0.0064
1787924644.241121,1.002300,-2.425543,1.569633,0.3639,0.0064
1787924644.249277,1.001915,-2.423351,1.568905,0.3353,0.0064
1787924644.254937,1.002397,-2.421105,1.569369,0.3538,0.0064
1787924644.264880,1.002277,-2.419010,1.569068,0.3109,0.0064
1787924644.270867,1.001701,-2.416550,1.567498,0.3408,0.0064
1787924644.275726,1.002085,-2.414266,1.567270,0.3797,0.0064
1787924644.281157,1.001936,-2.412114,1.567858,0.3846,0.0064
1787924644.290411,1.001620,-2.409599,1.566042,0.3507,0.0064
1787924644.295546,1.001963,-2.407603,1.566820,0.3622,0.0064
1787924644.301490,1.001485,-2.405075,1.564898,0.3809,0.0064
1787924644.310096,1.001893,-2.402941,1.565694,0.3411,0.0064
1787924644.315236,1.001609,-2.400761,1.564926,0.3659,0.0177
1787924644.321522,1.001915,-2.398391,1.564008,0.3693,0.0177
1787924644.329792,1.001467,-2.396174,1.563729,0.3389,0.0177
1787924644.335797,1.001506,-2.393824,1.562782,0.3546,0.0177
1787924644.338281,1.001191,-2.391705,1.562549,0.5039,0.0177
1787924644.347137,1.001230,-2.389081,1.561501,0.4416,0.0177
1787924644.356031,1.001147,-2.386781,1.561147,0.3867,0.0177
1787924644.366980,1.001276,-2.384205,1.561117,0.3413,0.0177
1787924644.369022,1.000923,-2.382092,1.560018,0.5487,0.0177
1787924644.375771,1.001021,-2.379487,1.560175,0.4999,0.0177
1787924644.382607,1.000786,-2.377181,1.559686,0.4510,0.0177
1787924644.389089,1.000478,-2.374538,1.559211,0.4379,0.0177
1787924644.395460,1.000768,-2.372146,1.559197,0.4193,0.0177
1787924644.404518,1.000557,-2.369597,1.559041,0.3778,0.0177
1787924644.408726,1.000638,-2.367181,1.558354,0.4368,0.0177
1787924644.414993,1.000539,-2.365006,1.559283,0.4098,0.0242
1787924644.422610,1.000774,-2.362424,1.559450,0.3887,0.0242
1787924644.431196,1.000408,-2.360257,1.558925,0.3476,0.0242
1787924644.435735,1.000826,-2.357906,1.559292,0.3990,0.0242
1787924644.441614,1.000627,-2.355407,1.558478,0.4067,0.0242
1787924644.450028,1.000623,-2.353317,1.559286,0.3592,0.0242
1787924644.455387,1.000435,-2.350934,1.558237,0.3847,0.0242
1787924644.462093,1.000509,-2.348594,1.557534,0.3740,0.0242
1787924644.468612,1.000078,-2.346270,1.557163,0.3685,0.0242
1787924644.475186,1.000255,-2.343864,1.557124,0.3678,0.0242
1787924644.481343,1.000332,-2.341815,1.557174,0.3574,0.0242
1787924644.488630,0.999983,-2.339736,1.555663,0.3355,0.0242
1787924644.494443,1.000229,-2.337501,1.555708,0.3504,0.0242
1787924644.503860,1.000035,-2.335299,1.555156,0.3153,0.0242
1787924644.508302,1.000082,-2.333145,1.555291,0.3662,0.0242
1787924644.516014,0.999540,-2.330821,1.554104,0.3464,0.0284
1787924644.522841,0.999563,-2.328682,1.553807,0.3365,0.0284
1787924644.529108,0.999597,-2.326368,1.553931,0.3463,0.0284
1787924644.534953,0.999542,-2.324273,1.553339,0.3499,0.0284
1787924644.542648,0.999480,-2.321790,1.553112,0.3417,0.0284
1787924644.548144,0.999423,-2.319710,1.552912,0.3526,0.0284
1787924644.554938,0.999155,-2.317369,1.553106,0.3500,0.0284
1787924644.565211,0.999375,-2.315243,1.553385,0.3072,0.0284
1787924644.568167,0.999340,-2.312803,1.553029,0.4625,0.0284
1787924644.576054,0.999450,-2.310639,1.553666,0.4061,0.0284
1787924644.583916,0.999448,-2.308420,1.553515,0.3690,0.0284
1787924644.588022,0.999293,-2.305968,1.554009,0.4372,0.0284
1787924644.594871,0.999532,-2.303806,1.553893,0.4009,0.0284
1787924644.602532,0.999202,-2.301225,1.553402,0.3815,0.0284
1787924644.608120,0.999330,-2.299216,1.554006,0.3750,0.0284
1787924644.617058,0.999744,-2.296841,1.555394,0.3424,0.0280
1787924644.621422,0.999364,-2.294649,1.555757,0.3900,0.0280
1787924644.627644,0.999836,-2.292438,1.556827,0.3799,0.0280
1787924644.634351,0.999522,-2.290065,1.557334,0.3718,0.0280
1787924644.642115,0.999898,-2.287970,1.558492,0.3414,0.0280
1787924644.648508,0.999925,-2.285645,1.559095,0.3481,0.0280
1787924644.654336,1.000037,-2.283738,1.559700,0.3419,0.0280
1787924644.664336,1.000208,-2.281418,1.559939,0.3090,0.0280
1787924644.668669,0.999988,-2.279137,1.559796,0.3740,0.0280
1787924644.676355,1.000636,-2.276991,1.561260,0.3458,0.0280
1787924644.684898,1.000299,-2.274832,1.560356,0.3178,0.0280
1787924644.689614,1.000536,-2.272668,1.560991,0.3602,0.0280
1787924644.695939,1.000049,-2.270290,1.559445,0.3647,0.0280
1787924644.702682,1.000276,-2.268067,1.560563,0.3543,0.0280
1787924644.709733,1.000190,-2.265922,1.560347,0.3392,0.0280
1787924644.715226,1.000333,-2.263389,1.559851,0.3758,0.0201
1787924644.724749,1.000272,-2.261171,1.559929,0.3330,0.0201
1787924644.728708,1.000274,-2.258980,1.560278,0.3991,0.0201
1787924644.735478,1.000252,-2.256744,1.559672,0.3784,0.0201
1787924644.743085,1.000627,-2.254554,1.560743,0.3514,0.0201
1787924644.750028,1.000432,-2.252225,1.559583,0.3465,0.0201
1787924644.756659,1.000571,-2.249985,1.560248,0.3439,0.0201
1787924644.761864,1.000438,-2.247674,1.560252,0.3739,0.0201
1787924644.769893,1.000824,-2.245507,1.560298,0.3428,0.0201
1787924644.775887,1.000697,-2.243125,1.560288,0.3591,0.0201
1787924644.784314,1.000872,-2.240847,1.560505,0.3326,0.0201
1787924644.788594,1.001087,-2.238527,1.561309,0.3955,0.0201
1787924644.795375,1.000937,-2.236282,1.560949,0.3761,0.0201
1787924644.804876,1.000893,-2.233669,1.560306,0.3458,0.0201
1787924644.811236,1.000668,-2.231648,1.560122,0.3372,0.0201
1787924644.816952,1.001225,-2.229484,1.560977,0.3499,0.0219
1787924644.822680,1.000962,-2.227093,1.560885,0.3700,0.0219
1787924644.830529,1.001100,-2.224877,1.560462,0.3438,0.0219
1787924644.835453,1.000809,-2.222256,1.560009,0.4002,0.0219
1787924644.842370,1.001093,-2.220256,1.561090,0.3669,0.0219
1787924644.849292,1.001203,-2.218004,1.560181,0.3545,0.0219
1787924644.855918,1.001077,-2.215732,1.560264,0.3510,0.0219
1787924644.861879,1.001019,-2.213510,1.559374,0.3575,0.0219
1787924644.869170,1.000856,-2.210982,1.559226,0.3542,0.0219
1787924644.874752,1.000963,-2.208869,1.559597,0.3615,0.0219
1787924644.882674,1.001000,-2.206554,1.559080,0.3407,0.0219
1787924644.889265,1.000821,-2.204230,1.558945,0.3442,0.0219
1787924644.899735,1.000520,-2.201942,1.558469,0.3064,0.0219
1787924644.908301,1.000691,-2.199571,1.558642,0.2976,0.0219
1787924644.910019,1.000748,-2.197499,1.558991,0.5700,0.0219
1787924644.916966,1.000678,-2.194915,1.558223,0.5105,0.0248
1787924644.925276,1.000829,-2.192753,1.558919,0.4355,0.0248
1787924644.928513,1.000492,-2.190350,1.558208,0.5272,0.0248
1787924644.934874,1.000942,-2.188065,1.559230,0.4770,0.0248
1787924644.941594,1.000748,-2.185651,1.558605,0.4416,0.0248
1787924644.948939,1.000983,-2.183098,1.558962,0.4135,0.0248
1787924644.955825,1.001237,-2.181021,1.560344,0.3801,0.0248
1787924644.963141,1.000827,-2.178540,1.558601,0.3675,0.0248
1787924644.967729,1.000989,-2.176207,1.559153,0.4100,0.0248
1787924644.975212,1.000615,-2.173690,1.558108,0.3877,0.0248
1787924644.984242,1.001018,-2.171497,1.559388,0.3444,0.0248
1787924644.990284,1.000609,-2.168948,1.558611,0.3674,0.0248
1787924644.995582,1.000825,-2.166293,1.558897,0.4076,0.0248
1787924645.003223,1.000455,-2.164012,1.558074,0.3747,0.0248
1787924645.010455,1.001159,-2.161714,1.558968,0.3580,0.0248
1787924645.017937,1.001047,-2.159406,1.559311,0.3430,0.0254
1787924645.021297,1.001113,-2.157115,1.558690,0.4448,0.0254
1787924645.029589,1.000974,-2.154526,1.558387,0.4050,0.0254
1787924645.035368,1.001090,-2.152322,1.558615,0.3980,0.0254
1787924645.041897,1.001122,-2.149921,1.557920,0.3889,0.0254
1787924645.048628,1.001407,-2.147688,1.558883,0.3719,0.0254
1787924645.054464,1.001298,-2.145445,1.558440,0.3756,0.0254
1787924645.061988,1.001321,-2.143128,1.558839,0.3553,0.0254
1787924645.073261,1.001438,-2.140852,1.558677,0.3093,0.0254
1787924645.077704,1.001235,-2.138220,1.557904,0.3940,0.0254
1787924645.082269,1.001525,-2.136188,1.558654,0.4095,0.0254
1787924645.089340,1.001231,-2.133740,1.557713,0.3904,0.0254
1787924645.095497,1.001600,-2.131455,1.558332,0.3849,0.0254
1787924645.101830,1.001705,-2.129214,1.558192,0.3756,0.0254
1787924645.111716,1.001716,-2.126767,1.558337,0.3372,0.0254
1787924645.122324,1.001718,-2.124456,1.558339,0.3014,0.0550
1787924645.125326,1.001992,-2.122034,1.557843,0.4533,0.0550
1787924645.130385,1.001603,-2.119520,1.557277,0.4661,0.0550
1787924645.136180,1.001918,-2.117318,1.558043,0.4405,0.0550
1787924645.142161,1.001668,-2.114804,1.558210,0.4342,0.0550
1787924645.149728,1.001777,-2.112454,1.558329,0.3972,0.0550
1787924645.155881,1.001549,-2.109905,1.557973,0.4022,0.0550
1787924645.162544,1.001638,-2.107634,1.558765,0.3838,0.0550
1787924645.168709,1.002034,-2.105238,1.558805,0.3855,0.0550
1787924645.177059,1.001565,-2.102599,1.558669,0.3644,0.0550
1787924645.181947,1.002082,-2.100511,1.559205,0.3836,0.0550
1787924645.189993,1.001846,-2.097883,1.559044,0.3664,0.0550
1787924645.196583,1.002408,-2.095364,1.559881,0.3714,0.0550
1787924645.202039,1.001936,-2.092949,1.558934,0.3925,0.0550
1787924645.208442,1.002266,-2.090776,1.559602,0.3767,0.0550
1787924645.216387,1.002257,-2.088493,1.558951,0.3499,0.0577
1787924645.222679,1.001966,-2.086062,1.558864,0.3607,0.0577
1787924645.231894,1.001998,-2.083906,1.558168,0.3226,0.0577
1787924645.236081,1.001533,-2.081200,1.558222,0.4194,0.0577
1787924645.242093,1.002164,-2.078957,1.558587,0.4058,0.0577
1787924645.248798,1.001889,-2.076606,1.557769,0.3891,0.0577
1787924645.255199,1.001934,-2.074348,1.557590,0.3782,0.0577
1787924645.261839,1.002223,-2.071996,1.558001,0.3712,0.0577
1787924645.269423,1.001968,-2.069560,1.557363,0.3560,0.0577
1787924645.276658,1.002177,-2.067183,1.557796,0.3479,0.0577
1787924645.281672,1.001804,-2.064790,1.556821,0.3864,0.0577
1787924645.289142,1.001859,-2.062284,1.555766,0.3711,0.0577
1787924645.295615,1.001818,-2.059709,1.554381,0.3791,0.0577
1787924645.302540,1.001651,-2.057357,1.553766,0.3671,0.0577
1787924645.310958,1.001687,-2.054625,1.553074,0.3543,0.0696
1787924645.316596,1.001185,-2.052160,1.551904,0.3787,0.0696
1787924645.323291,1.001288,-2.049541,1.551740,0.3825,0.0696
1787924645.328920,1.000778,-2.047082,1.550493,0.3982,0.0696
1787924645.335307,1.001080,-2.044535,1.550524,0.3987,0.0696
1787924645.342032,1.000718,-2.042014,1.549968,0.3912,0.0696
1787924645.347885,1.000689,-2.039503,1.549789,0.4024,0.0696
1787924645.355460,1.000592,-2.036868,1.549635,0.3860,0.0696
1787924645.361676,1.000728,-2.034521,1.549868,0.3836,0.0696
1787924645.371761,1.000362,-2.031821,1.549528,0.3486,0.0696
1787924645.375583,1.000785,-2.029696,1.550064,0.4114,0.0696
1787924645.381846,1.000216,-2.027136,1.549650,0.4100,0.0696
1787924645.389747,1.000570,-2.024826,1.549940,0.3750,0.0696
1787924645.396030,1.000177,-2.022077,1.549368,0.3933,0.0696
1787924645.402089,1.000294,-2.019961,1.549734,0.3802,0.0696
1787924645.408805,1.000307,-2.017586,1.549989,0.3722,0.0696
1787924645.417087,1.000579,-2.015158,1.550586,0.3487,0.1166
1787924645.422537,1.000319,-2.012950,1.549610,0.3653,0.1166
1787924645.427492,1.000202,-2.010763,1.549892,0.3880,0.1166
1787924645.437721,1.000275,-2.008275,1.549738,0.3446,0.1166
1787924645.442199,1.000108,-2.006349,1.549081,0.3700,0.1166
1787924645.447737,1.000369,-2.004117,1.549471,0.3801,0.1166
1787924645.455754,1.000193,-2.001698,1.549376,0.3564,0.1166
1787924645.462412,1.000458,-1.999720,1.549973,0.3389,0.1166
1787924645.470221,1.000395,-1.997081,1.550166,0.3385,0.1166
1787924645.475261,1.000467,-1.995058,1.550446,0.3574,0.1166
1787924645.485497,1.000525,-1.992573,1.550687,0.3231,0.1166
1787924645.489436,1.000071,-1.990474,1.549861,0.3852,0.1166
1787924645.495595,1.000504,-1.988053,1.550582,0.3880,0.1166
1787924645.502893,0.999732,-1.985622,1.549322,0.3708,0.1166
1787924645.508980,0.999801,-1.983311,1.549786,0.3735,0.1166
1787924645.516912,0.999217,-1.980614,1.548990,0.3630,0.1191
1787924645.523450,0.998645,-1.978190,1.548687,0.3647,0.1191
1787924645.529040,0.998867,-1.975635,1.549100,0.3926,0.1191
1787924645.535293,0.998361,-1.973448,1.549026,0.3792,0.1191
1787924645.541683,0.998738,-1.970917,1.549074,0.3846,0.1191
1787924645.547507,0.997940,-1.968420,1.548708,0.3969,0.1191
1787924645.555420,0.998234,-1.966264,1.548444,0.3598,0.1191
1787924645.561255,0.997866,-1.963516,1.548434,0.3927,0.1191
1787924645.569779,0.997888,-1.961568,1.547880,0.3434,0.1191
1787924645.576082,0.997707,-1.958960,1.548317,0.3643,0.1191
1787924645.583201,0.997662,-1.956924,1.548203,0.3408,0.1191
1787924645.588735,0.997802,-1.954484,1.548566,0.3709,0.1191
1787924645.596652,0.997272,-1.952131,1.548284,0.3483,0.1191
1787924645.602194,0.997408,-1.949924,1.548484,0.3635,0.1191
1787924645.609325,0.997487,-1.947454,1.548962,0.3584,0.1191
1787924645.615078,0.997225,-1.945383,1.548087,0.3585,0.1478
1787924645.622088,0.997453,-1.943088,1.549222,0.3494,0.1478
1787924645.630407,0.997427,-1.941002,1.549321,0.3197,0.1478
1787924645.635370,0.997410,-1.938667,1.548948,0.3649,0.1478
1787924645.643305,0.997351,-1.936451,1.549365,0.3391,0.1478
1787924645.649299,0.997131,-1.934251,1.548490,0.3473,0.1478
1787924645.655473,0.997640,-1.931968,1.549466,0.3545,0.1478
1787924645.662973,0.997440,-1.929763,1.549090,0.3362,0.1478
1787924645.668915,0.997195,-1.927435,1.548548,0.3525,0.1478
1787924645.678466,0.997624,-1.925170,1.549593,0.3182,0.1478
1787924645.682620,0.997182,-1.922964,1.549239,0.3813,0.1478
1787924645.693567,0.997396,-1.920429,1.549292,0.3365,0.1478
1787924645.696558,0.997122,-1.918109,1.549837,0.4675,0.1478
1787924645.701859,0.997385,-1.915921,1.549664,0.4514,0.1478
1787924645.709709,0.997229,-1.913504,1.550108,0.4082,0.1540
1787924645.716686,0.997433,-1.911098,1.550457,0.3893,0.1540
1787924645.721911,0.997454,-1.908773,1.550971,0.4060,0.1540
1787924645.729229,0.997587,-1.906346,1.551583,0.3838,0.1540
1787924645.734716,0.997746,-1.904231,1.551739,0.3844,0.1540
1787924645.744279,0.997790,-1.901818,1.552780,0.3448,0.1540
1787924645.746139,0.997988,-1.899635,1.552583,0.5940,0.1540
1787924645.755050,0.997563,-1.897276,1.552523,0.4949,0.1540
1787924645.760949,0.997991,-1.895013,1.553162,0.4619,0.1540
1787924645.768729,0.997547,-1.892684,1.552525,0.4128,0.1540
1787924645.776097,0.998007,-1.890467,1.553312,0.3796,0.1540
1787924645.782244,0.997539,-1.888169,1.552295,0.3774,0.1540
1787924645.791480,0.997632,-1.886105,1.552925,0.3312,0.1540
1787924645.796158,0.997586,-1.883694,1.552515,0.3864,0.1540
1787924645.803876,0.997302,-1.881484,1.552496,0.3562,0.1540
1787924645.808386,0.997643,-1.879112,1.553242,0.4075,0.1540
1787924645.816283,0.996798,-1.877032,1.551793,0.3636,0.1641
1787924645.824252,0.997460,-1.874674,1.553255,0.3438,0.1641
1787924645.830426,0.996891,-1.872626,1.552196,0.3396,0.1641
1787924645.835949,0.997158,-1.870353,1.553057,0.3614,0.1641
1787924645.841789,0.997301,-1.868035,1.553591,0.3722,0.1641
1787924645.849047,0.996708,-1.866072,1.552649,0.3412,0.1641
1787924645.855123,0.997378,-1.863509,1.554283,0.3659,0.1641
1787924645.861378,0.996942,-1.861427,1.553981,0.3556,0.1641
1787924645.868348,0.997136,-1.859117,1.554885,0.3485,0.1641
1787924645.875865,0.997224,-1.856686,1.555517,0.3410,0.1641
1787924645.881901,0.996962,-1.854472,1.555145,0.3485,0.1641
1787924645.888166,0.996938,-1.851934,1.555787,0.3655,0.1641
1787924645.895477,0.996826,-1.849694,1.555349,0.3477,0.1641
1787924645.901769,0.996942,-1.847273,1.556590,0.3589,0.1641
1787924645.909961,0.996825,-1.845026,1.556301,0.3334,0.1641
1787924645.915709,0.996697,-1.842497,1.557304,0.3653,0.1831
1787924645.921787,0.996768,-1.840224,1.557721,0.3679,0.1831
1787924645.932481,0.996699,-1.837728,1.558307,0.3275,0.1831
1787924645.937024,0.996741,-1.835587,1.558706,0.3707,0.1831
1787924645.942246,0.996792,-1.833086,1.559459,0.4031,0.1831
1787924645.948239,0.996782,-1.830893,1.559519,0.3920,0.1831
1787924645.955199,0.996898,-1.828542,1.559967,0.3758,0.1831
1787924645.962445,0.996977,-1.826244,1.560502,0.3582,0.1831
1787924645.968313,0.996697,-1.823863,1.560047,0.3723,0.1831
1787924645.974927,0.996753,-1.821502,1.560659,0.3677,0.1831
1787924645.982729,0.996558,-1.819172,1.560617,0.3469,0.1831
1787924645.988028,0.996744,-1.816906,1.561655,0.3712,0.1831
1787924645.995303,0.996483,-1.814615,1.560854,0.3542,0.1831
1787924646.004351,0.996359,-1.812189,1.561800,0.3284,0.1831
1787924646.009945,0.996169,-1.810025,1.561332,0.3458,0.1831
1787924646.015001,0.996375,-1.807584,1.562493,0.3870,0.1850
1787924646.022567,0.996187,-1.805524,1.562107,0.3525,0.1850
1787924646.029147,0.996187,-1.803060,1.562806,0.3591,0.1850
1787924646.035867,0.996086,-1.800933,1.562565,0.3463,0.1850
1787924646.043432,0.996151,-1.798712,1.563109,0.3305,0.1850
1787924646.054866,0.996225,-1.796199,1.563948,0.2973,0.1850
1787924646.057384,0.996361,-1.794148,1.564414,0.4526,0.1850
1787924646.062699,0.996269,-1.791748,1.565367,0.4522,0.1850
1787924646.069144,0.996206,-1.789400,1.565298,0.4258,0.1850
1787924646.076907,0.996077,-1.787129,1.565748,0.3858,0.1850
1787924646.081329,0.996158,-1.784553,1.566177,0.4448,0.1850
1787924646.089586,0.995856,-1.782333,1.565942,0.3920,0.1850
1787924646.097299,0.995930,-1.779877,1.566254,0.3699,0.1850
1787924646.102791,0.995979,-1.777651,1.566797,0.3805,0.1850
1787924646.109797,0.995795,-1.775134,1.567443,0.3741,0.1850
1787924646.116216,0.995379,-1.772921,1.566910,0.3652,0.1862
1787924646.121882,0.995469,-1.770321,1.567910,0.3934,0.1862
1787924646.129011,0.995114,-1.767968,1.567369,0.3743,0.1862
1787924646.136893,0.995507,-1.765784,1.568396,0.3452,0.1862
1787924646.138227,0.995130,-1.763349,1.568155,0.7887,0.1862
1787924646.147257,0.995255,-1.761177,1.569139,0.6243,0.1862
1787924646.154441,0.995019,-1.758809,1.568829,0.5358,0.1862
1787924646.161558,0.994885,-1.756785,1.569426,0.4604,0.1862
1787924646.170028,0.995121,-1.754399,1.569905,0.4068,0.1862
1787924646.172039,0.995908,-1.752017,1.571995,0.6400,0.1862
1787924646.181538,0.995946,-1.749727,1.572521,0.5204,0.1862
1787924646.188682,0.995588,-1.747437,1.572354,0.4604,0.1862
1787924646.195904,0.996090,-1.745090,1.574054,0.4197,0.1862
1787924646.203311,0.995687,-1.742772,1.573991,0.3877,0.1862
1787924646.208995,0.995617,-1.740519,1.574600,0.3904,0.1862
1787924646.216840,0.995419,-1.738174,1.574779,0.3630,0.1959
1787924646.221990,0.995547,-1.735930,1.575551,0.3847,0.1959
1787924646.229246,0.995505,-1.733679,1.575788,0.3624,0.1959
1787924646.235029,0.994903,-1.731362,1.575224,0.3740,0.1959
1787924646.244736,0.995312,-1.729083,1.576403,0.3322,0.1959
1787924646.248315,0.994963,-1.726802,1.576749,0.4239,0.1959
1787924646.256342,0.995311,-1.724379,1.577703,0.3872,0.1959
1787924646.262143,0.996580,-1.721807,1.580703,0.4034,0.1959
1787924646.268096,0.996601,-1.719543,1.581393,0.3964,0.1959
1787924646.275094,0.996699,-1.717043,1.581975,0.3846,0.1959
1787924646.281034,0.996325,-1.714665,1.581814,0.3896,0.1959
1787924646.289576,0.996144,-1.712306,1.581665,0.3556,0.1959
1787924646.294896,0.995722,-1.709853,1.582112,0.3875,0.1959
1787924646.302522,0.995536,-1.707302,1.582328,0.3717,0.1959
1787924646.308722,0.994820,-1.705033,1.582051,0.3704,0.1959
1787924646.315758,0.994547,-1.702761,1.582072,0.3563,0.1951
1787924646.322415,0.994232,-1.700337,1.582405,0.3588,0.1951
1787924646.328903,0.993281,-1.697842,1.580863,0.3669,0.1951
1787924646.335614,0.992970,-1.695697,1.581358,0.3529,0.1951
1787924646.342837,0.992480,-1.693315,1.580750,0.3461,0.1951
1787924646.348190,0.991790,-1.691119,1.580455,0.3657,0.1951
1787924646.358351,0.992062,-1.688951,1.581335,0.3199,0.1951
1787924646.364605,0.991511,-1.686674,1.581229,0.3335,0.1951
1787924646.372252,0.991945,-1.684547,1.582712,0.3167,0.1951
1787924646.376201,0.991080,-1.682397,1.581468,0.3857,0.1951
1787924646.382294,0.991043,-1.680310,1.582223,0.3727,0.1951
1787924646.389213,0.991483,-1.678444,1.583425,0.3416,0.1951
1787924646.395870,0.991196,-1.676227,1.583347,0.3392,0.1951
1787924646.404133,0.990991,-1.673961,1.583901,0.3198,0.1951
1787924646.412191,0.991211,-1.671881,1.585122,0.3012,0.1925
1787924646.416003,0.991056,-1.669564,1.585703,0.3933,0.1925
1787924646.422018,0.990574,-1.667618,1.585215,0.3727,0.1925
1787924646.428153,0.990736,-1.665417,1.586846,0.3684,0.1925
1787924646.436357,0.990089,-1.663164,1.586207,0.3406,0.1925
1787924646.442951,0.990582,-1.660945,1.588298,0.3390,0.1925
1787924646.450492,0.990202,-1.658601,1.588282,0.3308,0.1925
1787924646.454838,0.990293,-1.656460,1.589354,0.3792,0.1925
1787924646.463235,0.989970,-1.654306,1.589567,0.3426,0.1925
1787924646.469560,0.989915,-1.652130,1.590063,0.3431,0.1925
1787924646.475531,0.989848,-1.649933,1.590741,0.3506,0.1925
1787924646.483175,0.991358,-1.647815,1.594629,0.3271,0.1925
1787924646.489552,0.990849,-1.645720,1.594624,0.3280,0.1925
1787924646.495753,0.990244,-1.643098,1.594346,0.3572,0.1925
1787924646.501715,0.989617,-1.640834,1.594245,0.3647,0.1925
1787924646.508496,0.989552,-1.638306,1.595317,0.3671,0.1925
1787924646.514961,0.989215,-1.636184,1.595770,0.3558,0.1875
1787924646.521352,0.988873,-1.633663,1.595894,0.3678,0.1875
1787924646.529127,0.988445,-1.631644,1.596128,0.3357,0.1875
1787924646.535111,0.988065,-1.629194,1.596241,0.3583,0.1875
1787924646.545411,0.987774,-1.627029,1.596713,0.3141,0.1875
1787924646.548708,0.987807,-1.624794,1.597050,0.4231,0.1875
1787924646.555056,0.987162,-1.622578,1.596736,0.4016,0.1875
1787924646.563828,0.987522,-1.620541,1.598136,0.3504,0.1875
1787924646.568508,0.987196,-1.618346,1.598500,0.3865,0.1875
1787924646.575324,0.987078,-1.616290,1.599170,0.3612,0.1875
1787924646.580739,0.987372,-1.614181,1.600475,0.3691,0.1875
1787924646.587872,0.986787,-1.611865,1.600020,0.3565,0.1875
1787924646.595904,0.986810,-1.609869,1.600479,0.3240,0.1875
1787924646.601245,0.986724,-1.607539,1.601164,0.3578,0.1875
1787924646.609517,0.986216,-1.605401,1.600564,0.3285,0.1875
1787924646.615346,0.986459,-1.603169,1.602219,0.3444,0.1796
1787924646.621908,0.986027,-1.600989,1.601823,0.3413,0.1796
1787924646.629202,0.986222,-1.598755,1.602778,0.3305,0.1796
1787924646.636105,0.985712,-1.596587,1.602656,0.3262,0.1796
1787924646.640803,0.985531,-1.594408,1.602985,0.3677,0.1796
1787924646.644161,0.985681,-1.592039,1.604112,0.4686,0.1796
1787924646.654830,0.985265,-1.589816,1.603865,0.3909,0.1796
1787924646.664580,0.985343,-1.587641,1.604533,0.3404,0.1796
1787924646.669305,0.985174,-1.585364,1.604840,0.3831,0.1796
1787924646.674846,0.984956,-1.583255,1.605028,0.3827,0.1796
1787924646.681683,0.985117,-1.580956,1.606098,0.3685,0.1796
1787924646.688669,0.984726,-1.578842,1.606026,0.3493,0.1796
1787924646.695457,0.984964,-1.576442,1.607354,0.3501,0.1796
1787924646.706038,0.984398,-1.574111,1.607218,0.3117,0.1796
1787924646.708468,0.984494,-1.572058,1.608357,0.4710,0.1796
1787924646.715701,0.984455,-1.569735,1.608949,0.4261,0.1797
1787924646.722619,0.983946,-1.567606,1.608797,0.3913,0.1797
1787924646.729845,0.984239,-1.565225,1.610037,0.3722,0.1797
1787924646.735018,0.983873,-1.563058,1.609976,0.3870,0.1797
1787924646.742188,0.983567,-1.560978,1.610227,0.3583,0.1797
1787924646.748381,0.983508,-1.558773,1.610623,0.3577,0.1797
1787924646.757604,0.983313,-1.556822,1.610893,0.3141,0.1797
1787924646.762560,0.983252,-1.554600,1.611699,0.3543,0.1797
1787924646.768375,0.982905,-1.552506,1.611532,0.3567,0.1797
1787924646.775916,0.982981,-1.550487,1.612423,0.3298,0.1797
1787924646.781755,0.982770,-1.548209,1.612937,0.3483,0.1797
1787924646.789176,0.982551,-1.546151,1.613013,0.3273,0.1797
1787924646.798112,0.982463,-1.543987,1.613900,0.3018,0.1797
1787924646.801331,0.981977,-1.541966,1.613302,0.4014,0.1797
1787924646.808589,0.981957,-1.539879,1.614376,0.3672,0.1797
1787924646.815746,0.981852,-1.537535,1.614734,0.3554,0.1716
1787924646.822367,0.981379,-1.535603,1.614413,0.3372,0.1716
1787924646.830804,0.981324,-1.533301,1.615437,0.3179,0.1716
1787924646.835600,0.981035,-1.531366,1.615583,0.3442,0.1716
1787924646.843704,0.980632,-1.528924,1.614355,0.3319,0.1716
1787924646.849029,0.980322,-1.526680,1.614950,0.3594,0.1716
1787924646.858577,0.980248,-1.524653,1.615981,0.3153,0.1716
1787924646.861471,0.980311,-1.522330,1.616788,0.4610,0.1716
1787924646.870005,0.980092,-1.520313,1.617477,0.3939,0.1716
1787924646.876011,0.979650,-1.517903,1.617324,0.3970,0.1716
1787924646.881604,0.979794,-1.515840,1.618400,0.3881,0.1716
1787924646.889935,0.979246,-1.513627,1.618492,0.3522,0.1716
1787924646.894879,0.979312,-1.511299,1.619521,0.3875,0.1716
1787924646.903136,0.978892,-1.509118,1.619750,0.3511,0.1716
1787924646.908470,0.979036,-1.506842,1.621089,0.3732,0.1716
1787924646.917027,0.978569,-1.504678,1.621667,0.3379,0.1644
1787924646.925289,0.978721,-1.502319,1.622581,0.3218,0.1644
1787924646.929528,0.978772,-1.500055,1.623888,0.3850,0.1644
1787924646.934221,0.978363,-1.497832,1.623768,0.4128,0.1644
1787924646.942227,0.978251,-1.495599,1.624830,0.3728,0.1644
1787924646.947156,0.977925,-1.493464,1.624673,0.3917,0.1644
1787924646.957320,0.977689,-1.491411,1.625267,0.3351,0.1644
1787924646.962001,0.977582,-1.489132,1.625757,0.3808,0.1644
1787924646.972576,0.977330,-1.487011,1.625999,0.3270,0.1644
1787924646.974977,0.976929,-1.484834,1.626302,0.5034,0.1644
1787924646.981323,0.976834,-1.482805,1.626932,0.4484,0.1644
1787924646.988048,0.976694,-1.480640,1.627792,0.4106,0.1644
1787924646.994853,0.976177,-1.478300,1.627582,0.3917,0.1644
1787924647.001425,0.976430,-1.476430,1.628355,0.3588,0.1644
1787924647.009670,0.975973,-1.474014,1.628248,0.3399,0.1644
1787924647.015553,0.975882,-1.472005,1.629015,0.3404,0.1607
1787924647.021215,0.975535,-1.469743,1.628924,0.3590,0.1607
1787924647.027328,0.975266,-1.467543,1.629587,0.3599,0.1607
1787924647.035895,0.975231,-1.465470,1.629885,0.3245,0.1607
1787924647.041955,0.974575,-1.463046,1.629713,0.3488,0.1607
1787924647.047228,0.974872,-1.461043,1.630624,0.3569,0.1607
1787924647.053293,0.974416,-1.458572,1.630529,0.3732,0.1607
1787924647.063708,0.974306,-1.456457,1.631009,0.3222,0.1607
1787924647.069890,0.974431,-1.454205,1.632062,0.3343,0.1607
1787924647.077069,0.973753,-1.451907,1.631398,0.3316,0.1607
1787924647.082788,0.973979,-1.449840,1.632495,0.3396,0.1607
1787924647.088053,0.973344,-1.447444,1.632046,0.3762,0.1607
1787924647.095351,0.973157,-1.445316,1.632316,0.3511,0.1607
1787924647.102722,0.973233,-1.442927,1.633193,0.3426,0.1607
1787924647.109078,0.972824,-1.440746,1.633249,0.3438,0.1607
1787924647.116400,0.972609,-1.438658,1.633468,0.3266,0.1480
1787924647.122120,0.972618,-1.436189,1.634273,0.3578,0.1480
1787924647.129248,0.972216,-1.434240,1.633965,0.3334,0.1480
1787924647.135843,0.972171,-1.431855,1.634687,0.3418,0.1480
1787924647.142357,0.971765,-1.429810,1.634609,0.3344,0.1480
1787924647.147673,0.971850,-1.427525,1.635815,0.3625,0.1480
1787924647.154470,0.971684,-1.425422,1.635655,0.3468,0.1480
1787924647.163281,0.971331,-1.423336,1.636247,0.3144,0.1480
1787924647.169137,0.971146,-1.421095,1.636397,0.3353,0.1480
1787924647.178038,0.970348,-1.418885,1.635582,0.3108,0.1480
1787924647.181894,0.970858,-1.416921,1.637323,0.3674,0.1480
1787924647.188937,0.970250,-1.414638,1.636687,0.3559,0.1480
1787924647.195291,0.969925,-1.412556,1.636872,0.3482,0.1480
1787924647.202787,0.970058,-1.410439,1.637817,0.3279,0.1480
1787924647.209118,0.969451,-1.408131,1.637496,0.3406,0.1480
1787924647.215501,0.969662,-1.406010,1.638723,0.3372,0.1456
1787924647.223939,0.969204,-1.403744,1.638415,0.3175,0.1456
1787924647.228883,0.969283,-1.401482,1.639655,0.3589,0.1456
1787924647.236096,0.968918,-1.399440,1.639225,0.3370,0.1456
1787924647.241843,0.968575,-1.397134,1.639814,0.3572,0.1456
1787924647.248702,0.968535,-1.394833,1.640089,0.3506,0.1456
1787924647.254848,0.967981,-1.392366,1.639989,0.3674,0.1456
1787924647.261588,0.968234,-1.390033,1.641119,0.3600,0.1456
1787924647.268959,0.967879,-1.387896,1.641207,0.3398,0.1456
1787924647.275197,0.967176,-1.385367,1.640919,0.3615,0.1456
1787924647.282124,0.967009,-1.383210,1.641448,0.3468,0.1456
1787924647.289848,0.966522,-1.380866,1.641249,0.3349,0.1456
1787924647.294774,0.966393,-1.378434,1.641834,0.3827,0.1456
1787924647.302016,0.966200,-1.376312,1.642291,0.3562,0.1456
1787924647.310748,0.965851,-1.373770,1.641838,0.3373,0.1456
1787924647.316349,0.965544,-1.371488,1.642496,0.3592,0.1434
1787924647.323685,0.965260,-1.369234,1.642506,0.3442,0.1434
1787924647.329034,0.964707,-1.366860,1.642295,0.3760,0.1434
1787924647.335562,0.964466,-1.364746,1.642698,0.3609,0.1434
1787924647.343910,0.964008,-1.362440,1.642358,0.3364,0.1434
1787924647.348916,0.963776,-1.360227,1.642864,0.3688,0.1434
1787924647.354452,0.963089,-1.358172,1.642291,0.3719,0.1434
1787924647.361355,0.962978,-1.355928,1.643144,0.3579,0.1434
1787924647.370628,0.962557,-1.354006,1.642836,0.3135,0.1434
1787924647.375015,0.962178,-1.351853,1.642751,0.3682,0.1434
1787924647.384667,0.961905,-1.349959,1.643257,0.3170,0.1434
1787924647.388590,0.961922,-1.347954,1.643990,0.3748,0.1434
1787924647.395655,0.961573,-1.345758,1.644061,0.3564,0.1434
1787924647.402011,0.961073,-1.343777,1.644331,0.3445,0.1434
1787924647.410378,0.961016,-1.341635,1.644620,0.3179,0.1434
1787924647.414719,0.960551,-1.339543,1.644814,0.3691,0.1254
1787924647.422196,0.960271,-1.337465,1.645307,0.3424,0.1254
1787924647.429328,0.960096,-1.335284,1.646021,0.3317,0.1254
1787924647.436396,0.960003,-1.333100,1.647092,0.3249,0.1254
1787924647.438840,0.959694,-1.330947,1.647407,0.4939,0.1254
1787924647.449289,0.959332,-1.328869,1.647890,0.4060,0.1254
1787924647.454382,0.959225,-1.326608,1.648588,0.4175,0.1254
1787924647.461840,0.959007,-1.324476,1.649057,0.3784,0.1254
1787924647.467635,0.958817,-1.322328,1.649426,0.3765,0.1254
1787924647.473873,0.958679,-1.319815,1.650426,0.3846,0.1254
1787924647.484004,0.958478,-1.317794,1.650429,0.3293,0.1254
1787924647.488746,0.957929,-1.315533,1.650269,0.3759,0.1254
1787924647.494985,0.957718,-1.313248,1.650556,0.3734,0.1254
1787924647.502378,0.957295,-1.311066,1.650762,0.3510,0.1254
1787924647.507780,0.957248,-1.308750,1.651165,0.3742,0.1254
1787924647.514859,0.956982,-1.306670,1.651883,0.3507,0.1195
1787924647.522271,0.956824,-1.304504,1.652417,0.3334,0.1195
1787924647.529445,0.956592,-1.302278,1.652607,0.3269,0.1195
1787924647.534894,0.956092,-1.300363,1.652589,0.3362,0.1195
1787924647.542780,0.956150,-1.298026,1.653357,0.3238,0.1195
1787924647.548077,0.955676,-1.296293,1.653195,0.3266,0.1195
1787924647.555183,0.955481,-1.293786,1.653704,0.3348,0.1195
1787924647.561756,0.955367,-1.291773,1.654333,0.3263,0.1195
1787924647.571855,0.954920,-1.289867,1.654284,0.2860,0.1195
1787924647.576226,0.954637,-1.287403,1.654565,0.3703,0.1195
1787924647.586368,0.954537,-1.285524,1.655393,0.3149,0.1195
1787924647.589534,0.954206,-1.283437,1.655769,0.4202,0.1195
1787924647.595446,0.953973,-1.281233,1.656171,0.4066,0.1195
1787924647.602726,0.953834,-1.279192,1.656346,0.3689,0.1195
1787924647.609960,0.953398,-1.277095,1.656121,0.3464,0.1195
1787924647.617383,0.953021,-1.274968,1.656223,0.3294,0.1139
1787924647.623503,0.953179,-1.272790,1.656870,0.3363,0.1139
1787924647.627984,0.952508,-1.270588,1.656764,0.3862,0.1139
1787924647.636578,0.952755,-1.268394,1.657481,0.3459,0.1139
1787924647.642547,0.952328,-1.266146,1.657544,0.3565,0.1139
1787924647.651983,0.951827,-1.264147,1.657353,0.3143,0.1139
1787924647.655612,0.951788,-1.261824,1.657916,0.4116,0.1139
1787924647.658082,0.951306,-1.259664,1.657911,0.5545,0.1139
1787924647.668692,0.951245,-1.257302,1.658615,0.4549,0.1139
1787924647.674686,0.950884,-1.255286,1.658432,0.4204,0.1139
1787924647.682343,0.950967,-1.252933,1.659309,0.3859,0.1139
1787924647.690032,0.950827,-1.250842,1.659689,0.3518,0.1139
1787924647.694255,0.950284,-1.248548,1.659209,0.4121,0.1139
1787924647.704272,0.950376,-1.246357,1.660134,0.3536,0.1139
1787924647.708630,0.949902,-1.244139,1.660039,0.4024,0.1014
1787924647.715435,0.949574,-1.242044,1.660253,0.3750,0.1014
1787924647.723593,0.949838,-1.239844,1.661309,0.3422,0.1014
1787924647.728748,0.949203,-1.237744,1.661317,0.3646,0.1014
1787924647.736393,0.948903,-1.235552,1.661133,0.3419,0.1014
1787924647.741302,0.948887,-1.233405,1.661730,0.3701,0.1014
1787924647.748558,0.948117,-1.231125,1.661193,0.3558,0.1014
1787924647.754838,0.948342,-1.229259,1.661995,0.3369,0.1014
1787924647.763169,0.948081,-1.227114,1.662426,0.3136,0.1014
1787924647.771158,0.947841,-1.224947,1.662531,0.3014,0.1014
1787924647.775616,0.947720,-1.223002,1.662864,0.3420,0.1014
1787924647.782386,0.946875,-1.220750,1.661938,0.3422,0.1014
1787924647.791134,0.947119,-1.218794,1.662949,0.3056,0.1014
1787924647.795503,0.946637,-1.216840,1.662774,0.3505,0.1014
1787924647.802096,0.946423,-1.214655,1.663271,0.3453,0.1014
1787924647.807641,0.945877,-1.212759,1.662712,0.3466,0.1014
1787924647.815006,0.945441,-1.210558,1.662832,0.3335,0.1009
1787924647.823225,0.945723,-1.208453,1.663738,0.3090,0.1009
1787924647.830086,0.944800,-1.206267,1.662800,0.3152,0.1009
1787924647.832914,0.944696,-1.204186,1.663310,0.4415,0.1009
1787924647.841178,0.944797,-1.202162,1.664474,0.3819,0.1009
1787924647.847848,0.944337,-1.199854,1.664300,0.3726,0.1009
1787924647.857466,0.944120,-1.197792,1.665193,0.3255,0.1009
1787924647.864425,0.943983,-1.195617,1.665377,0.3217,0.1009
1787924647.869168,0.943571,-1.193177,1.665537,0.3813,0.1009
1787924647.878064,0.943205,-1.191321,1.665504,0.3304,0.1009
1787924647.883428,0.942958,-1.188888,1.665697,0.3681,0.1009
1787924647.887950,0.942635,-1.186916,1.666176,0.3899,0.1009
1787924647.895612,0.942197,-1.184644,1.666106,0.3631,0.1009
1787924647.902394,0.941956,-1.182312,1.666508,0.3579,0.1009
1787924647.908321,0.941549,-1.180370,1.666439,0.3503,0.1009
1787924647.915185,0.941649,-1.178054,1.667474,0.3456,0.0956
1787924647.925142,0.940897,-1.175919,1.666879,0.3081,0.0956
1787924647.931923,0.940927,-1.173731,1.667757,0.3119,0.0956
1787924647.935737,0.940702,-1.171572,1.668174,0.3891,0.0956
1787924647.942857,0.940362,-1.169504,1.668200,0.3605,0.0956
1787924647.951658,0.940296,-1.167230,1.669028,0.3297,0.0956
1787924647.954771,0.939718,-1.165240,1.668204,0.4271,0.0956
1787924647.961370,0.939078,-1.163144,1.668267,0.3966,0.0956
1787924647.969961,0.939192,-1.160882,1.668950,0.3559,0.0956
1787924647.975458,0.938660,-1.158878,1.669161,0.3607,0.0956
1787924647.982683,0.938675,-1.156698,1.670257,0.3426,0.0956
1787924647.988784,0.938169,-1.154605,1.669840,0.3446,0.0956
1787924647.995871,0.938141,-1.152369,1.670560,0.3356,0.0956
1787924648.002642,0.937885,-1.150084,1.670685,0.3368,0.0956
1787924648.009480,0.937339,-1.148143,1.670487,0.3228,0.0956
1787924648.017550,0.937608,-1.145800,1.671560,0.3116,0.0799
1787924648.022928,0.936869,-1.143854,1.670964,0.3303,0.0799
1787924648.028784,0.936855,-1.141539,1.671331,0.3492,0.0799
1787924648.036513,0.936354,-1.139408,1.671248,0.3287,0.0799
1787924648.044223,0.936012,-1.137160,1.671369,0.3185,0.0799
1787924648.049226,0.935880,-1.135010,1.671731,0.3520,0.0799
1787924648.054509,0.935613,-1.132657,1.672015,0.3809,0.0799
1787924648.062078,0.935529,-1.130310,1.672542,0.3595,0.0799
1787924648.067738,0.934831,-1.128196,1.671719,0.3668,0.0799
1787924648.074669,0.934980,-1.125844,1.672647,0.3574,0.0799
1787924648.081641,0.934462,-1.123674,1.672505,0.3453,0.0799
1787924648.088344,0.934073,-1.121560,1.672107,0.3376,0.0799
1787924648.098413,0.933910,-1.119104,1.672770,0.3096,0.0799
1787924648.102780,0.933477,-1.117067,1.672097,0.3589,0.0799
1787924648.111011,0.933451,-1.114650,1.673173,0.3390,0.0799
1787924648.115850,0.933066,-1.112574,1.672769,0.3677,0.0782
1787924648.120961,0.933053,-1.110474,1.673877,0.3801,0.0782
1787924648.128307,0.932915,-1.108089,1.673951,0.3635,0.0782
1787924648.136286,0.932123,-1.105908,1.673273,0.3391,0.0782
1787924648.142146,0.931879,-1.103684,1.673217,0.3519,0.0782
1787924648.148398,0.931646,-1.101522,1.673655,0.3506,0.0782
1787924648.155066,0.931346,-1.099420,1.673330,0.3409,0.0782
1787924648.164391,0.931114,-1.097107,1.673811,0.3134,0.0782
1787924648.168795,0.930591,-1.095052,1.673185,0.3623,0.0782
1787924648.174489,0.930332,-1.092834,1.673229,0.3713,0.0782
1787924648.183398,0.930085,-1.090821,1.673563,0.3281,0.0782
1787924648.189918,0.929889,-1.088692,1.673718,0.3281,0.0782
1787924648.195430,0.929700,-1.086285,1.673866,0.3610,0.0782
1787924648.202822,0.929270,-1.084256,1.673744,0.3364,0.0782
1787924648.208464,0.928977,-1.082064,1.673800,0.3530,0.0777
1787924648.214132,0.928654,-1.079908,1.673917,0.3624,0.0777
1787924648.224392,0.928152,-1.077754,1.673521,0.3178,0.0777
1787924648.229591,0.928341,-1.075413,1.674484,0.3557,0.0777
1787924648.235149,0.927690,-1.073210,1.674100,0.3709,0.0777
1787924648.241685,0.927792,-1.070891,1.675006,0.3650,0.0777
1787924648.249265,0.927432,-1.068485,1.674908,0.3517,0.0777
1787924648.251532,0.926964,-1.066289,1.674556,0.5416,0.0777
1787924648.261561,0.926823,-1.063722,1.675150,0.4560,0.0777
1787924648.267841,0.926448,-1.061618,1.674947,0.4210,0.0777
1787924648.274578,0.925997,-1.059199,1.674513,0.4039,0.0777
1787924648.282293,0.925566,-1.056970,1.673953,0.3707,0.0777
1787924648.289227,0.925404,-1.054654,1.674434,0.3599,0.0777
1787924648.297929,0.925030,-1.052390,1.674448,0.3309,0.0777
1787924648.303230,0.924673,-1.050069,1.674173,0.3644,0.0777
1787924648.308394,0.924421,-1.047581,1.674454,0.4003,0.0777
1787924648.315192,0.923765,-1.045367,1.673987,0.3804,0.0685
1787924648.321054,0.923327,-1.043002,1.673742,0.3890,0.0685
1787924648.329154,0.923140,-1.040704,1.673882,0.3577,0.0685
1787924648.336206,0.922456,-1.038520,1.673345,0.3458,0.0685
1787924648.343161,0.922365,-1.036384,1.673757,0.3341,0.0685
1787924648.344736,0.921819,-1.033928,1.673377,0.7096,0.0685
1787924648.354964,0.921261,-1.031921,1.672852,0.5569,0.0685
1787924648.362372,0.920767,-1.029561,1.672785,0.4870,0.0685
1787924648.370084,0.920659,-1.027546,1.673161,0.4193,0.0685
1787924648.376575,0.920027,-1.025415,1.673248,0.3945,0.0685
1787924648.382603,0.919788,-1.023150,1.673414,0.3895,0.0685
1787924648.388971,0.919182,-1.021010,1.672795,0.3758,0.0685
1787924648.396601,0.918903,-1.018820,1.673122,0.3499,0.0685
1787924648.401166,0.918294,-1.016717,1.672880,0.3864,0.0685
1787924648.408035,0.917881,-1.014395,1.672726,0.3732,0.0685
1787924648.414847,0.918238,-1.012551,1.674482,0.3404,0.0626
1787924648.421928,0.917218,-1.010150,1.673194,0.3439,0.0626
1787924648.429476,0.916819,-1.008170,1.673250,0.3206,0.0626
1787924648.435141,0.916743,-1.005917,1.673767,0.3435,0.0626
1787924648.444007,0.915687,-1.003822,1.672918,0.3146,0.0626
1787924648.449682,0.916018,-1.001707,1.674157,0.3297,0.0626
1787924648.455303,0.914542,-0.999536,1.673702,0.3541,0.0626
1787924648.464775,0.914625,-0.997328,1.674371,0.3171,0.0626
1787924648.470418,0.914073,-0.995191,1.674459,0.3381,0.0626
1787924648.477039,0.913557,-0.992855,1.674392,0.3443,0.0626
1787924648.480872,0.913468,-0.990831,1.675474,0.3993,0.0626
1787924648.487644,0.912943,-0.988595,1.675161,0.3804,0.0626
1787924648.496948,0.912851,-0.986350,1.675908,0.3386,0.0626
1787924648.502837,0.912468,-0.984171,1.675936,0.3495,0.0626
1787924648.511359,0.911835,-0.982058,1.675771,0.3210,0.0626
1787924648.516346,0.911854,-0.979688,1.676683,0.3663,0.0505
1787924648.521426,0.911461,-0.977616,1.676946,0.3806,0.0505
1787924648.530075,0.911306,-0.975380,1.677538,0.3441,0.0505
1787924648.535783,0.911492,-0.973251,1.678680,0.3510,0.0505
1787924648.541686,0.910887,-0.971184,1.678485,0.3535,0.0505
1787924648.547885,0.910790,-0.969033,1.678892,0.3514,0.0505
1787924648.556996,0.910367,-0.966813,1.678628,0.3202,0.0505
1787924648.562073,0.909966,-0.964726,1.678473,0.3493,0.0505
1787924648.568151,0.910069,-0.962625,1.679133,0.3470,0.0505
1787924648.574373,0.909463,-0.960397,1.678708,0.3529,0.0505
1787924648.581918,0.909405,-0.958326,1.679240,0.3291,0.0505
1787924648.589509,0.909008,-0.955995,1.678773,0.3237,0.0505
1787924648.595608,0.908820,-0.954124,1.679198,0.3190,0.0505
1787924648.603227,0.907341,-0.951509,1.677438,0.3319,0.0505
1787924648.610513,0.907318,-0.949346,1.677956,0.3210,0.0505
1787924648.614655,0.906528,-0.947315,1.677137,0.3770,0.0398
1787924648.622843,0.906806,-0.944879,1.677959,0.3516,0.0398
1787924648.628985,0.905912,-0.942673,1.676897,0.3579,0.0398
1787924648.635190,0.905592,-0.940231,1.677742,0.3696,0.0398
1787924648.641767,0.905678,-0.938121,1.678328,0.3539,0.0398
1787924648.648978,0.905383,-0.935798,1.678297,0.3452,0.0398
1787924648.657131,0.904929,-0.933614,1.678257,0.3233,0.0398
1787924648.661985,0.905046,-0.931420,1.678710,0.3604,0.0398
1787924648.664959,0.904673,-0.929198,1.678634,0.4790,0.0398
1787924648.674078,0.904600,-0.926894,1.678956,0.4110,0.0398
1787924648.680809,0.903868,-0.924719,1.678160,0.3876,0.0398
1787924648.688563,0.903690,-0.922486,1.678376,0.3579,0.0398
1787924648.695667,0.903299,-0.920194,1.678193,0.3485,0.0398
1787924648.702289,0.903236,-0.918098,1.678355,0.3387,0.0398
1787924648.708646,0.902597,-0.915932,1.677910,0.3419,0.0398
1787924648.716737,0.902581,-0.913710,1.678318,0.3213,0.0385
1787924648.722882,0.902162,-0.911544,1.678122,0.3323,0.0385
1787924648.729120,0.901835,-0.909451,1.677983,0.3343,0.0385
1787924648.735314,0.901581,-0.907220,1.678376,0.3428,0.0385
1787924648.741639,0.901147,-0.905301,1.677860,0.3327,0.0385
1787924648.748741,0.901029,-0.902974,1.678132,0.3311,0.0385
1787924648.755007,0.900531,-0.900797,1.677723,0.3380,0.0385
1787924648.762608,0.900082,-0.898957,1.677154,0.3107,0.0385
1787924648.768249,0.899904,-0.896607,1.677577,0.3427,0.0385
1787924648.774131,0.900994,-0.893966,1.678107,0.3679,0.0385
1787924648.782014,0.900369,-0.891932,1.677587,0.3370,0.0385
1787924648.787669,0.900177,-0.889598,1.677239,0.3601,0.0385
1787924648.794347,0.900248,-0.887218,1.677206,0.3581,0.0385
1787924648.802043,0.900364,-0.885058,1.678060,0.3338,0.0385
1787924648.809421,0.899686,-0.882794,1.677383,0.3282,0.0385
1787924648.816750,0.899454,-0.880695,1.676938,0.3162,0.0462
1787924648.822182,0.899441,-0.878412,1.677983,0.3467,0.0462
1787924648.828220,0.898964,-0.876256,1.677218,0.3518,0.0462
1787924648.834893,0.898745,-0.874145,1.677242,0.3417,0.0462
1787924648.841419,0.898223,-0.871821,1.676710,0.3479,0.0462
1787924648.849263,0.897813,-0.869593,1.676566,0.3299,0.0462
1787924648.855928,0.898011,-0.867518,1.677037,0.3229,0.0462
1787924648.862202,0.897275,-0.865049,1.676266,0.3471,0.0462
1787924648.869369,0.897043,-0.862879,1.676694,0.3343,0.0462
1787924648.875599,0.897165,-0.860649,1.676874,0.3402,0.0462
1787924648.881101,0.896243,-0.858395,1.675606,0.3656,0.0462
1787924648.888841,0.896096,-0.856078,1.675904,0.3458,0.0462
1787924648.894343,0.896314,-0.853917,1.676672,0.3580,0.0462
1787924648.902464,0.895509,-0.851782,1.675398,0.3322,0.0462
1787924648.911709,0.895273,-0.849373,1.675669,0.3111,0.0462
1787924648.918710,0.895064,-0.847330,1.675486,0.3057,0.0442
1787924648.923579,0.894756,-0.845093,1.675844,0.3531,0.0442
1787924648.928234,0.894556,-0.842924,1.676006,0.3875,0.0442
1787924648.937080,0.893968,-0.840812,1.675534,0.3446,0.0442
1787924648.941329,0.894680,-0.839356,1.678221,0.3380,0.0442
1787924648.949804,0.894405,-0.837018,1.678099,0.3200,0.0442
1787924648.956525,0.893964,-0.835015,1.677835,0.3149,0.0442
1787924648.966648,0.894051,-0.832655,1.678328,0.2897,0.0442
1787924648.967865,0.893635,-0.830790,1.678149,0.6710,0.0442
1787924648.975104,0.893096,-0.828348,1.677634,0.5727,0.0442
1787924648.982401,0.893118,-0.826079,1.678070,0.4936,0.0442
1787924648.987850,0.893012,-0.824013,1.678595,0.4592,0.0442
1787924648.995728,0.892477,-0.821593,1.678239,0.4152,0.0442
1787924649.002259,0.892406,-0.819689,1.678576,0.3780,0.0442
1787924649.008954,0.891935,-0.817272,1.678228,0.3745,0.0442
1787924649.015412,0.891761,-0.814875,1.678103,0.3738,0.0425
1787924649.022415,0.891335,-0.812728,1.678090,0.3550,0.0425
1787924649.029778,0.891162,-0.810303,1.678106,0.3475,0.0425
1787924649.034865,0.890894,-0.807945,1.678305,0.3832,0.0425
1787924649.041852,0.890381,-0.805738,1.677674,0.3648,0.0425
1787924649.048980,0.890681,-0.803279,1.678676,0.3569,0.0425
1787924649.059267,0.889963,-0.801157,1.678506,0.3136,0.0425
1787924649.062770,0.889779,-0.798843,1.677869,0.4182,0.0425
1787924649.067773,0.889572,-0.796366,1.678226,0.4418,0.0425
1787924649.074168,0.889173,-0.794249,1.677753,0.4100,0.0425
1787924649.082358,0.889004,-0.791918,1.677747,0.3726,0.0425
1787924649.088536,0.888612,-0.789597,1.677634,0.3749,0.0425
1787924649.095612,0.888123,-0.787349,1.676795,0.3594,0.0425
1787924649.102219,0.888013,-0.785029,1.677083,0.3569,0.0425
1787924649.112066,0.887512,-0.782785,1.676518,0.3194,0.0425
1787924649.115946,0.887414,-0.780513,1.676885,0.3990,0.0462
1787924649.124068,0.887085,-0.778043,1.676750,0.3713,0.0462
1787924649.128741,0.886703,-0.775852,1.676574,0.4024,0.0462
1787924649.134874,0.886470,-0.773624,1.676376,0.3912,0.0462
1787924649.143566,0.886060,-0.771525,1.675845,0.3474,0.0462
1787924649.148782,0.885757,-0.769234,1.675999,0.3760,0.0462
1787924649.156663,0.885298,-0.767053,1.675257,0.3476,0.0462
1787924649.162205,0.885035,-0.764733,1.675681,0.3697,0.0462
1787924649.168764,0.884890,-0.762513,1.675308,0.3605,0.0462
1787924649.175164,0.884740,-0.760315,1.676009,0.3556,0.0462
1787924649.181432,0.884233,-0.758136,1.675529,0.3551,0.0462
1787924649.188566,0.884353,-0.755595,1.676306,0.3543,0.0462
1787924649.194388,0.883793,-0.753395,1.675444,0.3638,0.0462
1787924649.203588,0.883404,-0.751129,1.675367,0.3295,0.0462
1787924649.208660,0.883465,-0.748931,1.675801,0.3595,0.0462
1787924649.214510,0.882890,-0.746708,1.674767,0.3681,0.0446
1787924649.224655,0.882623,-0.744275,1.675026,0.3301,0.0446
1787924649.229328,0.882038,-0.741976,1.674229,0.3817,0.0446
1787924649.234887,0.882057,-0.739752,1.675208,0.3865,0.0446
1787924649.241091,0.881532,-0.737255,1.673936,0.3932,0.0446
1787924649.250160,0.881341,-0.734950,1.674719,0.3518,0.0446
1787924649.255588,0.881190,-0.732640,1.675050,0.3741,0.0446
1787924649.261962,0.880564,-0.730028,1.673858,0.3872,0.0446
1787924649.267238,0.880841,-0.727822,1.674718,0.3941,0.0446
1787924649.276348,0.880116,-0.725452,1.673932,0.3560,0.0446
1787924649.285367,0.879330,-0.722997,1.672689,0.3331,0.0446
1787924649.288719,0.879449,-0.720695,1.672954,0.4370,0.0446
1787924649.296183,0.879005,-0.718444,1.672575,0.3977,0.0446
1787924649.301435,0.878410,-0.716050,1.672098,0.4179,0.0446
1787924649.310738,0.878370,-0.713725,1.672754,0.3673,0.0446
1787924649.316741,0.877781,-0.711305,1.672124,0.3804,0.0481
1787924649.318389,0.877583,-0.708903,1.672033,0.7051,0.0481
1787924649.328468,0.877055,-0.706753,1.671318,0.5588,0.0481
1787924649.334568,0.876534,-0.704153,1.670910,0.5210,0.0481
1787924649.343018,0.876575,-0.702100,1.671297,0.4370,0.0481
1787924649.348892,0.875596,-0.700019,1.669657,0.4166,0.0481
1787924649.355457,0.875547,-0.697405,1.670670,0.4107,0.0481
1787924649.364572,0.875269,-0.695500,1.670189,0.3508,0.0481
1787924649.369439,0.874847,-0.693088,1.670580,0.3961,0.0481
1787924649.374482,0.875065,-0.690892,1.671460,0.4059,0.0481
1787924649.381517,0.874024,-0.688616,1.670067,0.3851,0.0481
1787924649.387560,0.874015,-0.686414,1.670347,0.3784,0.0481
1787924649.395306,0.873514,-0.684287,1.670521,0.3488,0.0481
1787924649.403251,0.873023,-0.681952,1.669838,0.3337,0.0481
1787924649.409508,0.873030,-0.679693,1.670764,0.3414,0.0481
1787924649.414535,0.872617,-0.677608,1.671063,0.3652,0.0464
1787924649.423947,0.872251,-0.675133,1.670538,0.3353,0.0464
1787924649.430532,0.872105,-0.672902,1.671022,0.3365,0.0464
1787924649.434488,0.871640,-0.670739,1.670336,0.4023,0.0464
1787924649.450847,0.871369,-0.668542,1.671100,0.3222,0.0464
1787924649.455064,0.870873,-0.666335,1.670513,0.3853,0.0464
1787924649.456434,0.870657,-0.664004,1.670947,0.7824,0.0464
1787924649.463893,0.870305,-0.661861,1.670832,0.6348,0.0464
1787924649.476869,0.870127,-0.659547,1.671044,0.4980,0.0464
1787924649.478282,0.869885,-0.657059,1.671154,0.8792,0.0464
1787924649.484860,0.869317,-0.655092,1.670803,0.7074,0.0464
1787924649.488727,0.869511,-0.652942,1.671349,0.6595,0.0464
1787924649.495305,0.868760,-0.650529,1.670589,0.5746,0.0464
1787924649.501577,0.868568,-0.648424,1.670987,0.5033,0.0464
1787924649.508640,0.868354,-0.646250,1.671069,0.4451,0.0464
1787924649.516697,0.867711,-0.643834,1.671026,0.4035,0.0412
1787924649.522124,0.867806,-0.641576,1.671916,0.4061,0.0412
1787924649.531787,0.867274,-0.639353,1.671609,0.3546,0.0412
1787924649.535484,0.867261,-0.637007,1.672226,0.4377,0.0412
1787924649.542561,0.866972,-0.634745,1.672263,0.4030,0.0412
1787924649.547997,0.866175,-0.632734,1.671630,0.3969,0.0412
1787924649.555395,0.866293,-0.630352,1.672277,0.3735,0.0412
1787924649.563833,0.865599,-0.628138,1.671293,0.3422,0.0412
1787924649.569354,0.865242,-0.626124,1.671433,0.3504,0.0412
1787924649.574632,0.865553,-0.623723,1.672308,0.3793,0.0412
1787924649.581765,0.865095,-0.621662,1.672388,0.3537,0.0412
1787924649.587397,0.864613,-0.619271,1.671994,0.3769,0.0412
1787924649.595246,0.865170,-0.617010,1.673115,0.3476,0.0412
1787924649.601083,0.864310,-0.614911,1.672622,0.3551,0.0412
1787924649.608795,0.864212,-0.612645,1.672570,0.3367,0.0412
1787924649.619536,0.863961,-0.610182,1.672418,0.3048,0.0380
1787924649.623656,0.863218,-0.608011,1.671670,0.3761,0.0380
1787924649.629938,0.863326,-0.605811,1.672365,0.3672,0.0380
1787924649.636010,0.862596,-0.603271,1.671217,0.3855,0.0380
1787924649.641751,0.862608,-0.601093,1.671824,0.3831,0.0380
1787924649.650392,0.862594,-0.598717,1.672433,0.3502,0.0380
1787924649.658027,0.861943,-0.596642,1.671503,0.3289,0.0380
1787924649.662160,0.861785,-0.594415,1.671972,0.3922,0.0380
1787924649.669138,0.861969,-0.591871,1.672538,0.3825,0.0380
1787924649.674544,0.860973,-0.589706,1.670936,0.3928,0.0380
1787924649.682316,0.860767,-0.587589,1.670986,0.3571,0.0380
1787924649.684721,0.860576,-0.585066,1.671153,0.5655,0.0380
1787924649.693850,0.860151,-0.583204,1.670781,0.4581,0.0380
1787924649.700709,0.859836,-0.580948,1.670413,0.4202,0.0380
1787924649.709234,0.859874,-0.578443,1.670932,0.3817,0.0380
1787924649.716547,0.858947,-0.576485,1.669975,0.3509,0.0410
1787924649.722481,0.859181,-0.574475,1.671119,0.3456,0.0410
1787924649.728370,0.858728,-0.571935,1.670715,0.3729,0.0410
1787924649.736953,0.858471,-0.569996,1.670687,0.3294,0.0410
1787924649.742211,0.858275,-0.567699,1.670709,0.3621,0.0410
1787924649.748468,0.857767,-0.565348,1.670438,0.3681,0.0410
1787924649.757256,0.857618,-0.563352,1.670326,0.3259,0.0410
1787924649.762142,0.857573,-0.560964,1.670807,0.3744,0.0410
1787924649.769017,0.857034,-0.558745,1.670435,0.3607,0.0410
1787924649.774812,0.856728,-0.556542,1.670515,0.3675,0.0410
1787924649.781071,0.856641,-0.554280,1.670698,0.3656,0.0410
1787924649.789373,0.856403,-0.552071,1.670780,0.3362,0.0410
1787924649.794967,0.856038,-0.549803,1.670694,0.3583,0.0410
1787924649.800709,0.855918,-0.547553,1.670763,0.3684,0.0410
1787924649.808356,0.855607,-0.545211,1.670744,0.3505,0.0410
1787924649.815982,0.854969,-0.542977,1.669767,0.3353,0.0408
1787924649.822900,0.855079,-0.540601,1.670501,0.3367,0.0408
1787924649.829300,0.854789,-0.538375,1.670647,0.3409,0.0408
1787924649.835150,0.854408,-0.536169,1.670037,0.3531,0.0408
1787924649.840648,0.854157,-0.533766,1.670208,0.3791,0.0408
1787924649.848391,0.853743,-0.531517,1.669940,0.3536,0.0408
1787924649.856506,0.853297,-0.529403,1.669936,0.3269,0.0408
1787924649.861799,0.853054,-0.526962,1.669835,0.3679,0.0408
1787924649.868940,0.852861,-0.524778,1.669900,0.3496,0.0408
1787924649.876857,0.852493,-0.522634,1.669782,0.3270,0.0408
1787924649.882325,0.852193,-0.520238,1.669509,0.3613,0.0408
1787924649.888868,0.851814,-0.518073,1.669172,0.3534,0.0408
1787924649.896042,0.851519,-0.515941,1.669559,0.3373,0.0408
1787924649.903100,0.851606,-0.513586,1.669718,0.3354,0.0408
1787924649.908751,0.850780,-0.511422,1.669232,0.3534,0.0408
1787924649.916903,0.850959,-0.509214,1.670261,0.3276,0.0417
1787924649.921422,0.850794,-0.506846,1.670181,0.3868,0.0417
1787924649.931436,0.850065,-0.504767,1.669250,0.3349,0.0417
1787924649.935325,0.850090,-0.502345,1.669956,0.4202,0.0417
1787924649.942666,0.849535,-0.500178,1.669291,0.3845,0.0417
1787924649.949897,0.849357,-0.498107,1.669392,0.3554,0.0417
1787924649.956123,0.849122,-0.495410,1.669752,0.3792,0.0417
1787924649.961598,0.848856,-0.493521,1.669940,0.3699,0.0417
1787924649.970396,0.848697,-0.491219,1.669887,0.3376,0.0417
1787924649.975118,0.848447,-0.488704,1.670625,0.3969,0.0417
1787924649.982146,0.848101,-0.486648,1.670406,0.3666,0.0417
1787924649.992350,0.848044,-0.484307,1.670262,0.3253,0.0417
1787924649.995801,0.847763,-0.481928,1.670721,0.4359,0.0417
1787924650.001169,0.847458,-0.479564,1.670283,0.4383,0.0417
1787924650.008253,0.847092,-0.477388,1.670159,0.4000,0.0417
1787924650.012655,0.846655,-0.474839,1.669583,0.4559,0.0408
1787924650.021753,0.846491,-0.472639,1.669634,0.3918,0.0408
1787924650.027277,0.846453,-0.470474,1.669871,0.3914,0.0408
1787924650.035616,0.845827,-0.468035,1.669051,0.3636,0.0408
1787924650.045702,0.845747,-0.465937,1.669187,0.3168,0.0408
1787924650.049615,0.845426,-0.463606,1.668670,0.4020,0.0408
1787924650.056715,0.845044,-0.461367,1.668245,0.3771,0.0408
1787924650.062699,0.845149,-0.459048,1.668233,0.3792,0.0408
1787924650.068845,0.844744,-0.456744,1.667807,0.3793,0.0408
1787924650.076008,0.844556,-0.454591,1.668147,0.3560,0.0408
1787924650.081209,0.843971,-0.452012,1.667581,0.4005,0.0408
1787924650.087970,0.843770,-0.450016,1.667875,0.3694,0.0408
1787924650.095539,0.843331,-0.447567,1.667498,0.3569,0.0408
1787924650.102045,0.843250,-0.445493,1.667729,0.3454,0.0408
1787924650.108792,0.842804,-0.443288,1.667573,0.3413,0.0408
1787924650.116135,0.842352,-0.440838,1.666612,0.3403,0.0451
1787924650.123049,0.842237,-0.438856,1.666798,0.3243,0.0451
1787924650.130268,0.842012,-0.436488,1.666501,0.3259,0.0451
1787924650.137332,0.841989,-0.434182,1.666528,0.3257,0.0451
1787924650.142431,0.841443,-0.432116,1.666544,0.3520,0.0451
1787924650.149294,0.841258,-0.429775,1.666900,0.3490,0.0451
1787924650.155085,0.841115,-0.427377,1.666181,0.3687,0.0451
1787924650.161875,0.840818,-0.425283,1.666526,0.3515,0.0451
1787924650.169597,0.840621,-0.422837,1.666446,0.3413,0.0451
1787924650.176215,0.840345,-0.420552,1.666409,0.3432,0.0451
1787924650.182633,0.840014,-0.418492,1.666413,0.3376,0.0451
1787924650.188335,0.839903,-0.415852,1.666565,0.3751,0.0451
1787924650.195288,0.839317,-0.413251,1.666513,0.3767,0.0451
1787924650.202945,0.839049,-0.411208,1.666152,0.3444,0.0451
1787924650.209621,0.838853,-0.408488,1.666026,0.3636,0.0451
1787924650.216059,0.838229,-0.406216,1.665672,0.3627,0.0474
1787924650.223181,0.837880,-0.404199,1.665605,0.3398,0.0474
1787924650.228725,0.838202,-0.401378,1.666467,0.3881,0.0474
1787924650.235515,0.837450,-0.399371,1.665515,0.3631,0.0474
1787924650.242750,0.837401,-0.397120,1.665591,0.3473,0.0474
1787924650.250396,0.837336,-0.394503,1.665867,0.3456,0.0474
1787924650.255430,0.836442,-0.392449,1.664308,0.3687,0.0474
1787924650.262723,0.836323,-0.390190,1.664413,0.3511,0.0474
1787924650.268751,0.836068,-0.387639,1.664425,0.3734,0.0474
1787924650.275299,0.835481,-0.385482,1.663431,0.3623,0.0474
1787924650.282260,0.835537,-0.383174,1.663958,0.3524,0.0474
1787924650.288615,0.835236,-0.380670,1.663692,0.3657,0.0474
1787924650.297256,0.834641,-0.378557,1.663447,0.3309,0.0474
1787924650.302619,0.834553,-0.376288,1.663732,0.3584,0.0474
1787924650.309271,0.834243,-0.373754,1.663243,0.3660,0.0474
1787924650.315929,0.833325,-0.371711,1.662955,0.3517,0.0502
1787924650.323250,0.833324,-0.369131,1.663558,0.3515,0.0502
1787924650.328950,0.832935,-0.366899,1.663465,0.3649,0.0502
1787924650.335258,0.832339,-0.364791,1.662761,0.3579,0.0502
1787924650.342532,0.832652,-0.362371,1.664152,0.3487,0.0502
1787924650.352138,0.832070,-0.360205,1.663276,0.3131,0.0502
1787924650.356907,0.832007,-0.357823,1.663813,0.3688,0.0502
1787924650.362335,0.831506,-0.355534,1.663548,0.3866,0.0502
1787924650.368096,0.830941,-0.353240,1.662946,0.3923,0.0502
1787924650.375436,0.830959,-0.350866,1.663316,0.3712,0.0502
1787924650.382560,0.830461,-0.348641,1.662768,0.3550,0.0502
1787924650.389148,0.830118,-0.346153,1.662903,0.3628,0.0502
1787924650.395316,0.830194,-0.344060,1.663415,0.3550,0.0502
1787924650.402154,0.829674,-0.341806,1.662986,0.3490,0.0502
1787924650.410248,0.829348,-0.339637,1.662847,0.3255,0.0502
1787924650.417658,0.829298,-0.337467,1.663446,0.3155,0.0474
1787924650.423859,0.828847,-0.335331,1.663369,0.3257,0.0474
1787924650.429033,0.828516,-0.332952,1.663323,0.3672,0.0474
1787924650.436608,0.828221,-0.330878,1.663070,0.3399,0.0474
1787924650.443715,0.827800,-0.328622,1.662740,0.3344,0.0474
1787924650.455100,0.827792,-0.326347,1.663196,0.2938,0.0474
1787924650.458378,0.827375,-0.324166,1.662853,0.4079,0.0474
1787924650.461999,0.826965,-0.321956,1.662341,0.4710,0.0474
1787924650.469422,0.827111,-0.319786,1.663151,0.4165,0.0474
1787924650.475684,0.826945,-0.317626,1.662951,0.3953,0.0474
1787924650.482172,0.826705,-0.315499,1.663070,0.3757,0.0474
1787924650.488680,0.826400,-0.313267,1.663105,0.3667,0.0474
1787924650.494605,0.826408,-0.311257,1.664130,0.3580,0.0474
1787924650.503963,0.826177,-0.308982,1.663962,0.3239,0.0474
1787924650.509317,0.825373,-0.306598,1.663565,0.3639,0.0474
1787924650.517724,0.825482,-0.304606,1.664267,0.3252,0.0484
1787924650.522105,0.825015,-0.302191,1.663889,0.3952,0.0484
1787924650.528040,0.824494,-0.300053,1.663573,0.3867,0.0484
1787924650.535709,0.824412,-0.297853,1.663698,0.3567,0.0484
1787924650.543022,0.823933,-0.295537,1.663886,0.3461,0.0484
1787924650.549280,0.823933,-0.293238,1.664390,0.3520,0.0484
1787924650.559026,0.823806,-0.291114,1.665108,0.3119,0.0484
1787924650.562132,0.823280,-0.288654,1.664459,0.4596,0.0484
1787924650.569366,0.823443,-0.286557,1.665116,0.4077,0.0484
1787924650.576559,0.823283,-0.284286,1.665230,0.3803,0.0484
1787924650.582996,0.822589,-0.281875,1.664511,0.3811,0.0484
1787924650.588822,0.822450,-0.279705,1.664525,0.3787,0.0484
1787924650.596942,0.822379,-0.277424,1.664862,0.3492,0.0484
1787924650.602524,0.822014,-0.275079,1.664473,0.3718,0.0484
1787924650.609712,0.821577,-0.272916,1.664097,0.3518,0.0484
1787924650.615060,0.821604,-0.270725,1.664794,0.3685,0.0469
1787924650.622244,0.821208,-0.268456,1.664604,0.3538,0.0469
1787924650.624806,0.820530,-0.266064,1.663750,0.5340,0.0469
1787924650.634114,0.820896,-0.264012,1.664694,0.4385,0.0469
1787924650.640836,0.820256,-0.261803,1.664039,0.4078,0.0469
1787924650.651393,0.819943,-0.259401,1.663669,0.3542,0.0469
1787924650.653340,0.820155,-0.257403,1.664460,0.5515,0.0469
1787924650.661175,0.819359,-0.255207,1.663024,0.4725,0.0469
1787924650.668319,0.819251,-0.253137,1.663416,0.4178,0.0469
1787924650.677143,0.819406,-0.250854,1.663774,0.3692,0.0469
1787924650.682193,0.819111,-0.248865,1.663622,0.3777,0.0469
1787924650.689587,0.818975,-0.246535,1.663971,0.3590,0.0469
1787924650.691618,0.818762,-0.244476,1.664081,0.5571,0.0469
1787924650.700112,0.818798,-0.242152,1.664402,0.4716,0.0469
1787924650.708220,0.817669,-0.239573,1.662984,0.4290,0.0469
1787924650.715487,0.817907,-0.237583,1.663781,0.3811,0.0507
1787924650.722163,0.817527,-0.235193,1.663570,0.3753,0.0507
1787924650.728435,0.816579,-0.233068,1.662377,0.3681,0.0507
1787924650.734838,0.817085,-0.230853,1.663292,0.3588,0.0507
1787924650.744567,0.816986,-0.228620,1.663416,0.3200,0.0507
1787924650.751093,0.816268,-0.226365,1.662760,0.3303,0.0507
1787924650.756623,0.816317,-0.224087,1.663222,0.3540,0.0507
1787924650.762748,0.815944,-0.221664,1.662659,0.3676,0.0507
1787924650.769752,0.815604,-0.219385,1.662883,0.3559,0.0507
1787924650.775501,0.815619,-0.217185,1.662763,0.3634,0.0507
1787924650.782340,0.815428,-0.215018,1.662817,0.3498,0.0507
1787924650.789183,0.814315,-0.212662,1.661471,0.3521,0.0507
1787924650.791864,0.814745,-0.210510,1.662412,0.4818,0.0507
1787924650.800557,0.814135,-0.208443,1.662157,0.4102,0.0507
1787924650.809882,0.813540,-0.206002,1.661614,0.3671,0.0507
1787924650.814390,0.813935,-0.203582,1.661744,0.4150,0.0530
1787924650.822344,0.813130,-0.201609,1.661935,0.3673,0.0530
1787924650.830475,0.812803,-0.199426,1.661652,0.3384,0.0530
1787924650.835753,0.812893,-0.197065,1.661783,0.3701,0.0530
1787924650.841365,0.812565,-0.194718,1.661630,0.3856,0.0530
1787924650.852840,0.812584,-0.192540,1.661926,0.3266,0.0530
1787924650.856507,0.812397,-0.190293,1.661988,0.4131,0.0530
1787924650.863896,0.811959,-0.188109,1.661441,0.3790,0.0530
1787924650.869577,0.811126,-0.186052,1.661026,0.3775,0.0530
1787924650.875428,0.811453,-0.183637,1.661196,0.3860,0.0530
1787924650.882404,0.810691,-0.181421,1.660546,0.3681,0.0530
1787924650.889668,0.810671,-0.179257,1.661093,0.3468,0.0530
1787924650.896732,0.810444,-0.176984,1.660986,0.3397,0.0530
1787924650.901224,0.809857,-0.174687,1.660824,0.3942,0.0530
1787924650.908055,0.810259,-0.172497,1.661725,0.3701,0.0530
1787924650.915829,0.809799,-0.170233,1.661545,0.3477,0.0545
1787924650.917825,0.809685,-0.167989,1.661554,0.5808,0.0545
1787924650.927495,0.809513,-0.165799,1.661733,0.4747,0.0545
1787924650.934666,0.809309,-0.163400,1.662207,0.4330,0.0545
1787924650.943558,0.808227,-0.161116,1.661269,0.3831,0.0545
1787924650.949770,0.808501,-0.158939,1.662341,0.3717,0.0545
1787924650.956853,0.808217,-0.156188,1.661701,0.3773,0.0545
1787924650.961535,0.808052,-0.153999,1.662023,0.4047,0.0545
1787924650.968893,0.807539,-0.152007,1.662133,0.3661,0.0545
1787924650.976186,0.807840,-0.149474,1.662728,0.3589,0.0545
1787924650.982513,0.806859,-0.146998,1.661451,0.3724,0.0545
1787924650.989202,0.806588,-0.145178,1.661653,0.3430,0.0545
1787924650.995656,0.806531,-0.142733,1.661985,0.3536,0.0545
1787924651.003372,0.806623,-0.140469,1.662713,0.3348,0.0545
1787924651.009267,0.806072,-0.138485,1.662010,0.3375,0.0545
1787924651.015540,0.805272,-0.135967,1.661531,0.3596,0.1087
1787924651.021762,0.805522,-0.133465,1.662302,0.3708,0.1087
1787924651.024549,0.805555,-0.131461,1.662871,0.4740,0.1087
1787924651.034691,0.804766,-0.129223,1.661734,0.3999,0.1087
1787924651.043127,0.805435,-0.126849,1.663260,0.3618,0.1087
1787924651.051720,0.804372,-0.124596,1.661914,0.3350,0.1087
1787924651.057727,0.803953,-0.122336,1.661640,0.3487,0.1087
1787924651.062861,0.804104,-0.120013,1.662255,0.3785,0.1087
1787924651.073468,0.803615,-0.117834,1.661846,0.3276,0.1087
1787924651.076261,0.803162,-0.115712,1.661306,0.4607,0.1087
1787924651.083900,0.803670,-0.113336,1.662457,0.4136,0.1087
1787924651.089626,0.802781,-0.110989,1.661606,0.4162,0.1087
1787924651.095279,0.802467,-0.108757,1.661014,0.4108,0.1087
1787924651.101681,0.802761,-0.106326,1.661985,0.3998,0.1087
1787924651.109579,0.802179,-0.104118,1.662303,0.3653,0.1087
1787924651.116558,0.801524,-0.101916,1.660709,0.3526,0.1157
1787924651.121667,0.801664,-0.099371,1.661431,0.3949,0.1157
1787924651.128854,0.801263,-0.097245,1.661699,0.3663,0.1157
1787924651.135647,0.800880,-0.094881,1.661268,0.3619,0.1157
1787924651.143456,0.800695,-0.092516,1.661337,0.3445,0.1157
1787924651.149294,0.800267,-0.090272,1.661347,0.3580,0.1157
1787924651.155464,0.800455,-0.087815,1.661665,0.3687,0.1157
1787924651.162685,0.800069,-0.085495,1.661451,0.3555,0.1157
1787924651.170292,0.798996,-0.083264,1.660828,0.3403,0.1157
1787924651.174900,0.799417,-0.080819,1.662028,0.3943,0.1157
1787924651.183208,0.799209,-0.078607,1.661823,0.3562,0.1157
1787924651.190819,0.798635,-0.076455,1.661242,0.3359,0.1157
1787924651.195303,0.798294,-0.074062,1.661444,0.3967,0.1157
1787924651.202199,0.798867,-0.071887,1.662209,0.3696,0.1157
1787924651.208475,0.798313,-0.069497,1.661894,0.3749,0.1157
1787924651.217391,0.797542,-0.067238,1.661037,0.3405,0.1223
1787924651.221551,0.797534,-0.064914,1.661435,0.4053,0.1223
1787924651.227744,0.797664,-0.062457,1.661948,0.4017,0.1223
1787924651.234864,0.796491,-0.060212,1.659890,0.3798,0.1223
1787924651.241853,0.796589,-0.057878,1.660773,0.3652,0.1223
1787924651.248769,0.796555,-0.055320,1.661143,0.3663,0.1223
1787924651.255660,0.796009,-0.053124,1.660550,0.3538,0.1223
1787924651.262935,0.795207,-0.050828,1.659452,0.3449,0.1223
1787924651.268941,0.795572,-0.048296,1.661138,0.3657,0.1223
1787924651.276567,0.795105,-0.046028,1.661016,0.3465,0.1223
1787924651.281692,0.794029,-0.043521,1.659147,0.3943,0.1223
1787924651.288336,0.793965,-0.041194,1.659670,0.3809,0.1223
1787924651.295260,0.793343,-0.038829,1.659165,0.3711,0.1223
1787924651.301366,0.793293,-0.036349,1.659714,0.3813,0.1223
1787924651.310289,0.792960,-0.034016,1.659885,0.3461,0.1223
1787924651.314974,0.792347,-0.031569,1.659481,0.4018,0.2114
1787924651.323292,0.792265,-0.029214,1.660268,0.3661,0.2114
1787924651.328774,0.792588,-0.026911,1.661331,0.3802,0.2114
1787924651.334476,0.791837,-0.024561,1.660499,0.3928,0.2114
1787924651.342973,0.791921,-0.022026,1.661152,0.3639,0.2114
1787924651.350222,0.791409,-0.019918,1.661089,0.3435,0.2114
1787924651.355969,0.790924,-0.017426,1.660602,0.3722,0.2114
1787924651.361519,0.791129,-0.015181,1.661113,0.3805,0.2114
1787924651.369519,0.790589,-0.012770,1.661287,0.3582,0.2114
1787924651.375192,0.790075,-0.010373,1.660393,0.3794,0.2114
1787924651.381656,0.790248,-0.007773,1.659175,0.3851,0.2114
1787924651.390202,0.789508,-0.005417,1.658449,0.3542,0.2114
1787924651.394854,0.789086,-0.003301,1.658082,0.3863,0.2114
1787924651.401985,0.789250,-0.001107,1.658401,0.3617,0.2114
1787924651.409075,0.788967,0.001295,1.658277,0.3555,0.2114
1787924651.416229,0.788390,0.003624,1.658619,0.3483,0.2286
1787924651.423179,0.788109,0.005856,1.658634,0.3408,0.2286
1787924651.427999,0.787992,0.008109,1.659187,0.3789,0.2286
1787924651.435395,0.787651,0.010608,1.659866,0.3674,0.2286
1787924651.442128,0.787538,0.012730,1.660125,0.3518,0.2286
1787924651.449054,0.787101,0.015002,1.660640,0.3460,0.2286
1787924651.455776,0.787141,0.017344,1.662843,0.3461,0.2286
1787924651.460860,0.787026,0.019689,1.663597,0.3807,0.2286
1787924651.469059,0.786935,0.021976,1.664594,0.3501,0.2286
1787924651.477501,0.786412,0.024201,1.665651,0.3255,0.2286
1787924651.483460,0.786169,0.026560,1.666532,0.3473,0.2286
1787924651.488535,0.785883,0.029003,1.667047,0.3884,0.2286
1787924651.494718,0.785452,0.031316,1.667340,0.3856,0.2286
1787924651.502176,0.785353,0.033499,1.668682,0.3577,0.2286
1787924651.507697,0.784542,0.035959,1.668486,0.3878,0.2286
1787924651.516077,0.784551,0.038087,1.669461,0.3472,0.2303
1787924651.526061,0.784404,0.040602,1.670744,0.3187,0.2303
1787924651.528761,0.783633,0.042928,1.670354,0.4888,0.2303
1787924651.534737,0.783117,0.044877,1.670815,0.4421,0.2303
1787924651.543779,0.783476,0.047492,1.672819,0.3946,0.2303
1787924651.548841,0.782967,0.049916,1.672037,0.4221,0.2303
1787924651.554832,0.782005,0.052018,1.671670,0.4051,0.2303
1787924651.562565,0.782320,0.054315,1.673396,0.3710,0.2303
1787924651.568974,0.781892,0.056666,1.673325,0.3712,0.2303
1787924651.575153,0.781522,0.058943,1.673858,0.3716,0.2303
1787924651.583052,0.781063,0.061229,1.674208,0.3483,0.2303
1787924651.588204,0.780723,0.063555,1.675000,0.3806,0.2303
1787924651.597418,0.780145,0.065896,1.675172,0.3442,0.2303
1787924651.601681,0.780124,0.068095,1.676482,0.3950,0.2303
1787924651.608326,0.779666,0.070221,1.677256,0.3741,0.2303
1787924651.617707,0.778812,0.072626,1.676443,0.3412,0.3339
1787924651.622749,0.779085,0.074853,1.678150,0.3689,0.3339
1787924651.628576,0.778862,0.077084,1.678975,0.3737,0.3339
1787924651.636343,0.778214,0.079277,1.679005,0.3484,0.3339
1787924651.641262,0.778377,0.081531,1.680596,0.3795,0.3339
1787924651.648542,0.778028,0.084034,1.681042,0.3697,0.3339
1787924651.654616,0.777640,0.086173,1.681665,0.3659,0.3339
1787924651.665863,0.778054,0.088359,1.683649,0.3129,0.3339
1787924651.672661,0.777064,0.090707,1.682805,0.3269,0.3339
1787924651.676278,0.776414,0.092963,1.683472,0.4208,0.3339
1787924651.683825,0.776592,0.095176,1.684730,0.3811,0.3339
1787924651.688575,0.775715,0.097539,1.684037,0.4214,0.3339
1787924651.694893,0.775125,0.100029,1.683772,0.4156,0.3339
1787924651.700571,0.775575,0.102154,1.686078,0.3997,0.3339
1787924651.708040,0.774793,0.104548,1.686331,0.3789,0.3339
1787924651.715631,0.774547,0.106951,1.687193,0.3607,0.3441
1787924651.721328,0.774855,0.109205,1.689198,0.3684,0.3441
1787924651.729331,0.774225,0.111519,1.690437,0.3468,0.3441
1787924651.735173,0.773838,0.113963,1.691612,0.3698,0.3441
1787924651.745634,0.774203,0.116192,1.693484,0.3210,0.3441
1787924651.750794,0.773351,0.118483,1.694048,0.3630,0.3441
1787924651.755891,0.773532,0.120737,1.696275,0.3844,0.3441
1787924651.761179,0.773099,0.122936,1.697371,0.3959,0.3441
1787924651.768427,0.772459,0.125114,1.699104,0.3700,0.3441
1787924651.775169,0.772538,0.127592,1.700801,0.3678,0.3441
1787924651.784605,0.771980,0.130114,1.701443,0.3393,0.3441
1787924651.789902,0.771728,0.132182,1.703390,0.3555,0.3441
1787924651.797816,0.771470,0.134374,1.705071,0.3325,0.3441
1787924651.803275,0.770332,0.136757,1.704753,0.3709,0.3441
1787924651.811152,0.770504,0.138748,1.707330,0.3339,0.3441
1787924651.814989,0.769788,0.141104,1.708299,0.4239,0.4396
1787924651.822776,0.769229,0.143522,1.709058,0.3919,0.4396
1787924651.832287,0.768938,0.145412,1.710837,0.3347,0.4396
1787924651.835577,0.768609,0.147731,1.712657,0.4478,0.4396
1787924651.842669,0.768183,0.149866,1.714355,0.4055,0.4396
1787924651.849138,0.767984,0.151896,1.716427,0.3783,0.4396
1787924651.855630,0.767066,0.154256,1.717449,0.3789,0.4396
1787924651.863695,0.766947,0.156395,1.719482,0.3446,0.4396
1787924651.870011,0.765684,0.158394,1.719597,0.3440,0.4396
1787924651.876093,0.765554,0.160600,1.721548,0.3493,0.4396
1787924651.881505,0.764707,0.162873,1.722798,0.3762,0.4396
1787924651.889615,0.764391,0.165144,1.724703,0.3481,0.4396
1787924651.895393,0.764263,0.167542,1.726844,0.3677,0.4396
1787924651.901914,0.763539,0.169837,1.728693,0.3669,0.4396
1787924651.908277,0.763343,0.172041,1.731408,0.3609,0.4396
1787924651.915252,0.762764,0.174334,1.733185,0.3540,0.4260
1787924651.921507,0.761816,0.176674,1.734367,0.3659,0.4260
1787924651.929386,0.761754,0.178885,1.737459,0.3395,0.4260
1787924651.935740,0.761316,0.181503,1.739665,0.3630,0.4260
1787924651.941840,0.761146,0.183587,1.742611,0.3565,0.4260
1787924651.951070,0.760771,0.185989,1.745418,0.3286,0.4260
1787924651.956034,0.760429,0.188226,1.748030,0.3667,0.4260
1787924651.963957,0.760142,0.190209,1.751077,0.3325,0.4260
1787924651.969253,0.759638,0.192643,1.752616,0.3735,0.4260
1787924651.974182,0.759479,0.194729,1.755731,0.3881,0.4260
1787924651.982755,0.758923,0.196930,1.758244,0.3509,0.4260
1787924651.991000,0.758407,0.199323,1.760026,0.3347,0.4260
1787924651.995435,0.757573,0.201405,1.761831,0.3832,0.4260
1787924652.002025,0.757330,0.203530,1.764195,0.3654,0.4260
1787924652.008216,0.756684,0.205652,1.765580,0.3627,0.4260
1787924652.014826,0.755613,0.207642,1.767001,0.3519,0.4017
1787924652.022391,0.755306,0.209854,1.768948,0.3347,0.4017
1787924652.028264,0.754644,0.211873,1.770816,0.3421,0.4017
1787924652.034888,0.754124,0.213971,1.773254,0.3373,0.4017
1787924652.041464,0.753182,0.216111,1.774006,0.3404,0.4017
1787924652.048826,0.753048,0.218082,1.777024,0.3180,0.4017
1787924652.054872,0.752389,0.220174,1.779005,0.3309,0.4017
1787924652.062702,0.751952,0.222473,1.781174,0.3213,0.4017
1787924652.068626,0.751066,0.224284,1.783143,0.3240,0.4017
1787924652.076454,0.750459,0.226461,1.785203,0.3133,0.4017
1787924652.080912,0.749420,0.228577,1.786711,0.3733,0.4017
1787924652.087853,0.749355,0.230853,1.789922,0.3580,0.4017
1787924652.095208,0.748477,0.232900,1.791549,0.3399,0.4017
1787924652.101130,0.747857,0.234809,1.793637,0.3392,0.4017
1787924652.108063,0.747413,0.237264,1.795995,0.3453,0.4017
1787924652.115545,0.746318,0.239256,1.797293,0.3294,0.4569
1787924652.121645,0.746202,0.241490,1.800069,0.3388,0.4569
1787924652.131512,0.745599,0.243796,1.802351,0.3097,0.4569
1787924652.135455,0.744620,0.245719,1.804213,0.3763,0.4569
1787924652.140970,0.744060,0.247953,1.805688,0.3887,0.4569
1787924652.147758,0.743695,0.250252,1.808340,0.3746,0.4569
1787924652.157071,0.742974,0.252203,1.810354,0.3288,0.4569
1787924652.161988,0.742214,0.254443,1.811759,0.3739,0.4569
1787924652.169079,0.741483,0.256587,1.813029,0.3573,0.4569
1787924652.175564,0.740809,0.258721,1.814786,0.3534,0.4569
1787924652.184480,0.740526,0.261120,1.817210,0.3280,0.4569
1787924652.189281,0.739718,0.263137,1.819063,0.3642,0.4569
1787924652.196512,0.739140,0.265292,1.821283,0.3475,0.4569
1787924652.202406,0.738327,0.267609,1.822985,0.3678,0.4569
1787924652.208189,0.737689,0.269669,1.825174,0.3692,0.4569
1787924652.215236,0.736991,0.271805,1.826936,0.3539,0.4382
1787924652.222151,0.736416,0.273890,1.828426,0.3416,0.4382
1787924652.228804,0.735720,0.276009,1.830420,0.3395,0.4382
1787924652.235755,0.735180,0.277982,1.832971,0.3259,0.4382
1787924652.242594,0.734485,0.280151,1.834392,0.3280,0.4382
1787924652.247861,0.733812,0.282174,1.835761,0.3508,0.4382
1787924652.255743,0.732931,0.283781,1.837408,0.3134,0.4382
1787924652.261865,0.731940,0.286054,1.838780,0.3397,0.4382
1787924652.268289,0.731122,0.287701,1.840327,0.3221,0.4382
1787924652.274873,0.730102,0.289923,1.841712,0.3354,0.4382
1787924652.284009,0.729247,0.291765,1.843988,0.3006,0.4382
1787924652.289614,0.728523,0.293817,1.845763,0.3266,0.4382
1787924652.298246,0.727496,0.295883,1.847812,0.3075,0.4382
1787924652.302469,0.727200,0.297978,1.851006,0.3640,0.4382
1787924652.309901,0.725885,0.299915,1.852359,0.3447,0.4382
1787924652.315311,0.725360,0.302009,1.855012,0.3609,0.4176
1787924652.321559,0.724557,0.303998,1.857051,0.3551,0.4176
1787924652.329920,0.723385,0.306128,1.858839,0.3338,0.4176
1787924652.335030,0.722957,0.308193,1.861752,0.3570,0.4176
1787924652.342541,0.721763,0.310336,1.864050,0.3456,0.4176
1787924652.347661,0.720810,0.312212,1.866462,0.3634,0.4176
1787924652.356905,0.720319,0.314513,1.869529,0.3304,0.4176
1787924652.362002,0.719737,0.316808,1.872486,0.3704,0.4176
1787924652.369656,0.718555,0.318473,1.874703,0.3354,0.4176
1787924652.377089,0.718047,0.321100,1.878038,0.3421,0.4176
1787924652.383108,0.717012,0.322846,1.879982,0.3381,0.4176
1787924652.390517,0.716327,0.325105,1.882169,0.3322,0.4176
1787924652.395980,0.715860,0.327229,1.885188,0.3514,0.4176
1787924652.401675,0.714850,0.329017,1.886771,0.3520,0.4176
1787924652.408619,0.714205,0.331168,1.889081,0.3434,0.4176
1787924652.414675,0.713860,0.333408,1.891920,0.3510,0.4538
1787924652.423213,0.712786,0.335235,1.892908,0.3186,0.4538
1787924652.427970,0.712335,0.337108,1.895830,0.3440,0.4538
1787924652.434613,0.711624,0.339039,1.897798,0.3337,0.4538
1787924652.442211,0.711027,0.341155,1.899747,0.3203,0.4538
1787924652.448818,0.710263,0.342958,1.901907,0.3129,0.4538
1787924652.455611,0.709456,0.344894,1.902940,0.3115,0.4538
1787924652.462322,0.709020,0.346946,1.904940,0.3111,0.4538
1787924652.468209,0.707277,0.348557,1.904649,0.3244,0.4538
1787924652.475923,0.706513,0.350740,1.906237,0.3171,0.4538
1787924652.481251,0.706146,0.352563,1.908464,0.3256,0.4538
1787924652.490586,0.705352,0.354500,1.910438,0.2951,0.4538
1787924652.494859,0.704382,0.356324,1.911861,0.3500,0.4538
1787924652.502220,0.703647,0.358416,1.913303,0.3354,0.4538
1787924652.507564,0.702764,0.360177,1.915249,0.3446,0.4538
1787924652.515140,0.701898,0.362293,1.916823,0.3317,0.4374
1787924652.522458,0.701587,0.364432,1.920305,0.3189,0.4374
1787924652.529416,0.700170,0.366169,1.921034,0.3146,0.4374
1787924652.534716,0.699584,0.368236,1.923552,0.3415,0.4374
1787924652.541741,0.699367,0.370388,1.926579,0.3284,0.4374
1787924652.549849,0.697899,0.372071,1.927825,0.3072,0.4374
1787924652.555419,0.697339,0.374357,1.930308,0.3409,0.4374
1787924652.561829,0.696401,0.376524,1.932072,0.3490,0.4374
1787924652.568599,0.695228,0.378311,1.933882,0.3368,0.4374
1787924652.574132,0.694645,0.380482,1.936696,0.3570,0.4374
1787924652.582679,0.693445,0.382543,1.938323,0.3326,0.4374
1787924652.593550,0.692620,0.384305,1.941069,0.2863,0.4374
1787924652.597409,0.691727,0.386393,1.942834,0.3769,0.4374
1787924652.604913,0.690708,0.388515,1.944965,0.3577,0.4374
1787924652.608367,0.689983,0.390376,1.947620,0.4239,0.4374
1787924652.615201,0.689066,0.392468,1.949325,0.3969,0.4187
1787924652.621721,0.688263,0.394207,1.951345,0.3658,0.4187
1787924652.628183,0.687294,0.396046,1.953047,0.3521,0.4187
1787924652.635546,0.687026,0.398031,1.955780,0.3255,0.4187
1787924652.641301,0.685401,0.399720,1.956320,0.3413,0.4187
1787924652.651665,0.684714,0.401565,1.958358,0.2959,0.4187
1787924652.656648,0.683855,0.403528,1.960256,0.3361,0.4187
1787924652.662948,0.682907,0.405167,1.962209,0.3246,0.4187
1787924652.670952,0.681788,0.407040,1.964067,0.3081,0.4187
1787924652.675373,0.680860,0.408713,1.965800,0.3448,0.4187
1787924652.682210,0.679929,0.410507,1.968129,0.3297,0.4187
1787924652.689068,0.679314,0.412488,1.970206,0.3211,0.4187
1787924652.695685,0.678135,0.414158,1.972048,0.3153,0.4187
1787924652.701508,0.677360,0.415988,1.973394,0.3231,0.4187
1787924652.708489,0.676309,0.417765,1.975674,0.3142,0.4187
1787924652.714094,0.674912,0.419564,1.976853,0.3380,0.3982
1787924652.721914,0.674475,0.421421,1.980017,0.3086,0.3982
1787924652.728354,0.674039,0.423523,1.982737,0.3139,0.3982
1787924652.735084,0.672116,0.424990,1.983594,0.3140,0.3982
1787924652.743381,0.671451,0.427017,1.986017,0.2966,0.3982
1787924652.748080,0.670789,0.429109,1.988432,0.3468,0.3982
1787924652.755406,0.669034,0.430716,1.989203,0.3321,0.3982
1787924652.761688,0.668577,0.432720,1.991764,0.3287,0.3982
1787924652.769490,0.667572,0.434834,1.994043,0.3201,0.3982
1787924652.775313,0.666250,0.436469,1.995477,0.3289,0.3982
1787924652.781054,0.665608,0.438407,1.997996,0.3363,0.3982
1787924652.789509,0.664510,0.440430,1.999338,0.3169,0.3982
1787924652.797721,0.663592,0.442199,2.002193,0.2946,0.3982
1787924652.802233,0.663137,0.444349,2.004971,0.3485,0.3982
1787924652.810031,0.662177,0.446046,2.007098,0.3188,0.3982
1787924652.814785,0.660508,0.447760,2.007399,0.3657,0.4560
1787924652.821919,0.660009,0.449956,2.009808,0.3485,0.4560
1787924652.828640,0.658687,0.451500,2.010479,0.3315,0.4560
1787924652.834950,0.658019,0.453240,2.012726,0.3204,0.4560
1787924652.843288,0.656924,0.455194,2.014054,0.3047,0.4560
1787924652.848120,0.655915,0.456799,2.015783,0.3302,0.4560
1787924652.856015,0.654908,0.458732,2.017051,0.3139,0.4560
1787924652.862779,0.653888,0.460514,2.018765,0.3106,0.4560
1787924652.868545,0.652825,0.462252,2.019861,0.3229,0.4560
1787924652.874964,0.651923,0.464112,2.021118,0.3226,0.4560
1787924652.881816,0.651077,0.465738,2.022999,0.3060,0.4560
1787924652.889283,0.649522,0.467617,2.022892,0.3094,0.4560
1787924652.896542,0.648779,0.469394,2.024574,0.2961,0.4560
1787924652.902175,0.647605,0.471304,2.025005,0.3261,0.4560
1787924652.906971,0.646380,0.473005,2.026111,0.3575,0.4560
1787924652.915403,0.645200,0.474956,2.027042,0.3311,0.4498
1787924652.921548,0.644607,0.476710,2.029674,0.3213,0.4498
1787924652.927466,0.643483,0.478643,2.031306,0.3380,0.4498
1787924652.936375,0.642405,0.480459,2.034096,0.3075,0.4498
1787924652.942054,0.641749,0.482325,2.035534,0.3190,0.4498
1787924652.948326,0.640529,0.484241,2.037883,0.3314,0.4498
1787924652.954340,0.639796,0.486232,2.040288,0.3371,0.4498
1787924652.962561,0.638888,0.487865,2.042758,0.3041,0.4498
1787924652.971315,0.637305,0.489865,2.043259,0.2986,0.4498
1787924652.975835,0.636853,0.492068,2.046176,0.3528,0.4498
1787924652.982674,0.635829,0.493758,2.048589,0.3334,0.4498
1787924652.988120,0.634640,0.495649,2.050238,0.3560,0.4498
1787924652.991537,0.633924,0.497809,2.052753,0.4465,0.4498
1787924653.002782,0.632255,0.499356,2.053388,0.3697,0.4498
1787924653.009007,0.631347,0.501023,2.056360,0.3503,0.4498
1787924653.017186,0.630712,0.503093,2.058810,0.3232,0.4372
1787924653.021382,0.629141,0.504529,2.060613,0.3696,0.4372
1787924653.029065,0.628093,0.506380,2.062104,0.3418,0.4372
1787924653.036762,0.627065,0.507948,2.064308,0.3121,0.4372
1787924653.041425,0.625853,0.509550,2.065927,0.3461,0.4372
1787924653.047528,0.624248,0.511057,2.066755,0.3450,0.4372
1787924653.055345,0.623765,0.512993,2.069854,0.3156,0.4372
1787924653.062505,0.623150,0.514558,2.072960,0.2908,0.4372
1787924653.069319,0.622101,0.516036,2.075405,0.2829,0.4372
1787924653.074858,0.620677,0.517621,2.076508,0.3105,0.4372
1787924653.081414,0.620340,0.519383,2.079911,0.2952,0.4372
1787924653.088853,0.618565,0.520886,2.080632,0.2945,0.4372
1787924653.094973,0.617659,0.522448,2.082950,0.2947,0.4372
1787924653.105543,0.616939,0.524033,2.085297,0.2555,0.4372
1787924653.108609,0.615393,0.525867,2.086919,0.4096,0.4372
1787924653.118118,0.614291,0.527221,2.088855,0.3410,0.4921
1787924653.124661,0.613423,0.528982,2.091496,0.3286,0.4921
1787924653.129543,0.612080,0.530818,2.093333,0.3689,0.4921
1787924653.134336,0.611240,0.532662,2.096016,0.3845,0.4921
1787924653.141739,0.609818,0.534209,2.097165,0.3523,0.4921
1787924653.149341,0.608453,0.536076,2.099329,0.3374,0.4921
1787924653.156648,0.607273,0.537838,2.100832,0.3231,0.4921
1787924653.163542,0.606353,0.539553,2.103064,0.3108,0.4921
1787924653.167819,0.604925,0.541300,2.104398,0.3740,0.4921
1787924653.174770,0.603825,0.543231,2.105797,0.3577,0.4921
1787924653.182394,0.603011,0.545071,2.107949,0.3290,0.4921
1787924653.189013,0.601488,0.546668,2.108914,0.3278,0.4921
1787924653.196127,0.600815,0.548476,2.111691,0.3094,0.4921
1787924653.208220,0.599397,0.550066,2.112245,0.2685,0.4921
1787924653.210100,0.598473,0.551683,2.114494,0.4852,0.4921
1787924653.214976,0.596898,0.553282,2.114768,0.4740,0.4791
1787924653.221347,0.596134,0.554960,2.116634,0.4180,0.4791
1787924653.229144,0.594359,0.556305,2.117144,0.3723,0.4791
1787924653.233589,0.593626,0.557978,2.119146,0.3828,0.4791
1787924653.243248,0.592569,0.559475,2.120535,0.3247,0.4791
1787924653.249678,0.591468,0.560925,2.122815,0.3118,0.4791
1787924653.251547,0.590224,0.562207,2.124009,0.4984,0.4791
1787924653.262060,0.589484,0.563922,2.126437,0.4016,0.4791
1787924653.268569,0.588039,0.565385,2.128018,0.3736,0.4791
1787924653.275361,0.587074,0.566769,2.129938,0.3359,0.4791
1787924653.277826,0.585662,0.568114,2.131136,0.4651,0.4791
1787924653.287769,0.584732,0.569891,2.134181,0.3859,0.4791
1787924653.295192,0.583282,0.571044,2.135269,0.3409,0.4791
1787924653.300021,0.581935,0.572421,2.137057,0.3557,0.4791
1787924653.310358,0.581058,0.574183,2.140320,0.3058,0.4791
1787924653.314603,0.579686,0.575391,2.142498,0.3383,0.4622
1787924653.322823,0.578088,0.576941,2.144053,0.3160,0.4622
1787924653.328966,0.577817,0.578754,2.147989,0.3026,0.4622
1787924653.335126,0.576201,0.580328,2.149954,0.3191,0.4622
1787924653.341589,0.575026,0.581772,2.152514,0.3093,0.4622
1787924653.344398,0.573874,0.583690,2.154901,0.4552,0.4622
1787924653.353580,0.572168,0.585301,2.156907,0.3933,0.4622
1787924653.360610,0.571461,0.586946,2.160343,0.3505,0.4622
1787924653.368983,0.569735,0.588650,2.162285,0.3305,0.4622
1787924653.374770,0.568922,0.590498,2.165310,0.3343,0.4622
1787924653.378619,0.567430,0.592186,2.167547,0.4082,0.4622
1787924653.389202,0.565582,0.593731,2.169468,0.3514,0.4622
1787924653.395338,0.564125,0.595271,2.171847,0.3484,0.4622
1787924653.398529,0.563043,0.597009,2.174283,0.4361,0.4622
1787924653.407266,0.561030,0.598466,2.175618,0.3857,0.4622
1787924653.416137,0.560343,0.600193,2.178461,0.3312,0.5219
1787924653.424145,0.558579,0.601616,2.179822,0.3134,0.5219
1787924653.428308,0.557404,0.603030,2.181904,0.3515,0.5219
1787924653.435365,0.555982,0.604519,2.183350,0.3326,0.5219
1787924653.440623,0.555086,0.606186,2.185802,0.3400,0.5219
1787924653.447234,0.554037,0.607639,2.187980,0.3193,0.5219
1787924653.454925,0.552776,0.609028,2.190333,0.2962,0.5219
1787924653.461175,0.551751,0.610646,2.192406,0.2991,0.5219
1787924653.470679,0.550588,0.612085,2.193788,0.2677,0.5219
1787924653.474400,0.549250,0.613544,2.195612,0.3459,0.5219
1787924653.484527,0.548142,0.614778,2.197054,0.2910,0.5219
1787924653.486140,0.547561,0.616466,2.200289,0.5211,0.5219
1787924653.496239,0.546151,0.618090,2.201503,0.4285,0.5219
1787924653.498497,0.545049,0.619396,2.204153,0.5264,0.5219
1787924653.510154,0.544217,0.620985,2.206476,0.4141,0.5219
1787924653.515087,0.542955,0.622623,2.208854,0.4156,0.4976
1787924653.526476,0.542043,0.624032,2.212017,0.3351,0.4976
1787924653.530457,0.540964,0.625595,2.214186,0.3775,0.4976
1787924653.534388,0.539468,0.627395,2.216332,0.4427,0.4976
1787924653.541571,0.538042,0.628648,2.217792,0.3875,0.4976
1787924653.550080,0.536855,0.630261,2.220755,0.3419,0.4976
1787924653.554324,0.536087,0.632029,2.223800,0.3716,0.4976
1787924653.560694,0.534434,0.633598,2.225536,0.3661,0.4976
1787924653.568654,0.533164,0.635167,2.228304,0.3324,0.4976
1787924653.574480,0.532066,0.636572,2.231028,0.3244,0.4976
1787924653.581471,0.530416,0.638087,2.233177,0.3219,0.4976
1787924653.588371,0.529437,0.639859,2.235990,0.3122,0.4976
1787924653.597235,0.528281,0.641305,2.238575,0.2812,0.4976
1787924653.600395,0.526657,0.642544,2.240770,0.3849,0.4976
1787924653.608245,0.525272,0.644153,2.242308,0.3505,0.4976
1787924653.618203,0.523950,0.645420,2.244244,0.3000,0.4704
1787924653.621043,0.522539,0.646871,2.246930,0.4228,0.4704
1787924653.627918,0.520918,0.648027,2.248199,0.3796,0.4704
1787924653.634918,0.519523,0.649408,2.250137,0.3494,0.4704
1787924653.642531,0.518528,0.651019,2.252820,0.3185,0.4704
1787924653.648764,0.516980,0.652075,2.255172,0.3094,0.4704
1787924653.654862,0.515719,0.653529,2.257535,0.3113,0.4704
1787924653.661948,0.514798,0.655162,2.259906,0.2960,0.4704
1787924653.667451,0.512754,0.656037,2.261109,0.3150,0.4704
1787924653.675173,0.512125,0.657550,2.264407,0.2813,0.4704
1787924653.682093,0.510703,0.659005,2.266058,0.2848,0.4704
1787924653.689094,0.509371,0.660305,2.268701,0.2787,0.4704
1787924653.693977,0.507908,0.661385,2.270951,0.3038,0.4704
1787924653.700587,0.506929,0.663129,2.273726,0.3018,0.4704
1787924653.708606,0.505528,0.664410,2.275883,0.2817,0.4704
1787924653.715934,0.504339,0.665753,2.279015,0.2706,0.5324
1787924653.721180,0.502798,0.666926,2.281087,0.2977,0.5324
1787924653.730708,0.502077,0.668665,2.284065,0.2647,0.5324
1787924653.734656,0.500263,0.669853,2.286031,0.3438,0.5324
1787924653.745366,0.499170,0.671079,2.288155,0.2867,0.5324
1787924653.752597,0.497498,0.672400,2.289436,0.2876,0.5324
1787924653.758141,0.496316,0.673882,2.291831,0.3038,0.5324
1787924653.761451,0.494590,0.674946,2.292924,0.3884,0.5324
1787924653.770509,0.493207,0.676312,2.294750,0.3361,0.5324
1787924653.777792,0.492051,0.677787,2.296829,0.3123,0.5324
1787924653.782077,0.490349,0.678945,2.297708,0.3585,0.5324
1787924653.787253,0.489357,0.680345,2.300607,0.3497,0.5324
1787924653.794419,0.487969,0.681650,2.302505,0.3243,0.5324
1787924653.801789,0.486215,0.682753,2.304047,0.3081,0.5324
1787924653.810959,0.484756,0.684447,2.306494,0.2888,0.5324
1787924653.815060,0.484395,0.685940,2.309794,0.3007,0.5126
1787924653.822741,0.482427,0.686995,2.311319,0.2927,0.5126
1787924653.827708,0.481243,0.688371,2.313528,0.3145,0.5126
1787924653.835296,0.479706,0.689702,2.315701,0.3001,0.5126
1787924653.841896,0.478756,0.691182,2.318809,0.2887,0.5126
1787924653.850285,0.477411,0.692566,2.321193,0.2711,0.5126
1787924653.854811,0.475766,0.693825,2.323935,0.3252,0.5126
1787924653.862314,0.475023,0.695269,2.327581,0.2900,0.5126
1787924653.869079,0.473937,0.697047,2.331183,0.2933,0.5126
1787924653.875023,0.472666,0.698371,2.334089,0.2980,0.5126
1787924653.885383,0.471267,0.699367,2.336106,0.2574,0.5126
1787924653.889703,0.470539,0.701804,2.340478,0.3370,0.5126
1787924653.897185,0.468577,0.702589,2.341174,0.3132,0.5126
1787924653.902698,0.467531,0.704095,2.344216,0.3177,0.5126
1787924653.911633,0.466262,0.705569,2.347463,0.2875,0.5126
1787924653.916037,0.465246,0.706960,2.350323,0.3173,0.4927
1787924653.921904,0.463622,0.708070,2.352520,0.3209,0.4927
1787924653.928254,0.461991,0.709265,2.354640,0.3190,0.4927
1787924653.936786,0.460736,0.710464,2.356660,0.2843,0.4927
1787924653.943277,0.459529,0.711999,2.359465,0.2886,0.4927
1787924653.949544,0.457622,0.712689,2.360196,0.2901,0.4927
1787924653.956783,0.456317,0.713806,2.362416,0.2741,0.4927
1787924653.962121,0.455061,0.715008,2.365002,0.2895,0.4927
1787924653.968580,0.453291,0.716051,2.366636,0.2953,0.4927
1787924653.976379,0.451962,0.716910,2.368791,0.2664,0.4927
1787924653.982848,0.450715,0.718282,2.370513,0.2723,0.4927
1787924653.990242,0.448947,0.719204,2.372397,0.2682,0.4927
1787924653.995875,0.447531,0.720055,2.374029,0.2734,0.4927
1787924654.002217,0.446246,0.721376,2.376777,0.2785,0.4927
1787924654.010486,0.444868,0.722631,2.378637,0.2626,0.4927
1787924654.016305,0.443232,0.723475,2.380550,0.2749,0.4632
1787924654.022021,0.441761,0.724564,2.383115,0.2878,0.4632
1787924654.027524,0.440951,0.726305,2.386341,0.2987,0.4632
1787924654.039304,0.438851,0.726799,2.387017,0.2566,0.4632
1787924654.043255,0.437722,0.728212,2.390221,0.3155,0.4632
1787924654.049183,0.437009,0.729875,2.394124,0.3045,0.4632
1787924654.056212,0.435266,0.730765,2.396218,0.2936,0.4632
1787924654.062283,0.433886,0.732088,2.398868,0.3000,0.4632
1787924654.069756,0.432410,0.733385,2.401019,0.2889,0.4632
1787924654.076237,0.431163,0.734493,2.404139,0.2794,0.4632
1787924654.082025,0.429552,0.735851,2.406336,0.3047,0.4632
1787924654.089758,0.427755,0.736956,2.408300,0.2938,0.4632
1787924654.095168,0.426308,0.738004,2.410499,0.3042,0.4632
1787924654.101716,0.425071,0.739441,2.413127,0.2991,0.4632
1787924654.110168,0.423202,0.740794,2.414895,0.2908,0.4632
1787924654.116655,0.421593,0.741601,2.416920,0.2840,0.5297
1787924654.123293,0.420018,0.742925,2.419381,0.2918,0.5297
1787924654.130747,0.418668,0.744368,2.421940,0.2834,0.5297
1787924654.134672,0.416768,0.745202,2.422933,0.3496,0.5297
1787924654.141478,0.415165,0.746292,2.425174,0.3296,0.5297
1787924654.150236,0.413613,0.747826,2.426546,0.3053,0.5297
1787924654.155428,0.412061,0.748917,2.428178,0.3228,0.5297
1787924654.161055,0.410576,0.750238,2.430313,0.3319,0.5297
1787924654.168795,0.408937,0.751113,2.431629,0.3026,0.5297
1787924654.174942,0.407553,0.752425,2.432710,0.3048,0.5297
1787924654.182494,0.405528,0.753309,2.433347,0.2973,0.5297
1787924654.189899,0.404262,0.754633,2.435978,0.2819,0.5297
1787924654.195760,0.403032,0.755549,2.437806,0.2757,0.5297
1787924654.203412,0.401314,0.756654,2.439032,0.2724,0.5297
1787924654.209244,0.399965,0.757924,2.440842,0.2859,0.5297
1787924654.215928,0.398469,0.758655,2.441777,0.2726,0.5109
1787924654.222070,0.397145,0.759872,2.443504,0.2786,0.5109
1787924654.229229,0.395674,0.760911,2.444758,0.2702,0.5109
1787924654.234942,0.394481,0.761784,2.446973,0.2666,0.5109
1787924654.243133,0.393074,0.763269,2.449276,0.2610,0.5109
1787924654.253045,0.391750,0.764277,2.451344,0.2330,0.5109
1787924654.256076,0.390197,0.765332,2.453169,0.3482,0.5109
1787924654.263775,0.388963,0.766272,2.456002,0.3041,0.5109
1787924654.268467,0.387421,0.767708,2.458738,0.3473,0.5109
1787924654.276996,0.385830,0.768592,2.460522,0.3062,0.5109
1787924654.281861,0.384777,0.769979,2.463872,0.3185,0.5109
1787924654.291768,0.383107,0.770909,2.466392,0.2800,0.5109
1787924654.295734,0.381418,0.772066,2.468066,0.3505,0.5109
1787924654.302111,0.379814,0.772989,2.470747,0.3314,0.5109
1787924654.309471,0.378574,0.774228,2.474128,0.3030,0.5109
1787924654.315598,0.376417,0.774881,2.475647,0.3149,0.4930
1787924654.323022,0.375386,0.776397,2.479083,0.2909,0.4930
1787924654.328145,0.373489,0.777466,2.481049,0.3298,0.4930
1787924654.334803,0.371888,0.778466,2.483361,0.3155,0.4930
1787924654.345262,0.369845,0.779189,2.484863,0.2799,0.4930
1787924654.349600,0.368584,0.780378,2.487774,0.3152,0.4930
1787924654.355440,0.366990,0.781618,2.490829,0.3243,0.4930
1787924654.365918,0.364993,0.782322,2.491689,0.2847,0.4930
1787924654.371190,0.363628,0.782942,2.493890,0.2826,0.4930
1787924654.374979,0.361667,0.783886,2.495388,0.3668,0.4930
1787924654.382730,0.360042,0.784724,2.497176,0.3265,0.4930
1787924654.389328,0.358275,0.785431,2.499033,0.3121,0.4930
1787924654.395384,0.357067,0.786432,2.501811,0.2961,0.4930
1787924654.402756,0.355494,0.787293,2.503576,0.2796,0.4930
1787924654.409396,0.353923,0.787778,2.505041,0.2658,0.4930
1787924654.414560,0.352386,0.788957,2.507573,0.2986,0.4596
1787924654.422080,0.350881,0.789629,2.509035,0.2733,0.4596
1787924654.428387,0.349424,0.790519,2.511109,0.2722,0.4596
1787924654.438787,0.347891,0.791492,2.513398,0.2428,0.4596
1787924654.442249,0.346439,0.792172,2.515016,0.3065,0.4596
1787924654.449646,0.344971,0.793060,2.516641,0.2839,0.4596
1787924654.454980,0.343677,0.794166,2.519045,0.2941,0.4596
1787924654.461560,0.342088,0.794892,2.520962,0.2841,0.4596
1787924654.469260,0.340570,0.795832,2.523035,0.2683,0.4596
1787924654.476700,0.339228,0.796845,2.525315,0.2555,0.4596
1787924654.481933,0.337896,0.797839,2.528256,0.2741,0.4596
1787924654.488930,0.336205,0.798722,2.530352,0.2730,0.4596
1787924654.496175,0.334512,0.799835,2.532682,0.2750,0.4596
1787924654.502381,0.333142,0.801223,2.535905,0.2851,0.4596
1787924654.509502,0.331836,0.802323,2.538342,0.2712,0.4596
1787924654.515738,0.330060,0.803499,2.540914,0.2923,0.5487
1787924654.525308,0.328210,0.804051,2.542217,0.2623,0.5487
1787924654.530645,0.326198,0.805076,2.544681,0.3095,0.5487
1787924654.539381,0.324932,0.806487,2.547706,0.2798,0.5487
1787924654.541705,0.322901,0.807417,2.549915,0.4805,0.5487
1787924654.550276,0.321413,0.808559,2.552837,0.4018,0.5487
1787924654.556386,0.319928,0.810046,2.555571,0.3824,0.5487
1787924654.562873,0.318009,0.810862,2.557079,0.3625,0.5487
1787924654.570954,0.316222,0.812104,2.559295,0.3345,0.5487
1787924654.575520,0.314451,0.812941,2.560627,0.3616,0.5487
1787924654.582379,0.312767,0.814086,2.562646,0.3422,0.5487
1787924654.591651,0.310725,0.814501,2.562722,0.3022,0.5487
1787924654.598095,0.308877,0.815225,2.564020,0.3020,0.5487
1787924654.602435,0.307284,0.816365,2.565716,0.3467,0.5487
1787924654.611091,0.305820,0.817304,2.568516,0.3030,0.5487
1787924654.617306,0.304129,0.818263,2.569876,0.3058,0.5342
1787924654.625674,0.302386,0.819155,2.571758,0.2839,0.5342
1787924654.627832,0.301088,0.820288,2.574003,0.4355,0.5342
1787924654.635308,0.299003,0.820761,2.575296,0.3857,0.5342
1787924654.644041,0.297550,0.821839,2.577106,0.3319,0.5342
1787924654.653000,0.296058,0.822456,2.579132,0.2857,0.5342
1787924654.656465,0.294244,0.823407,2.580614,0.3766,0.5342
1787924654.661396,0.293251,0.824587,2.583668,0.3530,0.5342
1787924654.668289,0.291207,0.825054,2.585505,0.3334,0.5342
1787924654.676131,0.289888,0.825884,2.587866,0.2930,0.5342
1787924654.681536,0.288336,0.827066,2.590164,0.3128,0.5342
1787924654.690314,0.286953,0.827971,2.592754,0.2754,0.5342
1787924654.695147,0.285305,0.828467,2.595025,0.2962,0.5342
1787924654.703541,0.283667,0.829270,2.596893,0.2723,0.5342
1787924654.709478,0.282091,0.830105,2.599468,0.2806,0.5342
1787924654.717398,0.281008,0.831101,2.602749,0.2510,0.5162
1787924654.721266,0.279187,0.832209,2.605344,0.3410,0.5162
1787924654.727905,0.277451,0.832904,2.607621,0.3222,0.5162
1787924654.737756,0.275690,0.833385,2.609806,0.2792,0.5162
1787924654.745111,0.274253,0.834610,2.613094,0.2712,0.5162
1787924654.749469,0.272768,0.835416,2.615534,0.3062,0.5162
1787924654.754894,0.270847,0.836241,2.618070,0.3291,0.5162
1787924654.762199,0.269169,0.836813,2.620889,0.3018,0.5162
1787924654.769815,0.267641,0.838142,2.624117,0.2895,0.5162
1787924654.775244,0.266277,0.838937,2.627328,0.2899,0.5162
1787924654.782420,0.264203,0.839680,2.628918,0.2937,0.5162
1787924654.788949,0.262540,0.840298,2.630124,0.2861,0.5162
1787924654.797316,0.260375,0.840887,2.631119,0.2783,0.5162
1787924654.802608,0.258449,0.841269,2.632803,0.3008,0.5162
1787924654.809349,0.256943,0.842085,2.634769,0.2867,0.5162
1787924654.815805,0.255277,0.842861,2.636897,0.2859,0.5904
1787924654.821412,0.253391,0.843065,2.637979,0.2938,0.5904
1787924654.827804,0.251986,0.843864,2.640602,0.2815,0.5904
1787924654.836056,0.250176,0.844442,2.642384,0.2649,0.5904
1787924654.841970,0.248665,0.845027,2.644582,0.2669,0.5904
1787924654.848189,0.247144,0.845751,2.646538,0.2680,0.5904
1787924654.857624,0.245385,0.846160,2.647937,0.2430,0.5904
1787924654.863377,0.243994,0.846822,2.650201,0.2504,0.5904
1787924654.868477,0.242670,0.847701,2.652247,0.2683,0.5904
1787924654.876584,0.240986,0.847945,2.653503,0.2471,0.5904
1787924654.884593,0.239194,0.848438,2.654648,0.2409,0.5904
1787924654.889220,0.237640,0.848786,2.655979,0.2682,0.5904
1787924654.895874,0.235814,0.849369,2.657943,0.2729,0.5904
1787924654.897973,0.234681,0.850246,2.660598,0.3926,0.5904
1787924654.907741,0.232836,0.850890,2.662176,0.3342,0.5904
1787924654.915034,0.231366,0.851395,2.664667,0.2972,0.5720
1787924654.923090,0.229818,0.851947,2.666878,0.2687,0.5720
1787924654.929453,0.228324,0.852891,2.669458,0.2711,0.5720
1787924654.936066,0.227142,0.853714,2.672289,0.2545,0.5720
1787924654.942761,0.225659,0.854639,2.675311,0.2561,0.5720
1787924654.949924,0.223918,0.854358,2.677391,0.2392,0.5720
1787924654.955095,0.222759,0.855833,2.680726,0.2658,0.5720
1787924654.962893,0.221101,0.856217,2.683098,0.2498,0.5720
1787924654.969040,0.219765,0.856848,2.685903,0.2469,0.5720
1787924654.976778,0.218311,0.857474,2.687899,0.2342,0.5720
1787924654.982186,0.216695,0.858484,2.690264,0.2690,0.5720
1787924654.990190,0.214977,0.858706,2.691932,0.2499,0.5720
1787924654.995067,0.213865,0.859238,2.694267,0.2508,0.5720
1787924655.003501,0.212452,0.859614,2.696133,0.2267,0.5720
1787924655.009480,0.211548,0.860463,2.699118,0.2179,0.5720
1787924655.015994,0.210172,0.861238,2.702112,0.2250,0.5559
1787924655.023876,0.209413,0.862496,2.704670,0.2040,0.5559
1787924655.028721,0.207928,0.862937,2.707126,0.2377,0.5559
1787924655.034118,0.206721,0.863498,2.709287,0.2404,0.5559
1787924655.041918,0.205842,0.864073,2.712186,0.2082,0.5559
1787924655.051116,0.203816,0.864454,2.711059,0.2110,0.5559
1787924655.055879,0.202685,0.865038,2.713874,0.2278,0.5559
1787924655.064075,0.201283,0.864757,2.714742,0.2019,0.5559
1787924655.068099,0.199752,0.865099,2.715945,0.2558,0.5559
1787924655.074770,0.198443,0.865444,2.717357,0.2391,0.5559
1787924655.083028,0.197454,0.865942,2.719784,0.2076,0.5559
1787924655.088456,0.196332,0.866330,2.721937,0.2106,0.5559
1787924655.096198,0.195034,0.866610,2.724048,0.1978,0.5559
1787924655.103255,0.193705,0.867394,2.726063,0.2036,0.5559
1787924655.108359,0.192313,0.867524,2.727465,0.2205,0.5559
1787924655.115826,0.190998,0.867616,2.728850,0.2043,0.5366
1787924655.122373,0.189600,0.868248,2.731404,0.2133,0.5366
1787924655.128248,0.188597,0.868902,2.733718,0.2096,0.5366
1787924655.133775,0.187313,0.869014,2.735708,0.2131,0.5366
1787924655.141464,0.186346,0.869888,2.738449,0.1972,0.5366
1787924655.148285,0.184812,0.870151,2.740155,0.2047,0.5366
1787924655.155549,0.183609,0.870396,2.741175,0.1930,0.5366
1787924655.165765,0.182356,0.870943,2.744015,0.1752,0.5366
1787924655.169235,0.181306,0.871328,2.745662,0.2193,0.5366
1787924655.176476,0.179849,0.871832,2.747437,0.2173,0.5366
1787924655.178383,0.178841,0.872176,2.749531,0.3193,0.5366
1787924655.189094,0.177618,0.872807,2.752252,0.2619,0.5366
1787924655.195467,0.176085,0.872802,2.753367,0.2500,0.5366
1787924655.201645,0.174955,0.873230,2.755304,0.2337,0.5366
1787924655.210265,0.173609,0.873630,2.756968,0.2122,0.5366
1787924655.215428,0.172426,0.874088,2.759046,0.2223,0.5223
1787924655.222489,0.171259,0.874154,2.760120,0.2027,0.5223
1787924655.228415,0.170187,0.874836,2.762699,0.2050,0.5223
1787924655.235279,0.169185,0.875396,2.765117,0.1933,0.5223
1787924655.242445,0.168525,0.876205,2.767166,0.1734,0.5223
1787924655.244681,0.167029,0.876152,2.768155,0.3056,0.5223
1787924655.255987,0.165993,0.876691,2.769749,0.2447,0.5223
1787924655.260782,0.164853,0.876774,2.771342,0.2397,0.5223
1787924655.268109,0.163674,0.877018,2.772560,0.2164,0.5223
1787924655.271969,0.162559,0.877616,2.774449,0.2491,0.5223
1787924655.281346,0.161724,0.878105,2.776322,0.2049,0.5223
1787924655.287176,0.160674,0.878400,2.777822,0.1993,0.5223
1787924655.296345,0.159177,0.878625,2.779103,0.1879,0.5223
1787924655.303335,0.158266,0.878921,2.781073,0.1726,0.5223
1787924655.310119,0.157097,0.879636,2.782310,0.1804,0.5223
1787924655.316557,0.155688,0.879748,2.783562,0.1896,0.5302
1787924655.321307,0.154313,0.879750,2.784074,0.2140,0.5302
1787924655.329676,0.153762,0.880311,2.786137,0.1754,0.5302
1787924655.334836,0.152718,0.880491,2.787356,0.1833,0.5302
1787924655.341629,0.151535,0.880908,2.789083,0.1837,0.5302
1787924655.347939,0.150368,0.880987,2.789561,0.1820,0.5302
1787924655.359663,0.149226,0.881069,2.790442,0.1555,0.5302
1787924655.362641,0.148052,0.881148,2.791179,0.2227,0.5302
1787924655.370333,0.146784,0.881581,2.792058,0.2082,0.5302
1787924655.374332,0.145907,0.882067,2.793544,0.2200,0.5302
1787924655.381575,0.144815,0.882110,2.794578,0.1971,0.5302
1787924655.388208,0.143847,0.882378,2.796411,0.1833,0.5302
1787924655.394826,0.143001,0.882814,2.798712,0.1711,0.5302
1787924655.402623,0.141615,0.883138,2.799807,0.1742,0.5302
1787924655.409319,0.140698,0.883230,2.801825,0.1620,0.5302
1787924655.416945,0.139750,0.883676,2.803162,0.1544,0.5148
1787924655.421853,0.138299,0.883820,2.803966,0.1947,0.5148
1787924655.430160,0.137242,0.884045,2.805430,0.1750,0.5148
1787924655.435894,0.135982,0.884324,2.806265,0.1896,0.5148
1787924655.441671,0.134828,0.884676,2.808031,0.1953,0.5148
1787924655.447702,0.133942,0.885156,2.810386,0.1862,0.5148
1787924655.454954,0.132643,0.885088,2.811055,0.1802,0.5148
1787924655.464590,0.131880,0.885770,2.812883,0.1555,0.5148
1787924655.472137,0.131095,0.886043,2.815139,0.1419,0.5148
1787924655.475299,0.129384,0.885849,2.815204,0.2471,0.5148
1787924655.482446,0.128516,0.886220,2.816816,0.2125,0.5148
1787924655.490307,0.127207,0.886493,2.817462,0.1994,0.5148
1787924655.496290,0.126327,0.886529,2.818671,0.1820,0.5148
1787924655.502316,0.125447,0.887128,2.820188,0.1784,0.5148
1787924655.509163,0.124289,0.887608,2.821915,0.1796,0.5148
1787924655.516792,0.123482,0.887894,2.823420,0.1594,0.4970
1787924655.521490,0.122527,0.887920,2.824138,0.1700,0.4970
1787924655.528453,0.121457,0.888343,2.825880,0.1685,0.4970
1787924655.534989,0.120450,0.888362,2.826979,0.1622,0.4970
1787924655.544133,0.119433,0.888507,2.828137,0.1467,0.4970
1787924655.548615,0.118209,0.888428,2.828964,0.1791,0.4970
1787924655.557507,0.117267,0.888752,2.830086,0.1589,0.4970
1787924655.564301,0.116395,0.889005,2.831208,0.1513,0.4970
1787924655.567505,0.115723,0.889558,2.833191,0.1817,0.4970
1787924655.576949,0.114624,0.889609,2.833637,0.1609,0.4970
1787924655.581712,0.113661,0.889967,2.835377,0.1773,0.4970
1787924655.588517,0.113008,0.890395,2.836635,0.1572,0.4970
1787924655.594741,0.111889,0.890614,2.837524,0.1647,0.4970
1787924655.601990,0.110991,0.890571,2.838238,0.1502,0.4970
1787924655.609330,0.110074,0.890992,2.840006,0.1460,0.4970
1787924655.614923,0.108978,0.890980,2.840851,0.1582,0.4868
1787924655.621691,0.108029,0.890704,2.841290,0.1473,0.4868
1787924655.627627,0.107025,0.891176,2.841801,0.1586,0.4868
1787924655.636286,0.106280,0.891501,2.843302,0.1390,0.4868
1787924655.642488,0.105503,0.891600,2.844179,0.1347,0.4868
1787924655.648771,0.104513,0.891689,2.844965,0.1407,0.4868
1787924655.654650,0.103770,0.892364,2.846678,0.1448,0.4868
1787924655.660876,0.102724,0.892365,2.847266,0.1496,0.4868
1787924655.671174,0.101848,0.892806,2.848868,0.1329,0.4868
1787924655.677724,0.100740,0.892432,2.849125,0.1367,0.4868
1787924655.681593,0.099718,0.892705,2.850517,0.1776,0.4868
1787924655.688826,0.098820,0.893000,2.852233,0.1635,0.4868
1787924655.695748,0.097894,0.893306,2.852857,0.1567,0.4868
1787924655.702540,0.097157,0.893466,2.854264,0.1429,0.4868
1787924655.708515,0.096210,0.893391,2.855289,0.1446,0.4868
1787924655.715559,0.095237,0.893834,2.856008,0.1463,0.4715
1787924655.723682,0.094246,0.893705,2.856767,0.1362,0.4715
1787924655.728098,0.093754,0.894490,2.858598,0.1423,0.4715
1787924655.735081,0.092780,0.894373,2.859191,0.1384,0.4715
1787924655.741938,0.091829,0.894533,2.860698,0.1388,0.4715
1787924655.749187,0.090745,0.894419,2.860841,0.1390,0.4715
1787924655.755854,0.089826,0.894687,2.861572,0.1403,0.4715
1787924655.762094,0.088705,0.894974,2.862553,0.1538,0.4715
1787924655.770186,0.088118,0.895165,2.863890,0.1306,0.4715
1787924655.780549,0.086895,0.895164,2.864247,0.1254,0.4715
1787924655.783399,0.085992,0.895186,2.865301,0.1800,0.4715
1787924655.788160,0.085234,0.895545,2.866728,0.1781,0.4715
1787924655.795727,0.084230,0.895683,2.867801,0.1644,0.4715
1787924655.801244,0.083292,0.895906,2.869030,0.1675,0.4715
1787924655.809140,0.082342,0.896183,2.870175,0.1548,0.4715
1787924655.815234,0.081217,0.896093,2.870639,0.1606,0.4546
1787924655.826604,0.080436,0.896476,2.872982,0.1349,0.4546
1787924655.832583,0.079331,0.896470,2.873205,0.1478,0.4546
1787924655.837513,0.077891,0.896454,2.873800,0.1877,0.4546
1787924655.841969,0.077206,0.896839,2.875524,0.1827,0.4546
1787924655.848203,0.075970,0.896707,2.876104,0.1837,0.4546
1787924655.854898,0.074958,0.896805,2.876818,0.1735,0.4546
1787924655.864157,0.074174,0.897564,2.878877,0.1524,0.4546
1787924655.871067,0.073003,0.897334,2.878986,0.1531,0.4546
1787924655.875132,0.072161,0.897647,2.880734,0.1732,0.4546
1787924655.882392,0.071238,0.897526,2.881494,0.1568,0.4546
1787924655.889731,0.070726,0.898176,2.883434,0.1368,0.4546
1787924655.895676,0.069560,0.898071,2.883945,0.1513,0.4546
1787924655.901975,0.068674,0.898011,2.884349,0.1460,0.4546
1787924655.908515,0.067785,0.898233,2.886065,0.1442,0.4546
1787924655.914520,0.066800,0.898509,2.887058,0.1521,0.6135
1787924655.922570,0.065859,0.898704,2.887508,0.1422,0.6135
1787924655.929221,0.064834,0.898838,2.888658,0.1458,0.6135
1787924655.935660,0.064228,0.899314,2.890160,0.1349,0.6135
1787924655.942196,0.063128,0.899364,2.890877,0.1439,0.6135
1787924655.947569,0.062058,0.899657,2.891822,0.1627,0.6135
1787924655.956123,0.061220,0.899624,2.892811,0.1421,0.6135
1787924655.962050,0.060430,0.899802,2.893747,0.1404,0.6135
1787924655.969754,0.059440,0.899792,2.894299,0.1356,0.6135
1787924655.975301,0.058534,0.899751,2.895052,0.1419,0.6135
1787924655.983666,0.057425,0.899604,2.895132,0.1366,0.6135
1787924655.988768,0.056466,0.899905,2.895500,0.1546,0.6135
1787924655.996760,0.055521,0.899751,2.895360,0.1412,0.6135
1787924656.002461,0.054973,0.900397,2.896970,0.1351,0.6135
1787924656.008137,0.054010,0.900454,2.897397,0.1446,0.6135
1787924656.015837,0.053173,0.900784,2.898208,0.1360,0.6042
1787924656.023367,0.052085,0.901005,2.899249,0.1394,0.6042
1787924656.030844,0.051233,0.901151,2.899881,0.1322,0.6042
1787924656.036319,0.050345,0.901389,2.900518,0.1429,0.6042
1787924656.041469,0.049467,0.901475,2.901665,0.1509,0.6042
1787924656.048908,0.048699,0.901474,2.902625,0.1357,0.6042
1787924656.054557,0.047840,0.901940,2.904123,0.1451,0.6042
1787924656.062062,0.046953,0.901872,2.904804,0.1354,0.6042
1787924656.068821,0.046263,0.902733,2.907522,0.1335,0.6042
1787924656.076492,0.045369,0.902813,2.908904,0.1281,0.6042
1787924656.085916,0.044673,0.903067,2.909928,0.1132,0.6042
1787924656.089175,0.043745,0.903281,2.911594,0.1668,0.6042
1787924656.095291,0.042914,0.903456,2.912620,0.1584,0.6042
1787924656.101410,0.042014,0.903503,2.913565,0.1544,0.6042
1787924656.108809,0.041141,0.903621,2.914972,0.1437,0.6042
1787924656.117646,0.040421,0.904035,2.916067,0.1275,0.5960
1787924656.122182,0.039520,0.904007,2.917160,0.1469,0.5960
1787924656.128691,0.038579,0.904045,2.918216,0.1456,0.5960
1787924656.135280,0.037692,0.903837,2.918784,0.1392,0.5960
1787924656.142297,0.036920,0.904100,2.920202,0.1321,0.5960
1787924656.149063,0.036119,0.904359,2.921118,0.1296,0.5960
1787924656.154397,0.035240,0.904320,2.922247,0.1385,0.5960
1787924656.162397,0.034510,0.904372,2.923478,0.1241,0.5960
1787924656.168144,0.033636,0.904523,2.924996,0.1331,0.5960
1787924656.177608,0.033004,0.904705,2.926649,0.1140,0.5960
1787924656.182668,0.032350,0.904952,2.927980,0.1208,0.5960
1787924656.189602,0.031608,0.905423,2.930241,0.1202,0.5960
1787924656.195868,0.030600,0.905051,2.931463,0.1276,0.5960
1787924656.201909,0.029839,0.904925,2.932014,0.1250,0.5960
1787924656.204587,0.028890,0.904625,2.933798,0.1846,0.5960
1787924656.214533,0.028157,0.904691,2.935287,0.1512,0.5609
1787924656.222759,0.027089,0.904858,2.936676,0.1453,0.5609
1787924656.228779,0.025906,0.904494,2.937202,0.1557,0.5609
1787924656.235510,0.024991,0.904395,2.938487,0.1480,0.5609
1787924656.241348,0.024235,0.904869,2.940464,0.1466,0.5609
1787924656.248379,0.023191,0.904959,2.941983,0.1470,0.5609
1787924656.254382,0.022403,0.904966,2.943245,0.1416,0.5609
1787924656.261120,0.021572,0.905261,2.944934,0.1380,0.5609
1787924656.267948,0.020553,0.905212,2.946399,0.1401,0.5609
1787924656.275711,0.019569,0.905406,2.948595,0.1368,0.5609
1787924656.283939,0.018688,0.905619,2.950209,0.1288,0.5609
1787924656.291346,0.017704,0.905692,2.952167,0.1299,0.5609
1787924656.295318,0.016829,0.905790,2.953680,0.1572,0.5609
1787924656.302716,0.015732,0.905560,2.954760,0.1520,0.5609
1787924656.308709,0.014815,0.905760,2.956222,0.1534,0.5609
1787924656.315498,0.013845,0.905855,2.957441,0.1503,0.5216
1787924656.321592,0.012818,0.905878,2.958505,0.1551,0.5216
1787924656.328808,0.011929,0.905883,2.960532,0.1450,0.5216
1787924656.337548,0.010996,0.906000,2.961644,0.1337,0.5216
1787924656.342420,0.010204,0.906936,2.963964,0.1518,0.5216
1787924656.347899,0.009291,0.906677,2.965542,0.1530,0.5216
1787924656.355839,0.008489,0.906944,2.966715,0.1387,0.5216
1787924656.361463,0.007445,0.907077,2.968438,0.1532,0.5216
1787924656.368165,0.006441,0.907242,2.969753,0.1528,0.5216
1787924656.376294,0.005858,0.907560,2.971784,0.1301,0.5216
1787924656.383731,0.004807,0.907961,2.973408,0.1356,0.5216
1787924656.392691,0.003698,0.907137,2.974013,0.1269,0.5216
1787924656.395527,0.002698,0.907182,2.975762,0.1939,0.5216
1787924656.401946,0.001724,0.907379,2.977130,0.1822,0.5216
1787924656.409769,0.000863,0.907474,2.978282,0.1607,0.5216
1787924656.416752,0.000026,0.907271,2.979404,0.1465,0.4910
1787924656.421908,-0.000950,0.907342,2.980537,0.1593,0.4910
1787924656.431226,-0.001838,0.907285,2.981570,0.1394,0.4910
1787924656.436564,-0.002863,0.907692,2.982961,0.1581,0.4910
1787924656.441831,-0.003735,0.907605,2.983524,0.1589,0.4910
1787924656.448399,-0.004625,0.907678,2.984117,0.1519,0.4910
1787924656.456449,-0.005617,0.907778,2.985347,0.1435,0.4910
1787924656.461490,-0.006476,0.907723,2.986355,0.1504,0.4910
1787924656.470226,-0.007494,0.907848,2.987087,0.1405,0.4910
1787924656.478645,-0.008257,0.908096,2.988246,0.1266,0.4910
1787924656.481071,-0.009169,0.908107,2.989491,0.2003,0.4910
1787924656.488955,-0.010047,0.907889,2.990487,0.1720,0.4910
1787924656.496297,-0.010828,0.908253,2.991803,0.1542,0.4910
1787924656.502786,-0.011736,0.908189,2.992822,0.1490,0.4910
1787924656.508849,-0.012854,0.908043,2.993626,0.1580,0.4910
1787924656.515857,-0.013533,0.907882,2.994229,0.1383,0.4646
1787924656.521299,-0.014319,0.907905,2.995051,0.1399,0.4646
1787924656.528237,-0.015141,0.907899,2.996266,0.1330,0.4646
1787924656.535592,-0.016160,0.907852,2.996688,0.1340,0.4646
1787924656.542712,-0.016835,0.908099,2.997875,0.1234,0.4646
1787924656.548132,-0.017794,0.908253,2.998782,0.1401,0.4646
1787924656.555369,-0.018538,0.908351,3.000293,0.1292,0.4646
1787924656.561748,-0.019168,0.908496,3.001755,0.1207,0.4646
1787924656.567732,-0.020356,0.908296,3.002320,0.1421,0.4646
1787924656.575264,-0.021376,0.908191,3.002976,0.1392,0.4646
1787924656.582786,-0.022242,0.908243,3.004383,0.1319,0.4646
1787924656.587986,-0.022923,0.908683,3.008151,0.1347,0.4646
1787924656.598747,-0.023866,0.908861,3.008964,0.1210,0.4646
1787924656.602582,-0.024866,0.908948,3.010362,0.1631,0.4646
1787924656.611421,-0.025680,0.908835,3.011587,0.1411,0.4646
1787924656.614552,-0.026684,0.908780,3.012186,0.1935,0.6053
1787924656.623638,-0.027618,0.908812,3.012818,0.1662,0.6053
1787924656.628100,-0.028383,0.908646,3.013732,0.1659,0.6053
1787924656.635926,-0.029188,0.909084,3.015689,0.1489,0.6053
1787924656.644602,-0.029901,0.909128,3.016421,0.1288,0.6053
1787924656.648947,-0.030769,0.909128,3.017243,0.1497,0.6053
1787924656.651132,-0.031572,0.909333,3.018442,0.2176,0.6053
1787924656.660970,-0.032540,0.909369,3.019523,0.1817,0.6053
1787924656.667356,-0.033260,0.909841,3.021494,0.1635,0.6053
1787924656.676131,-0.034178,0.909878,3.022294,0.1457,0.6053
1787924656.680309,-0.035015,0.909688,3.022650,0.1601,0.6053
1787924656.689686,-0.036016,0.909453,3.022671,0.1430,0.6053
1787924656.694596,-0.037085,0.909145,3.022427,0.1627,0.6053
1787924656.704038,-0.037892,0.909411,3.024025,0.1403,0.6053
1787924656.709198,-0.038756,0.909594,3.025323,0.1494,0.6053
1787924656.714548,-0.039697,0.909581,3.026237,0.1569,0.5868
1787924656.721037,-0.040716,0.909560,3.027337,0.1565,0.5868
1787924656.729091,-0.041409,0.910140,3.031544,0.1376,0.5868
1787924656.736225,-0.042311,0.909908,3.031959,0.1329,0.5868
1787924656.742829,-0.043267,0.910126,3.033500,0.1373,0.5868
1787924656.750235,-0.044123,0.910425,3.035391,0.1319,0.5868
1787924656.754369,-0.045017,0.910364,3.036477,0.1564,0.5868
1787924656.762328,-0.045693,0.910794,3.038073,0.1365,0.5868
1787924656.768749,-0.046718,0.910918,3.039487,0.1438,0.5868
1787924656.775729,-0.047575,0.911179,3.041184,0.1384,0.5868
1787924656.781493,-0.048477,0.911562,3.043552,0.1456,0.5868
1787924656.787199,-0.049389,0.911392,3.044839,0.1487,0.5868
1787924656.795467,-0.050183,0.911268,3.045861,0.1324,0.5868
1787924656.804204,-0.051066,0.911238,3.047441,0.1228,0.5868
1787924656.808394,-0.052048,0.911077,3.048323,0.1548,0.5868
1787924656.814144,-0.052860,0.911076,3.050028,0.1505,0.5625
1787924656.821613,-0.053612,0.911314,3.051404,0.1363,0.5625
1787924656.828969,-0.054372,0.911279,3.053126,0.1262,0.5625
1787924656.835171,-0.055366,0.910709,3.053794,0.1338,0.5625
1787924656.842449,-0.056157,0.911023,3.055226,0.1273,0.5625
1787924656.849131,-0.056862,0.911222,3.056877,0.1214,0.5625
1787924656.854646,-0.057586,0.910975,3.057830,0.1231,0.5625
1787924656.861523,-0.058605,0.910674,3.058354,0.1294,0.5625
1787924656.869071,-0.059323,0.910894,3.060415,0.1197,0.5625
1787924656.875283,-0.060036,0.910897,3.061412,0.1181,0.5625
1787924656.881054,-0.060951,0.910697,3.062303,0.1293,0.5625
1787924656.888333,-0.061663,0.911073,3.064329,0.1209,0.5625
1787924656.894624,-0.062343,0.910646,3.064763,0.1154,0.5625
1787924656.900878,-0.063242,0.910519,3.065491,0.1233,0.5625
1787924656.909114,-0.064008,0.910255,3.066643,0.1134,0.5625
1787924656.915549,-0.064808,0.910060,3.067742,0.1159,0.5194
1787924656.922495,-0.065677,0.910069,3.068204,0.1186,0.5194
1787924656.928181,-0.066259,0.910428,3.070174,0.1150,0.5194
1787924656.935455,-0.067015,0.909898,3.070756,0.1101,0.5194
1787924656.942793,-0.067939,0.909985,3.072192,0.1150,0.5194
1787924656.948561,-0.068866,0.909900,3.072929,0.1283,0.5194
1787924656.955389,-0.069804,0.909648,3.073597,0.1301,0.5194
1787924656.960817,-0.070650,0.909565,3.074902,0.1375,0.5194
1787924656.968323,-0.071352,0.909814,3.076662,0.1249,0.5194
1787924656.974719,-0.072101,0.909636,3.077990,0.1219,0.5194
1787924656.980449,-0.073061,0.909545,3.078889,0.1352,0.5194
1787924656.990192,-0.073863,0.909788,3.080674,0.1197,0.5194
1787924656.996978,-0.074747,0.909765,3.081886,0.1228,0.5194
1787924657.001132,-0.075512,0.909845,3.083478,0.1414,0.5194
1787924657.011123,-0.076037,0.910064,3.084969,0.1151,0.5194
1787924657.017185,-0.076923,0.910113,3.086163,0.1245,0.4754
1787924657.022184,-0.077623,0.910327,3.087809,0.1298,0.4754
1787924657.029379,-0.078560,0.910154,3.088459,0.1295,0.4754
1787924657.035756,-0.079408,0.909916,3.089239,0.1299,0.4754
1787924657.042197,-0.080127,0.910040,3.090812,0.1247,0.4754
1787924657.048544,-0.080903,0.909951,3.091479,0.1237,0.4754
1787924657.054778,-0.081804,0.909797,3.092339,0.1295,0.4754
1787924657.061635,-0.082445,0.909768,3.093812,0.1186,0.4754
1787924657.070489,-0.083248,0.910261,3.095303,0.1110,0.4754
1787924657.075830,-0.083947,0.909955,3.096011,0.1161,0.4754
1787924657.083187,-0.084936,0.909814,3.097019,0.1213,0.4754
1787924657.087664,-0.085617,0.909859,3.098558,0.1307,0.4754
1787924657.095014,-0.086383,0.909919,3.099963,0.1228,0.4754
1787924657.102756,-0.087260,0.910177,3.101444,0.1203,0.4754
1787924657.110875,-0.088145,0.910081,3.102099,0.1168,0.4475
1787924657.115273,-0.089098,0.909660,3.102853,0.1456,0.4475
1787924657.121279,-0.089939,0.909629,3.104063,0.1438,0.4475
1787924657.129553,-0.090758,0.909766,3.105785,0.1305,0.4475
1787924657.136604,-0.091643,0.910035,3.106252,0.1294,0.4475
1787924657.140642,-0.092153,0.909843,3.107427,0.1279,0.4475
1787924657.148126,-0.093156,0.910158,3.108773,0.1302,0.4475
1787924657.154845,-0.094031,0.909719,3.109928,0.1295,0.4475
1787924657.157331,-0.094971,0.909632,3.110799,0.2037,0.4475
1787924657.167778,-0.095649,0.909722,3.111852,0.1621,0.4475
1787924657.174446,-0.096522,0.909781,3.112940,0.1528,0.4475
1787924657.183835,-0.097381,0.909793,3.113852,0.1345,0.4475
1787924657.188213,-0.098179,0.909789,3.115314,0.1488,0.4475
1787924657.196399,-0.099097,0.909400,3.115306,0.1374,0.4475
1787924657.202321,-0.099853,0.909551,3.116883,0.1347,0.4475
1787924657.212162,-0.100741,0.909707,3.117827,0.1214,0.4475
1787924657.215921,-0.101736,0.909539,3.118816,0.1641,0.4129
1787924657.223017,-0.102439,0.909553,3.120421,0.1446,0.4129
1787924657.229067,-0.102970,0.908783,3.121376,0.1267,0.4129
1787924657.231458,-0.103915,0.908951,3.121991,0.2077,0.4129
1787924657.242713,-0.104714,0.909038,3.123299,0.1667,0.4129
1787924657.246988,-0.105582,0.909136,3.124104,0.1777,0.4129
1787924657.256022,-0.106679,0.908974,3.124680,0.1608,0.4129
1787924657.261484,-0.107478,0.909098,3.125929,0.1565,0.4129
1787924657.268634,-0.108142,0.909509,3.127391,0.1376,0.4129
1787924657.275548,-0.109231,0.909065,3.127936,0.1433,0.4129
1787924657.280839,-0.110232,0.909234,3.129417,0.1572,0.4129
1787924657.289171,-0.111195,0.909133,3.130677,0.1447,0.4129
1787924657.294813,-0.111974,0.909193,3.131794,0.1427,0.4129
1787924657.303305,-0.112812,0.909008,3.132345,0.1294,0.4129
1787924657.307653,-0.113734,0.909310,3.134405,0.1543,0.4129
1787924657.315177,-0.114583,0.909008,3.134686,0.1418,-0.0000
1787924657.322279,-0.115528,0.908973,3.135721,0.1392,-0.0000
1787924657.328029,-0.116218,0.909253,3.136937,0.1335,-0.0000
1787924657.335576,-0.116693,0.909478,3.138372,0.1124,-0.0000
1787924657.342351,-0.117262,0.909487,3.139494,0.1038,-0.0000
1787924657.348673,-0.117934,0.909252,3.139616,0.1045,-0.0000
1787924657.355740,-0.118222,0.908947,3.139503,0.0854,-0.0000
1787924657.361773,-0.118778,0.908759,3.139697,0.0874,-0.0000
1787924657.368800,-0.118991,0.908903,3.140367,0.0703,-0.0000
1787924657.375174,-0.119242,0.908545,3.140280,0.0610,-0.0000
1787924657.386466,-0.119590,0.908566,3.140472,0.0519,-0.0000
1787924657.389983,-0.119750,0.908533,3.140738,0.0500,-0.0000
1787924657.394101,-0.119823,0.908293,3.140431,0.0403,-0.0000
1787924657.402002,-0.119704,0.908252,3.141257,0.0237,-0.0000
1787924657.408803,-0.119907,0.908262,3.141506,0.0255,-0.0000
1787924657.418017,-0.119638,0.908287,-3.141164,0.0091,-0.0000
1787924657.421710,-0.119593,0.908610,-3.140280,0.0027,-0.0000
1787924657.428741,-0.119632,0.908838,-3.139301,0.0035,-0.0000
1787924657.435219,-0.119215,0.908752,-3.138577,-0.0168,-0.0000
1787924657.440653,-0.118983,0.909002,-3.137403,-0.0247,-0.0000
1787924657.450798,-0.118763,0.908933,-3.137296,-0.0238,-0.0000
1787924657.456760,-0.118808,0.908628,-3.137355,-0.0143,-0.0000
1787924657.461928,-0.118453,0.908936,-3.136941,-0.0307,-0.0000
1787924657.468601,-0.118283,0.909005,-3.136805,-0.0292,-0.0000
1787924657.474757,-0.118179,0.908987,-3.137622,-0.0254,-0.0000
1787924657.482626,-0.118081,0.908792,-3.138547,-0.0215,-0.0000
1787924657.489515,-0.117888,0.908768,-3.139566,-0.0235,-0.0000
1787924657.496181,-0.117732,0.908717,-3.140406,-0.0234,-0.0000
1787924657.502482,-0.117707,0.908454,3.140818,-0.0176,-0.0000
1787924657.511496,-0.117591,0.908325,3.139458,-0.0162,-0.0000
1787924657.519601,-0.117465,0.908325,3.138608,-0.0160,-0.0000
1787924657.523280,-0.117520,0.908471,3.138500,-0.0067,-0.0000
1787924657.531019,-0.117519,0.908750,3.138706,-0.0047,-0.0000
1787924657.534141,-0.117574,0.908789,3.139064,0.0020,-0.0000
1787924657.543088,-0.117454,0.909212,3.139975,-0.0026,-0.0000
1787924657.548508,-0.117757,0.909244,3.140150,0.0150,-0.0000
1787924657.557173,-0.117753,0.909308,3.140664,0.0103,-0.0000
1787924657.562469,-0.117760,0.909556,3.141322,0.0076,-0.0000
1787924657.568029,-0.118029,0.909451,3.140908,0.0199,-0.0000
1787924657.575014,-0.118135,0.909378,3.140958,0.0185,-0.0000
1787924657.583074,-0.118206,0.909594,-3.141526,0.0156,-0.0000
1787924657.589087,-0.118164,0.909561,-3.141585,0.0088,-0.0000
1787924657.595370,-0.118237,0.909458,3.141354,0.0096,-0.0000
1787924657.602430,-0.118278,0.909406,3.140836,0.0085,-0.0000
1787924657.611485,-0.118339,0.909334,3.140491,0.0079,-0.0000
1787924657.616909,-0.118420,0.909174,3.140181,0.0100,-0.0000
1787924657.622396,-0.118307,0.909080,3.139663,0.0009,-0.0000
1787924657.628691,-0.118454,0.908831,3.139327,0.0076,-0.0000
1787924657.634835,-0.118399,0.908876,3.139390,0.0026,-0.0000
1787924657.642814,-0.118377,0.908919,3.139870,0.0010,-0.0000
1787924657.649895,-0.118333,0.908740,3.139737,-0.0012,-0.0000
1787924657.655642,-0.118262,0.908823,3.140221,-0.0045,-0.0000
1787924657.661776,-0.118283,0.908613,3.139910,-0.0022,-0.0000
1787924657.669311,-0.118176,0.908739,3.140762,-0.0058,-0.0000
1787924657.676200,-0.118036,0.908643,3.140237,-0.0102,-0.0000
1787924657.681602,-0.117966,0.908783,3.140956,-0.0109,-0.0000
1787924657.690244,-0.117926,0.908902,3.141034,-0.0091,-0.0000
1787924657.696098,-0.118000,0.908923,3.140923,-0.0025,-0.0000
1787924657.701479,-0.117995,0.908958,3.140777,-0.0021,-0.0000
1787924657.708577,-0.117993,0.909017,3.140658,-0.0015,-0.0000
1787924657.715595,-0.118034,0.909194,3.140821,0.0007,-0.0000
1787924657.724472,-0.118073,0.908844,3.140154,0.0018,-0.0000
1787924657.729353,-0.118057,0.909034,3.140042,0.0003,-0.0000
1787924657.736303,-0.118122,0.909022,3.140142,0.0030,-0.0000
1787924657.742751,-0.118063,0.909216,3.140298,-0.0006,-0.0000
1787924657.749835,-0.118129,0.909058,3.140220,0.0024,-0.0000
1787924657.755530,-0.118063,0.909066,3.140058,-0.0018,-0.0000
1787924657.761241,-0.118115,0.909157,3.140519,0.0015,-0.0000
1787924657.771532,-0.118133,0.909152,3.140533,0.0015,-0.0000
1787924657.774999,-0.118182,0.909013,3.140463,0.0053,-0.0000
1787924657.783847,-0.118314,0.908948,3.140290,0.0082,-0.0000
1787924657.789218,-0.118278,0.908849,3.140171,0.0037,-0.0000
1787924657.795627,-0.118095,0.909047,3.140636,-0.0059,-0.0000
1787924657.797678,-0.118273,0.909044,3.140522,0.0219,-0.0000
1787924657.809083,-0.118219,0.909000,3.140298,0.0139,-0.0000
1787924657.816014,-0.118161,0.909085,3.140255,0.0072,-0.0000
1787924657.822235,-0.118162,0.909096,3.140490,0.0051,-0.0000
1787924657.830784,-0.118137,0.908855,3.140034,0.0027,-0.0000
1787924657.836089,-0.118167,0.909064,3.140392,0.0036,-0.0000
1787924657.841369,-0.118187,0.908890,3.140084,0.0036,-0.0000
1787924657.849160,-0.118141,0.908917,3.140362,0.0008,-0.0000
1787924657.856281,-0.118174,0.908759,3.140161,0.0019,-0.0000
1787924657.863463,-0.118155,0.908893,3.140273,0.0005,-0.0000
1787924657.868345,-0.118221,0.908988,3.140585,0.0045,-0.0000
1787924657.875750,-0.118198,0.908660,3.139962,0.0022,-0.0000
1787924657.881196,-0.118144,0.908954,3.140720,-0.0014,-0.0000
1787924657.887981,-0.118062,0.908852,3.140244,-0.0047,-0.0000
1787924657.894155,-0.118105,0.908928,3.140468,-0.0012,-0.0000
1787924657.901870,-0.118074,0.908900,3.140051,-0.0020,-0.0000
1787924657.908166,-0.118058,0.909146,3.140482,-0.0022,-0.0000
1787924657.918475,-0.118135,0.909087,3.140292,0.0007,-0.0000
1787924657.922517,-0.118162,0.909062,3.140216,0.0025,-0.0000
1787924657.929467,-0.118139,0.909182,3.140749,0.0008,-0.0000
1787924657.935244,-0.118176,0.909039,3.140178,0.0024,-0.0000
1787924657.943459,-0.118116,0.909199,3.140479,-0.0005,-0.0000
1787924657.948607,-0.118268,0.909151,3.140363,0.0085,-0.0000
1787924657.956334,-0.118207,0.909108,3.140425,0.0036,-0.0000
1787924657.961192,-0.118292,0.909089,3.140434,0.0077,-0.0000
1787924657.968118,-0.118136,0.909188,3.140473,-0.0013,-0.0000
1787924657.976364,-0.118150,0.909024,3.140471,-0.0004,-0.0000
1787924657.984612,-0.118229,0.908914,3.140294,0.0026,-0.0000
1787924657.988827,-0.118151,0.909082,3.140508,-0.0038,-0.0000
1787924657.994696,-0.118123,0.909035,3.140368,-0.0041,-0.0000
1787924658.002707,-0.118155,0.909004,3.140240,-0.0016,-0.0000
1787924658.011302,-0.118112,0.909159,3.140480,-0.0027,-0.0000
1787924658.015460,-0.118181,0.908910,3.140350,0.0031,-0.0000
1787924658.023000,-0.118022,0.909186,3.140506,-0.0041,-0.0000
1787924658.031591,-0.118141,0.908972,3.140216,0.0013,-0.0000
1787924658.036621,-0.118191,0.909090,3.140599,0.0039,-0.0000
1787924658.041940,-0.118148,0.908988,3.140487,0.0002,-0.0000
1787924658.049087,-0.118082,0.909062,3.140267,-0.0026,-0.0000
1787924658.055360,-0.118177,0.908974,3.140240,0.0027,-0.0000
1787924658.062773,-0.118194,0.909087,3.140597,0.0026,-0.0000
1787924658.068595,-0.118092,0.909004,3.140248,-0.0035,-0.0000
1787924658.074709,-0.118305,0.908926,3.140216,0.0080,-0.0000
1787924658.081912,-0.118149,0.909120,3.140604,-0.0009,-0.0000
1787924658.088261,-0.118132,0.909030,3.140614,-0.0014,-0.0000
1787924658.095948,-0.118132,0.909091,3.140515,-0.0010,-0.0000
1787924658.102505,-0.118204,0.908959,3.140190,0.0026,-0.0000
1787924658.110746,-0.118157,0.909210,3.140514,0.0001,-0.0000
1787924658.118033,-0.118113,0.908990,3.140415,-0.0018,-0.0000
1787924658.123247,-0.118237,0.909107,3.140340,0.0059,-0.0000
1787924658.128897,-0.118182,0.909204,3.140272,0.0012,-0.0000
1787924658.135202,-0.118169,0.908980,3.140034,0.0002,-0.0000
1787924658.142907,-0.118215,0.909251,3.140721,0.0020,-0.0000
1787924658.149359,-0.118096,0.908967,3.139956,-0.0042,-0.0000
1787924658.155144,-0.118163,0.908960,3.140237,0.0006,-0.0000
1787924658.161902,-0.118113,0.909078,3.140547,-0.0018,-0.0000
1787924658.168284,-0.118169,0.908832,3.140168,0.0013,-0.0000
1787924658.175386,-0.118116,0.909069,3.140386,-0.0013,-0.0000
1787924658.181843,-0.118125,0.908891,3.140252,-0.0005,-0.0000
1787924658.191318,-0.118184,0.909103,3.140528,0.0015,-0.0000
1787924658.198925,-0.118234,0.909031,3.140331,0.0030,-0.0000
1787924658.203767,-0.118109,0.909016,3.140205,-0.0056,-0.0000
1787924658.208629,-0.118170,0.909188,3.140566,-0.0001,-0.0000
1787924658.215903,-0.118137,0.908998,3.140445,-0.0014,-0.0000
1787924658.222853,-0.118118,0.909290,3.140831,-0.0019,-0.0000
1787924658.228958,-0.118119,0.908951,3.140117,-0.0013,-0.0000
1787924658.237739,-0.118214,0.909087,3.140501,0.0024,-0.0000
1787924658.242426,-0.118137,0.908839,3.140194,-0.0033,-0.0000
1787924658.247386,-0.118165,0.908900,3.140207,-0.0006,-0.0000
1787924658.255666,-0.118152,0.908855,3.139960,-0.0009,-0.0000
1787924658.260797,-0.118198,0.908922,3.140291,0.0021,-0.0000
1787924658.270427,-0.118200,0.908965,3.140155,0.0015,-0.0000
1787924658.277914,-0.118083,0.908970,3.140425,-0.0036,-0.0000
1787924658.281887,-0.118190,0.909055,3.140110,0.0055,-0.0000
1787924658.288760,-0.118132,0.909025,3.140173,0.0014,-0.0000
1787924658.295597,-0.118183,0.909025,3.140229,0.0032,-0.0000
1787924658.302583,-0.118094,0.909001,3.140116,-0.0016,-0.0000
1787924658.309084,-0.118191,0.909121,3.140466,0.0034,-0.0000
1787924658.318185,-0.118080,0.909138,3.140342,-0.0013,-0.0000
1787924658.331899,-0.118163,0.909009,3.140428,0.0009,-0.0000
1787924658.340733,-0.118059,0.908986,3.140256,-0.0029,-0.0000
1787924658.342088,-0.118133,0.908988,3.140192,0.0144,-0.0000
1787924658.345263,-0.118140,0.909208,3.140590,0.0108,-0.0000
1787924658.348729,-0.118179,0.909005,3.140129,0.0109,-0.0000
1787924658.355543,-0.118189,0.908924,3.140214,0.0081,-0.0000
1787924658.361562,-0.118170,0.909045,3.140341,0.0047,-0.0000
1787924658.369637,-0.118122,0.908993,3.140242,0.0015,-0.0000
1787924658.376887,-0.118142,0.908830,3.140000,0.0019,-0.0000
1787924658.381617,-0.118176,0.909106,3.140226,0.0035,-0.0000
1787924658.390040,-0.118166,0.908973,3.140325,0.0021,-0.0000
1787924658.394455,-0.118213,0.908969,3.140333,0.0047,-0.0000
1787924658.402512,-0.118213,0.908935,3.140500,0.0033,-0.0000
1787924658.408983,-0.118295,0.909093,3.140400,0.0061,-0.0000
1787924658.414764,-0.118145,0.908929,3.140266,-0.0035,-0.0000
1787924658.421296,-0.118148,0.909102,3.140558,-0.0023,-0.0000
1787924658.429769,-0.118233,0.908795,3.140029,0.0014,-0.0000
1787924658.434921,-0.118191,0.908997,3.140255,-0.0015,-0.0000
1787924658.441079,-0.118159,0.908951,3.140136,-0.0026,-0.0000
1787924658.447872,-0.118205,0.909094,3.140301,0.0002,-0.0000
1787924658.454653,-0.118231,0.908845,3.140187,0.0013,-0.0000
1787924658.462972,-0.118192,0.908931,3.140139,-0.0005,-0.0000
1787924658.468220,-0.118197,0.908922,3.140271,-0.0000,-0.0000
1787924658.477447,-0.118244,0.908846,3.139954,0.0015,-0.0000
1787924658.482214,-0.118197,0.908941,3.140225,-0.0019,-0.0000
1787924658.488483,-0.118130,0.908880,3.140113,-0.0046,-0.0000
1787924658.495703,-0.118193,0.909110,3.140335,-0.0006,-0.0000
1787924658.501944,-0.118125,0.908999,3.140186,-0.0037,-0.0000
1787924658.508991,-0.118204,0.908875,3.139947,0.0008,-0.0000
1787924658.515597,-0.118138,0.908974,3.140311,-0.0024,-0.0000
1787924658.521578,-0.118195,0.909165,3.140136,0.0012,-0.0000
1787924658.530143,-0.118145,0.908871,3.140001,-0.0010,-0.0000
1787924658.534647,-0.118118,0.909114,3.140327,-0.0024,-0.0000
1787924658.544003,-0.118058,0.908994,3.140353,-0.0036,-0.0000
1787924658.547950,-0.118085,0.908955,3.140229,-0.0005,-0.0000
1787924658.556793,-0.118199,0.908968,3.139934,0.0035,-0.0000
1787924658.562252,-0.118243,0.909052,3.140290,0.0049,-0.0000
1787924658.568715,-0.118123,0.909045,3.140278,-0.0022,-0.0000
1787924658.574197,-0.118096,0.909045,3.140281,-0.0030,-0.0000
1787924658.581384,-0.118091,0.908907,3.139962,-0.0023,-0.0000
1787924658.590182,-0.118001,0.908976,3.140381,-0.0047,-0.0000
1787924658.597002,-0.118196,0.909177,3.140473,0.0053,-0.0000
1787924658.601185,-0.118163,0.908917,3.139971,0.0013,-0.0000
1787924658.605784,-0.118273,0.909047,3.140436,0.0081,-0.0000
1787924658.614903,-0.118212,0.908887,3.140332,0.0037,-0.0000
1787924658.622402,-0.118142,0.909068,3.140131,-0.0002,-0.0000
1787924658.631340,-0.118158,0.909091,3.140439,0.0004,-0.0000
1787924658.635690,-0.118167,0.908984,3.140243,0.0009,-0.0000
1787924658.641553,-0.118097,0.909017,3.140314,-0.0030,-0.0000
1787924658.649510,-0.118133,0.909037,3.139970,-0.0007,-0.0000
1787924658.655619,-0.118179,0.908971,3.140050,0.0018,-0.0000
1787924658.663003,-0.118167,0.909095,3.140352,0.0008,-0.0000
1787924658.668094,-0.118102,0.909065,3.140350,-0.0033,-0.0000
1787924658.675365,-0.118181,0.908764,3.139733,0.0009,-0.0000
1787924658.681997,-0.118188,0.909253,3.140604,0.0010,-0.0000
1787924658.688869,-0.118130,0.908806,3.140131,-0.0019,-0.0000
1787924658.694344,-0.118157,0.909124,3.140723,0.0002,-0.0000
1787924658.701690,-0.118117,0.908911,3.140202,-0.0015,-0.0000
1787924658.708382,-0.118101,0.909115,3.140486,-0.0018,-0.0000
1787924658.715899,-0.118180,0.909048,3.140430,0.0019,-0.0000
1787924658.721414,-0.118090,0.909050,3.140225,-0.0036,-0.0000
1787924658.734743,-0.118139,0.909006,3.140294,-0.0014,-0.0000
1787924658.749277,-0.118126,0.909131,3.140391,-0.0012,-0.0000
1787924658.750737,-0.118118,0.909116,3.140316,-0.0024,-0.0000
1787924658.753686,-0.118175,0.909026,3.140215,0.0041,-0.0000
1787924658.756368,-0.118054,0.909036,3.140320,-0.0107,-0.0000
1787924658.762136,-0.118184,0.908972,3.140147,-0.0007,-0.0000
1787924658.769358,-0.118115,0.909140,3.140659,-0.0034,-0.0000
1787924658.775505,-0.118172,0.908856,3.140076,0.0004,-0.0000
1787924658.781792,-0.118126,0.909023,3.140452,-0.0019,-0.0000
1787924658.788529,-0.118168,0.909004,3.140459,0.0005,-0.0000
1787924658.794973,-0.118107,0.909084,3.140371,-0.0024,-0.0000
1787924658.800056,-0.118119,0.908870,3.140036,-0.0010,-0.0000
1787924658.808918,-0.118116,0.908971,3.140156,-0.0008,-0.0000
1787924658.814961,-0.118136,0.909169,3.140277,0.0004,-0.3000
1787924658.822327,-0.118181,0.909079,3.140311,0.0021,-0.3000
1787924658.826580,-0.118164,0.908981,3.140077,0.0003,-0.3000
1787924658.835239,-0.118085,0.909151,3.140511,-0.0026,-0.3000
1787924658.842058,-0.118186,0.908951,3.140168,0.0027,-0.3000
1787924658.850382,-0.118169,0.909116,3.140366,0.0012,-0.3000
1787924658.854679,-0.118255,0.908850,3.140182,0.0068,-0.3000
1787924658.861916,-0.118276,0.908922,3.140411,0.0057,-0.3000
1787924658.869542,-0.118168,0.909206,3.141314,-0.0003,-0.3000
1787924658.875407,-0.118297,0.909147,3.141422,0.0064,-0.3000
1787924658.880936,-0.118362,0.909356,-3.140960,0.0080,-0.3000
1787924658.889112,-0.118268,0.909238,-3.140590,0.0022,-0.3000
1787924658.894702,-0.118251,0.909574,-3.139856,0.0006,-0.3000
1787924658.903377,-0.118307,0.909301,-3.140286,0.0023,-0.3000
1787924658.910487,-0.118311,0.909228,-3.140692,0.0018,-0.3000
1787924658.915919,-0.118308,0.909502,-3.140570,0.0011,-0.6000
1787924658.922639,-0.118385,0.909184,3.141521,0.0042,-0.6000
1787924658.928537,-0.118488,0.908938,3.140348,0.0081,-0.6000
1787924658.936200,-0.118529,0.908971,3.139224,0.0073,-0.6000
1787924658.943485,-0.118557,0.908754,3.138038,0.0063,-0.6000
1787924658.953374,-0.118462,0.908521,3.136298,0.0015,-0.6000
1787924658.957677,-0.118615,0.908082,3.134432,0.0115,-0.6000
1787924658.962669,-0.118698,0.908105,3.133170,0.0130,-0.6000
1787924658.967693,-0.118732,0.908082,3.132518,0.0111,-0.6000
1787924658.974459,-0.118662,0.908050,3.131838,0.0047,-0.6000
1787924658.981514,-0.118914,0.907992,3.131875,0.0140,-0.6000
1787924658.991534,-0.118839,0.908222,3.131857,0.0076,-0.6000
1787924658.995657,-0.118897,0.908260,3.131487,0.0096,-0.6000
1787924659.001174,-0.118997,0.908266,3.131411,0.0122,-0.6000
1787924659.008684,-0.118915,0.908244,3.131544,0.0052,-0.6000
1787924659.015417,-0.118857,0.908524,3.131199,0.0012,-0.7000
1787924659.022071,-0.118903,0.908718,3.130977,0.0030,-0.7000
1787924659.028121,-0.118983,0.908748,3.130540,0.0061,-0.7000
1787924659.034471,-0.118902,0.908781,3.130029,0.0004,-0.7000
1787924659.044839,-0.118983,0.908973,3.129627,0.0027,-0.7000
1787924659.048351,-0.118993,0.908973,3.128584,0.0028,-0.7000
1787924659.056570,-0.118845,0.908915,3.127831,-0.0035,-0.7000
1787924659.062928,-0.118851,0.908728,3.126683,-0.0023,-0.7000
1787924659.069062,-0.118818,0.908602,3.125798,-0.0033,-0.7000
1787924659.076353,-0.118731,0.908154,3.124077,-0.0062,-0.7000
1787924659.081972,-0.118892,0.908323,3.123430,0.0044,-0.7000
1787924659.088347,-0.118771,0.908083,3.122846,-0.0028,-0.7000
1787924659.095317,-0.118728,0.908130,3.122580,-0.0038,-0.7000
1787924659.103796,-0.118585,0.908308,3.121804,-0.0076,-0.7000
1787924659.108577,-0.118561,0.907938,3.121201,-0.0073,-0.7000
1787924659.114953,-0.118388,0.908095,3.121035,-0.0131,-0.7000
1787924659.122042,-0.118466,0.907916,3.120528,-0.0060,-0.7000
1787924659.129459,-0.118460,0.907838,3.120496,-0.0045,-0.7000
1787924659.135544,-0.118473,0.907843,3.120417,-0.0025,-0.7000
1787924659.143350,-0.118459,0.907975,3.121115,-0.0022,-0.7000
1787924659.148693,-0.118387,0.907978,3.121799,-0.0056,-0.7000
1787924659.160749,-0.118557,0.907818,3.121457,0.0002,-0.7000
1787924659.163720,-0.118419,0.907881,3.122392,-0.0136,-0.7000
1787924659.169511,-0.118461,0.907888,3.122774,-0.0074,-0.7000
1787924659.175416,-0.118380,0.907832,3.122706,-0.0093,-0.7000
1787924659.182000,-0.118419,0.907674,3.122887,-0.0049,-0.7000
1787924659.188966,-0.118353,0.907455,3.122494,-0.0064,-0.7000
1787924659.195636,-0.118238,0.907368,3.122420,-0.0097,-0.7000
1787924659.201629,-0.118290,0.907407,3.122280,-0.0042,-0.7000
1787924659.209325,-0.118236,0.906947,3.121530,-0.0054,-0.7000
1787924659.216146,-0.118160,0.907090,3.121315,-0.0070,-0.7000
1787924659.223696,-0.117886,0.907087,3.121672,-0.0158,-0.7000
1787924659.229707,-0.117796,0.906532,3.120535,-0.0161,-0.7000
1787924659.234883,-0.117435,0.906592,3.120281,-0.0321,-0.7000
1787924659.241244,-0.117232,0.906375,3.120455,-0.0323,-0.7000
1787924659.249909,-0.116908,0.906412,3.120907,-0.0338,-0.7000
1787924659.260750,-0.116444,0.906410,3.121784,-0.0365,-0.7000
1787924659.264205,-0.115958,0.906633,3.123947,-0.0675,-0.7000
1787924659.269349,-0.115378,0.906796,3.125517,-0.0809,-0.7000
1787924659.274764,-0.114821,0.907094,3.127839,-0.0872,-0.7000
1787924659.281717,-0.114193,0.907377,3.130436,-0.0880,-0.7000
1787924659.289600,-0.113377,0.907212,3.132632,-0.0927,-0.7000
1787924659.296313,-0.112736,0.907454,3.134952,-0.0935,-0.7000
1787924659.302049,-0.111823,0.907352,3.137115,-0.1132,-0.7000
1787924659.307974,-0.110803,0.907341,3.139353,-0.1309,-0.7000
1787924659.317135,-0.109736,0.907029,3.140991,-0.1266,-0.7000
1787924659.322100,-0.108507,0.906963,-3.141569,-0.1628,-0.7000
1787924659.328796,-0.107347,0.907553,-3.139335,-0.1660,-0.7000
1787924659.334550,-0.106463,0.907468,-3.137420,-0.1623,-0.7000
1787924659.342079,-0.105252,0.907187,-3.136741,-0.1618,-0.7000
1787924659.353071,-0.104113,0.906701,-3.135846,-0.1443,-0.7000
1787924659.356316,-0.102926,0.906439,-3.134088,-0.2106,-0.7000
1787924659.365166,-0.101824,0.906222,-3.133443,-0.1847,-0.7000
1787924659.368034,-0.100550,0.906361,-3.131789,-0.2627,-0.7000
1787924659.375446,-0.099514,0.905504,-3.131915,-0.2255,-0.7000
1787924659.382101,-0.098093,0.905866,-3.129219,-0.2221,-0.7000
1787924659.386997,-0.097139,0.905543,-3.128224,-0.2137,-0.7000
1787924659.396876,-0.095946,0.905343,-3.126420,-0.1857,-0.7000
1787924659.401778,-0.094843,0.905359,-3.125008,-0.1975,-0.7000
1787924659.410856,-0.093483,0.905165,-3.122518,-0.1831,-0.7000
1787924659.417038,-0.092475,0.905298,-3.120919,-0.1772,-0.7000
1787924659.424862,-0.091341,0.905321,-3.118941,-0.1675,-0.7000
1787924659.428985,-0.090042,0.905024,-3.117659,-0.2112,-0.7000
1787924659.436739,-0.089072,0.905148,-3.115539,-0.1855,-0.7000
1787924659.442101,-0.088225,0.904907,-3.114222,-0.1769,-0.7000
1787924659.449075,-0.086884,0.904579,-3.112227,-0.1811,-0.7000
1787924659.455921,-0.085971,0.904877,-3.110178,-0.1671,-0.7000
1787924659.465210,-0.084843,0.904524,-3.108683,-0.1530,-0.7000
1787924659.469069,-0.083458,0.904861,-3.106480,-0.2156,-0.7000
1787924659.475274,-0.082458,0.904747,-3.104987,-0.1991,-0.7000
1787924659.481694,-0.081520,0.904332,-3.102966,-0.1824,-0.7000
1787924659.488946,-0.080278,0.904292,-3.101390,-0.1790,-0.7000
1787924659.496644,-0.079030,0.904533,-3.098880,-0.1742,-0.7000
1787924659.502074,-0.077949,0.904801,-3.096682,-0.1823,-0.7000
1787924659.508850,-0.076630,0.904636,-3.093806,-0.1856,-0.7000
1787924659.516014,-0.075534,0.904437,-3.091301,-0.1753,-0.7000
1787924659.522977,-0.074513,0.904118,-3.089347,-0.1660,-0.7000
1787924659.529275,-0.073137,0.904195,-3.086943,-0.1818,-0.7000
1787924659.536078,-0.072165,0.904427,-3.083944,-0.1706,-0.7000
1787924659.542611,-0.070651,0.904259,-3.081347,-0.1884,-0.7000
1787924659.547931,-0.069289,0.904756,-3.077131,-0.2103,-0.7000
1787924659.556913,-0.067805,0.904416,-3.075852,-0.1960,-0.7000
1787924659.562016,-0.066515,0.904697,-3.071882,-0.2139,-0.7000
1787924659.576793,-0.065242,0.904486,-3.069434,-0.1752,-0.7000
1787924659.579401,-0.063853,0.904571,-3.066812,-0.2828,-0.7000
1787924659.582013,-0.062244,0.904700,-3.063532,-0.3833,-0.7000
1787924659.587386,-0.060882,0.904592,-3.061963,-0.3436,-0.7000
1787924659.594657,-0.059586,0.904266,-3.059070,-0.2927,-0.7000
1787924659.602662,-0.058375,0.904302,-3.057437,-0.2502,-0.7000
1787924659.609475,-0.056679,0.904335,-3.054872,-0.2497,-0.7000
1787924659.616220,-0.055275,0.904154,-3.053071,-0.2363,-0.7000
1787924659.621800,-0.053869,0.904287,-3.050350,-0.2413,-0.7000
1787924659.629642,-0.052665,0.903807,-3.048387,-0.2131,-0.7000
1787924659.635847,-0.051229,0.903641,-3.045904,-0.2175,-0.7000
1787924659.642004,-0.050057,0.903935,-3.042978,-0.2105,-0.7000
1787924659.649479,-0.048264,0.904239,-3.039912,-0.2202,-0.7000
1787924659.655571,-0.046980,0.903667,-3.038028,-0.2141,-0.7000
1787924659.662375,-0.045718,0.903967,-3.035122,-0.2066,-0.7000
1787924659.671017,-0.044369,0.903861,-3.032720,-0.1908,-0.7000
1787924659.674262,-0.042923,0.904098,-3.030041,-0.2689,-0.7000
1787924659.682501,-0.041564,0.904265,-3.027665,-0.2380,-0.7000
1787924659.689061,-0.040263,0.904019,-3.025050,-0.2244,-0.7000
1787924659.694831,-0.038919,0.904284,-3.022061,-0.2281,-0.7000
1787924659.697892,-0.037625,0.904172,-3.020111,-0.2843,-0.7000
1787924659.712755,-0.036180,0.904290,-3.017482,-0.2282,-0.7000
1787924659.716752,-0.034814,0.904660,-3.014050,-0.2650,-0.7000
1787924659.724701,-0.033483,0.904561,-3.011164,-0.2348,-0.7000
1787924659.729310,-0.032033,0.904733,-3.008685,-0.2594,-0.7000
1787924659.735563,-0.030755,0.904847,-3.005534,-0.2431,-0.7000
1787924659.743286,-0.029497,0.904646,-3.002935,-0.2174,-0.7000
1787924659.751233,-0.027818,0.904888,-2.999883,-0.2163,-0.7000
1787924659.756855,-0.026662,0.905064,-2.996095,-0.2138,-0.7000
1787924659.762676,-0.024992,0.905506,-2.992531,-0.2381,-0.7000
1787924659.771620,-0.023490,0.905512,-2.989775,-0.2165,-0.7000
1787924659.776001,-0.022147,0.905559,-2.986143,-0.2429,-0.7000
1787924659.783099,-0.020638,0.905825,-2.982587,-0.2348,-0.7000
1787924659.788214,-0.018890,0.905732,-2.979683,-0.2647,-0.7000
1787924659.794285,-0.017083,0.906019,-2.976339,-0.2756,-0.7000
1787924659.801233,-0.015741,0.905768,-2.973488,-0.2483,-0.7000
1787924659.809812,-0.013962,0.906117,-2.970789,-0.2372,-0.7000
1787924659.816524,-0.012563,0.906084,-2.967522,-0.2274,-0.7000
1787924659.821206,-0.011088,0.906311,-2.964740,-0.2547,-0.7000
1787924659.828516,-0.009365,0.906374,-2.962072,-0.2483,-0.7000
1787924659.835183,-0.007594,0.906126,-2.960155,-0.2502,-0.7000
1787924659.841473,-0.005946,0.906248,-2.957711,-0.2535,-0.7000
1787924659.848807,-0.004689,0.906040,-2.955867,-0.2264,-0.7000
1787924659.857778,-0.003071,0.906621,-2.953180,-0.2153,-0.7000
1787924659.866846,-0.001379,0.906797,-2.950520,-0.2068,-0.7000
1787924659.869210,0.000051,0.906853,-2.949159,-0.3242,-0.7000
1787924659.875378,0.001231,0.906773,-2.946869,-0.2825,-0.7000
1787924659.881915,0.002635,0.906601,-2.945301,-0.2594,-0.7000
1787924659.889409,0.004269,0.906991,-2.942831,-0.2488,-0.7000
1787924659.894884,0.005498,0.907017,-2.940680,-0.2404,-0.7000
1787924659.904592,0.006960,0.907304,-2.938307,-0.2143,-0.7000
1787924659.910365,0.008166,0.907614,-2.935667,-0.2147,-0.7000
1787924659.915323,0.009582,0.907386,-2.933598,-0.2312,-0.7000
1787924659.921775,0.010942,0.907761,-2.931191,-0.2273,-0.7000
1787924659.928009,0.012076,0.908066,-2.928807,-0.2156,-0.7000
1787924659.934932,0.013378,0.908761,-2.925563,-0.2125,-0.7000
1787924659.941630,0.014664,0.908826,-2.923169,-0.2056,-0.7000
1787924659.949100,0.016425,0.908956,-2.921404,-0.2141,-0.7000
1787924659.954213,0.017210,0.909757,-2.917069,-0.2052,-0.7000
1787924659.961376,0.018719,0.909779,-2.915069,-0.2055,-0.7000
1787924659.968914,0.020087,0.909799,-2.911976,-0.1970,-0.7000
1787924659.976586,0.021531,0.910761,-2.908062,-0.2015,-0.7000
1787924659.981561,0.022820,0.910856,-2.905004,-0.2180,-0.7000
1787924659.987050,0.024497,0.911245,-2.901348,-0.2467,-0.7000
1787924659.994740,0.025954,0.911849,-2.896313,-0.2335,-0.7000
1787924660.002711,0.027328,0.911819,-2.893921,-0.2133,-0.7000
1787924660.009689,0.028871,0.912584,-2.889444,-0.2218,-0.7000
1787924660.016531,0.030590,0.913155,-2.884819,-0.2345,-0.7000
1787924660.020779,0.032316,0.913498,-2.881625,-0.2881,-0.7000
1787924660.029274,0.034042,0.913656,-2.877986,-0.2620,-0.7000
1787924660.039748,0.035706,0.914131,-2.874470,-0.2330,-0.7000
1787924660.043269,0.037554,0.914164,-2.871551,-0.3156,-0.7000
1787924660.048600,0.039206,0.914256,-2.868301,-0.3118,-0.7000
1787924660.054771,0.040884,0.915291,-2.864184,-0.3105,-0.7000
1787924660.063095,0.042669,0.914934,-2.862976,-0.2756,-0.7000
1787924660.068833,0.044270,0.914908,-2.859878,-0.2730,-0.7000
1787924660.075648,0.046449,0.915079,-2.857589,-0.2853,-0.7000
1787924660.080398,0.047820,0.915492,-2.855043,-0.2902,-0.7000
1787924660.087891,0.049448,0.915830,-2.852160,-0.2694,-0.7000
1787924660.094658,0.051245,0.915687,-2.850325,-0.2631,-0.7000
1787924660.101588,0.052702,0.916274,-2.847544,-0.2519,-0.7000
1787924660.108867,0.054302,0.916289,-2.845553,-0.2396,-0.7000
1787924660.115637,0.055953,0.916496,-2.843351,-0.2404,-0.7000
1787924660.122424,0.057311,0.916802,-2.841194,-0.2296,-0.7000
1787924660.128239,0.058797,0.916327,-2.838988,-0.2266,-0.7000
1787924660.134712,0.060207,0.916703,-2.835911,-0.2262,-0.7000
1787924660.142834,0.061563,0.917688,-2.833499,-0.2171,-0.7000
1787924660.148878,0.062929,0.917747,-2.830861,-0.2174,-0.7000
1787924660.156981,0.064031,0.917934,-2.828164,-0.1931,-0.7000
1787924660.161879,0.065236,0.918387,-2.825989,-0.2139,-0.7000
1787924660.171504,0.066583,0.918634,-2.823401,-0.1921,-0.7000
1787924660.175334,0.067557,0.918776,-2.821004,-0.2103,-0.7000
1787924660.183303,0.068751,0.919164,-2.818084,-0.1945,-0.7000
1787924660.188089,0.070082,0.919473,-2.815535,-0.2214,-0.7000
1787924660.198179,0.071190,0.919676,-2.813533,-0.1881,-0.7000
1787924660.203048,0.072193,0.920517,-2.810246,-0.2070,-0.7000
1787924660.209321,0.073290,0.920505,-2.808053,-0.1943,-0.7000
1787924660.215978,0.074466,0.920752,-2.804955,-0.1897,-0.7000
1787924660.223341,0.075554,0.921438,-2.800761,-0.1839,-0.7000
1787924660.229912,0.076765,0.921970,-2.797066,-0.1890,-0.7000
1787924660.236005,0.077979,0.922723,-2.793029,-0.2011,-0.7000
1787924660.241998,0.079516,0.923383,-2.788715,-0.2244,-0.7000
1787924660.249553,0.080873,0.923954,-2.783578,-0.2155,-0.7000
1787924660.255320,0.082362,0.924763,-2.779545,-0.2382,-0.7000
1787924660.261980,0.083675,0.925541,-2.775900,-0.2345,-0.7000
1787924660.269476,0.085436,0.925940,-2.772370,-0.2356,-0.7000
1787924660.276125,0.086892,0.926769,-2.768207,-0.2398,-0.7000
1787924660.284304,0.088611,0.927475,-2.763986,-0.2360,-0.7000
1787924660.290022,0.090283,0.927870,-2.761007,-0.2543,-0.7000
1787924660.294788,0.091837,0.928395,-2.758089,-0.2811,-0.7000
1787924660.303117,0.093310,0.928570,-2.754923,-0.2483,-0.7000
1787924660.309677,0.095045,0.929183,-2.752551,-0.2578,-0.7000
1787924660.316148,0.096844,0.929380,-2.750358,-0.2611,-0.7000
1787924660.321032,0.098217,0.929965,-2.747773,-0.2744,-0.7000
1787924660.331646,0.099994,0.930038,-2.746710,-0.2393,-0.7000
1787924660.335722,0.101498,0.930106,-2.744897,-0.2715,-0.7000
1787924660.341973,0.102839,0.930793,-2.741949,-0.2622,-0.7000
1787924660.347959,0.104338,0.931014,-2.739681,-0.2570,-0.7000
1787924660.362539,0.105971,0.931298,-2.737883,-0.2131,-0.7000
1787924660.365801,0.107236,0.932014,-2.735555,-0.2820,-0.7000
1787924660.370383,0.108597,0.932051,-2.733055,-0.2801,-0.7000
1787924660.375938,0.109824,0.932377,-2.731530,-0.2639,-0.7000
1787924660.382524,0.111294,0.932735,-2.729012,-0.2526,-0.7000
1787924660.388870,0.112428,0.933292,-2.725952,-0.2365,-0.7000
1787924660.395913,0.113725,0.933730,-2.724141,-0.2236,-0.7000
1787924660.402585,0.114878,0.934485,-2.720494,-0.2177,-0.7000
1787924660.408993,0.116048,0.934946,-2.717255,-0.2112,-0.7000
1787924660.416343,0.117364,0.935120,-2.715565,-0.1997,-0.7000
1787924660.422304,0.118278,0.935644,-2.712211,-0.1926,-0.7000
1787924660.428354,0.119877,0.936023,-2.708822,-0.2147,-0.7000
1787924660.437624,0.120792,0.936887,-2.705694,-0.1889,-0.7000
1787924660.442226,0.122233,0.937515,-2.701632,-0.2347,-0.7000
1787924660.448859,0.123434,0.938216,-2.698192,-0.2270,-0.7000
1787924660.455112,0.124796,0.938657,-2.695026,-0.2269,-0.7000
1787924660.461462,0.125856,0.939462,-2.690994,-0.2205,-0.7000
1787924660.469590,0.127176,0.940093,-2.687031,-0.2084,-0.7000
1787924660.475714,0.128856,0.940742,-2.684200,-0.2337,-0.7000
1787924660.481394,0.130100,0.941785,-2.679779,-0.2470,-0.7000
1787924660.492720,0.131638,0.941880,-2.676998,-0.2104,-0.7000
1787924660.495570,0.133177,0.942685,-2.673544,-0.3302,-0.7000
1787924660.501521,0.134467,0.943693,-2.669217,-0.3121,-0.7000
1787924660.510803,0.136132,0.943960,-2.665589,-0.2703,-0.7000
1787924660.517002,0.137968,0.944957,-2.662736,-0.2903,-0.7000
1787924660.521513,0.139349,0.945475,-2.659400,-0.3005,-0.7000
1787924660.528600,0.140860,0.946154,-2.655920,-0.2803,-0.7000
1787924660.537274,0.142449,0.946507,-2.653389,-0.2505,-0.7000
1787924660.542489,0.143930,0.947667,-2.649950,-0.2820,-0.7000
1787924660.549991,0.145689,0.947681,-2.648108,-0.2596,-0.7000
1787924660.554953,0.147264,0.948257,-2.646015,-0.2820,-0.7000
1787924660.560737,0.148752,0.949116,-2.643095,-0.2865,-0.7000
1787924660.569719,0.150501,0.949036,-2.641247,-0.2505,-0.7000
1787924660.576861,0.151781,0.950025,-2.638132,-0.2425,-0.7000
1787924660.585107,0.153249,0.950707,-2.635342,-0.2285,-0.7000
1787924660.592094,0.155024,0.950795,-2.633401,-0.2284,-0.7000
1787924660.598010,0.155929,0.952130,-2.629762,-0.2330,-0.7000
1787924660.602980,0.157554,0.952666,-2.627431,-0.2644,-0.7000
1787924660.609301,0.159015,0.952963,-2.624761,-0.2524,-0.7000
1787924660.616224,0.160174,0.953824,-2.621257,-0.2388,-0.7000
1787924660.622110,0.161800,0.954161,-2.618632,-0.2475,-0.7000
1787924660.627577,0.162996,0.955145,-2.615570,-0.2571,-0.7000
1787924660.636128,0.163962,0.956036,-2.611192,-0.2250,-0.7000
1787924660.641099,0.165674,0.956561,-2.608671,-0.2626,-0.7000
1787924660.648070,0.166817,0.957654,-2.604111,-0.2502,-0.7000
1787924660.656802,0.168432,0.958078,-2.600796,-0.2302,-0.7000
1787924660.661382,0.169555,0.959128,-2.597392,-0.2597,-0.7000
1787924660.667969,0.171063,0.959901,-2.593328,-0.2587,-0.7000
1787924660.676274,0.172398,0.960767,-2.590181,-0.2386,-0.7000
1787924660.682833,0.173894,0.961592,-2.587118,-0.2450,-0.7000
1787924660.688976,0.175476,0.961906,-2.584316,-0.2452,-0.7000
1787924660.695388,0.176852,0.962811,-2.581414,-0.2487,-0.7000
1787924660.701444,0.178340,0.963296,-2.578749,-0.2492,-0.7000
1787924660.709173,0.179764,0.964170,-2.575794,-0.2393,-0.7000
1787924660.715734,0.180993,0.964704,-2.573543,-0.2280,-0.6821
1787924660.721907,0.182409,0.965681,-2.569869,-0.2432,-0.6821
1787924660.728840,0.183841,0.966270,-2.567846,-0.2361,-0.6821
1787924660.733281,0.185295,0.966763,-2.565050,-0.2658,-0.6821
1787924660.742891,0.186668,0.967607,-2.562384,-0.2363,-0.6821
1787924660.749265,0.188009,0.968317,-2.559769,-0.2365,-0.6821
1787924660.756238,0.189400,0.969002,-2.556231,-0.2317,-0.6821
1787924660.763112,0.190837,0.969744,-2.554432,-0.2324,-0.6821
1787924660.768379,0.192253,0.970645,-2.551471,-0.2582,-0.6821
1787924660.774852,0.193644,0.971055,-2.549076,-0.2449,-0.6821
1787924660.781760,0.194941,0.972279,-2.545948,-0.2478,-0.6821
1787924660.790777,0.196387,0.972763,-2.543910,-0.2223,-0.6821
1787924660.795807,0.197481,0.973283,-2.541410,-0.2270,-0.6821
1787924660.802130,0.198882,0.974314,-2.537543,-0.2414,-0.6821
1787924660.807760,0.200608,0.975039,-2.535251,-0.2666,-0.6821
1787924660.815451,0.201429,0.975944,-2.531161,-0.2331,-0.6913
1787924660.822748,0.202778,0.977034,-2.527460,-0.2343,-0.6913
1787924660.828156,0.203997,0.977979,-2.524519,-0.2495,-0.6913
1787924660.835149,0.205227,0.978883,-2.520794,-0.2401,-0.6913
1787924660.843002,0.206479,0.979453,-2.517886,-0.2196,-0.6913
1787924660.847578,0.207838,0.980611,-2.513697,-0.2705,-0.6913
1787924660.856519,0.209423,0.981035,-2.510915,-0.2407,-0.6913
1787924660.862809,0.210293,0.982573,-2.506442,-0.2454,-0.6913
1787924660.867443,0.211994,0.983158,-2.503802,-0.2828,-0.6913
1787924660.874565,0.213362,0.984246,-2.499941,-0.2715,-0.6913
1787924660.881945,0.214904,0.985081,-2.496734,-0.2606,-0.6913
1787924660.888554,0.216412,0.985938,-2.493268,-0.2605,-0.6913
1787924660.894417,0.217915,0.986821,-2.489519,-0.2708,-0.6913
1787924660.901724,0.219365,0.987674,-2.487426,-0.2582,-0.6913
1787924660.907999,0.220754,0.988652,-2.483505,-0.2618,-0.6913
1787924660.915739,0.222452,0.988893,-2.482086,-0.2410,-0.6639
1787924660.921514,0.223666,0.990331,-2.479082,-0.2644,-0.6639
1787924660.929010,0.225182,0.991138,-2.477135,-0.2528,-0.6639
1787924660.934548,0.226684,0.991731,-2.475344,-0.2607,-0.6639
1787924660.941532,0.228136,0.992393,-2.473827,-0.2491,-0.6639
1787924660.950817,0.229459,0.993134,-2.472277,-0.2227,-0.6639
1787924660.956773,0.230643,0.994108,-2.469856,-0.2331,-0.6639
1787924660.962566,0.232036,0.994729,-2.468728,-0.2396,-0.6639
1787924660.968252,0.233410,0.995517,-2.467214,-0.2504,-0.6639
1787924660.977139,0.234773,0.996188,-2.466170,-0.2253,-0.6639
1787924660.984211,0.235824,0.996995,-2.463919,-0.2139,-0.6639
1787924660.991496,0.237159,0.997581,-2.463371,-0.2077,-0.6639
1787924660.994238,0.238036,0.998872,-2.460586,-0.3088,-0.6639
1787924661.001295,0.239098,0.999598,-2.459026,-0.2706,-0.6639
1787924661.010004,0.240130,1.000418,-2.457757,-0.2349,-0.6639
1787924661.017101,0.241187,1.001354,-2.456605,-0.2240,-0.6610
1787924661.022877,0.242150,1.002229,-2.454914,-0.2243,-0.6610
1787924661.029014,0.243382,1.002946,-2.453355,-0.2258,-0.6610
1787924661.036025,0.244341,1.003801,-2.452332,-0.2130,-0.6610
1787924661.041531,0.244930,1.005140,-2.449000,-0.2204,-0.6610
1787924661.049273,0.246195,1.005983,-2.447887,-0.2128,-0.6610
1787924661.055198,0.247108,1.006826,-2.446345,-0.2118,-0.6610
1787924661.064204,0.248437,1.007871,-2.444714,-0.2046,-0.6610
1787924661.070074,0.249173,1.009003,-2.442364,-0.2093,-0.6610
1787924661.076470,0.250153,1.009865,-2.440454,-0.2077,-0.6610
1787924661.082651,0.251352,1.011059,-2.438282,-0.2272,-0.6610
1787924661.088621,0.252209,1.012203,-2.436012,-0.2291,-0.6610
1787924661.093685,0.253405,1.013357,-2.433121,-0.2587,-0.6610
1787924661.104352,0.254212,1.014578,-2.430201,-0.2207,-0.6610
1787924661.108221,0.255377,1.016031,-2.427484,-0.2965,-0.6610
1787924661.115582,0.256587,1.016955,-2.424953,-0.2695,-0.6507
1787924661.122003,0.257708,1.018323,-2.421203,-0.2702,-0.6507
1787924661.124566,0.258745,1.019436,-2.418326,-0.3664,-0.6507
1787924661.134815,0.259589,1.020679,-2.414390,-0.2991,-0.6507
1787924661.141883,0.261040,1.021976,-2.411279,-0.2920,-0.6507
1787924661.150813,0.261979,1.022981,-2.407615,-0.2504,-0.6507
1787924661.155335,0.263191,1.024034,-2.404983,-0.2818,-0.6507
1787924661.161829,0.264423,1.024932,-2.401976,-0.2672,-0.6507
1787924661.169652,0.265709,1.025821,-2.398686,-0.2464,-0.6507
1787924661.175518,0.266878,1.027047,-2.395623,-0.2590,-0.6507
1787924661.181865,0.267669,1.028125,-2.391818,-0.2434,-0.6507
1787924661.188270,0.269350,1.028916,-2.389308,-0.2532,-0.6507
1787924661.194598,0.270094,1.029765,-2.385281,-0.2305,-0.6507
1787924661.201060,0.271417,1.030299,-2.382503,-0.2230,-0.6507
1787924661.211485,0.272731,1.031228,-2.379388,-0.2019,-0.6507
1787924661.213423,0.273763,1.032063,-2.376023,-0.3462,-0.6282
1787924661.220489,0.275244,1.032743,-2.373078,-0.3076,-0.6282
1787924661.228134,0.276595,1.033251,-2.369437,-0.2672,-0.6282
1787924661.234919,0.277513,1.034094,-2.365424,-0.2421,-0.6282
1787924661.242056,0.278584,1.034576,-2.362375,-0.2158,-0.6282
1787924661.250245,0.279572,1.035820,-2.358042,-0.2088,-0.6282
1787924661.254483,0.281140,1.036000,-2.355445,-0.2336,-0.6282
1787924661.262195,0.282201,1.036588,-2.351984,-0.2088,-0.6282
1787924661.268976,0.283351,1.037162,-2.348856,-0.2000,-0.6282
1787924661.274830,0.284741,1.037847,-2.345877,-0.2149,-0.6282
1787924661.281938,0.285679,1.038580,-2.342175,-0.2002,-0.6282
1787924661.290781,0.286991,1.039528,-2.339199,-0.1942,-0.6282
1787924661.299247,0.287911,1.039872,-2.335828,-0.1673,-0.6282
1787924661.301594,0.288961,1.040639,-2.332581,-0.2806,-0.6282
1787924661.303609,0.290483,1.041079,-2.330329,-0.4000,-0.6282
1787924661.317852,0.291674,1.042036,-2.327582,-0.3119,-0.6168
1787924661.322357,0.292592,1.042835,-2.324015,-0.2989,-0.6168
1787924661.328051,0.293800,1.043873,-2.320833,-0.2927,-0.6168
1787924661.334450,0.294902,1.044762,-2.317664,-0.2706,-0.6168
1787924661.343159,0.296076,1.045551,-2.314876,-0.2368,-0.6168
1787924661.348590,0.297187,1.046612,-2.311699,-0.2504,-0.6168
1787924661.356492,0.298242,1.047579,-2.307777,-0.2294,-0.6168
1787924661.361122,0.299198,1.048530,-2.304474,-0.2478,-0.6168
1787924661.369127,0.300675,1.049968,-2.300509,-0.2505,-0.6168
1787924661.375952,0.301643,1.051055,-2.297452,-0.2393,-0.6168
1787924661.382488,0.302937,1.052358,-2.293915,-0.2517,-0.6168
1787924661.389797,0.303528,1.053941,-2.289729,-0.2411,-0.6168
1787924661.394614,0.304747,1.055013,-2.286941,-0.2689,-0.6168
1787924661.400854,0.305536,1.056546,-2.283239,-0.2688,-0.6168
1787924661.411365,0.306794,1.057761,-2.280219,-0.2379,-0.6168
1787924661.414834,0.307563,1.058949,-2.277702,-0.2878,-0.5692
1787924661.421644,0.308645,1.060398,-2.273812,-0.2810,-0.5692
1787924661.428315,0.310051,1.061483,-2.272149,-0.2748,-0.5692
1787924661.435300,0.311110,1.063005,-2.269561,-0.2717,-0.5692
1787924661.442602,0.312313,1.063935,-2.267326,-0.2512,-0.5692
1787924661.449359,0.313760,1.065170,-2.264973,-0.2591,-0.5692
1787924661.454307,0.314405,1.066630,-2.261524,-0.2745,-0.5692
1787924661.461366,0.316051,1.067550,-2.260264,-0.2668,-0.5692
1787924661.469746,0.316743,1.068953,-2.256718,-0.2413,-0.5692
1787924661.476657,0.317511,1.070516,-2.252757,-0.2426,-0.5692
1787924661.480902,0.318680,1.071583,-2.250320,-0.2804,-0.5692
1787924661.488760,0.319962,1.072925,-2.247265,-0.2669,-0.5692
1787924661.496913,0.320494,1.074309,-2.243414,-0.2389,-0.5692
1787924661.505111,0.321966,1.075364,-2.240653,-0.2309,-0.5692
1787924661.507588,0.322908,1.076850,-2.236976,-0.3736,-0.5692
1787924661.514759,0.323977,1.078133,-2.234157,-0.3314,-0.5435
1787924661.522969,0.325258,1.079372,-2.231778,-0.2964,-0.5435
1787924661.528782,0.325744,1.081059,-2.227308,-0.2918,-0.5435
1787924661.535558,0.327200,1.082004,-2.224701,-0.2766,-0.5435
1787924661.541110,0.328158,1.083308,-2.221162,-0.2811,-0.5435
1787924661.548748,0.329052,1.084351,-2.217550,-0.2506,-0.5435
1787924661.555307,0.330191,1.085590,-2.214337,-0.2520,-0.5435
1787924661.561598,0.330923,1.086766,-2.210784,-0.2422,-0.5435
1787924661.568642,0.332582,1.087909,-2.208806,-0.2508,-0.5435
1787924661.575991,0.333583,1.089263,-2.206284,-0.2443,-0.5435
1787924661.582291,0.334715,1.090312,-2.203575,-0.2431,-0.5435
1787924661.590074,0.336055,1.091450,-2.201413,-0.2361,-0.5435
1787924661.594965,0.336866,1.092681,-2.197995,-0.2556,-0.5435
1787924661.600151,0.338032,1.094117,-2.194415,-0.2857,-0.5435
1787924661.607635,0.338912,1.094925,-2.192029,-0.2469,-0.5435
1787924661.615580,0.339774,1.096595,-2.188484,-0.2431,-0.5130
1787924661.622753,0.341121,1.097452,-2.186731,-0.2320,-0.5130
1787924661.630189,0.342432,1.098529,-2.184002,-0.2284,-0.5130
1787924661.634222,0.343386,1.099609,-2.181410,-0.2663,-0.5130
1787924661.641749,0.344353,1.100871,-2.178216,-0.2497,-0.5130
1787924661.649858,0.345096,1.102129,-2.174895,-0.2287,-0.5130
1787924661.654358,0.346115,1.103521,-2.171324,-0.2751,-0.5130
1787924661.662234,0.347130,1.104450,-2.168883,-0.2436,-0.5130
1787924661.671711,0.347520,1.106225,-2.164827,-0.2240,-0.5130
1787924661.675390,0.348753,1.107140,-2.162242,-0.2748,-0.5130
1787924661.683182,0.349439,1.108582,-2.158420,-0.2532,-0.5130
1787924661.690006,0.350433,1.109811,-2.155338,-0.2464,-0.5130
1787924661.695343,0.351640,1.110915,-2.152260,-0.2616,-0.5130
1787924661.701079,0.352149,1.112805,-2.148028,-0.2805,-0.5130
1787924661.707765,0.353248,1.113834,-2.144773,-0.2619,-0.5130
1787924661.717972,0.354060,1.115373,-2.140710,-0.2343,-0.4617
1787924661.721033,0.355330,1.116668,-2.138192,-0.3379,-0.4617
1787924661.732459,0.356262,1.118042,-2.134617,-0.2801,-0.4617
1787924661.736678,0.357111,1.119623,-2.130816,-0.3234,-0.4617
1787924661.741436,0.357888,1.121073,-2.126804,-0.3299,-0.4617
1787924661.748827,0.359058,1.122364,-2.123464,-0.3004,-0.4617
1787924661.757315,0.359639,1.123930,-2.120168,-0.2682,-0.4617
1787924661.762243,0.360874,1.125227,-2.117800,-0.2943,-0.4617
1787924661.769681,0.362104,1.126456,-2.115552,-0.2741,-0.4617
1787924661.776676,0.363087,1.127490,-2.113268,-0.2516,-0.4617
1787924661.782092,0.364211,1.129000,-2.110430,-0.2799,-0.4617
1787924661.789788,0.365144,1.130190,-2.108334,-0.2544,-0.4617
1787924661.794460,0.366016,1.131513,-2.105653,-0.2797,-0.4617
1787924661.802699,0.367141,1.132793,-2.103487,-0.2567,-0.4617
1787924661.809699,0.367902,1.134231,-2.099852,-0.2494,-0.4617
1787924661.815820,0.368285,1.135473,-2.095478,-0.2367,-0.4692
1787924661.824008,0.369268,1.137014,-2.092506,-0.2326,-0.4692
1787924661.827497,0.369892,1.138413,-2.089865,-0.2939,-0.4692
1787924661.835739,0.371113,1.139944,-2.087588,-0.2761,-0.4692
1787924661.842479,0.371875,1.141291,-2.084595,-0.2622,-0.4692
1787924661.849898,0.372515,1.142585,-2.081543,-0.2418,-0.4692
1787924661.856800,0.373616,1.143981,-2.078782,-0.2456,-0.4692
1787924661.862125,0.373935,1.145422,-2.075747,-0.2517,-0.4692
1787924661.869224,0.375304,1.146822,-2.073579,-0.2559,-0.4692
1787924661.875213,0.375700,1.148177,-2.069927,-0.2482,-0.4692
1787924661.883845,0.376347,1.149386,-2.066982,-0.2214,-0.4692
1787924661.888737,0.377200,1.151124,-2.064210,-0.2736,-0.4692
1787924661.895242,0.378149,1.152376,-2.061990,-0.2631,-0.4692
1787924661.901741,0.379007,1.153569,-2.059226,-0.2514,-0.4692
1787924661.907725,0.379564,1.155120,-2.055383,-0.2578,-0.4692
1787924661.915398,0.380900,1.156330,-2.053281,-0.2466,-0.4110
1787924661.921693,0.381372,1.158205,-2.049678,-0.2623,-0.4110
1787924661.928355,0.382482,1.159542,-2.046306,-0.2600,-0.4110
1787924661.934433,0.383447,1.161021,-2.043587,-0.2687,-0.4110
1787924661.943169,0.384419,1.162606,-2.040582,-0.2517,-0.4110
1787924661.947947,0.385169,1.164293,-2.037416,-0.2920,-0.4110
1787924661.954790,0.386209,1.165805,-2.034569,-0.2841,-0.4110
1787924661.963971,0.386925,1.167400,-2.031109,-0.2559,-0.4110
1787924661.969217,0.388008,1.168966,-2.029088,-0.2869,-0.4110
1787924661.974216,0.389135,1.170293,-2.026713,-0.3021,-0.4110
1787924661.982750,0.389882,1.171788,-2.023910,-0.2702,-0.4110
1787924661.987567,0.391087,1.173318,-2.021913,-0.3076,-0.4110
1787924661.996757,0.392024,1.174794,-2.019961,-0.2720,-0.4110
1787924662.003186,0.392756,1.175922,-2.017185,-0.2526,-0.4110
1787924662.008177,0.393777,1.177761,-2.014889,-0.3030,-0.4110
1787924662.014980,0.394499,1.179090,-2.012537,-0.2787,-0.3756
1787924662.025695,0.395531,1.180676,-2.010286,-0.2476,-0.3756
1787924662.027147,0.396392,1.182179,-2.008320,-0.5299,-0.3756
1787924662.035449,0.397270,1.183665,-2.006641,-0.4330,-0.3756
1787924662.040718,0.398592,1.184993,-2.004772,-0.4034,-0.3756
1787924662.050346,0.398952,1.186650,-2.001261,-0.3340,-0.3756
1787924662.054476,0.399760,1.187958,-1.999626,-0.3446,-0.3756
1787924662.063761,0.400167,1.189671,-1.996433,-0.2970,-0.3756
1787924662.068208,0.401011,1.190864,-1.994878,-0.3048,-0.3756
1787924662.076170,0.401762,1.192337,-1.992433,-0.2756,-0.3756
1787924662.081239,0.402293,1.193911,-1.989525,-0.2907,-0.3756
1787924662.090704,0.403221,1.195169,-1.987181,-0.2519,-0.3756
1787924662.096091,0.403182,1.196897,-1.983159,-0.2636,-0.3756
1787924662.102940,0.404489,1.198309,-1.981564,-0.2641,-0.3756
1787924662.111010,0.404734,1.199698,-1.977978,-0.2359,-0.3756
1787924662.118479,0.405260,1.201326,-1.975290,-0.2335,-0.3401
1787924662.120758,0.406289,1.202857,-1.972718,-0.4019,-0.3401
1787924662.128840,0.406363,1.204299,-1.968760,-0.3317,-0.3401
1787924662.134987,0.407106,1.205944,-1.965653,-0.3203,-0.3401
1787924662.142437,0.407995,1.207379,-1.963768,-0.2913,-0.3401
1787924662.153395,0.408399,1.209121,-1.959195,-0.2522,-0.3401
1787924662.154663,0.408782,1.210933,-1.956422,-0.6076,-0.3401
1787924662.161855,0.409605,1.212315,-1.952849,-0.4916,-0.3401
1787924662.167614,0.410399,1.214013,-1.950851,-0.4416,-0.3401
1787924662.174624,0.411612,1.215747,-1.948609,-0.3972,-0.3401
1787924662.182138,0.412624,1.217304,-1.946175,-0.3507,-0.3401
1787924662.188490,0.413251,1.219060,-1.943382,-0.3335,-0.3401
1787924662.194569,0.414059,1.220634,-1.941055,-0.3203,-0.3401
1787924662.201320,0.415249,1.221974,-1.939179,-0.2988,-0.3401
1787924662.208233,0.415881,1.223726,-1.936453,-0.2900,-0.3401
1787924662.214420,0.416648,1.225111,-1.934349,-0.2790,-0.3353
1787924662.231707,0.417680,1.227058,-1.932568,-0.2332,-0.3353
1787924662.233658,0.418261,1.228598,-1.930639,-0.4164,-0.3353
1787924662.245486,0.419219,1.229907,-1.928106,-0.3311,-0.3353
1787924662.246881,0.419987,1.231771,-1.926032,-0.6651,-0.3353
1787924662.249754,0.420319,1.233455,-1.923274,-0.6427,-0.3353
1787924662.256172,0.421213,1.235014,-1.921129,-0.5326,-0.3353
1787924662.261587,0.422512,1.236409,-1.919922,-0.4701,-0.3353
1787924662.268511,0.422852,1.238130,-1.917116,-0.4042,-0.3353
1787924662.274684,0.423416,1.239812,-1.915159,-0.3691,-0.3353
1787924662.281149,0.423720,1.241646,-1.912093,-0.3433,-0.3353
1787924662.288925,0.424928,1.242895,-1.910278,-0.3013,-0.3353
1787924662.291406,0.424923,1.244775,-1.907771,-0.4252,-0.3353
1787924662.300827,0.425598,1.246341,-1.905373,-0.3518,-0.3353
1787924662.307287,0.426266,1.247978,-1.903554,-0.3282,-0.3353
1787924662.314817,0.426966,1.249685,-1.900631,-0.3032,-0.2967
1787924662.321068,0.427753,1.251346,-1.898618,-0.2998,-0.2967
1787924662.332592,0.428332,1.253240,-1.896278,-0.2614,-0.2967
1787924662.335457,0.429237,1.254727,-1.894798,-0.3607,-0.2967
1787924662.341989,0.429710,1.256668,-1.892219,-0.3440,-0.2967
1787924662.348811,0.430005,1.258217,-1.889578,-0.3095,-0.2967
1787924662.354953,0.430583,1.260051,-1.887118,-0.3106,-0.2967
1787924662.360722,0.431575,1.261741,-1.886590,-0.3170,-0.2967
1787924662.364669,0.431658,1.263521,-1.883485,-0.3525,-0.2967
1787924662.374790,0.433196,1.265121,-1.882913,-0.3059,-0.2967
1787924662.379791,0.433139,1.266849,-1.879412,-0.3119,-0.2967
1787924662.387597,0.434348,1.268565,-1.878763,-0.2953,-0.2967
1787924662.395369,0.434480,1.270326,-1.876223,-0.2730,-0.2967
1787924662.401869,0.435429,1.271889,-1.874783,-0.2731,-0.2967
1787924662.409130,0.435845,1.273837,-1.872780,-0.2731,-0.2967
1787924662.415718,0.436564,1.275540,-1.870947,-0.2749,-0.2672
1787924662.424048,0.437036,1.277242,-1.868305,-0.2560,-0.2672
1787924662.428323,0.437869,1.278892,-1.866913,-0.3070,-0.2672
1787924662.435837,0.438158,1.280767,-1.864738,-0.2899,-0.2672
1787924662.442081,0.439283,1.282317,-1.864096,-0.2899,-0.2672
1787924662.448140,0.439338,1.283836,-1.860956,-0.2758,-0.2672
1787924662.455992,0.440273,1.285910,-1.859748,-0.2792,-0.2672
1787924662.462376,0.440398,1.287279,-1.856919,-0.2588,-0.2672
1787924662.468017,0.441249,1.289046,-1.855348,-0.2841,-0.2672
1787924662.474662,0.441183,1.290672,-1.852618,-0.2685,-0.2672
1787924662.481956,0.442462,1.292305,-1.851237,-0.2671,-0.2672
1787924662.489546,0.443111,1.293913,-1.849460,-0.2551,-0.2672
1787924662.495415,0.443586,1.295764,-1.846426,-0.2762,-0.2672
1787924662.501610,0.444307,1.297454,-1.845276,-0.2816,-0.2672
1787924662.507627,0.445209,1.298949,-1.843891,-0.2810,-0.2672
1787924662.515233,0.445823,1.300927,-1.842318,-0.2784,-0.2384
1787924662.520562,0.445643,1.302585,-1.838922,-0.2822,-0.2384
1787924662.528984,0.446331,1.304492,-1.837350,-0.2695,-0.2384
1787924662.538282,0.447238,1.306073,-1.836164,-0.2456,-0.2384
1787924662.542041,0.447475,1.307766,-1.833335,-0.3073,-0.2384
1787924662.549325,0.449104,1.309700,-1.832480,-0.3094,-0.2384
1787924662.555130,0.449369,1.311352,-1.829930,-0.3026,-0.2384
1787924662.562515,0.450139,1.313277,-1.828051,-0.2954,-0.2384
1787924662.569113,0.450246,1.314695,-1.825651,-0.2704,-0.2384
1787924662.574728,0.450786,1.316520,-1.823977,-0.2909,-0.2384
1787924662.583635,0.451434,1.318195,-1.822756,-0.2637,-0.2384
1787924662.587732,0.451774,1.319733,-1.820767,-0.2999,-0.2384
1787924662.595362,0.451931,1.321618,-1.818498,-0.2833,-0.2384
1787924662.601279,0.452623,1.323142,-1.816951,-0.2818,-0.2384
1787924662.608142,0.453030,1.324638,-1.815428,-0.2650,-0.2384
1787924662.614944,0.453166,1.326472,-1.812979,-0.2655,-0.2336
1787924662.621898,0.453707,1.327882,-1.811780,-0.2504,-0.2336
1787924662.629552,0.453990,1.329699,-1.809121,-0.2472,-0.2336
1787924662.633842,0.454037,1.331382,-1.806526,-0.2882,-0.2336
1787924662.641391,0.454426,1.333153,-1.805395,-0.2738,-0.2336
1787924662.652083,0.454803,1.334595,-1.802452,-0.2335,-0.2336
1787924662.660054,0.455134,1.336354,-1.800979,-0.2307,-0.2336
1787924662.666521,0.455780,1.338225,-1.799308,-0.2528,-0.2336
1787924662.670224,0.456125,1.339561,-1.797858,-0.2887,-0.2336
1787924662.675551,0.456193,1.341388,-1.795196,-0.3033,-0.2336
1787924662.681651,0.457168,1.343160,-1.794205,-0.3079,-0.2336
1787924662.688165,0.457766,1.344962,-1.792701,-0.3025,-0.2336
1787924662.694503,0.457411,1.346399,-1.789380,-0.2745,-0.2336
1787924662.703693,0.458329,1.348552,-1.788489,-0.2673,-0.2336
1787924662.707963,0.458684,1.350216,-1.786591,-0.3066,-0.2336
1787924662.714228,0.459222,1.351800,-1.785147,-0.2942,-0.1936
1787924662.720483,0.459781,1.353433,-1.783708,-0.2882,-0.1936
1787924662.730670,0.460225,1.355175,-1.781384,-0.2546,-0.1936
1787924662.735540,0.461478,1.356884,-1.781494,-0.2973,-0.1936
1787924662.743471,0.461697,1.358600,-1.779467,-0.2734,-0.1936
1787924662.748451,0.462012,1.360206,-1.777813,-0.2899,-0.1936
1787924662.755905,0.462752,1.361824,-1.776580,-0.2728,-0.1936
1787924662.760638,0.462892,1.363440,-1.775061,-0.2931,-0.1936
1787924662.769072,0.463328,1.365367,-1.773268,-0.2754,-0.1936
1787924662.775909,0.463675,1.366928,-1.772036,-0.2629,-0.1936
1787924662.801073,0.465129,1.368782,-1.772184,-0.2092,-0.1936
1787924662.803598,0.465444,1.370354,-1.771498,-0.3368,-0.1936
1787924662.806213,0.465857,1.371897,-1.769660,-0.4187,-0.1936
1787924662.807567,0.466374,1.373318,-1.768844,-0.6243,-0.1936
1787924662.809773,0.466866,1.374749,-1.766757,-0.6409,-0.1936
1787924662.814539,0.467100,1.376361,-1.765944,-0.5510,-0.1871
1787924662.821069,0.467269,1.377979,-1.764205,-0.4601,-0.1871
1787924662.830413,0.468105,1.379417,-1.763899,-0.3726,-0.1871
1787924662.839611,0.468481,1.380919,-1.762886,-0.3112,-0.1871
1787924662.846386,0.468602,1.382532,-1.761220,-0.2890,-0.1871
1787924662.851158,0.469188,1.384057,-1.760937,-0.3034,-0.1871
1787924662.855138,0.468859,1.385510,-1.758602,-0.3153,-0.1871
1787924662.861870,0.469520,1.387010,-1.758104,-0.2919,-0.1871
1787924662.869092,0.469624,1.388461,-1.756498,-0.2644,-0.1871
1787924662.875289,0.469539,1.389968,-1.754474,-0.2560,-0.1871
1787924662.882244,0.470729,1.391231,-1.754723,-0.2422,-0.1871
1787924662.888214,0.470346,1.392717,-1.752506,-0.2395,-0.1871
1787924662.894905,0.470966,1.394236,-1.751903,-0.2396,-0.1871
1787924662.901863,0.470656,1.395705,-1.748982,-0.2277,-0.1871
1787924662.911838,0.471103,1.397099,-1.748595,-0.2030,-0.1601
1787924662.915337,0.471399,1.398698,-1.747082,-0.2816,-0.1601
1787924662.920837,0.471609,1.400211,-1.745370,-0.2804,-0.1601
1787924662.930485,0.472074,1.401908,-1.744448,-0.2507,-0.1601
1787924662.936182,0.472415,1.403337,-1.742450,-0.2527,-0.1601
1787924662.941594,0.472696,1.404911,-1.741351,-0.2655,-0.1601
1787924662.948346,0.472437,1.406426,-1.739051,-0.2503,-0.1601
1787924662.955124,0.472687,1.407923,-1.737523,-0.2424,-0.1601
1787924662.962253,0.473361,1.409534,-1.736684,-0.2412,-0.1601
1787924662.968470,0.473306,1.410914,-1.735157,-0.2341,-0.1601
1787924662.975796,0.473490,1.412655,-1.733492,-0.2355,-0.1601
1787924662.982495,0.474667,1.414058,-1.733891,-0.2354,-0.1601
1787924662.988592,0.474692,1.415664,-1.732881,-0.2430,-0.1601
1787924662.995773,0.474915,1.417111,-1.731239,-0.2312,-0.1601
1787924663.006304,0.475543,1.418505,-1.731056,-0.2039,-0.1601
1787924663.011127,0.475551,1.420132,-1.729332,-0.2428,-0.1601
1787924663.018373,0.475864,1.421381,-1.728211,-0.2230,-0.1420
1787924663.023001,0.476360,1.422929,-1.727110,-0.2602,-0.1420
1787924663.028091,0.476815,1.424445,-1.726663,-0.2746,-0.1420
1787924663.033961,0.476954,1.425914,-1.725629,-0.2675,-0.1420
1787924663.043824,0.477480,1.427317,-1.724541,-0.2319,-0.1420
1787924663.049788,0.477628,1.428963,-1.723891,-0.2453,-0.1420
1787924663.054558,0.478082,1.430264,-1.723432,-0.2569,-0.1420
1787924663.058149,0.478090,1.431564,-1.722013,-0.2873,-0.1420
1787924663.064103,0.478285,1.433113,-1.720950,-0.2798,-0.1420
1787924663.074822,0.478656,1.434547,-1.720786,-0.2371,-0.1420
1787924663.080323,0.478785,1.435905,-1.719305,-0.2402,-0.1420
1787924663.089067,0.479085,1.437247,-1.718884,-0.2152,-0.1420
1787924663.096559,0.479377,1.439032,-1.718837,-0.2231,-0.1420
1787924663.100828,0.479622,1.440522,-1.717707,-0.2623,-0.1420
1787924663.109007,0.479865,1.441837,-1.717100,-0.2326,-0.1420
1787924663.116854,0.479854,1.443141,-1.715434,-0.2121,-0.1914
1787924663.123572,0.480400,1.444814,-1.715046,-0.2259,-0.1914
1787924663.128488,0.480305,1.445825,-1.712703,-0.2184,-0.1914
1787924663.136394,0.480583,1.447167,-1.712086,-0.2048,-0.1914
1787924663.141845,0.480661,1.448518,-1.711101,-0.2176,-0.1914
1787924663.151928,0.480828,1.449834,-1.709924,-0.1918,-0.1914
1787924663.156663,0.481374,1.451306,-1.709766,-0.2314,-0.1914
1787924663.162151,0.481064,1.452613,-1.708578,-0.2304,-0.1914
1787924663.168636,0.481312,1.454073,-1.707958,-0.2297,-0.1914
1787924663.175937,0.481779,1.455358,-1.707321,-0.2158,-0.1914
1787924663.184233,0.482070,1.457066,-1.706844,-0.2136,-0.1914
1787924663.191204,0.481857,1.458266,-1.705325,-0.1995,-0.1914
1787924663.195266,0.482410,1.459733,-1.705050,-0.2525,-0.1914
1787924663.202200,0.482519,1.460941,-1.703375,-0.2292,-0.1914
1787924663.209306,0.482467,1.462344,-1.701851,-0.2189,-0.1914
1787924663.215855,0.483286,1.463694,-1.702190,-0.2194,-0.1670
1787924663.221889,0.483288,1.465041,-1.700209,-0.2200,-0.1670
1787924663.227930,0.483557,1.466482,-1.699444,-0.2267,-0.1670
1787924663.236784,0.483503,1.467753,-1.697850,-0.2012,-0.1670
1787924663.245072,0.483435,1.469429,-1.696973,-0.2007,-0.1670
1787924663.253741,0.484081,1.470914,-1.696571,-0.1943,-0.1670
1787924663.255628,0.483822,1.472138,-1.695135,-0.3239,-0.1670
1787924663.262256,0.484451,1.473572,-1.694492,-0.2947,-0.1670
1787924663.269118,0.484621,1.474810,-1.693487,-0.2609,-0.1670
1787924663.275941,0.484950,1.476192,-1.692746,-0.2447,-0.1670
1787924663.281183,0.485175,1.477487,-1.691452,-0.2464,-0.1670
1787924663.290574,0.485471,1.478785,-1.691449,-0.2148,-0.1670
1787924663.294624,0.485757,1.480136,-1.690136,-0.2523,-0.1670
1787924663.302703,0.485506,1.481757,-1.688934,-0.2352,-0.1670
1787924663.310670,0.485957,1.483068,-1.688383,-0.2157,-0.1670
1787924663.315256,0.485763,1.484640,-1.686998,-0.2516,-0.1456
1787924663.322482,0.486029,1.485956,-1.686198,-0.2317,-0.1456
1787924663.328955,0.486624,1.487479,-1.685820,-0.2355,-0.1456
1787924663.334843,0.486866,1.488633,-1.684829,-0.2246,-0.1456
1787924663.345639,0.487027,1.490058,-1.684181,-0.1971,-0.1456
1787924663.350920,0.487358,1.491418,-1.683071,-0.2169,-0.1456
1787924663.357997,0.487360,1.492645,-1.681942,-0.2035,-0.1456
1787924663.361983,0.487652,1.494020,-1.681457,-0.2478,-0.1456
1787924663.369097,0.487220,1.495106,-1.679800,-0.2170,-0.1456
1787924663.374783,0.487842,1.496672,-1.680041,-0.2376,-0.1456
1787924663.383028,0.488055,1.498106,-1.679203,-0.2190,-0.1456
1787924663.388741,0.488323,1.499509,-1.679384,-0.2281,-0.1456
1787924663.395513,0.488540,1.500952,-1.678333,-0.2242,-0.1456
1787924663.400694,0.488575,1.502282,-1.677212,-0.2338,-0.1456
1787924663.409244,0.488920,1.503717,-1.676678,-0.2150,-0.1456
1787924663.415221,0.489039,1.505007,-1.675766,-0.2155,-0.1369
1787924663.422330,0.489336,1.506321,-1.675233,-0.2073,-0.1369
1787924663.428467,0.488943,1.507557,-1.673538,-0.2033,-0.1369
1787924663.435771,0.489867,1.509019,-1.673898,-0.2059,-0.1369
1787924663.442031,0.489595,1.510218,-1.672249,-0.2000,-0.1369
1787924663.449075,0.489409,1.511868,-1.671053,-0.2091,-0.1369
1787924663.454962,0.489798,1.513216,-1.670181,-0.2167,-0.1369
1787924663.461815,0.489905,1.514448,-1.669508,-0.2058,-0.1369
1787924663.467919,0.490441,1.515915,-1.669291,-0.2184,-0.1369
1787924663.475005,0.490383,1.517253,-1.667992,-0.2090,-0.1369
1787924663.484053,0.490163,1.518411,-1.666594,-0.1838,-0.1369
1787924663.488673,0.490490,1.519749,-1.666279,-0.2172,-0.1369
1787924663.494873,0.490635,1.521087,-1.664900,-0.2172,-0.1369
1787924663.505432,0.490816,1.522439,-1.664215,-0.1907,-0.1369
1787924663.517584,0.490836,1.524070,-1.663642,-0.1737,-0.2000
1787924663.518938,0.490722,1.525300,-1.662196,-0.3904,-0.2000
1787924663.522866,0.491054,1.526876,-1.661979,-0.3955,-0.2000
1787924663.527362,0.491285,1.528138,-1.660765,-0.3621,-0.2000
1787924663.534589,0.491496,1.529465,-1.660281,-0.3091,-0.2000
1787924663.541356,0.491523,1.530828,-1.659266,-0.2767,-0.2000
1787924663.549735,0.491970,1.532221,-1.658385,-0.2448,-0.2000
1787924663.555734,0.491905,1.533717,-1.657779,-0.2456,-0.2000
1787924663.562717,0.491909,1.534763,-1.655697,-0.2167,-0.2000
1787924663.568615,0.491764,1.536226,-1.655462,-0.2252,-0.2000
1787924663.573406,0.491708,1.537578,-1.653073,-0.2417,-0.2000
1787924663.581503,0.492387,1.538973,-1.652974,-0.2228,-0.2000
1787924663.587302,0.491965,1.540383,-1.651574,-0.2269,-0.2000
1787924663.599576,0.491905,1.541394,-1.649982,-0.1833,-0.2000
1787924663.602658,0.492603,1.542917,-1.650239,-0.2815,-0.2000
1787924663.610144,0.492659,1.544360,-1.649065,-0.2549,-0.2000
1787924663.617030,0.492793,1.545600,-1.648467,-0.2327,-0.1686
1787924663.622014,0.492871,1.546864,-1.647665,-0.2391,-0.1686
1787924663.628168,0.492638,1.548160,-1.646011,-0.2296,-0.1686
1787924663.635014,0.492129,1.549663,-1.644704,-0.2247,-0.1686
1787924663.640311,0.492636,1.550968,-1.644869,-0.2331,-0.1686
1787924663.648578,0.492444,1.552346,-1.643355,-0.2126,-0.1686
1787924663.654897,0.492666,1.553458,-1.642690,-0.2022,-0.1686
1787924663.663954,0.492764,1.554893,-1.641966,-0.1892,-0.1686
1787924663.668742,0.493271,1.556114,-1.642135,-0.2110,-0.1686
1787924663.674385,0.493487,1.557519,-1.641728,-0.2230,-0.1686
1787924663.682168,0.493359,1.558923,-1.640839,-0.2098,-0.1686
1787924663.688903,0.494031,1.560128,-1.640337,-0.2025,-0.1686
1787924663.694452,0.493839,1.561359,-1.638880,-0.2074,-0.1686
1787924663.701274,0.493472,1.562878,-1.637297,-0.2108,-0.1686
1787924663.711279,0.493688,1.564068,-1.636728,-0.1835,-0.1273
1787924663.716028,0.493882,1.565505,-1.635671,-0.2199,-0.1273
1787924663.722669,0.494035,1.566727,-1.635250,-0.2095,-0.1273
1787924663.729981,0.494352,1.568289,-1.634601,-0.2114,-0.1273
1787924663.734629,0.493926,1.569269,-1.632987,-0.2094,-0.1273
1787924663.744082,0.494659,1.570693,-1.632761,-0.1931,-0.1273
1787924663.748220,0.494132,1.572061,-1.631734,-0.2319,-0.1273
1787924663.755917,0.495062,1.573327,-1.632140,-0.2138,-0.1273
1787924663.765804,0.494822,1.574540,-1.631254,-0.1860,-0.1273
1787924663.767529,0.494714,1.575903,-1.630969,-0.3655,-0.1273
1787924663.775349,0.495170,1.577218,-1.630749,-0.3073,-0.1273
1787924663.781498,0.495636,1.578556,-1.630783,-0.2816,-0.1273
1787924663.789026,0.495554,1.579931,-1.630470,-0.2516,-0.1273
1787924663.797806,0.495749,1.581097,-1.629716,-0.2163,-0.1273
1787924663.802198,0.495469,1.582387,-1.627859,-0.2383,-0.1273
1787924663.807197,0.496024,1.583827,-1.628126,-0.2550,-0.1273
1787924663.814852,0.496094,1.585227,-1.627709,-0.2334,-0.1231
1787924663.822413,0.499749,1.587048,-1.629805,-0.2441,-0.1231
1787924663.827223,0.499443,1.588296,-1.628742,-0.2475,-0.1231
1787924663.834216,0.499819,1.589793,-1.628493,-0.2383,-0.1231
1787924663.840941,0.500023,1.590972,-1.627638,-0.2198,-0.1231
1787924663.848146,0.500027,1.592448,-1.626582,-0.2152,-0.1231
1787924663.857836,0.500209,1.593701,-1.625989,-0.1897,-0.1231
1787924663.863753,0.500267,1.595104,-1.625101,-0.2040,-0.1231
1787924663.868595,0.500309,1.596334,-1.624302,-0.2190,-0.1231
1787924663.875822,0.500116,1.597894,-1.623201,-0.2176,-0.1231
1787924663.880931,0.500797,1.599225,-1.623797,-0.2325,-0.1231
1787924663.888345,0.500497,1.600371,-1.622230,-0.2084,-0.1231
1787924663.894325,0.500781,1.601912,-1.621848,-0.2238,-0.1231
1787924663.902166,0.501200,1.603125,-1.621435,-0.2038,-0.1231
1787924663.908340,0.501234,1.604578,-1.620513,-0.2133,-0.1231
1787924663.916853,0.501316,1.606121,-1.619738,-0.2038,-0.2247
1787924663.921470,0.501795,1.607509,-1.620016,-0.2342,-0.2247
1787924663.927616,0.501083,1.608719,-1.616752,-0.2214,-0.2247
1787924663.935621,0.501617,1.610224,-1.617210,-0.2122,-0.2247
1787924663.943066,0.501466,1.611513,-1.615655,-0.2002,-0.2247
1787924663.947445,0.501405,1.612922,-1.614798,-0.2364,-0.2247
1787924663.952897,0.501396,1.614260,-1.613687,-0.2390,-0.2247
1787924663.963739,0.501906,1.615663,-1.613675,-0.2067,-0.2247
1787924663.970629,0.502041,1.617007,-1.613439,-0.2034,-0.2247
1787924663.975578,0.502583,1.618475,-1.613010,-0.2327,-0.2247
1787924663.978523,0.502564,1.619874,-1.611827,-0.3052,-0.2247
1787924663.987502,0.502455,1.621329,-1.611059,-0.2621,-0.2247
1787924663.995482,0.502644,1.622630,-1.610304,-0.2326,-0.2247
1787924664.001971,0.502483,1.624128,-1.609651,-0.2317,-0.2247
1787924664.009312,0.502545,1.625349,-1.608938,-0.2122,-0.2247
1787924664.014779,0.502576,1.626761,-1.608045,-0.2260,-0.3384
1787924664.021494,0.503212,1.628210,-1.608137,-0.2239,-0.3384
1787924664.028770,0.502772,1.629638,-1.607133,-0.2149,-0.3384
1787924664.034600,0.503769,1.630911,-1.607541,-0.2178,-0.3384
1787924664.040733,0.503181,1.632397,-1.605690,-0.2241,-0.3384
1787924664.047133,0.503671,1.633859,-1.606389,-0.2262,-0.3384
1787924664.055685,0.503461,1.635248,-1.604634,-0.2068,-0.3384
1787924664.063265,0.503887,1.636615,-1.604721,-0.1994,-0.3384
1787924664.067554,0.503839,1.637983,-1.603396,-0.2351,-0.3384
1787924664.076262,0.504046,1.639306,-1.602561,-0.2104,-0.3384
1787924664.082107,0.504447,1.640907,-1.602388,-0.2301,-0.3384
1787924664.089527,0.503918,1.642074,-1.600058,-0.2076,-0.3384
1787924664.095704,0.503499,1.643472,-1.598395,-0.2126,-0.3384
1787924664.098414,0.503825,1.644816,-1.598321,-0.2985,-0.3384
1787924664.103954,0.503723,1.646113,-1.597138,-0.2790,-0.3384
1787924664.113824,0.503870,1.647385,-1.596930,-0.2341,0.0000
1787924664.122295,0.504064,1.648676,-1.596481,-0.2097,0.0000
1787924664.129308,0.504006,1.649941,-1.595910,-0.2009,0.0000
1787924664.136708,0.504048,1.651246,-1.595687,-0.1935,0.0000
1787924664.140476,0.504626,1.652391,-1.596164,-0.2277,0.0000
1787924664.147330,0.503932,1.653296,-1.593855,-0.1983,0.0000
1787924664.155186,0.504073,1.654253,-1.592856,-0.1755,0.0000
1787924664.165036,0.503703,1.655203,-1.592295,-0.1515,0.0000
1787924664.168104,0.503796,1.656119,-1.591625,-0.1958,0.0000
1787924664.175183,0.503842,1.656761,-1.591295,-0.1643,0.0000
1787924664.184825,0.504179,1.657546,-1.591236,-0.1397,0.0000
1787924664.188273,0.503366,1.658132,-1.589120,-0.1474,0.0000
1787924664.195565,0.503649,1.658805,-1.588775,-0.1311,0.0000
1787924664.200807,0.503692,1.659329,-1.588518,-0.1218,0.0000
1787924664.207327,0.503458,1.659935,-1.587869,-0.1129,0.0000
1787924664.214596,0.503710,1.660204,-1.587786,-0.0903,0.0000
1787924664.222928,0.504059,1.660615,-1.588302,-0.0782,0.0000
1787924664.228290,0.504014,1.660962,-1.587835,-0.0742,0.0000
1787924664.235346,0.503966,1.661111,-1.587154,-0.0582,0.0000
1787924664.243248,0.504036,1.661369,-1.586424,-0.0506,0.0000
1787924664.248822,0.503953,1.661553,-1.585754,-0.0453,0.0000
1787924664.255373,0.503721,1.661677,-1.584209,-0.0372,0.0000
1787924664.261755,0.503682,1.661841,-1.583246,-0.0337,0.0000
1787924664.268696,0.503549,1.661705,-1.582553,-0.0177,0.0000
1787924664.277303,0.503791,1.661923,-1.582835,-0.0201,0.0000
1787924664.281650,0.503885,1.661833,-1.582811,-0.0079,0.0000
1787924664.287311,0.503926,1.661689,-1.583073,0.0021,0.0000
1787924664.295449,0.503969,1.661576,-1.583082,0.0056,0.0000
1787924664.301731,0.504002,1.661521,-1.583586,0.0065,0.0000
1787924664.308437,0.503894,1.661315,-1.583513,0.0138,0.0000
1787924664.314460,0.504001,1.661133,-1.584152,0.0187,0.0000
1787924664.322062,0.503778,1.660852,-1.584222,0.0243,0.0000
1787924664.328607,0.503933,1.660676,-1.584637,0.0250,0.0000
1787924664.334310,0.504113,1.660306,-1.585137,0.0368,0.0000
1787924664.341911,0.503790,1.660099,-1.584968,0.0341,0.0000
1787924664.352945,0.503738,1.659936,-1.585258,0.0283,0.0000
1787924664.355755,0.503575,1.659755,-1.584702,0.0394,0.0000
1787924664.363426,0.503545,1.659563,-1.584639,0.0351,0.0000
1787924664.371743,0.503647,1.659478,-1.584860,0.0276,0.0000
1787924664.375111,0.503369,1.659312,-1.584267,0.0345,0.0000
1787924664.380687,0.503614,1.659088,-1.584266,0.0360,0.0000
1787924664.388158,0.503736,1.658931,-1.584543,0.0314,0.0000
1787924664.395192,0.503549,1.658894,-1.584311,0.0237,0.0000
1787924664.401737,0.503671,1.658774,-1.584705,0.0220,0.0000
1787924664.410575,0.503491,1.658641,-1.584588,0.0200,0.0000
1787924664.415377,0.503730,1.658516,-1.585220,0.0215,0.0000
1787924664.423152,0.503608,1.658481,-1.585241,0.0165,0.0000
1787924664.427601,0.503652,1.658548,-1.585417,0.0070,0.0000
1787924664.433348,0.503714,1.658383,-1.585603,0.0135,0.0000
1787924664.442174,0.503724,1.658483,-1.585865,0.0060,0.0000
1787924664.449458,0.504209,1.658403,-1.586077,0.0072,0.0000
1787924664.455951,0.503604,1.658476,-1.585343,0.0021,0.0000
1787924664.461548,0.504192,1.658480,-1.586371,0.0007,0.0000
1787924664.471493,0.503494,1.658381,-1.584783,0.0038,0.0000
1787924664.475605,0.503676,1.658498,-1.585008,-0.0061,0.0000
1787924664.482746,0.503688,1.658410,-1.584813,-0.0006,0.0000
1787924664.488946,0.504205,1.658515,-1.585767,-0.0059,0.0000
1787924664.495563,0.503738,1.658488,-1.584500,-0.0026,0.0000
1787924664.501274,0.504327,1.658688,-1.585785,-0.0128,0.0000
1787924664.508859,0.503706,1.658656,-1.584769,-0.0074,0.0000
1787924664.514000,0.504559,1.658806,-1.586120,-0.0146,0.0000
1787924664.522219,0.503758,1.658637,-1.584710,-0.0037,0.0000
1787924664.529007,0.504072,1.658804,-1.585389,-0.0101,0.0000
1787924664.534028,0.504033,1.658806,-1.585436,-0.0072,0.0000
1787924664.540690,0.503627,1.658688,-1.584979,0.0005,0.0000
1787924664.549391,0.503657,1.658778,-1.585102,-0.0028,0.0000
1787924664.554610,0.503637,1.658757,-1.585066,-0.0007,0.0000
1787924664.560766,0.503519,1.658854,-1.585058,-0.0051,0.0000
1787924664.568997,0.503599,1.658777,-1.585173,-0.0008,0.0000
1787924664.573761,0.503559,1.658688,-1.584769,0.0051,0.0000
1787924664.585048,0.503679,1.658712,-1.584955,0.0029,0.0000
1787924664.587850,0.503756,1.658689,-1.585349,0.0044,0.0000
1787924664.595277,0.503674,1.658597,-1.584738,0.0068,0.0000
1787924664.602202,0.504114,1.658653,-1.585589,0.0020,0.0000
1787924664.608946,0.503770,1.658518,-1.584965,0.0077,0.0000
1787924664.615256,0.503904,1.658583,-1.585087,0.0022,0.0000
1787924664.622049,0.503823,1.658503,-1.585088,0.0051,0.0000
1787924664.627189,0.504283,1.658606,-1.585756,-0.0028,0.0000
1787924664.634819,0.504391,1.658590,-1.586063,-0.0014,0.0000
1787924664.638283,0.504336,1.658660,-1.586154,-0.0070,0.0000
1787924664.646815,0.503728,1.658646,-1.585228,-0.0041,0.0000
1787924664.653982,0.503636,1.658666,-1.585123,-0.0037,0.0000
1787924664.662279,0.504058,1.658717,-1.585898,-0.0046,0.0000
1787924664.670421,0.504208,1.658719,-1.585853,-0.0034,0.0000
1787924664.677978,0.503458,1.658663,-1.584884,0.0003,0.0000
1787924664.682728,0.503729,1.658648,-1.585015,0.0009,0.0000
1787924664.690324,0.503779,1.658641,-1.584980,0.0009,0.0000
1787924664.693959,0.503830,1.658663,-1.584909,-0.0012,0.0000
1787924664.702380,0.503905,1.658582,-1.584861,0.0020,0.0000
1787924664.711577,0.503881,1.658641,-1.585214,-0.0005,0.0000
1787924664.718360,0.503777,1.658585,-1.584701,0.0021,0.0000
1787924664.721341,0.504474,1.658710,-1.586115,-0.0121,0.0000
1787924664.730634,0.503829,1.658589,-1.584998,-0.0043,0.0000
1787924664.731584,0.504217,1.658684,-1.585933,-0.0350,0.0000
1787924664.740494,0.503674,1.658788,-1.585616,-0.0277,0.0000
1787924664.746847,0.503948,1.658667,-1.585581,-0.0139,0.0000
1787924664.754695,0.503561,1.658763,-1.584817,-0.0132,0.0000
1787924664.762077,0.503678,1.658619,-1.585339,-0.0034,0.0000
1787924664.773084,0.503380,1.658658,-1.584625,-0.0034,0.0000
1787924664.780100,0.503805,1.658662,-1.585247,-0.0028,0.0000
1787924664.782930,0.503625,1.658617,-1.584631,0.0030,0.0000
1787924664.790625,0.503768,1.658544,-1.585146,0.0049,0.0000
1787924664.795496,0.503851,1.658626,-1.585166,-0.0017,0.0000
1787924664.802604,0.503755,1.658516,-1.584927,0.0035,0.0000
1787924664.809736,0.503884,1.658521,-1.585255,0.0022,0.0000
1787924664.814884,0.504004,1.658587,-1.585469,-0.0025,0.0000
1787924664.821971,0.503819,1.658587,-1.585087,-0.0016,0.0000
1787924664.829150,0.503804,1.658539,-1.584974,0.0009,0.0000
1787924664.834546,0.503846,1.658554,-1.584958,-0.0002,0.0000
1787924664.841389,0.503837,1.658653,-1.585133,-0.0045,0.0000
1787924664.848506,0.503655,1.658624,-1.584877,-0.0018,0.0000
1787924664.853969,0.503848,1.658705,-1.585240,-0.0059,0.0000
1787924664.861915,0.503685,1.658656,-1.585123,-0.0022,0.0000
1787924664.867485,0.503492,1.658616,-1.584753,0.0008,0.0000
1787924664.875096,0.503663,1.658681,-1.584995,-0.0021,0.0000
1787924664.880978,0.503961,1.658669,-1.585463,-0.0011,0.0000
1787924664.891448,0.503505,1.658576,-1.584628,0.0021,0.0000
1787924664.894747,0.503674,1.658673,-1.585203,-0.0076,0.0000
1787924664.903936,0.503841,1.658645,-1.585078,-0.0045,0.0000
1787924664.906987,0.503878,1.658577,-1.585046,0.0035,0.0000
1787924664.915102,0.504072,1.658586,-1.585380,0.0020,0.0000
1787924664.920751,0.503885,1.658604,-1.585106,0.0006,0.0000
1787924664.928432,0.503708,1.658551,-1.584784,0.0025,0.0000
1787924664.935161,0.504049,1.658612,-1.585171,-0.0011,0.0000
1787924664.941446,0.503818,1.658519,-1.585198,0.0038,0.0000
1787924664.947506,0.504202,1.658630,-1.585505,-0.0031,0.0000
1787924664.957119,0.503601,1.658728,-1.584813,-0.0050,0.0000
1787924664.962466,0.503814,1.658644,-1.585437,0.0010,0.0000
1787924664.968282,0.503609,1.658634,-1.584892,0.0014,0.0000
1787924664.974906,0.503810,1.658707,-1.585418,-0.0025,0.0000
1787924664.983411,0.503695,1.658645,-1.585057,0.0005,0.0000
1787924664.987362,0.503442,1.658649,-1.584650,0.0003,0.0000
1787924664.994648,0.503823,1.658608,-1.585147,0.0017,0.0000
1787924665.002577,0.503797,1.658589,-1.584819,0.0019,0.0000
1787924665.008905,0.503931,1.658589,-1.584981,0.0012,0.0000
1787924665.015042,0.503958,1.658561,-1.584950,0.0022,0.0000
1787924665.021371,0.503757,1.658577,-1.584665,0.0009,0.0000
1787924665.029909,0.503964,1.658615,-1.585078,-0.0008,0.0000
1787924665.036264,0.503836,1.658599,-1.585025,0.0003,0.0000
1787924665.042111,0.503760,1.658503,-1.584935,0.0052,0.0000
1787924665.048236,0.504131,1.658752,-1.585836,-0.0089,0.0000
1787924665.051329,0.503482,1.658586,-1.584569,0.0108,0.0000
1787924665.062041,0.503716,1.658669,-1.585240,0.0051,0.0000
1787924665.067892,0.503296,1.658555,-1.584545,0.0097,0.0000
1787924665.076708,0.503605,1.658748,-1.585152,0.0001,0.0000
1787924665.080961,0.503538,1.658699,-1.584898,0.0035,0.0000
1787924665.088474,0.503659,1.658570,-1.584876,0.0076,0.0000
1787924665.098256,0.503740,1.658600,-1.585026,0.0043,0.0000
1787924665.101390,0.503897,1.658569,-1.584896,0.0058,0.0000
1787924665.109240,0.503920,1.658665,-1.585230,0.0004,0.0000
1787924665.115352,0.503992,1.658617,-1.585071,0.0026,0.0000
1787924665.121555,0.504077,1.658643,-1.585481,0.0005,0.0000
1787924665.129189,0.503838,1.658482,-1.585079,0.0068,0.0000
1787924665.135495,0.503939,1.658628,-1.585208,-0.0023,0.0000
1787924665.141132,0.503818,1.658566,-1.585092,0.0018,0.0000
1787924665.147189,0.503351,1.658639,-1.584596,-0.0020,0.0000
1787924665.155487,0.504030,1.658720,-1.585550,-0.0047,0.0000
1787924665.161899,0.503456,1.658596,-1.584722,0.0029,0.0000
1787924665.167566,0.503679,1.658709,-1.585108,-0.0041,0.0000
1787924665.174577,0.503511,1.658621,-1.584668,0.0010,0.0000
1787924665.182342,0.503743,1.658688,-1.585242,-0.0021,0.0000
1787924665.189403,0.503691,1.658530,-1.584929,0.0053,0.0000
1787924665.194595,0.503809,1.658544,-1.585116,0.0028,0.0000
1787924665.201384,0.503838,1.658542,-1.584845,0.0020,0.0000
1787924665.208671,0.503757,1.658627,-1.584922,-0.0020,0.0000
1787924665.213904,0.503950,1.658526,-1.585171,0.0042,0.0000
1787924665.217897,0.503781,1.658641,-1.584897,-0.0055,0.0000
1787924665.228965,0.503795,1.658569,-1.585045,-0.0019,0.0000
1787924665.235496,0.503737,1.658581,-1.584742,-0.0019,0.0000
1787924665.240754,0.503624,1.658454,-1.584767,0.0060,0.0000
1787924665.247377,0.503689,1.658686,-1.585042,-0.0063,0.0000
1787924665.254675,0.503738,1.658727,-1.585022,-0.0061,0.0000
1787924665.263099,0.503811,1.658620,-1.585420,-0.0005,0.0000
1787924665.269068,0.503880,1.658691,-1.585341,-0.0040,0.0000
1787924665.278960,0.503688,1.658637,-1.585001,-0.0011,0.0000
1787924665.282144,0.503681,1.658592,-1.584902,0.0035,0.0000
1787924665.287944,0.503662,1.658613,-1.585102,0.0014,0.0000
1787924665.295345,0.503736,1.658574,-1.584835,0.0025,0.0000
1787924665.302681,0.503729,1.658523,-1.584801,0.0038,0.0000
1787924665.308494,0.503756,1.658555,-1.585009,0.0010,0.0000
