timestamp,x,y,yaw,velocity,steering
1787917740.344309,-0.180120,-2.747465,1.949603,0.0000,0.0000
1787917740.350841,-0.180037,-2.747340,1.950043,0.0039,0.0000
1787917740.357596,-0.180245,-2.747436,1.949392,0.0022,0.0000
1787917740.365503,-0.180113,-2.747368,1.949691,0.0021,0.0000
1787917740.370914,-0.179926,-2.747334,1.950183,-0.0006,0.0000
1787917740.378409,-0.180260,-2.747436,1.949434,0.0007,0.0000
1787917740.384980,-0.180109,-2.747370,1.949722,0.0008,0.0000
1787917740.390814,-0.180311,-2.747421,1.949349,0.0019,0.0000
1787917740.397869,-0.180139,-2.747375,1.949580,0.0005,0.0000
1787917740.404949,-0.180305,-2.747359,1.949468,0.0035,0.0000
1787917740.412585,-0.180484,-2.747485,1.949195,0.0005,0.0000
1787917740.417099,-0.180141,-2.747495,1.949809,-0.0087,0.0000
1787917740.424195,-0.180160,-2.747422,1.949725,-0.0029,0.0000
1787917740.431032,-0.180177,-2.747402,1.949641,-0.0010,0.0000
1787917740.437552,-0.180097,-2.747327,1.949670,0.0012,0.0000
1787917740.444937,-0.179970,-2.747343,1.950100,-0.0017,0.0000
1787917740.450850,-0.180064,-2.747354,1.949771,0.0001,0.0000
1787917740.457326,-0.180090,-2.747342,1.949848,0.0010,0.0000
1787917740.465016,-0.179987,-2.747463,1.950038,-0.0052,0.0000
1787917740.470792,-0.180055,-2.747373,1.949885,0.0020,0.0000
1787917740.480270,-0.180157,-2.747471,1.949734,-0.0003,0.0000
1787917740.484264,-0.180175,-2.747400,1.949869,0.0052,0.0000
1787917740.490652,-0.180319,-2.747461,1.949325,0.0035,0.0000
1787917740.497794,-0.180196,-2.747430,1.949657,0.0018,0.0000
1787917740.504604,-0.180339,-2.747404,1.949420,0.0046,0.0000
1787917740.510650,-0.180311,-2.747479,1.949351,-0.0008,0.0000
1787917740.517787,-0.180307,-2.747288,1.949536,0.0069,0.0000
1787917740.523941,-0.180152,-2.747394,1.949890,-0.0028,0.0000
1787917740.531076,-0.180395,-2.747402,1.949228,0.0015,0.0000
1787917740.537775,-0.180141,-2.747321,1.949767,0.0002,0.0000
1787917740.544751,-0.180221,-2.747315,1.949457,0.0017,0.0000
1787917740.551297,-0.180211,-2.747464,1.949480,-0.0054,0.0000
1787917740.557602,-0.180145,-2.747446,1.949689,-0.0041,0.0000
1787917740.563919,-0.180054,-2.747472,1.949958,-0.0056,0.0000
1787917740.571197,-0.180157,-2.747392,1.949762,0.0007,0.0000
1787917740.577449,-0.180163,-2.747378,1.949411,0.0012,0.0000
1787917740.584076,-0.180210,-2.747406,1.949698,0.0005,0.0000
1787917740.593136,-0.180142,-2.747317,1.949929,0.0022,0.0000
1787917740.597329,-0.180319,-2.747301,1.949432,0.0073,0.0000
1787917740.604289,-0.180286,-2.747278,1.949279,0.0055,0.0000
1787917740.611069,-0.180316,-2.747311,1.949474,0.0030,0.0000
1787917740.618093,-0.180384,-2.747319,1.949217,0.0029,0.0000
1787917740.624176,-0.180231,-2.747410,1.949543,-0.0050,0.0000
1787917740.630819,-0.180337,-2.747471,1.949419,-0.0043,0.0000
1787917740.638709,-0.180282,-2.747487,1.949472,-0.0043,0.0000
1787917740.646876,-0.180236,-2.747398,1.949669,-0.0006,0.0000
1787917740.651112,-0.180102,-2.747361,1.949809,-0.0015,0.0000
1787917740.657883,-0.180249,-2.747454,1.949560,-0.0025,0.0000
1787917740.664548,-0.179993,-2.747519,1.949818,-0.0087,0.0000
1787917740.673451,-0.179939,-2.747395,1.950251,-0.0029,0.0000
1787917740.677690,-0.180024,-2.747380,1.949960,0.0012,0.0000
1787917740.685560,-0.180026,-2.747371,1.949690,0.0012,0.0000
1787917740.690902,-0.179865,-2.747247,1.950325,0.0040,0.0000
1787917740.697686,-0.180055,-2.747321,1.949870,0.0028,0.0000
1787917740.704269,-0.180244,-2.747291,1.949362,0.0064,0.0000
1787917740.710522,-0.180174,-2.747428,1.949655,-0.0029,0.0000
1787917740.719867,-0.180228,-2.747429,1.949698,-0.0014,0.0000
1787917740.724154,-0.180330,-2.747378,1.949551,0.0050,0.0000
1787917740.730866,-0.180234,-2.747511,1.949523,-0.0036,0.0000
1787917740.737963,-0.180198,-2.747444,1.949760,-0.0005,0.0000
1787917740.744143,-0.180212,-2.747342,1.949864,0.0045,0.0000
1787917740.752663,-0.180145,-2.747321,1.949767,0.0030,0.0000
1787917740.757408,-0.180180,-2.747372,1.949436,-0.0001,0.0000
1787917740.765028,-0.180053,-2.747347,1.950106,-0.0010,0.0000
1787917740.771070,-0.180150,-2.747377,1.949872,-0.0003,0.0000
1787917740.777442,-0.180145,-2.747404,1.949594,-0.0015,0.0000
1787917740.784541,-0.180095,-2.747388,1.949843,-0.0012,0.0000
1787917740.791082,-0.180115,-2.747349,1.949805,0.0012,0.0000
1787917740.797853,-0.180043,-2.747300,1.949867,0.0016,0.0000
1787917740.804405,-0.180313,-2.747498,1.949344,-0.0027,0.0000
1787917740.810914,-0.180331,-2.747489,1.949612,-0.0012,0.0000
1787917740.817565,-0.180197,-2.747390,1.949550,0.0011,0.0000
1787917740.824254,-0.180149,-2.747305,1.949729,0.0035,0.0000
1787917740.831099,-0.180250,-2.747402,1.949633,0.0001,0.0000
1787917740.838545,-0.180289,-2.747340,1.949429,0.0030,0.0000
1787917740.844232,-0.180250,-2.747299,1.949553,0.0034,0.0000
1787917740.851109,-0.180152,-2.747397,1.949688,-0.0032,0.0000
1787917740.857533,-0.180102,-2.747356,1.949688,-0.0013,0.0000
1787917740.864125,-0.180206,-2.747431,1.949628,-0.0024,0.0000
1787917740.870856,-0.180162,-2.747462,1.949811,-0.0037,0.0000
1787917740.877469,-0.180068,-2.747328,1.949986,0.0015,0.0000
1787917740.883903,-0.180197,-2.747366,1.949496,0.0016,0.0000
1787917740.891286,-0.180150,-2.747439,1.949886,-0.0023,0.0000
1787917740.899075,-0.180192,-2.747454,1.949753,-0.0016,0.0000
1787917740.904219,-0.180067,-2.747271,1.949958,0.0062,0.0000
1787917740.911094,-0.180089,-2.747373,1.949922,0.0005,0.0000
1787917740.917476,-0.180171,-2.747304,1.949939,0.0048,0.0000
1787917740.924925,-0.180146,-2.747345,1.949719,0.0015,0.0000
1787917740.930975,-0.180205,-2.747361,1.949637,0.0014,0.0000
1787917740.938271,-0.180037,-2.747306,1.950120,0.0005,0.0000
1787917740.944959,-0.180081,-2.747416,1.949912,-0.0035,0.0000
1787917740.953348,-0.180245,-2.747463,1.949666,-0.0018,0.0000
1787917740.958332,-0.180217,-2.747463,1.949659,-0.0019,0.0000
1787917740.964162,-0.180195,-2.747520,1.949678,-0.0045,0.0000
1787917740.971221,-0.180040,-2.747466,1.949864,-0.0035,0.0000
1787917740.980095,-0.180201,-2.747499,1.949510,-0.0014,0.0000
1787917740.987442,-0.180213,-2.747412,1.949419,0.0025,0.0000
1787917741.001518,-0.180069,-2.747402,1.949808,0.0008,0.0000
1787917741.002573,-0.180287,-2.747507,1.949575,-0.0042,0.0000
1787917741.004548,-0.180318,-2.747388,1.949444,0.0157,0.0000
1787917741.010939,-0.180127,-2.747306,1.949750,0.0112,0.0000
1787917741.017747,-0.180323,-2.747333,1.949275,0.0100,0.0000
1787917741.027815,-0.180174,-2.747288,1.949873,0.0065,0.0000
1787917741.031567,-0.180256,-2.747518,1.949559,-0.0101,0.0000
1787917741.037948,-0.180320,-2.747479,1.949404,-0.0042,0.0000
1787917741.044171,-0.180198,-2.747431,1.949585,-0.0030,0.0000
1787917741.051374,-0.180198,-2.747487,1.949558,-0.0043,0.0000
1787917741.057779,-0.180206,-2.747369,1.949366,0.0023,0.0000
1787917741.064389,-0.180097,-2.747406,1.949852,-0.0018,0.0000
1787917741.071301,-0.180231,-2.747481,1.949421,-0.0021,0.0000
1787917741.077691,-0.180179,-2.747392,1.949454,0.0015,0.0000
1787917741.084456,-0.179964,-2.747340,1.950026,-0.0003,0.0000
1787917741.091007,-0.180231,-2.747487,1.949492,-0.0020,0.0000
1787917741.097676,-0.180018,-2.747354,1.950100,0.0006,0.0000
1787917741.104384,-0.180094,-2.747374,1.949644,0.0009,0.0000
1787917741.110800,-0.180246,-2.747493,1.949745,-0.0020,0.0000
1787917741.117752,-0.180242,-2.747419,1.949555,0.0016,0.0000
1787917741.124299,-0.180156,-2.747536,1.949860,-0.0054,0.0000
1787917741.131832,-0.180274,-2.747409,1.949549,0.0027,0.0000
1787917741.137609,-0.180334,-2.747479,1.949424,-0.0004,0.0000
1787917741.144536,-0.180279,-2.747389,1.949614,0.0025,0.0000
1787917741.150826,-0.180158,-2.747370,1.949529,0.0005,0.0000
1787917741.158445,-0.180267,-2.747395,1.949545,0.0010,0.0000
1787917741.165005,-0.180105,-2.747341,1.949771,0.0002,0.0000
1787917741.171782,-0.180233,-2.747359,1.949526,0.0015,0.0000
1787917741.177774,-0.180162,-2.747393,1.949610,-0.0018,0.0000
1787917741.184760,-0.180286,-2.747458,1.949277,-0.0019,0.0000
1787917741.192063,-0.180093,-2.747422,1.949800,-0.0029,0.0000
1787917741.197894,-0.180123,-2.747458,1.949651,-0.0032,0.0000
1787917741.204022,-0.180191,-2.747437,1.949583,-0.0000,0.0000
1787917741.211351,-0.180170,-2.747289,1.949621,0.0053,0.0000
1787917741.219820,-0.180092,-2.747271,1.949874,0.0033,0.0000
1787917741.225936,-0.180333,-2.747441,1.949360,-0.0011,0.0000
1787917741.232484,-0.180407,-2.747457,1.949381,-0.0002,0.0000
1787917741.237545,-0.180364,-2.747469,1.949169,-0.0017,0.0000
1787917741.244116,-0.180163,-2.747489,1.949675,-0.0054,0.0000
1787917741.251345,-0.180352,-2.747539,1.949460,-0.0028,0.0000
1787917741.258194,-0.180171,-2.747360,1.949555,0.0023,0.0000
1787917741.264413,-0.180220,-2.747482,1.949678,-0.0029,0.0000
1787917741.271427,-0.180173,-2.747410,1.949933,0.0001,0.0000
1787917741.277547,-0.180107,-2.747389,1.949831,-0.0002,0.0000
1787917741.284804,-0.180047,-2.747457,1.949786,-0.0036,0.0000
1787917741.290709,-0.180137,-2.747468,1.949865,-0.0014,0.0000
1787917741.299441,-0.180036,-2.747354,1.949866,0.0014,0.0000
1787917741.304532,-0.180490,-2.747466,1.949083,0.0047,0.0000
1787917741.310791,-0.180232,-2.747401,1.949716,0.0016,0.0000
1787917741.317802,-0.180311,-2.747436,1.949259,0.0010,0.0000
1787917741.324117,-0.180176,-2.747434,1.949611,-0.0016,0.0000
1787917741.334321,-0.180048,-2.747294,1.949966,0.0013,0.0000
1787917741.338660,-0.180193,-2.747464,1.949763,-0.0063,0.0000
1787917741.344223,-0.180095,-2.747482,1.949949,-0.0073,0.0000
1787917741.350971,-0.180169,-2.747445,1.949582,-0.0023,0.0000
1787917741.357443,-0.180103,-2.747407,1.949872,-0.0012,0.0000
1787917741.364787,-0.180125,-2.747337,1.949821,0.0022,0.0000
1787917741.371167,-0.180052,-2.747394,1.949842,-0.0022,0.0000
1787917741.377393,-0.180178,-2.747368,1.949613,0.0019,0.0000
1787917741.384619,-0.180207,-2.747397,1.949494,0.0006,0.0000
1787917741.391128,-0.180011,-2.747327,1.950109,0.0001,0.0000
1787917741.397688,-0.180006,-2.747353,1.949971,-0.0011,0.0000
1787917741.404489,-0.180261,-2.747452,1.949540,-0.0007,0.0000
1787917741.410771,-0.179991,-2.747293,1.950012,0.0018,0.0000
1787917741.417611,-0.180115,-2.747341,1.949883,0.0013,0.0000
1787917741.423916,-0.180221,-2.747532,1.949628,-0.0056,0.0000
1787917741.430692,-0.180047,-2.747298,1.949949,0.0028,0.0000
1787917741.438430,-0.180021,-2.747362,1.950013,-0.0007,0.0000
1787917741.444374,-0.180225,-2.747351,1.949585,0.0038,0.0000
1787917741.450643,-0.180121,-2.747450,1.949718,-0.0036,0.0000
1787917741.457122,-0.180209,-2.747488,1.949287,-0.0026,0.0000
1787917741.466027,-0.180376,-2.747435,1.949355,0.0019,0.0000
1787917741.470840,-0.180094,-2.747437,1.949718,-0.0053,0.0000
1787917741.477259,-0.180215,-2.747479,1.949571,-0.0035,0.0000
1787917741.483696,-0.180222,-2.747420,1.949494,0.0003,0.0000
1787917741.492769,-0.180092,-2.747430,1.949963,-0.0017,0.0000
1787917741.497926,-0.180053,-2.747321,1.949773,0.0039,0.0000
1787917741.504385,-0.180142,-2.747372,1.949675,0.0020,0.0000
1787917741.510954,-0.180215,-2.747408,1.949715,0.0011,0.0000
1787917741.518304,-0.180162,-2.747482,1.949617,-0.0028,0.0000
1787917741.524405,-0.180133,-2.747424,1.949931,0.0002,0.0000
1787917741.531216,-0.180140,-2.747400,1.949798,0.0012,-0.2177
1787917741.538847,-0.180191,-2.747300,1.949980,0.0052,-0.2177
1787917741.544190,-0.180286,-2.747548,1.949373,-0.0073,-0.2177
1787917741.551866,-0.179902,-2.747307,1.950254,-0.0019,-0.2177
1787917741.557733,-0.180082,-2.747396,1.949753,-0.0022,-0.2177
1787917741.564512,-0.180246,-2.747432,1.949595,-0.0003,-0.2177
1787917741.571197,-0.180197,-2.747479,1.949656,-0.0030,-0.2177
1787917741.577954,-0.180033,-2.747292,1.949919,0.0029,-0.2177
1787917741.584635,-0.180077,-2.747292,1.950015,0.0028,-0.2177
1787917741.591039,-0.180061,-2.747391,1.950830,-0.0026,-0.2177
1787917741.598899,-0.179934,-2.747244,1.951447,0.0016,-0.2177
1787917741.606380,-0.179844,-2.747254,1.952128,-0.0006,-0.2177
1787917741.610684,-0.179769,-2.747217,1.952609,0.0000,-0.2177
1787917741.617359,-0.179526,-2.747229,1.953807,-0.0046,-0.2177
1787917741.624761,-0.179292,-2.747112,1.955184,-0.0024,-0.2177
1787917741.631025,-0.179291,-2.746994,1.955569,0.0036,-0.2259
1787917741.641508,-0.178914,-2.746866,1.957365,0.0018,-0.2259
1787917741.643997,-0.178746,-2.746906,1.957705,-0.0107,-0.2259
1787917741.650924,-0.178888,-2.746761,1.957793,0.0006,-0.2259
1787917741.657940,-0.178932,-2.746782,1.957559,0.0003,-0.2259
1787917741.664325,-0.179264,-2.746924,1.956307,-0.0001,-0.2259
1787917741.671602,-0.179343,-2.746848,1.956525,0.0041,-0.2259
1787917741.678060,-0.179505,-2.746768,1.956297,0.0091,-0.2259
1787917741.684228,-0.179699,-2.746889,1.955726,0.0045,-0.2259
1787917741.690982,-0.179756,-2.746652,1.955756,0.0138,-0.2259
1787917741.697751,-0.179692,-2.746651,1.955879,0.0087,-0.2259
1787917741.704250,-0.179893,-2.746661,1.955494,0.0091,-0.2259
1787917741.710865,-0.179989,-2.746718,1.954952,0.0056,-0.2259
1787917741.718113,-0.179785,-2.746629,1.955430,0.0042,-0.2259
1787917741.724270,-0.179851,-2.746644,1.955032,0.0035,-0.2259
1787917741.730903,-0.179743,-2.746529,1.955089,0.0054,-0.2276
1787917741.737326,-0.179822,-2.746530,1.955335,0.0051,-0.2276
1787917741.746506,-0.179521,-2.746634,1.955581,-0.0033,-0.2276
1787917741.751094,-0.179406,-2.746666,1.955660,-0.0071,-0.2276
1787917741.759591,-0.179335,-2.746682,1.955791,-0.0064,-0.2276
1787917741.764242,-0.179266,-2.746699,1.955946,-0.0072,-0.2276
1787917741.772638,-0.179437,-2.746635,1.955556,-0.0006,-0.2276
1787917741.778063,-0.179579,-2.746570,1.955248,0.0059,-0.2276
1787917741.784424,-0.179601,-2.746568,1.955202,0.0046,-0.2276
1787917741.791105,-0.179595,-2.746648,1.955312,-0.0002,-0.2276
1787917741.799124,-0.179426,-2.746627,1.955748,-0.0018,-0.2276
1787917741.803874,-0.179581,-2.746686,1.955304,-0.0010,-0.2276
1787917741.811539,-0.179572,-2.746770,1.955340,-0.0039,-0.2276
1787917741.817907,-0.179478,-2.746689,1.955498,-0.0009,-0.2276
1787917741.824213,-0.179320,-2.746706,1.955948,-0.0042,-0.2276
1787917741.830959,-0.179447,-2.746845,1.955490,-0.0065,-0.2273
1787917741.837890,-0.179392,-2.746677,1.955825,0.0013,-0.2273
1787917741.846149,-0.179292,-2.746777,1.955779,-0.0038,-0.2273
1787917741.852719,-0.179301,-2.746789,1.955799,-0.0030,-0.2273
1787917741.857449,-0.179500,-2.746743,1.955768,0.0053,-0.2273
1787917741.864348,-0.179412,-2.746823,1.955953,-0.0009,-0.2273
1787917741.871045,-0.179440,-2.746712,1.955744,0.0044,-0.2273
1787917741.878025,-0.179724,-2.746785,1.955211,0.0048,-0.2273
1787917741.884179,-0.179935,-2.746586,1.955062,0.0162,-0.2273
1787917741.890835,-0.179854,-2.746761,1.954937,0.0026,-0.2273
1787917741.897958,-0.179731,-2.746672,1.955381,0.0034,-0.2273
1787917741.904907,-0.179617,-2.746751,1.955579,-0.0027,-0.2273
1787917741.911030,-0.179593,-2.746618,1.955459,0.0037,-0.2273
1787917741.917213,-0.179556,-2.746792,1.955336,-0.0059,-0.2273
1787917741.925024,-0.179359,-2.746718,1.956016,-0.0043,-0.2273
1787917741.930690,-0.179383,-2.746708,1.955875,-0.0020,-0.2277
1787917741.937577,-0.179491,-2.746721,1.955576,-0.0002,-0.2277
1787917741.944393,-0.179459,-2.746629,1.955651,0.0031,-0.2277
1787917741.950888,-0.179329,-2.746692,1.955676,-0.0028,-0.2277
1787917741.957856,-0.179696,-2.746437,1.955239,0.0141,-0.2277
1787917741.964549,-0.179747,-2.746315,1.954728,0.0159,-0.2277
1787917741.970791,-0.180142,-2.746271,1.953639,0.0202,-0.2277
1787917741.978929,-0.179898,-2.745748,1.953844,0.0286,-0.2277
1787917741.984260,-0.180588,-2.745392,1.952842,0.0531,-0.2277
1787917741.990981,-0.180649,-2.744962,1.952370,0.0560,-0.2277
1787917741.997800,-0.180632,-2.744281,1.952378,0.0667,-0.2277
1787917742.004079,-0.180651,-2.743502,1.952230,0.0816,-0.2277
1787917742.011064,-0.180860,-2.742696,1.951864,0.0926,-0.2277
1787917742.018043,-0.181206,-2.741798,1.951324,0.1062,-0.2277
1787917742.024026,-0.181503,-2.741080,1.950949,0.1133,-0.2277
1787917742.031044,-0.182143,-2.740474,1.949551,0.1135,-0.2146
1787917742.037423,-0.182205,-2.739506,1.949148,0.1228,-0.2146
1787917742.044003,-0.182264,-2.738690,1.948832,0.1215,-0.2146
1787917742.052032,-0.182420,-2.737832,1.948825,0.1170,-0.2146
1787917742.057735,-0.182964,-2.737017,1.948097,0.1323,-0.2146
1787917742.064246,-0.183544,-2.736370,1.947088,0.1302,-0.2146
1787917742.071434,-0.184178,-2.735638,1.946016,0.1292,-0.2146
1787917742.079687,-0.184338,-2.734867,1.945245,0.1187,-0.2146
1787917742.084247,-0.184496,-2.734186,1.944591,0.1285,-0.2146
1787917742.091437,-0.184697,-2.733440,1.944448,0.1220,-0.2146
1787917742.097623,-0.185092,-2.732657,1.943260,0.1278,-0.2146
1787917742.104326,-0.185580,-2.731941,1.942597,0.1272,-0.2146
1787917742.110782,-0.186145,-2.731401,1.941689,0.1220,-0.2146
1787917742.118930,-0.186726,-2.730509,1.940877,0.1237,-0.2146
1787917742.124059,-0.186609,-2.729695,1.941212,0.1285,-0.2146
1787917742.132131,-0.187012,-2.729153,1.940433,0.1142,-0.1887
1787917742.138540,-0.187608,-2.728225,1.938993,0.1305,-0.1887
1787917742.144069,-0.188116,-2.727487,1.938329,0.1386,-0.1887
1787917742.153556,-0.188789,-2.726639,1.936616,0.1297,-0.1887
1787917742.158590,-0.189179,-2.726069,1.935888,0.1308,-0.1887
1787917742.164079,-0.189252,-2.724956,1.936207,0.1498,-0.1887
1787917742.170981,-0.189854,-2.723972,1.935470,0.1542,-0.1887
1787917742.177823,-0.190707,-2.723183,1.933851,0.1535,-0.1887
1787917742.187386,-0.191013,-2.722171,1.933173,0.1406,-0.1887
1787917742.190641,-0.191241,-2.721214,1.932235,0.1883,-0.1887
1787917742.197393,-0.191538,-2.720400,1.931806,0.1703,-0.1887
1787917742.204362,-0.192005,-2.719555,1.931233,0.1603,-0.1887
1787917742.211125,-0.192475,-2.718479,1.930331,0.1642,-0.1887
1787917742.221684,-0.192955,-2.717614,1.929344,0.1428,-0.1887
1787917742.224504,-0.193312,-2.716692,1.928263,0.2051,-0.1887
1787917742.230860,-0.193319,-2.715740,1.928099,0.1858,-0.1704
1787917742.239396,-0.193787,-2.714908,1.927628,0.1632,-0.1704
1787917742.244055,-0.194397,-2.713935,1.925894,0.1866,-0.1704
1787917742.251619,-0.194800,-2.712792,1.925378,0.1787,-0.1704
1787917742.257233,-0.195340,-2.711648,1.924060,0.1924,-0.1704
1787917742.264687,-0.195759,-2.710869,1.923068,0.1700,-0.1704
1787917742.270537,-0.196040,-2.710007,1.922660,0.1654,-0.1704
1787917742.277871,-0.196797,-2.709103,1.920964,0.1612,-0.1704
1787917742.284863,-0.196755,-2.707775,1.920674,0.1657,-0.1704
1787917742.291551,-0.197060,-2.706792,1.919821,0.1621,-0.1704
1787917742.297808,-0.197838,-2.706033,1.918411,0.1604,-0.1704
1787917742.303944,-0.198007,-2.704759,1.918043,0.1737,-0.1704
1787917742.311320,-0.198516,-2.703656,1.916744,0.1708,-0.1704
1787917742.318549,-0.198641,-2.702492,1.916371,0.1668,-0.1704
1787917742.324036,-0.199010,-2.701397,1.915649,0.1799,-0.1704
1787917742.331946,-0.199713,-2.700349,1.914065,0.1723,-0.1398
1787917742.338345,-0.199962,-2.699134,1.913652,0.1782,-0.1398
1787917742.344315,-0.200507,-2.697830,1.912621,0.1957,-0.1398
1787917742.350995,-0.200463,-2.696651,1.912849,0.1862,-0.1398
1787917742.358702,-0.201461,-2.695677,1.911055,0.1790,-0.1398
1787917742.364408,-0.201667,-2.694447,1.910925,0.1899,-0.1398
1787917742.370722,-0.202199,-2.693424,1.909992,0.1872,-0.1398
1787917742.378265,-0.202266,-2.692099,1.909703,0.1816,-0.1398
1787917742.384193,-0.202843,-2.691054,1.908320,0.1867,-0.1398
1787917742.390776,-0.203454,-2.689803,1.907207,0.1937,-0.1398
1787917742.398211,-0.203967,-2.688563,1.906474,0.1896,-0.1398
1787917742.404032,-0.204154,-2.687310,1.905711,0.1969,-0.1398
1787917742.411207,-0.204474,-2.686160,1.904937,0.1877,-0.1398
1787917742.417575,-0.204911,-2.684834,1.904306,0.1971,-0.1398
1787917742.427310,-0.205504,-2.683615,1.903239,0.1795,-0.1398
1787917742.430982,-0.205764,-2.682148,1.902892,0.2459,-0.1165
1787917742.438236,-0.205984,-2.680931,1.902549,0.2227,-0.1165
1787917742.443903,-0.206679,-2.679676,1.901524,0.2306,-0.1165
1787917742.451186,-0.207306,-2.678485,1.899836,0.2162,-0.1165
1787917742.460745,-0.207653,-2.676938,1.899145,0.2008,-0.1165
1787917742.464833,-0.207893,-2.675527,1.898562,0.2443,-0.1165
1787917742.471034,-0.208599,-2.674323,1.897953,0.2371,-0.1165
1787917742.477471,-0.209191,-2.672955,1.896811,0.2352,-0.1165
1787917742.483961,-0.209279,-2.671397,1.896787,0.2342,-0.1165
1787917742.492282,-0.209900,-2.670005,1.895761,0.2186,-0.1165
1787917742.497953,-0.210415,-2.668634,1.894983,0.2305,-0.1165
1787917742.504747,-0.210636,-2.667196,1.894890,0.2246,-0.1165
1787917742.510565,-0.211385,-2.665841,1.893463,0.2358,-0.1165
1787917742.517401,-0.211737,-2.664542,1.892730,0.2240,-0.1165
1787917742.524395,-0.212153,-2.662977,1.892369,0.2261,-0.1165
1787917742.531252,-0.212705,-2.661709,1.891062,0.2185,-0.2442
1787917742.537593,-0.213250,-2.660263,1.889872,0.2260,-0.2442
1787917742.544595,-0.213852,-2.658811,1.888543,0.2254,-0.2442
1787917742.551472,-0.214661,-2.657502,1.887459,0.2230,-0.2442
1787917742.557490,-0.215109,-2.656034,1.885994,0.2326,-0.2442
1787917742.564937,-0.215674,-2.654615,1.884662,0.2243,-0.2442
1787917742.570978,-0.215816,-2.653162,1.884917,0.2277,-0.2442
1787917742.579738,-0.216782,-2.651771,1.883382,0.2149,-0.2442
1787917742.586020,-0.217189,-2.650253,1.882552,0.2254,-0.2442
1787917742.591341,-0.217519,-2.648695,1.882690,0.2471,-0.2442
1787917742.597764,-0.217799,-2.647462,1.882931,0.2318,-0.2442
1787917742.604132,-0.218010,-2.645783,1.883358,0.2406,-0.2442
1787917742.610648,-0.218535,-2.644147,1.882247,0.2475,-0.2442
1787917742.618207,-0.219081,-2.642807,1.881473,0.2305,-0.2442
1787917742.624281,-0.219223,-2.641263,1.882318,0.2361,-0.2442
1787917742.631501,-0.219417,-2.639614,1.881811,0.2330,-0.2267
1787917742.637933,-0.220205,-2.638094,1.880775,0.2418,-0.2267
1787917742.643786,-0.220685,-2.636698,1.880060,0.2449,-0.2267
1787917742.651192,-0.220717,-2.635142,1.879758,0.2319,-0.2267
1787917742.658080,-0.221444,-2.633509,1.878451,0.2397,-0.2267
1787917742.667301,-0.222211,-2.632159,1.877251,0.2172,-0.2267
1787917742.671041,-0.222588,-2.630572,1.875729,0.2825,-0.2267
1787917742.680138,-0.223223,-2.628871,1.874232,0.2576,-0.2267
1787917742.685018,-0.223879,-2.627592,1.872660,0.2673,-0.2267
1787917742.691355,-0.224617,-2.626180,1.870774,0.2614,-0.2267
1787917742.697642,-0.224770,-2.624482,1.869465,0.2625,-0.2267
1787917742.704220,-0.225554,-2.622909,1.867898,0.2628,-0.2267
1787917742.711585,-0.225903,-2.621486,1.867001,0.2436,-0.2267
1787917742.717597,-0.226526,-2.619725,1.864763,0.2636,-0.2267
1787917742.724562,-0.226932,-2.618142,1.863516,0.2549,-0.2267
1787917742.733283,-0.227247,-2.616633,1.862466,0.2313,-0.2047
1787917742.737376,-0.227508,-2.615053,1.860878,0.2783,-0.2047
1787917742.744539,-0.228039,-2.613696,1.859425,0.2556,-0.2047
1787917742.750926,-0.228143,-2.611856,1.858906,0.2632,-0.2047
1787917742.757309,-0.228387,-2.610499,1.857707,0.2487,-0.2047
1787917742.763838,-0.229338,-2.609052,1.855033,0.2501,-0.2047
1787917742.774512,-0.230027,-2.607497,1.853324,0.2225,-0.2047
1787917742.777400,-0.230070,-2.605805,1.852967,0.3258,-0.2047
1787917742.784310,-0.230552,-2.604343,1.850913,0.2949,-0.2047
1787917742.791131,-0.231254,-2.602849,1.849148,0.2781,-0.2047
1787917742.798941,-0.231515,-2.601125,1.848533,0.2611,-0.2047
1787917742.804153,-0.231934,-2.599534,1.846372,0.2775,-0.2047
1787917742.810903,-0.232338,-2.598017,1.845194,0.2640,-0.2047
1787917742.817813,-0.232736,-2.596299,1.844062,0.2612,-0.2047
1787917742.824196,-0.233496,-2.594728,1.842101,0.2636,-0.2047
1787917742.830963,-0.233746,-2.593327,1.840695,0.2473,-0.1694
1787917742.838299,-0.233658,-2.591868,1.840519,0.2297,-0.1694
1787917742.845800,-0.234239,-2.590209,1.838854,0.2309,-0.1694
1787917742.851545,-0.234584,-2.588767,1.836984,0.2390,-0.1694
1787917742.857291,-0.234882,-2.587217,1.835948,0.2495,-0.1694
1787917742.864192,-0.235231,-2.585803,1.834806,0.2379,-0.1694
1787917742.871303,-0.236242,-2.584104,1.832060,0.2468,-0.1694
1787917742.877775,-0.236243,-2.582686,1.831564,0.2363,-0.1694
1787917742.884245,-0.236687,-2.581191,1.830284,0.2377,-0.1694
1787917742.891955,-0.237472,-2.579571,1.827845,0.2351,-0.1694
1787917742.899011,-0.237933,-2.578010,1.826072,0.2338,-0.1694
1787917742.904095,-0.238437,-2.576667,1.824524,0.2478,-0.1694
1787917742.910808,-0.239093,-2.575215,1.822650,0.2436,-0.1694
1787917742.918540,-0.239556,-2.573540,1.821213,0.2379,-0.1694
1787917742.925903,-0.239913,-2.572066,1.819960,0.2283,-0.1694
1787917742.931058,-0.240193,-2.570610,1.818387,0.2460,-0.1357
1787917742.937852,-0.240922,-2.568981,1.816279,0.2498,-0.1357
1787917742.944165,-0.241197,-2.567319,1.815644,0.2546,-0.1357
1787917742.951038,-0.241806,-2.565951,1.813794,0.2426,-0.1357
1787917742.959397,-0.242281,-2.564382,1.812358,0.2286,-0.1357
1787917742.964503,-0.242578,-2.562509,1.811731,0.2711,-0.1357
1787917742.972558,-0.242955,-2.560953,1.810831,0.2494,-0.1357
1787917742.977240,-0.243417,-2.559455,1.809128,0.2748,-0.1357
1787917742.984112,-0.243984,-2.557760,1.808107,0.2701,-0.1357
1787917742.991049,-0.244025,-2.556060,1.807816,0.2609,-0.1357
1787917742.997462,-0.244760,-2.554599,1.805484,0.2571,-0.1357
1787917743.004000,-0.245174,-2.552803,1.804548,0.2646,-0.1357
1787917743.011147,-0.245446,-2.551024,1.803838,0.2605,-0.1357
1787917743.018829,-0.246269,-2.549623,1.801501,0.2430,-0.1357
1787917743.024627,-0.246491,-2.547889,1.800676,0.2600,-0.1357
1787917743.030865,-0.246749,-2.546102,1.799928,0.2686,-0.1094
1787917743.040027,-0.247763,-2.544524,1.797693,0.2458,-0.1094
1787917743.045133,-0.247680,-2.542908,1.796988,0.2635,-0.1094
1787917743.051051,-0.247788,-2.541137,1.796869,0.2732,-0.1094
1787917743.057881,-0.248433,-2.539429,1.795565,0.2707,-0.1094
1787917743.063815,-0.248532,-2.537740,1.794527,0.2738,-0.1094
1787917743.071244,-0.248837,-2.536232,1.793815,0.2538,-0.1094
1787917743.077936,-0.249161,-2.534719,1.793445,0.2470,-0.1094
1787917743.084211,-0.249584,-2.532925,1.791641,0.2610,-0.1094
1787917743.090813,-0.250089,-2.531461,1.790344,0.2527,-0.1094
1787917743.097270,-0.250344,-2.529790,1.789904,0.2552,-0.1094
1787917743.104784,-0.250975,-2.528071,1.788247,0.2511,-0.1094
1787917743.110593,-0.251113,-2.526481,1.787564,0.2575,-0.1094
1787917743.117958,-0.251559,-2.524887,1.786556,0.2476,-0.1094
1787917743.124075,-0.251852,-2.523177,1.785853,0.2583,-0.1094
1787917743.131053,-0.252152,-2.521623,1.784978,0.2488,-0.1973
1787917743.138391,-0.252633,-2.520023,1.783743,0.2423,-0.1973
1787917743.144233,-0.252876,-2.518321,1.783623,0.2577,-0.1973
1787917743.150640,-0.253203,-2.516777,1.782420,0.2543,-0.1973
1787917743.157889,-0.253470,-2.515177,1.781913,0.2451,-0.1973
1787917743.163836,-0.253951,-2.513637,1.781405,0.2525,-0.1973
1787917743.171164,-0.254616,-2.512111,1.779869,0.2436,-0.1973
1787917743.178597,-0.254364,-2.510429,1.779923,0.2348,-0.1973
1787917743.184318,-0.254971,-2.508813,1.778917,0.2538,-0.1973
1787917743.191463,-0.255087,-2.507084,1.778970,0.2497,-0.1973
1787917743.197371,-0.255162,-2.505305,1.778849,0.2640,-0.1973
1787917743.206486,-0.255463,-2.503736,1.778570,0.2374,-0.1973
1787917743.211015,-0.255950,-2.502041,1.777493,0.2827,-0.1973
1787917743.217293,-0.256301,-2.500343,1.776676,0.2807,-0.1973
1787917743.224513,-0.256866,-2.498930,1.775402,0.2588,-0.1973
1787917743.230908,-0.257231,-2.497105,1.774635,0.2684,-0.1861
1787917743.237692,-0.257694,-2.495274,1.773657,0.2714,-0.1861
1787917743.245868,-0.258127,-2.493924,1.772538,0.2416,-0.1861
1787917743.251154,-0.258632,-2.492017,1.770903,0.2809,-0.1861
1787917743.258807,-0.259209,-2.490162,1.769667,0.2724,-0.1861
1787917743.264170,-0.259619,-2.488527,1.768592,0.2849,-0.1861
1787917743.270905,-0.259958,-2.486889,1.766971,0.2739,-0.1861
1787917743.281566,-0.260373,-2.485056,1.765554,0.2446,-0.1861
1787917743.283884,-0.260904,-2.483250,1.763763,0.4138,-0.1861
1787917743.290963,-0.261467,-2.481750,1.761580,0.3566,-0.1861
1787917743.297800,-0.261882,-2.479843,1.760244,0.3352,-0.1861
1787917743.304074,-0.262196,-2.478063,1.759259,0.3211,-0.1861
1787917743.311472,-0.262877,-2.476379,1.757046,0.2970,-0.1861
1787917743.317705,-0.263424,-2.474674,1.756318,0.2934,-0.1861
1787917743.324282,-0.263515,-2.472919,1.755369,0.2848,-0.1861
1787917743.331642,-0.264230,-2.471209,1.752890,0.2732,-0.1684
1787917743.337287,-0.264614,-2.469631,1.752043,0.2774,-0.1684
1787917743.347246,-0.265245,-2.467883,1.749913,0.2494,-0.1684
1787917743.350764,-0.265119,-2.466306,1.749314,0.3050,-0.1684
1787917743.358682,-0.265398,-2.464636,1.748776,0.2777,-0.1684
1787917743.364228,-0.266116,-2.463182,1.746342,0.2786,-0.1684
1787917743.371506,-0.266344,-2.461753,1.744981,0.2546,-0.1684
1787917743.377898,-0.266347,-2.460055,1.744699,0.2568,-0.1684
1787917743.384262,-0.266986,-2.458501,1.742935,0.2571,-0.1684
1787917743.391491,-0.267525,-2.456913,1.740441,0.2487,-0.1684
1787917743.397572,-0.267409,-2.455492,1.740468,0.2422,-0.1684
1787917743.404233,-0.267944,-2.453871,1.739308,0.2456,-0.1684
1787917743.411775,-0.268092,-2.452135,1.738653,0.2410,-0.1684
1787917743.417897,-0.268789,-2.450756,1.736525,0.2410,-0.1684
1787917743.424748,-0.268768,-2.449209,1.736162,0.2353,-0.1684
1787917743.431221,-0.269263,-2.447265,1.735229,0.2574,-0.1481
1787917743.437927,-0.269450,-2.445873,1.734491,0.2430,-0.1481
1787917743.444121,-0.269728,-2.444397,1.733195,0.2428,-0.1481
1787917743.451388,-0.269668,-2.442808,1.733348,0.2343,-0.1481
1787917743.457588,-0.269999,-2.440971,1.732448,0.2543,-0.1481
1787917743.464286,-0.269984,-2.439433,1.731615,0.2459,-0.1481
1787917743.470870,-0.270113,-2.437832,1.730950,0.2451,-0.1481
1787917743.477703,-0.270380,-2.436191,1.730377,0.2446,-0.1481
1787917743.484464,-0.270461,-2.434371,1.729678,0.2515,-0.1481
1787917743.491109,-0.270206,-2.432808,1.729250,0.2439,-0.1481
1787917743.497576,-0.270802,-2.431212,1.727676,0.2482,-0.1481
1787917743.504315,-0.270740,-2.429374,1.727233,0.2541,-0.1481
1787917743.513585,-0.271275,-2.427755,1.725563,0.2323,-0.1481
1787917743.518108,-0.271281,-2.425869,1.725236,0.2863,-0.1481
1787917743.524206,-0.271410,-2.424048,1.724225,0.2899,-0.1481
1787917743.532025,-0.271620,-2.422387,1.723225,0.2671,-0.1993
1787917743.537427,-0.272020,-2.420520,1.721940,0.2929,-0.1993
1787917743.544373,-0.272070,-2.418731,1.720890,0.2817,-0.1993
1787917743.552901,-0.271690,-2.416839,1.721617,0.2610,-0.1993
1787917743.557689,-0.272231,-2.414993,1.720031,0.3021,-0.1993
1787917743.564369,-0.271967,-2.413401,1.719591,0.2804,-0.1993
1787917743.570500,-0.272177,-2.411621,1.718565,0.2840,-0.1993
1787917743.577773,-0.272204,-2.409701,1.718375,0.2773,-0.1993
1787917743.587178,-0.272396,-2.408141,1.717150,0.2442,-0.1993
1787917743.592384,-0.272542,-2.406584,1.716742,0.2610,-0.1993
1787917743.597601,-0.272570,-2.404922,1.716608,0.2775,-0.1993
1787917743.603988,-0.272787,-2.403152,1.715095,0.2780,-0.1993
1787917743.611192,-0.273095,-2.401583,1.713916,0.2611,-0.1993
1787917743.617926,-0.273219,-2.400159,1.713015,0.2463,-0.1993
1787917743.624394,-0.273535,-2.398519,1.712117,0.2498,-0.1993
1787917743.631249,-0.274396,-2.396725,1.709323,0.2578,-0.1817
1787917743.637290,-0.274356,-2.395408,1.708344,0.2450,-0.1817
1787917743.644187,-0.274885,-2.393887,1.706778,0.2402,-0.1817
1787917743.651789,-0.275485,-2.392302,1.705205,0.2332,-0.1817
1787917743.658458,-0.275532,-2.390831,1.704413,0.2292,-0.1817
1787917743.664416,-0.276315,-2.389413,1.701639,0.2364,-0.1817
1787917743.670838,-0.276208,-2.388009,1.701040,0.2298,-0.1817
1787917743.677855,-0.276696,-2.386425,1.699423,0.2307,-0.1817
1787917743.685275,-0.277384,-2.384965,1.697263,0.2236,-0.1817
1787917743.691451,-0.277679,-2.383644,1.695998,0.2219,-0.1817
1787917743.697546,-0.277760,-2.382313,1.695078,0.2208,-0.1817
1787917743.704578,-0.278145,-2.380606,1.693992,0.2289,-0.1817
1787917743.710726,-0.278950,-2.378889,1.692284,0.2482,-0.1817
1787917743.718493,-0.278932,-2.377515,1.691804,0.2263,-0.1817
1787917743.724816,-0.278963,-2.375819,1.690705,0.2385,-0.1817
1787917743.730759,-0.279293,-2.374002,1.690680,0.2600,-0.1636
1787917743.737878,-0.279719,-2.372494,1.689675,0.2472,-0.1636
1787917743.744787,-0.279604,-2.371049,1.689001,0.2348,-0.1636
1787917743.751081,-0.279830,-2.369276,1.688673,0.2495,-0.1636
1787917743.758076,-0.280320,-2.367564,1.687823,0.2501,-0.1636
1787917743.764005,-0.280531,-2.366121,1.686500,0.2488,-0.1636
1787917743.771298,-0.280427,-2.364516,1.686280,0.2392,-0.1636
1787917743.777686,-0.280984,-2.362735,1.684871,0.2535,-0.1636
1787917743.784185,-0.281127,-2.361005,1.683696,0.2576,-0.1636
1787917743.792988,-0.281284,-2.359641,1.683077,0.2271,-0.1636
1787917743.797782,-0.281480,-2.357978,1.682201,0.2637,-0.1636
1787917743.804358,-0.281932,-2.356234,1.680630,0.2659,-0.1636
1787917743.814088,-0.282131,-2.354719,1.679190,0.2333,-0.1636
1787917743.817982,-0.282175,-2.353065,1.678842,0.2903,-0.1636
1787917743.824115,-0.282369,-2.351500,1.677731,0.2804,-0.1636
1787917743.831462,-0.282736,-2.349947,1.676256,0.2609,-0.1969
1787917743.838042,-0.282503,-2.348397,1.676196,0.2518,-0.1969
1787917743.844153,-0.283084,-2.346715,1.674765,0.2613,-0.1969
1787917743.851386,-0.283174,-2.345125,1.673365,0.2489,-0.1969
1787917743.860747,-0.283468,-2.343687,1.672522,0.2211,-0.1969
1787917743.864611,-0.283640,-2.342015,1.671611,0.2852,-0.1969
1787917743.871063,-0.284059,-2.340566,1.670195,0.2686,-0.1969
1787917743.877725,-0.284077,-2.339139,1.669742,0.2520,-0.1969
1787917743.884486,-0.284155,-2.337618,1.668843,0.2440,-0.1969
1787917743.895087,-0.284377,-2.336213,1.668025,0.2109,-0.1969
1787917743.897542,-0.284409,-2.334446,1.667180,0.3630,-0.1969
1787917743.904544,-0.284255,-2.333053,1.667163,0.3129,-0.1969
1787917743.910856,-0.284659,-2.331556,1.666113,0.2916,-0.1969
1787917743.917398,-0.284835,-2.330005,1.665127,0.2757,-0.1969
1787917743.924852,-0.284694,-2.328339,1.665101,0.2592,-0.1969
1787917743.931067,-0.284831,-2.326941,1.664275,0.2492,-0.1829
1787917743.937943,-0.285037,-2.325382,1.663884,0.2431,-0.1829
1787917743.944486,-0.284993,-2.323833,1.663460,0.2407,-0.1829
1787917743.950645,-0.284959,-2.322108,1.663097,0.2520,-0.1829
1787917743.957729,-0.285441,-2.320626,1.661150,0.2407,-0.1829
1787917743.964760,-0.285536,-2.318983,1.660440,0.2387,-0.1829
1787917743.971950,-0.285364,-2.317358,1.659648,0.2340,-0.1829
1787917743.977820,-0.285678,-2.316012,1.658538,0.2337,-0.1829
1787917743.983941,-0.285511,-2.314421,1.657713,0.2406,-0.1829
1787917743.991406,-0.285786,-2.312784,1.656376,0.2349,-0.1829
1787917743.997836,-0.285630,-2.311054,1.655549,0.2442,-0.1829
1787917744.004230,-0.285596,-2.309618,1.654934,0.2380,-0.1829
1787917744.011148,-0.286233,-2.308183,1.652797,0.2309,-0.1829
1787917744.017344,-0.286168,-2.306475,1.652013,0.2438,-0.1829
1787917744.025364,-0.286064,-2.304858,1.651410,0.2306,-0.1829
1787917744.031319,-0.286019,-2.303170,1.650635,0.2460,-0.1650
1787917744.038244,-0.286618,-2.301615,1.648754,0.2414,-0.1650
1787917744.043884,-0.286647,-2.300048,1.648091,0.2522,-0.1650
1787917744.052165,-0.286063,-2.298382,1.648463,0.2351,-0.1650
1787917744.057171,-0.286429,-2.296538,1.646558,0.2764,-0.1650
1787917744.064432,-0.286515,-2.295029,1.646076,0.2559,-0.1650
1787917744.071358,-0.286665,-2.293723,1.645148,0.2360,-0.1650
1787917744.077890,-0.286489,-2.292146,1.644585,0.2369,-0.1650
1787917744.084112,-0.286684,-2.290521,1.643078,0.2446,-0.1650
1787917744.090715,-0.286694,-2.288898,1.642284,0.2448,-0.1650
1787917744.099601,-0.286920,-2.287466,1.640997,0.2201,-0.1650
1787917744.104796,-0.287040,-2.285900,1.639916,0.2448,-0.1650
1787917744.110985,-0.286883,-2.284234,1.639559,0.2514,-0.1650
1787917744.117536,-0.287018,-2.282862,1.638463,0.2391,-0.1650
1787917744.124064,-0.286982,-2.281307,1.637530,0.2386,-0.1650
1787917744.131127,-0.287116,-2.279872,1.636404,0.2282,-0.1424
1787917744.137486,-0.287000,-2.278385,1.636213,0.2294,-0.1424
1787917744.144333,-0.287207,-2.276868,1.634899,0.2275,-0.1424
1787917744.151385,-0.287036,-2.275379,1.634458,0.2220,-0.1424
1787917744.157755,-0.287437,-2.273825,1.632827,0.2296,-0.1424
1787917744.166437,-0.287511,-2.272486,1.632342,0.2071,-0.1424
1787917744.170917,-0.287654,-2.271051,1.631119,0.2414,-0.1424
1787917744.177370,-0.288002,-2.269423,1.629490,0.2455,-0.1424
1787917744.184366,-0.287949,-2.267910,1.628257,0.2365,-0.1424
1787917744.190737,-0.287764,-2.266437,1.628074,0.2343,-0.1424
1787917744.201788,-0.287993,-2.264850,1.626390,0.2074,-0.1424
1787917744.204029,-0.288499,-2.263364,1.623974,0.3474,-0.1424
1787917744.211116,-0.288439,-2.261740,1.623658,0.3117,-0.1424
1787917744.221258,-0.288488,-2.260085,1.622539,0.2672,-0.1424
1787917744.231369,-0.288794,-2.258664,1.621478,0.2296,-0.1230
1787917744.232378,-0.288761,-2.257046,1.620509,0.6404,-0.1230
1787917744.239122,-0.289438,-2.255437,1.618729,0.5212,-0.1230
1787917744.244402,-0.289008,-2.253934,1.618481,0.4489,-0.1230
1787917744.250888,-0.289355,-2.252244,1.617125,0.3931,-0.1230
1787917744.258997,-0.289289,-2.250783,1.616693,0.3290,-0.1230
1787917744.265493,-0.289504,-2.249219,1.615844,0.3029,-0.1230
1787917744.271491,-0.289502,-2.247466,1.614886,0.2997,-0.1230
1787917744.277410,-0.289308,-2.246010,1.615127,0.2830,-0.1230
1787917744.284777,-0.289665,-2.244188,1.613239,0.2729,-0.1230
1787917744.290631,-0.289159,-2.242508,1.613542,0.2759,-0.1230
1787917744.297987,-0.289577,-2.240990,1.612233,0.2557,-0.1230
1787917744.304603,-0.289878,-2.239378,1.610846,0.2526,-0.1230
1787917744.310907,-0.289752,-2.237921,1.610238,0.2459,-0.1230
1787917744.317819,-0.289569,-2.236384,1.610015,0.2385,-0.1230
1787917744.324392,-0.289926,-2.234667,1.608901,0.2458,-0.1230
1787917744.335840,-0.290350,-2.233124,1.607357,0.2129,-0.1884
1787917744.337790,-0.290184,-2.231389,1.606928,0.4147,-0.1884
1787917744.343952,-0.290036,-2.229854,1.607400,0.3648,-0.1884
1787917744.351282,-0.290411,-2.228100,1.606067,0.3276,-0.1884
1787917744.359319,-0.290454,-2.226553,1.604888,0.2871,-0.1884
1787917744.364385,-0.290035,-2.225168,1.605615,0.2821,-0.1884
1787917744.371603,-0.290067,-2.223502,1.604696,0.2667,-0.1884
1787917744.377709,-0.290156,-2.221805,1.604396,0.2702,-0.1884
1787917744.384040,-0.289929,-2.220359,1.604611,0.2572,-0.1884
1787917744.391249,-0.289872,-2.218981,1.604497,0.2373,-0.1884
1787917744.397189,-0.289497,-2.217163,1.604506,0.2572,-0.1884
1787917744.406103,-0.289621,-2.215483,1.603587,0.2367,-0.1884
1787917744.411255,-0.289851,-2.214055,1.603300,0.2492,-0.1884
1787917744.420723,-0.290000,-2.212621,1.601836,0.2200,-0.1884
1787917744.424734,-0.289845,-2.210725,1.601539,0.2954,-0.1884
1787917744.430706,-0.289624,-2.209068,1.601554,0.2896,-0.1799
1787917744.439103,-0.290128,-2.207526,1.599319,0.2583,-0.1799
1787917744.445117,-0.290101,-2.206080,1.599100,0.2529,-0.1799
1787917744.450789,-0.289833,-2.204589,1.598436,0.2555,-0.1799
1787917744.457675,-0.290103,-2.202987,1.597354,0.2489,-0.1799
1787917744.465665,-0.290472,-2.201348,1.595290,0.2361,-0.1799
1787917744.473626,-0.290231,-2.199731,1.594583,0.2260,-0.1799
1787917744.477403,-0.290150,-2.198371,1.593951,0.2660,-0.1799
1787917744.484262,-0.290070,-2.196874,1.592891,0.2516,-0.1799
1787917744.490695,-0.290523,-2.195056,1.590886,0.2613,-0.1799
1787917744.498124,-0.290508,-2.193585,1.590241,0.2423,-0.1799
1787917744.503910,-0.290742,-2.192058,1.588837,0.2490,-0.1799
1787917744.511278,-0.290443,-2.190506,1.588316,0.2373,-0.1799
1787917744.517711,-0.290660,-2.188941,1.587195,0.2392,-0.1799
1787917744.525247,-0.290655,-2.187295,1.586205,0.2330,-0.1799
1787917744.531111,-0.290618,-2.185563,1.585042,0.2517,-0.1630
1787917744.539006,-0.290856,-2.183972,1.583720,0.2367,-0.1630
1787917744.544392,-0.290703,-2.182557,1.583414,0.2444,-0.1630
1787917744.550981,-0.292064,-2.181245,1.580855,0.2314,-0.1630
1787917744.557173,-0.291779,-2.179574,1.580404,0.2428,-0.1630
1787917744.564805,-0.291921,-2.177934,1.579550,0.2345,-0.1630
1787917744.570939,-0.292187,-2.176442,1.577939,0.2372,-0.1630
1787917744.577642,-0.292422,-2.174800,1.576427,0.2396,-0.1630
1787917744.584251,-0.292087,-2.173217,1.576489,0.2395,-0.1630
1787917744.590637,-0.292170,-2.171544,1.575282,0.2462,-0.1630
1787917744.597925,-0.292191,-2.169759,1.574244,0.2459,-0.1630
1787917744.605301,-0.292234,-2.168341,1.573111,0.2298,-0.1630
1787917744.611513,-0.292107,-2.166707,1.572299,0.2397,-0.1630
1787917744.617701,-0.291889,-2.165000,1.571622,0.2506,-0.1630
1787917744.623960,-0.292293,-2.163588,1.570380,0.2431,-0.1630
1787917744.631320,-0.292142,-2.162001,1.569047,0.2348,-0.1487
1787917744.640020,-0.292254,-2.160482,1.568113,0.2168,-0.1487
1787917744.644313,-0.292364,-2.158953,1.567246,0.2586,-0.1487
1787917744.650801,-0.292509,-2.157444,1.565675,0.2507,-0.1487
1787917744.657688,-0.292435,-2.155719,1.564618,0.2506,-0.1487
1787917744.663907,-0.292521,-2.154165,1.563636,0.2504,-0.1487
1787917744.670990,-0.292279,-2.152701,1.563159,0.2374,-0.1487
1787917744.678355,-0.291973,-2.151065,1.562645,0.2329,-0.1487
1787917744.684034,-0.292491,-2.149624,1.560844,0.2389,-0.1487
1787917744.691426,-0.292431,-2.148177,1.560471,0.2259,-0.1487
1787917744.697776,-0.292655,-2.146441,1.559111,0.2400,-0.1487
1787917744.704266,-0.292439,-2.145013,1.559089,0.2341,-0.1487
1787917744.713536,-0.292745,-2.143569,1.557901,0.2105,-0.1487
1787917744.717327,-0.292718,-2.141865,1.556930,0.2822,-0.1487
1787917744.724703,-0.292653,-2.140392,1.556574,0.2575,-0.1487
1787917744.730645,-0.292369,-2.139074,1.555952,0.2470,-0.2441
1787917744.737835,-0.292727,-2.137511,1.554474,0.2378,-0.2441
1787917744.745277,-0.292651,-2.135992,1.553705,0.2278,-0.2441
1787917744.751431,-0.292542,-2.134375,1.553235,0.2384,-0.2441
1787917744.757159,-0.292339,-2.132896,1.553089,0.2445,-0.2441
1787917744.764377,-0.292131,-2.131198,1.552432,0.2418,-0.2441
1787917744.771862,-0.292355,-2.129723,1.551444,0.2282,-0.2441
1787917744.778036,-0.292414,-2.128216,1.550594,0.2329,-0.2441
1787917744.784314,-0.292605,-2.126704,1.549796,0.2351,-0.2441
1787917744.790688,-0.291711,-2.125204,1.550560,0.2360,-0.2441
1787917744.797982,-0.291721,-2.123714,1.550374,0.2264,-0.2441
1787917744.804670,-0.292117,-2.122377,1.549088,0.2181,-0.2441
1787917744.811522,-0.292029,-2.120669,1.548685,0.2275,-0.2441
1787917744.818351,-0.291666,-2.119088,1.548163,0.2291,-0.2441
1787917744.823997,-0.291567,-2.117677,1.547561,0.2354,-0.2441
1787917744.831038,-0.291534,-2.116253,1.546811,0.2255,-0.2337
1787917744.837784,-0.291869,-2.114647,1.545069,0.2289,-0.2337
1787917744.844885,-0.291516,-2.112808,1.544948,0.2383,-0.2337
1787917744.851661,-0.291325,-2.111400,1.544307,0.2293,-0.2337
1787917744.857662,-0.291047,-2.110035,1.543719,0.2291,-0.2337
1787917744.863830,-0.291321,-2.108379,1.541785,0.2405,-0.2337
1787917744.871865,-0.291474,-2.106842,1.540695,0.2256,-0.2337
1787917744.877195,-0.291401,-2.105445,1.539541,0.2366,-0.2337
1787917744.884658,-0.291234,-2.103718,1.538453,0.2352,-0.2337
1787917744.890910,-0.291223,-2.102257,1.536917,0.2347,-0.2337
1787917744.897700,-0.291219,-2.100819,1.535658,0.2278,-0.2337
1787917744.904184,-0.291201,-2.099264,1.534359,0.2314,-0.2337
1787917744.911320,-0.290893,-2.097782,1.533509,0.2247,-0.2337
1787917744.918640,-0.291123,-2.096243,1.531987,0.2200,-0.2337
1787917744.924068,-0.290685,-2.094748,1.531251,0.2375,-0.2337
1787917744.931297,-0.290750,-2.093258,1.529584,0.2279,-0.2153
1787917744.937553,-0.290819,-2.091800,1.528546,0.2293,-0.2153
1787917744.944197,-0.290270,-2.090406,1.527993,0.2244,-0.2153
1787917744.953018,-0.290270,-2.088846,1.526823,0.2101,-0.2153
1787917744.957228,-0.289978,-2.087399,1.526172,0.2510,-0.2153
1787917744.964343,-0.289978,-2.085922,1.525114,0.2379,-0.2153
1787917744.973971,-0.289758,-2.084424,1.524048,0.2135,-0.2153
1787917744.977931,-0.289608,-2.082982,1.522641,0.2591,-0.2153
1787917744.986366,-0.289278,-2.081575,1.521766,0.2319,-0.2153
1787917744.991951,-0.289390,-2.080098,1.520374,0.2413,-0.2153
1787917744.997446,-0.289260,-2.078643,1.519175,0.2486,-0.2153
1787917745.004519,-0.289112,-2.077058,1.518036,0.2415,-0.2153
1787917745.010532,-0.288799,-2.075636,1.517368,0.2407,-0.2153
1787917745.021572,-0.288928,-2.074167,1.515417,0.2082,-0.2153
1787917745.025255,-0.288749,-2.072557,1.514155,0.2775,-0.2153
1787917745.030757,-0.288752,-2.071111,1.513366,0.2730,-0.1900
1787917745.037838,-0.288524,-2.069673,1.511843,0.2524,-0.1900
1787917745.044117,-0.288508,-2.068195,1.510345,0.2473,-0.1900
1787917745.051050,-0.288358,-2.066641,1.509260,0.2406,-0.1900
1787917745.058286,-0.288222,-2.064996,1.508053,0.2368,-0.1900
1787917745.064361,-0.288225,-2.063359,1.506641,0.2465,-0.1900
1787917745.070882,-0.288120,-2.061818,1.505321,0.2436,-0.1900
1787917745.077275,-0.288132,-2.060280,1.504290,0.2425,-0.1900
1787917745.084615,-0.287773,-2.058980,1.503664,0.2237,-0.1900
1787917745.091189,-0.287881,-2.057349,1.502071,0.2305,-0.1900
1787917745.098643,-0.287614,-2.056006,1.501368,0.2160,-0.1900
1787917745.103944,-0.287217,-2.054611,1.500890,0.2316,-0.1900
1787917745.111222,-0.287208,-2.053059,1.499507,0.2259,-0.1900
1787917745.118682,-0.287797,-2.051511,1.497209,0.2185,-0.1900
1787917745.124551,-0.287576,-2.050110,1.496344,0.2252,-0.1900
1787917745.131330,-0.287493,-2.048888,1.495417,0.2118,-0.2401
1787917745.137570,-0.287329,-2.047195,1.494679,0.2300,-0.2401
1787917745.143970,-0.287249,-2.045611,1.493740,0.2354,-0.2401
1787917745.151793,-0.287322,-2.044076,1.491853,0.2232,-0.2401
1787917745.157789,-0.287436,-2.042720,1.491324,0.2234,-0.2401
1787917745.164709,-0.287299,-2.041458,1.490465,0.2114,-0.2401
1787917745.170622,-0.287126,-2.039898,1.489606,0.2276,-0.2401
1787917745.178781,-0.287172,-2.038446,1.488537,0.2124,-0.2401
1787917745.184063,-0.287347,-2.036977,1.487455,0.2310,-0.2401
1787917745.192125,-0.287304,-2.035472,1.486799,0.2176,-0.2401
1787917745.198520,-0.287099,-2.034286,1.486498,0.2086,-0.2401
1787917745.204338,-0.287084,-2.032698,1.485307,0.2276,-0.2401
1787917745.210881,-0.286966,-2.031258,1.484622,0.2256,-0.2401
1787917745.217679,-0.287207,-2.029769,1.482807,0.2225,-0.2401
1787917745.225216,-0.286785,-2.028330,1.482259,0.2142,-0.2401
1787917745.231941,-0.286706,-2.027000,1.481545,0.2094,-0.2290
1787917745.237571,-0.286767,-2.025471,1.480122,0.2274,-0.2290
1787917745.245569,-0.286384,-2.023940,1.479921,0.2177,-0.2290
1787917745.250664,-0.286083,-2.022636,1.479224,0.2304,-0.2290
1787917745.258395,-0.286220,-2.021182,1.478093,0.2170,-0.2290
1787917745.264385,-0.286284,-2.019763,1.476920,0.2224,-0.2290
1787917745.271460,-0.286351,-2.018106,1.475172,0.2253,-0.2290
1787917745.277393,-0.286265,-2.016703,1.474082,0.2288,-0.2290
1787917745.283957,-0.286073,-2.015273,1.473032,0.2260,-0.2290
1787917745.294101,-0.285915,-2.013608,1.471402,0.2077,-0.2290
1787917745.297913,-0.286288,-2.012096,1.469687,0.2608,-0.2290
1787917745.304009,-0.285294,-2.010776,1.469821,0.2521,-0.2290
1787917745.311187,-0.285535,-2.009279,1.468018,0.2377,-0.2290
1787917745.317208,-0.284987,-2.007843,1.467895,0.2404,-0.2290
1787917745.327632,-0.284905,-2.006460,1.466694,0.2081,-0.2290
1787917745.331613,-0.285126,-2.004995,1.464701,0.2537,-0.2117
1787917745.338384,-0.284649,-2.003426,1.464448,0.2490,-0.2117
1787917745.344326,-0.284536,-2.002098,1.462795,0.2415,-0.2117
1787917745.351906,-0.284146,-2.000754,1.462260,0.2236,-0.2117
1787917745.357468,-0.283968,-1.999332,1.460702,0.2338,-0.2117
1787917745.364554,-0.283509,-1.997903,1.460054,0.2260,-0.2117
1787917745.370582,-0.283604,-1.996403,1.458529,0.2318,-0.2117
1787917745.377399,-0.283199,-1.994813,1.457546,0.2338,-0.2117
1787917745.385346,-0.283435,-1.993341,1.455542,0.2178,-0.2117
1787917745.390996,-0.282931,-1.991946,1.454538,0.2291,-0.2117
1787917745.397688,-0.282656,-1.990562,1.453087,0.2235,-0.2117
1787917745.404407,-0.282377,-1.989151,1.451959,0.2205,-0.2117
1787917745.410653,-0.281719,-1.987793,1.451463,0.2229,-0.2117
1787917745.418102,-0.281805,-1.986444,1.450331,0.2095,-0.2117
1787917745.425679,-0.282088,-1.984993,1.448175,0.2023,-0.2117
1787917745.430996,-0.281503,-1.983510,1.447796,0.2287,-0.1847
1787917745.437348,-0.281488,-1.982098,1.445956,0.2263,-0.1847
1787917745.444204,-0.281193,-1.980742,1.445126,0.2189,-0.1847
1787917745.450680,-0.281020,-1.979416,1.444215,0.2152,-0.1847
1787917745.458945,-0.280625,-1.977885,1.442923,0.2076,-0.1847
1787917745.465583,-0.280280,-1.976589,1.442522,0.2054,-0.1847
1787917745.471436,-0.280037,-1.975309,1.441681,0.2104,-0.1847
1787917745.477187,-0.280018,-1.973699,1.439690,0.2307,-0.1847
1787917745.485717,-0.279719,-1.972324,1.439022,0.2108,-0.1847
1787917745.491160,-0.279838,-1.970808,1.437378,0.2295,-0.1847
1787917745.499011,-0.279617,-1.969555,1.436254,0.2092,-0.1847
1787917745.504466,-0.279716,-1.968182,1.434346,0.2206,-0.1847
1787917745.510950,-0.279563,-1.966638,1.432690,0.2261,-0.1847
1787917745.517462,-0.278756,-1.965337,1.432836,0.2228,-0.1847
1787917745.525896,-0.278970,-1.963792,1.431178,0.2093,-0.1847
1787917745.533369,-0.278559,-1.962323,1.430286,0.2072,-0.1612
1787917745.537430,-0.278218,-1.960867,1.428934,0.2551,-0.1612
1787917745.544389,-0.278410,-1.959430,1.427625,0.2387,-0.1612
1787917745.550975,-0.277976,-1.958096,1.426939,0.2300,-0.1612
1787917745.557691,-0.277885,-1.956528,1.425433,0.2309,-0.1612
1787917745.565034,-0.277542,-1.955034,1.424582,0.2241,-0.1612
1787917745.570632,-0.277866,-1.953607,1.423035,0.2299,-0.1612
1787917745.577949,-0.277349,-1.952181,1.422236,0.2219,-0.1612
1787917745.584148,-0.277070,-1.950628,1.421434,0.2317,-0.1612
1787917745.590862,-0.276975,-1.949197,1.419694,0.2260,-0.1612
1787917745.599983,-0.276659,-1.947724,1.419411,0.2077,-0.1612
1787917745.604448,-0.276535,-1.946108,1.417552,0.2540,-0.1612
1787917745.610678,-0.276032,-1.944625,1.416961,0.2520,-0.1612
1787917745.617519,-0.275761,-1.943101,1.415760,0.2443,-0.1612
1787917745.623834,-0.275422,-1.941603,1.414208,0.2438,-0.1612
1787917745.630940,-0.275086,-1.940102,1.413535,0.2355,-0.1789
1787917745.638430,-0.274583,-1.938558,1.413105,0.2291,-0.1789
1787917745.644295,-0.274387,-1.937075,1.411865,0.2368,-0.1789
1787917745.651182,-0.273903,-1.935575,1.411316,0.2337,-0.1789
1787917745.658257,-0.273781,-1.934086,1.409901,0.2267,-0.1789
1787917745.666723,-0.273303,-1.932681,1.409528,0.2106,-0.1789
1787917745.671472,-0.272920,-1.931187,1.408957,0.2444,-0.1789
1787917745.677245,-0.272873,-1.929625,1.407719,0.2516,-0.1789
1787917745.684443,-0.272639,-1.928055,1.406960,0.2422,-0.1789
1787917745.692828,-0.272308,-1.926492,1.405879,0.2267,-0.1789
1787917745.698775,-0.272210,-1.924945,1.405175,0.2365,-0.1789
1787917745.705519,-0.271877,-1.923346,1.404751,0.2381,-0.1789
1787917745.711055,-0.271403,-1.921872,1.403960,0.2497,-0.1789
1787917745.717504,-0.270866,-1.920410,1.404008,0.2460,-0.1789
1787917745.725119,-0.271142,-1.918771,1.402087,0.2340,-0.1789
1787917745.732153,-0.270854,-1.917267,1.401135,0.2291,-0.1625
1787917745.743824,-0.270495,-1.915914,1.400760,0.1962,-0.1625
1787917745.745514,-0.270325,-1.914208,1.399596,0.4410,-0.1625
1787917745.751207,-0.269707,-1.912843,1.399551,0.3851,-0.1625
1787917745.757629,-0.269768,-1.911276,1.397665,0.3412,-0.1625
1787917745.768583,-0.269187,-1.909880,1.397468,0.2792,-0.1625
1787917745.777723,-0.269070,-1.908182,1.396132,0.2510,-0.1625
1787917745.778592,-0.268591,-1.906616,1.395567,0.7371,-0.1625
1787917745.784495,-0.268287,-1.904987,1.394479,0.6001,-0.1625
1787917745.793334,-0.268272,-1.903275,1.393107,0.4774,-0.1625
1787917745.798200,-0.267896,-1.901955,1.392285,0.4183,-0.1625
1787917745.804822,-0.267939,-1.900451,1.390254,0.3595,-0.1625
1787917745.810929,-0.267416,-1.898894,1.390087,0.3316,-0.1625
1787917745.817565,-0.267003,-1.897306,1.389478,0.3060,-0.1625
1787917745.823910,-0.266638,-1.895679,1.388609,0.2930,-0.1625
1787917745.834082,-0.266477,-1.894159,1.387587,0.2500,-0.1429
1787917745.840379,-0.266321,-1.892565,1.386177,0.2511,-0.1429
1787917745.844475,-0.265984,-1.891189,1.385611,0.2794,-0.1429
1787917745.851141,-0.265598,-1.889581,1.384863,0.2699,-0.1429
1787917745.857571,-0.265492,-1.888190,1.383818,0.2536,-0.1429
1787917745.864160,-0.265220,-1.886455,1.382511,0.2575,-0.1429
1787917745.871526,-0.264536,-1.884974,1.382222,0.2447,-0.1429
1787917745.877316,-0.264257,-1.883450,1.381371,0.2515,-0.1429
1787917745.884672,-0.264026,-1.881838,1.380450,0.2424,-0.1429
1787917745.890816,-0.263608,-1.880217,1.379753,0.2513,-0.1429
1787917745.898030,-0.263472,-1.878801,1.378057,0.2348,-0.1429
1787917745.904212,-0.263058,-1.877354,1.377659,0.2371,-0.1429
1787917745.911074,-0.262872,-1.875719,1.376447,0.2377,-0.1429
1787917745.917565,-0.262726,-1.873945,1.375183,0.2481,-0.1429
1787917745.924260,-0.261847,-1.872587,1.375636,0.2410,-0.1429
1787917745.932207,-0.261854,-1.870892,1.373813,0.2314,-0.1249
1787917745.937717,-0.261614,-1.869274,1.372733,0.2509,-0.1249
1787917745.944599,-0.260854,-1.867758,1.372553,0.2470,-0.1249
1787917745.950755,-0.261099,-1.866180,1.370802,0.2459,-0.1249
1787917745.957545,-0.260962,-1.864459,1.369235,0.2478,-0.1249
1787917745.964561,-0.260545,-1.863127,1.368585,0.2328,-0.1249
1787917745.971021,-0.259976,-1.861609,1.368642,0.2374,-0.1249
1787917745.977796,-0.259696,-1.859940,1.367233,0.2411,-0.1249
1787917745.983835,-0.259498,-1.858226,1.366275,0.2541,-0.1249
1787917745.991616,-0.259111,-1.856623,1.365735,0.2414,-0.1249
1787917745.997801,-0.258957,-1.855162,1.364433,0.2399,-0.1249
1787917746.004710,-0.258752,-1.853642,1.363276,0.2344,-0.1249
1787917746.010941,-0.258035,-1.852150,1.363416,0.2414,-0.1249
1787917746.017498,-0.257949,-1.850603,1.362556,0.2390,-0.1249
1787917746.024277,-0.257617,-1.848996,1.361844,0.2400,-0.1249
1787917746.031018,-0.257142,-1.847601,1.361543,0.2331,-0.1347
1787917746.038499,-0.257245,-1.845807,1.360124,0.2326,-0.1347
1787917746.045133,-0.256812,-1.844382,1.359054,0.2300,-0.1347
1787917746.051137,-0.256485,-1.842847,1.358616,0.2394,-0.1347
1787917746.057613,-0.256055,-1.841327,1.358447,0.2406,-0.1347
1787917746.065447,-0.256142,-1.839609,1.357060,0.2320,-0.1347
1787917746.073671,-0.255562,-1.838086,1.356460,0.2212,-0.1347
1787917746.077449,-0.255278,-1.836654,1.355610,0.2708,-0.1347
1787917746.084654,-0.255125,-1.835048,1.354770,0.2562,-0.1347
1787917746.091104,-0.254649,-1.833388,1.354204,0.2595,-0.1347
1787917746.100446,-0.254443,-1.831834,1.353291,0.2318,-0.1347
1787917746.104667,-0.253947,-1.830236,1.353266,0.2807,-0.1347
1787917746.112094,-0.253663,-1.828648,1.351973,0.2616,-0.1347
1787917746.117829,-0.253603,-1.827127,1.350585,0.2615,-0.1347
1787917746.124240,-0.253260,-1.825378,1.350110,0.2664,-0.1347
1787917746.130654,-0.252929,-1.823837,1.349424,0.2602,-0.1212
1787917746.137918,-0.252725,-1.822209,1.348657,0.2496,-0.1212
1787917746.147467,-0.252366,-1.820692,1.347843,0.2237,-0.1212
1787917746.151761,-0.251951,-1.819121,1.347338,0.2701,-0.1212
1787917746.158102,-0.251178,-1.817632,1.347441,0.2658,-0.1212
1787917746.164380,-0.251406,-1.815865,1.345205,0.2659,-0.1212
1787917746.170722,-0.250780,-1.814325,1.345103,0.2638,-0.1212
1787917746.178322,-0.250501,-1.812856,1.344178,0.2436,-0.1212
1787917746.184111,-0.250403,-1.811194,1.342855,0.2556,-0.1212
1787917746.191734,-0.249779,-1.809850,1.342205,0.2360,-0.1212
1787917746.197538,-0.249435,-1.808433,1.341933,0.2406,-0.1212
1787917746.204011,-0.248822,-1.806982,1.341394,0.2404,-0.1212
1787917746.210577,-0.248648,-1.805367,1.340165,0.2419,-0.1212
1787917746.222419,-0.248290,-1.803853,1.339539,0.2087,-0.1212
1787917746.231055,-0.248019,-1.802296,1.338237,0.2009,-0.1072
1787917746.231980,-0.247392,-1.800831,1.338267,0.6499,-0.1072
1787917746.238063,-0.246979,-1.799312,1.337874,0.5325,-0.1072
1787917746.244404,-0.246776,-1.797649,1.336471,0.4515,-0.1072
1787917746.250780,-0.246416,-1.796070,1.335660,0.3923,-0.1072
1787917746.258082,-0.246025,-1.794717,1.335134,0.3324,-0.1072
1787917746.264497,-0.245743,-1.793241,1.334016,0.3029,-0.1072
1787917746.271888,-0.245621,-1.791562,1.333015,0.2794,-0.1072
1787917746.277213,-0.244649,-1.790183,1.333866,0.2840,-0.1072
1787917746.284185,-0.244370,-1.788594,1.332783,0.2681,-0.1072
1787917746.291126,-0.243829,-1.787239,1.332390,0.2501,-0.1072
1787917746.298960,-0.243970,-1.785630,1.330949,0.2336,-0.1072
1787917746.305060,-0.243549,-1.784167,1.330261,0.2383,-0.1072
1787917746.311130,-0.242920,-1.782639,1.330241,0.2476,-0.1072
1787917746.317500,-0.242868,-1.780837,1.328873,0.2563,-0.1072
1787917746.324469,-0.241860,-1.779393,1.329479,0.2501,-0.1072
1787917746.330598,-0.241640,-1.777849,1.328943,0.2511,-0.0903
1787917746.337847,-0.241290,-1.776383,1.328033,0.2381,-0.0903
1787917746.345969,-0.240936,-1.774823,1.327718,0.2258,-0.0903
1787917746.354445,-0.240418,-1.773384,1.326788,0.2119,-0.0903
1787917746.358786,-0.240105,-1.771692,1.326182,0.2670,-0.0903
1787917746.364996,-0.239647,-1.770187,1.325841,0.2628,-0.0903
1787917746.370721,-0.239385,-1.768473,1.324678,0.2744,-0.0903
1787917746.378485,-0.238736,-1.767019,1.324221,0.2527,-0.0903
1787917746.384302,-0.238627,-1.765367,1.323382,0.2609,-0.0903
1787917746.390862,-0.238054,-1.763911,1.323250,0.2536,-0.0903
1787917746.398166,-0.237786,-1.762351,1.322109,0.2423,-0.0903
1787917746.404256,-0.237147,-1.760781,1.321880,0.2524,-0.0903
1787917746.410993,-0.236760,-1.759194,1.321229,0.2494,-0.0903
1787917746.419186,-0.236375,-1.757388,1.320504,0.2421,-0.0903
1787917746.424054,-0.235467,-1.756064,1.321140,0.2624,-0.0903
1787917746.431339,-0.235483,-1.754484,1.319808,0.2465,-0.0933
1787917746.437676,-0.235006,-1.752980,1.318645,0.2472,-0.0933
1787917746.444487,-0.234443,-1.751449,1.318204,0.2445,-0.0933
1787917746.454461,-0.234556,-1.749851,1.316877,0.2168,-0.0933
1787917746.457380,-0.233868,-1.748260,1.316428,0.3279,-0.0933
1787917746.469546,-0.233653,-1.746498,1.315468,0.2729,-0.0933
1787917746.471956,-0.233045,-1.744983,1.315348,0.3927,-0.0933
1787917746.477732,-0.232845,-1.743385,1.314182,0.3578,-0.0933
1787917746.484396,-0.232172,-1.741654,1.313771,0.3335,-0.0933
1787917746.492496,-0.231889,-1.740211,1.313260,0.2878,-0.0933
1787917746.497561,-0.231862,-1.738567,1.311719,0.2960,-0.0933
1787917746.504166,-0.231632,-1.736815,1.310677,0.2868,-0.0933
1787917746.511409,-0.230771,-1.735311,1.311106,0.2701,-0.0933
1787917746.517320,-0.230493,-1.733649,1.310435,0.2742,-0.0933
1787917746.524266,-0.230128,-1.731960,1.309582,0.2665,-0.0933
1787917746.532120,-0.229639,-1.730616,1.309507,0.2410,-0.0796
1787917746.537724,-0.229209,-1.729221,1.309189,0.2468,-0.0796
1787917746.544494,-0.229003,-1.727404,1.308286,0.2529,-0.0796
1787917746.551083,-0.228824,-1.725817,1.307791,0.2489,-0.0796
1787917746.557855,-0.227819,-1.724190,1.308192,0.2554,-0.0796
1787917746.564483,-0.227256,-1.722606,1.308272,0.2546,-0.0796
1787917746.570742,-0.226999,-1.721042,1.307402,0.2538,-0.0796
1787917746.577800,-0.226276,-1.719660,1.307614,0.2424,-0.0796
1787917746.586294,-0.226075,-1.718033,1.306987,0.2270,-0.0796
1787917746.590816,-0.225648,-1.716323,1.306787,0.2758,-0.0796
1787917746.597044,-0.225333,-1.714845,1.306317,0.2658,-0.0796
1787917746.605150,-0.224690,-1.713303,1.306296,0.2473,-0.0796
1787917746.613573,-0.224447,-1.711862,1.305551,0.2250,-0.0796
1787917746.619088,-0.224393,-1.710285,1.304385,0.2410,-0.0796
1787917746.624493,-0.224119,-1.708780,1.303527,0.2532,-0.0796
1787917746.630721,-0.223608,-1.707250,1.303394,0.2548,-0.0718
1787917746.637964,-0.222894,-1.705740,1.303697,0.2465,-0.0718
1787917746.644411,-0.222541,-1.704054,1.302766,0.2526,-0.0718
1787917746.650676,-0.222384,-1.702446,1.302088,0.2531,-0.0718
1787917746.659606,-0.221739,-1.700991,1.302223,0.2300,-0.0718
1787917746.664401,-0.221932,-1.699045,1.300132,0.2751,-0.0718
1787917746.671636,-0.221584,-1.697565,1.299671,0.2556,-0.0718
1787917746.677670,-0.220999,-1.696194,1.299827,0.2524,-0.0718
1787917746.684786,-0.220920,-1.694458,1.299048,0.2480,-0.0718
1787917746.690464,-0.220418,-1.692994,1.298319,0.2552,-0.0718
1787917746.698465,-0.220436,-1.691397,1.296989,0.2362,-0.0718
1787917746.704633,-0.219672,-1.689814,1.297194,0.2495,-0.0718
1787917746.710923,-0.219099,-1.688231,1.296722,0.2547,-0.0718
1787917746.717311,-0.218775,-1.686588,1.296178,0.2567,-0.0718
1787917746.726404,-0.218647,-1.684778,1.295107,0.2383,-0.0718
1787917746.731487,-0.217993,-1.683212,1.295019,0.2663,-0.0663
1787917746.737576,-0.217815,-1.681682,1.294254,0.2613,-0.0663
1787917746.744355,-0.217168,-1.680247,1.294070,0.2518,-0.0663
1787917746.751044,-0.216805,-1.678585,1.293657,0.2524,-0.0663
1787917746.757284,-0.216110,-1.676916,1.293708,0.2630,-0.0663
1787917746.764079,-0.215879,-1.675396,1.293224,0.2515,-0.0663
1787917746.772609,-0.215427,-1.673551,1.292426,0.2428,-0.0663
1787917746.778768,-0.215129,-1.672039,1.292054,0.2447,-0.0663
1787917746.783983,-0.214808,-1.670535,1.291064,0.2596,-0.0663
1787917746.791810,-0.214264,-1.668894,1.290456,0.2479,-0.0663
1787917746.797442,-0.213977,-1.667121,1.289710,0.2685,-0.0663
1787917746.804340,-0.213213,-1.665697,1.290456,0.2567,-0.0663
1787917746.810868,-0.212916,-1.663990,1.289331,0.2588,-0.0663
1787917746.817670,-0.212523,-1.662356,1.288424,0.2552,-0.0663
1787917746.824035,-0.211775,-1.660980,1.289150,0.2507,-0.0663
1787917746.831085,-0.211498,-1.659415,1.288466,0.2428,-0.0634
1787917746.837657,-0.210918,-1.657680,1.287955,0.2534,-0.0634
1787917746.844397,-0.210334,-1.656121,1.288087,0.2513,-0.0634
1787917746.851123,-0.210099,-1.654418,1.287194,0.2517,-0.0634
1787917746.857692,-0.209396,-1.652759,1.287248,0.2579,-0.0634
1787917746.874831,-0.209069,-1.651262,1.286770,0.2073,-0.0634
1787917746.875806,-0.208643,-1.649578,1.286273,0.6794,-0.0634
1787917746.877922,-0.208243,-1.647967,1.285658,0.7108,-0.0634
1787917746.884063,-0.207586,-1.646342,1.285596,0.5828,-0.0634
1787917746.893116,-0.206983,-1.644844,1.285619,0.4612,-0.0634
1787917746.897291,-0.206446,-1.643072,1.284776,0.4559,-0.0634
1787917746.904151,-0.206195,-1.641412,1.284330,0.3918,-0.0634
1787917746.911204,-0.205773,-1.639965,1.283927,0.3384,-0.0634
1787917746.917136,-0.205355,-1.638169,1.282890,0.3300,-0.0634
1787917746.924561,-0.204743,-1.636718,1.283124,0.2942,-0.0634
1787917746.931232,-0.204314,-1.635032,1.282814,0.2841,-0.0555
1787917746.937546,-0.203627,-1.633280,1.282324,0.2880,-0.0555
1787917746.944119,-0.203189,-1.631507,1.282236,0.2848,-0.0555
1787917746.951563,-0.202983,-1.629908,1.281268,0.2635,-0.0555
1787917746.957382,-0.202347,-1.628251,1.280774,0.2757,-0.0555
1787917746.968026,-0.201711,-1.626721,1.280747,0.2394,-0.0555
1787917746.970721,-0.201175,-1.625001,1.280694,0.3681,-0.0555
1787917746.977519,-0.200641,-1.623205,1.279926,0.3404,-0.0555
1787917746.984177,-0.200532,-1.621513,1.278683,0.3127,-0.0555
1787917746.991694,-0.200101,-1.619708,1.277701,0.2928,-0.0555
1787917746.997894,-0.199800,-1.617998,1.276835,0.2884,-0.0555
1787917747.007145,-0.199090,-1.616483,1.276686,0.2556,-0.0555
1787917747.011061,-0.198782,-1.614878,1.275980,0.3034,-0.0555
1787917747.018296,-0.198079,-1.613066,1.275397,0.2927,-0.0555
1787917747.024727,-0.197840,-1.611377,1.274506,0.2835,-0.0555
1787917747.031236,-0.197298,-1.609651,1.274345,0.2819,-0.0450
1787917747.039811,-0.197066,-1.607885,1.273269,0.2588,-0.0450
1787917747.044733,-0.196495,-1.606344,1.273002,0.2811,-0.0450
1787917747.051415,-0.195820,-1.604635,1.273126,0.2790,-0.0450
1787917747.059202,-0.195488,-1.602980,1.272301,0.2600,-0.0450
1787917747.064153,-0.194801,-1.601443,1.272791,0.2833,-0.0450
1787917747.070753,-0.194693,-1.599619,1.271724,0.2790,-0.0450
1787917747.078019,-0.194078,-1.597965,1.271896,0.2680,-0.0450
1787917747.084523,-0.193624,-1.596385,1.271758,0.2634,-0.0450
1787917747.091369,-0.192856,-1.594709,1.271975,0.2645,-0.0450
1787917747.098552,-0.192348,-1.593025,1.271748,0.2586,-0.0450
1787917747.103936,-0.191608,-1.591468,1.272026,0.2761,-0.0450
1787917747.111174,-0.191375,-1.589615,1.270982,0.2695,-0.0450
1787917747.117729,-0.190539,-1.587959,1.271452,0.2723,-0.0450
1787917747.125291,-0.190505,-1.586291,1.270507,0.2543,-0.0450
1787917747.130913,-0.189496,-1.584506,1.270666,0.2849,-0.0420
1787917747.137666,-0.188939,-1.583018,1.270856,0.2699,-0.0420
1787917747.144022,-0.188648,-1.581125,1.269768,0.2783,-0.0420
1787917747.151619,-0.188067,-1.579559,1.269350,0.2607,-0.0420
1787917747.157958,-0.187595,-1.577813,1.269251,0.2680,-0.0420
1787917747.164774,-0.187153,-1.576010,1.268747,0.2692,-0.0420
1787917747.171925,-0.186503,-1.574352,1.268602,0.2629,-0.0420
1787917747.177175,-0.185968,-1.572770,1.268632,0.2795,-0.0420
1787917747.184544,-0.185667,-1.570861,1.267226,0.2734,-0.0420
1787917747.190952,-0.184985,-1.569144,1.267354,0.2777,-0.0420
1787917747.199926,-0.184493,-1.567504,1.267482,0.2516,-0.0420
1787917747.204448,-0.183947,-1.565916,1.266555,0.2875,-0.0420
1787917747.210650,-0.183567,-1.564179,1.266296,0.2869,-0.0420
1787917747.217408,-0.182990,-1.562425,1.266231,0.2828,-0.0420
1787917747.224534,-0.182792,-1.560538,1.264852,0.2762,-0.0420
1787917747.230868,-0.182134,-1.558830,1.265099,0.2799,-0.0354
1787917747.240146,-0.181616,-1.557415,1.264945,0.2446,-0.0354
1787917747.244752,-0.181309,-1.555454,1.263576,0.2990,-0.0354
1787917747.250833,-0.180650,-1.553793,1.263575,0.2972,-0.0354
1787917747.257783,-0.180159,-1.552005,1.263335,0.2881,-0.0354
1787917747.264798,-0.179626,-1.550149,1.262441,0.2842,-0.0354
1787917747.273314,-0.179101,-1.548774,1.262548,0.2507,-0.0354
1787917747.277576,-0.178421,-1.546914,1.261764,0.3147,-0.0354
1787917747.285493,-0.177845,-1.545136,1.261797,0.2911,-0.0354
1787917747.291049,-0.177578,-1.543442,1.261144,0.2953,-0.0354
1787917747.297462,-0.176928,-1.541584,1.260348,0.2988,-0.0354
1787917747.304350,-0.176486,-1.540031,1.260226,0.2794,-0.0354
1787917747.311182,-0.176074,-1.538232,1.259812,0.2763,-0.0354
1787917747.317310,-0.175162,-1.536534,1.260111,0.2862,-0.0354
1787917747.324218,-0.175127,-1.534656,1.258916,0.2784,-0.0354
1787917747.330960,-0.174253,-1.533070,1.259296,0.2740,-0.0282
1787917747.337467,-0.173863,-1.531241,1.258345,0.2776,-0.0282
1787917747.344944,-0.173250,-1.529554,1.258867,0.2663,-0.0282
1787917747.350555,-0.172800,-1.527639,1.257920,0.2912,-0.0282
1787917747.357472,-0.171933,-1.526092,1.258569,0.2792,-0.0282
1787917747.364538,-0.171718,-1.524408,1.257581,0.2663,-0.0282
1787917747.370668,-0.171321,-1.522440,1.256569,0.2840,-0.0282
1787917747.378600,-0.170758,-1.520703,1.256694,0.2679,-0.0282
1787917747.384068,-0.170102,-1.519065,1.256999,0.2841,-0.0282
1787917747.390847,-0.169444,-1.517353,1.256907,0.2799,-0.0282
1787917747.397862,-0.169152,-1.515650,1.256395,0.2691,-0.0282
1787917747.404940,-0.168476,-1.513900,1.255894,0.2677,-0.0282
1787917747.411978,-0.168043,-1.512031,1.255623,0.2689,-0.0282
1787917747.417684,-0.167666,-1.510246,1.255040,0.2836,-0.0282
1787917747.424327,-0.166916,-1.508369,1.254854,0.2896,-0.0282
1787917747.432047,-0.166342,-1.507062,1.255172,0.2579,-0.0237
1787917747.439327,-0.165684,-1.505414,1.255206,0.2535,-0.0237
1787917747.444243,-0.165194,-1.503412,1.254480,0.3029,-0.0237
1787917747.450577,-0.165091,-1.501804,1.253434,0.2859,-0.0237
1787917747.457603,-0.164341,-1.500102,1.254173,0.2792,-0.0237
1787917747.464899,-0.163738,-1.498339,1.253714,0.2720,-0.0237
1787917747.472123,-0.163356,-1.496749,1.253393,0.2581,-0.0237
1787917747.479369,-0.162857,-1.495008,1.253165,0.2556,-0.0237
1787917747.484010,-0.162120,-1.493322,1.252777,0.2974,-0.0237
1787917747.491098,-0.161809,-1.491438,1.252312,0.2880,-0.0237
1787917747.497796,-0.161247,-1.489898,1.252296,0.2750,-0.0237
1787917747.504487,-0.160839,-1.487940,1.251110,0.2816,-0.0237
1787917747.511401,-0.160112,-1.486431,1.251695,0.2692,-0.0237
1787917747.517370,-0.159683,-1.484791,1.251275,0.2734,-0.0237
1787917747.524515,-0.158894,-1.482979,1.251139,0.2741,-0.0237
1787917747.530815,-0.158605,-1.481406,1.250803,0.2673,-0.0194
1787917747.537807,-0.157998,-1.479686,1.250525,0.2653,-0.0194
1787917747.546035,-0.157115,-1.478022,1.251020,0.2534,-0.0194
1787917747.550855,-0.156897,-1.476453,1.250581,0.2743,-0.0194
1787917747.557614,-0.156391,-1.474820,1.250579,0.2679,-0.0194
1787917747.564619,-0.155474,-1.473161,1.250456,0.2673,-0.0194
1787917747.571239,-0.155088,-1.471531,1.250269,0.2628,-0.0194
1787917747.580529,-0.154423,-1.469749,1.250122,0.2453,-0.0194
1787917747.584945,-0.154077,-1.467877,1.249097,0.2998,-0.0194
1787917747.590733,-0.153405,-1.466463,1.249472,0.2904,-0.0194
1787917747.597210,-0.152760,-1.464809,1.249486,0.2854,-0.0194
1787917747.604613,-0.152495,-1.463080,1.248702,0.2697,-0.0194
1787917747.611279,-0.151898,-1.461535,1.249235,0.2632,-0.0194
1787917747.617661,-0.151429,-1.459646,1.248520,0.2754,-0.0194
1787917747.624202,-0.150740,-1.458010,1.248596,0.2740,-0.0194
1787917747.630967,-0.150105,-1.456520,1.249266,0.2634,-0.0138
1787917747.637989,-0.149676,-1.455101,1.249118,0.2477,-0.0138
1787917747.644742,-0.149098,-1.453224,1.248199,0.2606,-0.0138
1787917747.650596,-0.148580,-1.451648,1.248861,0.2674,-0.0138
1787917747.657603,-0.147881,-1.450108,1.249077,0.2592,-0.0138
1787917747.665354,-0.147616,-1.448258,1.247501,0.2526,-0.0138
1787917747.670778,-0.146690,-1.446812,1.248758,0.2689,-0.0138
1787917747.677360,-0.146427,-1.444982,1.247727,0.2711,-0.0138
1787917747.684340,-0.145486,-1.443494,1.248073,0.2633,-0.0138
1787917747.690567,-0.145282,-1.441807,1.247681,0.2645,-0.0138
1787917747.697912,-0.144873,-1.439857,1.246911,0.2660,-0.0138
1787917747.704051,-0.144225,-1.438211,1.246736,0.2725,-0.0138
1787917747.711885,-0.144059,-1.436431,1.245945,0.2574,-0.0138
1787917747.717629,-0.143308,-1.434827,1.245897,0.2721,-0.0138
1787917747.724514,-0.142751,-1.433259,1.245234,0.2629,-0.0138
1787917747.730805,-0.142184,-1.431639,1.245180,0.2659,-0.0092
1787917747.739090,-0.141735,-1.429764,1.244295,0.2557,-0.0092
1787917747.745018,-0.141410,-1.427822,1.243828,0.2773,-0.0092
1787917747.751618,-0.140724,-1.426204,1.243320,0.2738,-0.0092
1787917747.757316,-0.140193,-1.424501,1.242670,0.2855,-0.0092
1787917747.765157,-0.139306,-1.423064,1.243918,0.2628,-0.0092
1787917747.770793,-0.138924,-1.421348,1.242803,0.2770,-0.0092
1787917747.778181,-0.138423,-1.419560,1.242595,0.2692,-0.0092
1787917747.786063,-0.137911,-1.417971,1.242863,0.2520,-0.0092
1787917747.791596,-0.137453,-1.416105,1.242269,0.2802,-0.0092
1787917747.797008,-0.136734,-1.414429,1.242072,0.2969,-0.0092
1787917747.804474,-0.136340,-1.412696,1.241892,0.2788,-0.0092
1787917747.811225,-0.135507,-1.411218,1.242190,0.2693,-0.0092
1787917747.817643,-0.135358,-1.409333,1.241304,0.2741,-0.0092
1787917747.824281,-0.134776,-1.407591,1.240727,0.2749,-0.0092
1787917747.831028,-0.134474,-1.405841,1.240497,0.2704,-0.0044
1787917747.837124,-0.133751,-1.404249,1.240940,0.2749,-0.0044
1787917747.844330,-0.133016,-1.402329,1.240168,0.2780,-0.0044
1787917747.853120,-0.132312,-1.401023,1.241271,0.2445,-0.0044
1787917747.857734,-0.132032,-1.399180,1.240126,0.2904,-0.0044
1787917747.864140,-0.131310,-1.397597,1.240400,0.2844,-0.0044
1787917747.871056,-0.131192,-1.395743,1.239936,0.2768,-0.0044
1787917747.877534,-0.130622,-1.394010,1.239554,0.2783,-0.0044
1787917747.887694,-0.129770,-1.392524,1.240152,0.2444,-0.0044
1787917747.891953,-0.129192,-1.390844,1.240399,0.2963,-0.0044
1787917747.897805,-0.128403,-1.389402,1.240395,0.2904,-0.0044
1787917747.904776,-0.128347,-1.387487,1.239039,0.2820,-0.0044
1787917747.910935,-0.127604,-1.385962,1.239538,0.2794,-0.0044
1787917747.919173,-0.127250,-1.384417,1.239349,0.2530,-0.0044
1787917747.924012,-0.126730,-1.382524,1.238623,0.2985,-0.0044
1787917747.931188,-0.126266,-1.381067,1.239096,0.2729,-0.0034
1787917747.939056,-0.125980,-1.379250,1.237862,0.2600,-0.0034
1787917747.944634,-0.125504,-1.377409,1.237663,0.2840,-0.0034
1787917747.951949,-0.124874,-1.376077,1.237671,0.2589,-0.0034
1787917747.958439,-0.124287,-1.374143,1.237567,0.2746,-0.0034
1787917747.965317,-0.123631,-1.372599,1.237590,0.2652,-0.0034
1787917747.971189,-0.123560,-1.370938,1.236813,0.2670,-0.0034
1787917747.977551,-0.122906,-1.369154,1.236578,0.2765,-0.0034
1787917747.984782,-0.122670,-1.367317,1.236325,0.2688,-0.0034
1787917747.991337,-0.121948,-1.365820,1.236931,0.2637,-0.0034
1787917747.998111,-0.121164,-1.364078,1.237454,0.2688,-0.0034
1787917748.004909,-0.121060,-1.362384,1.236305,0.2603,-0.0034
1787917748.011092,-0.120166,-1.360985,1.237388,0.2605,-0.0034
1787917748.020047,-0.119761,-1.359312,1.237194,0.2398,-0.0034
1787917748.024573,-0.119195,-1.357494,1.237257,0.2940,-0.0034
1787917748.032662,-0.118459,-1.355968,1.238277,0.2682,-0.0013
1787917748.037551,-0.117803,-1.354320,1.238122,0.2965,-0.0013
1787917748.046268,-0.117131,-1.352783,1.238663,0.2650,-0.0013
1787917748.050542,-0.116841,-1.351103,1.237936,0.3036,-0.0013
1787917748.057643,-0.115901,-1.349552,1.238967,0.2874,-0.0013
1787917748.064570,-0.115346,-1.347807,1.238815,0.2805,-0.0013
1787917748.071280,-0.114918,-1.346322,1.238533,0.2654,-0.0013
1787917748.077626,-0.113863,-1.344651,1.239068,0.2767,-0.0013
1787917748.084050,-0.113995,-1.343068,1.237741,0.2615,-0.0013
1787917748.092457,-0.113384,-1.341248,1.237525,0.2516,-0.0013
1787917748.097572,-0.112906,-1.339554,1.237388,0.2791,-0.0013
1787917748.105385,-0.112441,-1.337882,1.237294,0.2619,-0.0013
1787917748.111601,-0.111511,-1.336252,1.237604,0.2724,-0.0013
1787917748.117835,-0.111001,-1.334654,1.237398,0.2713,-0.0013
1787917748.124831,-0.110319,-1.332947,1.237692,0.2687,-0.0013
1787917748.130914,-0.110250,-1.331145,1.236842,0.2732,-0.0005
1787917748.138464,-0.109569,-1.329536,1.236953,0.2605,-0.0005
1787917748.144381,-0.109066,-1.327907,1.236482,0.2687,-0.0005
1787917748.150897,-0.108156,-1.326256,1.236845,0.2737,-0.0005
1787917748.161021,-0.107536,-1.324685,1.237117,0.2416,-0.0005
1787917748.164311,-0.107112,-1.323021,1.236502,0.3252,-0.0005
1787917748.170326,-0.106553,-1.321383,1.236252,0.3139,-0.0005
1787917748.177783,-0.106241,-1.319709,1.235886,0.2875,-0.0005
1787917748.184067,-0.105743,-1.318021,1.235406,0.2851,-0.0005
1787917748.190728,-0.104903,-1.316269,1.235833,0.2866,-0.0005
1787917748.197714,-0.104223,-1.314596,1.236255,0.2781,-0.0005
1787917748.204085,-0.103760,-1.312964,1.235491,0.2743,-0.0005
1787917748.210627,-0.103267,-1.311233,1.235346,0.2744,-0.0005
1787917748.218832,-0.102823,-1.309479,1.235171,0.2580,-0.0005
1787917748.226711,-0.102249,-1.307662,1.234861,0.2531,-0.0005
1787917748.232542,-0.101445,-1.306075,1.235486,0.2679,0.0017
1787917748.238141,-0.100905,-1.304619,1.235301,0.2707,0.0017
1787917748.244213,-0.100284,-1.302810,1.234857,0.2840,0.0017
1787917748.250772,-0.099702,-1.301384,1.235055,0.2692,0.0017
1787917748.257481,-0.099560,-1.299503,1.234277,0.2699,0.0017
1787917748.263736,-0.098699,-1.297746,1.234564,0.2821,0.0017
1787917748.271448,-0.098162,-1.296093,1.234264,0.2651,0.0017
1787917748.277325,-0.097556,-1.294232,1.234018,0.2854,0.0017
1787917748.284184,-0.097033,-1.292803,1.233907,0.2664,0.0017
1787917748.291167,-0.096890,-1.290931,1.233170,0.2643,0.0017
1787917748.298233,-0.095953,-1.289349,1.233553,0.2616,0.0017
1787917748.304119,-0.095635,-1.287637,1.232988,0.2708,0.0017
1787917748.310896,-0.094642,-1.286076,1.234058,0.2693,0.0017
1787917748.318876,-0.094190,-1.284316,1.233480,0.2566,0.0017
1787917748.326125,-0.093966,-1.282318,1.232662,0.2607,0.0017
1787917748.330545,-0.093703,-1.280756,1.232756,0.2884,0.0085
1787917748.337926,-0.092936,-1.279135,1.232448,0.2744,0.0085
1787917748.344385,-0.092219,-1.277294,1.232683,0.2838,0.0085
1787917748.350947,-0.091563,-1.275755,1.232777,0.2750,0.0085
1787917748.357477,-0.091045,-1.273838,1.232588,0.2835,0.0085
1787917748.364950,-0.090524,-1.272116,1.232586,0.2706,0.0085
1787917748.371845,-0.090153,-1.270295,1.231974,0.2695,0.0085
1787917748.377988,-0.089352,-1.268883,1.232439,0.2667,0.0085
1787917748.383845,-0.088925,-1.266871,1.231851,0.2911,0.0085
1787917748.391164,-0.088252,-1.265366,1.231836,0.2712,0.0085
1787917748.400275,-0.087719,-1.263558,1.231825,0.2518,0.0085
1787917748.404488,-0.087030,-1.261686,1.231784,0.3184,0.0085
1787917748.410952,-0.086693,-1.260086,1.231271,0.2980,0.0085
1787917748.417349,-0.085916,-1.258228,1.231374,0.3029,0.0085
1787917748.424037,-0.085600,-1.256398,1.230755,0.2942,0.0085
1787917748.431707,-0.084683,-1.254921,1.231112,0.2724,0.0094
1787917748.438359,-0.084022,-1.253004,1.230977,0.2821,0.0094
1787917748.444337,-0.083651,-1.251167,1.230828,0.2906,0.0094
1787917748.450759,-0.083039,-1.249521,1.231005,0.2854,0.0094
1787917748.457889,-0.082346,-1.247944,1.230969,0.2721,0.0094
1787917748.464038,-0.081790,-1.246089,1.230701,0.2848,0.0094
1787917748.471416,-0.081038,-1.244479,1.231064,0.2713,0.0094
1787917748.477321,-0.080370,-1.242977,1.231398,0.2731,0.0094
1787917748.484180,-0.079942,-1.241032,1.231323,0.2777,0.0094
1787917748.491109,-0.079434,-1.239344,1.230992,0.2706,0.0094
1787917748.497310,-0.078719,-1.237596,1.230851,0.2807,0.0094
1787917748.505729,-0.078352,-1.235923,1.230389,0.2570,0.0094
1787917748.510780,-0.077647,-1.234048,1.230217,0.2989,0.0094
1787917748.517565,-0.076894,-1.232429,1.230879,0.2878,0.0094
1787917748.524676,-0.076538,-1.230431,1.230301,0.2859,0.0094
1787917748.531806,-0.075718,-1.229009,1.230866,0.2681,0.0104
1787917748.537390,-0.075284,-1.227223,1.230071,0.2859,0.0104
1787917748.543990,-0.074959,-1.225318,1.229522,0.2867,0.0104
1787917748.551433,-0.074270,-1.223816,1.229603,0.2670,0.0104
1787917748.557809,-0.073640,-1.221858,1.229271,0.2837,0.0104
1787917748.564260,-0.072845,-1.220318,1.230039,0.2784,0.0104
1787917748.571662,-0.072518,-1.218430,1.229256,0.2714,0.0104
1787917748.577711,-0.072040,-1.216758,1.228767,0.2761,0.0104
1787917748.584341,-0.071178,-1.215133,1.228892,0.2756,0.0104
1787917748.591223,-0.070707,-1.213375,1.228585,0.2720,0.0104
1787917748.597638,-0.069893,-1.211545,1.228907,0.2838,0.0104
1787917748.605022,-0.069701,-1.209758,1.228042,0.2696,0.0104
1787917748.610907,-0.069046,-1.208039,1.227908,0.2825,0.0104
1787917748.618507,-0.068672,-1.206148,1.227282,0.2730,0.0104
1787917748.625975,-0.067803,-1.204668,1.228050,0.2588,0.0104
1787917748.632692,-0.067404,-1.202877,1.227228,0.2625,0.0136
1787917748.637672,-0.067051,-1.201031,1.227249,0.2956,0.0136
1787917748.644025,-0.066428,-1.199216,1.227025,0.2976,0.0136
1787917748.650946,-0.065858,-1.197327,1.226493,0.2937,0.0136
1787917748.657965,-0.064857,-1.195906,1.227373,0.2772,0.0136
1787917748.664038,-0.064545,-1.194252,1.227023,0.2762,0.0136
1787917748.672066,-0.063869,-1.192561,1.226916,0.2613,0.0136
1787917748.678214,-0.063398,-1.190738,1.226188,0.2744,0.0136
1787917748.684246,-0.062916,-1.188918,1.226223,0.2854,0.0136
1787917748.691402,-0.061817,-1.187374,1.226970,0.2762,0.0136
1787917748.697350,-0.061488,-1.185471,1.226287,0.2893,0.0136
1787917748.707131,-0.060601,-1.183939,1.226753,0.2559,0.0136
1787917748.711580,-0.060133,-1.182336,1.226725,0.2915,0.0136
1787917748.717336,-0.059611,-1.180567,1.226703,0.3001,0.0136
1787917748.724185,-0.058770,-1.178890,1.226960,0.2916,0.0136
1787917748.730791,-0.058213,-1.177126,1.227111,0.2881,0.0209
1787917748.738503,-0.057761,-1.175570,1.226636,0.2645,0.0209
1787917748.744227,-0.057102,-1.173842,1.226715,0.2821,0.0209
1787917748.751068,-0.056322,-1.172155,1.226989,0.2787,0.0209
1787917748.758005,-0.056029,-1.170501,1.225999,0.2667,0.0209
1787917748.763908,-0.055270,-1.168803,1.226731,0.2809,0.0209
1787917748.771127,-0.054534,-1.167121,1.226663,0.2728,0.0209
1787917748.777249,-0.053851,-1.165486,1.226913,0.2776,0.0209
1787917748.784142,-0.053010,-1.163830,1.227023,0.2745,0.0209
1787917748.791415,-0.052410,-1.162209,1.226948,0.2635,0.0209
1787917748.797405,-0.051911,-1.160600,1.226943,0.2687,0.0209
1787917748.804228,-0.051292,-1.158896,1.226650,0.2678,0.0209
1787917748.810987,-0.050810,-1.157255,1.226657,0.2633,0.0209
1787917748.817430,-0.049813,-1.155369,1.227027,0.2826,0.0209
1787917748.824090,-0.049518,-1.153656,1.226343,0.2749,0.0209
1787917748.831006,-0.049134,-1.151992,1.225663,0.2660,0.0245
1787917748.838525,-0.048028,-1.150271,1.226569,0.2657,0.0245
1787917748.843953,-0.047838,-1.148651,1.226031,0.2738,0.0245
1787917748.850934,-0.047267,-1.146812,1.225548,0.2743,0.0245
1787917748.858127,-0.046566,-1.145218,1.225612,0.2645,0.0245
1787917748.865112,-0.046085,-1.143362,1.225198,0.2671,0.0245
1787917748.871173,-0.045493,-1.141752,1.224913,0.2719,0.0245
1787917748.877192,-0.044614,-1.140208,1.225189,0.2776,0.0245
1787917748.884871,-0.044137,-1.138302,1.224928,0.2707,0.0245
1787917748.891127,-0.043676,-1.136665,1.224738,0.2708,0.0245
1787917748.897882,-0.042892,-1.134830,1.225017,0.2780,0.0245
1787917748.912122,-0.042353,-1.133252,1.224907,0.2298,0.0245
1787917748.913085,-0.041896,-1.131459,1.224576,0.7343,0.0245
1787917748.918098,-0.040936,-1.130037,1.225307,0.6136,0.0245
1787917748.927673,-0.040949,-1.127901,1.224334,0.4923,0.0245
1787917748.931010,-0.040057,-1.126166,1.223993,0.5185,0.0269
1787917748.937603,-0.039532,-1.124555,1.224084,0.4400,0.0269
1787917748.945186,-0.039120,-1.122731,1.223599,0.3814,0.0269
1787917748.951137,-0.038581,-1.121048,1.223225,0.3560,0.0269
1787917748.957335,-0.037951,-1.119438,1.223528,0.3329,0.0269
1787917748.966522,-0.037295,-1.117736,1.223478,0.2926,0.0269
1787917748.971738,-0.036730,-1.115866,1.223588,0.3169,0.0269
1787917748.979263,-0.036014,-1.114145,1.223676,0.2961,0.0269
1787917748.983946,-0.035555,-1.112486,1.223685,0.3172,0.0269
1787917748.990980,-0.034868,-1.110854,1.223743,0.2975,0.0269
1787917748.997253,-0.034116,-1.109190,1.223925,0.2953,0.0269
1787917749.004410,-0.033862,-1.107311,1.223691,0.2844,0.0269
1787917749.014102,-0.032846,-1.105895,1.224201,0.2510,0.0269
1787917749.017888,-0.032349,-1.104030,1.224390,0.3281,0.0269
1787917749.023958,-0.032269,-1.102028,1.222579,0.3240,0.0269
1787917749.031419,-0.031115,-1.100674,1.224204,0.2938,0.0290
1787917749.037408,-0.030702,-1.098829,1.223646,0.2996,0.0290
1787917749.044571,-0.030474,-1.097054,1.223100,0.2828,0.0290
1787917749.055549,-0.029563,-1.095422,1.223001,0.2484,0.0290
1787917749.063858,-0.028827,-1.093539,1.223503,0.2469,0.0290
1787917749.066585,-0.028709,-1.091675,1.222293,0.3699,0.0290
1787917749.071961,-0.028015,-1.089954,1.222120,0.3624,0.0290
1787917749.077300,-0.027448,-1.088199,1.221681,0.3573,0.0290
1787917749.084242,-0.026584,-1.086524,1.221853,0.3309,0.0290
1787917749.090774,-0.025967,-1.085218,1.222504,0.2977,0.0290
1787917749.097600,-0.025832,-1.083123,1.221044,0.2969,0.0290
1787917749.104386,-0.024424,-1.081815,1.222389,0.2835,0.0290
1787917749.110912,-0.024392,-1.079885,1.221342,0.2823,0.0290
1787917749.118356,-0.023890,-1.078093,1.220981,0.2724,0.0290
1787917749.124249,-0.022803,-1.076508,1.221869,0.2854,0.0290
1787917749.130449,-0.022563,-1.074739,1.221122,0.2842,0.0371
1787917749.137741,-0.021463,-1.073213,1.222301,0.2734,0.0371
1787917749.145777,-0.021195,-1.071442,1.221375,0.2569,0.0371
1787917749.151717,-0.020761,-1.069547,1.220636,0.2773,0.0371
1787917749.157877,-0.020138,-1.067934,1.220894,0.2782,0.0371
1787917749.164213,-0.019753,-1.066388,1.220662,0.2698,0.0371
1787917749.172013,-0.019033,-1.064746,1.220770,0.2577,0.0371
1787917749.177410,-0.018537,-1.063051,1.220498,0.2783,0.0371
1787917749.184641,-0.017910,-1.061534,1.220550,0.2629,0.0371
1787917749.191365,-0.017448,-1.059671,1.220166,0.2692,0.0371
1787917749.197349,-0.017143,-1.058122,1.220029,0.2666,0.0371
1787917749.204369,-0.015888,-1.056743,1.221235,0.2603,0.0371
1787917749.210989,-0.015840,-1.055105,1.220139,0.2527,0.0371
1787917749.219072,-0.015110,-1.053390,1.220385,0.2460,0.0371
1787917749.227513,-0.014547,-1.051707,1.220511,0.2352,0.0371
1787917749.230767,-0.014475,-1.049719,1.219227,0.3391,0.0387
1787917749.237898,-0.013793,-1.048150,1.219579,0.3092,0.0387
1787917749.244066,-0.013117,-1.046598,1.219654,0.2986,0.0387
1787917749.250678,-0.012482,-1.044761,1.219752,0.2972,0.0387
1787917749.257937,-0.012009,-1.042918,1.219744,0.2863,0.0387
1787917749.263932,-0.011526,-1.041087,1.219349,0.2947,0.0387
1787917749.271052,-0.011027,-1.039384,1.219554,0.2809,0.0387
1787917749.277240,-0.010096,-1.037804,1.219769,0.2841,0.0387
1787917749.286648,-0.009516,-1.036233,1.220204,0.2523,0.0387
1787917749.292775,-0.008923,-1.034485,1.220354,0.2669,0.0387
1787917749.297544,-0.008324,-1.032706,1.219953,0.3049,0.0387
1787917749.304176,-0.007840,-1.031109,1.220115,0.2888,0.0387
1787917749.311361,-0.007122,-1.029268,1.219914,0.2846,0.0387
1787917749.317251,-0.006750,-1.027594,1.219773,0.2859,0.0387
1787917749.324360,-0.006116,-1.025912,1.219709,0.2759,0.0387
1787917749.330968,-0.005235,-1.024480,1.220265,0.2680,0.0383
1787917749.338756,-0.004714,-1.022701,1.220188,0.2588,0.0383
1787917749.344265,-0.004411,-1.020947,1.219735,0.2765,0.0383
1787917749.351341,-0.003704,-1.019213,1.220090,0.2729,0.0383
1787917749.357866,-0.002813,-1.017911,1.221378,0.2613,0.0383
1787917749.364562,-0.002422,-1.016255,1.220777,0.2586,0.0383
1787917749.370831,-0.001518,-1.014501,1.221343,0.2747,0.0383
1787917749.377575,-0.000684,-1.013038,1.221818,0.2661,0.0383
1787917749.384115,-0.000364,-1.011171,1.221117,0.2718,0.0383
1787917749.390859,0.000157,-1.009491,1.221155,0.2684,0.0383
1787917749.397516,0.001065,-1.007875,1.221668,0.2703,0.0383
1787917749.404385,0.001323,-1.006265,1.220730,0.2591,0.0383
1787917749.410776,0.002450,-1.004666,1.222191,0.2700,0.0383
1787917749.417954,0.002808,-1.003043,1.221753,0.2579,0.0383
1787917749.425104,0.003306,-1.001213,1.220990,0.2598,0.0383
1787917749.431250,0.004084,-0.999451,1.221719,0.2757,0.0406
1787917749.437601,0.004148,-0.997622,1.220648,0.2752,0.0406
1787917749.445456,0.004979,-0.995913,1.221038,0.2648,0.0406
1787917749.453403,0.005568,-0.994311,1.221140,0.2498,0.0406
1787917749.458107,0.006081,-0.992581,1.220929,0.2897,0.0406
1787917749.465659,0.006656,-0.990819,1.220898,0.2764,0.0406
1787917749.471611,0.007265,-0.989010,1.220812,0.2896,0.0406
1787917749.479609,0.007902,-0.987340,1.221216,0.2698,0.0406
1787917749.485025,0.008285,-0.985768,1.220500,0.2779,0.0406
1787917749.491686,0.009164,-0.984075,1.221248,0.2797,0.0406
1787917749.497975,0.009540,-0.982256,1.220849,0.2835,0.0406
1787917749.504563,0.010500,-0.980696,1.221288,0.2802,0.0406
1787917749.511009,0.010762,-0.979057,1.221125,0.2719,0.0406
1787917749.517729,0.011119,-0.977137,1.220246,0.2764,0.0406
1787917749.526511,0.012020,-0.975572,1.220568,0.2542,0.0406
1787917749.531248,0.012316,-0.973807,1.219750,0.2894,0.0434
1787917749.537656,0.012754,-0.972026,1.219572,0.2879,0.0434
1787917749.545182,0.013280,-0.970284,1.219233,0.2739,0.0434
1787917749.550604,0.014265,-0.968673,1.220146,0.2942,0.0434
1787917749.558175,0.014464,-0.966683,1.218916,0.2827,0.0434
1787917749.564443,0.015054,-0.965077,1.219343,0.2797,0.0434
1787917749.571342,0.015873,-0.963544,1.219513,0.2707,0.0434
1787917749.577796,0.015817,-0.961549,1.217951,0.2756,0.0434
1787917749.583950,0.016632,-0.959966,1.218831,0.2791,0.0434
1787917749.590790,0.017315,-0.958350,1.219115,0.2722,0.0434
1787917749.597905,0.017788,-0.956387,1.218837,0.2751,0.0434
1787917749.604197,0.018483,-0.954698,1.219022,0.2796,0.0434
1787917749.610767,0.019140,-0.953135,1.219117,0.2731,0.0434
1787917749.617275,0.019677,-0.951390,1.218835,0.2752,0.0434
1787917749.624222,0.020489,-0.949804,1.219616,0.2690,0.0434
1787917749.631485,0.020744,-0.947896,1.219051,0.2659,0.0443
1787917749.637676,0.021312,-0.946094,1.218925,0.2776,0.0443
1787917749.645164,0.022136,-0.944416,1.219964,0.2688,0.0443
1787917749.650818,0.022515,-0.942584,1.218798,0.2864,0.0443
1787917749.658716,0.023423,-0.941032,1.219980,0.2677,0.0443
1787917749.666210,0.023624,-0.939278,1.219457,0.2560,0.0443
1787917749.673244,0.024197,-0.937454,1.219691,0.2607,0.0443
1787917749.677215,0.024756,-0.935579,1.219721,0.3300,0.0443
1787917749.684366,0.025641,-0.933897,1.220397,0.3100,0.0443
1787917749.691660,0.026430,-0.932328,1.220656,0.2887,0.0443
1787917749.698278,0.026868,-0.930534,1.220383,0.2853,0.0443
1787917749.704808,0.027556,-0.928858,1.220661,0.2829,0.0443
1787917749.710524,0.027839,-0.926921,1.220230,0.2986,0.0443
1787917749.717258,0.028648,-0.925161,1.221152,0.2950,0.0443
1787917749.724989,0.029231,-0.923576,1.220852,0.2721,0.0443
1787917749.731884,0.029922,-0.921673,1.221484,0.2785,0.0403
1787917749.737996,0.030540,-0.920161,1.221162,0.2751,0.0403
1787917749.744117,0.031186,-0.918247,1.221335,0.2915,0.0403
1787917749.750790,0.031426,-0.916228,1.220740,0.2931,0.0403
1787917749.759801,0.032377,-0.914573,1.221824,0.2677,0.0403
1787917749.764088,0.032711,-0.912649,1.221178,0.3219,0.0403
1787917749.771183,0.033775,-0.911155,1.222251,0.3001,0.0403
1787917749.777413,0.034002,-0.909146,1.220964,0.3047,0.0403
1787917749.784048,0.034675,-0.907446,1.221470,0.2959,0.0403
1787917749.791316,0.035293,-0.905611,1.221440,0.2870,0.0403
1787917749.800041,0.035893,-0.903942,1.221719,0.2619,0.0403
1787917749.804768,0.036674,-0.902308,1.222311,0.2978,0.0403
1787917749.812022,0.036923,-0.900395,1.221188,0.2863,0.0403
1787917749.818549,0.037876,-0.898862,1.222344,0.2816,0.0403
1787917749.824656,0.038023,-0.896948,1.221188,0.2879,0.0403
1787917749.834090,0.038824,-0.895261,1.221728,0.2606,0.0410
1787917749.837455,0.039548,-0.893547,1.221962,0.3481,0.0410
1787917749.845864,0.040080,-0.891725,1.221812,0.3113,0.0410
1787917749.855317,0.040657,-0.889918,1.221740,0.2781,0.0410
1787917749.861761,0.040921,-0.887938,1.220783,0.2854,0.0410
1787917749.874410,0.041738,-0.886376,1.221414,0.2412,0.0410
1787917749.875693,0.042419,-0.884569,1.221419,0.6204,0.0410
1787917749.877661,0.043238,-0.882866,1.222200,0.7209,0.0410
1787917749.884798,0.043741,-0.881297,1.221744,0.5738,0.0410
1787917749.890657,0.044262,-0.879430,1.221727,0.5006,0.0410
1787917749.898007,0.044543,-0.877804,1.221292,0.4167,0.0410
1787917749.904114,0.045242,-0.876035,1.221584,0.3851,0.0410
1787917749.912419,0.045806,-0.874220,1.221840,0.3381,0.0410
1787917749.917631,0.046846,-0.872704,1.222928,0.3392,0.0410
1787917749.924170,0.047655,-0.871026,1.223051,0.3224,0.0410
1787917749.930928,0.048088,-0.869370,1.222831,0.3014,0.0403
1787917749.944111,0.048601,-0.867764,1.222809,0.2493,0.0403
1787917749.945377,0.049113,-0.865786,1.222671,0.6566,0.0403
1787917749.951237,0.049871,-0.864093,1.222897,0.5544,0.0403
1787917749.957629,0.050904,-0.862549,1.223559,0.4727,0.0403
1787917749.965292,0.051133,-0.860641,1.223004,0.4041,0.0403
1787917749.971016,0.051432,-0.858906,1.221858,0.3737,0.0403
1787917749.978262,0.052026,-0.857075,1.221777,0.3413,0.0403
1787917749.983849,0.052590,-0.855355,1.221466,0.3361,0.0403
1787917749.991071,0.053422,-0.853813,1.222130,0.3072,0.0403
1787917749.997231,0.054228,-0.852062,1.222437,0.3086,0.0403
1787917750.004199,0.054771,-0.850471,1.221903,0.2884,0.0403
1787917750.011049,0.055573,-0.848766,1.222001,0.2840,0.0403
1787917750.017484,0.056188,-0.847047,1.221854,0.2840,0.0403
1787917750.024189,0.056517,-0.845518,1.221759,0.2681,0.0403
1787917750.031099,0.057088,-0.843599,1.221599,0.2744,0.0440
1787917750.040416,0.057895,-0.842040,1.221857,0.2482,0.0440
1787917750.044330,0.058467,-0.840318,1.221817,0.3127,0.0440
1787917750.050890,0.059175,-0.838697,1.221693,0.2996,0.0440
1787917750.057467,0.059369,-0.836873,1.220945,0.2909,0.0440
1787917750.067394,0.060090,-0.835168,1.221134,0.2595,0.0440
1787917750.073031,0.060527,-0.833344,1.220690,0.2808,0.0440
1787917750.076949,0.061195,-0.831822,1.220823,0.3235,0.0440
1787917750.084517,0.061864,-0.830083,1.220718,0.3003,0.0440
1787917750.091167,0.062739,-0.828499,1.221149,0.2909,0.0440
1787917750.097691,0.063421,-0.826827,1.220935,0.2866,0.0440
1787917750.105604,0.063691,-0.825194,1.220285,0.2623,0.0440
1787917750.110792,0.064332,-0.823373,1.220229,0.2952,0.0440
1787917750.117507,0.064736,-0.821538,1.219971,0.2899,0.0440
1787917750.124310,0.065332,-0.819778,1.219994,0.2848,0.0440
1787917750.130872,0.066188,-0.818307,1.220232,0.2760,0.0485
1787917750.140569,0.066475,-0.816509,1.219808,0.2485,0.0485
1787917750.143941,0.067134,-0.814948,1.220100,0.3245,0.0485
1787917750.151416,0.067329,-0.812785,1.219343,0.3113,0.0485
1787917750.158450,0.068195,-0.811277,1.220190,0.2910,0.0485
1787917750.165284,0.068919,-0.809422,1.220234,0.2911,0.0485
1787917750.173799,0.069638,-0.807812,1.220728,0.2657,0.0485
1787917750.178244,0.070268,-0.806004,1.220409,0.3153,0.0485
1787917750.184009,0.071077,-0.804413,1.221388,0.3129,0.0485
1787917750.190739,0.071487,-0.802859,1.221250,0.2904,0.0485
1787917750.197714,0.071784,-0.800721,1.220428,0.2940,0.0485
1787917750.210040,0.072846,-0.799288,1.221577,0.2474,0.0485
1787917750.211091,0.073409,-0.797327,1.221386,0.7539,0.0485
1787917750.217542,0.074136,-0.795836,1.221684,0.6045,0.0485
1787917750.227988,0.074681,-0.793920,1.221676,0.4802,0.0485
1787917750.231263,0.075265,-0.792098,1.221552,0.5112,0.0479
1787917750.237284,0.075733,-0.790503,1.221763,0.4405,0.0479
1787917750.246983,0.076350,-0.788640,1.221340,0.3690,0.0479
1787917750.251010,0.076777,-0.786596,1.220952,0.4123,0.0479
1787917750.257766,0.077403,-0.784800,1.220461,0.3731,0.0479
1787917750.264069,0.078004,-0.783126,1.220386,0.3458,0.0479
1787917750.271916,0.078644,-0.781359,1.220447,0.3139,0.0479
1787917750.277884,0.079212,-0.779532,1.220152,0.3158,0.0479
1787917750.284269,0.079649,-0.777809,1.220058,0.3041,0.0479
1787917750.291470,0.080759,-0.776058,1.220889,0.2973,0.0479
1787917750.298758,0.081473,-0.774495,1.220933,0.2786,0.0479
1787917750.303948,0.081802,-0.772684,1.220502,0.2999,0.0479
1787917750.311208,0.082115,-0.770708,1.219769,0.2910,0.0479
1787917750.318202,0.083056,-0.769190,1.220636,0.2787,0.0479
1787917750.324064,0.083392,-0.767189,1.219727,0.2972,0.0479
1787917750.331093,0.083977,-0.765533,1.219816,0.2830,0.0506
1787917750.337651,0.084983,-0.763748,1.220305,0.2906,0.0506
1787917750.348404,0.085485,-0.761997,1.219886,0.2541,0.0506
1787917750.351515,0.086130,-0.760041,1.219668,0.3764,0.0506
1787917750.357870,0.086581,-0.758427,1.219661,0.3424,0.0506
1787917750.364295,0.087161,-0.756772,1.220051,0.3215,0.0506
1787917750.376582,0.087773,-0.754939,1.220075,0.2722,0.0506
1787917750.379879,0.088600,-0.753418,1.220089,0.3463,0.0506
1787917750.384382,0.089168,-0.751546,1.220110,0.3725,0.0506
1787917750.391434,0.089480,-0.749968,1.219549,0.3284,0.0506
1787917750.397565,0.090061,-0.748239,1.219867,0.3191,0.0506
1787917750.404298,0.090823,-0.746495,1.220557,0.3080,0.0506
1787917750.412930,0.091803,-0.745019,1.221048,0.2754,0.0506
1787917750.417826,0.092188,-0.743243,1.220785,0.3032,0.0506
1787917750.423929,0.092677,-0.741651,1.220617,0.2940,0.0506
1787917750.430988,0.093150,-0.739803,1.220591,0.2864,0.0522
1787917750.437554,0.093808,-0.738220,1.220708,0.2788,0.0522
1787917750.444036,0.094319,-0.736465,1.220939,0.2796,0.0522
1787917750.450934,0.095377,-0.734750,1.221837,0.2815,0.0522
1787917750.458104,0.095944,-0.733042,1.221880,0.2723,0.0522
1787917750.464573,0.095973,-0.731225,1.221076,0.2703,0.0522
1787917750.471832,0.096601,-0.729571,1.221190,0.2623,0.0522
1787917750.477235,0.097165,-0.727730,1.220829,0.2904,0.0522
1787917750.485389,0.098230,-0.726138,1.221937,0.2717,0.0522
1787917750.490926,0.098766,-0.724224,1.221849,0.2976,0.0522
1787917750.497412,0.099331,-0.722491,1.221547,0.2925,0.0522
1787917750.504498,0.099976,-0.720739,1.221432,0.2838,0.0522
1787917750.511180,0.099998,-0.718965,1.220531,0.2738,0.0522
1787917750.518028,0.100828,-0.717255,1.221270,0.2745,0.0522
1787917750.524608,0.101470,-0.715591,1.220917,0.2735,0.0522
1787917750.530458,0.102268,-0.714002,1.221535,0.2820,0.0515
1787917750.537557,0.102924,-0.712082,1.221341,0.2831,0.0515
1787917750.544664,0.103629,-0.710492,1.221659,0.2714,0.0515
1787917750.550964,0.103584,-0.708601,1.220476,0.2738,0.0515
1787917750.558043,0.104626,-0.706916,1.221088,0.2739,0.0515
1787917750.563920,0.105217,-0.705261,1.221152,0.2815,0.0515
1787917750.570915,0.105984,-0.703498,1.221255,0.2793,0.0515
1787917750.579360,0.106461,-0.701496,1.220522,0.2681,0.0515
1787917750.584058,0.107096,-0.699983,1.220804,0.2923,0.0515
1787917750.590952,0.107708,-0.698211,1.220600,0.2862,0.0515
1787917750.597386,0.107850,-0.696438,1.219475,0.2803,0.0515
1787917750.605941,0.109032,-0.694981,1.220787,0.2584,0.0515
1787917750.611120,0.109241,-0.693139,1.219656,0.2852,0.0515
1787917750.617923,0.110363,-0.691591,1.220816,0.2808,0.0515
1787917750.623946,0.110859,-0.689716,1.220342,0.2927,0.0515
1787917750.631111,0.111274,-0.687858,1.219540,0.2839,0.0550
1787917750.637441,0.112250,-0.686326,1.220909,0.2828,0.0550
1787917750.645401,0.112496,-0.684446,1.219917,0.2677,0.0550
1787917750.652496,0.113555,-0.682770,1.220963,0.2693,0.0550
1787917750.657973,0.114238,-0.681130,1.220781,0.2857,0.0550
1787917750.664327,0.114863,-0.679121,1.220617,0.2992,0.0550
1787917750.671004,0.115044,-0.677344,1.219900,0.2872,0.0550
1787917750.677395,0.115883,-0.675634,1.220347,0.2900,0.0550
1787917750.684649,0.116366,-0.673762,1.219916,0.2825,0.0550
1787917750.690445,0.117383,-0.672144,1.221030,0.2945,0.0550
1787917750.697254,0.117769,-0.670268,1.219965,0.2896,0.0550
1787917750.705316,0.118504,-0.668514,1.220261,0.2734,0.0550
1787917750.710719,0.119003,-0.666685,1.219992,0.2963,0.0550
1787917750.720052,0.119582,-0.664877,1.219648,0.2684,0.0550
1787917750.724184,0.120253,-0.662984,1.219640,0.3337,0.0550
1787917750.730770,0.120932,-0.661309,1.219765,0.3158,0.0596
1787917750.738040,0.121671,-0.659579,1.219708,0.2986,0.0596
1787917750.744023,0.121917,-0.657811,1.218891,0.2965,0.0596
1787917750.751154,0.122657,-0.655863,1.218710,0.2952,0.0596
1787917750.757492,0.122904,-0.653994,1.218149,0.2937,0.0596
1787917750.764766,0.123565,-0.652115,1.218107,0.2877,0.0596
1787917750.771743,0.124265,-0.650488,1.218060,0.2775,0.0596
1787917750.777292,0.124962,-0.648719,1.218324,0.2970,0.0596
1787917750.785624,0.125226,-0.646719,1.217444,0.2787,0.0596
1787917750.791264,0.126106,-0.644959,1.217755,0.2991,0.0596
1787917750.797393,0.126054,-0.643057,1.216778,0.2959,0.0596
1787917750.804417,0.127139,-0.641280,1.217454,0.2944,0.0596
1787917750.810621,0.128004,-0.639726,1.218317,0.2910,0.0596
1787917750.818188,0.128468,-0.637910,1.217905,0.2776,0.0596
1787917750.824194,0.128940,-0.636053,1.217324,0.2895,0.0596
1787917750.830850,0.129933,-0.634383,1.218238,0.2888,0.0621
1787917750.837751,0.130010,-0.632138,1.217051,0.2949,0.0621
1787917750.844661,0.130710,-0.630461,1.217732,0.2852,0.0621
1787917750.852326,0.131625,-0.628802,1.217983,0.2730,0.0621
1787917750.857505,0.131941,-0.626869,1.217781,0.3024,0.0621
1787917750.864447,0.132801,-0.625062,1.218095,0.2978,0.0621
1787917750.870985,0.132953,-0.622946,1.217272,0.3020,0.0621
1787917750.877491,0.133738,-0.621295,1.217805,0.2953,0.0621
1787917750.886331,0.134676,-0.619527,1.218482,0.2740,0.0621
1787917750.890367,0.135146,-0.617846,1.218431,0.3212,0.0621
1787917750.897774,0.136030,-0.615929,1.218851,0.3100,0.0621
1787917750.904211,0.136691,-0.614232,1.218925,0.3019,0.0621
1787917750.914266,0.136999,-0.612240,1.217938,0.2703,0.0621
1787917750.917228,0.137934,-0.610488,1.219334,0.3884,0.0621
1787917750.925386,0.138335,-0.608540,1.218675,0.3442,0.0621
1787917750.930727,0.139183,-0.606977,1.219144,0.3398,0.0589
1787917750.937745,0.139735,-0.605115,1.218468,0.3207,0.0589
1787917750.945102,0.140353,-0.603391,1.218441,0.2991,0.0589
1787917750.952924,0.140724,-0.601408,1.217838,0.2857,0.0589
1787917750.972821,0.141577,-0.599512,1.218418,0.2313,0.0589
1787917750.974848,0.141999,-0.597707,1.217372,0.4342,0.0589
1787917750.976740,0.143070,-0.596061,1.218696,0.6073,0.0589
1787917750.979035,0.143319,-0.594230,1.217553,0.6610,0.0589
1787917750.984768,0.144043,-0.592345,1.217541,0.5684,0.0589
1787917750.991637,0.144416,-0.590566,1.216799,0.4764,0.0589
1787917750.997596,0.145348,-0.588544,1.217272,0.4452,0.0589
1787917751.004169,0.145958,-0.586831,1.217177,0.3947,0.0589
1787917751.011022,0.146809,-0.585239,1.217226,0.3545,0.0589
1787917751.017499,0.147202,-0.583463,1.216560,0.3316,0.0589
1787917751.024354,0.147434,-0.581583,1.215563,0.3128,0.0589
1787917751.031051,0.148418,-0.580028,1.216083,0.2996,0.0665
1787917751.037390,0.149204,-0.578212,1.216160,0.3032,0.0665
1787917751.043956,0.150052,-0.576390,1.216579,0.3038,0.0665
1787917751.050819,0.150332,-0.574464,1.215752,0.2959,0.0665
1787917751.057926,0.151118,-0.572770,1.215982,0.2857,0.0665
1787917751.064206,0.151333,-0.571080,1.215237,0.2792,0.0665
1787917751.070890,0.152345,-0.569342,1.215811,0.2844,0.0665
1787917751.077047,0.152586,-0.567375,1.214834,0.2930,0.0665
1787917751.084381,0.153406,-0.565683,1.215811,0.2817,0.0665
1787917751.091892,0.154245,-0.564112,1.215264,0.2676,0.0665
1787917751.097596,0.154749,-0.562354,1.215352,0.2833,0.0665
1787917751.103870,0.155201,-0.560452,1.214890,0.2911,0.0665
1787917751.111348,0.156004,-0.558716,1.215197,0.2802,0.0665
1787917751.118686,0.156779,-0.557150,1.215909,0.2672,0.0665
1787917751.126000,0.157338,-0.555348,1.215426,0.2643,0.0665
1787917751.131607,0.158012,-0.553505,1.215581,0.2900,0.0717
1787917751.137846,0.158390,-0.551667,1.215011,0.2922,0.0717
1787917751.143961,0.159266,-0.550016,1.215653,0.2954,0.0717
1787917751.151974,0.159561,-0.548243,1.214930,0.2728,0.0717
1787917751.158348,0.161023,-0.546741,1.216933,0.2812,0.0717
1787917751.165984,0.160976,-0.544835,1.215411,0.2664,0.0717
1787917751.170690,0.161849,-0.543120,1.215977,0.3084,0.0717
1787917751.178756,0.162130,-0.541276,1.214843,0.2838,0.0717
1787917751.184169,0.162657,-0.539454,1.214716,0.3035,0.0717
1787917751.190727,0.163709,-0.537917,1.216412,0.2951,0.0717
1787917751.197799,0.163939,-0.535892,1.214910,0.2904,0.0717
1787917751.204506,0.164830,-0.534267,1.215193,0.2853,0.0717
1787917751.211059,0.165578,-0.532572,1.215288,0.2844,0.0717
1787917751.217451,0.165791,-0.530752,1.214486,0.2826,0.0717
1787917751.227344,0.166336,-0.529159,1.214330,0.2489,0.0717
1787917751.232893,0.167093,-0.527489,1.214446,0.2731,0.0752
1787917751.236946,0.167918,-0.525868,1.214438,0.3249,0.0752
1787917751.244400,0.168277,-0.523980,1.214050,0.3037,0.0752
1787917751.250862,0.169085,-0.522244,1.213876,0.3012,0.0752
1787917751.257383,0.169293,-0.520487,1.212743,0.2899,0.0752
1787917751.267082,0.170386,-0.518841,1.214007,0.2625,0.0752
1787917751.271242,0.170653,-0.517108,1.213266,0.3075,0.0752
1787917751.277303,0.171301,-0.515442,1.213457,0.3037,0.0752
1787917751.284595,0.171919,-0.513714,1.213545,0.2881,0.0752
1787917751.290927,0.172456,-0.512016,1.213419,0.2859,0.0752
1787917751.297499,0.173145,-0.510337,1.213390,0.2830,0.0752
1787917751.304227,0.173726,-0.508497,1.213212,0.2840,0.0752
1787917751.310724,0.174114,-0.506966,1.212950,0.2713,0.0752
1787917751.317651,0.174738,-0.505322,1.212952,0.2661,0.0752
1787917751.323705,0.175973,-0.505131,1.217155,0.2163,0.0752
1787917751.330867,0.176570,-0.503043,1.216363,0.2421,0.0754
1787917751.340907,0.177086,-0.501340,1.216795,0.2226,0.0754
1787917751.344078,0.177810,-0.499893,1.217065,0.3078,0.0754
1787917751.353427,0.178323,-0.497884,1.217035,0.2817,0.0754
1787917751.359653,0.179012,-0.496376,1.217632,0.2769,0.0754
1787917751.370499,0.179461,-0.494581,1.217640,0.2447,0.0754
1787917751.374520,0.180551,-0.493013,1.218445,0.3092,0.0754
1787917751.381454,0.180858,-0.491134,1.217953,0.2973,0.0754
1787917751.384901,0.181336,-0.489355,1.217675,0.3678,0.0754
1787917751.391109,0.182067,-0.487630,1.218015,0.3479,0.0754
1787917751.398220,0.182704,-0.486126,1.217795,0.3123,0.0754
1787917751.404358,0.183785,-0.484840,1.220544,0.2958,0.0754
1787917751.410772,0.184147,-0.482904,1.218947,0.2979,0.0754
1787917751.418065,0.184362,-0.480859,1.217852,0.2905,0.0754
1787917751.425581,0.185093,-0.479076,1.217626,0.2802,0.0754
1787917751.430947,0.185645,-0.477039,1.217513,0.3137,0.0765
1787917751.437976,0.186290,-0.475332,1.217313,0.2975,0.0765
1787917751.443818,0.186598,-0.473410,1.216550,0.3063,0.0765
1787917751.450786,0.187346,-0.471638,1.216270,0.2971,0.0765
1787917751.457649,0.187705,-0.469935,1.216017,0.2833,0.0765
1787917751.466501,0.188419,-0.467914,1.215648,0.2709,0.0765
1787917751.472227,0.188895,-0.466335,1.215613,0.2759,0.0765
1787917751.479609,0.189654,-0.464615,1.215743,0.2694,0.0765
1787917751.484087,0.190197,-0.462608,1.215246,0.3273,0.0765
1787917751.490823,0.190769,-0.461139,1.215680,0.2993,0.0765
1787917751.497224,0.191435,-0.459364,1.215216,0.2984,0.0765
1787917751.504057,0.192267,-0.457588,1.215893,0.2947,0.0765
1787917751.511340,0.192642,-0.455763,1.214740,0.2821,0.0765
1787917751.517569,0.193318,-0.453929,1.214963,0.2916,0.0765
1787917751.524267,0.193970,-0.452500,1.215021,0.2743,0.0765
1787917751.530953,0.194749,-0.450598,1.215492,0.2842,0.0824
1787917751.539519,0.195116,-0.448729,1.214664,0.2647,0.0824
1787917751.544598,0.195797,-0.447083,1.214845,0.2905,0.0824
1787917751.550936,0.196455,-0.445371,1.214537,0.2902,0.0824
1787917751.557491,0.197345,-0.443566,1.215033,0.2947,0.0824
1787917751.564911,0.197803,-0.441836,1.214753,0.2783,0.0824
1787917751.570593,0.198273,-0.440107,1.214206,0.2890,0.0824
1787917751.577416,0.199015,-0.438468,1.214183,0.2813,0.0824
1787917751.585086,0.199886,-0.436996,1.214914,0.2627,0.0824
1787917751.590857,0.200023,-0.434938,1.213965,0.2866,0.0824
1787917751.597696,0.201109,-0.433334,1.214990,0.2832,0.0824
1787917751.604481,0.201652,-0.431773,1.215012,0.2713,0.0824
1787917751.610791,0.202452,-0.430149,1.215341,0.2755,0.0824
1787917751.618019,0.202849,-0.428529,1.215020,0.2617,0.0824
1787917751.623705,0.203325,-0.426675,1.214820,0.2836,0.0824
1787917751.630874,0.204100,-0.425019,1.215151,0.2748,0.0834
1787917751.637924,0.204573,-0.423125,1.214911,0.2749,0.0834
1787917751.644480,0.205081,-0.421279,1.214396,0.2797,0.0834
1787917751.651015,0.205920,-0.419757,1.215347,0.2747,0.0834
1787917751.657513,0.206253,-0.417830,1.214365,0.2810,0.0834
1787917751.664726,0.207061,-0.416185,1.215100,0.2726,0.0834
1787917751.671315,0.207522,-0.414373,1.214686,0.2754,0.0834
1787917751.677844,0.208248,-0.412500,1.214957,0.2851,0.0834
1787917751.684725,0.208823,-0.410822,1.214920,0.2769,0.0834
1787917751.690795,0.209776,-0.409367,1.216002,0.2776,0.0834
1787917751.697108,0.210085,-0.407554,1.215088,0.2802,0.0834
1787917751.705550,0.210666,-0.405749,1.214599,0.2635,0.0834
1787917751.710702,0.211108,-0.403887,1.214247,0.2950,0.0834
1787917751.717228,0.211823,-0.402210,1.214545,0.2902,0.0834
1787917751.724417,0.212434,-0.400512,1.214656,0.2784,0.0834
1787917751.730560,0.213312,-0.398767,1.215244,0.2897,0.0855
1787917751.737761,0.213711,-0.396936,1.214685,0.2801,0.0855
1787917751.745028,0.214200,-0.395189,1.214189,0.2707,0.0855
1787917751.751450,0.215233,-0.393615,1.215184,0.2752,0.0855
1787917751.757648,0.215827,-0.391718,1.215193,0.2887,0.0855
1787917751.764400,0.216297,-0.389724,1.214884,0.2924,0.0855
1787917751.771425,0.217103,-0.388225,1.214924,0.2767,0.0855
1787917751.779191,0.217649,-0.386298,1.214405,0.2708,0.0855
1787917751.783949,0.218485,-0.384767,1.214985,0.2984,0.0855
1787917751.791614,0.219249,-0.383458,1.215794,0.2673,0.0855
1787917751.797619,0.219314,-0.381374,1.214713,0.2858,0.0855
1787917751.803937,0.220591,-0.379968,1.216250,0.2837,0.0855
1787917751.810494,0.220936,-0.377933,1.215462,0.2914,0.0855
1787917751.817476,0.221828,-0.376476,1.216219,0.2760,0.0855
1787917751.825032,0.222427,-0.374822,1.216081,0.2631,0.0855
1787917751.831186,0.222698,-0.372943,1.215351,0.2746,0.0903
1787917751.837300,0.223819,-0.371431,1.216892,0.2809,0.0903
1787917751.847908,0.224306,-0.369412,1.216058,0.2549,0.0903
1787917751.850446,0.224936,-0.367832,1.216694,0.3795,0.0903
1787917751.857562,0.225611,-0.366259,1.216604,0.3377,0.0903
1787917751.864358,0.226035,-0.364306,1.215887,0.3238,0.0903
1787917751.870787,0.226521,-0.362533,1.215446,0.3121,0.0903
1787917751.877347,0.227390,-0.360819,1.216032,0.3058,0.0903
1787917751.884076,0.226083,-0.358521,1.213013,0.2896,0.0903
1787917751.891781,0.227542,-0.356898,1.214004,0.2818,0.0903
1787917751.897810,0.227846,-0.354881,1.212889,0.2965,0.0903
1787917751.904037,0.228541,-0.353404,1.212981,0.2859,0.0903
1787917751.910974,0.228796,-0.351429,1.212004,0.2840,0.0903
1787917751.917348,0.229787,-0.349898,1.212839,0.2827,0.0903
1787917751.924383,0.230337,-0.348240,1.212925,0.2723,0.0903
1787917751.931217,0.230810,-0.346281,1.212270,0.2784,0.0952
1787917751.938472,0.231333,-0.344630,1.212275,0.2664,0.0952
1787917751.944121,0.232013,-0.342934,1.212417,0.2835,0.0952
1787917751.951235,0.232266,-0.341049,1.211392,0.2766,0.0952
1787917751.957184,0.233016,-0.339324,1.211705,0.2884,0.0952
1787917751.965323,0.233367,-0.337210,1.211538,0.2794,0.0952
1787917751.971873,0.234146,-0.335692,1.211941,0.2732,0.0952
1787917751.977206,0.234891,-0.334067,1.212325,0.2915,0.0952
1787917751.984390,0.235059,-0.332236,1.211006,0.2781,0.0952
1787917751.990871,0.235749,-0.330606,1.211682,0.2765,0.0952
1787917751.998606,0.236007,-0.328670,1.210827,0.2674,0.0952
1787917752.004300,0.236912,-0.326920,1.211718,0.2903,0.0952
1787917752.011216,0.237335,-0.325203,1.211152,0.2794,0.0952
1787917752.017601,0.238083,-0.323561,1.211629,0.2801,0.0952
1787917752.023859,0.238662,-0.321887,1.211346,0.2810,0.0952
1787917752.030765,0.239087,-0.319827,1.210526,0.2869,0.0901
1787917752.038189,0.239058,-0.317906,1.209565,0.2730,0.0901
1787917752.044148,0.240203,-0.316154,1.210672,0.2940,0.0901
1787917752.051180,0.240805,-0.314458,1.210840,0.2825,0.0901
1787917752.057425,0.241863,-0.312711,1.211926,0.2942,0.0901
1787917752.064667,0.242059,-0.310723,1.210521,0.2859,0.0901
1787917752.071398,0.242687,-0.309061,1.210949,0.2793,0.0901
1787917752.077313,0.243390,-0.307207,1.211180,0.2961,0.0901
1787917752.086507,0.244010,-0.305449,1.211871,0.2681,0.0901
1787917752.090782,0.244790,-0.303734,1.212425,0.3196,0.0901
1787917752.098161,0.245885,-0.301952,1.212850,0.3071,0.0901
1787917752.104070,0.246263,-0.300060,1.212335,0.3117,0.0901
1787917752.111238,0.247033,-0.298448,1.212692,0.2927,0.0901
1787917752.117233,0.247279,-0.296447,1.212097,0.3030,0.0901
1787917752.124498,0.248265,-0.294798,1.213003,0.2901,0.0901
1787917752.131142,0.248856,-0.293065,1.212790,0.2857,0.0902
1787917752.137726,0.249457,-0.291149,1.212583,0.2914,0.0902
1787917752.144309,0.250125,-0.289342,1.212340,0.2918,0.0902
1787917752.154533,0.250656,-0.287584,1.212395,0.2580,0.0902
1787917752.157526,0.251051,-0.285931,1.211949,0.3495,0.0902
1787917752.164555,0.251862,-0.283952,1.212049,0.3359,0.0902
1787917752.170998,0.252224,-0.282159,1.211401,0.3193,0.0902
1787917752.178033,0.253369,-0.280424,1.211902,0.3099,0.0902
1787917752.183984,0.253993,-0.278659,1.211852,0.3113,0.0902
1787917752.192643,0.254474,-0.276821,1.211226,0.2834,0.0902
1787917752.197655,0.255222,-0.275148,1.211660,0.3078,0.0902
1787917752.204263,0.255861,-0.273205,1.211236,0.3083,0.0902
1787917752.211488,0.256287,-0.271530,1.210863,0.2871,0.0902
1787917752.218146,0.256886,-0.270020,1.211111,0.2742,0.0902
1787917752.227766,0.257754,-0.268021,1.210508,0.2598,0.0902
1787917752.230943,0.258416,-0.266418,1.211363,0.3455,0.1009
1787917752.237733,0.259067,-0.264473,1.210790,0.3324,0.1009
1787917752.245126,0.259827,-0.262964,1.211173,0.3009,0.1009
1787917752.251173,0.260183,-0.261280,1.211109,0.2950,0.1009
1787917752.257808,0.260500,-0.259324,1.209915,0.2943,0.1009
1787917752.264988,0.261355,-0.257594,1.210653,0.2862,0.1009
1787917752.271412,0.261583,-0.255723,1.209738,0.2859,0.1009
1787917752.277530,0.262912,-0.253907,1.210858,0.3064,0.1009
1787917752.286065,0.263012,-0.252190,1.210087,0.2722,0.1009
1787917752.294195,0.263752,-0.250656,1.210233,0.2531,0.1009
1787917752.298172,0.264207,-0.248823,1.209684,0.3187,0.1009
1787917752.304579,0.264784,-0.247033,1.209823,0.3110,0.1009
1787917752.310898,0.265428,-0.245465,1.209710,0.2981,0.1009
1787917752.319897,0.266078,-0.243647,1.209623,0.2731,0.1009
1787917752.324481,0.266421,-0.241841,1.209472,0.3097,0.1009
1787917752.330838,0.267549,-0.240212,1.209777,0.3075,0.0954
1787917752.337841,0.267605,-0.238614,1.209372,0.2801,0.0954
1787917752.343543,0.268162,-0.236771,1.208710,0.2971,0.0954
1787917752.351232,0.269329,-0.235343,1.210260,0.2762,0.0954
1787917752.359161,0.269597,-0.233317,1.209399,0.2686,0.0954
1787917752.364287,0.270820,-0.231613,1.210049,0.3067,0.0954
1787917752.370732,0.271105,-0.229946,1.209441,0.2919,0.0954
1787917752.377402,0.271894,-0.228099,1.209263,0.2946,0.0954
1787917752.384307,0.272228,-0.226381,1.208727,0.2811,0.0954
1787917752.393817,0.272961,-0.224675,1.209023,0.2553,0.0954
1787917752.397840,0.273579,-0.223014,1.208814,0.3108,0.0954
1787917752.404186,0.274220,-0.221292,1.208940,0.3045,0.0954
1787917752.410666,0.275243,-0.219888,1.209754,0.2907,0.0954
1787917752.417435,0.275673,-0.217981,1.208578,0.2893,0.0954
1787917752.424592,0.276040,-0.216132,1.208303,0.2804,0.0954
1787917752.430976,0.276257,-0.214412,1.207274,0.2754,0.1044
1787917752.437556,0.277492,-0.212943,1.208388,0.2754,0.1044
1787917752.444686,0.277561,-0.211353,1.207049,0.2564,0.1044
1787917752.450821,0.278530,-0.209619,1.207317,0.2755,0.1044
1787917752.461154,0.278886,-0.208003,1.207102,0.2404,0.1044
1787917752.464285,0.279838,-0.206185,1.207163,0.3635,0.1044
1787917752.471802,0.280157,-0.204517,1.206685,0.3212,0.1044
1787917752.477439,0.280785,-0.202864,1.207266,0.3190,0.1044
1787917752.483904,0.281701,-0.201159,1.206992,0.3123,0.1044
1787917752.491228,0.282248,-0.199696,1.207030,0.2826,0.1044
1787917752.497738,0.282874,-0.198003,1.207000,0.2810,0.1044
1787917752.503889,0.283097,-0.196018,1.205811,0.2910,0.1044
1787917752.511162,0.283887,-0.194290,1.206110,0.2819,0.1044
1787917752.517042,0.284314,-0.192659,1.205731,0.2828,0.1044
1787917752.525486,0.285106,-0.191002,1.206003,0.2630,0.1044
1787917752.530848,0.285300,-0.189289,1.204789,0.2775,0.1153
1787917752.537686,0.286137,-0.187614,1.205203,0.2760,0.1153
1787917752.543927,0.286550,-0.185833,1.204778,0.2803,0.1153
1787917752.551220,0.287101,-0.184054,1.204735,0.2726,0.1153
1787917752.557661,0.287689,-0.182099,1.204495,0.2857,0.1153
1787917752.564162,0.288476,-0.180555,1.205319,0.2795,0.1153
1787917752.571021,0.289099,-0.178960,1.205144,0.2705,0.1153
1787917752.576936,0.289752,-0.177198,1.205557,0.2847,0.1153
1787917752.583954,0.290546,-0.175344,1.205577,0.2854,0.1153
1787917752.591218,0.291122,-0.173815,1.206137,0.2673,0.1153
1787917752.598087,0.291890,-0.171788,1.205856,0.2818,0.1153
1787917752.604776,0.292084,-0.170045,1.205179,0.2734,0.1153
1787917752.610749,0.292797,-0.168265,1.205058,0.2876,0.1153
1787917752.618079,0.293453,-0.166700,1.205136,0.2708,0.1153
1787917752.624963,0.293802,-0.164879,1.204721,0.2690,0.1153
1787917752.630989,0.294490,-0.163308,1.205015,0.2736,0.1186
1787917752.637098,0.295490,-0.161734,1.206080,0.2813,0.1186
1787917752.644639,0.295563,-0.159748,1.204518,0.2717,0.1186
1787917752.653724,0.296298,-0.157950,1.204974,0.2543,0.1186
1787917752.657457,0.296970,-0.156147,1.204839,0.3327,0.1186
1787917752.666508,0.297617,-0.154301,1.204795,0.2977,0.1186
1787917752.670784,0.298127,-0.152644,1.204697,0.3298,0.1186
1787917752.677508,0.298727,-0.150783,1.204549,0.3179,0.1186
1787917752.684661,0.299596,-0.149170,1.205204,0.2988,0.1186
1787917752.690733,0.300374,-0.147293,1.205383,0.3095,0.1186
1787917752.700513,0.300469,-0.145445,1.204216,0.2706,0.1186
1787917752.704704,0.301376,-0.143824,1.205359,0.3210,0.1186
1787917752.710716,0.301651,-0.141832,1.204454,0.3224,0.1186
1787917752.717361,0.302841,-0.140512,1.205957,0.3005,0.1186
1787917752.724108,0.303326,-0.138657,1.205468,0.2951,0.1186
1787917752.731895,0.303952,-0.136868,1.206060,0.2796,0.1155
1787917752.738673,0.304805,-0.134933,1.205678,0.2892,0.1155
1787917752.743669,0.305540,-0.133278,1.206135,0.3110,0.1155
1787917752.751765,0.305784,-0.131445,1.205549,0.2844,0.1155
1787917752.756981,0.306855,-0.129805,1.206122,0.3092,0.1155
1787917752.764219,0.307221,-0.128211,1.205672,0.2835,0.1155
1787917752.772093,0.308233,-0.126613,1.206503,0.2691,0.1155
1787917752.777280,0.308522,-0.124631,1.205338,0.3014,0.1155
1787917752.784284,0.309038,-0.122887,1.205335,0.2887,0.1155
1787917752.791173,0.309693,-0.121158,1.205342,0.2826,0.1155
1787917752.798026,0.310243,-0.119498,1.205187,0.2743,0.1155
1787917752.806845,0.310922,-0.117816,1.205095,0.2537,0.1155
1787917752.810783,0.311400,-0.116018,1.204999,0.3185,0.1155
1787917752.817672,0.312568,-0.114621,1.206232,0.2979,0.1155
1787917752.824424,0.312868,-0.112644,1.205038,0.2953,0.1155
1787917752.831975,0.313340,-0.110827,1.204802,0.2809,0.1206
1787917752.837940,0.313882,-0.109322,1.204839,0.2770,0.1206
1787917752.844180,0.314717,-0.107657,1.205144,0.2831,0.1206
1787917752.850457,0.315276,-0.106211,1.205243,0.2722,0.1206
1787917752.857762,0.316190,-0.104378,1.205682,0.2743,0.1206
1787917752.864391,0.316384,-0.102375,1.204697,0.2797,0.1206
1787917752.872091,0.317265,-0.100934,1.205627,0.2605,0.1206
1787917752.877525,0.317306,-0.098794,1.203990,0.2934,0.1206
1787917752.884084,0.318319,-0.097423,1.205376,0.2805,0.1206
1787917752.890928,0.318942,-0.095678,1.205099,0.2776,0.1206
1787917752.900152,0.319369,-0.093874,1.205122,0.2541,0.1206
1787917752.908892,0.320456,-0.092383,1.205717,0.2390,0.1206
1787917752.911487,0.320557,-0.090312,1.204620,0.3950,0.1206
1787917752.917416,0.321304,-0.088720,1.204722,0.3653,0.1206
1787917752.923827,0.321871,-0.087037,1.204553,0.3387,0.1206
1787917752.931040,0.322445,-0.085177,1.204212,0.3179,0.1254
1787917752.937622,0.323414,-0.083730,1.205128,0.2999,0.1254
1787917752.944023,0.323884,-0.081805,1.204577,0.3020,0.1254
1787917752.951464,0.324117,-0.080129,1.204194,0.2779,0.1254
1787917752.957536,0.325183,-0.078538,1.204640,0.2868,0.1254
1787917752.964483,0.325579,-0.076632,1.204139,0.2837,0.1254
1787917752.972954,0.326412,-0.075050,1.205137,0.2615,0.1254
1787917752.977343,0.326960,-0.073228,1.204590,0.3128,0.1254
1787917752.984645,0.327834,-0.071612,1.205459,0.2938,0.1254
1787917752.990777,0.328207,-0.069945,1.204926,0.2883,0.1254
1787917752.997402,0.328724,-0.067979,1.204633,0.2933,0.1254
1787917753.004106,0.329368,-0.066425,1.204620,0.2806,0.1254
1787917753.011186,0.330068,-0.064579,1.204784,0.2801,0.1254
1787917753.017949,0.330260,-0.062784,1.204216,0.2734,0.1254
1787917753.024201,0.331465,-0.061319,1.205786,0.2777,0.1254
1787917753.031316,0.331857,-0.059289,1.204592,0.2802,0.1308
1787917753.039257,0.332560,-0.057723,1.205162,0.2609,0.1308
1787917753.044160,0.333320,-0.055910,1.205502,0.3028,0.1308
1787917753.050796,0.334204,-0.054386,1.206245,0.2906,0.1308
1787917753.057919,0.334890,-0.052649,1.206674,0.2821,0.1308
1787917753.064189,0.335402,-0.050671,1.206431,0.2946,0.1308
1787917753.071008,0.336018,-0.048880,1.205922,0.2895,0.1308
1787917753.077561,0.336435,-0.047119,1.205779,0.2848,0.1308
1787917753.084257,0.337056,-0.045459,1.205335,0.2788,0.1308
1787917753.090810,0.337587,-0.043552,1.205236,0.2853,0.1308
1787917753.097318,0.338146,-0.041667,1.205140,0.2901,0.1308
1787917753.105604,0.339066,-0.040041,1.205871,0.2700,0.1308
1787917753.111960,0.339319,-0.038158,1.204874,0.2763,0.1308
1787917753.117188,0.340312,-0.036583,1.205587,0.2981,0.1308
1787917753.123932,0.340535,-0.034748,1.205086,0.2885,0.1308
1787917753.131099,0.341373,-0.032965,1.205089,0.2842,0.1262
1787917753.139055,0.341933,-0.031198,1.205184,0.2687,0.1262
1787917753.144608,0.342531,-0.029435,1.205321,0.2886,0.1262
1787917753.151361,0.343618,-0.027796,1.205829,0.2873,0.1262
1787917753.157467,0.343912,-0.026035,1.205538,0.2871,0.1262
1787917753.165689,0.344453,-0.024150,1.204929,0.2722,0.1262
1787917753.170563,0.345064,-0.022398,1.205602,0.3047,0.1262
1787917753.178456,0.345396,-0.020501,1.204825,0.2851,0.1262
1787917753.184730,0.346316,-0.018594,1.205517,0.3005,0.1262
1787917753.190862,0.346833,-0.016999,1.205577,0.2923,0.1262
1787917753.198348,0.347293,-0.015125,1.205090,0.2813,0.1262
1787917753.204142,0.348032,-0.013414,1.205641,0.2933,0.1262
1787917753.212490,0.348732,-0.011490,1.205547,0.2789,0.1262
1787917753.218620,0.348979,-0.009773,1.205708,0.2780,0.1262
1787917753.223865,0.350133,-0.008094,1.206444,0.3079,0.1262
1787917753.230947,0.350421,-0.006300,1.206332,0.2909,0.1283
1787917753.238143,0.351010,-0.004272,1.205710,0.2913,0.1283
1787917753.246085,0.351854,-0.002632,1.206627,0.2732,0.1283
1787917753.251175,0.352327,-0.000636,1.206133,0.3111,0.1283
1787917753.257257,0.353280,0.000920,1.207105,0.3062,0.1283
1787917753.263855,0.352959,0.003259,1.205354,0.3084,0.1283
1787917753.271499,0.354164,0.004749,1.206738,0.2874,0.1283
1787917753.280018,0.354547,0.006808,1.205920,0.2737,0.1283
1787917753.284492,0.355270,0.008671,1.206098,0.3256,0.1283
1787917753.290597,0.355830,0.010561,1.206229,0.3245,0.1283
1787917753.297544,0.356651,0.012368,1.206459,0.3127,0.1283
1787917753.304549,0.357229,0.014118,1.205961,0.2977,0.1283
1787917753.314862,0.357405,0.016085,1.206046,0.2637,0.1283
1787917753.318091,0.358477,0.017530,1.206708,0.3455,0.1283
1787917753.324054,0.359017,0.019608,1.206690,0.3492,0.1283
1787917753.331083,0.359748,0.021307,1.206512,0.3233,0.1303
1787917753.337542,0.360165,0.023207,1.206222,0.3157,0.1303
1787917753.349301,0.360762,0.025013,1.206130,0.2695,0.1303
1787917753.350835,0.361297,0.026874,1.205784,0.5659,0.1303
1787917753.358353,0.361954,0.028839,1.205380,0.4787,0.1303
1787917753.364706,0.362673,0.030395,1.206548,0.4159,0.1303
1787917753.370553,0.363507,0.032294,1.206406,0.3974,0.1303
1787917753.378190,0.364334,0.034012,1.206842,0.3528,0.1303
1787917753.383971,0.365006,0.035771,1.206913,0.3447,0.1303
1787917753.391081,0.365258,0.037889,1.205719,0.3286,0.1303
1787917753.397568,0.365781,0.039679,1.205471,0.3159,0.1303
1787917753.404506,0.366496,0.041520,1.205628,0.3066,0.1303
1787917753.410892,0.367375,0.043245,1.205845,0.3051,0.1303
1787917753.418579,0.367790,0.045185,1.205535,0.2900,0.1303
1787917753.423862,0.368469,0.046922,1.205431,0.3089,0.1303
1787917753.431220,0.369014,0.048823,1.205361,0.2966,0.1256
1787917753.437490,0.369757,0.050492,1.205669,0.2949,0.1256
1787917753.446805,0.369769,0.052488,1.204459,0.2666,0.1256
1787917753.450788,0.371165,0.054124,1.205999,0.3392,0.1256
1787917753.458258,0.371417,0.055921,1.205210,0.3085,0.1256
1787917753.464234,0.372332,0.057669,1.205561,0.3143,0.1256
1787917753.470939,0.373103,0.059372,1.206081,0.3035,0.1256
1787917753.477175,0.373271,0.061531,1.205103,0.3123,0.1256
1787917753.484835,0.373767,0.063159,1.205011,0.2851,0.1256
1787917753.490960,0.374703,0.064827,1.205827,0.2923,0.1256
1787917753.497403,0.375330,0.066632,1.205904,0.2935,0.1256
1787917753.504267,0.376092,0.068375,1.206364,0.2885,0.1256
1787917753.511173,0.376873,0.070270,1.206227,0.2910,0.1256
1787917753.520228,0.377164,0.072084,1.206113,0.2633,0.1256
1787917753.524104,0.377608,0.073904,1.206139,0.3281,0.1256
1787917753.531861,0.378707,0.075419,1.207072,0.2996,0.1266
1787917753.537606,0.378850,0.077400,1.205786,0.3090,0.1266
1787917753.544523,0.379528,0.079184,1.206001,0.2991,0.1266
1787917753.551186,0.380591,0.080818,1.206721,0.2952,0.1266
1787917753.558057,0.381147,0.082592,1.207286,0.2876,0.1266
1787917753.565111,0.381437,0.084370,1.206421,0.2764,0.1266
1787917753.572246,0.382109,0.086315,1.206805,0.2800,0.1266
1787917753.577422,0.382591,0.088016,1.206225,0.2980,0.1266
1787917753.584458,0.383697,0.089528,1.207287,0.2856,0.1266
1787917753.591284,0.384140,0.091457,1.206844,0.2861,0.1266
1787917753.597235,0.384866,0.093221,1.206917,0.2964,0.1266
1787917753.604689,0.385402,0.095091,1.206424,0.2855,0.1266
1787917753.610792,0.386153,0.096798,1.206584,0.2914,0.1266
1787917753.618252,0.386061,0.098857,1.205272,0.2800,0.1266
1787917753.624582,0.386928,0.100550,1.205567,0.2856,0.1266
1787917753.631109,0.387575,0.102291,1.205479,0.2853,0.1323
1787917753.637315,0.388070,0.104099,1.205174,0.2899,0.1323
1787917753.644955,0.389161,0.105655,1.206189,0.2753,0.1323
1787917753.650757,0.389575,0.107543,1.205911,0.2915,0.1323
1787917753.657435,0.389503,0.109343,1.204763,0.2784,0.1323
1787917753.668159,0.390181,0.111240,1.204804,0.2512,0.1323
1787917753.671788,0.390738,0.112956,1.205145,0.3248,0.1323
1787917753.679062,0.396190,0.113564,1.211968,0.3298,0.1323
1787917753.684254,0.395934,0.115259,1.210745,0.3173,0.1323
1787917753.691454,0.397139,0.117050,1.211632,0.3096,0.1323
1787917753.697964,0.398149,0.118743,1.212138,0.3061,0.1323
1787917753.704085,0.398289,0.120701,1.211283,0.3065,0.1323
1787917753.710839,0.399350,0.122241,1.212070,0.2952,0.1323
1787917753.717235,0.399671,0.124087,1.212040,0.2930,0.1323
1787917753.725417,0.400553,0.125647,1.213100,0.2700,0.1323
1787917753.730987,0.401288,0.127238,1.212943,0.2831,0.1508
1787917753.737691,0.401536,0.129221,1.212049,0.2852,0.1508
1787917753.744136,0.401795,0.131117,1.211766,0.2865,0.1508
1787917753.753515,0.402637,0.132951,1.212143,0.2649,0.1508
1787917753.757885,0.403236,0.134715,1.211955,0.3133,0.1508
1787917753.765070,0.404001,0.136494,1.212222,0.3001,0.1508
1787917753.770867,0.404611,0.138365,1.212200,0.3118,0.1508
1787917753.777169,0.405540,0.140024,1.212829,0.3077,0.1508
1787917753.783943,0.405573,0.141997,1.211582,0.2977,0.1508
1787917753.792178,0.406379,0.143812,1.211951,0.2806,0.1508
1787917753.797224,0.406861,0.145663,1.211730,0.3095,0.1508
1787917753.804461,0.407520,0.147330,1.211256,0.2910,0.1508
1787917753.810599,0.408723,0.149037,1.212722,0.3024,0.1508
1787917753.817795,0.408637,0.151055,1.211297,0.2892,0.1508
1787917753.826810,0.409646,0.152506,1.212739,0.2594,0.1508
1787917753.831166,0.409654,0.154537,1.211282,0.3128,0.1361
1787917753.837987,0.410554,0.156247,1.212112,0.3032,0.1361
1787917753.844050,0.410962,0.158055,1.212074,0.3031,0.1361
1787917753.851229,0.411794,0.159841,1.212393,0.2943,0.1361
1787917753.858536,0.412204,0.161678,1.212199,0.2825,0.1361
1787917753.863913,0.413146,0.163445,1.212867,0.3085,0.1361
1787917753.870769,0.413510,0.165256,1.212224,0.2957,0.1361
1787917753.877307,0.414285,0.166904,1.213211,0.2903,0.1361
1787917753.883958,0.414789,0.168883,1.212779,0.2948,0.1361
1787917753.891260,0.415661,0.170561,1.213801,0.2835,0.1361
1787917753.897524,0.416036,0.172454,1.213184,0.2896,0.1361
1787917753.903711,0.417156,0.173989,1.214751,0.2914,0.1361
1787917753.911427,0.414071,0.178358,1.206107,0.3199,0.1361
1787917753.917901,0.415215,0.179793,1.207736,0.3049,0.1361
1787917753.924506,0.415568,0.181885,1.206967,0.3080,0.1361
1787917753.931360,0.415868,0.183914,1.206843,0.3033,0.1338
1787917753.937329,0.416482,0.185984,1.206713,0.3205,0.1338
1787917753.944538,0.417349,0.187644,1.207184,0.3017,0.1338
1787917753.950924,0.417652,0.189662,1.206793,0.3049,0.1338
1787917753.960233,0.418080,0.191372,1.206739,0.2698,0.1338
1787917753.964304,0.418700,0.193152,1.206788,0.3277,0.1338
1787917753.970656,0.418997,0.195089,1.206158,0.3199,0.1338
1787917753.977931,0.419417,0.197141,1.205992,0.3092,0.1338
1787917753.985232,0.420420,0.198624,1.206666,0.2880,0.1338
1787917753.991405,0.420718,0.200720,1.205956,0.3019,0.1338
1787917753.997811,0.420942,0.202529,1.205390,0.2943,0.1338
1787917754.005118,0.422016,0.204245,1.206228,0.2875,0.1338
1787917754.010860,0.422542,0.206006,1.206308,0.2970,0.1338
1787917754.018040,0.422868,0.207933,1.205910,0.2880,0.1338
1787917754.026299,0.423576,0.209795,1.206049,0.2739,0.1338
1787917754.032981,0.424214,0.211416,1.206659,0.2700,0.1357
1787917754.037307,0.424761,0.213127,1.206564,0.3133,0.1357
1787917754.044455,0.425849,0.214756,1.207629,0.2995,0.1357
1787917754.051613,0.425701,0.216824,1.206373,0.2884,0.1357
1787917754.058774,0.426882,0.218328,1.207437,0.2784,0.1357
1787917754.064541,0.427408,0.220331,1.207734,0.3020,0.1357
1787917754.071899,0.427888,0.222233,1.207382,0.2908,0.1357
1787917754.077639,0.428556,0.224024,1.207834,0.3035,0.1357
1787917754.084291,0.429517,0.225753,1.208684,0.3007,0.1357
1787917754.090753,0.429799,0.227595,1.208186,0.2951,0.1357
1787917754.099185,0.430514,0.229463,1.208362,0.2777,0.1357
1787917754.103832,0.431377,0.230972,1.209524,0.3052,0.1357
1787917754.110817,0.432164,0.233104,1.209048,0.3113,0.1357
1787917754.117929,0.432690,0.234845,1.209367,0.2944,0.1357
1787917754.124229,0.433355,0.236604,1.209767,0.2956,0.1357
1787917754.134615,0.433961,0.238456,1.209696,0.2632,0.0935
1787917754.137270,0.434501,0.240446,1.209891,0.4161,0.0935
1787917754.143730,0.434910,0.242359,1.209259,0.3811,0.0935
1787917754.151093,0.435765,0.244253,1.210041,0.3513,0.0935
1787917754.157434,0.436588,0.245953,1.210556,0.3349,0.0935
1787917754.164414,0.436868,0.248017,1.210014,0.3217,0.0935
1787917754.170406,0.437656,0.249743,1.210565,0.3199,0.0935
1787917754.177638,0.438034,0.251621,1.210538,0.3024,0.0935
1787917754.184029,0.439548,0.253057,1.212033,0.2998,0.0935
1787917754.192876,0.439372,0.255178,1.210832,0.2750,0.0935
1787917754.197529,0.440551,0.256956,1.211462,0.3266,0.0935
1787917754.204120,0.440632,0.258938,1.210820,0.3143,0.0935
1787917754.210449,0.441742,0.260535,1.212046,0.3094,0.0935
1787917754.217702,0.442197,0.262672,1.211160,0.3059,0.0935
1787917754.229060,0.442481,0.264149,1.211859,0.2533,0.0935
1787917754.238602,0.443665,0.266200,1.212098,0.2508,0.0950
1787917754.239825,0.444429,0.267902,1.212747,0.6322,0.0950
1787917754.244437,0.444908,0.269856,1.212708,0.5725,0.0950
1787917754.250787,0.445403,0.271832,1.211932,0.4964,0.0950
1787917754.257322,0.445897,0.273569,1.211969,0.4301,0.0950
1787917754.265947,0.446202,0.275467,1.210760,0.3666,0.0950
1787917754.270523,0.446982,0.277207,1.211574,0.3814,0.0950
1787917754.277537,0.447889,0.279275,1.211585,0.3634,0.0950
1787917754.284564,0.448303,0.281205,1.211410,0.3378,0.0950
1787917754.292110,0.448493,0.282977,1.210893,0.3050,0.0950
1787917754.296827,0.449619,0.284725,1.211741,0.3427,0.0950
1787917754.304627,0.450368,0.286488,1.211865,0.3135,0.0950
1787917754.310752,0.450766,0.288379,1.211566,0.3130,0.0950
1787917754.317514,0.451364,0.290350,1.211861,0.3103,0.0950
1787917754.334630,0.452553,0.291735,1.213203,0.2472,0.0924
1787917754.335596,0.453151,0.293872,1.212485,0.8602,0.0924
1787917754.340678,0.453650,0.295637,1.212439,0.7100,0.0924
1787917754.344750,0.454166,0.297669,1.211866,0.6505,0.0924
1787917754.351274,0.455256,0.299321,1.213073,0.5441,0.0924
1787917754.357278,0.455452,0.301328,1.212482,0.4782,0.0924
1787917754.364053,0.456034,0.303133,1.212513,0.4186,0.0924
1787917754.371394,0.456923,0.305047,1.213480,0.3790,0.0924
1787917754.377349,0.457209,0.306966,1.212669,0.3609,0.0924
1787917754.387115,0.458573,0.308525,1.214685,0.3121,0.0924
1787917754.392525,0.458435,0.310818,1.213220,0.3349,0.0924
1787917754.399551,0.459636,0.312387,1.215076,0.3151,0.0924
1787917754.406530,0.460368,0.314293,1.214790,0.3083,0.0924
1787917754.413140,0.460673,0.316328,1.214382,0.3072,0.0924
1787917754.417456,0.461383,0.318340,1.214488,0.3634,0.0924
1787917754.424479,0.461907,0.320197,1.214489,0.3365,0.0924
1787917754.430513,0.462765,0.322060,1.215556,0.3372,0.0950
1787917754.437446,0.463222,0.324202,1.214609,0.3298,0.0950
1787917754.444861,0.464174,0.325785,1.215846,0.3043,0.0950
1787917754.450784,0.464273,0.327950,1.215306,0.3175,0.0950
1787917754.457158,0.465471,0.329618,1.216539,0.3155,0.0950
1787917754.464658,0.465871,0.331722,1.216303,0.3053,0.0950
1787917754.470913,0.466571,0.333484,1.216301,0.3046,0.0950
1787917754.477660,0.467275,0.335405,1.216952,0.3042,0.0950
1787917754.483802,0.467625,0.337386,1.215928,0.3096,0.0950
1787917754.490776,0.468899,0.338966,1.217627,0.2995,0.0950
1787917754.497651,0.468916,0.341263,1.216098,0.3039,0.0950
1787917754.504126,0.469645,0.343052,1.216423,0.3022,0.0950
1787917754.511825,0.470723,0.344889,1.217063,0.2932,0.0950
1787917754.517644,0.471252,0.346875,1.217095,0.3108,0.0950
1787917754.523881,0.471900,0.348804,1.217180,0.3154,0.0950
1787917754.531065,0.472277,0.350558,1.217190,0.2949,0.0079
1787917754.538258,0.473130,0.352617,1.217652,0.2993,0.0079
1787917754.545428,0.473949,0.354498,1.217801,0.2952,0.0079
1787917754.550855,0.474557,0.356227,1.218376,0.3079,0.0079
1787917754.557560,0.475517,0.357960,1.218836,0.3031,0.0079
1787917754.563895,0.475861,0.359935,1.218348,0.3056,0.0079
1787917754.572777,0.476442,0.362020,1.218073,0.2868,0.0079
1787917754.577209,0.476717,0.363907,1.217764,0.3271,0.0079
1787917754.584395,0.477503,0.365693,1.218367,0.3102,0.0079
1787917754.591537,0.478191,0.367532,1.218742,0.2997,0.0079
1787917754.597713,0.478763,0.369266,1.219371,0.2984,0.0079
1787917754.604979,0.480034,0.371041,1.220805,0.2957,0.0079
1787917754.612302,0.480202,0.373197,1.220143,0.2923,0.0079
1787917754.617214,0.481194,0.374956,1.220612,0.3263,0.0079
1787917754.623950,0.481280,0.376941,1.220235,0.3128,0.0079
1787917754.630694,0.482057,0.378780,1.220343,0.3076,-0.0019
1787917754.638155,0.483138,0.380411,1.220786,0.2918,-0.0019
1787917754.646567,0.483768,0.382524,1.220430,0.2828,-0.0019
1787917754.651510,0.483966,0.384678,1.219454,0.3248,-0.0019
1787917754.657166,0.484571,0.386494,1.219370,0.3288,-0.0019
1787917754.664155,0.485380,0.388203,1.219441,0.3110,-0.0019
1787917754.671103,0.485822,0.390247,1.218688,0.3071,-0.0019
1787917754.677374,0.486534,0.392009,1.218886,0.3059,-0.0019
1787917754.684528,0.487422,0.393645,1.218879,0.2914,-0.0019
1787917754.691226,0.487774,0.395700,1.218010,0.2957,-0.0019
1787917754.696963,0.488617,0.397391,1.218332,0.3052,-0.0019
1787917754.704261,0.488990,0.399398,1.217551,0.2964,-0.0019
1787917754.710964,0.489632,0.401180,1.217118,0.2922,-0.0019
1787917754.717338,0.490514,0.403012,1.217402,0.2998,-0.0019
1787917754.724483,0.490926,0.404815,1.216797,0.2869,-0.0019
1787917754.731081,0.491984,0.406521,1.217460,0.2903,0.0018
1787917754.737549,0.492236,0.408438,1.216576,0.2906,0.0018
1787917754.744397,0.492522,0.410488,1.215499,0.2920,0.0018
1787917754.751296,0.493548,0.411984,1.216166,0.2809,0.0018
1787917754.757524,0.494258,0.413854,1.216603,0.2930,0.0018
1787917754.764523,0.494725,0.415479,1.215913,0.2773,0.0018
1787917754.770710,0.495392,0.417356,1.215545,0.2907,0.0018
1787917754.778081,0.496332,0.418920,1.215963,0.2765,0.0018
1787917754.784421,0.497353,0.420713,1.216121,0.2899,0.0018
1787917754.790597,0.497539,0.422677,1.214549,0.2955,0.0018
1787917754.797933,0.498046,0.424560,1.214124,0.2862,0.0018
1787917754.803996,0.498886,0.426172,1.214084,0.2896,0.0018
1787917754.811454,0.499217,0.428030,1.213012,0.2774,0.0018
1787917754.818043,0.499885,0.429948,1.212476,0.2867,0.0018
1787917754.824250,0.500556,0.431676,1.212619,0.2902,0.0018
1787917754.831136,0.501142,0.433378,1.212146,0.2816,-0.0260
1787917754.837290,0.501935,0.435293,1.212232,0.2980,-0.0260
1787917754.844403,0.502435,0.437173,1.211433,0.2903,-0.0260
1787917754.851682,0.503244,0.438806,1.211789,0.2779,-0.0260
1787917754.857968,0.503725,0.440605,1.211054,0.2830,-0.0260
1787917754.864302,0.504198,0.442632,1.210458,0.2959,-0.0260
1787917754.870761,0.505019,0.444230,1.210429,0.2900,-0.0260
1787917754.879726,0.505806,0.445909,1.210668,0.2648,-0.0260
1787917754.885291,0.506291,0.447915,1.209709,0.2958,-0.0260
1787917754.891068,0.506746,0.449880,1.209435,0.3109,-0.0260
1787917754.897243,0.507270,0.451654,1.208640,0.3072,-0.0260
1787917754.905498,0.508006,0.453335,1.209267,0.2817,-0.0260
1787917754.911292,0.508235,0.455332,1.207899,0.2981,-0.0260
1787917754.918913,0.509363,0.457188,1.208628,0.2927,-0.0260
1787917754.924387,0.510128,0.458796,1.208819,0.3021,-0.0260
1787917754.930917,0.510505,0.460881,1.208151,0.3072,-0.0224
1787917754.938031,0.511331,0.462618,1.208187,0.2959,-0.0224
1787917754.944535,0.511797,0.464579,1.207428,0.2993,-0.0224
1787917754.957308,0.512351,0.466446,1.206934,0.2551,-0.0224
1787917754.958465,0.513191,0.468304,1.207234,0.7062,-0.0224
1787917754.964685,0.513657,0.469960,1.206798,0.5770,-0.0224
1787917754.970574,0.514443,0.472026,1.206337,0.5165,-0.0224
1787917754.977144,0.514837,0.473855,1.206023,0.4460,-0.0224
1787917754.984622,0.515227,0.475817,1.204870,0.3913,-0.0224
1787917754.990795,0.515903,0.477751,1.205086,0.3734,-0.0224
1787917754.997500,0.516992,0.479291,1.205756,0.3432,-0.0224
1787917755.004190,0.517252,0.481134,1.204943,0.3216,-0.0224
1787917755.010386,0.517865,0.483075,1.204561,0.3235,-0.0224
1787917755.018229,0.519040,0.484591,1.205379,0.2967,-0.0224
1787917755.024924,0.519311,0.486714,1.203884,0.3008,-0.0224
1787917755.030762,0.519821,0.488556,1.203835,0.3083,-0.0220
1787917755.038235,0.520377,0.490497,1.203076,0.2965,-0.0220
1787917755.043692,0.521654,0.492023,1.203858,0.3111,-0.0220
1787917755.051049,0.521829,0.494119,1.203090,0.3001,-0.0220
1787917755.058189,0.522559,0.495742,1.202772,0.2847,-0.0220
1787917755.064724,0.523123,0.497675,1.202438,0.2914,-0.0220
1787917755.071206,0.523899,0.499380,1.202404,0.2905,-0.0220
1787917755.077386,0.524423,0.501462,1.201820,0.3068,-0.0220
1787917755.084843,0.525104,0.503185,1.201547,0.2893,-0.0220
1787917755.091518,0.525103,0.505658,1.199640,0.3061,-0.0220
1787917755.097130,0.526636,0.506854,1.200920,0.3035,-0.0220
1787917755.104086,0.527332,0.508795,1.200483,0.3014,-0.0220
1787917755.111215,0.527735,0.510662,1.199711,0.2903,-0.0220
1787917755.117419,0.528767,0.512308,1.199649,0.2955,-0.0220
1787917755.126186,0.529330,0.514221,1.198927,0.2748,-0.0220
1787917755.130790,0.529930,0.515924,1.198392,0.3100,0.0150
1787917755.137127,0.530360,0.517753,1.197897,0.3050,0.0150
1787917755.144626,0.531212,0.519773,1.196984,0.3012,0.0150
1787917755.151317,0.532105,0.521159,1.197811,0.2833,0.0150
1787917755.158427,0.532267,0.523131,1.196315,0.2782,0.0150
1787917755.164496,0.533078,0.524759,1.195969,0.2843,0.0150
1787917755.170823,0.533668,0.526468,1.196002,0.2847,0.0150
1787917755.177884,0.534371,0.528209,1.195707,0.2790,0.0150
1787917755.183824,0.534952,0.529995,1.194962,0.2900,0.0150
1787917755.191234,0.535493,0.532007,1.194494,0.2868,0.0150
1787917755.198069,0.536393,0.533428,1.195043,0.2733,0.0150
1787917755.203876,0.537279,0.535038,1.194761,0.2855,0.0150
1787917755.210663,0.538032,0.536844,1.195023,0.2863,0.0150
1787917755.217318,0.538873,0.538292,1.195390,0.2750,0.0150
1787917755.225718,0.539571,0.540225,1.195037,0.2659,0.0150
1787917755.231102,0.540092,0.542022,1.194785,0.2899,0.0239
1787917755.237471,0.540276,0.544272,1.193130,0.3047,0.0239
1787917755.243937,0.541155,0.545941,1.193143,0.3003,0.0239
1787917755.250892,0.541632,0.547861,1.192566,0.2948,0.0239
1787917755.260401,0.542958,0.549450,1.193022,0.2683,0.0239
1787917755.264688,0.543514,0.551061,1.193325,0.3070,0.0239
1787917755.270531,0.544464,0.552757,1.193254,0.3138,0.0239
1787917755.277306,0.545093,0.554451,1.193035,0.2997,0.0239
1787917755.284385,0.545901,0.556358,1.192782,0.2975,0.0239
1787917755.290732,0.545907,0.558555,1.191165,0.3048,0.0239
1787917755.297292,0.546809,0.560292,1.191479,0.3024,0.0239
1787917755.304659,0.547786,0.562209,1.191312,0.2990,0.0239
1787917755.310734,0.548102,0.563900,1.190581,0.2926,0.0239
1787917755.318403,0.549182,0.565756,1.190925,0.2879,0.0239
1787917755.323830,0.549727,0.567514,1.190539,0.3030,0.0239
1787917755.330733,0.550448,0.569572,1.190111,0.3068,0.0308
1787917755.337851,0.551149,0.571272,1.190071,0.2922,0.0308
1787917755.344060,0.551437,0.573374,1.188605,0.3040,0.0308
1787917755.350852,0.552287,0.575235,1.188674,0.3031,0.0308
1787917755.365252,0.553008,0.576971,1.188270,0.2513,0.0308
1787917755.367121,0.553864,0.578822,1.188555,0.5028,0.0308
1787917755.371625,0.554566,0.580517,1.188416,0.4742,0.0308
1787917755.379105,0.555021,0.582450,1.187589,0.4106,0.0308
1787917755.384574,0.556194,0.583956,1.188435,0.3881,0.0308
1787917755.392977,0.556054,0.586184,1.186620,0.3436,0.0308
1787917755.397770,0.557292,0.587895,1.187132,0.3688,0.0308
1787917755.405185,0.557850,0.589810,1.186485,0.3384,0.0308
1787917755.410793,0.558719,0.591541,1.186642,0.3402,0.0308
1787917755.418353,0.559140,0.593495,1.185977,0.3163,0.0308
1787917755.424455,0.560531,0.595026,1.186731,0.3168,0.0308
1787917755.431449,0.560443,0.596900,1.185207,0.2948,0.0407
1787917755.437446,0.561339,0.598655,1.185308,0.3046,0.0407
1787917755.444541,0.562104,0.600587,1.185088,0.3011,0.0407
1787917755.450764,0.562573,0.602572,1.184348,0.3079,0.0407
1787917755.459895,0.563563,0.604233,1.184675,0.2783,0.0407
1787917755.465801,0.564366,0.605460,1.186459,0.2679,0.0407
1787917755.470548,0.564927,0.607387,1.185799,0.3138,0.0407
1787917755.477839,0.565596,0.609096,1.185671,0.2951,0.0407
1787917755.483710,0.566330,0.610651,1.186157,0.2943,0.0407
1787917755.490384,0.566894,0.612721,1.185274,0.3018,0.0407
1787917755.497377,0.567871,0.614336,1.185640,0.2912,0.0407
1787917755.503920,0.568462,0.616505,1.184688,0.3062,0.0407
1787917755.511916,0.568996,0.618174,1.184496,0.2799,0.0407
1787917755.517416,0.569592,0.620209,1.184141,0.3110,0.0407
1787917755.524201,0.570583,0.622056,1.184454,0.3098,0.0407
1787917755.533467,0.570987,0.623883,1.183823,0.2766,0.1217
1787917755.538023,0.571427,0.625928,1.183061,0.3292,0.1217
1787917755.544529,0.572330,0.627888,1.182829,0.3299,0.1217
1787917755.550862,0.572641,0.629956,1.181903,0.3272,0.1217
1787917755.558209,0.573826,0.631689,1.182482,0.3128,0.1217
1787917755.564048,0.574579,0.633602,1.182173,0.3246,0.1217
1787917755.571708,0.575029,0.635754,1.181107,0.3119,0.1217
1787917755.577072,0.575498,0.637616,1.180719,0.3246,0.1217
1787917755.584374,0.576309,0.639559,1.180330,0.3137,0.1217
1787917755.590907,0.576732,0.641673,1.179495,0.3167,0.1217
1787917755.597627,0.577915,0.643424,1.179845,0.3141,0.1217
1787917755.604526,0.578258,0.645306,1.179000,0.3012,0.1217
1787917755.610802,0.578967,0.647215,1.178520,0.3081,0.1217
1787917755.619164,0.579924,0.648882,1.178924,0.2841,0.1217
1787917755.623954,0.580204,0.650943,1.177557,0.3248,0.1217
1787917755.631439,0.581237,0.652656,1.178161,0.3066,0.1381
1787917755.637422,0.581244,0.654880,1.176650,0.3178,0.1381
1787917755.644231,0.582688,0.656544,1.177777,0.3145,0.1381
1787917755.651496,0.582781,0.658489,1.176175,0.2958,0.1381
1787917755.657342,0.583657,0.660207,1.176776,0.3057,0.1381
1787917755.666386,0.584464,0.662079,1.176643,0.2816,0.1381
1787917755.671643,0.585498,0.663891,1.177205,0.3152,0.1381
1787917755.678430,0.586070,0.665599,1.177509,0.3001,0.1381
1787917755.684260,0.586696,0.667650,1.177022,0.3199,0.1381
1787917755.690501,0.587379,0.669315,1.177668,0.3104,0.1381
1787917755.699718,0.587898,0.671287,1.177149,0.2831,0.1381
1787917755.704796,0.588957,0.672931,1.177986,0.3118,0.1381
1787917755.710663,0.589891,0.674743,1.178575,0.3221,0.1381
1787917755.717605,0.591050,0.676262,1.179458,0.3053,0.1381
1787917755.726717,0.591414,0.678298,1.178845,0.2802,0.1381
1787917755.733240,0.591972,0.680098,1.178791,0.2825,0.1421
1787917755.738513,0.592595,0.682249,1.178908,0.3244,0.1421
1787917755.744114,0.593473,0.683754,1.179550,0.3195,0.1421
1787917755.750623,0.594379,0.685519,1.180320,0.3148,0.1421
1787917755.757442,0.595275,0.687462,1.180403,0.3144,0.1421
1787917755.764600,0.595703,0.689242,1.180012,0.2959,0.1421
1787917755.773009,0.596999,0.690763,1.181548,0.2749,0.1421
1787917755.777411,0.597223,0.692729,1.180727,0.3222,0.1421
1787917755.784064,0.598355,0.694335,1.181535,0.3119,0.1421
1787917755.791083,0.598357,0.696308,1.180352,0.2963,0.1421
1787917755.797326,0.599543,0.698060,1.181124,0.3070,0.1421
1787917755.804379,0.600203,0.699675,1.181446,0.2891,0.1421
1787917755.810858,0.600485,0.701701,1.180494,0.2941,0.1421
1787917755.817072,0.601707,0.703328,1.181694,0.3009,0.1421
1787917755.824440,0.602430,0.705250,1.181359,0.2942,0.1421
1787917755.830835,0.603075,0.706751,1.182076,0.2826,0.2558
1787917755.840274,0.603491,0.708865,1.181236,0.2650,0.2558
1787917755.845302,0.603714,0.710901,1.180379,0.3029,0.2558
1787917755.850854,0.604992,0.712192,1.181380,0.3028,0.2558
1787917755.857389,0.605648,0.713923,1.181613,0.2969,0.2558
1787917755.864202,0.606355,0.715886,1.181520,0.2996,0.2558
1787917755.870688,0.607200,0.717487,1.181842,0.2931,0.2558
1787917755.877856,0.607906,0.719120,1.182257,0.2796,0.2558
1787917755.883734,0.608381,0.720916,1.181895,0.2897,0.2558
1787917755.890950,0.609198,0.722620,1.181917,0.2812,0.2558
1787917755.897931,0.609105,0.724626,1.180872,0.2751,0.2558
1787917755.904012,0.610418,0.726348,1.181237,0.2958,0.2558
1787917755.911144,0.610456,0.728043,1.180680,0.2736,0.2558
1787917755.917521,0.611318,0.729945,1.180162,0.2897,0.2558
1787917755.924694,0.612202,0.731645,1.180980,0.2826,0.2558
1787917755.931595,0.612687,0.733442,1.180703,0.2781,0.2659
1787917755.937468,0.613420,0.735294,1.181056,0.2964,0.2659
1787917755.946927,0.613901,0.736960,1.181058,0.2621,0.2659
1787917755.952281,0.614873,0.738784,1.181970,0.2987,0.2659
1787917755.960721,0.615278,0.740765,1.181075,0.2797,0.2659
1787917755.963996,0.615929,0.742459,1.181742,0.3620,0.2659
1787917755.972813,0.616873,0.744389,1.182459,0.3263,0.2659
1787917755.980009,0.617711,0.745862,1.183824,0.2985,0.2659
1787917755.983996,0.618537,0.747321,1.184844,0.3340,0.2659
1787917755.990319,0.617803,0.749840,1.182307,0.3312,0.2659
1787917755.997849,0.619029,0.751595,1.183966,0.3151,0.2659
1787917756.006359,0.619414,0.753612,1.183410,0.2915,0.2659
1787917756.011036,0.619448,0.755424,1.182913,0.3125,0.2659
1787917756.017480,0.620235,0.757294,1.183752,0.3132,0.2659
1787917756.023996,0.620804,0.758682,1.184493,0.2883,0.2659
1787917756.033881,0.621541,0.760389,1.185283,0.2582,0.2741
1787917756.037654,0.621911,0.762324,1.185138,0.3344,0.2741
1787917756.045131,0.622874,0.764152,1.186144,0.3166,0.2741
1787917756.050714,0.623088,0.765935,1.186083,0.3147,0.2741
1787917756.057579,0.624063,0.767343,1.187395,0.2933,0.2741
1787917756.064489,0.624841,0.768961,1.188215,0.2831,0.2741
1787917756.071007,0.625096,0.770752,1.188634,0.2790,0.2741
1787917756.079635,0.626541,0.772100,1.191019,0.2575,0.2741
1787917756.083915,0.626792,0.773918,1.190918,0.3051,0.2741
1787917756.091917,0.627414,0.775903,1.191461,0.2913,0.2741
1787917756.097694,0.628219,0.777439,1.192586,0.2935,0.2741
1787917756.104476,0.629202,0.778793,1.194200,0.2771,0.2741
1787917756.110940,0.629154,0.780841,1.193517,0.2815,0.2741
1787917756.117220,0.630230,0.782443,1.195298,0.2871,0.2741
1787917756.125044,0.630968,0.784316,1.195894,0.2782,0.2741
1787917756.131372,0.631298,0.786035,1.196489,0.2763,0.2705
1787917756.137568,0.631831,0.787668,1.197151,0.2765,0.2705
1787917756.144444,0.632684,0.789074,1.198953,0.2642,0.2705
1787917756.150919,0.633314,0.791055,1.199371,0.2811,0.2705
1787917756.157875,0.634185,0.792464,1.201323,0.2670,0.2705
1787917756.164190,0.634938,0.794328,1.202360,0.2824,0.2705
1787917756.173230,0.634996,0.796333,1.201864,0.2604,0.2705
1787917756.177686,0.635574,0.797911,1.202948,0.2954,0.2705
1787917756.184026,0.636229,0.799525,1.204147,0.2892,0.2705
1787917756.190879,0.636870,0.801235,1.204908,0.2824,0.2705
1787917756.198146,0.637483,0.803057,1.205819,0.2770,0.2705
1787917756.203815,0.638497,0.804721,1.207158,0.2953,0.2705
1787917756.211611,0.639033,0.806560,1.207553,0.2802,0.2705
1787917756.217585,0.639572,0.808335,1.208174,0.2890,0.2705
1787917756.224664,0.639961,0.809926,1.209378,0.2712,0.2705
1787917756.236833,0.640648,0.811859,1.209746,0.2404,0.3795
1787917756.239014,0.641163,0.813495,1.210433,0.4039,0.3795
1787917756.244073,0.642137,0.815128,1.211752,0.3937,0.3795
1787917756.250723,0.642561,0.816840,1.211638,0.3546,0.3795
1787917756.257221,0.642692,0.818887,1.211310,0.3388,0.3795
1787917756.264514,0.643695,0.820226,1.212688,0.3032,0.3795
1787917756.270706,0.644220,0.822014,1.213148,0.3023,0.3795
1787917756.279162,0.644384,0.823910,1.212923,0.2766,0.3795
1787917756.285522,0.644197,0.826105,1.211525,0.2875,0.3795
1787917756.290844,0.644814,0.827807,1.211625,0.3033,0.3795
1787917756.297350,0.644895,0.830101,1.210356,0.3126,0.3795
1787917756.304113,0.645709,0.831259,1.211230,0.2796,0.3795
1787917756.310722,0.645392,0.832802,1.212165,0.2563,0.3795
1787917756.317928,0.646417,0.834299,1.213245,0.2527,0.3795
1787917756.323979,0.646634,0.836403,1.212638,0.2783,0.3795
1787917756.330835,0.646840,0.838318,1.212214,0.2765,0.3855
1787917756.337343,0.648039,0.839859,1.214088,0.2794,0.3855
1787917756.344135,0.648591,0.841266,1.214971,0.2624,0.3855
1787917756.352436,0.649341,0.843241,1.215930,0.2600,0.3855
1787917756.359371,0.650069,0.844977,1.217007,0.2634,0.3855
1787917756.363761,0.650964,0.846562,1.219028,0.3071,0.3855
1787917756.371656,0.651635,0.848417,1.220021,0.2899,0.3855
1787917756.377328,0.652006,0.850177,1.221449,0.2971,0.3855
1787917756.387155,0.652980,0.851436,1.223634,0.2542,0.3855
1787917756.391395,0.653445,0.853314,1.225691,0.3141,0.3855
1787917756.397355,0.654185,0.854812,1.227553,0.3034,0.3855
1787917756.407016,0.654899,0.856808,1.229665,0.2782,0.3855
1787917756.411482,0.655958,0.858071,1.232430,0.2984,0.3855
1787917756.417700,0.655873,0.860203,1.232931,0.3046,0.3855
1787917756.424166,0.656582,0.861992,1.234655,0.3024,0.3855
1787917756.430667,0.657401,0.863488,1.237013,0.2893,0.3768
1787917756.438055,0.658151,0.865043,1.238663,0.2721,0.3768
1787917756.444390,0.658347,0.866769,1.240088,0.2708,0.3768
1787917756.450986,0.658866,0.868745,1.241035,0.2822,0.3768
1787917756.457340,0.659337,0.870467,1.242685,0.2817,0.3768
1787917756.464489,0.660028,0.872050,1.244043,0.2694,0.3768
1787917756.470708,0.659895,0.873982,1.244179,0.2748,0.3768
1787917756.477568,0.660650,0.875180,1.246654,0.2525,0.3768
1787917756.483804,0.660697,0.877243,1.246806,0.2715,0.3768
1787917756.491351,0.661116,0.878911,1.248035,0.2583,0.3768
1787917756.497292,0.660257,0.881009,1.246974,0.2674,0.3768
1787917756.504329,0.661547,0.882114,1.250030,0.2492,0.3768
1787917756.511026,0.661071,0.883960,1.249964,0.2462,0.3768
1787917756.520169,0.661743,0.885637,1.251364,0.2315,0.3768
1787917756.524190,0.662218,0.887541,1.252389,0.3081,0.3768
1787917756.531113,0.662492,0.888921,1.253516,0.2762,0.4711
1787917756.537999,0.663132,0.890388,1.255168,0.2627,0.4711
1787917756.544894,0.663236,0.892272,1.255984,0.2633,0.4711
1787917756.551144,0.663597,0.894295,1.256297,0.2820,0.4711
1787917756.558106,0.664040,0.895779,1.257932,0.2641,0.4711
1787917756.563967,0.664734,0.897214,1.259497,0.2657,0.4711
1787917756.571243,0.665068,0.898891,1.260737,0.2560,0.4711
1787917756.577410,0.665130,0.900771,1.261524,0.2673,0.4711
1787917756.584258,0.666423,0.902476,1.263842,0.2754,0.4711
1787917756.593023,0.666047,0.904454,1.263614,0.2534,0.4711
1787917756.597150,0.666795,0.906149,1.265088,0.3112,0.4711
1787917756.603997,0.667617,0.907543,1.266555,0.2869,0.4711
1787917756.611270,0.668002,0.909479,1.267336,0.2818,0.4711
1787917756.617667,0.667803,0.911117,1.268518,0.2678,0.4711
1787917756.624043,0.668545,0.913191,1.269392,0.2910,0.4711
1787917756.631264,0.668790,0.914553,1.270983,0.2608,0.4595
1787917756.638107,0.669638,0.916149,1.272648,0.2603,0.4595
1787917756.643857,0.669764,0.917994,1.273761,0.2762,0.4595
1787917756.651316,0.670173,0.920044,1.274947,0.2770,0.4595
1787917756.659214,0.670429,0.921701,1.276748,0.2570,0.4595
1787917756.664385,0.671561,0.923064,1.279758,0.2745,0.4595
1787917756.670893,0.671946,0.924795,1.281509,0.2737,0.4595
1787917756.677455,0.672194,0.926358,1.283223,0.2633,0.4595
1787917756.683880,0.672615,0.928261,1.284918,0.2751,0.4595
1787917756.694346,0.673039,0.929945,1.287014,0.2423,0.4595
1787917756.697381,0.673100,0.931591,1.288293,0.3275,0.4595
1787917756.703962,0.673711,0.933015,1.290648,0.2994,0.4595
1787917756.711211,0.674400,0.934473,1.293024,0.2754,0.4595
1787917756.717790,0.674474,0.936320,1.294138,0.2747,0.4595
1787917756.724057,0.675244,0.937531,1.297032,0.2581,0.4595
1787917756.730964,0.675422,0.939140,1.298395,0.2500,0.4595
1787917756.738869,0.675719,0.940728,1.300164,0.2361,0.4455
1787917756.744101,0.677025,0.941741,1.304006,0.2411,0.4455
1787917756.750998,0.676908,0.943382,1.305023,0.2363,0.4455
1787917756.757980,0.677409,0.944858,1.307092,0.2323,0.4455
1787917756.764373,0.677588,0.946441,1.308563,0.2365,0.4455
1787917756.773429,0.677683,0.948148,1.309472,0.2210,0.4455
1787917756.777448,0.678583,0.949442,1.312782,0.2652,0.4455
1787917756.784497,0.678511,0.951226,1.313375,0.2583,0.4455
1787917756.791095,0.678586,0.952496,1.315037,0.2376,0.4455
1787917756.798260,0.678559,0.954722,1.315769,0.2562,0.4455
1787917756.804179,0.678998,0.956172,1.318026,0.2560,0.4455
1787917756.810796,0.679624,0.957666,1.320124,0.2519,0.4455
1787917756.817246,0.679756,0.959301,1.322231,0.2516,0.4455
1787917756.827700,0.679968,0.961352,1.323242,0.2346,0.4455
1787917756.833312,0.680036,0.962986,1.325131,0.2499,0.4170
1787917756.837322,0.680554,0.964522,1.327129,0.2958,0.4170
1787917756.844716,0.681330,0.966140,1.330187,0.2783,0.4170
1787917756.851406,0.681061,0.968136,1.331142,0.2789,0.4170
1787917756.857190,0.681405,0.970108,1.332933,0.2988,0.4170
1787917756.867382,0.681936,0.971495,1.335624,0.2525,0.4170
1787917756.871135,0.681967,0.973409,1.336592,0.3261,0.4170
1787917756.877107,0.682699,0.974846,1.339572,0.3070,0.4170
1787917756.884264,0.682828,0.976933,1.341140,0.3013,0.4170
1787917756.891719,0.682681,0.978763,1.342382,0.2813,0.4170
1787917756.898788,0.683672,0.980241,1.345334,0.2675,0.4170
1787917756.906279,0.683583,0.981867,1.346719,0.2499,0.4170
1787917756.915347,0.684424,0.983381,1.349661,0.2299,0.4170
1787917756.917198,0.684246,0.985402,1.350439,0.4742,0.4170
1787917756.923771,0.685022,0.986900,1.352750,0.4063,0.4170
1787917756.931131,0.685130,0.988304,1.354493,0.3413,0.5076
1787917756.938020,0.685243,0.990068,1.356229,0.3150,0.5076
1787917756.944512,0.685703,0.991856,1.357425,0.3058,0.5076
1787917756.950588,0.685726,0.993372,1.358797,0.2874,0.5076
1787917756.957692,0.685779,0.994959,1.359709,0.2672,0.5076
1787917756.966352,0.686247,0.996249,1.361521,0.2341,0.5076
1787917756.970767,0.686305,0.997997,1.362552,0.2809,0.5076
1787917756.977233,0.686263,0.999641,1.363339,0.2709,0.5076
1787917756.984558,0.686668,1.001149,1.364767,0.2535,0.5076
1787917756.991653,0.686471,1.002590,1.365058,0.2354,0.5076
1787917756.997572,0.686677,1.004221,1.365697,0.2478,0.5076
1787917757.004568,0.687029,1.005314,1.367393,0.2224,0.5076
1787917757.012585,0.687126,1.007101,1.368314,0.2219,0.5076
1787917757.017114,0.686902,1.008620,1.368466,0.2509,0.5076
1787917757.024682,0.687134,1.010356,1.369067,0.2449,0.5076
1787917757.031315,0.687460,1.011595,1.370374,0.2293,0.4999
1787917757.037577,0.687855,1.012917,1.372012,0.2263,0.4999
1787917757.044016,0.688048,1.014596,1.372897,0.2369,0.4999
1787917757.050732,0.687684,1.016288,1.373443,0.2367,0.4999
1787917757.057507,0.687819,1.017873,1.374568,0.2357,0.4999
1787917757.065081,0.687877,1.019214,1.375924,0.2176,0.4999
1787917757.071097,0.688590,1.020550,1.378729,0.2245,0.4999
1787917757.077310,0.688539,1.022062,1.379942,0.2283,0.4999
1787917757.084198,0.688917,1.024091,1.381851,0.2497,0.4999
1787917757.090549,0.688809,1.025534,1.383304,0.2408,0.4999
1787917757.099070,0.689153,1.027057,1.385501,0.2235,0.4999
1787917757.105216,0.689908,1.028593,1.388665,0.2369,0.4999
1787917757.111273,0.689631,1.030435,1.389523,0.2531,0.4999
1787917757.117403,0.689741,1.032167,1.391706,0.2615,0.4999
1787917757.124787,0.689358,1.036071,1.389128,0.3363,0.4999
1787917757.131911,0.689680,1.037599,1.391895,0.3011,0.4878
1787917757.137860,0.690283,1.039107,1.394349,0.2910,0.4878
1787917757.144455,0.689934,1.041177,1.394956,0.2936,0.4878
1787917757.150814,0.690120,1.042488,1.397040,0.2680,0.4878
1787917757.157274,0.690194,1.044435,1.398042,0.2773,0.4878
1787917757.163787,0.690912,1.045610,1.401045,0.2530,0.4878
1787917757.171962,0.690933,1.047359,1.402702,0.2405,0.4878
1787917757.178114,0.691096,1.048560,1.404426,0.2275,0.4878
1787917757.184447,0.691252,1.050177,1.405952,0.2360,0.4878
1787917757.191632,0.691143,1.051485,1.407031,0.2183,0.4878
1787917757.197356,0.691945,1.052917,1.409612,0.2337,0.4878
1787917757.209977,0.691631,1.054069,1.410802,0.1894,0.4878
1787917757.212254,0.691454,1.055879,1.411719,0.3643,0.4878
1787917757.218456,0.691712,1.056996,1.413509,0.3103,0.4878
1787917757.223927,0.691502,1.058604,1.414229,0.3025,0.4878
1787917757.232064,0.691937,1.059865,1.415955,0.2602,0.4675
1787917757.237291,0.691935,1.061195,1.417276,0.2576,0.4675
1787917757.244297,0.692322,1.062296,1.419128,0.2294,0.4675
1787917757.250866,0.691967,1.063986,1.419760,0.2345,0.4675
1787917757.257732,0.691978,1.065297,1.421374,0.2208,0.4675
1787917757.264277,0.691750,1.066915,1.422152,0.2264,0.4675
1787917757.273768,0.691681,1.068218,1.423458,0.1989,0.4675
1787917757.279583,0.692076,1.069292,1.425716,0.1970,0.4675
1787917757.283965,0.692251,1.070764,1.427584,0.2393,0.4675
1787917757.290535,0.692115,1.072064,1.428795,0.2254,0.4675
1787917757.297961,0.692573,1.073482,1.430904,0.2171,0.4675
1787917757.304772,0.692814,1.074794,1.433174,0.2107,0.4675
1787917757.311182,0.692936,1.076268,1.434866,0.2166,0.4675
1787917757.317727,0.693130,1.077604,1.436937,0.2135,0.4675
1787917757.324433,0.692935,1.079096,1.438122,0.2145,0.4675
1787917757.331049,0.693081,1.080553,1.440081,0.2165,0.4504
1787917757.339064,0.692763,1.082125,1.441039,0.2083,0.4504
1787917757.344593,0.693045,1.083558,1.443719,0.2249,0.4504
1787917757.351970,0.693279,1.085080,1.445387,0.2200,0.4504
1787917757.357208,0.693361,1.086607,1.447383,0.2414,0.4504
1787917757.366005,0.693345,1.088024,1.448846,0.2169,0.4504
1787917757.371725,0.693331,1.089737,1.450506,0.2409,0.4504
1787917757.377896,0.693477,1.091217,1.451985,0.2409,0.4504
1787917757.384759,0.693613,1.092911,1.454075,0.2429,0.4504
1787917757.390586,0.693503,1.094113,1.455746,0.2308,0.4504
1787917757.397555,0.693998,1.095618,1.458686,0.2284,0.4504
1787917757.404563,0.693632,1.097174,1.459792,0.2243,0.4504
1787917757.413188,0.693658,1.098639,1.461389,0.2077,0.4504
1787917757.417952,0.693923,1.100123,1.463358,0.2402,0.4504
1787917757.424404,0.693635,1.101742,1.463982,0.2415,0.4504
1787917757.430545,0.693707,1.103182,1.465661,0.2394,0.5469
1787917757.440436,0.693859,1.104427,1.467404,0.2056,0.5469
1787917757.443871,0.693829,1.105879,1.468524,0.2699,0.5469
1787917757.450969,0.693516,1.107503,1.469306,0.2558,0.5469
1787917757.457308,0.693495,1.108669,1.470364,0.2339,0.5469
1787917757.464097,0.693911,1.109928,1.472244,0.2209,0.5469
1787917757.471038,0.693748,1.111365,1.473045,0.2157,0.5469
1787917757.478899,0.693080,1.112799,1.472977,0.2030,0.5469
1787917757.483969,0.693721,1.113808,1.475834,0.2051,0.5469
1787917757.490955,0.693594,1.115340,1.475961,0.2086,0.5469
1787917757.497036,0.693481,1.116600,1.476593,0.2074,0.5469
1787917757.504499,0.693759,1.117837,1.477849,0.1957,0.5469
1787917757.513598,0.693308,1.118945,1.478580,0.1720,0.5469
1787917757.517508,0.693391,1.120422,1.479771,0.2338,0.5469
1787917757.524171,0.693464,1.121834,1.480404,0.2273,0.5469
1787917757.531181,0.693040,1.123224,1.481062,0.2167,0.5356
1787917757.537425,0.693330,1.124394,1.482944,0.2089,0.5356
1787917757.544339,0.692908,1.125934,1.482755,0.2112,0.5356
1787917757.550467,0.693528,1.127155,1.485574,0.2100,0.5356
1787917757.558492,0.693211,1.128635,1.486532,0.2011,0.5356
1787917757.564243,0.693212,1.130120,1.488260,0.2180,0.5356
1787917757.570827,0.693089,1.131513,1.489794,0.2154,0.5356
1787917757.577212,0.693642,1.132865,1.492350,0.2161,0.5356
1787917757.583818,0.693594,1.134272,1.494356,0.2148,0.5356
1787917757.591275,0.693580,1.135475,1.496501,0.1986,0.5356
1787917757.597080,0.693229,1.137190,1.497868,0.2261,0.5356
1787917757.603930,0.693384,1.138588,1.499986,0.2198,0.5356
1787917757.616094,0.693481,1.140220,1.502303,0.1942,0.5356
1787917757.617965,0.693784,1.141329,1.505303,0.3166,0.5356
1787917757.624575,0.693532,1.143135,1.506687,0.3027,0.5356
1787917757.630706,0.693707,1.144388,1.509478,0.2736,0.5091
1787917757.638224,0.694028,1.145651,1.511661,0.2426,0.5091
1787917757.644863,0.693844,1.147273,1.513582,0.2425,0.5091
1787917757.650978,0.693657,1.148693,1.515550,0.2388,0.5091
1787917757.676463,0.693306,1.150400,1.516866,0.1870,0.5091
1787917757.677490,0.693528,1.151623,1.519502,0.4912,0.5091
1787917757.678241,0.693715,1.152983,1.522004,0.8903,0.5091
1787917757.679835,0.693739,1.154621,1.523408,0.9314,0.5091
1787917757.684337,0.697557,1.154461,1.532803,0.6510,0.5091
1787917757.691419,0.696708,1.156044,1.532985,0.5213,0.5091
1787917757.697522,0.696783,1.157452,1.535241,0.4342,0.5091
1787917757.704140,0.696989,1.158912,1.537396,0.3704,0.5091
1787917757.711009,0.697173,1.160371,1.539594,0.3232,0.5091
1787917757.719274,0.696688,1.161734,1.541255,0.2752,0.5091
1787917757.724148,0.696782,1.163183,1.542981,0.2819,0.5091
1787917757.731209,0.696633,1.164432,1.544938,0.2502,0.4876
1787917757.737284,0.696714,1.165959,1.545962,0.2506,0.4876
1787917757.744405,0.696509,1.167243,1.548362,0.2293,0.4876
1787917757.750783,0.696157,1.168823,1.549214,0.2345,0.4876
1787917757.757537,0.696214,1.169946,1.551417,0.2141,0.4876
1787917757.765307,0.696002,1.171516,1.552193,0.2103,0.4876
1787917757.770561,0.695567,1.172884,1.553513,0.2249,0.4876
1787917757.777248,0.695921,1.174204,1.556076,0.2168,0.4876
1787917757.785611,0.698841,1.175987,1.561453,0.2167,0.4876
1787917757.790753,0.698892,1.177456,1.563402,0.2374,0.4876
1787917757.797853,0.698304,1.178832,1.564900,0.2242,0.4876
1787917757.804274,0.699003,1.180097,1.567523,0.2162,0.4876
1787917757.810546,0.698806,1.181722,1.569346,0.2290,0.4876
1787917757.821514,0.698820,1.183090,1.570821,0.1977,0.4876
1787917757.825119,0.698687,1.184428,1.572375,0.2498,0.4876
1787917757.830959,0.698725,1.185795,1.574497,0.2450,0.5806
1787917757.837747,0.698135,1.187409,1.575104,0.2430,0.5806
1787917757.843950,0.698284,1.188754,1.577486,0.2351,0.5806
1787917757.852345,0.698562,1.190251,1.579224,0.2180,0.5806
1787917757.857522,0.693741,1.190666,1.575577,0.1780,0.5806
1787917757.864284,0.694801,1.192245,1.578802,0.1942,0.5806
1787917757.870666,0.693709,1.193540,1.578999,0.1973,0.5806
1787917757.877962,0.693524,1.194917,1.580647,0.1948,0.5806
1787917757.883749,0.693184,1.196353,1.581689,0.2110,0.5806
1787917757.891104,0.693434,1.197853,1.583549,0.2087,0.5806
1787917757.897675,0.692921,1.199308,1.584471,0.2129,0.5806
1787917757.905026,0.693010,1.200734,1.585842,0.2071,0.5806
1787917757.910882,0.692749,1.202026,1.587366,0.2114,0.5806
1787917757.917846,0.692290,1.203625,1.588015,0.2172,0.5806
1787917757.924286,0.691598,1.204978,1.588614,0.2156,0.5806
1787917757.931234,0.692211,1.206359,1.591093,0.2100,0.5559
1787917757.937585,0.691665,1.207817,1.592561,0.2164,0.5559
1787917757.944332,0.692099,1.209142,1.594826,0.2099,0.5559
1787917757.952388,0.691942,1.210656,1.596519,0.2035,0.5559
1787917757.957858,0.692240,1.211914,1.599120,0.2109,0.5559
1787917757.964198,0.691545,1.213246,1.599969,0.2116,0.5559
1787917757.970770,0.691903,1.214625,1.602415,0.2105,0.5559
1787917757.979004,0.691745,1.215899,1.604488,0.1940,0.5559
1787917757.984272,0.691773,1.217381,1.606844,0.2200,0.5559
1787917757.992332,0.691952,1.218917,1.609406,0.2109,0.5559
1787917757.997718,0.691746,1.220182,1.611464,0.2185,0.5559
1787917758.004187,0.692019,1.221560,1.614350,0.2162,0.5559
1787917758.010400,0.691024,1.222989,1.614660,0.2224,0.5559
1787917758.018863,0.691557,1.224127,1.618000,0.1951,0.5559
1787917758.026083,0.691235,1.225708,1.619565,0.2028,0.5559
1787917758.031172,0.691015,1.226731,1.621622,0.2029,0.5291
1787917758.037545,0.690841,1.228240,1.623943,0.2134,0.5291
1787917758.043770,0.690622,1.229474,1.625306,0.2093,0.5291
1787917758.053475,0.690338,1.230853,1.627470,0.1896,0.5291
1787917758.057610,0.689912,1.232502,1.628895,0.2539,0.5291
1787917758.066180,0.690333,1.233800,1.631964,0.2222,0.5291
1787917758.071143,0.690292,1.234978,1.634230,0.2268,0.5291
1787917758.077980,0.689819,1.236250,1.635794,0.2158,0.5291
1787917758.084368,0.689466,1.237763,1.637262,0.2231,0.5291
1787917758.093491,0.688990,1.239126,1.639073,0.2019,0.5291
1787917758.098662,0.688541,1.240568,1.640222,0.2266,0.5291
1787917758.105701,0.689037,1.242458,1.643252,0.2374,0.5291
1787917758.111411,0.688412,1.243793,1.644402,0.2386,0.5291
1787917758.118212,0.689178,1.245111,1.647977,0.2224,0.5291
1787917758.124194,0.688253,1.246637,1.648442,0.2355,0.5291
1787917758.132053,0.688625,1.248060,1.651441,0.2179,0.5052
1787917758.137383,0.687583,1.249381,1.651836,0.2314,0.5052
1787917758.144691,0.687848,1.250852,1.654469,0.2212,0.5052
1787917758.150492,0.687136,1.252290,1.655676,0.2321,0.5052
1787917758.158481,0.687146,1.253808,1.658186,0.2192,0.5052
1787917758.164085,0.687067,1.255059,1.660356,0.2205,0.5052
1787917758.170774,0.686955,1.256425,1.661861,0.2158,0.5052
1787917758.177380,0.686595,1.257930,1.663667,0.2207,0.5052
1787917758.184371,0.686248,1.259130,1.665143,0.2072,0.5052
1787917758.190815,0.686257,1.260268,1.667421,0.1977,0.5052
1787917758.197941,0.686101,1.261742,1.668973,0.2008,0.5052
1787917758.203995,0.685458,1.263245,1.669811,0.2178,0.5052
1787917758.210490,0.685465,1.264693,1.671499,0.2190,0.5052
1787917758.217965,0.685155,1.266327,1.672362,0.2198,0.5052
1787917758.224094,0.684798,1.267271,1.673756,0.2016,0.5052
1787917758.233767,0.684958,1.268630,1.676017,0.1825,0.4889
1787917758.239216,0.684316,1.269941,1.676421,0.2033,0.4889
1787917758.244329,0.684767,1.271336,1.678889,0.2208,0.4889
1787917758.250744,0.684497,1.272304,1.680469,0.2009,0.4889
1787917758.259787,0.684132,1.273928,1.681239,0.1956,0.4889
1787917758.264941,0.683581,1.275019,1.682186,0.2035,0.4889
1787917758.271273,0.683498,1.276400,1.683790,0.2080,0.4889
1787917758.277474,0.683283,1.277649,1.684964,0.2068,0.4889
1787917758.287662,0.683187,1.279162,1.686345,0.1893,0.4889
1787917758.293386,0.683211,1.280576,1.687988,0.2060,0.4889
1787917758.297854,0.682782,1.282061,1.689426,0.2466,0.4889
1787917758.303841,0.682774,1.283287,1.691067,0.2337,0.4889
1787917758.310908,0.682141,1.284890,1.691919,0.2344,0.4889
1787917758.319999,0.681973,1.286048,1.693121,0.2027,0.4889
1787917758.324078,0.681874,1.287505,1.694926,0.2491,0.4889
1787917758.333517,0.681119,1.288788,1.695520,0.2178,0.5796
1787917758.337499,0.680542,1.290363,1.696402,0.2756,0.5796
1787917758.344193,0.680511,1.291619,1.698913,0.2490,0.5796
1787917758.350625,0.679761,1.293391,1.699284,0.2607,0.5796
1787917758.357404,0.679926,1.294721,1.702054,0.2399,0.5796
1787917758.363573,0.679538,1.296149,1.703419,0.2392,0.5796
1787917758.371234,0.678873,1.297481,1.704483,0.2226,0.5796
1787917758.377016,0.678559,1.299052,1.705414,0.2388,0.5796
1787917758.384198,0.678621,1.300612,1.707435,0.2314,0.5796
1787917758.390836,0.677125,1.301568,1.707231,0.2139,0.5796
1787917758.397280,0.677690,1.303438,1.709730,0.2324,0.5796
1787917758.404127,0.676293,1.304552,1.709273,0.2194,0.5796
1787917758.410739,0.676482,1.305779,1.712014,0.2075,0.5796
1787917758.417651,0.676071,1.307356,1.712970,0.2155,0.5796
1787917758.424273,0.675786,1.308645,1.714669,0.2105,0.5796
1787917758.430763,0.675392,1.309957,1.716074,0.2100,0.5689
1787917758.440657,0.674442,1.311053,1.716765,0.1841,0.5689
1787917758.444360,0.674617,1.312554,1.718696,0.2470,0.5689
1787917758.451369,0.673636,1.313683,1.719446,0.2269,0.5689
1787917758.457409,0.673625,1.315340,1.721202,0.2403,0.5689
1787917758.465330,0.673583,1.316591,1.723134,0.2153,0.5689
1787917758.470734,0.673206,1.317759,1.724870,0.2180,0.5689
1787917758.477411,0.672112,1.319005,1.725632,0.2155,0.5689
1787917758.484084,0.672492,1.320254,1.728523,0.2036,0.5689
1787917758.490770,0.671958,1.321396,1.730136,0.1969,0.5689
1787917758.497670,0.671568,1.323086,1.731201,0.2131,0.5689
1787917758.503604,0.671263,1.323906,1.733100,0.1926,0.5689
1787917758.510807,0.670572,1.325236,1.733493,0.1941,0.5689
1787917758.517302,0.670806,1.326723,1.736006,0.2019,0.5689
1787917758.523726,0.670446,1.327732,1.737575,0.1906,0.5689
1787917758.530841,0.669871,1.328936,1.739246,0.1875,0.5518
1787917758.538408,0.669324,1.330582,1.740085,0.1992,0.5518
1787917758.544801,0.669367,1.331570,1.742849,0.1848,0.5518
1787917758.551133,0.668755,1.332658,1.744177,0.1851,0.5518
1787917758.557488,0.668387,1.334048,1.745721,0.1972,0.5518
1787917758.566397,0.667743,1.335084,1.746113,0.1762,0.5518
1787917758.570715,0.667609,1.336470,1.748194,0.2198,0.5518
1787917758.577917,0.667384,1.337751,1.749959,0.2080,0.5518
1787917758.584287,0.667226,1.339095,1.751470,0.2092,0.5518
1787917758.590445,0.666490,1.340232,1.752871,0.2074,0.5518
1787917758.597457,0.666418,1.341662,1.754764,0.2059,0.5518
1787917758.610841,0.666436,1.342980,1.757128,0.1731,0.5518
1787917758.611755,0.665647,1.344209,1.758299,0.5655,0.5518
1787917758.617449,0.665577,1.345407,1.760481,0.4585,0.5518
1787917758.623854,0.665001,1.346699,1.761536,0.3855,0.5518
1787917758.630788,0.664455,1.347734,1.763480,0.3183,0.5374
1787917758.641209,0.664671,1.349010,1.766184,0.2577,0.5374
1787917758.643696,0.663461,1.350443,1.766766,0.3782,0.5374
1787917758.650915,0.662957,1.351643,1.768758,0.3178,0.5374
1787917758.658108,0.663219,1.353005,1.771530,0.2760,0.5374
1787917758.665677,0.662697,1.354297,1.773119,0.2475,0.5374
1787917758.671088,0.661970,1.355616,1.774199,0.2530,0.5374
1787917758.677254,0.662079,1.357046,1.776761,0.2441,0.5374
1787917758.684152,0.661379,1.357974,1.778260,0.2166,0.5374
1787917758.691274,0.661434,1.359466,1.780950,0.2126,0.5374
1787917758.696996,0.660990,1.360918,1.782729,0.2282,0.5374
1787917758.704087,0.660625,1.362301,1.784906,0.2202,0.5374
1787917758.710834,0.660313,1.363682,1.786679,0.2171,0.5374
1787917758.717166,0.659648,1.365061,1.788245,0.2225,0.5374
1787917758.724204,0.659973,1.366141,1.791365,0.1977,0.5374
1787917758.731285,0.659046,1.367488,1.792622,0.2027,0.5052
1787917758.737482,0.658509,1.368957,1.794302,0.2170,0.5052
1787917758.745965,0.658414,1.370047,1.797032,0.1902,0.5052
1787917758.750770,0.657819,1.371492,1.798409,0.2294,0.5052
1787917758.757299,0.657259,1.372701,1.800061,0.2205,0.5052
1787917758.764032,0.657051,1.373750,1.802284,0.2020,0.5052
1787917758.771134,0.656071,1.375038,1.803377,0.2039,0.5052
1787917758.777533,0.655514,1.376229,1.804666,0.2031,0.5052
1787917758.783799,0.655791,1.377623,1.807737,0.2039,0.5052
1787917758.791022,0.655457,1.378576,1.809737,0.1845,0.5052
1787917758.797403,0.654813,1.379960,1.811226,0.1995,0.5052
1787917758.803955,0.654510,1.381220,1.812377,0.1990,0.5052
1787917758.811797,0.653945,1.382161,1.814362,0.1795,0.5052
1787917758.816992,0.653404,1.383244,1.815958,0.1939,0.5052
1787917758.824477,0.653361,1.384613,1.817393,0.1893,0.5052
1787917758.831833,0.652937,1.385772,1.819123,0.1826,0.5792
1787917758.841035,0.652376,1.386972,1.819614,0.1702,0.5792
1787917758.845986,0.652123,1.387903,1.821674,0.1777,0.5792
1787917758.851425,0.650925,1.389248,1.821428,0.2126,0.5792
1787917758.857415,0.650553,1.390369,1.822590,0.2078,0.5792
1787917758.864169,0.650221,1.391270,1.824679,0.1880,0.5792
1787917758.870664,0.649963,1.392194,1.825887,0.1759,0.5792
1787917758.877896,0.648927,1.393573,1.825795,0.1893,0.5792
1787917758.884727,0.649083,1.394473,1.827699,0.1690,0.5792
1787917758.892563,0.648030,1.395332,1.827553,0.1603,0.5792
1787917758.897793,0.647624,1.396494,1.828751,0.1826,0.5792
1787917758.904094,0.646677,1.397554,1.828781,0.1882,0.5792
1787917758.911994,0.646527,1.398670,1.830478,0.1741,0.5792
1787917758.917535,0.646252,1.399805,1.832153,0.1851,0.5792
1787917758.923563,0.645700,1.400969,1.832734,0.1926,0.5792
1787917758.931481,0.646135,1.402034,1.835949,0.1695,0.5665
1787917758.936999,0.644994,1.403042,1.836661,0.1878,0.5665
1787917758.946905,0.645210,1.404231,1.838993,0.1645,0.5665
1787917758.950819,0.644421,1.405705,1.839927,0.2401,0.5665
1787917758.957203,0.644307,1.406680,1.842898,0.2136,0.5665
1787917758.964549,0.643586,1.407815,1.843860,0.2021,0.5665
1787917758.970680,0.643704,1.408961,1.847288,0.1938,0.5665
1787917758.977887,0.643186,1.409912,1.848889,0.1797,0.5665
1787917758.984229,0.642368,1.411265,1.850574,0.1980,0.5665
1787917758.990849,0.642275,1.412085,1.853442,0.1754,0.5665
1787917758.997585,0.642419,1.413335,1.856361,0.1744,0.5665
1787917759.004191,0.641836,1.414402,1.857908,0.1761,0.5665
1787917759.010651,0.641131,1.415734,1.858744,0.1918,0.5665
1787917759.017120,0.641377,1.416823,1.861548,0.1794,0.5665
1787917759.024103,0.640823,1.417730,1.863242,0.1697,0.5665
1787917759.031828,0.640450,1.418547,1.864916,0.1534,0.5414
1787917759.037343,0.639724,1.419688,1.865714,0.1782,0.5414
1787917759.044460,0.639848,1.420924,1.868242,0.1730,0.5414
1787917759.051132,0.639124,1.421668,1.869381,0.1627,0.5414
1787917759.057223,0.639110,1.422564,1.871195,0.1563,0.5414
1787917759.064502,0.638192,1.423354,1.871918,0.1517,0.5414
1787917759.070520,0.638152,1.424170,1.874317,0.1456,0.5414
1787917759.079578,0.637421,1.425140,1.874170,0.1398,0.5414
1787917759.084602,0.636875,1.426013,1.875642,0.1574,0.5414
1787917759.090986,0.636505,1.426668,1.877329,0.1448,0.5414
1787917759.097372,0.636205,1.427692,1.878513,0.1514,0.5414
1787917759.106871,0.636244,1.428341,1.880570,0.1251,0.5414
1787917759.111362,0.635808,1.429007,1.882038,0.1389,0.5414
1787917759.117639,0.635287,1.429943,1.883194,0.1475,0.5414
1787917759.124130,0.634565,1.430799,1.883750,0.1511,0.5414
1787917759.131105,0.634470,1.431731,1.885511,0.1452,0.5335
1787917759.137501,0.634333,1.432668,1.887295,0.1454,0.5335
1787917759.144363,0.634242,1.433296,1.889072,0.1291,0.5335
1787917759.153298,0.633354,1.433948,1.889315,0.1205,0.5335
1787917759.157378,0.632407,1.434768,1.889364,0.1634,0.5335
1787917759.164113,0.632761,1.435634,1.891930,0.1460,0.5335
1787917759.170703,0.632085,1.436291,1.892618,0.1403,0.5335
1787917759.177636,0.632228,1.437361,1.894361,0.1402,0.5335
1787917759.184309,0.631598,1.437901,1.894785,0.1301,0.5335
1787917759.191655,0.630811,1.438766,1.895006,0.1348,0.5335
1787917759.197584,0.630188,1.439355,1.895688,0.1327,0.5335
1787917759.203989,0.630478,1.440433,1.897397,0.1363,0.5335
1787917759.210561,0.629987,1.441250,1.898007,0.1380,0.5335
1787917759.219877,0.629192,1.441841,1.898910,0.1228,0.5335
1787917759.223900,0.629143,1.442433,1.900313,0.1289,0.5335
1787917759.233945,0.628611,1.443412,1.900955,0.1231,0.5188
1787917759.239441,0.628346,1.444115,1.902063,0.1271,0.5188
1787917759.243785,0.628429,1.445055,1.903885,0.1485,0.5188
1787917759.250433,0.628024,1.445922,1.904948,0.1469,0.5188
1787917759.257648,0.627109,1.446506,1.905362,0.1382,0.5188
1787917759.263905,0.627506,1.447419,1.907971,0.1318,0.5188
1787917759.271266,0.627222,1.448330,1.909279,0.1311,0.5188
1787917759.277469,0.626396,1.449161,1.909563,0.1430,0.5188
1787917759.283893,0.626098,1.449837,1.911162,0.1345,0.5188
1787917759.291007,0.625857,1.450644,1.912496,0.1296,0.5188
1787917759.297009,0.625487,1.451201,1.913574,0.1231,0.5188
1787917759.303957,0.625235,1.452102,1.914617,0.1265,0.5188
1787917759.310740,0.624766,1.452817,1.915739,0.1253,0.5188
1787917759.317275,0.624471,1.453837,1.917006,0.1364,0.5188
1787917759.324088,0.624096,1.454735,1.918087,0.1383,0.5188
1787917759.331138,0.623477,1.455436,1.919066,0.1338,0.3824
1787917759.337359,0.623035,1.456099,1.920035,0.1310,0.3824
1787917759.344577,0.622736,1.456739,1.921802,0.1210,0.3824
1787917759.350762,0.622219,1.457579,1.922222,0.1315,0.3824
1787917759.360817,0.621344,1.458324,1.922802,0.1219,0.3824
1787917759.363867,0.621649,1.459325,1.924763,0.1674,0.3824
1787917759.370673,0.621373,1.460318,1.926084,0.1624,0.3824
1787917759.377316,0.621134,1.461064,1.927327,0.1491,0.3824
1787917759.385939,0.620678,1.461775,1.928642,0.1331,0.3824
1787917759.391454,0.620136,1.462658,1.929789,0.1485,0.3824
1787917759.397800,0.619743,1.463433,1.930630,0.1448,0.3824
1787917759.403697,0.619824,1.464472,1.932772,0.1493,0.3824
1787917759.411938,0.619281,1.465221,1.933928,0.1370,0.3824
1787917759.417225,0.618491,1.465853,1.934906,0.1454,0.3824
1787917759.425267,0.618539,1.466666,1.936984,0.1294,0.3824
1787917759.430550,0.618243,1.467576,1.938114,0.1449,0.4869
1787917759.438159,0.618299,1.468614,1.940185,0.1388,0.4869
1787917759.444259,0.617909,1.469365,1.941293,0.1385,0.4869
1787917759.450657,0.616838,1.469883,1.941527,0.1378,0.4869
1787917759.459417,0.617104,1.470826,1.943936,0.1232,0.4869
1787917759.464912,0.616838,1.471668,1.945099,0.1343,0.4869
1787917759.470718,0.616540,1.472483,1.946200,0.1388,0.4869
1787917759.477560,0.615729,1.473306,1.946823,0.1438,0.4869
1787917759.484113,0.615634,1.474171,1.948165,0.1391,0.4869
1787917759.490955,0.615206,1.475004,1.949311,0.1382,0.4869
1787917759.499362,0.614692,1.475486,1.949525,0.1195,0.4869
1787917759.505168,0.614871,1.476493,1.951389,0.1285,0.4869
1787917759.510774,0.613946,1.476992,1.951621,0.1332,0.4869
1787917759.517245,0.613665,1.477869,1.952822,0.1358,0.4869
1787917759.526753,0.613570,1.478577,1.954044,0.1169,0.4869
1787917759.530845,0.612767,1.479419,1.954241,0.1611,0.4760
1787917759.537517,0.612512,1.480099,1.954967,0.1454,0.4760
1787917759.544548,0.611952,1.480845,1.955896,0.1403,0.4760
1787917759.550697,0.611828,1.481584,1.956723,0.1339,0.4760
1787917759.557029,0.611178,1.482324,1.956824,0.1378,0.4760
1787917759.564432,0.611030,1.483282,1.957956,0.1346,0.4760
1787917759.570959,0.610573,1.483727,1.958713,0.1211,0.4760
1787917759.577943,0.610243,1.484565,1.958956,0.1235,0.4760
1787917759.584347,0.609635,1.485161,1.959245,0.1230,0.4760
1787917759.590941,0.609335,1.485577,1.960196,0.1089,0.4760
1787917759.597562,0.609298,1.486390,1.961493,0.1109,0.4760
1787917759.604554,0.608858,1.487199,1.962443,0.1169,0.4760
1787917759.610947,0.608339,1.487746,1.962803,0.1149,0.4760
1787917759.618647,0.608489,1.488672,1.964811,0.1115,0.4760
1787917759.624127,0.608004,1.489066,1.965304,0.1082,0.4760
1787917759.631096,0.607611,1.489738,1.965821,0.1089,0.4717
1787917759.637366,0.607437,1.490269,1.966731,0.1029,0.4717
1787917759.644385,0.606942,1.490497,1.967172,0.0892,0.4717
1787917759.650766,0.606731,1.491379,1.968214,0.1045,0.4717
1787917759.657821,0.605941,1.491886,1.967977,0.1060,0.4717
1787917759.666752,0.605935,1.493046,1.969093,0.1102,0.4717
1787917759.671870,0.605725,1.493434,1.970367,0.1029,0.4717
1787917759.677819,0.604877,1.493926,1.970325,0.1115,0.4717
1787917759.684044,0.605014,1.494795,1.971679,0.1140,0.4717
1787917759.693705,0.605038,1.495494,1.973122,0.0995,0.4717
1787917759.697886,0.604434,1.496046,1.973282,0.1231,0.4717
1787917759.704057,0.604069,1.496897,1.973737,0.1312,0.4717
1787917759.712104,0.603576,1.497337,1.974537,0.1141,0.4717
1787917759.720569,0.603681,1.497901,1.975794,0.0968,0.4717
1787917759.724080,0.602786,1.498423,1.975652,0.1389,0.4717
1787917759.731778,0.602264,1.498967,1.975944,0.1247,0.4597
1787917759.737171,0.602103,1.499579,1.976921,0.1221,0.4597
1787917759.744689,0.602001,1.500185,1.977842,0.1093,0.4597
1787917759.751140,0.601700,1.501041,1.978893,0.1186,0.4597
1787917759.757272,0.601258,1.501670,1.979477,0.1199,0.4597
1787917759.767040,0.601055,1.502174,1.980303,0.1006,0.4597
1787917759.771193,0.600773,1.502733,1.981115,0.1156,0.4597
1787917759.777467,0.600538,1.503326,1.981934,0.1114,0.4597
1787917759.785456,0.600178,1.503864,1.983021,0.1019,0.4597
1787917759.790961,0.600124,1.504581,1.984038,0.1083,0.4597
1787917759.797290,0.599978,1.505252,1.984573,0.1077,0.4597
1787917759.804300,0.599650,1.505959,1.985174,0.1088,0.4597
1787917759.810933,0.599263,1.506451,1.985884,0.1036,0.4597
1787917759.817575,0.598653,1.506957,1.986466,0.1045,0.4597
1787917759.824908,0.598309,1.507578,1.986843,0.1021,0.4597
1787917759.833645,0.598167,1.508379,1.987604,0.0986,0.4640
1787917759.837960,0.597865,1.508875,1.988713,0.1090,0.4640
1787917759.844691,0.597638,1.509300,1.989710,0.0978,0.4640
1787917759.850822,0.597297,1.509909,1.990153,0.1025,0.4640
1787917759.857426,0.596996,1.510543,1.990650,0.1036,0.4640
1787917759.871608,0.596740,1.511136,1.991854,0.0862,0.4640
1787917759.872673,0.596278,1.511633,1.992272,0.2415,0.4640
1787917759.877201,0.595725,1.512183,1.992739,0.2173,0.4640
1787917759.885488,0.595556,1.512860,1.993640,0.1770,0.4640
1787917759.890975,0.595582,1.513552,1.995303,0.1578,0.4640
1787917759.898303,0.595156,1.514151,1.995538,0.1399,0.4640
1787917759.903832,0.595157,1.514707,1.996654,0.1254,0.4640
1787917759.910705,0.594639,1.515207,1.997113,0.1170,0.4640
1787917759.917811,0.594087,1.515513,1.997484,0.1033,0.4640
1787917759.924211,0.593340,1.516059,1.997227,0.1101,0.4640
1787917759.930836,0.593173,1.516539,1.998488,0.1000,0.4531
1787917759.937250,0.593111,1.517334,1.999457,0.1050,0.4531
1787917759.943826,0.593191,1.518102,2.001068,0.1038,0.4531
1787917759.951164,0.592450,1.518482,2.000818,0.0994,0.4531
1787917759.957319,0.592051,1.519097,2.001585,0.1050,0.4531
1787917759.964262,0.591967,1.519470,2.002999,0.0896,0.4531
1787917759.971323,0.591354,1.519981,2.002986,0.0934,0.4531
1787917759.977291,0.591036,1.520507,2.003338,0.0961,0.4531
1787917759.984210,0.590416,1.521100,2.003375,0.1018,0.4531
1787917759.990808,0.591174,1.521937,2.005681,0.0913,0.4531
1787917760.001304,0.590834,1.522301,2.006128,0.0774,0.4531
1787917760.004558,0.590877,1.523109,2.007503,0.1200,0.4531
1787917760.010872,0.590135,1.523428,2.007749,0.1127,0.4531
1787917760.017267,0.589799,1.523886,2.008672,0.1050,0.4531
1787917760.024591,0.589781,1.524544,2.009165,0.0982,0.4531
1787917760.030400,0.589359,1.525302,2.009446,0.1135,0.4531
1787917760.039174,0.588747,1.525696,2.009475,0.1005,0.4421
1787917760.044253,0.588526,1.526368,2.010346,0.1118,0.4421
1787917760.050717,0.588502,1.527006,2.011127,0.1055,0.4421
1787917760.057202,0.588317,1.527908,2.011660,0.1153,0.4421
1787917760.065155,0.587763,1.528462,2.011740,0.1085,0.4421
1787917760.073413,0.588022,1.529071,2.013170,0.0919,0.4421
1787917760.077965,0.587397,1.529389,2.013467,0.1010,0.4421
1787917760.083876,0.587225,1.529801,2.014687,0.0933,0.4421
1787917760.090873,0.586842,1.530618,2.014905,0.1040,0.4421
1787917760.097358,0.586258,1.531116,2.015600,0.1052,0.4421
1787917760.104145,0.586253,1.531565,2.016286,0.0916,0.4421
1787917760.111219,0.585574,1.531989,2.016636,0.0928,0.4421
1787917760.117292,0.585350,1.532437,2.017649,0.0897,0.4421
1787917760.124461,0.585159,1.533064,2.018382,0.0899,0.4421
1787917760.131582,0.584523,1.533593,2.018720,0.0946,0.4383
1787917760.137865,0.584272,1.534181,2.019456,0.0967,0.4383
1787917760.144118,0.584651,1.534765,2.020866,0.0850,0.4383
1787917760.150867,0.584162,1.535114,2.021141,0.0830,0.4383
1787917760.157179,0.583351,1.535779,2.021197,0.1033,0.4383
1787917760.163939,0.583034,1.536314,2.021588,0.0998,0.4383
1787917760.170734,0.582845,1.536810,2.022121,0.0932,0.4383
1787917760.177533,0.582662,1.537249,2.023074,0.0862,0.4383
1787917760.184368,0.582301,1.537614,2.023574,0.0817,0.4383
1787917760.191028,0.581935,1.538092,2.024145,0.0837,0.4383
1787917760.199665,0.581511,1.538587,2.024546,0.0806,0.4383
1787917760.204948,0.581423,1.539287,2.025344,0.0943,0.4383
1787917760.210937,0.581008,1.539622,2.025751,0.0902,0.4383
1787917760.217426,0.580380,1.540247,2.026039,0.1018,0.4383
1787917760.224246,0.580176,1.540836,2.026891,0.0985,0.4383
1787917760.235062,0.580272,1.541498,2.028176,0.0842,0.4338
1787917760.239323,0.579999,1.541976,2.028529,0.0977,0.4338
1787917760.244899,0.579898,1.542563,2.029489,0.0991,0.4338
1787917760.251602,0.579280,1.543050,2.029335,0.1012,0.4338
1787917760.257436,0.578917,1.543544,2.029896,0.1019,0.4338
1787917760.263718,0.578522,1.544022,2.030297,0.1001,0.4338
1787917760.272286,0.578237,1.544635,2.030932,0.0937,0.4338
1787917760.279001,0.577964,1.544975,2.031867,0.0847,0.4338
1787917760.284349,0.577591,1.545534,2.032203,0.0966,0.4338
1787917760.290822,0.576937,1.546145,2.032362,0.1065,0.4338
1787917760.297218,0.576924,1.546924,2.033396,0.1075,0.4338
1787917760.303908,0.576619,1.547510,2.033909,0.1049,0.4338
1787917760.311224,0.576027,1.547961,2.033866,0.1008,0.4338
1787917760.317164,0.575844,1.548425,2.035080,0.0957,0.4338
1787917760.324114,0.575939,1.548935,2.036253,0.0848,0.4338
1787917760.331497,0.575552,1.549594,2.036375,0.0904,0.5641
1787917760.337807,0.574956,1.549997,2.036938,0.0931,0.5641
1787917760.347066,0.574465,1.550407,2.037608,0.0842,0.5641
1787917760.351681,0.574249,1.550969,2.038468,0.0978,0.5641
1787917760.357851,0.574084,1.551849,2.038866,0.1103,0.5641
1787917760.363953,0.573621,1.552260,2.039256,0.1055,0.5641
1787917760.370656,0.573440,1.552693,2.040091,0.0948,0.5641
1787917760.380601,0.572959,1.553099,2.039950,0.0839,0.5641
1787917760.384827,0.573007,1.553526,2.041325,0.0841,0.5641
1787917760.391254,0.572519,1.554023,2.041032,0.0899,0.5641
1787917760.398924,0.571982,1.554645,2.040794,0.0941,0.5641
1787917760.404586,0.571376,1.554993,2.040118,0.0969,0.5641
1787917760.411056,0.571014,1.555621,2.040243,0.1014,0.5641
1787917760.417712,0.570707,1.555996,2.040238,0.0923,0.5641
1787917760.424472,0.570501,1.556547,2.040950,0.0905,0.5641
1787917760.430765,0.570394,1.557146,2.041637,0.0911,0.5571
1787917760.437670,0.569936,1.557347,2.042199,0.0806,0.5571
1787917760.444041,0.569499,1.557987,2.042422,0.0926,0.5571
1787917760.450874,0.568983,1.558456,2.042702,0.0935,0.5571
1787917760.457764,0.568703,1.559391,2.043095,0.1072,0.5571
1787917760.464038,0.568577,1.559996,2.043954,0.1036,0.5571
1787917760.470942,0.568244,1.560463,2.044755,0.0971,0.5571
1787917760.477719,0.567589,1.560903,2.045225,0.0986,0.5571
1787917760.483849,0.567244,1.561159,2.046472,0.0879,0.5571
1787917760.491077,0.567208,1.561970,2.048093,0.0921,0.5571
1787917760.497172,0.567027,1.562480,2.049324,0.0909,0.5571
1787917760.504792,0.566807,1.563214,2.050129,0.0932,0.5571
1787917760.513142,0.566873,1.564185,2.051458,0.0951,0.5571
1787917760.517862,0.566696,1.564702,2.053069,0.1009,0.5571
1787917760.524041,0.566317,1.565199,2.053522,0.1006,0.5571
1787917760.530532,0.566474,1.565867,2.055194,0.0943,0.5486
1787917760.538401,0.565832,1.566342,2.055401,0.0935,0.5486
1787917760.544387,0.565568,1.566782,2.056152,0.0911,0.5486
1787917760.550746,0.564835,1.567082,2.056389,0.0924,0.5486
1787917760.557551,0.564884,1.567662,2.057383,0.0863,0.5486
1787917760.563975,0.564937,1.568344,2.058877,0.0874,0.5486
1787917760.571182,0.564628,1.568658,2.059221,0.0787,0.5486
1787917760.578381,0.564280,1.569343,2.059818,0.0871,0.5486
1787917760.585457,0.563512,1.569730,2.059361,0.0908,0.5486
1787917760.592673,0.563237,1.570113,2.060195,0.0830,0.5486
1787917760.597782,0.562970,1.570601,2.061138,0.0907,0.5486
1787917760.603996,0.562670,1.571112,2.061669,0.0921,0.5486
1787917760.610800,0.562190,1.571418,2.062343,0.0864,0.5486
1787917760.617801,0.561587,1.571730,2.062683,0.0844,0.5486
1787917760.624177,0.561401,1.572295,2.063466,0.0867,0.5486
1787917760.630764,0.561357,1.572786,2.064645,0.0813,0.5315
1787917760.637408,0.561120,1.573274,2.065719,0.0814,0.5315
1787917760.643596,0.560921,1.573831,2.066853,0.0853,0.5315
1787917760.653363,0.560631,1.574142,2.067604,0.0724,0.5315
1787917760.657312,0.560054,1.574711,2.067563,0.1095,0.5315
1787917760.663887,0.559969,1.575204,2.068562,0.0983,0.5315
1787917760.670400,0.559509,1.575493,2.069121,0.0906,0.5315
1787917760.678231,0.558791,1.575815,2.068758,0.0874,0.5315
1787917760.683926,0.558904,1.576504,2.070441,0.0902,0.5315
1787917760.691571,0.558429,1.576950,2.070805,0.0874,0.5315
1787917760.697077,0.558499,1.577364,2.072442,0.0792,0.5315
1787917760.704265,0.558089,1.577895,2.072768,0.0831,0.5315
1787917760.712089,0.557748,1.578253,2.073281,0.0765,0.5315
1787917760.717727,0.557594,1.578903,2.074511,0.0878,0.5315
1787917760.724126,0.557220,1.579156,2.075031,0.0803,0.5315
1787917760.730808,0.556774,1.579523,2.075616,0.0803,0.5153
1787917760.736974,0.556898,1.580254,2.076856,0.0844,0.5153
1787917760.745663,0.556233,1.580752,2.077025,0.0853,0.5153
1787917760.751544,0.556101,1.581166,2.078112,0.0814,0.5153
1787917760.757689,0.555490,1.581771,2.078146,0.0973,0.5153
1787917760.764086,0.555331,1.582173,2.078927,0.0882,0.5153
1787917760.770816,0.555483,1.582646,2.080176,0.0768,0.5153
1787917760.777066,0.554996,1.583081,2.080261,0.0834,0.5153
1787917760.784175,0.554685,1.583562,2.081075,0.0825,0.5153
1787917760.792693,0.554443,1.584120,2.081769,0.0791,0.5153
1787917760.797504,0.554213,1.584675,2.082635,0.0925,0.5153
1787917760.803802,0.553756,1.584992,2.083169,0.0886,0.5153
1787917760.811041,0.553227,1.585208,2.083266,0.0806,0.5153
1787917760.819565,0.553127,1.585601,2.084238,0.0702,0.5153
1787917760.824881,0.552686,1.585983,2.084633,0.0801,0.5153
1787917760.831536,0.552335,1.586398,2.084920,0.0802,0.5011
1787917760.839175,0.552164,1.586977,2.085575,0.0792,0.5011
1787917760.846522,0.552120,1.587345,2.086240,0.0694,0.5011
1787917760.851249,0.551617,1.587739,2.086495,0.0861,0.5011
1787917760.858209,0.551050,1.588057,2.086381,0.0842,0.5011
1787917760.864702,0.550876,1.588555,2.087041,0.0829,0.5011
1787917760.870495,0.550868,1.589047,2.088236,0.0804,0.5011
1787917760.877265,0.550493,1.589624,2.088479,0.0867,0.5011
1787917760.884716,0.550338,1.590261,2.089375,0.0861,0.5011
1787917760.892635,0.549911,1.590417,2.090051,0.0734,0.5011
1787917760.897367,0.549530,1.590717,2.090619,0.0799,0.5011
1787917760.904101,0.549341,1.591190,2.091391,0.0784,0.5011
1787917760.910479,0.548989,1.591466,2.092097,0.0744,0.5011
1787917760.917701,0.549081,1.592172,2.092906,0.0756,0.5011
1787917760.924371,0.548966,1.592526,2.093766,0.0693,0.5011
1787917760.930908,0.548023,1.592862,2.093489,0.0835,0.4942
1787917760.937040,0.547765,1.593199,2.093905,0.0790,0.4942
1787917760.944233,0.547463,1.593670,2.094466,0.0786,0.4942
1787917760.950713,0.547200,1.594130,2.095715,0.0796,0.4942
1787917760.957589,0.546635,1.594687,2.095907,0.0891,0.4942
1787917760.964480,0.546488,1.595196,2.097041,0.0847,0.4942
1787917760.970870,0.546270,1.595656,2.097304,0.0832,0.4942
1787917760.977487,0.545902,1.596039,2.097897,0.0816,0.4942
1787917760.983672,0.545700,1.596354,2.098689,0.0752,0.4942
1787917760.995196,0.545174,1.596722,2.098800,0.0679,0.4942
1787917760.997947,0.545223,1.597286,2.100431,0.0979,0.4942
1787917761.003789,0.544788,1.597501,2.100491,0.0893,0.4942
1787917761.011192,0.544598,1.598021,2.101365,0.0846,0.4942
1787917761.017172,0.544062,1.598343,2.101806,0.0867,0.4942
1787917761.025053,0.543744,1.598839,2.102378,0.0831,0.4942
1787917761.030894,0.543341,1.599444,2.102928,0.0955,0.4725
1787917761.038588,0.542846,1.599701,2.103361,0.0853,0.4725
1787917761.044127,0.542640,1.600198,2.104287,0.0885,0.4725
1787917761.051963,0.542357,1.600554,2.104839,0.0792,0.4725
1787917761.057510,0.542275,1.601155,2.105531,0.0856,0.4725
1787917761.064230,0.541775,1.601177,2.105906,0.0722,0.4725
1787917761.070970,0.541180,1.601562,2.106342,0.0788,0.4725
1787917761.077705,0.540792,1.601979,2.106915,0.0799,0.4725
1787917761.083718,0.540656,1.602423,2.107892,0.0785,0.4725
1787917761.091347,0.540098,1.602899,2.108664,0.0823,0.4725
1787917761.099057,0.540029,1.603297,2.109697,0.0722,0.4725
1787917761.104754,0.539940,1.603906,2.111057,0.0805,0.4725
1787917761.110832,0.539401,1.604287,2.111169,0.0861,0.4725
1787917761.117354,0.538929,1.604754,2.111235,0.0899,0.4725
1787917761.126784,0.538448,1.605138,2.111642,0.0813,0.4725
1787917761.130987,0.538550,1.605723,2.112531,0.0889,0.4476
1787917761.136979,0.537797,1.606088,2.111991,0.0973,0.4476
1787917761.144396,0.537576,1.606768,2.112934,0.0963,0.4476
1787917761.150479,0.537358,1.607198,2.113838,0.0911,0.4476
1787917761.157359,0.536747,1.607506,2.113917,0.0891,0.4476
1787917761.165546,0.536406,1.607867,2.114637,0.0801,0.4476
1787917761.170545,0.536331,1.608293,2.115628,0.0803,0.4476
1787917761.177186,0.536118,1.608837,2.116216,0.0822,0.4476
1787917761.184428,0.535826,1.609366,2.116880,0.0825,0.4476
1787917761.190840,0.535765,1.609852,2.118084,0.0787,0.4476
1787917761.200233,0.535519,1.610567,2.119313,0.0787,0.4476
1787917761.205175,0.535305,1.610746,2.119998,0.0711,0.4476
1787917761.210361,0.534937,1.611513,2.120695,0.0987,0.4476
1787917761.217432,0.534525,1.611881,2.121472,0.0916,0.4476
1787917761.224000,0.534429,1.612232,2.122358,0.0800,0.4476
1787917761.230830,0.534093,1.612749,2.123103,0.0831,0.4410
1787917761.237611,0.533469,1.613015,2.123574,0.0827,0.4410
1787917761.243845,0.532987,1.613497,2.123585,0.0898,0.4410
1787917761.251005,0.532612,1.613904,2.124323,0.0856,0.4410
1787917761.257030,0.532494,1.614496,2.124820,0.0881,0.4410
1787917761.267344,0.532372,1.615185,2.125957,0.0806,0.4410
1787917761.270854,0.532547,1.615806,2.127713,0.0936,0.4410
1787917761.277456,0.532248,1.616342,2.128023,0.0934,0.4410
1787917761.283799,0.531671,1.616809,2.128799,0.0985,0.4410
1787917761.290772,0.531095,1.617324,2.128737,0.1009,0.4410
1787917761.297907,0.530712,1.617725,2.129141,0.0934,0.4410
1787917761.304616,0.530145,1.618055,2.129771,0.0914,0.4410
1787917761.310932,0.529854,1.618592,2.130503,0.0929,0.4410
1787917761.317998,0.529025,1.618923,2.130301,0.0956,0.4410
1787917761.324318,0.528799,1.619772,2.131127,0.1068,0.4410
1787917761.331586,0.528653,1.620521,2.132063,0.1041,0.4265
1787917761.337311,0.528555,1.621091,2.132933,0.1009,0.4265
1787917761.344168,0.528411,1.621654,2.133950,0.0948,0.4265
1787917761.350452,0.528351,1.622143,2.135042,0.0876,0.4265
1787917761.358357,0.527997,1.622525,2.135395,0.0808,0.4265
1787917761.363967,0.526911,1.622838,2.134915,0.1018,0.4265
1787917761.371877,0.526642,1.623239,2.135452,0.0895,0.4265
1787917761.377413,0.526475,1.623849,2.136515,0.0954,0.4265
1787917761.383717,0.526329,1.624562,2.137208,0.0991,0.4265
1787917761.391088,0.526423,1.625194,2.138406,0.0890,0.4265
1787917761.398671,0.526305,1.625823,2.139415,0.0858,0.4265
1787917761.408807,0.525695,1.626056,2.139676,0.0756,0.4265
1787917761.410908,0.525629,1.626884,2.140306,0.1575,0.4265
1787917761.416995,0.525335,1.627296,2.140969,0.1352,0.4265
1787917761.424183,0.524717,1.627602,2.140968,0.1193,0.4265
1787917761.433634,0.524099,1.628076,2.140988,0.1068,0.4336
1787917761.437613,0.523313,1.628426,2.141059,0.1290,0.4336
1787917761.443915,0.522531,1.628844,2.141174,0.1271,0.4336
1787917761.450493,0.522556,1.629746,2.142563,0.1230,0.4336
1787917761.460062,0.521646,1.630043,2.142541,0.1093,0.4336
1787917761.464241,0.521394,1.630677,2.143404,0.1246,0.4336
1787917761.471991,0.521155,1.631138,2.144396,0.1072,0.4336
1787917761.477201,0.520981,1.631795,2.145545,0.1122,0.4336
1787917761.484256,0.520554,1.632217,2.145571,0.1035,0.4336
1787917761.490552,0.519990,1.632700,2.146036,0.1064,0.4336
1787917761.497402,0.519974,1.633589,2.146707,0.1075,0.4336
1787917761.506850,0.519089,1.633661,2.146407,0.0925,0.4336
1787917761.510641,0.518501,1.634271,2.146664,0.1306,0.4336
1787917761.517585,0.518277,1.635094,2.147451,0.1265,0.4336
1787917761.523735,0.517370,1.635468,2.147089,0.1279,0.4336
1787917761.530662,0.517496,1.636216,2.148539,0.1137,0.5360
1787917761.538297,0.516753,1.636531,2.148824,0.1059,0.5360
1787917761.544183,0.516594,1.637135,2.149359,0.1044,0.5360
1787917761.551054,0.516168,1.637477,2.150161,0.0957,0.5360
1787917761.557149,0.515457,1.637822,2.150271,0.1004,0.5360
1787917761.563933,0.514903,1.638260,2.150179,0.0999,0.5360
1787917761.571133,0.514866,1.638865,2.151098,0.0919,0.5360
1787917761.577255,0.514780,1.639640,2.151627,0.0984,0.5360
1787917761.584303,0.513876,1.639811,2.151351,0.0960,0.5360
1787917761.590863,0.513247,1.640368,2.151535,0.1043,0.5360
1787917761.597697,0.513389,1.641125,2.152544,0.0974,0.5360
1787917761.604028,0.512631,1.641172,2.152051,0.0897,0.5360
1787917761.611719,0.512355,1.641626,2.151893,0.0835,0.5360
1787917761.617183,0.511546,1.641856,2.151014,0.0934,0.5360
1787917761.624091,0.511129,1.642274,2.150632,0.0905,0.5360
1787917761.631104,0.510616,1.642866,2.150781,0.0965,0.5266
1787917761.638728,0.510061,1.643404,2.150609,0.0973,0.5266
1787917761.644307,0.510222,1.644228,2.151654,0.1003,0.5266
1787917761.650507,0.509835,1.644576,2.152376,0.0946,0.5266
1787917761.657212,0.509212,1.644831,2.152141,0.0911,0.5266
1787917761.664726,0.508877,1.645313,2.152652,0.0872,0.5266
1787917761.670426,0.508178,1.645533,2.153018,0.0909,0.5266
1787917761.678000,0.508056,1.646254,2.154383,0.0901,0.5266
1787917761.684186,0.508056,1.647005,2.156108,0.0934,0.5266
1787917761.691171,0.507350,1.647299,2.156635,0.0927,0.5266
1787917761.697467,0.507167,1.647985,2.157993,0.0970,0.5266
1787917761.703737,0.506895,1.648558,2.159184,0.0979,0.5266
1787917761.712215,0.506579,1.649167,2.160235,0.0926,0.5266
1787917761.717285,0.505924,1.649536,2.160352,0.1046,0.5266
1787917761.723805,0.505661,1.650150,2.161706,0.1034,0.5266
1787917761.730999,0.504913,1.650539,2.161731,0.1032,0.5139
1787917761.737938,0.504608,1.650824,2.162575,0.0899,0.5139
1787917761.744131,0.504065,1.651258,2.163113,0.0950,0.5139
1787917761.750774,0.504368,1.651847,2.164853,0.0809,0.5139
1787917761.757230,0.503384,1.652037,2.164237,0.0895,0.5139
1787917761.764151,0.503030,1.652531,2.165155,0.0890,0.5139
1787917761.770785,0.502560,1.652719,2.165692,0.0813,0.5139
1787917761.779260,0.502382,1.653287,2.166772,0.0770,0.5139
1787917761.784310,0.502089,1.653822,2.167485,0.0900,0.5139
1787917761.790678,0.502004,1.654408,2.168119,0.0881,0.5139
1787917761.797589,0.501769,1.654584,2.168799,0.0737,0.5139
1787917761.804195,0.501471,1.655110,2.169789,0.0790,0.5139
1787917761.810480,0.500769,1.655197,2.169899,0.0776,0.5139
1787917761.817389,0.500326,1.655713,2.170745,0.0837,0.5139
1787917761.824071,0.500414,1.656232,2.171845,0.0755,0.5139
1787917761.830608,0.500276,1.656732,2.172811,0.0754,0.4903
1787917761.838651,0.499978,1.657199,2.173173,0.0734,0.4903
1787917761.844144,0.499732,1.657726,2.174238,0.0827,0.4903
1787917761.850689,0.499201,1.657991,2.174391,0.0817,0.4903
1787917761.857314,0.498968,1.658484,2.175070,0.0815,0.4903
1787917761.864089,0.498442,1.658506,2.175367,0.0712,0.4903
1787917761.870636,0.498449,1.659155,2.176687,0.0741,0.4903
1787917761.878632,0.498108,1.659380,2.176940,0.0661,0.4903
1787917761.884083,0.497743,1.659909,2.177273,0.0816,0.4903
1787917761.890869,0.497312,1.660149,2.178171,0.0767,0.4903
1787917761.898107,0.496916,1.660566,2.178488,0.0772,0.4903
1787917761.904043,0.496374,1.660902,2.178561,0.0837,0.4903
1787917761.911124,0.496251,1.661511,2.179515,0.0827,0.4903
1787917761.918838,0.496001,1.661977,2.180421,0.0783,0.4903
1787917761.924357,0.495782,1.662453,2.180693,0.0829,0.4903
1787917761.931149,0.495125,1.662659,2.180756,0.0821,0.4782
1787917761.939697,0.494525,1.662958,2.181034,0.0781,0.4782
1787917761.948017,0.494463,1.663298,2.181840,0.0660,0.4782
1787917761.950472,0.493954,1.663446,2.182586,0.0968,0.4782
1787917761.957458,0.493774,1.663970,2.183411,0.0906,0.4782
1787917761.964496,0.493447,1.664278,2.183608,0.0822,0.4782
1787917761.974768,0.493190,1.664508,2.184166,0.0673,0.4782
1787917761.977859,0.492868,1.664929,2.184679,0.0986,0.4782
1787917761.984771,0.492591,1.665349,2.185112,0.0908,0.4782
1787917761.990496,0.492440,1.665540,2.185970,0.0763,0.4782
1787917761.997715,0.492144,1.666023,2.186366,0.0769,0.4782
1787917762.003955,0.491916,1.666249,2.186785,0.0690,0.4782
1787917762.011966,0.491386,1.666347,2.186802,0.0628,0.4782
1787917762.020712,0.491199,1.666909,2.187499,0.0634,0.4782
1787917762.024354,0.491231,1.667310,2.188794,0.0697,0.4782
1787917762.032138,0.490675,1.667630,2.188889,0.0713,0.4553
1787917762.037747,0.490261,1.668193,2.189093,0.0873,0.4553
1787917762.044210,0.490081,1.668594,2.189864,0.0811,0.4553
1787917762.051134,0.489772,1.668912,2.190215,0.0758,0.4553
1787917762.058261,0.489598,1.669479,2.190446,0.0767,0.4553
1787917762.064117,0.489223,1.669569,2.190585,0.0686,0.4553
1787917762.070718,0.489219,1.670171,2.191604,0.0704,0.4553
1787917762.077717,0.488701,1.670278,2.191588,0.0659,0.4553
1787917762.086977,0.488553,1.670598,2.192451,0.0574,0.4553
1787917762.091587,0.487933,1.670898,2.192221,0.0795,0.4553
1787917762.098098,0.487758,1.671263,2.193231,0.0740,0.4553
1787917762.105320,0.487483,1.671785,2.194017,0.0761,0.4553
1787917762.110374,0.486791,1.672006,2.194074,0.0879,0.4553
1787917762.117490,0.486931,1.672443,2.195490,0.0730,0.4553
1787917762.124044,0.486686,1.672814,2.195946,0.0715,0.4553
1787917762.130458,0.486232,1.672981,2.196328,0.0688,0.4421
1787917762.137293,0.486168,1.673428,2.196758,0.0657,0.4421
1787917762.144062,0.485789,1.673702,2.197575,0.0657,0.4421
1787917762.150826,0.485753,1.674209,2.197979,0.0651,0.4421
1787917762.157148,0.485404,1.674616,2.198556,0.0710,0.4421
1787917762.163818,0.484990,1.675102,2.198833,0.0783,0.4421
1787917762.170448,0.484945,1.675677,2.200082,0.0770,0.4421
1787917762.177419,0.484132,1.675592,2.199911,0.0716,0.4421
1787917762.183874,0.483673,1.675854,2.199960,0.0725,0.4421
1787917762.190424,0.483273,1.676129,2.200249,0.0717,0.4421
1787917762.197439,0.482806,1.676272,2.200417,0.0669,0.4421
1787917762.203522,0.482522,1.676535,2.200645,0.0655,0.4421
1787917762.210687,0.482595,1.677107,2.201415,0.0634,0.4421
1787917762.217146,0.482290,1.677782,2.201822,0.0781,0.4421
1787917762.225261,0.482884,1.678892,2.203710,0.0747,0.4421
1787917762.234967,0.481349,1.678460,2.202924,0.0696,0.4440
1787917762.236985,0.480990,1.679166,2.203455,0.1648,0.4440
1787917762.243541,0.480688,1.679516,2.204226,0.1365,0.4440
1787917762.253011,0.480779,1.679908,2.205404,0.1038,0.4440
1787917762.256997,0.480120,1.680192,2.204757,0.1193,0.4440
1787917762.263947,0.479666,1.680542,2.204676,0.1073,0.4440
1787917762.270969,0.479249,1.680556,2.204864,0.0861,0.4440
1787917762.277176,0.478896,1.680952,2.205282,0.0858,0.4440
1787917762.283859,0.478715,1.681418,2.205521,0.0817,0.4440
1787917762.292389,0.478398,1.681810,2.206583,0.0749,0.4440
1787917762.297309,0.478259,1.682305,2.207260,0.0818,0.4440
1787917762.304385,0.477846,1.682855,2.207295,0.0864,0.4440
1787917762.310353,0.477659,1.683453,2.207789,0.0902,0.4440
1787917762.317565,0.477027,1.683726,2.207886,0.0880,0.4440
1787917762.326437,0.477685,1.685073,2.209840,0.0848,0.4440
1787917762.331639,0.476581,1.684653,2.208947,0.0779,0.4358
1787917762.337649,0.476114,1.684846,2.209755,0.0762,0.4358
1787917762.343998,0.475828,1.684909,2.209955,0.0637,0.4358
1787917762.350439,0.475909,1.685462,2.211031,0.0630,0.4358
1787917762.357797,0.475424,1.685541,2.210715,0.0585,0.4358
1787917762.364234,0.475205,1.685864,2.211254,0.0591,0.4358
1787917762.372795,0.474908,1.686268,2.211939,0.0590,0.4358
1787917762.377241,0.474482,1.686934,2.211784,0.0945,0.4358
1787917762.384206,0.474161,1.687290,2.212492,0.0867,0.4358
1787917762.393962,0.473604,1.687700,2.212882,0.0810,0.4358
1787917762.397221,0.473433,1.688147,2.213959,0.0991,0.4358
1787917762.403796,0.473376,1.688762,2.214932,0.0934,0.4358
1787917762.410748,0.473022,1.689212,2.215204,0.0900,0.4358
1787917762.417019,0.473028,1.689722,2.216077,0.0824,0.4358
1787917762.424752,0.473175,1.690471,2.217152,0.0774,0.4358
1787917762.430802,0.472284,1.690065,2.216464,0.0647,-0.0000
1787917762.437481,0.471744,1.690326,2.216623,0.0692,-0.0000
1787917762.444376,0.471840,1.690691,2.217693,0.0586,-0.0000
1787917762.450529,0.471731,1.690784,2.218486,0.0479,-0.0000
1787917762.458205,0.471782,1.691133,2.219316,0.0432,-0.0000
1787917762.464922,0.471450,1.691393,2.219696,0.0484,-0.0000
1787917762.471041,0.471618,1.691425,2.220617,0.0302,-0.0000
1787917762.477465,0.471431,1.691562,2.221252,0.0315,-0.0000
1787917762.484732,0.471712,1.691886,2.221855,0.0257,-0.0000
1787917762.490372,0.471585,1.691682,2.222018,0.0134,-0.0000
1787917762.497728,0.471476,1.691745,2.222240,0.0141,-0.0000
1787917762.503907,0.471701,1.691708,2.221954,0.0018,-0.0000
1787917762.510604,0.471401,1.691571,2.221035,0.0045,-0.0000
1787917762.517942,0.471470,1.691410,2.221632,-0.0038,-0.0000
1787917762.523863,0.472023,1.691834,2.223087,-0.0026,-0.0000
1787917762.531505,0.472195,1.691553,2.223732,-0.0147,-0.0000
1787917762.537236,0.472244,1.691427,2.223802,-0.0171,-0.0000
1787917762.543731,0.472416,1.691274,2.224290,-0.0224,-0.0000
1787917762.550589,0.472487,1.691186,2.224510,-0.0206,-0.0000
1787917762.557299,0.472518,1.691055,2.224752,-0.0199,-0.0000
1787917762.563747,0.472536,1.691028,2.224590,-0.0154,-0.0000
1787917762.571048,0.472258,1.690818,2.223596,-0.0108,-0.0000
1787917762.577132,0.472156,1.690750,2.223134,-0.0071,-0.0000
1787917762.586379,0.472017,1.690715,2.221965,-0.0031,-0.0000
1787917762.590995,0.471694,1.690702,2.220596,0.0098,-0.0000
1787917762.598510,0.471548,1.690784,2.219433,0.0130,-0.0000
1787917762.605512,0.471083,1.690435,2.217509,0.0092,-0.0000
1787917762.610440,0.470913,1.690679,2.216480,0.0245,-0.0000
1787917762.617097,0.470570,1.690730,2.214943,0.0283,-0.0000
1787917762.625247,0.470706,1.690939,2.214938,0.0229,-0.0000
1787917762.634373,0.470644,1.690976,2.214826,0.0183,-0.0000
1787917762.637610,0.470692,1.691371,2.215538,0.0393,-0.0000
1787917762.643809,0.470949,1.691698,2.216553,0.0327,-0.0000
1787917762.650292,0.471000,1.691774,2.217070,0.0243,-0.0000
1787917762.657761,0.470951,1.692060,2.217930,0.0274,-0.0000
1787917762.664021,0.471201,1.692245,2.218333,0.0190,-0.0000
1787917762.670571,0.471029,1.692216,2.218468,0.0170,-0.0000
1787917762.677624,0.471245,1.692311,2.218971,0.0096,-0.0000
1787917762.683729,0.471230,1.692319,2.219189,0.0074,-0.0000
1787917762.691154,0.471213,1.692372,2.219216,0.0073,-0.0000
1787917762.697234,0.471220,1.692128,2.219189,-0.0047,-0.0000
1787917762.704154,0.471418,1.692353,2.219152,-0.0007,-0.0000
1787917762.710636,0.471339,1.692264,2.218596,-0.0015,-0.0000
1787917762.716852,0.471172,1.691986,2.217738,-0.0069,-0.0000
1787917762.724286,0.470880,1.691679,2.217011,-0.0077,-0.0000
1787917762.731130,0.471025,1.691681,2.216852,-0.0091,-0.0000
1787917762.739098,0.470941,1.691502,2.216711,-0.0099,-0.0000
1787917762.744235,0.471055,1.691423,2.217014,-0.0146,-0.0000
1787917762.750709,0.471132,1.691397,2.217098,-0.0133,-0.0000
1787917762.757229,0.470906,1.691237,2.217298,-0.0089,-0.0000
1787917762.767827,0.471294,1.691517,2.217990,-0.0066,-0.0000
1787917762.771636,0.471275,1.691422,2.218229,-0.0097,-0.0000
1787917762.777049,0.471347,1.691403,2.218451,-0.0100,-0.0000
1787917762.784616,0.471102,1.691257,2.218259,-0.0058,-0.0000
1787917762.791771,0.471243,1.691491,2.218127,0.0002,-0.0000
1787917762.797676,0.471218,1.691596,2.218420,0.0052,-0.0000
1787917762.803807,0.471135,1.691447,2.217980,0.0002,-0.0000
1787917762.810586,0.471132,1.691573,2.218003,0.0047,-0.0000
1787917762.817612,0.471079,1.691711,2.217707,0.0093,-0.0000
1787917762.823932,0.470875,1.691517,2.217447,0.0050,-0.0000
1787917762.830948,0.471062,1.691653,2.217490,0.0033,-0.0000
1787917762.838904,0.470862,1.691589,2.217010,0.0050,-0.0000
1787917762.843807,0.471086,1.691718,2.217648,0.0015,-0.0000
1787917762.850754,0.471107,1.691872,2.217581,0.0058,-0.0000
1787917762.857422,0.471026,1.691876,2.217677,0.0064,-0.0000
1787917762.864034,0.471042,1.691936,2.217858,0.0062,-0.0000
1787917762.870517,0.471118,1.691811,2.217907,-0.0024,-0.0000
1787917762.877122,0.471130,1.691888,2.217861,0.0008,-0.0000
1787917762.884035,0.471126,1.691861,2.218022,-0.0002,-0.0000
1787917762.890807,0.470991,1.691687,2.217872,-0.0028,-0.0000
1787917762.897054,0.471201,1.691873,2.218156,-0.0009,-0.0000
1787917762.905942,0.471040,1.691694,2.217789,-0.0022,-0.0000
1787917762.911084,0.471312,1.691793,2.218064,-0.0065,-0.0000
1787917762.917279,0.470982,1.691602,2.217396,-0.0023,-0.0000
1787917762.924529,0.471176,1.691603,2.217610,-0.0064,-0.0000
1787917762.930458,0.471213,1.691539,2.217790,-0.0082,-0.0000
1787917762.940704,0.471120,1.691507,2.217620,-0.0049,-0.0000
1787917762.944924,0.471038,1.691481,2.217640,-0.0013,-0.0000
1787917762.951045,0.471357,1.691738,2.218089,-0.0003,-0.0000
1787917762.957461,0.470911,1.691378,2.217311,-0.0011,-0.0000
1787917762.963758,0.471043,1.691539,2.217881,0.0015,-0.0000
1787917762.970837,0.471011,1.691396,2.217450,-0.0029,-0.0000
1787917762.977269,0.471098,1.691644,2.218039,0.0047,-0.0000
1787917762.983815,0.471103,1.691570,2.217900,0.0005,-0.0000
1787917762.991075,0.470999,1.691675,2.217647,0.0064,-0.0000
1787917762.998023,0.471020,1.691768,2.217777,0.0071,-0.0000
1787917763.005127,0.471115,1.691725,2.217790,0.0011,-0.0000
1787917763.010995,0.470929,1.691570,2.217701,0.0002,-0.0000
1787917763.017472,0.471150,1.691777,2.217571,0.0016,-0.0000
1787917763.023928,0.470988,1.691669,2.217699,0.0017,-0.0000
1787917763.030776,0.471001,1.691754,2.217486,0.0038,-0.0000
1787917763.037999,0.471095,1.691697,2.217729,-0.0016,-0.0000
1787917763.044397,0.471006,1.691629,2.217507,-0.0011,-0.0000
1787917763.050960,0.471361,1.691794,2.218084,-0.0046,-0.0000
1787917763.057149,0.470948,1.691583,2.217315,0.0007,-0.0000
1787917763.063882,0.470992,1.691606,2.217689,0.0001,-0.0000
1787917763.072092,0.471009,1.691552,2.217570,-0.0019,-0.0000
1787917763.077799,0.471219,1.691730,2.218079,-0.0005,-0.0000
1787917763.084908,0.471045,1.691619,2.217721,0.0003,-0.0000
1787917763.090672,0.471037,1.691594,2.217551,-0.0006,-0.0000
1787917763.098674,0.471043,1.691728,2.217825,0.0035,-0.0000
1787917763.103814,0.471163,1.691673,2.217837,-0.0043,-0.0000
1787917763.111293,0.470913,1.691514,2.217519,-0.0021,-0.0000
1787917763.117718,0.470973,1.691471,2.217500,-0.0048,-0.0000
1787917763.124323,0.470962,1.691597,2.217519,0.0015,-0.0000
1787917763.131028,0.471082,1.691611,2.217582,-0.0017,-0.0000
1787917763.138270,0.471177,1.691740,2.217783,0.0007,-0.0000
1787917763.146303,0.471217,1.691807,2.218085,0.0016,-0.0000
1787917763.150726,0.471296,1.691755,2.218030,-0.0050,-0.0000
1787917763.157366,0.470870,1.691613,2.217448,0.0030,-0.0000
1787917763.163858,0.471095,1.691636,2.217663,-0.0033,-0.0000
1787917763.170925,0.470957,1.691750,2.217443,0.0051,-0.0000
1787917763.177418,0.471205,1.691770,2.217929,-0.0026,-0.0000
1787917763.184019,0.471036,1.691672,2.217712,-0.0008,-0.0000
1787917763.190912,0.471041,1.691690,2.217683,-0.0000,-0.0000
1787917763.197165,0.471026,1.691590,2.217567,-0.0034,-0.0000
1787917763.203894,0.471118,1.691791,2.217749,0.0023,-0.0000
1787917763.213819,0.471185,1.691720,2.217680,-0.0014,-0.0000
1787917763.218305,0.470868,1.691493,2.217489,-0.0003,-0.0000
1787917763.224401,0.471161,1.691767,2.217802,0.0019,-0.0000
1787917763.230575,0.471170,1.691758,2.217906,0.0007,-0.0000
1787917763.237226,0.471064,1.691815,2.217600,0.0054,-0.0000
1787917763.247731,0.471008,1.691520,2.217433,-0.0020,-0.0000
1787917763.250875,0.471263,1.691840,2.218173,0.0083,-0.0000
1787917763.257015,0.471164,1.691741,2.217731,0.0049,-0.0000
1787917763.264020,0.470888,1.691547,2.217310,0.0039,-0.0000
1787917763.271342,0.471027,1.691706,2.217745,0.0045,-0.0000
1787917763.277701,0.471039,1.691540,2.217638,-0.0034,-0.0000
1787917763.283858,0.471046,1.691766,2.217739,0.0062,-0.0000
1787917763.290745,0.471018,1.691688,2.217595,0.0023,-0.0000
1787917763.297489,0.470961,1.691656,2.217453,0.0020,-0.0000
1787917763.304118,0.471101,1.691719,2.217772,-0.0001,-0.0000
1787917763.310484,0.471002,1.691620,2.217580,-0.0010,-0.0000
1787917763.317439,0.470861,1.691660,2.217471,0.0043,-0.0000
1787917763.323709,0.471051,1.691599,2.217533,-0.0048,-0.0000
1787917763.330631,0.470786,1.691522,2.217228,0.0009,-0.0000
1787917763.338042,0.470987,1.691749,2.217723,0.0031,-0.0000
1787917763.344274,0.471158,1.691858,2.217873,0.0014,-0.0000
1787917763.351486,0.471044,1.691706,2.217501,-0.0012,-0.0000
1787917763.357700,0.470950,1.691693,2.217610,0.0014,-0.0000
1787917763.363769,0.470938,1.691648,2.217345,-0.0004,-0.0000
1787917763.371128,0.471084,1.691579,2.217976,-0.0061,-0.0000
1787917763.379996,0.471105,1.691725,2.217726,-0.0008,-0.0000
1787917763.384020,0.470925,1.691601,2.217383,0.0001,-0.0000
1787917763.390468,0.471176,1.691734,2.217917,-0.0020,-0.0000
1787917763.398368,0.471129,1.691702,2.218037,-0.0013,-0.0000
1787917763.403860,0.470991,1.691715,2.217735,0.0042,-0.0000
1787917763.411348,0.470912,1.691629,2.217417,0.0021,-0.0000
1787917763.418081,0.470910,1.691735,2.217424,0.0053,-0.0000
1787917763.423619,0.471084,1.691620,2.217779,-0.0070,-0.0000
1787917763.431195,0.471207,1.691751,2.217979,-0.0037,-0.0000
1787917763.437158,0.470959,1.691603,2.217364,-0.0010,-0.0000
1787917763.444162,0.471091,1.691795,2.217745,0.0024,-0.0000
1787917763.452401,0.471026,1.691650,2.217594,-0.0011,-0.0000
1787917763.456899,0.470874,1.691526,2.217265,-0.0013,-0.0000
1787917763.464568,0.471023,1.691683,2.217388,0.0005,-0.0000
1787917763.470680,0.471169,1.691785,2.218058,0.0001,-0.0000
1787917763.477721,0.471124,1.691679,2.217626,-0.0024,-0.0000
1787917763.484539,0.471044,1.691783,2.217658,0.0041,-0.0000
1787917763.491757,0.470926,1.691753,2.217394,0.0048,-0.0000
1787917763.497490,0.470737,1.691671,2.217127,0.0059,-0.0000
1787917763.504106,0.470924,1.691540,2.217453,-0.0057,-0.0000
1787917763.510649,0.471020,1.691620,2.217414,-0.0037,-0.0000
1787917763.520021,0.470958,1.691685,2.217520,0.0002,-0.0000
1787917763.524353,0.471121,1.691598,2.217787,-0.0115,-0.0000
1787917763.530656,0.471155,1.691674,2.217650,-0.0061,-0.0000
1787917763.537668,0.470889,1.691542,2.217320,-0.0019,-0.0000
1787917763.543870,0.471052,1.691570,2.217485,-0.0050,-0.0000
1787917763.550512,0.471184,1.691730,2.218089,-0.0013,-0.0000
1787917763.557900,0.470909,1.691577,2.217278,0.0008,-0.0000
1787917763.563884,0.470957,1.691809,2.217576,0.0084,-0.0000
1787917763.571266,0.470902,1.691583,2.217530,-0.0001,-0.0000
1787917763.577340,0.471092,1.691590,2.217809,-0.0055,-0.0000
1787917763.584197,0.470999,1.691637,2.217598,0.0003,-0.0000
1787917763.590926,0.471090,1.691908,2.217553,0.0074,-0.0000
1787917763.598217,0.470865,1.691532,2.217384,-0.0016,-0.0000
1787917763.604284,0.471032,1.691773,2.217529,0.0034,-0.0000
1787917763.611935,0.471044,1.691746,2.217634,0.0013,-0.0000
1787917763.617040,0.470849,1.691658,2.217366,0.0037,-0.0000
1787917763.623722,0.471174,1.691716,2.217961,-0.0041,-0.0000
1787917763.630818,0.470951,1.691654,2.217390,0.0007,-0.0000
1787917763.637633,0.471031,1.691786,2.217657,0.0030,-0.0000
1787917763.644476,0.470955,1.691661,2.217430,-0.0003,-0.0000
1787917763.651533,0.471017,1.691685,2.217844,-0.0010,-0.0000
1787917763.658777,0.471236,1.691853,2.217847,-0.0006,-0.0000
1787917763.663938,0.471038,1.691783,2.217521,0.0032,-0.0000
1787917763.670913,0.471015,1.691671,2.217529,-0.0010,-0.0000
1787917763.677313,0.470969,1.691774,2.217585,0.0045,-0.0000
1787917763.686606,0.471080,1.691678,2.217501,-0.0015,-0.0000
1787917763.693082,0.471020,1.691784,2.217717,0.0046,-0.0000
1787917763.697268,0.471073,1.691759,2.217676,-0.0006,-0.0000
1787917763.704257,0.471075,1.691730,2.217880,-0.0014,-0.0000
1787917763.710547,0.470908,1.691687,2.217465,0.0022,-0.0000
1787917763.717960,0.470878,1.691743,2.217336,0.0041,-0.0000
1787917763.725200,0.471067,1.691652,2.217783,-0.0049,-0.0000
1787917763.731071,0.471008,1.691687,2.217590,-0.0002,-0.0000
1787917763.737515,0.470916,1.691648,2.217442,0.0010,-0.0000
1787917763.744027,0.470894,1.691658,2.217553,0.0017,-0.0000
1787917763.750561,0.471155,1.691782,2.217872,-0.0015,-0.0000
1787917763.759925,0.470914,1.691468,2.217563,-0.0044,-0.0000
1787917763.765157,0.471073,1.691699,2.217579,0.0020,-0.0000
1787917763.770499,0.470974,1.691819,2.217537,0.0101,-0.0000
1787917763.777422,0.471137,1.691765,2.217740,0.0009,-0.0000
1787917763.783752,0.471107,1.691714,2.217730,-0.0004,-0.0000
1787917763.790731,0.470974,1.691647,2.217521,0.0009,-0.0000
1787917763.797504,0.470951,1.691779,2.217713,0.0059,-0.0000
1787917763.804057,0.471057,1.691842,2.217769,0.0035,-0.0000
1787917763.811062,0.471132,1.691790,2.217608,-0.0013,-0.0000
1787917763.817909,0.470874,1.691735,2.217316,0.0040,-0.0000
1787917763.824153,0.470893,1.691624,2.217567,-0.0020,-0.0000
1787917763.830968,0.471036,1.691646,2.217528,-0.0044,-0.0000
1787917763.837806,0.470903,1.691619,2.217320,-0.0005,-0.0000
1787917763.844277,0.470825,1.691594,2.217373,0.0009,-0.0000
1787917763.850425,0.471050,1.691691,2.217439,-0.0022,-0.0000
1787917763.857347,0.471119,1.691701,2.217711,-0.0030,-0.0000
1787917763.864699,0.470995,1.691767,2.217497,0.0031,-0.0000
1787917763.870562,0.471046,1.691718,2.217632,-0.0014,-0.0000
1787917763.877903,0.471165,1.691781,2.217710,-0.0019,-0.0000
1787917763.883612,0.470975,1.691662,2.217528,-0.0003,-0.0000
1787917763.892330,0.470965,1.691692,2.217586,0.0008,-0.0000
1787917763.897678,0.471185,1.691728,2.218019,-0.0053,-0.0000
1787917763.904088,0.471067,1.691741,2.217515,0.0001,-0.0000
1787917763.910922,0.470899,1.691730,2.217458,0.0042,-0.0000
1787917763.917708,0.470991,1.691770,2.217409,0.0019,-0.0000
1787917763.924230,0.471146,1.691856,2.217714,0.0002,-0.0000
1787917763.930765,0.470797,1.691588,2.216990,-0.0001,-0.3000
1787917763.937090,0.470769,1.691708,2.217243,0.0053,-0.3000
1787917763.944158,0.470999,1.691729,2.217457,-0.0014,-0.3000
1787917763.950763,0.470935,1.691676,2.217559,-0.0012,-0.3000
1787917763.957724,0.471043,1.691669,2.217504,-0.0039,-0.3000
1787917763.966731,0.470839,1.691591,2.217453,-0.0007,-0.3000
1787917763.971057,0.471150,1.691660,2.217897,-0.0097,-0.3000
1787917763.977128,0.471196,1.691828,2.217849,-0.0015,-0.3000
1787917763.983891,0.470960,1.691523,2.217542,-0.0056,-0.3000
1787917763.992812,0.471135,1.691869,2.218071,0.0019,-0.3000
1787917763.997998,0.470948,1.691628,2.218385,-0.0033,-0.3000
1787917764.003716,0.471333,1.691876,2.219378,-0.0041,-0.3000
1787917764.010872,0.471488,1.691947,2.220334,-0.0045,-0.3000
1787917764.017797,0.471390,1.692039,2.220370,0.0026,-0.3000
1787917764.024254,0.471487,1.692107,2.220815,0.0016,-0.3000
1787917764.032143,0.471515,1.692006,2.220757,-0.0026,-0.6000
1787917764.037861,0.471180,1.691940,2.220018,0.0061,-0.6000
1787917764.043581,0.471300,1.691948,2.219925,0.0008,-0.6000
1787917764.050874,0.471121,1.691798,2.218843,0.0001,-0.6000
1787917764.057498,0.471060,1.691951,2.218287,0.0073,-0.6000
1787917764.066810,0.470710,1.691587,2.216558,0.0025,-0.6000
1787917764.071029,0.470805,1.691715,2.216119,0.0050,-0.6000
1787917764.077410,0.470749,1.691662,2.214937,0.0031,-0.6000
1787917764.084109,0.470258,1.691359,2.213391,0.0045,-0.6000
1787917764.090710,0.470362,1.691499,2.212955,0.0054,-0.6000
1787917764.098004,0.470120,1.691347,2.212467,0.0047,-0.6000
1787917764.104002,0.470401,1.691389,2.212618,-0.0034,-0.6000
1787917764.110960,0.470316,1.691483,2.212410,0.0030,-0.6000
1787917764.117031,0.470507,1.691630,2.212319,0.0023,-0.6000
1787917764.124068,0.470608,1.691765,2.212964,0.0036,-0.6000
1787917764.131030,0.470553,1.691755,2.212887,0.0036,-0.7000
1787917764.137290,0.470798,1.691962,2.213739,0.0034,-0.7000
1787917764.144423,0.470670,1.691948,2.213482,0.0052,-0.7000
1787917764.150083,0.471191,1.692119,2.214201,-0.0057,-0.7000
1787917764.157383,0.471079,1.692200,2.213833,0.0014,-0.7000
1787917764.164015,0.470896,1.692024,2.212985,-0.0004,-0.7000
1787917764.171006,0.471079,1.692220,2.212640,0.0017,-0.7000
1787917764.177500,0.471220,1.692201,2.212222,-0.0034,-0.7000
1787917764.183581,0.471059,1.691839,2.210617,-0.0119,-0.7000
1787917764.190819,0.470867,1.691805,2.209312,-0.0047,-0.7000
1787917764.198481,0.470763,1.691497,2.208008,-0.0106,-0.7000
1787917764.204414,0.470716,1.691415,2.206746,-0.0093,-0.7000
1787917764.210931,0.470609,1.691209,2.205256,-0.0113,-0.7000
1787917764.217326,0.470302,1.691064,2.203535,-0.0049,-0.7000
1787917764.226187,0.470318,1.690819,2.202211,-0.0104,-0.7000
1787917764.236917,0.469988,1.690679,2.200500,-0.0050,-0.7000
1787917764.245402,0.469848,1.690508,2.199370,-0.0055,-0.7000
1787917764.246377,0.469953,1.690779,2.199214,0.0447,-0.7000
1787917764.250998,0.470248,1.690706,2.199535,0.0162,-0.7000
1787917764.257330,0.470079,1.690801,2.199336,0.0197,-0.7000
1787917764.264133,0.469962,1.690944,2.199411,0.0219,-0.7000
1787917764.272004,0.470167,1.690987,2.200209,0.0121,-0.7000
1787917764.277137,0.470449,1.691293,2.201035,0.0132,-0.7000
1787917764.284413,0.470126,1.691205,2.200862,0.0141,-0.7000
1787917764.290335,0.470093,1.691212,2.201600,0.0112,-0.7000
1787917764.296989,0.470354,1.691427,2.201936,0.0087,-0.7000
1787917764.304386,0.470448,1.691575,2.202503,0.0087,-0.7000
1787917764.311075,0.469976,1.691146,2.201716,0.0030,-0.7000
1787917764.317210,0.469993,1.691437,2.201634,0.0131,-0.7000
1787917764.323775,0.469682,1.691123,2.201118,0.0060,-0.7000
1787917764.330730,0.469881,1.691237,2.201192,0.0031,-0.7000
1787917764.339841,0.469429,1.690886,2.199982,0.0016,-0.7000
1787917764.343795,0.469565,1.690865,2.199875,-0.0062,-0.7000
1787917764.351161,0.469580,1.690832,2.199515,-0.0058,-0.7000
1787917764.357392,0.469370,1.690536,2.199000,-0.0097,-0.7000
1787917764.365597,0.469384,1.690364,2.198672,-0.0122,-0.7000
1787917764.370435,0.469434,1.690376,2.198766,-0.0097,-0.7000
1787917764.377166,0.469634,1.690213,2.199762,-0.0179,-0.7000
1787917764.384160,0.469841,1.689997,2.201210,-0.0253,-0.7000
1787917764.390751,0.470079,1.689950,2.203146,-0.0258,-0.7000
1787917764.397300,0.470531,1.689703,2.205281,-0.0395,-0.7000
1787917764.403911,0.471323,1.689722,2.208146,-0.0483,-0.7000
1787917764.410132,0.471735,1.689037,2.210268,-0.0722,-0.7000
1787917764.417289,0.472073,1.688635,2.211702,-0.0725,-0.7000
1787917764.423760,0.472279,1.688063,2.213420,-0.0777,-0.7000
1787917764.430752,0.473253,1.687867,2.216487,-0.0862,-0.7000
1787917764.437279,0.473266,1.686924,2.217573,-0.0953,-0.7000
1787917764.444185,0.473482,1.686202,2.218862,-0.0974,-0.7000
1787917764.450538,0.474482,1.685576,2.221538,-0.1203,-0.7000
1787917764.457689,0.474645,1.684489,2.222239,-0.1246,-0.7000
1787917764.464002,0.474731,1.683732,2.222458,-0.1183,-0.7000
1787917764.522145,0.475763,1.683013,2.224918,-0.0890,-0.7000
1787917764.523328,0.476160,1.682104,2.225258,-0.3065,-0.7000
1787917764.524304,0.475892,1.680718,2.224988,-0.5023,-0.7000
1787917764.526120,0.476947,1.680295,2.226913,-0.5133,-0.7000
1787917764.528157,0.477262,1.679213,2.226597,-0.5139,-0.7000
1787917764.528979,0.477358,1.678094,2.227323,-0.7045,-0.7000
1787917764.530849,0.477725,1.677013,2.227658,-0.6664,-0.7000
1787917764.532797,0.478285,1.676267,2.228860,-0.6101,-0.7000
1787917764.533671,0.478653,1.675255,2.230046,-0.7790,-0.7000
1787917764.534812,0.479486,1.674664,2.231629,-0.8024,-0.7000
1787917764.537757,0.480087,1.673987,2.233103,-0.6537,-0.7000
1787917764.545338,0.480288,1.672941,2.233927,-0.4951,-0.7000
1787917764.551720,0.481261,1.672502,2.236406,-0.3911,-0.7000
1787917764.557305,0.481767,1.671593,2.237744,-0.3289,-0.7000
1787917764.563869,0.482208,1.670844,2.239730,-0.2696,-0.7000
1787917764.570403,0.482496,1.670177,2.240537,-0.2209,-0.7000
1787917764.584461,0.483185,1.669178,2.242705,-0.1805,-0.7000
1787917764.586264,0.483748,1.668584,2.244280,-0.2621,-0.7000
1787917764.594090,0.484218,1.668020,2.246162,-0.2116,-0.7000
1787917764.597470,0.484994,1.667100,2.248556,-0.2550,-0.7000
1787917764.604470,0.486028,1.666547,2.250985,-0.2248,-0.7000
1787917764.610946,0.486466,1.665940,2.252836,-0.1920,-0.7000
1787917764.617390,0.487044,1.665191,2.254752,-0.1784,-0.7000
1787917764.624025,0.487906,1.664301,2.257057,-0.1807,-0.7000
1787917764.630706,0.488602,1.663495,2.259336,-0.1743,-0.7000
1787917764.637559,0.489279,1.662644,2.261575,-0.1696,-0.7000
1787917764.643581,0.490087,1.661835,2.264016,-0.1754,-0.7000
1787917764.650548,0.490940,1.661156,2.267030,-0.1688,-0.7000
1787917764.657378,0.491682,1.660121,2.269666,-0.1739,-0.7000
1787917764.663661,0.492461,1.659475,2.271730,-0.1693,-0.7000
1787917764.670696,0.493145,1.658230,2.274393,-0.1779,-0.7000
1787917764.681304,0.493955,1.657307,2.276974,-0.1592,-0.7000
1787917764.684691,0.494344,1.655973,2.278884,-0.2236,-0.7000
1787917764.690605,0.495342,1.655141,2.281783,-0.2216,-0.7000
1787917764.696977,0.496016,1.654258,2.284741,-0.2073,-0.7000
1787917764.704052,0.496679,1.653061,2.287218,-0.2018,-0.7000
1787917764.710642,0.497531,1.652214,2.289646,-0.1958,-0.7000
1787917764.717324,0.498015,1.651083,2.291798,-0.1896,-0.7000
1787917764.724153,0.498747,1.650152,2.293703,-0.1846,-0.7000
1787917764.730778,0.499212,1.648929,2.296177,-0.1846,-0.7000
1787917764.737772,0.500015,1.647853,2.297986,-0.1866,-0.7000
1787917764.744748,0.500725,1.646986,2.300607,-0.1788,-0.7000
1787917764.750818,0.501225,1.645590,2.302080,-0.1930,-0.7000
1787917764.757433,0.502066,1.644828,2.304746,-0.1863,-0.7000
1787917764.764389,0.502265,1.643719,2.305469,-0.1717,-0.7000
1787917764.771050,0.502914,1.642751,2.307624,-0.1721,-0.7000
1787917764.776968,0.503686,1.642048,2.309887,-0.1731,-0.7000
1787917764.783817,0.503865,1.640666,2.310601,-0.1712,-0.7000
1787917764.791298,0.504776,1.640354,2.312952,-0.1538,-0.7000
1787917764.797008,0.505276,1.639279,2.313982,-0.1670,-0.7000
1787917764.804037,0.505845,1.638323,2.315926,-0.1633,-0.7000
1787917764.812917,0.506718,1.637754,2.318230,-0.1485,-0.7000
1787917764.817059,0.507043,1.637071,2.318982,-0.1562,-0.7000
1787917764.824155,0.507727,1.636350,2.320928,-0.1514,-0.7000
1787917764.830980,0.508205,1.635575,2.322596,-0.1452,-0.7000
1787917764.839265,0.508957,1.635033,2.324032,-0.1346,-0.7000
1787917764.844079,0.509217,1.634287,2.325432,-0.1392,-0.7000
1787917764.852077,0.509874,1.633633,2.327055,-0.1322,-0.7000
1787917764.857064,0.510597,1.633121,2.329101,-0.1448,-0.7000
1787917764.864028,0.511074,1.632708,2.330910,-0.1284,-0.7000
1787917764.871262,0.511653,1.631994,2.332434,-0.1279,-0.7000
1787917764.877986,0.512179,1.631251,2.333669,-0.1297,-0.7000
1787917764.886130,0.512861,1.630458,2.335983,-0.1292,-0.7000
1787917764.890666,0.513546,1.630028,2.337478,-0.1424,-0.7000
1787917764.897221,0.514193,1.629499,2.339569,-0.1377,-0.7000
1787917764.904064,0.514882,1.628474,2.341259,-0.1496,-0.7000
1787917764.910973,0.515644,1.628060,2.343383,-0.1407,-0.7000
1787917764.917905,0.516393,1.627517,2.345100,-0.1380,-0.7000
1787917764.924291,0.517140,1.626470,2.347119,-0.1563,-0.7000
1787917764.930843,0.517560,1.625741,2.348809,-0.1467,-0.7000
1787917764.937198,0.518822,1.625315,2.352061,-0.1589,-0.7000
1787917764.944007,0.519402,1.624068,2.353779,-0.1682,-0.7000
1787917764.953658,0.520458,1.623730,2.356515,-0.1484,-0.7000
1787917764.957285,0.521106,1.622478,2.358217,-0.2150,-0.7000
1787917764.965036,0.521880,1.621776,2.360533,-0.1909,-0.7000
1787917764.970582,0.522558,1.620948,2.362667,-0.1912,-0.7000
1787917764.977622,0.523519,1.619818,2.364733,-0.1968,-0.7000
1787917764.984134,0.523940,1.618916,2.366506,-0.1807,-0.7000
1787917764.991050,0.525061,1.618228,2.369479,-0.1821,-0.7000
1787917764.997145,0.525427,1.617227,2.370631,-0.1747,-0.7000
1787917765.004681,0.526373,1.616210,2.373190,-0.1775,-0.7000
1787917765.010633,0.527453,1.615325,2.375946,-0.1945,-0.7000
1787917765.017789,0.527982,1.614251,2.377632,-0.1833,-0.7000
1787917765.023951,0.529487,1.613436,2.381091,-0.2087,-0.7000
1787917765.031648,0.529301,1.612169,2.382010,-0.1748,-0.7000
1787917765.037003,0.530600,1.611347,2.384478,-0.2069,-0.7000
1787917765.044006,0.531240,1.610759,2.387059,-0.1821,-0.7000
1787917765.050793,0.531897,1.609652,2.389029,-0.1821,-0.7000
1787917765.057668,0.532856,1.608790,2.391580,-0.1837,-0.7000
1787917765.064302,0.533405,1.607788,2.394217,-0.1776,-0.7000
1787917765.070462,0.534321,1.606814,2.396416,-0.1893,-0.7000
1787917765.077067,0.535372,1.606448,2.400243,-0.1789,-0.7000
1787917765.084105,0.536184,1.605162,2.402300,-0.1878,-0.7000
1787917765.091645,0.536564,1.604448,2.404009,-0.1617,-0.7000
1787917765.097197,0.537593,1.603701,2.406678,-0.1815,-0.7000
1787917765.103854,0.538321,1.602754,2.408258,-0.1800,-0.7000
1787917765.110605,0.538671,1.601959,2.409879,-0.1612,-0.7000
1787917765.117262,0.539442,1.600843,2.411334,-0.1723,-0.7000
1787917765.124235,0.540097,1.600207,2.413273,-0.1598,-0.7000
1787917765.130510,0.540945,1.599766,2.415231,-0.1562,-0.7000
1787917765.137902,0.541477,1.598390,2.416433,-0.1625,-0.7000
1787917765.144488,0.541969,1.597785,2.417943,-0.1488,-0.7000
1787917765.151790,0.542779,1.597303,2.419874,-0.1422,-0.7000
1787917765.158679,0.543248,1.596261,2.421225,-0.1449,-0.7000
1787917765.164188,0.543875,1.595472,2.422681,-0.1554,-0.7000
1787917765.172892,0.544737,1.595175,2.425093,-0.1379,-0.7000
1787917765.178487,0.545476,1.594605,2.427692,-0.1465,-0.7000
1787917765.183440,0.545725,1.593600,2.428381,-0.1537,-0.7000
1787917765.193538,0.546362,1.592833,2.430626,-0.1368,-0.7000
1787917765.197292,0.547438,1.592499,2.433854,-0.1785,-0.7000
1787917765.203944,0.547883,1.591911,2.435174,-0.1574,-0.7000
1787917765.210783,0.548448,1.590795,2.437056,-0.1608,-0.7000
1787917765.218059,0.549415,1.590631,2.439471,-0.1473,-0.7000
1787917765.224043,0.550321,1.590202,2.442119,-0.1518,-0.7000
1787917765.231069,0.550972,1.588986,2.443227,-0.1609,-0.7000
1787917765.237098,0.551900,1.588695,2.445972,-0.1574,-0.7000
1787917765.244248,0.552738,1.587975,2.448016,-0.1565,-0.7000
1787917765.250752,0.553768,1.586931,2.450494,-0.1769,-0.7000
1787917765.257629,0.554375,1.586278,2.452641,-0.1623,-0.7000
1787917765.264649,0.555312,1.585815,2.455033,-0.1571,-0.7000
1787917765.271452,0.556483,1.584915,2.457329,-0.1751,-0.7000
1787917765.277235,0.556830,1.584375,2.459227,-0.1542,-0.7000
1787917765.284284,0.558003,1.583426,2.461679,-0.1722,-0.7000
1787917765.290843,0.558615,1.582539,2.463216,-0.1678,-0.7000
1787917765.299916,0.559448,1.582179,2.466011,-0.1464,-0.7000
1787917765.304267,0.560511,1.580862,2.467863,-0.2164,-0.7000
1787917765.310852,0.561063,1.579805,2.469824,-0.2011,-0.7000
1787917765.317168,0.562010,1.579093,2.472218,-0.1970,-0.7000
1787917765.326447,0.562728,1.578377,2.473895,-0.1705,-0.7000
1787917765.331258,0.563688,1.577247,2.476616,-0.2100,-0.7000
1787917765.337651,0.565036,1.576891,2.479508,-0.2071,-0.7000
1787917765.344211,0.565503,1.575616,2.480282,-0.1977,-0.7000
1787917765.351372,0.566994,1.575199,2.484068,-0.1985,-0.7000
1787917765.356900,0.567439,1.574031,2.485563,-0.1967,-0.7000
1787917765.364554,0.568539,1.573411,2.487842,-0.1867,-0.7000
1787917765.371024,0.569332,1.572422,2.490439,-0.1877,-0.7000
1787917765.377846,0.569773,1.571535,2.492591,-0.1704,-0.7000
1787917765.384041,0.570938,1.570922,2.495679,-0.1822,-0.7000
1787917765.390784,0.571760,1.570533,2.498386,-0.1672,-0.7000
1787917765.399033,0.572525,1.569125,2.500622,-0.1700,-0.7000
1787917765.404041,0.573307,1.568741,2.502739,-0.1703,-0.7000
1787917765.411459,0.574450,1.567842,2.505417,-0.1780,-0.7000
1787917765.417689,0.574962,1.566935,2.506566,-0.1703,-0.7000
1787917765.424045,0.575801,1.566064,2.509164,-0.1755,-0.7000
1787917765.430671,0.576648,1.565287,2.511067,-0.1746,-0.7000
1787917765.437043,0.577222,1.564728,2.512524,-0.1595,-0.7000
1787917765.444006,0.577917,1.563769,2.514649,-0.1602,-0.7000
1787917765.450586,0.578878,1.563026,2.516274,-0.1675,-0.7000
1787917765.457298,0.579567,1.562373,2.518302,-0.1593,-0.7000
1787917765.466842,0.580272,1.561317,2.520135,-0.1488,-0.7000
1787917765.471835,0.581215,1.560959,2.522596,-0.1628,-0.7000
1787917765.477203,0.581910,1.560179,2.524860,-0.1709,-0.7000
1787917765.484737,0.582681,1.559480,2.527040,-0.1607,-0.7000
1787917765.490942,0.583544,1.558826,2.529124,-0.1648,-0.7000
1787917765.500467,0.584493,1.558029,2.531504,-0.1543,-0.7000
1787917765.504006,0.585060,1.557036,2.533043,-0.1955,-0.7000
1787917765.510766,0.586053,1.556637,2.535771,-0.1832,-0.7000
1787917765.517030,0.587083,1.556144,2.538499,-0.1823,-0.7000
1787917765.524478,0.588047,1.555599,2.541612,-0.1720,-0.7000
1787917765.530964,0.589052,1.554962,2.544143,-0.1754,-0.7000
1787917765.537784,0.589646,1.554151,2.545880,-0.1644,-0.7000
1787917765.544142,0.590798,1.553900,2.548422,-0.1668,-0.7000
1787917765.551426,0.591794,1.553032,2.550472,-0.1707,-0.7000
1787917765.557590,0.592581,1.552061,2.552268,-0.1776,-0.7000
1787917765.563936,0.593395,1.551324,2.554809,-0.1757,-0.7000
1787917765.570896,0.594870,1.550661,2.557829,-0.1918,-0.7000
1787917765.577423,0.595378,1.549945,2.559738,-0.1718,-0.7000
1787917765.583833,0.596427,1.549005,2.562324,-0.1855,-0.7000
1787917765.590583,0.597503,1.548574,2.564119,-0.1803,-0.7000
1787917765.597248,0.598522,1.547888,2.566547,-0.1815,-0.7000
1787917765.604147,0.599340,1.547123,2.568500,-0.1750,-0.7000
1787917765.611407,0.600259,1.546296,2.570351,-0.1729,-0.7000
1787917765.618249,0.600666,1.545434,2.571934,-0.1565,-0.7000
1787917765.624136,0.601747,1.544534,2.573877,-0.1806,-0.7000
1787917765.631573,0.602686,1.543958,2.576334,-0.1709,-0.7000
1787917765.637378,0.603935,1.543615,2.579653,-0.1837,-0.7000
1787917765.644055,0.604597,1.542602,2.580322,-0.1780,-0.7000
1787917765.650955,0.605474,1.542134,2.583043,-0.1677,-0.7000
1787917765.658531,0.606546,1.541407,2.584840,-0.1686,-0.7000
1787917765.663853,0.607150,1.540632,2.586357,-0.1700,-0.7000
1787917765.670857,0.608105,1.539980,2.588630,-0.1685,-0.7000
1787917765.677026,0.608997,1.539315,2.590587,-0.1718,-0.7000
1787917765.683965,0.609725,1.538487,2.592578,-0.1658,-0.7000
1787917765.690698,0.610679,1.538001,2.594463,-0.1637,-0.7000
1787917765.697172,0.611622,1.537589,2.596583,-0.1618,-0.7000
1787917765.706204,0.612701,1.537250,2.599339,-0.1498,-0.7000
1787917765.711031,0.613731,1.536579,2.601506,-0.1812,-0.7000
1787917765.717088,0.614296,1.535786,2.602818,-0.1710,-0.7000
1787917765.724230,0.615344,1.535349,2.604500,-0.1669,-0.7000
1787917765.730827,0.616284,1.534548,2.606791,-0.1722,-0.7000
1787917765.737972,0.617035,1.533962,2.608601,-0.1602,-0.7000
1787917765.743722,0.617849,1.533422,2.610339,-0.1630,-0.7000
1787917765.750698,0.618792,1.532977,2.612470,-0.1588,-0.7000
1787917765.757952,0.619826,1.532302,2.614352,-0.1621,-0.7000
1787917765.764069,0.620696,1.532163,2.616007,-0.1538,-0.7000
1787917765.773170,0.621372,1.531253,2.617338,-0.1420,-0.7000
1787917765.777455,0.622285,1.530853,2.619281,-0.1688,-0.7000
1787917765.783937,0.623038,1.530419,2.620965,-0.1583,-0.7000
1787917765.791142,0.624076,1.529703,2.622916,-0.1631,-0.7000
1787917765.797415,0.624838,1.529490,2.624749,-0.1509,-0.7000
1787917765.803958,0.625287,1.528809,2.625857,-0.1390,-0.7000
1787917765.811271,0.626046,1.528070,2.627188,-0.1393,-0.7000
1787917765.817443,0.626914,1.527579,2.629133,-0.1460,-0.7000
1787917765.824140,0.627836,1.527498,2.630956,-0.1400,-0.7000
1787917765.830808,0.628493,1.526648,2.632202,-0.1424,-0.7000
1787917765.837823,0.628971,1.526275,2.633823,-0.1253,-0.7000
1787917765.843755,0.629855,1.525772,2.635831,-0.1392,-0.7000
1787917765.850821,0.630948,1.525595,2.637772,-0.1417,-0.7000
1787917765.857672,0.631526,1.525323,2.639573,-0.1271,-0.7000
1787917765.864563,0.632156,1.524752,2.641645,-0.1249,-0.7000
1787917765.871304,0.632632,1.523661,2.642848,-0.1293,-0.7000
1787917765.876863,0.633512,1.523859,2.645696,-0.1272,-0.7000
1787917765.883681,0.634253,1.523514,2.647661,-0.1250,-0.7000
1787917765.890415,0.635293,1.522810,2.649452,-0.1431,-0.7000
1787917765.897677,0.635792,1.522522,2.651456,-0.1240,-0.7000
1787917765.904093,0.636487,1.522004,2.652989,-0.1268,-0.7000
1787917765.911205,0.637586,1.521553,2.655429,-0.1386,-0.7000
1787917765.920066,0.638351,1.521340,2.657702,-0.1233,-0.7000
1787917765.923891,0.638882,1.520354,2.658620,-0.1591,-0.7000
1787917765.930524,0.639755,1.520323,2.661018,-0.1471,-0.7000
1787917765.938617,0.640223,1.519666,2.662147,-0.1296,-0.7000
1787917765.944196,0.641005,1.519092,2.663588,-0.1422,-0.7000
1787917765.952599,0.641702,1.518573,2.665547,-0.1302,-0.7000
1787917765.957624,0.642330,1.518151,2.666984,-0.1360,-0.7000
1787917765.965441,0.643045,1.517819,2.668512,-0.1254,-0.7000
1787917765.972979,0.643674,1.517370,2.669940,-0.1182,-0.7000
1787917765.979253,0.644229,1.516538,2.671165,-0.1244,-0.7000
1787917765.983963,0.645240,1.516494,2.673434,-0.1458,-0.7000
1787917765.991274,0.645652,1.515765,2.674246,-0.1307,-0.7000
1787917765.997967,0.646078,1.515305,2.675139,-0.1178,-0.7000
1787917766.004447,0.646652,1.514844,2.677021,-0.1158,-0.7000
1787917766.014777,0.647518,1.514601,2.678855,-0.1067,-0.7000
1787917766.017326,0.648143,1.514306,2.680326,-0.1559,-0.7000
1787917766.024082,0.648789,1.514208,2.681960,-0.1368,-0.7000
1787917766.030724,0.649244,1.513531,2.683329,-0.1277,-0.7000
1787917766.038326,0.649797,1.513180,2.684736,-0.1151,-0.7000
1787917766.043911,0.650269,1.513035,2.685882,-0.1067,-0.7000
1787917766.050825,0.650845,1.512873,2.687735,-0.1003,-0.7000
1787917766.058456,0.651347,1.512346,2.688585,-0.0970,-0.7000
1787917766.063710,0.651811,1.511623,2.689676,-0.1097,-0.7000
1787917766.070411,0.652213,1.511197,2.690620,-0.1014,-0.7000
1787917766.080405,0.652941,1.510978,2.692225,-0.0935,-0.7000
1787917766.084484,0.653282,1.510649,2.693059,-0.0985,-0.7000
1787917766.090827,0.653899,1.510225,2.694258,-0.1039,-0.7000
1787917766.097474,0.654493,1.510269,2.695756,-0.0961,-0.7000
1787917766.103894,0.655176,1.510285,2.696973,-0.0958,-0.7000
1787917766.111265,0.655282,1.509328,2.697007,-0.0877,-0.7000
1787917766.116969,0.655680,1.508857,2.697614,-0.0909,-0.7000
1787917766.124667,0.656200,1.508759,2.699013,-0.0836,-0.7000
1787917766.130800,0.657043,1.508696,2.700338,-0.0971,-0.7000
1787917766.138178,0.657514,1.508321,2.701431,-0.0918,-0.7000
1787917766.145575,0.658044,1.507927,2.702563,-0.0905,-0.7000
1787917766.150740,0.658664,1.507469,2.703726,-0.1072,-0.7000
1787917766.157354,0.658989,1.507193,2.704977,-0.0937,-0.7000
1787917766.167547,0.659411,1.507047,2.706655,-0.0787,-0.7000
1787917766.170724,0.660079,1.506671,2.707829,-0.1273,-0.7000
1787917766.177462,0.660902,1.506847,2.709823,-0.1191,-0.7000
1787917766.184295,0.661426,1.506475,2.710913,-0.1111,-0.7000
1787917766.192356,0.662349,1.506688,2.713235,-0.1057,-0.7000
1787917766.196927,0.662814,1.505907,2.713721,-0.1231,-0.7000
1787917766.204396,0.663457,1.505715,2.715645,-0.1128,-0.7000
1787917766.210589,0.663937,1.505502,2.716920,-0.1044,-0.7000
1787917766.218012,0.664454,1.504996,2.717424,-0.1006,-0.7000
1787917766.223634,0.665304,1.504834,2.719056,-0.1153,-0.7000
1787917766.232391,0.665939,1.504015,2.720916,-0.1120,-0.7000
1787917766.239520,0.666547,1.504266,2.722612,-0.0975,-0.7000
1787917766.248200,0.666970,1.503906,2.723507,-0.0867,-0.7000
1787917766.250735,0.667816,1.503592,2.724740,-0.1672,-0.7000
1787917766.257060,0.668213,1.503510,2.726034,-0.1359,-0.7000
1787917766.264058,0.668940,1.503287,2.727488,-0.1275,-0.7000
1787917766.271017,0.669512,1.502708,2.728406,-0.1218,-0.7000
1787917766.277135,0.670007,1.502189,2.729114,-0.1177,-0.7000
1787917766.284855,0.670453,1.501894,2.729844,-0.1029,-0.7000
1787917766.290408,0.671019,1.501528,2.730561,-0.1079,-0.7000
1787917766.297766,0.671639,1.500967,2.731593,-0.1079,-0.7000
1787917766.304307,0.672167,1.500794,2.732908,-0.1009,-0.7000
1787917766.310559,0.672657,1.500523,2.734120,-0.0974,-0.7000
1787917766.320429,0.673159,1.500288,2.735359,-0.0850,-0.7000
1787917766.323953,0.673766,1.499969,2.736855,-0.1177,-0.7000
1787917766.330715,0.674409,1.499865,2.738399,-0.1104,-0.7000
1787917766.337900,0.674819,1.499566,2.739731,-0.0979,-0.7000
1787917766.343811,0.675371,1.499348,2.741298,-0.0987,-0.7000
1787917766.350936,0.675853,1.498892,2.742942,-0.0952,-0.7000
1787917766.357156,0.676464,1.498389,2.744068,-0.1032,-0.7000
1787917766.364321,0.677192,1.498557,2.745950,-0.0977,-0.7000
1787917766.370414,0.677773,1.498343,2.747476,-0.0988,-0.7000
1787917766.377587,0.678314,1.497862,2.748684,-0.0978,-0.7000
1787917766.383595,0.678702,1.497680,2.750038,-0.0898,-0.7000
1787917766.390946,0.679571,1.497120,2.751912,-0.1044,-0.7000
1787917766.397323,0.680252,1.497086,2.753761,-0.1033,-0.7000
1787917766.404393,0.680861,1.497184,2.755343,-0.0947,-0.7000
1787917766.410753,0.681272,1.496400,2.756066,-0.0981,-0.7000
1787917766.417143,0.681775,1.496026,2.756951,-0.0972,-0.7000
1787917766.424203,0.682351,1.495491,2.758363,-0.0992,-0.7000
1787917766.430932,0.682964,1.495342,2.760095,-0.0973,-0.7000
1787917766.437196,0.683519,1.494882,2.760992,-0.1010,-0.7000
1787917766.445302,0.684124,1.494674,2.762404,-0.0943,-0.7000
1787917766.451659,0.684655,1.494631,2.764484,-0.0901,-0.7000
1787917766.457309,0.685198,1.494358,2.765511,-0.0952,-0.7000
1787917766.466043,0.685730,1.493261,2.766448,-0.0974,-0.7000
1787917766.470912,0.686302,1.493299,2.768029,-0.1002,-0.7000
1787917766.478373,0.686988,1.493463,2.769552,-0.0934,-0.7000
1787917766.484181,0.687466,1.493276,2.771462,-0.0919,-0.7000
1787917766.490365,0.688035,1.492395,2.772005,-0.1055,-0.7000
1787917766.497169,0.688324,1.492002,2.772942,-0.0920,-0.7000
1787917766.504099,0.689043,1.492162,2.774753,-0.0910,-0.7000
1787917766.510259,0.689492,1.491752,2.775933,-0.0912,-0.7000
1787917766.517660,0.689957,1.491400,2.777244,-0.0866,-0.7000
1787917766.524720,0.690616,1.491567,2.779074,-0.0843,-0.7000
1787917766.530385,0.690989,1.491180,2.780102,-0.0847,-0.7000
1787917766.537538,0.691472,1.490612,2.780748,-0.0867,-0.7000
1787917766.543456,0.692051,1.490709,2.782017,-0.0864,-0.7000
1787917766.550939,0.692589,1.490405,2.783092,-0.0849,-0.7000
1787917766.556962,0.693036,1.490544,2.784282,-0.0779,-0.7000
1787917766.563916,0.693444,1.490152,2.785335,-0.0769,-0.7000
1787917766.571546,0.694023,1.489939,2.786491,-0.0781,-0.7000
1787917766.576959,0.694528,1.489726,2.787318,-0.0850,-0.7000
1787917766.583876,0.695057,1.489158,2.788312,-0.0896,-0.7000
1787917766.592019,0.695497,1.488958,2.789019,-0.0805,-0.7000
1787917766.597112,0.695958,1.488856,2.790343,-0.0839,-0.7000
1787917766.604349,0.696467,1.488617,2.791000,-0.0819,-0.7000
1787917766.612103,0.697184,1.488531,2.792673,-0.0846,-0.7000
1787917766.618072,0.697500,1.488308,2.793454,-0.0780,-0.7000
1787917766.626823,0.698015,1.488206,2.794410,-0.0723,-0.7000
1787917766.630404,0.698607,1.487860,2.795491,-0.1072,-0.7000
1787917766.637384,0.699115,1.487603,2.796111,-0.0993,-0.7000
1787917766.644474,0.699608,1.487455,2.796969,-0.0913,-0.7000
1787917766.650375,0.700142,1.487158,2.798211,-0.0945,-0.7000
1787917766.658121,0.700593,1.487191,2.799256,-0.0822,-0.7000
1787917766.663682,0.701172,1.487126,2.800364,-0.0881,-0.7000
1787917766.670614,0.701619,1.486602,2.801045,-0.0875,-0.7000
1787917766.677502,0.702107,1.486752,2.803062,-0.0791,-0.7000
1787917766.685051,0.702604,1.486564,2.803541,-0.0765,-0.7000
1787917766.690697,0.703268,1.486162,2.804765,-0.0939,-0.7000
1787917766.696981,0.703646,1.486056,2.805700,-0.0844,-0.7000
1787917766.703848,0.704225,1.485339,2.806307,-0.0933,-0.7000
1787917766.711365,0.704803,1.485358,2.807533,-0.0869,-0.7000
1787917766.719591,0.705352,1.485446,2.808682,-0.0787,-0.7000
1787917766.724390,0.705910,1.485468,2.809948,-0.0876,-0.7000
1787917766.730537,0.706444,1.485076,2.810798,-0.0922,-0.7000
1787917766.738254,0.707000,1.485130,2.812078,-0.0843,-0.7000
1787917766.743763,0.707447,1.484493,2.812512,-0.0932,-0.7000
1787917766.750535,0.707885,1.484497,2.813452,-0.0836,-0.7000
1787917766.758524,0.708518,1.484106,2.814065,-0.0857,-0.7000
1787917766.764352,0.708851,1.483714,2.814768,-0.0827,-0.7000
1787917766.772399,0.709417,1.483337,2.815839,-0.0824,-0.7000
1787917766.777408,0.710111,1.483772,2.817331,-0.0888,-0.7000
1787917766.785136,0.710591,1.483690,2.818404,-0.0808,-0.7000
1787917766.790356,0.711137,1.483311,2.819165,-0.0933,-0.7000
1787917766.797395,0.711634,1.483358,2.820387,-0.0847,-0.7000
1787917766.804069,0.712127,1.482943,2.821184,-0.0862,-0.7000
1787917766.810505,0.712632,1.482517,2.821872,-0.0890,-0.7000
1787917766.817399,0.713146,1.482721,2.823336,-0.0807,-0.7000
1787917766.824488,0.713664,1.482428,2.824156,-0.0812,-0.7000
1787917766.832373,0.714337,1.482141,2.825052,-0.0846,-0.7000
1787917766.837635,0.714834,1.482139,2.826013,-0.0862,-0.7000
1787917766.843977,0.715331,1.481732,2.826653,-0.0886,-0.7000
1787917766.850686,0.715894,1.481675,2.827632,-0.0868,-0.7000
1787917766.856934,0.716489,1.481411,2.828214,-0.0919,-0.7000
1787917766.863929,0.717230,1.481269,2.829563,-0.0964,-0.7000
1787917766.870804,0.717626,1.480817,2.830402,-0.0900,-0.7000
1787917766.877429,0.718090,1.480652,2.831509,-0.0853,-0.7000
1787917766.884070,0.718588,1.480630,2.832607,-0.0814,-0.7000
1787917766.890170,0.719175,1.480290,2.833553,-0.0896,-0.7000
1787917766.899302,0.719898,1.480384,2.835018,-0.0844,-0.7000
1787917766.904233,0.720564,1.480244,2.836230,-0.1003,-0.7000
1787917766.911323,0.720971,1.480209,2.837508,-0.0871,-0.7000
1787917766.917446,0.721250,1.479816,2.838524,-0.0798,-0.7000
1787917766.924561,0.721776,1.479508,2.839514,-0.0808,-0.7000
1787917766.934555,0.722445,1.479323,2.841010,-0.0774,-0.7000
1787917766.939369,0.722858,1.478821,2.841266,-0.0880,-0.7000
1787917766.945295,0.723636,1.479139,2.843116,-0.0946,-0.7000
1787917766.950921,0.724133,1.478600,2.843964,-0.1000,-0.7000
1787917766.957793,0.724629,1.478099,2.845181,-0.0970,-0.7000
1787917766.965692,0.724959,1.477811,2.846101,-0.0831,-0.7000
1787917766.970407,0.725688,1.477579,2.847132,-0.1068,-0.7000
1787917766.977741,0.726285,1.477828,2.849203,-0.0953,-0.7000
1787917766.984587,0.726937,1.477362,2.849771,-0.0999,-0.7000
1787917766.991179,0.727574,1.477135,2.850871,-0.1007,-0.7000
1787917766.996963,0.728048,1.477001,2.852344,-0.0960,-0.7000
1787917767.004851,0.728483,1.477096,2.853529,-0.0820,-0.7000
1787917767.010848,0.729045,1.476489,2.854747,-0.0930,-0.7000
1787917767.017282,0.729566,1.476259,2.855497,-0.0914,-0.7000
1787917767.023889,0.730377,1.475933,2.857277,-0.1035,-0.7000
1787917767.030471,0.730914,1.475615,2.858154,-0.1000,-0.7000
1787917767.037430,0.731323,1.475470,2.859670,-0.0887,-0.7000
1787917767.044186,0.731935,1.475141,2.860576,-0.0922,-0.7000
1787917767.050268,0.732447,1.474843,2.861192,-0.0929,-0.7000
1787917767.066213,0.733314,1.475062,2.863006,-0.0796,-0.7000
1787917767.069235,0.733823,1.474885,2.863645,-0.1091,-0.7000
1787917767.071777,0.734443,1.474619,2.865296,-0.1553,-0.7000
1787917767.077344,0.734980,1.474332,2.866071,-0.1408,-0.7000
1787917767.084850,0.735502,1.474070,2.867235,-0.1215,-0.7000
1787917767.092239,0.736131,1.473995,2.868530,-0.1105,-0.7000
1787917767.097436,0.736489,1.473682,2.869596,-0.1021,-0.7000
1787917767.103973,0.737000,1.473342,2.870783,-0.0982,-0.7000
1787917767.110850,0.737855,1.472905,2.871843,-0.1098,-0.7000
1787917767.117429,0.738314,1.473185,2.873549,-0.0937,-0.7000
1787917767.123907,0.738892,1.472948,2.874189,-0.0943,-0.7000
1787917767.130562,0.739376,1.472813,2.875492,-0.0886,-0.7000
1787917767.139171,0.739840,1.472414,2.876409,-0.0813,-0.7000
1787917767.143867,0.740149,1.472268,2.877610,-0.0784,-0.7000
1787917767.152013,0.740838,1.472268,2.879323,-0.0794,-0.7000
1787917767.157368,0.741185,1.472302,2.880381,-0.0739,-0.7000
1787917767.164416,0.741602,1.471878,2.880905,-0.0735,-0.7000
1787917767.172631,0.742265,1.471967,2.881883,-0.0740,-0.7000
1787917767.178988,0.742708,1.471769,2.882823,-0.0744,-0.7000
1787917767.183504,0.743294,1.471483,2.884286,-0.0946,-0.7000
1787917767.190963,0.743819,1.471142,2.885252,-0.0901,-0.7000
1787917767.197669,0.744345,1.470972,2.886358,-0.0878,-0.7000
1787917767.206757,0.744764,1.470688,2.887279,-0.0772,-0.7000
1787917767.210735,0.745104,1.470221,2.887296,-0.0877,-0.7000
1787917767.217206,0.745724,1.470178,2.888701,-0.0897,-0.7000
1787917767.223730,0.746131,1.470130,2.889599,-0.0815,-0.7000
1787917767.230745,0.746779,1.469985,2.890690,-0.0854,-0.7000
1787917767.242488,0.747197,1.469862,2.891783,-0.0709,-0.7000
1787917767.244142,0.747690,1.470008,2.893000,-0.1298,-0.7000
1787917767.250240,0.748199,1.469870,2.894351,-0.1168,-0.7000
1787917767.257581,0.748639,1.469546,2.894869,-0.1024,-0.7000
1787917767.264123,0.749116,1.469629,2.896286,-0.0920,-0.7000
1787917767.271084,0.749663,1.469663,2.897463,-0.0869,-0.7000
1787917767.277045,0.750228,1.469394,2.898089,-0.0917,-0.7000
1787917767.283874,0.750557,1.469398,2.899385,-0.0782,-0.7000
1787917767.291410,0.750964,1.468710,2.899645,-0.0770,-0.7000
1787917767.297305,0.751541,1.468715,2.901043,-0.0824,-0.7000
1787917767.304102,0.752168,1.468545,2.901691,-0.0863,-0.7000
1787917767.310929,0.752785,1.468284,2.902381,-0.0895,-0.7000
1787917767.316938,0.753304,1.468495,2.903744,-0.0853,-0.7000
1787917767.324463,0.753816,1.468045,2.904371,-0.0838,-0.7000
1787917767.330374,0.754384,1.468176,2.905903,-0.0851,-0.7000
1787917767.337699,0.754893,1.468165,2.906906,-0.0800,-0.7000
1787917767.343772,0.755467,1.468021,2.908151,-0.0852,-0.7000
1787917767.350901,0.755772,1.467975,2.909012,-0.0726,-0.7000
1787917767.357501,0.756123,1.467587,2.909460,-0.0704,-0.7000
1787917767.365113,0.756729,1.467468,2.910152,-0.0736,-0.7000
1787917767.373908,0.757057,1.467166,2.910951,-0.0648,-0.7000
1787917767.377809,0.757611,1.467049,2.912107,-0.0889,-0.7000
1787917767.383625,0.758082,1.466545,2.912438,-0.0918,-0.7000
1787917767.391111,0.758748,1.466633,2.914356,-0.0895,-0.7000
1787917767.397468,0.759320,1.466388,2.914959,-0.0915,-0.7000
1787917767.404366,0.759762,1.466541,2.916530,-0.0813,-0.7000
1787917767.412274,0.760315,1.466430,2.917527,-0.0783,-0.7000
1787917767.417389,0.760986,1.466193,2.918347,-0.0963,-0.7000
1787917767.423925,0.761292,1.466075,2.919709,-0.0823,-0.7000
1787917767.432188,0.761802,1.465736,2.920590,-0.0783,-0.7000
1787917767.437248,0.762479,1.465652,2.921907,-0.0951,-0.7000
1787917767.445992,0.763029,1.465393,2.922512,-0.0869,-0.7000
1787917767.450788,0.763400,1.465159,2.923207,-0.0867,-0.7000
1787917767.457477,0.764031,1.465190,2.924543,-0.0880,-0.7000
1787917767.464462,0.764510,1.465190,2.925333,-0.0817,-0.7000
1787917767.470702,0.765122,1.464848,2.926268,-0.0895,-0.7000
1787917767.476930,0.765553,1.464537,2.927403,-0.0861,-0.7000
1787917767.484284,0.766407,1.464422,2.928051,-0.0953,-0.7000
1787917767.490618,0.766812,1.464393,2.929463,-0.0857,-0.7000
1787917767.497797,0.767274,1.464213,2.930020,-0.0805,-0.7000
1787917767.504089,0.767929,1.464148,2.931263,-0.0875,-0.7000
1787917767.510336,0.768477,1.463943,2.932228,-0.0891,-0.7000
1787917767.516941,0.768824,1.463847,2.933466,-0.0787,-0.7000
1787917767.526201,0.769454,1.463943,2.934922,-0.0744,-0.7000
1787917767.530692,0.769981,1.464117,2.936527,-0.0842,-0.7000
1787917767.537315,0.770472,1.463768,2.937491,-0.0839,-0.7000
1787917767.544109,0.771106,1.463728,2.938789,-0.0865,-0.7000
1787917767.550738,0.771528,1.463268,2.939328,-0.0834,-0.7000
1787917767.557531,0.772127,1.463202,2.940245,-0.0849,-0.7000
1787917767.563678,0.772536,1.463066,2.941225,-0.0803,-0.7000
1787917767.570715,0.773008,1.462798,2.941916,-0.0782,-0.7000
1787917767.578058,0.773373,1.462939,2.943462,-0.0682,-0.7000
1787917767.583884,0.774003,1.463019,2.945019,-0.0788,-0.7000
1787917767.591180,0.774597,1.462828,2.945702,-0.0806,-0.7000
1787917767.597005,0.775088,1.462611,2.946321,-0.0834,-0.7000
1787917767.604205,0.775744,1.462278,2.947099,-0.0879,-0.7000
1787917767.611182,0.776147,1.461614,2.947464,-0.0840,-0.7000
1787917767.617137,0.776826,1.461593,2.948901,-0.0926,-0.7000
1787917767.624001,0.777424,1.461728,2.950393,-0.0893,-0.7000
1787917767.630889,0.777861,1.461375,2.951410,-0.0842,-0.7000
1787917767.637092,0.778345,1.461438,2.952728,-0.0813,-0.7000
1787917767.644143,0.778877,1.461486,2.954083,-0.0788,-0.7000
1787917767.651658,0.779394,1.461063,2.954656,-0.0786,-0.7000
1787917767.657441,0.779950,1.461097,2.956246,-0.0830,-0.7000
1787917767.663725,0.780440,1.460903,2.957574,-0.0828,-0.7000
1787917767.672829,0.780916,1.460642,2.958142,-0.0749,-0.7000
1787917767.677286,0.781517,1.460533,2.959650,-0.0936,-0.7000
1787917767.684411,0.782070,1.460163,2.960691,-0.0912,-0.7000
1787917767.690321,0.782619,1.460048,2.961643,-0.0923,-0.7000
1787917767.697517,0.783184,1.460140,2.963012,-0.0871,-0.7000
1787917767.704086,0.783840,1.460114,2.964153,-0.0907,-0.7000
1787917767.710510,0.784421,1.459636,2.965219,-0.0941,-0.7000
1787917767.719412,0.784989,1.459473,2.965928,-0.0857,-0.7000
1787917767.723670,0.785565,1.459441,2.967370,-0.1004,-0.7000
1787917767.731055,0.786213,1.459290,2.968478,-0.0972,-0.7000
1787917767.739845,0.786741,1.458709,2.969395,-0.0892,-0.7000
1787917767.743831,0.787283,1.458870,2.970850,-0.1006,-0.7000
1787917767.753342,0.787788,1.458946,2.972482,-0.0857,-0.7000
1787917767.757102,0.788100,1.458659,2.973319,-0.0884,-0.7000
1787917767.764067,0.788846,1.458935,2.975344,-0.0916,-0.7000
1787917767.770594,0.789446,1.458360,2.975661,-0.0957,-0.7000
1787917767.778117,0.790116,1.458530,2.977158,-0.0922,-0.7000
1787917767.784076,0.790563,1.458413,2.978570,-0.0877,-0.7000
1787917767.791155,0.791145,1.457497,2.978798,-0.0920,-0.7000
1787917767.797485,0.791757,1.457592,2.979810,-0.0923,-0.7000
1787917767.804322,0.792242,1.457472,2.980786,-0.0865,-0.7000
1787917767.810533,0.792744,1.456912,2.981112,-0.0888,-0.7000
1787917767.817770,0.793268,1.457128,2.982919,-0.0822,-0.7000
1787917767.823798,0.793891,1.457277,2.984193,-0.0870,-0.7000
1787917767.830939,0.794525,1.456962,2.985125,-0.0893,-0.7000
1787917767.838019,0.795035,1.456653,2.985987,-0.0859,-0.7000
1787917767.843913,0.795426,1.456708,2.987000,-0.0793,-0.7000
1787917767.850516,0.796040,1.456559,2.988114,-0.0841,-0.7000
1787917767.857439,0.796607,1.456475,2.988962,-0.0837,-0.7000
1787917767.864035,0.797066,1.456183,2.990100,-0.0812,-0.7000
1787917767.871346,0.797484,1.455890,2.990378,-0.0756,-0.7000
1787917767.877058,0.798016,1.455938,2.991916,-0.0802,-0.7000
1787917767.884963,0.798478,1.455939,2.993116,-0.0735,-0.7000
1787917767.890502,0.799261,1.455817,2.994094,-0.0943,-0.7000
1787917767.897111,0.799523,1.455455,2.995202,-0.0802,-0.7000
1787917767.903886,0.800058,1.455678,2.997211,-0.0782,-0.7000
1787917767.912100,0.800784,1.455367,2.997816,-0.0826,-0.7000
1787917767.918826,0.801235,1.455163,2.998691,-0.0790,-0.7000
1787917767.924348,0.802106,1.455443,3.000692,-0.1000,-0.7000
1787917767.930633,0.802557,1.455311,3.001493,-0.0922,-0.7000
1787917767.937666,0.802927,1.455234,3.002579,-0.0806,-0.7000
1787917767.945076,0.803367,1.455081,3.003339,-0.0749,-0.7000
1787917767.950945,0.804022,1.454804,3.004550,-0.0876,-0.7000
1787917767.959918,0.804366,1.454607,3.005044,-0.0736,-0.7000
1787917767.964745,0.804974,1.454662,3.005734,-0.0885,-0.7000
1787917767.971127,0.805618,1.454482,3.007303,-0.0931,-0.7000
1787917767.977299,0.806408,1.454583,3.009115,-0.1026,-0.7000
1787917767.984146,0.806945,1.454855,3.010174,-0.0936,-0.7000
1787917767.990892,0.807462,1.454329,3.010557,-0.0914,-0.7000
1787917767.997522,0.807913,1.454311,3.011900,-0.0843,-0.7000
1787917768.005036,0.808623,1.453971,3.012928,-0.0888,-0.7000
1787917768.011412,0.809189,1.453569,3.013509,-0.0910,-0.7000
1787917768.017596,0.809665,1.453951,3.015999,-0.0843,-0.7000
1787917768.026050,0.810144,1.453614,3.017019,-0.0774,-0.7000
1787917768.031123,0.810831,1.453747,3.018615,-0.0935,-0.7000
1787917768.037657,0.811356,1.453716,3.019423,-0.0896,-0.7000
1787917768.043967,0.812010,1.453459,3.020653,-0.0950,-0.7000
1787917768.050840,0.812477,1.453340,3.021853,-0.0874,-0.7000
1787917768.060448,0.813274,1.452968,3.022459,-0.0873,-0.7000
1787917768.063662,0.813711,1.452682,3.023001,-0.1047,-0.7000
1787917768.071103,0.814328,1.452122,3.023498,-0.1006,-0.7000
1787917768.077107,0.814776,1.452235,3.024778,-0.0921,-0.7000
1787917768.083843,0.815423,1.451880,3.025307,-0.0949,-0.7000
1787917768.090867,0.815903,1.451909,3.026629,-0.0866,-0.7000
1787917768.098541,0.816568,1.452237,3.028060,-0.0850,-0.7000
1787917768.103800,0.817149,1.452044,3.029370,-0.0937,-0.7000
1787917768.111090,0.817953,1.452033,3.030740,-0.0985,-0.7000
1787917768.117684,0.818472,1.451745,3.031661,-0.0938,-0.7000
1787917768.124110,0.818960,1.451808,3.033143,-0.0880,-0.7000
1787917768.131150,0.819718,1.451432,3.033994,-0.0955,-0.7000
1787917768.137484,0.820024,1.451137,3.035207,-0.0827,-0.7000
1787917768.144331,0.820533,1.451390,3.036881,-0.0789,-0.7000
1787917768.150705,0.821109,1.451202,3.038126,-0.0831,-0.7000
1787917768.157213,0.821665,1.451520,3.040256,-0.0822,-0.7000
1787917768.164376,0.822080,1.451239,3.040988,-0.0760,-0.7000
1787917768.170409,0.822723,1.451151,3.042319,-0.0854,-0.7000
1787917768.177430,0.823293,1.450940,3.043207,-0.0849,-0.7000
1787917768.183805,0.823858,1.450637,3.044051,-0.0873,-0.7000
1787917768.193424,0.824420,1.450570,3.045436,-0.0788,-0.7000
1787917768.197031,0.825128,1.450308,3.046013,-0.1158,-0.7000
1787917768.204086,0.825475,1.450287,3.047260,-0.0958,-0.7000
1787917768.210366,0.826087,1.449925,3.048088,-0.0979,-0.7000
1787917768.218688,0.826718,1.450028,3.049631,-0.0908,-0.7000
1787917768.224669,0.827257,1.450004,3.050236,-0.0906,-0.7000
1787917768.230702,0.827861,1.449866,3.051381,-0.0939,-0.7000
1787917768.240669,0.828361,1.449590,3.052296,-0.0815,-0.7000
1787917768.243758,0.828996,1.449774,3.053517,-0.1169,-0.7000
1787917768.250645,0.829470,1.449633,3.054609,-0.1029,-0.7000
1787917768.257775,0.830101,1.449334,3.055522,-0.0996,-0.7000
1787917768.266256,0.830332,1.449510,3.057011,-0.0773,-0.7000
1787917768.272019,0.831070,1.448968,3.056850,-0.0948,-0.7000
1787917768.277655,0.831643,1.449236,3.058517,-0.0956,-0.7000
1787917768.284171,0.832362,1.449339,3.060147,-0.0995,-0.7000
1787917768.291118,0.832889,1.448715,3.060694,-0.0945,-0.7000
1787917768.300551,0.833438,1.448808,3.062132,-0.0833,-0.7000
1787917768.304037,0.833846,1.449025,3.063392,-0.0919,-0.7000
1787917768.311535,0.834422,1.448828,3.064224,-0.0879,-0.7000
1787917768.317076,0.835121,1.448837,3.065372,-0.0992,-0.7000
1787917768.324423,0.835470,1.448803,3.066404,-0.0838,-0.7000
1787917768.333164,0.836155,1.448457,3.067210,-0.0830,-0.7000
1787917768.337576,0.836617,1.448288,3.068045,-0.0903,-0.7000
1787917768.344009,0.836940,1.448329,3.069346,-0.0781,-0.7000
1787917768.350836,0.837659,1.448411,3.070274,-0.0859,-0.7000
1787917768.356885,0.838026,1.448271,3.071481,-0.0788,-0.7000
1787917768.367619,0.838594,1.448455,3.072560,-0.0706,-0.7000
1787917768.371475,0.839274,1.448314,3.073701,-0.1030,-0.7000
1787917768.377221,0.839875,1.448292,3.074622,-0.1035,-0.7000
1787917768.383568,0.840326,1.448281,3.075926,-0.0937,-0.7000
1787917768.391051,0.841028,1.448255,3.077219,-0.0938,-0.7000
1787917768.397472,0.841308,1.447849,3.077755,-0.0799,-0.7000
1787917768.403950,0.841857,1.447861,3.079219,-0.0813,-0.7000
1787917768.410755,0.842374,1.447746,3.080029,-0.0799,-0.7000
1787917768.417043,0.842770,1.447631,3.080636,-0.0752,-0.7000
1787917768.423674,0.843398,1.447704,3.082082,-0.0807,-0.7000
1787917768.431936,0.843836,1.447543,3.082962,-0.0728,-0.7000
1787917768.437065,0.844366,1.447602,3.084267,-0.0817,-0.7000
1787917768.444222,0.844844,1.447658,3.085417,-0.0770,-0.7000
1787917768.450290,0.845610,1.447419,3.086049,-0.0924,-0.7000
1787917768.457218,0.846035,1.447186,3.086806,-0.0836,-0.7000
1787917768.464940,0.846532,1.447435,3.087817,-0.0773,-0.7000
1787917768.471053,0.847132,1.447139,3.088495,-0.0843,-0.7000
1787917768.477174,0.847626,1.447171,3.089664,-0.0831,-0.7000
1787917768.483806,0.848261,1.447164,3.090647,-0.0869,-0.7000
1787917768.490447,0.848893,1.447137,3.091233,-0.0894,-0.7000
1787917768.499702,0.849515,1.447274,3.092728,-0.0825,-0.7000
1787917768.503849,0.850176,1.447053,3.093570,-0.1063,-0.7000
1787917768.510667,0.850679,1.447112,3.094824,-0.0964,-0.7000
1787917768.517454,0.851274,1.447183,3.095234,-0.0936,-0.7000
1787917768.525391,0.851678,1.447203,3.096739,-0.0807,-0.7000
1787917768.530945,0.852072,1.447169,3.098069,-0.0778,-0.7000
1787917768.537972,0.852628,1.447261,3.099135,-0.0781,-0.7000
1787917768.543591,0.853060,1.446966,3.099937,-0.0783,-0.7000
1787917768.550564,0.853622,1.446489,3.100244,-0.0799,-0.7000
1787917768.557892,0.854191,1.446793,3.101647,-0.0787,-0.7000
1787917768.563806,0.854724,1.446720,3.102763,-0.0822,-0.7000
1787917768.572438,0.855280,1.446347,3.103388,-0.0774,-0.7000
1787917768.577399,0.855743,1.446930,3.105233,-0.0809,-0.7000
1787917768.583663,0.856271,1.446781,3.106163,-0.0821,-0.7000
1787917768.590790,0.856657,1.446892,3.107286,-0.0736,-0.7000
1787917768.597202,0.857139,1.446659,3.108249,-0.0744,-0.7000
1787917768.604138,0.857552,1.446294,3.108910,-0.0704,-0.7000
1787917768.610399,0.858302,1.446333,3.110080,-0.0852,-0.7000
1787917768.618008,0.858700,1.446234,3.111082,-0.0754,-0.7000
1787917768.623811,0.859264,1.446232,3.112159,-0.0820,-0.7000
1787917768.630861,0.859742,1.446586,3.113900,-0.0773,-0.7000
1787917768.637275,0.860342,1.446519,3.115265,-0.0822,-0.7000
1787917768.643971,0.860865,1.446390,3.116327,-0.0811,-0.7000
1787917768.650617,0.861491,1.446180,3.117126,-0.0853,-0.7000
1787917768.657905,0.862136,1.446369,3.118184,-0.0860,-0.7000
1787917768.663773,0.862693,1.446093,3.119062,-0.0890,-0.7000
1787917768.670693,0.863249,1.445759,3.120105,-0.0867,-0.7000
1787917768.678597,0.863848,1.445674,3.121249,-0.0835,-0.7000
1787917768.684499,0.864359,1.445973,3.122404,-0.0842,-0.7000
1787917768.690447,0.864787,1.445848,3.122989,-0.0806,-0.7000
1787917768.697527,0.865632,1.445744,3.123910,-0.0923,-0.7000
1787917768.704423,0.866168,1.445661,3.125028,-0.0880,-0.7000
1787917768.710696,0.866821,1.445590,3.126369,-0.0929,-0.7000
1787917768.717328,0.867253,1.445581,3.127770,-0.0846,-0.7000
1787917768.724049,0.867958,1.445655,3.128772,-0.0906,-0.7000
1787917768.730575,0.868427,1.445380,3.129883,-0.0851,-0.7000
1787917768.737548,0.869106,1.445131,3.131103,-0.0889,-0.7000
1787917768.743499,0.869590,1.445092,3.131936,-0.0867,-0.7000
1787917768.751016,0.870095,1.445140,3.133439,-0.0808,-0.7000
1787917768.757285,0.870675,1.445229,3.135028,-0.0843,-0.7000
1787917768.763919,0.871198,1.445094,3.136418,-0.0827,-0.7000
1787917768.770790,0.871841,1.444797,3.137012,-0.0860,-0.7000
1787917768.777249,0.872207,1.444786,3.138420,-0.0772,-0.7000
1787917768.783968,0.872707,1.444838,3.139753,-0.0764,-0.7000
1787917768.790850,0.873536,1.444501,3.141178,-0.0896,-0.7000
1787917768.798701,0.874089,1.444664,-3.140733,-0.0839,-0.7000
1787917768.808573,0.874695,1.444521,-3.139218,-0.0771,-0.7000
1787917768.811061,0.875158,1.444636,-3.137990,-0.1098,-0.7000
1787917768.817137,0.875859,1.444432,-3.137299,-0.1114,-0.7000
1787917768.825067,0.876411,1.444142,-3.136205,-0.0988,-0.7000
1787917768.832726,0.876951,1.444197,-3.135513,-0.0903,-0.7000
1787917768.837754,0.877352,1.444416,-3.134285,-0.0873,-0.7000
1787917768.846128,0.877835,1.444338,-3.133544,-0.0784,-0.7000
1787917768.850600,0.878352,1.444200,-3.132753,-0.0895,-0.7000
1787917768.858238,0.878807,1.444303,-3.131510,-0.0805,-0.7000
1787917768.864571,0.879399,1.443965,-3.131257,-0.0843,-0.7000
1787917768.870656,0.880045,1.443889,-3.130289,-0.0908,-0.7000
1787917768.880064,0.880493,1.444089,-3.128953,-0.0779,-0.7000
1787917768.883819,0.880892,1.443952,-3.127606,-0.0862,-0.7000
1787917768.890994,0.881339,1.444210,-3.126158,-0.0792,-0.7000
1787917768.898369,0.881919,1.444127,-3.124830,-0.0790,-0.7000
1787917768.904067,0.882395,1.444182,-3.123536,-0.0804,-0.7000
1787917768.911783,0.882900,1.444197,-3.122589,-0.0759,-0.7000
1787917768.917362,0.883266,1.444211,-3.121584,-0.0728,-0.7000
1787917768.924043,0.883832,1.444033,-3.120428,-0.0762,-0.7000
1787917768.930503,0.884461,1.443981,-3.119202,-0.0825,-0.7000
1787917768.936949,0.884934,1.443972,-3.118211,-0.0797,-0.7000
1787917768.943809,0.885351,1.444193,-3.116989,-0.0743,-0.7000
1787917768.951092,0.886054,1.444038,-3.116391,-0.0808,-0.7000
1787917768.957078,0.886436,1.443964,-3.115466,-0.0756,-0.7000
1787917768.964120,0.886939,1.444118,-3.114184,-0.0745,-0.7000
1787917768.970503,0.887376,1.443512,-3.113911,-0.0719,-0.7000
1787917768.977009,0.888102,1.443825,-3.112321,-0.0842,-0.7000
1787917768.983843,0.888578,1.444016,-3.111001,-0.0801,-0.7000
1787917768.990894,0.889273,1.443938,-3.110205,-0.0855,-0.7000
1787917768.996787,0.889634,1.443987,-3.109299,-0.0783,-0.7000
1787917769.003950,0.890123,1.444069,-3.108403,-0.0754,-0.7000
1787917769.011482,0.890633,1.443849,-3.107885,-0.0728,-0.7000
1787917769.018034,0.891213,1.443767,-3.106899,-0.0774,-0.7000
1787917769.023937,0.891774,1.443886,-3.105744,-0.0829,-0.7000
1787917769.030208,0.892120,1.443756,-3.104877,-0.0743,-0.7000
1787917769.038262,0.892609,1.443788,-3.103793,-0.0703,-0.7000
1787917769.043871,0.893126,1.444202,-3.101948,-0.0777,-0.7000
1787917769.051749,0.893618,1.443941,-3.101391,-0.0727,-0.7000
1787917769.058643,0.894151,1.444091,-3.100345,-0.0743,-0.7000
1787917769.063829,0.894613,1.443899,-3.099766,-0.0783,-0.7000
1787917769.072114,0.895126,1.443546,-3.099151,-0.0728,-0.7000
1787917769.078040,0.895740,1.443667,-3.098129,-0.0823,-0.7000
1787917769.086448,0.896295,1.443680,-3.097250,-0.0774,-0.7000
1787917769.091104,0.896776,1.443848,-3.095858,-0.0856,-0.7000
1787917769.098948,0.897365,1.443225,-3.095952,-0.0813,-0.7000
1787917769.104838,0.897741,1.443841,-3.094079,-0.0776,-0.7000
1787917769.110807,0.898579,1.443377,-3.093422,-0.0952,-0.7000
1787917769.117363,0.898902,1.443412,-3.092247,-0.0815,-0.7000
1787917769.123904,0.899321,1.443238,-3.091708,-0.0759,-0.7000
1787917769.130714,0.899930,1.443328,-3.090422,-0.0801,-0.7000
1787917769.137096,0.900288,1.443439,-3.089308,-0.0732,-0.7000
1787917769.144415,0.900909,1.443611,-3.087607,-0.0770,-0.7000
1787917769.152045,0.901446,1.443602,-3.086345,-0.0750,-0.7000
1787917769.157038,0.901983,1.443827,-3.085397,-0.0854,-0.7000
1787917769.164033,0.902490,1.443879,-3.084683,-0.0816,-0.7000
1787917769.170488,0.903295,1.443712,-3.083716,-0.0941,-0.7000
1787917769.177310,0.903754,1.444026,-3.082066,-0.0868,-0.7000
1787917769.187158,0.904206,1.443820,-3.081175,-0.0741,-0.7000
1787917769.191406,0.904715,1.443863,-3.080468,-0.0879,-0.7000
1787917769.197085,0.905271,1.444019,-3.079258,-0.0914,-0.7000
1787917769.204455,0.906042,1.444302,-3.077656,-0.0960,-0.7000
1787917769.210939,0.906716,1.443623,-3.076922,-0.0963,-0.7000
1787917769.217730,0.907192,1.443848,-3.075428,-0.0891,-0.7000
1787917769.223967,0.907657,1.443881,-3.074797,-0.0848,-0.7000
1787917769.230633,0.908484,1.443844,-3.073703,-0.0964,-0.6354
1787917769.237966,0.909076,1.443611,-3.072507,-0.0910,-0.6354
1787917769.244211,0.909550,1.443858,-3.070999,-0.0872,-0.6354
1787917769.250303,0.910276,1.443776,-3.069709,-0.0964,-0.6354
1787917769.257817,0.910790,1.443680,-3.068629,-0.0877,-0.6354
1787917769.263646,0.911320,1.443471,-3.067944,-0.0878,-0.6354
1787917769.270943,0.911933,1.443487,-3.066571,-0.0866,-0.6354
1787917769.277244,0.912557,1.443649,-3.065194,-0.0909,-0.6354
1787917769.283989,0.913215,1.443618,-3.064365,-0.0927,-0.6354
1787917769.290710,0.913666,1.443850,-3.063270,-0.0858,-0.6354
1787917769.297276,0.914242,1.443368,-3.063439,-0.0845,-0.6354
1787917769.304637,0.914843,1.443510,-3.062024,-0.0840,-0.6354
1787917769.311249,0.915338,1.443807,-3.060827,-0.0823,-0.6354
1787917769.319199,0.915963,1.443577,-3.059847,-0.0804,-0.6354
1787917769.324303,0.916260,1.443557,-3.058831,-0.0736,-0.6354
1787917769.331016,0.916701,1.443500,-3.057703,-0.0710,-0.6250
1787917769.337153,0.917288,1.443699,-3.055711,-0.0791,-0.6250
1787917769.344887,0.917767,1.443878,-3.054476,-0.0745,-0.6250
1787917769.351249,0.918519,1.444039,-3.052306,-0.0881,-0.6250
1787917769.357341,0.919056,1.444033,-3.051347,-0.0880,-0.6250
1787917769.364707,0.919691,1.443743,-3.049751,-0.0863,-0.6250
1787917769.370246,0.920245,1.443536,-3.049193,-0.0892,-0.6250
1787917769.377186,0.920914,1.443726,-3.047532,-0.0920,-0.6250
1787917769.384082,0.921403,1.444282,-3.045778,-0.0879,-0.6250
1787917769.392765,0.921906,1.443959,-3.044779,-0.0777,-0.6250
1787917769.399162,0.922679,1.443784,-3.043429,-0.0897,-0.6250
1787917769.404623,0.923369,1.443834,-3.042622,-0.1008,-0.6250
1787917769.410328,0.924066,1.443590,-3.042025,-0.1057,-0.6250
1787917769.417361,0.924586,1.443495,-3.041021,-0.0957,-0.6250
1787917769.427302,0.925168,1.443534,-3.039704,-0.0846,-0.6250
1787917769.430803,0.925745,1.443579,-3.038493,-0.1088,-0.6069
1787917769.437129,0.926249,1.443429,-3.037368,-0.0992,-0.6069
1787917769.444416,0.926743,1.443714,-3.035775,-0.0909,-0.6069
1787917769.450562,0.927476,1.443617,-3.034563,-0.0987,-0.6069
1787917769.459200,0.928018,1.443235,-3.033357,-0.0864,-0.6069
1787917769.463932,0.928358,1.443620,-3.031916,-0.0845,-0.6069
1787917769.470961,0.928968,1.443379,-3.031052,-0.0839,-0.6069
1787917769.476916,0.929551,1.443419,-3.030034,-0.0882,-0.6069
1787917769.483617,0.929992,1.443452,-3.028961,-0.0815,-0.6069
1787917769.494346,0.930647,1.443006,-3.028785,-0.0738,-0.6069
1787917769.497521,0.931290,1.442876,-3.027476,-0.1107,-0.6069
1787917769.505102,0.931784,1.443097,-3.026491,-0.0979,-0.6069
1787917769.510762,0.932218,1.443151,-3.025047,-0.0917,-0.6069
1787917769.516828,0.932866,1.443376,-3.023835,-0.0973,-0.6069
1787917769.525139,0.933233,1.443455,-3.022545,-0.0816,-0.6069
1787917769.530624,0.933665,1.443606,-3.021090,-0.0816,-0.5929
1787917769.539640,0.934057,1.443533,-3.020328,-0.0697,-0.5929
1787917769.544118,0.934677,1.443599,-3.019038,-0.0906,-0.5929
1787917769.550644,0.935176,1.443476,-3.017656,-0.0855,-0.5929
1787917769.557392,0.935772,1.443597,-3.016430,-0.0868,-0.5929
1787917769.564562,0.936174,1.443777,-3.015441,-0.0784,-0.5929
1787917769.570575,0.936445,1.443624,-3.014832,-0.0673,-0.5929
1787917769.576871,0.936945,1.444231,-3.013092,-0.0745,-0.5929
1787917769.584857,0.937501,1.444066,-3.012755,-0.0720,-0.5929
1787917769.591014,0.937935,1.443704,-3.012325,-0.0691,-0.5929
1787917769.599114,0.938280,1.443852,-3.011202,-0.0618,-0.5929
1787917769.604711,0.938958,1.443543,-3.011028,-0.0771,-0.5929
1787917769.610722,0.939457,1.443779,-3.009911,-0.0802,-0.5929
1787917769.617700,0.939989,1.443790,-3.009677,-0.0789,-0.5929
1787917769.625547,0.940502,1.444050,-3.008379,-0.0760,-0.5929
1787917769.631152,0.940957,1.443861,-3.007897,-0.0760,-0.5775
1787917769.637122,0.941341,1.443829,-3.007197,-0.0721,-0.5775
1787917769.643796,0.941718,1.443831,-3.006587,-0.0673,-0.5775
1787917769.652110,0.942240,1.444013,-3.005463,-0.0666,-0.5775
1787917769.656917,0.942690,1.443982,-3.004470,-0.0742,-0.5775
1787917769.663999,0.943219,1.444106,-3.003595,-0.0749,-0.5775
1787917769.670749,0.943611,1.444057,-3.003068,-0.0693,-0.5775
1787917769.677166,0.943999,1.443997,-3.002238,-0.0661,-0.5775
1787917769.683731,0.944480,1.444194,-3.001055,-0.0693,-0.5775
1787917769.690464,0.944932,1.443999,-3.000895,-0.0672,-0.5775
1787917769.699386,0.945495,1.443973,-3.000444,-0.0657,-0.5775
1787917769.704627,0.945986,1.444152,-2.999395,-0.0752,-0.5775
1787917769.710903,0.946575,1.444164,-2.998803,-0.0806,-0.5775
1787917769.716993,0.947051,1.444261,-2.998086,-0.0803,-0.5775
1787917769.724314,0.947536,1.444534,-2.997316,-0.0775,-0.5775
1787917769.731020,0.947964,1.444309,-2.996501,-0.0718,-0.5714
1787917769.737925,0.948564,1.444107,-2.996024,-0.0747,-0.5714
1787917769.743983,0.948932,1.444449,-2.994811,-0.0728,-0.5714
1787917769.750675,0.949405,1.444516,-2.993769,-0.0724,-0.5714
1787917769.757153,0.949875,1.444414,-2.993125,-0.0715,-0.5714
1787917769.763703,0.950054,1.444790,-2.991743,-0.0607,-0.5714
1787917769.771347,0.950629,1.444644,-2.991444,-0.0640,-0.5714
1787917769.777214,0.951056,1.444644,-2.990305,-0.0664,-0.5714
1787917769.783721,0.951569,1.444883,-2.989309,-0.0715,-0.5714
1787917769.790910,0.951816,1.445001,-2.988454,-0.0610,-0.5714
1787917769.797066,0.952341,1.445163,-2.987597,-0.0692,-0.5714
1787917769.805372,0.952740,1.445503,-2.986647,-0.0646,-0.5714
1787917769.810525,0.953301,1.445220,-2.985853,-0.0749,-0.5714
1787917769.817289,0.953835,1.445289,-2.985343,-0.0763,-0.5714
1787917769.824942,0.954298,1.444910,-2.985174,-0.0690,-0.5714
1787917769.831084,0.954785,1.444804,-2.984801,-0.0710,0.0000
1787917769.837491,0.955107,1.444854,-2.983948,-0.0650,0.0000
1787917769.844167,0.955533,1.444866,-2.983755,-0.0645,0.0000
1787917769.850462,0.955808,1.445060,-2.982827,-0.0595,0.0000
1787917769.858874,0.955933,1.445157,-2.981931,-0.0466,0.0000
1787917769.863509,0.956216,1.445391,-2.980989,-0.0531,0.0000
1787917769.870793,0.956466,1.445411,-2.980600,-0.0475,0.0000
1787917769.877392,0.956397,1.445673,-2.979507,-0.0321,0.0000
1787917769.884202,0.956615,1.445661,-2.979484,-0.0319,0.0000
1787917769.890629,0.956598,1.445675,-2.979450,-0.0216,0.0000
1787917769.897098,0.956612,1.445382,-2.979540,-0.0135,0.0000
1787917769.904290,0.956547,1.445357,-2.979253,-0.0067,0.0000
1787917769.910747,0.956537,1.445392,-2.978917,-0.0045,0.0000
1787917769.916996,0.956396,1.445251,-2.979862,0.0047,0.0000
1787917769.924101,0.956273,1.444981,-2.980650,0.0102,0.0000
1787917769.933269,0.956312,1.444842,-2.981689,0.0066,0.0000
1787917769.937975,0.956233,1.444480,-2.982895,0.0133,0.0000
1787917769.944238,0.955943,1.444451,-2.983727,0.0232,0.0000
1787917769.950685,0.955980,1.444200,-2.984645,0.0164,0.0000
1787917769.956962,0.955823,1.444099,-2.985171,0.0196,0.0000
1787917769.963977,0.955711,1.444326,-2.985140,0.0170,0.0000
1787917769.971231,0.955495,1.444301,-2.985150,0.0208,0.0000
1787917769.977740,0.955510,1.444314,-2.985358,0.0138,0.0000
1787917769.984206,0.955125,1.444893,-2.984086,0.0231,0.0000
1787917769.990443,0.955103,1.444866,-2.984096,0.0174,0.0000
1787917769.997531,0.954926,1.445169,-2.983062,0.0176,0.0000
1787917770.006899,0.954894,1.445276,-2.982572,0.0128,0.0000
1787917770.010233,0.954737,1.445853,-2.981361,0.0146,0.0000
1787917770.017977,0.954812,1.445624,-2.981412,0.0088,0.0000
1787917770.023732,0.954728,1.446110,-2.980224,0.0064,0.0000
1787917770.031198,0.954799,1.446273,-2.979581,0.0006,0.0000
1787917770.037969,0.954868,1.446336,-2.979319,-0.0030,0.0000
1787917770.045862,0.955024,1.446506,-2.978811,-0.0090,0.0000
1787917770.050768,0.955079,1.446614,-2.978564,-0.0107,0.0000
1787917770.058078,0.955232,1.446580,-2.978261,-0.0135,0.0000
1787917770.064255,0.955358,1.446600,-2.978514,-0.0156,0.0000
1787917770.070954,0.955513,1.446422,-2.978886,-0.0165,0.0000
1787917770.077294,0.955642,1.446374,-2.979216,-0.0172,0.0000
1787917770.084289,0.955788,1.446294,-2.979391,-0.0177,0.0000
1787917770.090329,0.955875,1.445920,-2.980096,-0.0137,0.0000
1787917770.097475,0.955950,1.446125,-2.979538,-0.0141,0.0000
1787917770.104102,0.956096,1.446160,-2.979362,-0.0166,0.0000
1787917770.110919,0.956117,1.445845,-2.979657,-0.0103,0.0000
1787917770.117558,0.956096,1.445969,-2.979398,-0.0072,0.0000
1787917770.124738,0.956192,1.445938,-2.979090,-0.0088,0.0000
1787917770.130411,0.956139,1.446098,-2.978492,-0.0047,0.0000
1787917770.138852,0.956107,1.445907,-2.978744,-0.0011,0.0000
1787917770.144592,0.956124,1.446008,-2.978266,-0.0025,0.0000
1787917770.150779,0.955989,1.445975,-2.978013,0.0050,0.0000
1787917770.157145,0.956061,1.445956,-2.978124,0.0003,0.0000
1787917770.164220,0.955979,1.446014,-2.977786,0.0032,0.0000
1787917770.170750,0.955953,1.446010,-2.978142,0.0035,0.0000
1787917770.177424,0.955842,1.445978,-2.978283,0.0076,0.0000
1787917770.184559,0.955784,1.446162,-2.978102,0.0064,0.0000
1787917770.191104,0.955786,1.446014,-2.978501,0.0055,0.0000
1787917770.197061,0.955801,1.445913,-2.978997,0.0039,0.0000
1787917770.203893,0.955736,1.446120,-2.978799,0.0041,0.0000
1787917770.210847,0.955694,1.446198,-2.978631,0.0041,0.0000
1787917770.217232,0.955687,1.446000,-2.978893,0.0047,0.0000
1787917770.224060,0.955704,1.446282,-2.978440,0.0005,0.0000
1787917770.231164,0.955650,1.446391,-2.978031,0.0019,0.0000
1787917770.242086,0.955780,1.446217,-2.978343,-0.0014,0.0000
1787917770.244120,0.955556,1.446417,-2.978040,0.0267,0.0000
1787917770.250576,0.955760,1.446400,-2.977699,0.0095,0.0000
1787917770.257757,0.955648,1.446444,-2.977721,0.0110,0.0000
1787917770.267134,0.955686,1.446306,-2.977996,0.0072,0.0000
1787917770.271472,0.955725,1.446337,-2.978221,0.0020,0.0000
1787917770.278428,0.955821,1.446191,-2.978237,-0.0017,0.0000
1787917770.283862,0.955777,1.446301,-2.978045,0.0002,0.0000
1787917770.290692,0.955842,1.446086,-2.978452,-0.0011,0.0000
1787917770.298497,0.955864,1.446022,-2.978593,-0.0012,0.0000
1787917770.303864,0.955882,1.446207,-2.978318,-0.0035,0.0000
1787917770.315084,0.955947,1.445958,-2.978448,-0.0031,0.0000
1787917770.317590,0.955960,1.446044,-2.978474,-0.0054,0.0000
1787917770.323836,0.955913,1.446122,-2.978147,-0.0022,0.0000
1787917770.331059,0.955972,1.446064,-2.978285,-0.0036,0.0000
1787917770.337554,0.955964,1.445969,-2.978404,-0.0014,0.0000
1787917770.343893,0.955969,1.446120,-2.978073,-0.0024,0.0000
1787917770.352504,0.955826,1.446084,-2.978150,0.0035,0.0000
1787917770.357022,0.955835,1.446111,-2.978031,0.0015,0.0000
1787917770.364031,0.955734,1.446155,-2.977974,0.0050,0.0000
1787917770.371443,0.955811,1.446050,-2.978290,0.0011,0.0000
1787917770.380872,0.955886,1.446081,-2.978434,-0.0017,0.0000
1787917770.385878,0.955801,1.446236,-2.978202,0.0023,0.0000
1787917770.392636,0.955854,1.445993,-2.978556,0.0011,0.0000
1787917770.397557,0.955728,1.446258,-2.978252,0.0057,0.0000
1787917770.403872,0.955752,1.446071,-2.978145,0.0043,0.0000
1787917770.415998,0.955833,1.446287,-2.977894,0.0002,0.0000
1787917770.417903,0.955740,1.446220,-2.978129,0.0162,0.0000
1787917770.424074,0.955807,1.446185,-2.978196,0.0084,0.0000
1787917770.431241,0.955886,1.446200,-2.977924,0.0025,0.0000
1787917770.437801,0.955777,1.446143,-2.978271,0.0071,0.0000
1787917770.446183,0.955795,1.446174,-2.978164,0.0042,0.0000
1787917770.450530,0.955779,1.446227,-2.978015,0.0034,0.0000
1787917770.457491,0.955908,1.446153,-2.978151,-0.0026,0.0000
1787917770.463877,0.955876,1.446230,-2.978166,-0.0009,0.0000
1787917770.471764,0.955836,1.446267,-2.978010,0.0006,0.0000
1787917770.477720,0.955844,1.446215,-2.978042,0.0005,0.0000
1787917770.483942,0.955822,1.446259,-2.978065,0.0010,0.0000
1787917770.492987,0.955766,1.446266,-2.977847,0.0025,0.0000
1787917770.497418,0.955896,1.446018,-2.978211,-0.0042,0.0000
1787917770.503792,0.955824,1.446228,-2.977948,-0.0012,0.0000
1787917770.511009,0.955907,1.446243,-2.977915,-0.0043,0.0000
1787917770.517988,0.955843,1.446161,-2.978272,0.0003,0.0000
1787917770.524276,0.955792,1.446313,-2.977841,0.0014,0.0000
1787917770.530824,0.955857,1.446092,-2.978244,-0.0003,0.0000
1787917770.537358,0.955878,1.446154,-2.978145,-0.0016,0.0000
1787917770.543902,0.955794,1.446202,-2.978022,0.0023,0.0000
1787917770.550586,0.955763,1.446033,-2.978238,0.0042,0.0000
1787917770.557060,0.955806,1.446196,-2.977988,-0.0003,0.0000
1787917770.563972,0.955773,1.446074,-2.978218,0.0021,0.0000
1787917770.570624,0.955818,1.446182,-2.978038,-0.0013,0.0000
1787917770.576834,0.955868,1.446048,-2.978367,-0.0022,0.0000
1787917770.585915,0.955819,1.446256,-2.978072,-0.0011,0.0000
1787917770.591420,0.955915,1.446253,-2.978074,-0.0059,0.0000
1787917770.597325,0.955839,1.445951,-2.978170,0.0021,0.0000
1787917770.604234,0.955842,1.446181,-2.977892,-0.0003,0.0000
1787917770.610444,0.955872,1.446271,-2.978114,-0.0023,0.0000
1787917770.620661,0.955826,1.446000,-2.978148,0.0010,0.0000
1787917770.623951,0.955870,1.446056,-2.978399,-0.0041,0.0000
1787917770.631624,0.955924,1.446148,-2.978004,-0.0055,0.0000
1787917770.636848,0.955942,1.446019,-2.978387,-0.0037,0.0000
1787917770.644026,0.955924,1.446225,-2.978033,-0.0032,0.0000
1787917770.651529,0.955984,1.446122,-2.978068,-0.0039,0.0000
1787917770.657272,0.955922,1.446202,-2.977999,-0.0003,0.0000
1787917770.664049,0.955895,1.446113,-2.978105,0.0016,0.0000
1787917770.670776,0.955808,1.446183,-2.977980,0.0045,0.0000
1787917770.677318,0.955877,1.445994,-2.978323,0.0014,0.0000
1787917770.683812,0.955896,1.446241,-2.978065,-0.0018,0.0000
1787917770.690913,0.955807,1.446129,-2.977968,0.0033,0.0000
1787917770.697029,0.955888,1.446082,-2.978309,-0.0013,0.0000
1787917770.703628,0.955884,1.446272,-2.977918,-0.0021,0.0000
1787917770.710980,0.955884,1.446237,-2.978049,-0.0012,0.0000
1787917770.716887,0.955820,1.446076,-2.978256,0.0037,0.0000
1787917770.725057,0.955885,1.446258,-2.977850,-0.0009,0.0000
1787917770.730431,0.955839,1.446240,-2.977851,0.0021,0.0000
1787917770.737352,0.955891,1.446042,-2.978297,0.0006,0.0000
1787917770.744541,0.955814,1.446173,-2.977972,0.0027,0.0000
1787917770.752159,0.955864,1.446086,-2.978002,0.0005,0.0000
1787917770.760067,0.956008,1.446026,-2.978163,-0.0047,0.0000
1787917770.766200,0.955909,1.446169,-2.978198,0.0004,0.0000
1787917770.771136,0.955836,1.446201,-2.978081,0.0043,0.0000
1787917770.778831,0.955915,1.445940,-2.978384,0.0016,0.0000
1787917770.783569,0.955909,1.446236,-2.977869,-0.0015,0.0000
1787917770.791224,0.955790,1.446198,-2.978103,0.0038,0.0000
1787917770.797971,0.955984,1.445995,-2.977881,-0.0044,0.0000
1787917770.805182,0.955824,1.446314,-2.977682,0.0013,0.0000
1787917770.810471,0.955814,1.446162,-2.977926,0.0029,0.0000
1787917770.818207,0.955884,1.446071,-2.978167,-0.0001,0.0000
1787917770.825561,0.955776,1.446150,-2.977984,0.0037,0.0000
1787917770.830628,0.955898,1.446213,-2.977834,-0.0051,0.0000
1787917770.837597,0.955862,1.446034,-2.978285,-0.0008,0.0000
1787917770.843874,0.955872,1.446104,-2.977991,-0.0015,0.0000
1787917770.850698,0.955776,1.446224,-2.977939,0.0022,0.0000
1787917770.857188,0.955846,1.446026,-2.977902,-0.0001,0.0000
1787917770.864176,0.955799,1.446194,-2.977916,0.0007,0.0000
1787917770.871181,0.955805,1.446098,-2.978129,0.0009,0.0000
1787917770.876984,0.955857,1.446045,-2.978153,-0.0016,0.0000
1787917770.884192,0.955951,1.446136,-2.977902,-0.0056,0.0000
1787917770.892818,0.955872,1.446039,-2.978129,-0.0006,0.0000
1787917770.896920,0.955848,1.446074,-2.978055,0.0008,0.0000
1787917770.903976,0.955923,1.446188,-2.977872,-0.0034,0.0000
1787917770.910790,0.955832,1.446071,-2.977938,0.0024,0.0000
1787917770.917253,0.955881,1.446041,-2.977987,-0.0003,0.0000
1787917770.923928,0.955900,1.446105,-2.978028,-0.0015,0.0000
1787917770.930930,0.955878,1.446152,-2.977914,-0.0005,0.0000
