timestamp,x,y,yaw,velocity,steering
1787921570.712232,1.075927,-2.675059,1.662726,0.0000,0.0000
1787921570.721511,1.075940,-2.675074,1.662588,-0.0005,0.0000
1787921570.723500,1.075864,-2.674963,1.662471,0.0174,0.0000
1787921570.728944,1.075926,-2.675081,1.662837,0.0054,0.0000
1787921570.735058,1.075999,-2.675104,1.662843,0.0023,0.0000
1787921570.741080,1.075885,-2.675089,1.662801,0.0029,0.0000
1787921570.748099,1.075738,-2.675047,1.662811,0.0044,0.0000
1787921570.755002,1.075595,-2.674963,1.662459,0.0073,0.0000
1787921570.761780,1.075782,-2.674846,1.662834,0.0095,0.0000
1787921570.770720,1.075482,-2.674908,1.662378,0.0055,0.0000
1787921570.774846,1.075405,-2.674833,1.662074,0.0098,0.0000
1787921570.781063,1.075585,-2.674922,1.662456,0.0018,0.0000
1787921570.792048,1.075668,-2.675000,1.662520,-0.0011,0.0000
1787921570.795738,1.075802,-2.675002,1.662629,-0.0019,0.0000
1787921570.801515,1.075914,-2.675080,1.662967,-0.0059,0.0000
1787921570.808119,1.075732,-2.675022,1.662900,-0.0008,0.0000
1787921570.814587,1.075848,-2.675071,1.662738,-0.0033,0.0000
1787921570.821081,1.075725,-2.675051,1.662618,-0.0008,0.0000
1787921570.828089,1.075785,-2.674985,1.662302,0.0020,0.0000
1787921570.834378,1.075684,-2.675033,1.662478,-0.0005,0.0000
1787921570.841787,1.075805,-2.675010,1.662617,0.0002,0.0000
1787921570.848626,1.075636,-2.675050,1.662191,-0.0010,0.0000
1787921570.854853,1.075779,-2.675032,1.662814,-0.0005,0.0000
1787921570.861275,1.075750,-2.675012,1.662661,0.0007,0.0000
1787921570.867728,1.075849,-2.675064,1.662974,-0.0023,0.0000
1787921570.875325,1.075477,-2.674926,1.662169,0.0052,0.0000
1787921570.881465,1.075749,-2.674884,1.662547,0.0044,0.0000
1787921570.888160,1.075901,-2.675093,1.662973,-0.0068,0.0000
1787921570.895087,1.075637,-2.675024,1.662840,-0.0008,0.0000
1787921570.901135,1.075686,-2.675081,1.662400,-0.0036,0.0000
1787921570.908041,1.075901,-2.675070,1.662611,-0.0029,0.0000
1787921570.914475,1.075943,-2.675139,1.662991,-0.0054,0.0000
1787921570.921428,1.075710,-2.675055,1.662461,0.0008,0.0000
1787921570.927691,1.075752,-2.675048,1.662484,0.0007,0.0000
1787921570.934739,1.075797,-2.675091,1.662588,-0.0015,0.0000
1787921570.941348,1.075721,-2.674924,1.662892,0.0068,0.0000
1787921570.947924,1.075839,-2.675016,1.662944,0.0001,0.0000
1787921570.954422,1.075708,-2.674972,1.662785,0.0026,0.0000
1787921570.961432,1.075754,-2.674960,1.662774,0.0022,0.0000
1787921570.968221,1.075797,-2.675032,1.662585,-0.0018,0.0000
1787921570.975133,1.075663,-2.675012,1.662762,0.0001,0.0000
1787921570.981341,1.075639,-2.674952,1.662368,0.0031,0.0000
1787921570.990310,1.075759,-2.674922,1.662691,0.0028,0.0000
1787921570.997987,1.075801,-2.674980,1.662671,-0.0005,0.0000
1787921571.000917,1.075688,-2.674999,1.662462,-0.0011,0.0000
1787921571.008112,1.075720,-2.674944,1.662457,0.0013,0.0000
1787921571.015161,1.075860,-2.675035,1.662377,-0.0035,0.0000
1787921571.022427,1.075829,-2.675123,1.662662,-0.0059,0.0000
1787921571.028268,1.075704,-2.674998,1.662408,0.0029,0.0000
1787921571.034379,1.075920,-2.675081,1.663004,-0.0030,0.0000
1787921571.041415,1.075799,-2.675096,1.662753,-0.0023,0.0000
1787921571.048699,1.075883,-2.675021,1.662608,0.0011,0.0000
1787921571.054423,1.075772,-2.675056,1.662304,-0.0005,0.0000
1787921571.061886,1.075560,-2.674956,1.662413,0.0044,0.0000
1787921571.068568,1.075637,-2.675106,1.662601,-0.0039,0.0000
1787921571.074601,1.075530,-2.675029,1.662573,0.0016,0.0000
1787921571.082044,1.075719,-2.674968,1.662759,0.0029,0.0000
1787921571.088110,1.075666,-2.674911,1.662900,0.0050,0.0000
1787921571.099353,1.075766,-2.675028,1.662826,0.0002,0.0000
1787921571.101236,1.075687,-2.675057,1.662645,-0.0033,0.0000
1787921571.107836,1.075820,-2.675024,1.662646,-0.0014,0.0000
1787921571.114950,1.075825,-2.675038,1.662636,-0.0016,0.0000
1787921571.121629,1.075891,-2.675114,1.662678,-0.0048,0.0000
1787921571.127605,1.075716,-2.675029,1.662590,0.0017,0.0000
1787921571.134949,1.075859,-2.675010,1.662857,0.0014,0.0000
1787921571.140927,1.075786,-2.675041,1.662733,-0.0002,0.0000
1787921571.148285,1.075900,-2.675009,1.662829,0.0007,0.0000
1787921571.154810,1.075907,-2.674971,1.662836,0.0022,0.0000
1787921571.161260,1.075832,-2.675046,1.662632,-0.0016,0.0000
1787921571.168364,1.075816,-2.674991,1.662935,0.0013,0.0000
1787921571.174366,1.075805,-2.674925,1.662952,0.0042,0.0000
1787921571.182015,1.075666,-2.674834,1.662661,0.0070,0.0000
1787921571.188690,1.075780,-2.675000,1.662770,-0.0030,0.0000
1787921571.195233,1.075984,-2.675009,1.663215,-0.0034,0.0000
1787921571.202236,1.075596,-2.675059,1.662138,-0.0030,0.0000
1787921571.208107,1.075797,-2.674994,1.662683,0.0003,0.0000
1787921571.214767,1.075899,-2.675034,1.662846,-0.0020,0.0000
1787921571.221782,1.075640,-2.675004,1.662203,0.0009,0.0000
1787921571.227973,1.075907,-2.675088,1.663026,-0.0046,0.0000
1787921571.234740,1.075887,-2.675050,1.662913,-0.0015,0.0000
1787921571.241372,1.075974,-2.674977,1.662910,0.0019,0.0000
1787921571.247738,1.075802,-2.674889,1.662636,0.0062,0.0000
1787921571.254753,1.075759,-2.674847,1.662688,0.0063,0.0000
1787921571.261201,1.075656,-2.675000,1.662844,-0.0022,0.0000
1787921571.267589,1.075664,-2.674890,1.662482,0.0035,0.0000
1787921571.275521,1.075749,-2.674909,1.662658,0.0015,0.0000
1787921571.282503,1.075638,-2.675069,1.662776,-0.0054,0.0000
1787921571.287828,1.075874,-2.675033,1.663035,-0.0030,0.0000
1787921571.297396,1.075780,-2.675080,1.662622,-0.0033,0.0000
1787921571.304378,1.075660,-2.675131,1.662329,-0.0040,0.0000
1787921571.308237,1.075790,-2.675066,1.662637,0.0013,0.0000
1787921571.314343,1.075993,-2.675142,1.662914,-0.0037,0.0000
1787921571.322906,1.075979,-2.675021,1.662769,0.0017,0.0000
1787921571.328061,1.075737,-2.674935,1.662603,0.0074,0.0000
1787921571.334830,1.075788,-2.674977,1.662753,0.0031,0.0000
1787921571.341411,1.075974,-2.675025,1.663191,-0.0008,0.0000
1787921571.348182,1.075703,-2.674969,1.662471,0.0031,0.0000
1787921571.355468,1.075762,-2.674979,1.662752,0.0015,0.0000
1787921571.361458,1.075832,-2.674958,1.662747,0.0018,0.0000
1787921571.367724,1.075828,-2.675060,1.662914,-0.0036,0.0000
1787921571.376082,1.075661,-2.675003,1.662410,0.0001,0.0000
1787921571.381473,1.075662,-2.674984,1.662451,0.0011,0.0000
1787921571.388163,1.075823,-2.675047,1.662683,-0.0027,0.0000
1787921571.394308,1.075599,-2.675064,1.662414,-0.0017,0.0000
1787921571.401539,1.075979,-2.674975,1.662972,0.0010,0.0000
1787921571.408397,1.076026,-2.675025,1.663128,-0.0016,0.0000
1787921571.414766,1.075834,-2.674966,1.662755,0.0025,0.0000
1787921571.421392,1.075758,-2.675044,1.662490,-0.0015,0.0000
1787921571.428922,1.075778,-2.675045,1.662630,-0.0012,0.0000
1787921571.434948,1.075909,-2.675050,1.663035,-0.0017,0.0000
1787921571.441208,1.075661,-2.675108,1.662599,-0.0029,0.0000
1787921571.447820,1.075828,-2.674934,1.663226,0.0052,0.0000
1787921571.454385,1.075790,-2.675008,1.662713,0.0004,0.0000
1787921571.461919,1.075679,-2.674872,1.662670,0.0061,0.0000
1787921571.468812,1.075814,-2.675016,1.662800,-0.0025,0.0000
1787921571.474914,1.075730,-2.674959,1.662472,0.0014,0.0000
1787921571.481145,1.075579,-2.674957,1.661979,0.0017,0.0000
1787921571.488462,1.075730,-2.675134,1.662187,-0.0066,0.0000
1787921571.494771,1.076026,-2.675154,1.662846,-0.0068,0.0000
1787921571.502247,1.075616,-2.675008,1.661948,0.0025,0.0000
1787921571.509806,1.075827,-2.674942,1.662555,0.0036,0.0000
1787921571.515625,1.075765,-2.675015,1.662428,-0.0009,0.0000
1787921571.522275,1.075761,-2.675016,1.662630,-0.0007,0.0000
1787921571.528308,1.075790,-2.675029,1.662507,-0.0013,0.0000
1787921571.535148,1.075733,-2.675079,1.662683,-0.0028,0.0000
1787921571.541337,1.075614,-2.674933,1.662576,0.0056,0.0000
1787921571.548296,1.075615,-2.674852,1.662468,0.0074,0.0000
1787921571.554453,1.075380,-2.674931,1.662030,0.0024,0.0000
1787921571.561543,1.075482,-2.674876,1.662356,0.0036,0.0000
1787921571.567684,1.075678,-2.674924,1.662558,-0.0007,0.0000
1787921571.574697,1.075830,-2.674892,1.662915,0.0003,0.0000
1787921571.581802,1.075893,-2.675023,1.662578,-0.0056,0.0000
1787921571.589926,1.075967,-2.675221,1.663205,-0.0114,0.0000
1787921571.596671,1.076098,-2.675250,1.662855,-0.0098,0.0000
1787921571.602076,1.076142,-2.675049,1.663001,0.0040,0.0000
1787921571.611224,1.075863,-2.675056,1.662557,0.0034,0.0000
1787921571.615447,1.075783,-2.675053,1.662519,0.0031,0.0000
1787921571.621198,1.075799,-2.675010,1.662676,0.0044,0.0000
1787921571.629212,1.075734,-2.674969,1.662535,0.0048,0.0000
1787921571.634407,1.075724,-2.675071,1.662873,-0.0024,0.0000
1787921571.641324,1.075590,-2.675032,1.662483,0.0005,0.0000
1787921571.647586,1.075558,-2.674951,1.662674,0.0043,0.0000
1787921571.654888,1.075453,-2.674804,1.662550,0.0094,0.0000
1787921571.661124,1.075587,-2.674836,1.662571,0.0045,0.0000
1787921571.667822,1.075788,-2.674999,1.663119,-0.0049,0.0000
1787921571.674632,1.075820,-2.675037,1.662464,-0.0053,0.0000
1787921571.680870,1.076004,-2.675148,1.662935,-0.0098,0.0000
1787921571.688172,1.076044,-2.675209,1.663144,-0.0095,0.0000
1787921571.694644,1.075870,-2.675193,1.662606,-0.0052,0.0000
1787921571.700708,1.075745,-2.675099,1.662484,0.0016,0.0000
1787921571.708234,1.075799,-2.674961,1.662554,0.0064,0.0000
1787921571.715647,1.075989,-2.675144,1.662791,-0.0036,0.0000
1787921571.720989,1.075777,-2.674969,1.662780,0.0083,0.0000
1787921571.728090,1.075651,-2.675034,1.662575,0.0036,0.0000
1787921571.735501,1.075760,-2.675021,1.663002,0.0026,0.0000
1787921571.742619,1.075661,-2.675009,1.662815,0.0027,0.0000
1787921571.748999,1.075622,-2.674837,1.662600,0.0101,0.0000
1787921571.754246,1.075450,-2.674854,1.662466,0.0070,0.0000
1787921571.760995,1.075682,-2.674978,1.662907,-0.0015,0.0000
1787921571.768381,1.075686,-2.674941,1.662486,0.0004,0.0000
1787921571.778772,1.075509,-2.674928,1.662116,0.0011,0.0000
1787921571.781674,1.075844,-2.675087,1.662482,-0.0188,0.0000
1787921571.788178,1.075717,-2.675001,1.662450,-0.0087,0.0000
1787921571.794332,1.076021,-2.675135,1.662788,-0.0139,0.0000
1787921571.801709,1.075815,-2.675198,1.662447,-0.0115,0.0000
1787921571.809915,1.075810,-2.675132,1.662360,-0.0056,0.0000
1787921571.817091,1.075993,-2.675064,1.662697,-0.0018,0.0000
1787921571.820968,1.076125,-2.675009,1.662760,0.0020,0.0000
1787921571.828017,1.075757,-2.674988,1.662383,0.0037,0.0000
1787921571.835012,1.075618,-2.675056,1.662707,0.0002,0.0000
1787921571.841275,1.075662,-2.674987,1.662574,0.0033,0.0000
1787921571.847927,1.075637,-2.674974,1.662794,0.0030,0.1917
1787921571.854474,1.075676,-2.674896,1.662827,0.0055,0.1917
1787921571.861045,1.075422,-2.674887,1.662330,0.0053,0.1917
1787921571.867751,1.075782,-2.675007,1.662866,-0.0031,0.1917
1787921571.874843,1.075571,-2.674937,1.662246,0.0016,0.1917
1787921571.881261,1.075652,-2.674983,1.662700,-0.0014,0.1917
1787921571.888541,1.075736,-2.675183,1.662236,-0.0095,0.1917
1787921571.896766,1.075893,-2.675116,1.662635,-0.0047,0.1917
1787921571.902332,1.075915,-2.675312,1.662247,-0.0140,0.1917
1787921571.908192,1.075920,-2.675160,1.661616,-0.0021,0.1917
1787921571.914301,1.075498,-2.675115,1.660292,0.0026,0.1917
1787921571.921199,1.075562,-2.675139,1.660416,0.0006,0.1917
1787921571.928280,1.075531,-2.674978,1.660671,0.0073,0.1917
1787921571.935247,1.075353,-2.674937,1.659171,0.0075,0.1917
1787921571.941388,1.075002,-2.674856,1.657721,0.0107,0.1917
1787921571.947859,1.075069,-2.674895,1.657460,0.0054,0.1992
1787921571.954775,1.075068,-2.674900,1.657149,0.0036,0.1992
1787921571.961279,1.074944,-2.674924,1.656325,0.0019,0.1992
1787921571.967554,1.075327,-2.675059,1.657074,-0.0067,0.1992
1787921571.974899,1.075608,-2.675055,1.657771,-0.0055,0.1992
1787921571.981236,1.075649,-2.674985,1.657299,-0.0007,0.1992
1787921571.987797,1.075598,-2.675221,1.657045,-0.0110,0.1992
1787921571.994398,1.075839,-2.675195,1.657038,-0.0075,0.1992
1787921572.001116,1.075961,-2.675298,1.657246,-0.0103,0.1992
1787921572.007868,1.076014,-2.675331,1.657625,-0.0089,0.1992
1787921572.015149,1.076034,-2.675310,1.657541,-0.0054,0.1992
1787921572.023330,1.076098,-2.675268,1.657703,-0.0025,0.1992
1787921572.028274,1.075774,-2.675233,1.657282,0.0021,0.1992
1787921572.035326,1.075711,-2.675225,1.657249,0.0020,0.1992
1787921572.041229,1.075506,-2.675225,1.657243,0.0023,0.1992
1787921572.047773,1.075402,-2.675188,1.657004,0.0037,0.2056
1787921572.055082,1.075307,-2.675167,1.656875,0.0038,0.2056
1787921572.061022,1.075315,-2.675142,1.657005,0.0039,0.2056
1787921572.068272,1.075163,-2.675278,1.657217,-0.0023,0.2056
1787921572.074511,1.075299,-2.675204,1.657419,0.0014,0.2056
1787921572.081449,1.075212,-2.675189,1.656933,0.0019,0.2056
1787921572.089443,1.075244,-2.675135,1.657365,0.0033,0.2056
1787921572.095239,1.075420,-2.675260,1.657322,-0.0050,0.2056
1787921572.101602,1.075533,-2.675341,1.657216,-0.0077,0.2056
1787921572.107989,1.075391,-2.675149,1.657127,0.0041,0.2056
1787921572.116729,1.075390,-2.675334,1.657258,-0.0034,0.2056
1787921572.123130,1.075403,-2.675115,1.657256,0.0077,0.2056
1787921572.127753,1.075498,-2.675091,1.657094,0.0065,0.2056
1787921572.135083,1.075287,-2.674974,1.656900,0.0101,0.2056
1787921572.141028,1.075327,-2.674844,1.657336,0.0134,0.2056
1787921572.148211,1.075547,-2.674996,1.657522,0.0022,0.2045
1787921572.155012,1.075564,-2.674887,1.657274,0.0063,0.2045
1787921572.161263,1.075324,-2.674954,1.656852,0.0022,0.2045
1787921572.167700,1.075606,-2.675040,1.657470,-0.0036,0.2045
1787921572.176769,1.075474,-2.674966,1.657222,0.0003,0.2045
1787921572.181992,1.075714,-2.674974,1.657527,-0.0015,0.2045
1787921572.188303,1.075678,-2.675000,1.657336,-0.0021,0.2045
1787921572.195446,1.075498,-2.675167,1.656940,-0.0078,0.2045
1787921572.201079,1.075830,-2.675237,1.657383,-0.0107,0.2045
1787921572.207497,1.075370,-2.675215,1.656414,-0.0046,0.2045
1787921572.214868,1.075526,-2.675260,1.656741,-0.0056,0.2045
1787921572.220850,1.075366,-2.675115,1.656473,0.0040,0.2045
1787921572.228502,1.075269,-2.674949,1.656408,0.0096,0.2045
1787921572.234649,1.075286,-2.674919,1.656333,0.0081,0.2045
1787921572.245161,1.075196,-2.674846,1.656383,0.0080,0.2060
1787921572.248073,1.075026,-2.674820,1.655976,0.0097,0.2060
1787921572.254406,1.074789,-2.674578,1.655522,0.0192,0.2060
1787921572.261298,1.074802,-2.674542,1.655570,0.0149,0.2060
1787921572.268172,1.074811,-2.674367,1.655096,0.0181,0.2060
1787921572.274566,1.074475,-2.674109,1.654596,0.0260,0.2060
1787921572.281541,1.074623,-2.673744,1.654276,0.0333,0.2060
1787921572.289120,1.074808,-2.673435,1.654091,0.0349,0.2060
1787921572.294446,1.074558,-2.673118,1.653962,0.0434,0.2060
1787921572.301653,1.074312,-2.672468,1.652789,0.0582,0.2060
1787921572.308075,1.074644,-2.671978,1.653329,0.0622,0.2060
1787921572.314734,1.074439,-2.671162,1.653551,0.0810,0.2060
1787921572.322026,1.074802,-2.670291,1.654189,0.0912,0.2060
1787921572.328158,1.074480,-2.669229,1.652996,0.1168,0.2060
1787921572.334942,1.074739,-2.667894,1.652979,0.1397,0.2060
1787921572.341239,1.074314,-2.666818,1.653290,0.1506,0.2060
1787921572.347828,1.074506,-2.665680,1.653625,0.1563,0.2068
1787921572.354792,1.074127,-2.664903,1.653097,0.1441,0.2068
1787921572.362035,1.074245,-2.663500,1.653280,0.1584,0.2068
1787921572.367891,1.074235,-2.662386,1.652535,0.1678,0.2068
1787921572.374738,1.074143,-2.661063,1.652616,0.1756,0.2068
1787921572.381326,1.073662,-2.660032,1.652188,0.1715,0.2068
1787921572.387995,1.073689,-2.659188,1.652697,0.1578,0.2068
1787921572.394180,1.073992,-2.657953,1.653223,0.1689,0.2068
1787921572.401416,1.073628,-2.656646,1.652202,0.1735,0.2068
1787921572.408708,1.073498,-2.655546,1.652449,0.1670,0.2068
1787921572.414350,1.073570,-2.654576,1.652972,0.1680,0.2068
1787921572.421103,1.073563,-2.653516,1.653536,0.1645,0.2068
1787921572.430330,1.073558,-2.652642,1.654112,0.1435,0.2068
1787921572.435105,1.073027,-2.651294,1.653429,0.1876,0.2068
1787921572.441575,1.072923,-2.650116,1.653679,0.1862,0.2068
1787921572.448352,1.072483,-2.648946,1.653390,0.1835,0.2014
1787921572.454687,1.071847,-2.647565,1.652890,0.1961,0.2014
1787921572.461404,1.071872,-2.646472,1.653764,0.1858,0.2014
1787921572.467633,1.071644,-2.645244,1.653970,0.1899,0.2014
1787921572.475203,1.071049,-2.643985,1.653099,0.1846,0.2014
1787921572.481543,1.071178,-2.642576,1.653621,0.1952,0.2014
1787921572.487584,1.071578,-2.641302,1.654949,0.1980,0.2014
1787921572.495028,1.070384,-2.640094,1.653880,0.1911,0.2014
1787921572.502174,1.070728,-2.638902,1.655138,0.1824,0.2014
1787921572.508581,1.070826,-2.637252,1.655297,0.2043,0.2014
1787921572.514914,1.070355,-2.635704,1.654910,0.2180,0.2014
1787921572.522171,1.070015,-2.634441,1.655239,0.2058,0.2014
1787921572.528992,1.070564,-2.633125,1.657306,0.1996,0.2014
1787921572.535213,1.069389,-2.631666,1.655208,0.2146,0.2014
1787921572.541038,1.069585,-2.629865,1.656644,0.2418,0.2014
1787921572.550777,1.069541,-2.628427,1.657779,0.2135,0.1855
1787921572.554388,1.068506,-2.626949,1.656154,0.2791,0.1855
1787921572.561281,1.068853,-2.625285,1.657406,0.2662,0.1855
1787921572.567726,1.068368,-2.623729,1.657131,0.2605,0.1855
1787921572.575487,1.067830,-2.622318,1.656664,0.2384,0.1855
1787921572.581256,1.068127,-2.620805,1.658508,0.2439,0.1855
1787921572.588011,1.067938,-2.619147,1.657877,0.2449,0.1855
1787921572.594318,1.067284,-2.617493,1.657129,0.2525,0.1855
1787921572.601477,1.067569,-2.615849,1.658764,0.2443,0.1855
1787921572.609691,1.067228,-2.614616,1.658912,0.2169,0.1855
1787921572.615085,1.066985,-2.612886,1.658659,0.2489,0.1855
1787921572.621741,1.067592,-2.611111,1.660384,0.2515,0.1855
1787921572.628621,1.066929,-2.609617,1.660199,0.2435,0.1855
1787921572.635695,1.066358,-2.607859,1.660512,0.2469,0.1855
1787921572.641252,1.066464,-2.605944,1.660931,0.2753,0.1855
1787921572.647472,1.065848,-2.604281,1.660445,0.2752,0.2259
1787921572.654960,1.066017,-2.602586,1.662017,0.2597,0.2259
1787921572.661019,1.065445,-2.600857,1.661105,0.2696,0.2259
1787921572.667894,1.065448,-2.598807,1.661984,0.2778,0.2259
1787921572.674498,1.065589,-2.597181,1.663365,0.2674,0.2259
1787921572.680927,1.064891,-2.595640,1.662482,0.2618,0.2259
1787921572.689010,1.065098,-2.593546,1.663507,0.2599,0.2259
1787921572.694972,1.064751,-2.591854,1.663268,0.2684,0.2259
1787921572.700893,1.064021,-2.590086,1.662621,0.2804,0.2259
1787921572.708027,1.064307,-2.587981,1.663666,0.2833,0.2259
1787921572.716398,1.063385,-2.586307,1.662450,0.2611,0.2259
1787921572.721348,1.063632,-2.584599,1.664452,0.2844,0.2259
1787921572.727976,1.063544,-2.582526,1.665099,0.2929,0.2259
1787921572.737621,1.063019,-2.580537,1.664009,0.2681,0.2259
1787921572.741314,1.063128,-2.578603,1.665982,0.3432,0.2259
1787921572.748084,1.062313,-2.576769,1.665467,0.3246,0.2152
1787921572.756312,1.062489,-2.574648,1.666284,0.3036,0.2152
1787921572.761593,1.062162,-2.572884,1.666940,0.3140,0.2152
1787921572.767936,1.061742,-2.570889,1.667188,0.3156,0.2152
1787921572.774796,1.061645,-2.568745,1.667342,0.3147,0.2152
1787921572.781209,1.061057,-2.566822,1.667661,0.3125,0.2152
1787921572.788759,1.061405,-2.564847,1.669413,0.2955,0.2152
1787921572.794175,1.060861,-2.562729,1.668816,0.3265,0.2152
1787921572.801305,1.060762,-2.560879,1.670395,0.3064,0.2152
1787921572.809400,1.060607,-2.558676,1.670853,0.2963,0.2152
1787921572.814773,1.060144,-2.556956,1.670544,0.3055,0.2152
1787921572.820987,1.060351,-2.554829,1.672473,0.3150,0.2152
1787921572.827945,1.059258,-2.552818,1.671118,0.3115,0.2152
1787921572.834360,1.059589,-2.550621,1.673174,0.3187,0.2152
1787921572.842048,1.058499,-2.548844,1.672471,0.2964,0.2152
1787921572.847523,1.058825,-2.546490,1.674441,0.3339,0.2035
1787921572.854334,1.058302,-2.544577,1.673885,0.3199,0.2035
1787921572.861698,1.058274,-2.542302,1.675591,0.3162,0.2035
1787921572.867760,1.057635,-2.540167,1.675050,0.3297,0.2035
1787921572.874622,1.058018,-2.538178,1.676928,0.3155,0.2035
1787921572.880852,1.056963,-2.535991,1.675840,0.3309,0.2035
1787921572.887650,1.056986,-2.533980,1.677498,0.3198,0.2035
1787921572.894987,1.056330,-2.532004,1.676725,0.3070,0.2035
1787921572.901098,1.056462,-2.529759,1.678423,0.3238,0.2035
1787921572.908148,1.055831,-2.527578,1.677774,0.3218,0.2035
1787921572.914656,1.055696,-2.525368,1.679351,0.3272,0.2035
1787921572.922235,1.055290,-2.523247,1.679761,0.3143,0.2035
1787921572.927845,1.055071,-2.520958,1.680199,0.3429,0.2035
1787921572.935914,1.054079,-2.518832,1.680680,0.3227,0.2035
1787921572.943250,1.054228,-2.516437,1.681452,0.3225,0.1879
1787921572.948225,1.053812,-2.514119,1.682115,0.3675,0.1879
1787921572.955039,1.053129,-2.511984,1.682165,0.3540,0.1879
1787921572.961475,1.053313,-2.509609,1.683350,0.3568,0.1879
1787921572.968135,1.052425,-2.507384,1.683319,0.3539,0.1879
1787921572.974367,1.052651,-2.505062,1.685129,0.3575,0.1879
1787921572.981223,1.051676,-2.502735,1.684326,0.3563,0.1879
1787921572.988200,1.052165,-2.500563,1.686771,0.3397,0.1879
1787921572.995682,1.051236,-2.498176,1.685670,0.3371,0.1879
1787921573.001217,1.051206,-2.495889,1.687460,0.3593,0.1879
1787921573.007508,1.050281,-2.493686,1.685784,0.3610,0.1879
1787921573.015308,1.050384,-2.491207,1.687518,0.3469,0.1879
1787921573.023605,1.049971,-2.489196,1.687549,0.3168,0.1879
1787921573.028240,1.049810,-2.486738,1.688196,0.3809,0.1879
1787921573.034201,1.049150,-2.484500,1.688525,0.3824,0.1879
1787921573.044804,1.049029,-2.482330,1.688967,0.3291,0.1816
1787921573.048144,1.047945,-2.479873,1.688248,0.4609,0.1816
1787921573.054590,1.048196,-2.477766,1.690262,0.4186,0.1816
1787921573.062842,1.047335,-2.475292,1.689226,0.3860,0.1816
1787921573.067551,1.047102,-2.473200,1.690823,0.4043,0.1816
1787921573.074262,1.046398,-2.470773,1.689928,0.3945,0.1816
1787921573.081886,1.046489,-2.468496,1.691313,0.3647,0.1816
1787921573.087786,1.045474,-2.466312,1.690783,0.3717,0.1816
1787921573.094736,1.045744,-2.463890,1.691864,0.3626,0.1816
1787921573.101220,1.044804,-2.461780,1.691949,0.3560,0.1816
1787921573.108522,1.044993,-2.459519,1.692890,0.3404,0.1816
1787921573.114494,1.044080,-2.457175,1.692892,0.3607,0.1816
1787921573.121326,1.044431,-2.454973,1.695042,0.3465,0.1816
1787921573.128749,1.043704,-2.452398,1.694682,0.3495,0.1816
1787921573.134750,1.043413,-2.450392,1.695901,0.3460,0.1816
1787921573.141337,1.042602,-2.447885,1.695164,0.3601,0.1816
1787921573.148542,1.042890,-2.445607,1.696545,0.3446,0.1758
1787921573.157084,1.041969,-2.443306,1.696581,0.3255,0.1758
1787921573.161345,1.042067,-2.440772,1.697699,0.4039,0.1758
1787921573.168457,1.041209,-2.438483,1.697902,0.3831,0.1758
1787921573.174935,1.041351,-2.435986,1.698973,0.3821,0.1758
1787921573.182048,1.040516,-2.433650,1.699339,0.3696,0.1758
1787921573.188086,1.040693,-2.431376,1.701029,0.3696,0.1758
1787921573.194297,1.040058,-2.428890,1.699874,0.3818,0.1758
1787921573.201866,1.040247,-2.426556,1.702158,0.3580,0.1758
1787921573.207802,1.039140,-2.424338,1.699997,0.3690,0.1758
1787921573.214226,1.039487,-2.421916,1.702737,0.3683,0.1758
1787921573.221208,1.038655,-2.419682,1.701503,0.3576,0.1758
1787921573.228199,1.038841,-2.417194,1.702725,0.3551,0.1758
1787921573.234674,1.037964,-2.415205,1.702219,0.3453,0.1758
1787921573.243118,1.038248,-2.412542,1.703430,0.3341,0.2806
1787921573.250903,1.037566,-2.410327,1.703935,0.3220,0.2806
1787921573.255400,1.037404,-2.408012,1.703425,0.3799,0.2806
1787921573.261352,1.036570,-2.405693,1.703050,0.3873,0.2806
1787921573.270081,1.036309,-2.403510,1.703615,0.3467,0.2806
1787921573.274292,1.035793,-2.401100,1.703107,0.4177,0.2806
1787921573.282876,1.035704,-2.398884,1.704522,0.3696,0.2806
1787921573.287833,1.034955,-2.396672,1.703669,0.3974,0.2806
1787921573.294745,1.034870,-2.394569,1.704141,0.3691,0.2806
1787921573.301642,1.034325,-2.392148,1.703876,0.3659,0.2806
1787921573.307869,1.034055,-2.389886,1.703443,0.3659,0.2806
1787921573.314422,1.033325,-2.387417,1.702868,0.3726,0.2806
1787921573.321640,1.032752,-2.385147,1.702331,0.3575,0.2806
1787921573.327740,1.032840,-2.382751,1.703133,0.3664,0.2806
1787921573.334908,1.032258,-2.380525,1.703691,0.3521,0.2806
1787921573.341042,1.032043,-2.378090,1.704211,0.3659,0.2806
1787921573.348212,1.031499,-2.375772,1.704257,0.3553,0.2969
1787921573.354402,1.031363,-2.373369,1.705460,0.3650,0.2969
1787921573.361332,1.030852,-2.370753,1.705046,0.3707,0.2969
1787921573.369860,1.030511,-2.368444,1.706576,0.3416,0.2969
1787921573.374255,1.030333,-2.365917,1.707620,0.4116,0.2969
1787921573.381154,1.029904,-2.363476,1.708373,0.3958,0.2969
1787921573.387906,1.029892,-2.361204,1.709730,0.3771,0.2969
1787921573.394302,1.029143,-2.358639,1.710190,0.3880,0.2969
1787921573.401623,1.029282,-2.356367,1.712287,0.3630,0.2969
1787921573.408076,1.028481,-2.353828,1.711927,0.3762,0.2969
1787921573.414670,1.028423,-2.351319,1.714697,0.3767,0.2969
1787921573.421067,1.028052,-2.349148,1.714863,0.3669,0.2969
1787921573.427851,1.027966,-2.346726,1.717092,0.3634,0.2969
1787921573.434318,1.027239,-2.344522,1.716479,0.3604,0.2969
1787921573.442148,1.026763,-2.341978,1.716958,0.3514,0.2969
1787921573.448583,1.026266,-2.340011,1.717303,0.3401,0.3455
1787921573.455019,1.025461,-2.337319,1.716975,0.3677,0.3455
1787921573.460977,1.025304,-2.335254,1.718383,0.3614,0.3455
1787921573.468280,1.024022,-2.333044,1.717081,0.3504,0.3455
1787921573.474721,1.023913,-2.330758,1.718940,0.3514,0.3455
1787921573.483110,1.023431,-2.328667,1.719400,0.3225,0.3455
1787921573.488437,1.022365,-2.326100,1.719561,0.3776,0.3455
1787921573.495803,1.022556,-2.324179,1.722756,0.3405,0.3455
1787921573.501164,1.021717,-2.322051,1.722735,0.3631,0.3455
1787921573.507941,1.021409,-2.319460,1.723475,0.3697,0.3455
1787921573.514462,1.020372,-2.317484,1.723857,0.3558,0.3455
1787921573.521784,1.020159,-2.315251,1.725233,0.3409,0.3455
1787921573.527737,1.019704,-2.312987,1.726166,0.3549,0.3455
1787921573.535584,1.019444,-2.310849,1.728073,0.3307,0.3455
1787921573.541529,1.018674,-2.308474,1.728496,0.3559,0.3455
1787921573.550270,1.018435,-2.306241,1.730103,0.3261,0.3416
1787921573.557291,1.018184,-2.303949,1.732615,0.3267,0.3416
1787921573.561115,1.017387,-2.301508,1.733539,0.4278,0.3416
1787921573.568253,1.017157,-2.299265,1.735341,0.3940,0.3416
1787921573.574661,1.016244,-2.296753,1.736247,0.3989,0.3416
1787921573.580723,1.016691,-2.294483,1.739134,0.3863,0.3416
1787921573.588657,1.015547,-2.292210,1.739739,0.3624,0.3416
1787921573.594439,1.015592,-2.289816,1.742453,0.3756,0.3416
1787921573.601125,1.014760,-2.287607,1.743707,0.3670,0.3416
1787921573.608095,1.014612,-2.285179,1.745874,0.3609,0.3416
1787921573.614756,1.014250,-2.283121,1.747092,0.3468,0.3416
1787921573.620929,1.013513,-2.280612,1.748715,0.3691,0.3416
1787921573.628662,1.013329,-2.278525,1.750624,0.3393,0.3416
1787921573.634735,1.012969,-2.276257,1.752586,0.3509,0.3416
1787921573.641932,1.012174,-2.273899,1.752931,0.3483,0.3271
1787921573.647777,1.011776,-2.271656,1.754790,0.3607,0.3271
1787921573.654403,1.010862,-2.269594,1.755665,0.3519,0.3271
1787921573.661077,1.011188,-2.267246,1.758053,0.3473,0.3271
1787921573.668289,1.009924,-2.265184,1.758474,0.3372,0.3271
1787921573.674735,1.009454,-2.262702,1.760065,0.3536,0.3271
1787921573.681131,1.008980,-2.260618,1.761849,0.3477,0.3271
1787921573.688182,1.007938,-2.258131,1.761899,0.3557,0.3271
1787921573.694608,1.007626,-2.256002,1.764333,0.3493,0.3271
1787921573.701235,1.007189,-2.253636,1.765254,0.3534,0.3271
1787921573.707709,1.006557,-2.251325,1.766509,0.3581,0.3271
1787921573.714573,1.006043,-2.249139,1.767997,0.3488,0.3271
1787921573.721444,1.005598,-2.246636,1.769370,0.3551,0.3271
1787921573.727826,1.004937,-2.244480,1.771310,0.3541,0.3271
1787921573.734754,1.004862,-2.242091,1.772775,0.3499,0.3271
1787921573.741940,1.003681,-2.239620,1.773317,0.3559,0.3271
1787921573.747948,1.003856,-2.237346,1.776169,0.3585,0.3264
1787921573.755798,1.002596,-2.234945,1.775893,0.3506,0.3264
1787921573.763087,1.002542,-2.232719,1.778872,0.3355,0.3264
1787921573.768270,1.001362,-2.230307,1.778725,0.3855,0.3264
1787921573.778657,1.001113,-2.227979,1.781133,0.3372,0.3264
1787921573.782057,1.000480,-2.225741,1.781778,0.4408,0.3264
1787921573.788122,0.999864,-2.223152,1.783313,0.4402,0.3264
1787921573.794674,0.999345,-2.221118,1.785493,0.4042,0.3264
1787921573.801513,0.998819,-2.218650,1.786856,0.3936,0.3264
1787921573.807997,0.998158,-2.216287,1.788860,0.3889,0.3264
1787921573.814378,0.997459,-2.214119,1.790363,0.3789,0.3264
1787921573.821178,0.996972,-2.211703,1.792653,0.3739,0.3264
1787921573.828015,0.996129,-2.209649,1.794358,0.3578,0.3264
1787921573.835654,0.996000,-2.206918,1.796801,0.3561,0.3264
1787921573.842868,0.994889,-2.204769,1.797570,0.3468,0.3102
1787921573.847782,0.994793,-2.202658,1.800070,0.3696,0.3102
1787921573.854343,0.994050,-2.200323,1.801473,0.3704,0.3102
1787921573.863962,0.993985,-2.198097,1.803901,0.3273,0.3102
1787921573.867996,0.992777,-2.195632,1.803896,0.4282,0.3102
1787921573.874826,0.992290,-2.193401,1.805719,0.4000,0.3102
1787921573.882813,0.991606,-2.191269,1.806979,0.3639,0.3102
1787921573.888466,0.991003,-2.188864,1.808512,0.3863,0.3102
1787921573.894429,0.990144,-2.186869,1.808540,0.3781,0.3102
1787921573.901536,0.989408,-2.184382,1.809882,0.3740,0.3102
1787921573.907779,0.988827,-2.182322,1.810947,0.3646,0.3102
1787921573.914528,0.988277,-2.179911,1.813070,0.3651,0.3102
1787921573.922119,0.987204,-2.177681,1.812784,0.3513,0.3102
1787921573.927751,0.986936,-2.175541,1.814376,0.3600,0.3102
1787921573.936596,0.985748,-2.173247,1.814358,0.3372,0.3102
1787921573.941589,0.985784,-2.170786,1.816578,0.3790,0.3102
1787921573.948716,0.984297,-2.168553,1.816957,0.3717,0.2989
1787921573.954301,0.984087,-2.166400,1.818108,0.3751,0.2989
1787921573.961684,0.983138,-2.164121,1.818660,0.3618,0.2989
1787921573.968442,0.982626,-2.161809,1.820499,0.3583,0.2989
1787921573.974607,0.981724,-2.159619,1.820598,0.3649,0.2989
1787921573.981289,0.980725,-2.157391,1.821552,0.3635,0.2989
1787921573.988375,0.980067,-2.154992,1.822901,0.3597,0.2989
1787921573.994174,0.979214,-2.152979,1.823596,0.3637,0.2989
1787921574.001954,0.978837,-2.150584,1.825898,0.3476,0.2989
1787921574.007900,0.977815,-2.148522,1.826392,0.3570,0.2989
1787921574.014229,0.977436,-2.146019,1.828588,0.3692,0.2989
1787921574.021860,0.976024,-2.143649,1.826772,0.3627,0.2989
1787921574.027687,0.975517,-2.141368,1.827860,0.3741,0.2989
1787921574.034550,0.974379,-2.138941,1.828094,0.3771,0.2989
1787921574.041106,0.973629,-2.136654,1.828319,0.3739,0.2989
1787921574.050457,0.972479,-2.134182,1.828249,0.3478,0.2810
1787921574.054409,0.971725,-2.131936,1.829187,0.4229,0.2810
1787921574.062217,0.971054,-2.129577,1.830468,0.3902,0.2810
1787921574.068935,0.970197,-2.127226,1.831344,0.3845,0.2810
1787921574.074569,0.969043,-2.124995,1.831258,0.3998,0.2810
1787921574.081085,0.968453,-2.122606,1.833203,0.3931,0.2810
1787921574.088394,0.967614,-2.120315,1.833708,0.3749,0.2810
1787921574.095288,0.966636,-2.117973,1.835044,0.3719,0.2810
1787921574.100920,0.966192,-2.115631,1.836440,0.3870,0.2810
1787921574.108641,0.965121,-2.113290,1.837005,0.3696,0.2810
1787921574.115674,0.964539,-2.111015,1.838575,0.3589,0.2810
1787921574.120984,0.963806,-2.108813,1.839360,0.3821,0.2810
1787921574.128545,0.963221,-2.106666,1.840911,0.3558,0.2810
1787921574.134250,0.962405,-2.104422,1.841405,0.3742,0.2810
1787921574.141207,0.961502,-2.102046,1.842333,0.3711,0.2810
1787921574.149670,0.961087,-2.099942,1.844032,0.3355,0.2697
1787921574.154342,0.960591,-2.097422,1.845362,0.3993,0.2697
1787921574.161371,0.959549,-2.095343,1.845410,0.3770,0.2697
1787921574.171665,0.958912,-2.092944,1.845986,0.3362,0.2697
1787921574.174890,0.957598,-2.091058,1.845804,0.4374,0.2697
1787921574.181212,0.957486,-2.088795,1.847729,0.4109,0.2697
1787921574.189279,0.956490,-2.086700,1.847608,0.3727,0.2697
1787921574.194445,0.955887,-2.084504,1.849110,0.3932,0.2697
1787921574.201337,0.955094,-2.082376,1.849367,0.3738,0.2697
1787921574.207714,0.954557,-2.079883,1.851595,0.3813,0.2697
1787921574.214281,0.953661,-2.077885,1.851122,0.3659,0.2697
1787921574.221733,0.953365,-2.075597,1.853132,0.3479,0.2697
1787921574.227886,0.952362,-2.073491,1.853242,0.3558,0.2697
1787921574.234387,0.952113,-2.071314,1.854673,0.3487,0.2697
1787921574.243397,0.950756,-2.068921,1.854786,0.3333,0.2711
1787921574.247668,0.950697,-2.066843,1.856134,0.3745,0.2711
1787921574.255023,0.949697,-2.064517,1.856500,0.3647,0.2711
1787921574.261602,0.949021,-2.062305,1.857781,0.3607,0.2711
1787921574.267991,0.948057,-2.060022,1.858014,0.3681,0.2711
1787921574.274191,0.947600,-2.057764,1.859728,0.3687,0.2711
1787921574.281286,0.946742,-2.055550,1.859939,0.3582,0.2711
1787921574.287956,0.945746,-2.052871,1.861190,0.3790,0.2711
1787921574.294723,0.944496,-2.050702,1.861181,0.3733,0.2711
1787921574.300794,0.943415,-2.048175,1.861736,0.3963,0.2711
1787921574.307634,0.942629,-2.045819,1.862203,0.3863,0.2711
1787921574.314545,0.941399,-2.043506,1.861738,0.3819,0.2711
1787921574.320928,0.940797,-2.041438,1.863089,0.3686,0.2711
1787921574.327840,0.939773,-2.039088,1.863381,0.3685,0.2711
1787921574.335028,0.939233,-2.036854,1.864832,0.3537,0.2711
1787921574.341170,0.938152,-2.034575,1.864813,0.3694,0.2711
1787921574.348126,0.937630,-2.032267,1.866058,0.3604,0.2336
1787921574.355560,0.936553,-2.030227,1.866339,0.3437,0.2336
1787921574.361283,0.935900,-2.027935,1.867087,0.3654,0.2336
1787921574.369431,0.935020,-2.025792,1.867515,0.3408,0.2336
1787921574.375952,0.934390,-2.023622,1.868640,0.3425,0.2336
1787921574.381524,0.933577,-2.021441,1.868848,0.3648,0.2336
1787921574.388264,0.932762,-2.019400,1.869716,0.3529,0.2336
1787921574.394470,0.932069,-2.017252,1.870022,0.3561,0.2336
1787921574.401313,0.931246,-2.015116,1.870611,0.3494,0.2336
1787921574.408091,0.930514,-2.012853,1.871430,0.3498,0.2336
1787921574.414699,0.929679,-2.010959,1.871844,0.3383,0.2336
1787921574.421490,0.928664,-2.008731,1.871796,0.3441,0.2336
1787921574.429159,0.927869,-2.006911,1.872354,0.3181,0.2336
1787921574.434220,0.927314,-2.004522,1.873254,0.3676,0.2336
1787921574.441901,0.926252,-2.002643,1.873720,0.3398,0.2336
1787921574.448034,0.925455,-2.000366,1.873950,0.3558,0.2320
1787921574.456694,0.924260,-1.998227,1.874159,0.3321,0.2320
1787921574.461303,0.923700,-1.996105,1.875133,0.3752,0.2320
1787921574.467856,0.922521,-1.993920,1.875060,0.3742,0.2320
1787921574.479209,0.921671,-1.991727,1.875846,0.3240,0.2320
1787921574.481493,0.920763,-1.989456,1.876246,0.5471,0.2320
1787921574.487973,0.920174,-1.987234,1.877899,0.4893,0.2320
1787921574.499154,0.919125,-1.985096,1.877774,0.4057,0.2320
1787921574.501215,0.917950,-1.983042,1.877836,0.6207,0.2320
1787921574.510376,0.917217,-1.980702,1.878644,0.5148,0.2320
1787921574.514265,0.916157,-1.978837,1.878980,0.5222,0.2320
1787921574.521866,0.915581,-1.976474,1.880285,0.4613,0.2320
1787921574.528092,0.914725,-1.974551,1.880727,0.4238,0.2320
1787921574.535209,0.914206,-1.972103,1.882056,0.4016,0.2320
1787921574.540823,0.912960,-1.970265,1.881943,0.3950,0.2320
1787921574.548026,0.912625,-1.968048,1.883471,0.3686,0.2260
1787921574.554666,0.911541,-1.966017,1.883585,0.3604,0.2260
1787921574.561169,0.910970,-1.963866,1.884764,0.3548,0.2260
1787921574.568026,0.909940,-1.961771,1.885289,0.3495,0.2260
1787921574.575919,0.909431,-1.959744,1.886701,0.3239,0.2260
1787921574.581758,0.908404,-1.957574,1.887062,0.3491,0.2260
1787921574.588208,0.907731,-1.955347,1.888007,0.3525,0.2260
1787921574.594233,0.906931,-1.953442,1.888801,0.3493,0.2260
1787921574.601720,0.906289,-1.951120,1.889902,0.3409,0.2260
1787921574.607423,0.905233,-1.949208,1.890148,0.3516,0.2260
1787921574.615188,0.904701,-1.946821,1.891257,0.3401,0.2260
1787921574.621628,0.903832,-1.944830,1.892055,0.3388,0.2260
1787921574.629009,0.903285,-1.942590,1.893312,0.3306,0.2260
1787921574.635077,0.902392,-1.940483,1.893320,0.3442,0.2260
1787921574.641208,0.901534,-1.938420,1.894067,0.3500,0.2260
1787921574.647663,0.900831,-1.936181,1.894592,0.3541,0.1602
1787921574.654725,0.900208,-1.934158,1.895586,0.3377,0.1602
1787921574.661813,0.899008,-1.931845,1.896073,0.3454,0.1602
1787921574.667964,0.898571,-1.929843,1.896768,0.3411,0.1602
1787921574.676650,0.897874,-1.927397,1.897916,0.3265,0.1602
1787921574.684238,0.896854,-1.925354,1.897830,0.3180,0.1602
1787921574.688344,0.896042,-1.922957,1.898098,0.4075,0.1602
1787921574.694663,0.895302,-1.920858,1.899328,0.3909,0.1602
1787921574.701066,0.894630,-1.918588,1.899954,0.3845,0.1602
1787921574.708119,0.893551,-1.916483,1.900273,0.3687,0.1602
1787921574.714395,0.892836,-1.914317,1.900589,0.3671,0.1602
1787921574.721404,0.891864,-1.912185,1.901185,0.3568,0.1602
1787921574.728060,0.891546,-1.909886,1.902739,0.3524,0.1602
1787921574.734652,0.890312,-1.907828,1.902338,0.3535,0.1602
1787921574.741939,0.889688,-1.905709,1.903498,0.3383,0.1602
1787921574.747607,0.888868,-1.903597,1.903656,0.3567,0.1559
1787921574.755175,0.888107,-1.901570,1.904802,0.3355,0.1559
1787921574.764016,0.887511,-1.899266,1.905423,0.3153,0.1559
1787921574.768053,0.886277,-1.897419,1.904876,0.3805,0.1559
1787921574.776060,0.885750,-1.894845,1.906425,0.3639,0.1559
1787921574.787550,0.885120,-1.892838,1.906780,0.3096,0.1559
1787921574.788604,0.883915,-1.890607,1.907393,0.9293,0.1559
1787921574.794679,0.883018,-1.888438,1.907225,0.7662,0.1559
1787921574.804330,0.882292,-1.886335,1.908123,0.6055,0.1559
1787921574.808169,0.881214,-1.884025,1.907992,0.6221,0.1559
1787921574.814832,0.880499,-1.881951,1.908378,0.5342,0.1559
1787921574.821870,0.879868,-1.879491,1.909425,0.4818,0.1559
1787921574.828150,0.878603,-1.877446,1.908803,0.4495,0.1559
1787921574.834528,0.878061,-1.875139,1.909834,0.4254,0.1559
1787921574.841137,0.876940,-1.873061,1.909622,0.4037,0.1559
1787921574.848778,0.876492,-1.870873,1.910827,0.3694,0.1543
1787921574.855108,0.875185,-1.868698,1.910417,0.3765,0.1543
1787921574.862156,0.874423,-1.866288,1.910985,0.3710,0.1543
1787921574.868366,0.873536,-1.864210,1.911060,0.3687,0.1543
1787921574.874330,0.872747,-1.861850,1.911669,0.3832,0.1543
1787921574.881433,0.871633,-1.859660,1.911639,0.3712,0.1543
1787921574.888289,0.870780,-1.857330,1.911889,0.3684,0.1543
1787921574.897449,0.869674,-1.855333,1.911603,0.3316,0.1543
1787921574.901800,0.868887,-1.852964,1.912223,0.4042,0.1543
1787921574.907908,0.867945,-1.850777,1.912299,0.3997,0.1543
1787921574.914558,0.867296,-1.848549,1.912961,0.3843,0.1543
1787921574.921155,0.866239,-1.846386,1.912658,0.3778,0.1543
1787921574.927373,0.865593,-1.844118,1.913613,0.3780,0.1543
1787921574.935289,0.864164,-1.842300,1.912301,0.3476,0.1543
1787921574.941438,0.863870,-1.839940,1.913741,0.3566,0.1543
1787921574.949251,0.862485,-1.837842,1.913412,0.3434,0.0854
1787921574.954482,0.862331,-1.835681,1.914482,0.3600,0.0854
1787921574.961979,0.860401,-1.833588,1.913393,0.3569,0.0854
1787921574.968668,0.860117,-1.831351,1.914337,0.3485,0.0854
1787921574.974433,0.858888,-1.829182,1.914561,0.3718,0.0854
1787921574.980784,0.858546,-1.826824,1.915895,0.3705,0.0854
1787921574.991681,0.857192,-1.824850,1.915365,0.3231,0.0854
1787921574.994891,0.856419,-1.822313,1.915975,0.4737,0.0854
1787921575.001239,0.855563,-1.820343,1.916133,0.4329,0.0854
1787921575.008358,0.854631,-1.817831,1.917192,0.4159,0.0854
1787921575.014578,0.853421,-1.815641,1.916311,0.4103,0.0854
1787921575.021009,0.852758,-1.813379,1.917839,0.3970,0.0854
1787921575.029960,0.851812,-1.811067,1.917678,0.3615,0.0854
1787921575.034533,0.851131,-1.808843,1.918970,0.4054,0.0854
1787921575.042199,0.850114,-1.806553,1.918908,0.3816,0.0854
1787921575.047945,0.849548,-1.804185,1.920218,0.3934,0.0766
1787921575.054523,0.848412,-1.801985,1.919929,0.3874,0.0766
1787921575.062359,0.847525,-1.799711,1.919967,0.3646,0.0766
1787921575.068164,0.846466,-1.797370,1.919993,0.3876,0.0766
1787921575.074944,0.845346,-1.795359,1.919866,0.3719,0.0766
1787921575.081511,0.844818,-1.792862,1.920685,0.3757,0.0766
1787921575.088207,0.843270,-1.790768,1.919543,0.3749,0.0766
1787921575.094342,0.842949,-1.788395,1.920782,0.3768,0.0766
1787921575.101373,0.841596,-1.786424,1.920153,0.3626,0.0766
1787921575.107650,0.841168,-1.784180,1.920747,0.3615,0.0766
1787921575.114318,0.839867,-1.781952,1.920077,0.3673,0.0766
1787921575.121654,0.839447,-1.779839,1.920786,0.3442,0.0766
1787921575.129781,0.838225,-1.777630,1.920036,0.3330,0.0766
1787921575.134610,0.837723,-1.775408,1.920998,0.3735,0.0766
1787921575.140897,0.836724,-1.773311,1.920423,0.3718,0.0766
1787921575.147876,0.835755,-1.771222,1.920553,0.3589,-0.0069
1787921575.154937,0.835212,-1.769066,1.920837,0.3452,-0.0069
1787921575.161272,0.834205,-1.766952,1.920662,0.3520,-0.0069
1787921575.167859,0.833761,-1.764648,1.921335,0.3519,-0.0069
1787921575.174908,0.832703,-1.762515,1.920596,0.3470,-0.0069
1787921575.181414,0.831906,-1.760339,1.920667,0.3498,-0.0069
1787921575.189416,0.830888,-1.758198,1.919749,0.3333,-0.0069
1787921575.195124,0.830293,-1.755763,1.920578,0.3643,-0.0069
1787921575.201074,0.829484,-1.753615,1.919524,0.3707,-0.0069
1787921575.207866,0.828387,-1.751216,1.919971,0.3756,-0.0069
1787921575.214192,0.827753,-1.748988,1.920236,0.3725,-0.0069
1787921575.222407,0.827145,-1.746548,1.921117,0.3521,-0.0069
1787921575.228263,0.826088,-1.744476,1.920304,0.3647,-0.0069
1787921575.234363,0.825278,-1.742096,1.920348,0.3789,-0.0069
1787921575.240976,0.824198,-1.739964,1.919371,0.3729,-0.0069
1787921575.248328,0.823793,-1.737430,1.920171,0.3638,-0.0077
1787921575.254771,0.822941,-1.735284,1.920249,0.3622,-0.0077
1787921575.261433,0.821949,-1.732921,1.919064,0.3688,-0.0077
1787921575.267932,0.820938,-1.730889,1.918919,0.3622,-0.0077
1787921575.277536,0.820676,-1.728355,1.919768,0.3307,-0.0077
1787921575.282353,0.819340,-1.726417,1.918815,0.3734,-0.0077
1787921575.288237,0.818653,-1.724046,1.918517,0.3869,-0.0077
1787921575.297883,0.817515,-1.722023,1.917545,0.3421,-0.0077
1787921575.300908,0.816858,-1.719615,1.916821,0.4862,-0.0077
1787921575.308141,0.815652,-1.717479,1.915705,0.4406,-0.0077
1787921575.315506,0.815031,-1.715169,1.914842,0.4055,-0.0077
1787921575.321341,0.813909,-1.713166,1.913573,0.4003,-0.0077
1787921575.328096,0.812239,-1.711502,1.910584,0.3746,-0.0077
1787921575.334463,0.811099,-1.709423,1.909218,0.3724,-0.0077
1787921575.341582,0.809845,-1.707422,1.907111,0.3578,-0.0077
1787921575.348008,0.808944,-1.705442,1.905785,0.3516,0.0015
1787921575.354492,0.807865,-1.703454,1.904063,0.3493,0.0015
1787921575.361758,0.807053,-1.701345,1.903096,0.3378,0.0015
1787921575.369825,0.806163,-1.699218,1.902072,0.3220,0.0015
1787921575.374227,0.805559,-1.697229,1.901411,0.3669,0.0015
1787921575.381082,0.804247,-1.694900,1.899669,0.3719,0.0015
1787921575.388136,0.803951,-1.692713,1.899675,0.3524,0.0015
1787921575.394439,0.802761,-1.690535,1.898242,0.3631,0.0015
1787921575.401142,0.801044,-1.688983,1.896017,0.3445,0.0015
1787921575.408260,0.799913,-1.686512,1.894458,0.3551,0.0015
1787921575.415332,0.799449,-1.684311,1.894656,0.3433,0.0015
1787921575.421788,0.798237,-1.682225,1.893300,0.3501,0.0015
1787921575.428092,0.797725,-1.679745,1.893515,0.3647,0.0015
1787921575.434514,0.796529,-1.677868,1.892064,0.3561,0.0015
1787921575.441701,0.795427,-1.675762,1.890959,0.3472,0.0015
1787921575.447541,0.794717,-1.673514,1.890527,0.3641,-0.0840
1787921575.454631,0.793836,-1.671464,1.889802,0.3489,-0.0840
1787921575.461122,0.793158,-1.669253,1.889169,0.3512,-0.0840
1787921575.468703,0.791954,-1.667245,1.887809,0.3361,-0.0840
1787921575.474297,0.792446,-1.664716,1.889141,0.3559,-0.0840
1787921575.481990,0.791754,-1.662340,1.889058,0.3455,-0.0840
1787921575.487500,0.791921,-1.659856,1.890038,0.3675,-0.0840
1787921575.495999,0.791018,-1.657634,1.889720,0.3417,-0.0840
1787921575.502308,0.791178,-1.655190,1.891158,0.3471,-0.0840
1787921575.507869,0.790447,-1.652890,1.890865,0.3732,-0.0840
1787921575.514478,0.790099,-1.650785,1.891495,0.3568,-0.0840
1787921575.521055,0.789492,-1.648524,1.891163,0.3564,-0.0840
1787921575.527856,0.788846,-1.646372,1.891255,0.3485,-0.0840
1787921575.535562,0.788193,-1.644133,1.890359,0.3347,-0.0840
1787921575.541059,0.787153,-1.642080,1.889661,0.3585,-0.0840
1787921575.547955,0.786263,-1.639996,1.888108,0.3492,-0.0766
1787921575.554426,0.785625,-1.637910,1.887723,0.3455,-0.0766
1787921575.561011,0.784554,-1.635761,1.886392,0.3501,-0.0766
1787921575.568097,0.783968,-1.633655,1.885829,0.3375,-0.0766
1787921575.574391,0.782983,-1.631297,1.884513,0.3576,-0.0766
1787921575.583215,0.782230,-1.629376,1.883676,0.3204,-0.0766
1787921575.588531,0.781460,-1.627055,1.883020,0.3623,-0.0766
1787921575.594703,0.780488,-1.625007,1.881569,0.3628,-0.0766
1787921575.601195,0.779714,-1.622702,1.880762,0.3663,-0.0766
1787921575.607529,0.778891,-1.620483,1.879501,0.3684,-0.0766
1787921575.615020,0.778009,-1.618315,1.878465,0.3513,-0.0766
1787921575.622956,0.777281,-1.615895,1.877557,0.3414,-0.0766
1787921575.627663,0.776468,-1.613642,1.876859,0.3915,-0.0766
1787921575.636536,0.775827,-1.611408,1.876202,0.3526,-0.0766
1787921575.641757,0.775218,-1.609139,1.875393,0.3817,-0.0766
1787921575.648051,0.774575,-1.606937,1.874845,0.3765,-0.0656
1787921575.656197,0.773798,-1.604889,1.873496,0.3441,-0.0656
1787921575.661424,0.772845,-1.602818,1.871835,0.3706,-0.0656
1787921575.667696,0.772017,-1.600658,1.870302,0.3698,-0.0656
1787921575.674402,0.771486,-1.598551,1.869745,0.3560,-0.0656
1787921575.681130,0.771050,-1.596128,1.868895,0.3581,-0.0656
1787921575.687463,0.769926,-1.594147,1.867489,0.3560,-0.0656
1787921575.694980,0.769482,-1.591805,1.866942,0.3438,-0.0656
1787921575.701654,0.768699,-1.589899,1.865665,0.3329,-0.0656
1787921575.708687,0.767954,-1.587354,1.864579,0.3461,-0.0656
1787921575.714561,0.766865,-1.585394,1.862618,0.3542,-0.0656
1787921575.720895,0.766540,-1.582906,1.862246,0.3652,-0.0656
1787921575.728164,0.765722,-1.580802,1.861175,0.3485,-0.0656
1787921575.734447,0.765319,-1.578425,1.860629,0.3582,-0.0656
1787921575.741447,0.764704,-1.576240,1.859872,0.3480,-0.0656
1787921575.749213,0.763970,-1.573896,1.859044,0.3385,-0.1563
1787921575.754435,0.763433,-1.571531,1.858219,0.3760,-0.1563
1787921575.761315,0.762696,-1.569487,1.857125,0.3578,-0.1563
1787921575.769483,0.762307,-1.567034,1.856845,0.3409,-0.1563
1787921575.775891,0.761588,-1.564884,1.855506,0.3447,-0.1563
1787921575.780898,0.760948,-1.562493,1.854608,0.3895,-0.1563
1787921575.788590,0.760370,-1.560215,1.853442,0.3643,-0.1563
1787921575.795376,0.759704,-1.557903,1.852912,0.3614,-0.1563
1787921575.803047,0.758777,-1.555471,1.851576,0.3544,-0.1563
1787921575.809828,0.758485,-1.553205,1.851908,0.3480,-0.1563
1787921575.814285,0.757719,-1.550798,1.850978,0.4135,-0.1563
1787921575.821729,0.757360,-1.548405,1.851031,0.3861,-0.1563
1787921575.827893,0.756757,-1.546040,1.850220,0.3890,-0.1563
1787921575.834679,0.756291,-1.543710,1.849612,0.3770,-0.1563
1787921575.841279,0.755155,-1.541394,1.847424,0.3793,-0.1563
1787921575.847397,0.754788,-1.539409,1.847164,0.3641,-0.1453
1787921575.858290,0.753534,-1.537221,1.844433,0.3222,-0.1453
1787921575.861280,0.753207,-1.534868,1.843549,0.4618,-0.1453
1787921575.867761,0.752313,-1.532868,1.841490,0.4235,-0.1453
1787921575.874638,0.751488,-1.530643,1.839706,0.3996,-0.1453
1787921575.881413,0.751131,-1.528362,1.839051,0.3813,-0.1453
1787921575.890367,0.750129,-1.526305,1.836579,0.3422,-0.1453
1787921575.894580,0.749363,-1.523958,1.834586,0.4151,-0.1453
1787921575.901048,0.748220,-1.521658,1.831936,0.4073,-0.1453
1787921575.907974,0.747601,-1.519239,1.830792,0.3933,-0.1453
1787921575.914006,0.746692,-1.517068,1.828785,0.3913,-0.1453
1787921575.921208,0.745860,-1.514660,1.827277,0.3797,-0.1453
1787921575.930093,0.745481,-1.512175,1.826475,0.3502,-0.1453
1787921575.934067,0.744523,-1.509851,1.825109,0.4330,-0.1453
1787921575.941297,0.744307,-1.507563,1.824348,0.3973,-0.1453
1787921575.948204,0.743572,-1.505301,1.823182,0.3812,-0.1262
1787921575.954316,0.743115,-1.502856,1.822334,0.3887,-0.1262
1787921575.961475,0.742634,-1.500691,1.821364,0.3650,-0.1262
1787921575.967809,0.741984,-1.498205,1.820327,0.3772,-0.1262
1787921575.974627,0.741597,-1.496021,1.819633,0.3613,-0.1262
1787921575.981455,0.740832,-1.493666,1.818482,0.3615,-0.1262
1787921575.989518,0.740078,-1.491560,1.817034,0.3359,-0.1262
1787921575.995003,0.739865,-1.489226,1.816853,0.3617,-0.1262
1787921576.001148,0.739244,-1.486917,1.815743,0.3699,-0.1262
1787921576.007856,0.738807,-1.484611,1.815074,0.3638,-0.1262
1787921576.015306,0.737928,-1.482487,1.813327,0.3462,-0.1262
1787921576.020771,0.737591,-1.480174,1.812833,0.3700,-0.1262
1787921576.028317,0.737083,-1.477912,1.811751,0.3512,-0.1262
1787921576.034798,0.736619,-1.475715,1.810687,0.3497,-0.1262
1787921576.042276,0.736391,-1.473735,1.809796,0.3241,-0.1262
1787921576.047970,0.735904,-1.471462,1.808792,0.3493,-0.2307
1787921576.054463,0.735178,-1.469570,1.807065,0.3374,-0.2307
1787921576.061231,0.734621,-1.467350,1.805741,0.3376,-0.2307
1787921576.068177,0.734350,-1.465123,1.804924,0.3326,-0.2307
1787921576.074266,0.733701,-1.463199,1.803137,0.3324,-0.2307
1787921576.080945,0.733415,-1.460792,1.802628,0.3409,-0.2307
1787921576.088564,0.732507,-1.458698,1.800542,0.3271,-0.2307
1787921576.095209,0.732302,-1.456511,1.799998,0.3272,-0.2307
1787921576.101364,0.731832,-1.454028,1.798964,0.3521,-0.2307
1787921576.110450,0.731528,-1.451891,1.798530,0.3175,-0.2307
1787921576.117575,0.731348,-1.449432,1.798481,0.3248,-0.2307
1787921576.121757,0.730881,-1.447373,1.797781,0.3788,-0.2307
1787921576.127875,0.730655,-1.444757,1.797046,0.3926,-0.2307
1787921576.136604,0.729969,-1.442557,1.795563,0.3538,-0.2307
1787921576.141303,0.729838,-1.440146,1.795152,0.3996,-0.2307
1787921576.147498,0.728995,-1.437826,1.793321,0.3983,-0.2201
1787921576.155188,0.728657,-1.435694,1.791764,0.3629,-0.2201
1787921576.161363,0.728084,-1.433134,1.790187,0.3814,-0.2201
1787921576.167552,0.727470,-1.431101,1.788401,0.3697,-0.2201
1787921576.175170,0.727305,-1.428899,1.786751,0.3448,-0.2201
1787921576.181199,0.726103,-1.426604,1.784104,0.3656,-0.2201
1787921576.188855,0.725648,-1.424316,1.781742,0.3474,-0.2201
1787921576.194520,0.725512,-1.422194,1.780976,0.3546,-0.2201
1787921576.200969,0.724614,-1.419666,1.778020,0.3719,-0.2201
1787921576.207932,0.724367,-1.417532,1.776501,0.3525,-0.2201
1787921576.214295,0.723391,-1.415441,1.773223,0.3525,-0.2201
1787921576.220896,0.722920,-1.413175,1.771723,0.3520,-0.2201
1787921576.229095,0.722406,-1.411044,1.769747,0.3265,-0.2201
1787921576.234524,0.721982,-1.408944,1.768048,0.3469,-0.2201
1787921576.241259,0.721510,-1.406379,1.765918,0.3590,-0.2201
1787921576.248108,0.721219,-1.404593,1.764861,0.3305,-0.1937
1787921576.254757,0.720714,-1.402297,1.762880,0.3374,-0.1937
1787921576.260914,0.720067,-1.400107,1.760896,0.3470,-0.1937
1787921576.270159,0.719689,-1.397986,1.758567,0.3128,-0.1937
1787921576.276067,0.719416,-1.395652,1.757159,0.3380,-0.1937
1787921576.281522,0.719104,-1.393526,1.755787,0.3546,-0.1937
1787921576.287972,0.718835,-1.391377,1.754273,0.3488,-0.1937
1787921576.294678,0.718271,-1.389210,1.752318,0.3441,-0.1937
1787921576.301228,0.717961,-1.386878,1.750755,0.3485,-0.1937
1787921576.307601,0.717817,-1.384856,1.748656,0.3388,-0.1937
1787921576.315042,0.716535,-1.382707,1.746514,0.3315,-0.1937
1787921576.321804,0.716121,-1.380557,1.744294,0.3292,-0.1937
1787921576.327621,0.715736,-1.378244,1.742742,0.3514,-0.1937
1787921576.334957,0.715345,-1.376050,1.740859,0.3371,-0.1937
1787921576.341163,0.715319,-1.373513,1.739711,0.3571,-0.1937
1787921576.347854,0.715065,-1.371588,1.738536,0.3369,-0.2842
1787921576.354793,0.714725,-1.369227,1.736822,0.3390,-0.2842
1787921576.361193,0.714532,-1.367103,1.735235,0.3370,-0.2842
1787921576.368427,0.713866,-1.365093,1.732237,0.3226,-0.2842
1787921576.374945,0.713874,-1.362739,1.731162,0.3327,-0.2842
1787921576.380950,0.713190,-1.360802,1.728601,0.3338,-0.2842
1787921576.388196,0.712873,-1.358816,1.727002,0.3170,-0.2842
1787921576.394354,0.712768,-1.356477,1.725317,0.3352,-0.2842
1787921576.403215,0.711866,-1.354388,1.722873,0.3092,-0.2842
1787921576.407537,0.712074,-1.352328,1.722406,0.3556,-0.2842
1787921576.414155,0.711493,-1.350209,1.720370,0.3478,-0.2842
1787921576.424352,0.710931,-1.348216,1.718482,0.3039,-0.2842
1787921576.427720,0.711072,-1.345966,1.717946,0.4091,-0.2842
1787921576.435277,0.710561,-1.343915,1.715695,0.3699,-0.2842
1787921576.442687,0.710334,-1.341659,1.714445,0.3506,-0.2842
1787921576.447704,0.709713,-1.339737,1.712078,0.3645,-0.2639
1787921576.454668,0.708931,-1.337584,1.709058,0.3516,-0.2639
1787921576.460916,0.708746,-1.335432,1.707551,0.3497,-0.2639
1787921576.468215,0.708379,-1.333295,1.705641,0.3339,-0.2639
1787921576.474436,0.707660,-1.331179,1.703085,0.3394,-0.2639
1787921576.481472,0.707394,-1.328917,1.701228,0.3347,-0.2639
1787921576.487596,0.707214,-1.327016,1.698903,0.3278,-0.2639
1787921576.495665,0.706503,-1.324833,1.695878,0.3133,-0.2639
1787921576.501455,0.706329,-1.322629,1.693652,0.3337,-0.2639
1787921576.508269,0.705880,-1.320534,1.691081,0.3276,-0.2639
1787921576.514399,0.705321,-1.318345,1.687910,0.3389,-0.2639
1787921576.521261,0.705303,-1.316266,1.686072,0.3276,-0.2639
1787921576.528398,0.704659,-1.313946,1.683051,0.3293,-0.2639
1787921576.534469,0.704401,-1.311906,1.680232,0.3321,-0.2639
1787921576.541253,0.704517,-1.309890,1.678979,0.3205,-0.2639
1787921576.547728,0.702387,-1.307200,1.673771,0.3585,-0.2302
1787921576.554254,0.702891,-1.305217,1.673069,0.3393,-0.2302
1787921576.562698,0.702332,-1.303218,1.670363,0.3101,-0.2302
1787921576.568294,0.702326,-1.301087,1.668310,0.3308,-0.2302
1787921576.574561,0.701906,-1.298948,1.666188,0.3354,-0.2302
1787921576.581153,0.702101,-1.296817,1.664657,0.3305,-0.2302
1787921576.587896,0.701865,-1.295044,1.662442,0.3109,-0.2302
1787921576.595085,0.701785,-1.292940,1.660304,0.3053,-0.2302
1787921576.601196,0.701584,-1.290762,1.658055,0.3211,-0.2302
1787921576.608847,0.701405,-1.288702,1.656238,0.3059,-0.2302
1787921576.614957,0.701461,-1.286712,1.654103,0.3113,-0.2302
1787921576.622846,0.701070,-1.284801,1.652249,0.2915,-0.2302
1787921576.629648,0.701262,-1.282412,1.650758,0.3084,-0.2302
1787921576.634553,0.700987,-1.280478,1.648762,0.3351,-0.2302
1787921576.641038,0.701153,-1.278314,1.647111,0.3338,-0.2302
1787921576.647395,0.700854,-1.276225,1.644955,0.3330,-0.2567
1787921576.655681,0.700552,-1.274067,1.642474,0.3118,-0.2567
1787921576.661023,0.700323,-1.272137,1.640269,0.3273,-0.2567
1787921576.668104,0.700791,-1.269877,1.639258,0.3233,-0.2567
1787921576.675311,0.700437,-1.267881,1.637077,0.3102,-0.2567
1787921576.680972,0.700235,-1.265625,1.634848,0.3372,-0.2567
1787921576.688358,0.700323,-1.263590,1.633456,0.3182,-0.2567
1787921576.695212,0.700351,-1.261528,1.631552,0.3128,-0.2567
1787921576.702988,0.700164,-1.259307,1.629830,0.3049,-0.2567
1787921576.709431,0.700217,-1.257082,1.628358,0.3167,-0.2567
1787921576.713963,0.700200,-1.255173,1.626874,0.3479,-0.2567
1787921576.721852,0.700334,-1.253133,1.625504,0.3207,-0.2567
1787921576.731227,0.700263,-1.250825,1.623931,0.2984,-0.2567
1787921576.735211,0.700375,-1.248800,1.622337,0.3607,-0.2567
1787921576.740884,0.700274,-1.246880,1.620275,0.3541,-0.2567
1787921576.749569,0.700205,-1.244596,1.618487,0.3268,-0.2229
1787921576.754793,0.700201,-1.242618,1.616699,0.3423,-0.2229
1787921576.761606,0.700054,-1.240479,1.614627,0.3340,-0.2229
1787921576.767617,0.700057,-1.238492,1.612502,0.3329,-0.2229
1787921576.778222,0.700056,-1.236384,1.611091,0.2926,-0.2229
1787921576.781187,0.699753,-1.234394,1.608800,0.4071,-0.2229
1787921576.787837,0.699860,-1.232165,1.606837,0.3853,-0.2229
1787921576.794647,0.699773,-1.230124,1.605122,0.3597,-0.2229
1787921576.801211,0.699201,-1.227830,1.602211,0.3574,-0.2229
1787921576.807936,0.699168,-1.225789,1.600325,0.3412,-0.2229
1787921576.814685,0.699145,-1.223528,1.598100,0.3394,-0.2229
1787921576.821050,0.698913,-1.221479,1.595619,0.3344,-0.2229
1787921576.828552,0.698690,-1.219287,1.593305,0.3219,-0.2229
1787921576.837172,0.698355,-1.217002,1.590697,0.3051,-0.2229
1787921576.842172,0.698352,-1.214825,1.589227,0.3442,-0.2229
1787921576.848280,0.698291,-1.212485,1.587522,0.3559,-0.1923
1787921576.857590,0.698215,-1.210652,1.585880,0.3082,-0.1923
1787921576.862191,0.698073,-1.208333,1.583774,0.3671,-0.1923
1787921576.867796,0.697752,-1.206160,1.581380,0.3734,-0.1923
1787921576.874377,0.697604,-1.204019,1.579517,0.3590,-0.1923
1787921576.881240,0.697764,-1.202106,1.578106,0.3349,-0.1923
1787921576.887788,0.697571,-1.199947,1.576071,0.3334,-0.1923
1787921576.894245,0.697565,-1.197854,1.574919,0.3306,-0.1923
1787921576.900887,0.697515,-1.195737,1.573081,0.3270,-0.1923
1787921576.907793,0.697763,-1.193880,1.571906,0.3096,-0.1923
1787921576.914408,0.697269,-1.191748,1.569707,0.3134,-0.1923
1787921576.921381,0.697292,-1.189474,1.568016,0.3172,-0.1923
1787921576.929409,0.697464,-1.187483,1.567137,0.2965,-0.1923
1787921576.936884,0.697453,-1.185540,1.565374,0.2855,-0.1923
1787921576.941166,0.696930,-1.183549,1.563325,0.3391,-0.1923
1787921576.947873,0.697356,-1.181324,1.562534,0.3370,-0.1897
1787921576.955081,0.697280,-1.179292,1.560879,0.3205,-0.1897
1787921576.960850,0.696738,-1.177202,1.558315,0.3326,-0.1897
1787921576.967747,0.697500,-1.174800,1.558252,0.3377,-0.1897
1787921576.974480,0.697401,-1.172938,1.556737,0.3193,-0.1897
1787921576.981583,0.697397,-1.170965,1.554970,0.3068,-0.1897
1787921576.988094,0.697386,-1.168810,1.553416,0.3140,-0.1897
1787921576.994369,0.697774,-1.166776,1.552550,0.3174,-0.1897
1787921577.001088,0.697744,-1.164544,1.550850,0.3218,-0.1897
1787921577.008039,0.697411,-1.162216,1.549348,0.3254,-0.1897
1787921577.014049,0.698063,-1.160123,1.548149,0.3330,-0.1897
1787921577.021488,0.697717,-1.157934,1.546337,0.3210,-0.1897
1787921577.027965,0.698295,-1.155862,1.545750,0.3213,-0.1897
1787921577.040362,0.697885,-1.153678,1.543784,0.2775,-0.1897
1787921577.041378,0.698479,-1.151416,1.543228,0.8667,-0.1897
1787921577.047566,0.698590,-1.149359,1.542242,0.7065,-0.1646
1787921577.056648,0.698815,-1.147092,1.540575,0.5696,-0.1646
1787921577.061134,0.698571,-1.145030,1.539171,0.5361,-0.1646
1787921577.067672,0.698986,-1.142858,1.538302,0.4755,-0.1646
1787921577.074497,0.698979,-1.140841,1.536791,0.4215,-0.1646
1787921577.080855,0.699291,-1.138888,1.535997,0.3876,-0.1646
1787921577.087880,0.699610,-1.136617,1.534873,0.3687,-0.1646
1787921577.094723,0.699412,-1.134539,1.533329,0.3488,-0.1646
1787921577.101567,0.699868,-1.132473,1.532071,0.3354,-0.1646
1787921577.107625,0.700081,-1.130701,1.530965,0.3229,-0.1646
1787921577.115027,0.700240,-1.128394,1.529278,0.3197,-0.1646
1787921577.121279,0.699949,-1.126316,1.527363,0.3228,-0.1646
1787921577.127778,0.700328,-1.124346,1.526552,0.3176,-0.1646
1787921577.134697,0.700479,-1.122399,1.524770,0.3070,-0.1646
1787921577.142072,0.700401,-1.120188,1.523250,0.3046,-0.1646
1787921577.147997,0.700318,-1.117941,1.521515,0.3266,-0.1347
1787921577.154424,0.700360,-1.115944,1.519580,0.3218,-0.1347
1787921577.161074,0.700805,-1.113920,1.518675,0.3175,-0.1347
1787921577.168615,0.700689,-1.111563,1.516815,0.3156,-0.1347
1787921577.174201,0.700759,-1.109515,1.515646,0.3310,-0.1347
1787921577.181095,0.700786,-1.107403,1.513690,0.3235,-0.1347
1787921577.187680,0.701002,-1.105447,1.512430,0.3160,-0.1347
1787921577.194434,0.701131,-1.103238,1.510970,0.3195,-0.1347
1787921577.201181,0.701277,-1.101032,1.509443,0.3220,-0.1347
1787921577.208205,0.701290,-1.098784,1.507639,0.3212,-0.1347
1787921577.214668,0.701488,-1.096677,1.505975,0.3231,-0.1347
1787921577.221563,0.701338,-1.094465,1.503918,0.3217,-0.1347
1787921577.227986,0.701289,-1.092271,1.502416,0.3273,-0.1347
1787921577.237282,0.701600,-1.089845,1.501400,0.3079,-0.1347
1787921577.244316,0.701433,-1.087762,1.499638,0.3036,-0.1247
1787921577.247891,0.701754,-1.085758,1.498939,0.3822,-0.1247
1787921577.254972,0.701841,-1.083380,1.497441,0.3683,-0.1247
1787921577.261289,0.701995,-1.081361,1.496616,0.3540,-0.1247
1787921577.267858,0.701734,-1.079034,1.494785,0.3528,-0.1247
1787921577.275728,0.702464,-1.077240,1.494771,0.3173,-0.1247
1787921577.281770,0.702713,-1.075141,1.494178,0.3269,-0.1247
1787921577.288115,0.702845,-1.072857,1.493325,0.3370,-0.1247
1787921577.294553,0.703173,-1.070899,1.492715,0.3280,-0.1247
1787921577.302230,0.703308,-1.069028,1.491784,0.3030,-0.1247
1787921577.307648,0.703639,-1.066990,1.491317,0.3260,-0.1247
1787921577.314751,0.703795,-1.064767,1.490441,0.3223,-0.1247
1787921577.323844,0.704140,-1.062719,1.489952,0.2939,-0.1247
1787921577.328171,0.704401,-1.060677,1.488998,0.3483,-0.1247
1787921577.334693,0.704856,-1.058413,1.488648,0.3493,-0.1247
1787921577.341395,0.704949,-1.056478,1.487424,0.3312,-0.1247
1787921577.347545,0.705021,-1.054197,1.486222,0.3430,-0.1036
1787921577.355394,0.705333,-1.052212,1.485446,0.3167,-0.1036
1787921577.363816,0.705540,-1.050003,1.484409,0.3007,-0.1036
1787921577.367413,0.705607,-1.047686,1.482697,0.4035,-0.1036
1787921577.374753,0.706111,-1.045545,1.482510,0.3715,-0.1036
1787921577.381079,0.706189,-1.043399,1.480857,0.3617,-0.1036
1787921577.389100,0.706303,-1.041303,1.479688,0.3316,-0.1036
1787921577.394766,0.706869,-1.039144,1.479193,0.3487,-0.1036
1787921577.400865,0.706898,-1.037156,1.477292,0.3416,-0.1036
1787921577.407914,0.707015,-1.034666,1.475790,0.3451,-0.1036
1787921577.414254,0.707526,-1.032557,1.474846,0.3432,-0.1036
1787921577.421095,0.707507,-1.030486,1.472923,0.3305,-0.1036
1787921577.428521,0.707702,-1.028399,1.471803,0.3161,-0.1036
1787921577.434509,0.707594,-1.025863,1.469791,0.3471,-0.1036
1787921577.441406,0.707851,-1.023947,1.468947,0.3270,-0.1036
1787921577.448790,0.708146,-1.021714,1.467598,0.3204,-0.0789
1787921577.454354,0.708221,-1.019693,1.466700,0.3331,-0.0789
1787921577.461416,0.708112,-1.017474,1.464816,0.3264,-0.0789
1787921577.467775,0.708644,-1.015538,1.464740,0.3220,-0.0789
1787921577.474230,0.708732,-1.013409,1.463673,0.3242,-0.0789
1787921577.481512,0.708693,-1.011190,1.462470,0.3176,-0.0789
1787921577.488233,0.708915,-1.009197,1.461745,0.3119,-0.0789
1787921577.494562,0.709341,-1.007336,1.461238,0.3082,-0.0789
1787921577.501371,0.709482,-1.005223,1.460156,0.3090,-0.0789
1787921577.507477,0.709509,-1.003005,1.459493,0.3247,-0.0789
1787921577.514758,0.709675,-1.000844,1.458723,0.3165,-0.0789
1787921577.521195,0.710078,-0.998955,1.458648,0.3112,-0.0789
1787921577.530347,0.710113,-0.996796,1.457770,0.2883,-0.0789
1787921577.534419,0.709960,-0.994416,1.456535,0.3747,-0.0789
1787921577.541031,0.710620,-0.992470,1.456651,0.3534,-0.0789
1787921577.550328,0.710534,-0.990418,1.455597,0.3129,-0.0382
1787921577.556850,0.710508,-0.988146,1.455141,0.3227,-0.0382
1787921577.561024,0.711219,-0.986029,1.454943,0.3829,-0.0382
1787921577.568667,0.711306,-0.983920,1.454420,0.3506,-0.0382
1787921577.574511,0.711306,-0.981617,1.453348,0.3629,-0.0382
1787921577.581164,0.711588,-0.979443,1.453058,0.3529,-0.0382
1787921577.588019,0.712186,-0.977282,1.452871,0.3440,-0.0382
1787921577.594561,0.712013,-0.975236,1.451524,0.3330,-0.0382
1787921577.600893,0.712160,-0.973032,1.450501,0.3376,-0.0382
1787921577.608266,0.712136,-0.970789,1.449005,0.3268,-0.0382
1787921577.615904,0.712667,-0.968677,1.448334,0.3137,-0.0382
1787921577.623641,0.712538,-0.966467,1.446990,0.3040,-0.0382
1787921577.628076,0.712677,-0.964247,1.445942,0.3630,-0.0382
1787921577.639717,0.712925,-0.961899,1.445432,0.3149,-0.0382
1787921577.641856,0.713157,-0.959742,1.444477,0.5247,-0.0382
1787921577.649173,0.713145,-0.957709,1.443483,0.4499,-0.0239
1787921577.655438,0.713298,-0.955321,1.443031,0.4293,-0.0239
1787921577.661363,0.714133,-0.953243,1.443048,0.4102,-0.0239
1787921577.667924,0.713916,-0.951068,1.442086,0.3845,-0.0239
1787921577.674527,0.714460,-0.948938,1.442209,0.3683,-0.0239
1787921577.681769,0.714800,-0.946724,1.442169,0.3506,-0.0239
1787921577.688510,0.715150,-0.944680,1.442043,0.3376,-0.0239
1787921577.695137,0.715443,-0.942445,1.441240,0.3384,-0.0239
1787921577.701165,0.715637,-0.940373,1.441028,0.3404,-0.0239
1787921577.707350,0.715951,-0.938234,1.440459,0.3431,-0.0239
1787921577.714712,0.716570,-0.936008,1.440917,0.3334,-0.0239
1787921577.720901,0.716454,-0.933746,1.439700,0.3413,-0.0239
1787921577.727684,0.716741,-0.931860,1.439649,0.3233,-0.0239
1787921577.735773,0.717081,-0.929393,1.439157,0.3187,-0.0239
1787921577.741231,0.716090,-0.927112,1.437634,0.3401,-0.0239
1787921577.748674,0.716428,-0.924939,1.437214,0.3267,-0.0140
1787921577.755294,0.716864,-0.922836,1.437414,0.3258,-0.0140
1787921577.760889,0.716423,-0.920334,1.436187,0.3578,-0.0140
1787921577.768169,0.716769,-0.918109,1.436282,0.3432,-0.0140
1787921577.774061,0.717396,-0.915905,1.436336,0.3557,-0.0140
1787921577.781713,0.717497,-0.913793,1.435920,0.3316,-0.0140
1787921577.788251,0.717398,-0.911285,1.434652,0.3455,-0.0140
1787921577.796066,0.717886,-0.909252,1.434838,0.3217,-0.0140
1787921577.800912,0.717983,-0.907003,1.433989,0.3640,-0.0140
1787921577.807972,0.718200,-0.904681,1.433506,0.3538,-0.0140
1787921577.814342,0.718199,-0.902331,1.432862,0.3572,-0.0140
1787921577.821399,0.718759,-0.900239,1.433136,0.3414,-0.0140
1787921577.827483,0.719054,-0.898003,1.433075,0.3502,-0.0140
1787921577.836596,0.719068,-0.895708,1.432744,0.3200,-0.0140
1787921577.841567,0.719050,-0.893292,1.431737,0.3683,-0.0140
1787921577.847715,0.719624,-0.891066,1.432110,0.3692,0.0821
1787921577.857697,0.719184,-0.888644,1.430526,0.3287,0.0821
1787921577.862674,0.719766,-0.886403,1.431012,0.3688,0.0821
1787921577.871370,0.719853,-0.884025,1.430787,0.3398,0.0821
1787921577.875397,0.720168,-0.881885,1.430937,0.3990,0.0821
1787921577.881173,0.720317,-0.879465,1.430567,0.4048,0.0821
1787921577.889735,0.720937,-0.877273,1.431772,0.3625,0.0821
1787921577.894643,0.720777,-0.874887,1.430715,0.3967,0.0821
1787921577.901332,0.721542,-0.872850,1.431913,0.3729,0.0821
1787921577.907579,0.721401,-0.870467,1.430764,0.3734,0.0821
1787921577.914767,0.721822,-0.868200,1.430937,0.3576,0.0821
1787921577.925355,0.721663,-0.866023,1.430478,0.3107,0.0821
1787921577.932766,0.722120,-0.863604,1.430603,0.3171,0.0821
1787921577.934451,0.722472,-0.861492,1.431169,0.6030,0.0821
1787921577.941515,0.722658,-0.859035,1.430722,0.5265,0.0821
1787921577.947546,0.723064,-0.856709,1.431416,0.4859,0.0858
1787921577.954949,0.723351,-0.854524,1.431341,0.4294,0.0858
1787921577.961268,0.723508,-0.852394,1.431452,0.4018,0.0858
1787921577.968030,0.723761,-0.850008,1.431281,0.3877,0.0858
1787921577.974218,0.724036,-0.847720,1.431272,0.3831,0.0858
1787921577.981177,0.724398,-0.845551,1.431636,0.3629,0.0858
1787921577.989162,0.724546,-0.843234,1.431215,0.3410,0.0858
1787921577.994589,0.725119,-0.841087,1.432069,0.3607,0.0858
1787921578.001182,0.725421,-0.838712,1.432155,0.3614,0.0858
1787921578.007830,0.725557,-0.836648,1.432098,0.3461,0.0858
1787921578.014410,0.726085,-0.834197,1.432410,0.3562,0.0858
1787921578.021739,0.726330,-0.832067,1.432394,0.3371,0.0858
1787921578.027636,0.726589,-0.829750,1.432517,0.3545,0.0858
1787921578.034758,0.726637,-0.827527,1.432163,0.3412,0.0858
1787921578.041890,0.727066,-0.825065,1.432338,0.3439,0.0858
1787921578.048298,0.727291,-0.822922,1.432552,0.3416,0.0880
1787921578.055152,0.727906,-0.820682,1.433529,0.3399,0.0880
1787921578.062342,0.727962,-0.818342,1.433667,0.3350,0.0880
1787921578.068092,0.728122,-0.816073,1.433206,0.3529,0.0880
1787921578.074752,0.728576,-0.813869,1.434314,0.3482,0.0880
1787921578.080918,0.729107,-0.811564,1.434656,0.3583,0.0880
1787921578.089944,0.729165,-0.809475,1.435311,0.3199,0.0880
1787921578.094345,0.729660,-0.807224,1.435398,0.3805,0.0880
1787921578.101071,0.729829,-0.804971,1.435686,0.3669,0.0880
1787921578.107896,0.730096,-0.802611,1.435830,0.3612,0.0880
1787921578.114163,0.730205,-0.800389,1.436337,0.3590,0.0880
1787921578.120936,0.730522,-0.798147,1.436662,0.3516,0.0880
1787921578.129134,0.731009,-0.795829,1.437496,0.3325,0.0880
1787921578.134349,0.731242,-0.793615,1.437686,0.3608,0.0880
1787921578.143261,0.731585,-0.791405,1.437960,0.3278,0.2708
1787921578.147815,0.731893,-0.788925,1.438470,0.3941,0.2708
1787921578.155007,0.731807,-0.786814,1.438433,0.3627,0.2708
1787921578.161009,0.732025,-0.784535,1.438625,0.3682,0.2708
1787921578.167827,0.732477,-0.782283,1.439015,0.3586,0.2708
1787921578.174374,0.732265,-0.780025,1.438896,0.3523,0.2708
1787921578.181203,0.732724,-0.777638,1.439382,0.3532,0.2708
1787921578.187460,0.732924,-0.775415,1.439903,0.3542,0.2708
1787921578.194957,0.732824,-0.773064,1.439538,0.3407,0.2708
1787921578.201185,0.733271,-0.770825,1.440143,0.3482,0.2708
1787921578.207793,0.733767,-0.768485,1.440847,0.3520,0.2708
1787921578.214507,0.733586,-0.766167,1.440614,0.3481,0.2708
1787921578.221012,0.733929,-0.763825,1.441006,0.3528,0.2708
1787921578.227491,0.734003,-0.761599,1.440499,0.3496,0.2708
1787921578.234369,0.733704,-0.758970,1.439189,0.3567,0.2708
1787921578.241240,0.734024,-0.756632,1.439201,0.3527,0.2708
1787921578.248133,0.734059,-0.754330,1.438833,0.3464,0.2848
1787921578.254396,0.734057,-0.751953,1.438984,0.3553,0.2848
1787921578.261150,0.734435,-0.749474,1.439570,0.3601,0.2848
1787921578.268565,0.735160,-0.747277,1.441324,0.3440,0.2848
1787921578.274590,0.734787,-0.744754,1.440857,0.3629,0.2848
1787921578.281233,0.735525,-0.742608,1.442572,0.3545,0.2848
1787921578.288527,0.735823,-0.740259,1.443715,0.3455,0.2848
1787921578.294564,0.736209,-0.737865,1.444810,0.3623,0.2848
1787921578.301859,0.736461,-0.735676,1.445709,0.3442,0.2848
1787921578.307752,0.737347,-0.733321,1.447733,0.3655,0.2848
1787921578.314100,0.738630,-0.730539,1.448990,0.3937,0.2848
1787921578.322360,0.739325,-0.728149,1.449876,0.3648,0.2848
1787921578.328662,0.739946,-0.725839,1.451544,0.3681,0.2848
1787921578.336102,0.738306,-0.722664,1.449460,0.3767,0.2848
1787921578.341191,0.739140,-0.720322,1.451180,0.4066,0.2848
1787921578.348044,0.739597,-0.718008,1.453431,0.3876,0.2876
1787921578.354447,0.739191,-0.715556,1.453162,0.3832,0.2876
1787921578.363001,0.739999,-0.713336,1.454994,0.3488,0.2876
1787921578.369773,0.739709,-0.710916,1.454734,0.3492,0.2876
1787921578.374827,0.740070,-0.708509,1.455809,0.3888,0.2876
1787921578.381894,0.740636,-0.706313,1.457615,0.3675,0.2876
1787921578.387931,0.740292,-0.703614,1.457814,0.3886,0.2876
1787921578.394538,0.740384,-0.701412,1.458348,0.3718,0.2876
1787921578.401232,0.740688,-0.699044,1.459367,0.3673,0.2876
1787921578.408042,0.740699,-0.696789,1.460365,0.3559,0.2876
1787921578.414711,0.740638,-0.694440,1.460920,0.3538,0.2876
1787921578.421047,0.740860,-0.692137,1.461907,0.3572,0.2876
1787921578.428575,0.740734,-0.689807,1.462335,0.3418,0.2876
1787921578.434622,0.740687,-0.687615,1.463249,0.3471,0.2876
1787921578.441216,0.740862,-0.685352,1.463897,0.3462,0.2876
1787921578.450304,0.741332,-0.684004,1.467513,0.2882,0.4515
1787921578.454205,0.741391,-0.681888,1.468499,0.3641,0.4515
1787921578.461771,0.741709,-0.679689,1.470329,0.3429,0.4515
1787921578.471869,0.741811,-0.677387,1.471445,0.3084,0.4515
1787921578.474863,0.742080,-0.675233,1.473204,0.4334,0.4515
1787921578.481090,0.742031,-0.672771,1.474477,0.4212,0.4515
1787921578.490339,0.742148,-0.670706,1.475596,0.3619,0.4515
1787921578.494737,0.742346,-0.668417,1.476582,0.4100,0.4515
1787921578.501286,0.742178,-0.665934,1.477192,0.3995,0.4515
1787921578.507913,0.742267,-0.663933,1.478524,0.3703,0.4515
1787921578.514182,0.742313,-0.661593,1.479465,0.3709,0.4515
1787921578.520963,0.742175,-0.659105,1.480141,0.3687,0.4515
1787921578.528565,0.742288,-0.657069,1.481182,0.3385,0.4515
1787921578.534151,0.742780,-0.654657,1.482636,0.3683,0.4515
1787921578.541554,0.742159,-0.652288,1.482715,0.3513,0.4515
1787921578.547362,0.742656,-0.650186,1.484735,0.3562,0.4489
1787921578.554325,0.742774,-0.647499,1.485990,0.3651,0.4489
1787921578.561322,0.742579,-0.645299,1.487043,0.3489,0.4489
1787921578.568279,0.743581,-0.642998,1.490523,0.3466,0.4489
1787921578.576440,0.743301,-0.640603,1.491829,0.3296,0.4489
1787921578.580986,0.743387,-0.638263,1.493581,0.3852,0.4489
1787921578.588130,0.743741,-0.635878,1.496084,0.3705,0.4489
1787921578.594943,0.743880,-0.633573,1.498978,0.3611,0.4489
1787921578.600892,0.744772,-0.631446,1.502680,0.3629,0.4489
1787921578.608125,0.744407,-0.629153,1.504266,0.3478,0.4489
1787921578.614279,0.744746,-0.626894,1.507115,0.3545,0.4489
1787921578.621563,0.744684,-0.624495,1.509196,0.3466,0.4489
1787921578.627627,0.744815,-0.622202,1.511437,0.3563,0.4489
1787921578.634437,0.745193,-0.620210,1.514363,0.3379,0.4489
1787921578.641605,0.744712,-0.617942,1.515872,0.3302,0.4489
1787921578.647919,0.745275,-0.615764,1.519063,0.3359,0.4372
1787921578.655159,0.744871,-0.613379,1.520731,0.3330,0.4372
1787921578.661621,0.744870,-0.611365,1.522429,0.3265,0.4372
1787921578.670252,0.744957,-0.608988,1.524734,0.3112,0.4372
1787921578.677507,0.744558,-0.606774,1.526400,0.3086,0.4372
1787921578.681086,0.744855,-0.604721,1.528562,0.3890,0.4372
1787921578.690286,0.744642,-0.602311,1.530392,0.3505,0.4372
1787921578.693871,0.744008,-0.600217,1.531500,0.4183,0.4372
1787921578.703271,0.744503,-0.597931,1.534961,0.3663,0.4372
1787921578.707528,0.743802,-0.595741,1.536342,0.4089,0.4372
1787921578.714785,0.743846,-0.593470,1.538475,0.3802,0.4372
1787921578.721020,0.744218,-0.591065,1.541785,0.3823,0.4372
1787921578.727499,0.743253,-0.588967,1.542975,0.3635,0.4372
1787921578.734636,0.743730,-0.586541,1.545815,0.3569,0.4372
1787921578.741083,0.743156,-0.584268,1.547564,0.3549,0.4372
1787921578.747727,0.743380,-0.582025,1.550462,0.3499,0.5241
1787921578.754633,0.743024,-0.579719,1.552894,0.3448,0.5241
1787921578.760877,0.742908,-0.577183,1.555055,0.3631,0.5241
1787921578.767812,0.742916,-0.575014,1.557630,0.3480,0.5241
1787921578.775137,0.742568,-0.572768,1.560158,0.3354,0.5241
1787921578.780894,0.742443,-0.570266,1.562132,0.3651,0.5241
1787921578.787882,0.742157,-0.567982,1.564075,0.3536,0.5241
1787921578.795291,0.741868,-0.565526,1.565843,0.3469,0.5241
1787921578.800885,0.741659,-0.563465,1.567963,0.3533,0.5241
1787921578.808096,0.741219,-0.561010,1.569167,0.3494,0.5241
1787921578.814384,0.741104,-0.558774,1.570565,0.3513,0.5241
1787921578.821499,0.741183,-0.556470,1.573117,0.3430,0.5241
1787921578.828302,0.740592,-0.554252,1.574943,0.3380,0.5241
1787921578.834547,0.741123,-0.552114,1.578239,0.3391,0.5241
1787921578.841329,0.740826,-0.549766,1.580576,0.3414,0.5241
1787921578.847826,0.740555,-0.547552,1.582889,0.3413,0.5078
1787921578.854276,0.740041,-0.545396,1.584927,0.3396,0.5078
1787921578.861176,0.740485,-0.543110,1.588002,0.3367,0.5078
1787921578.867462,0.739833,-0.541044,1.589756,0.3349,0.5078
1787921578.875121,0.739741,-0.538728,1.592266,0.3252,0.5078
1787921578.881766,0.739801,-0.536631,1.595232,0.3222,0.5078
1787921578.888100,0.738811,-0.534352,1.596370,0.3347,0.5078
1787921578.894374,0.739538,-0.532189,1.600271,0.3366,0.5078
1787921578.901111,0.738969,-0.530241,1.602997,0.3232,0.5078
1787921578.908228,0.739082,-0.528043,1.606329,0.3186,0.5078
1787921578.914579,0.738479,-0.525887,1.608328,0.3259,0.5078
1787921578.921540,0.738171,-0.523745,1.610886,0.3209,0.5078
1787921578.927930,0.738807,-0.521902,1.615378,0.3097,0.5078
1787921578.934762,0.737973,-0.519705,1.617189,0.3149,0.5078
1787921578.943062,0.738137,-0.517584,1.620636,0.2967,0.5078
1787921578.947380,0.737797,-0.515645,1.623153,0.3434,0.4831
1787921578.955604,0.737706,-0.513409,1.626008,0.3220,0.4831
1787921578.962357,0.737075,-0.511437,1.628135,0.3145,0.4831
1787921578.968343,0.737012,-0.509205,1.631112,0.3320,0.4831
1787921578.974302,0.736523,-0.507233,1.634024,0.3330,0.4831
1787921578.983895,0.736555,-0.505031,1.636817,0.3018,0.4831
1787921578.988221,0.735931,-0.503049,1.639033,0.3513,0.4831
1787921578.994299,0.736263,-0.501040,1.642950,0.3437,0.4831
1787921579.001572,0.735630,-0.498737,1.645016,0.3372,0.4831
1787921579.007786,0.735504,-0.496869,1.648420,0.3265,0.4831
1787921579.014234,0.734955,-0.494563,1.650611,0.3375,0.4831
1787921579.021594,0.734594,-0.492464,1.652804,0.3227,0.4831
1787921579.027644,0.734424,-0.490582,1.655991,0.3196,0.4831
1787921579.037475,0.734180,-0.488313,1.658856,0.2933,0.4831
1787921579.041084,0.733909,-0.486393,1.661412,0.3663,0.4831
1787921579.048048,0.733159,-0.484101,1.663394,0.3577,0.5877
1787921579.055597,0.733430,-0.482306,1.667149,0.3204,0.5877
1787921579.061471,0.732992,-0.479954,1.668972,0.3460,0.5877
1787921579.067553,0.732291,-0.478044,1.671133,0.3394,0.5877
1787921579.074775,0.732042,-0.475962,1.673448,0.3247,0.5877
1787921579.081519,0.731479,-0.473797,1.675282,0.3257,0.5877
1787921579.089045,0.731436,-0.471824,1.678135,0.3063,0.5877
1787921579.094236,0.730479,-0.469586,1.678839,0.3490,0.5877
1787921579.101445,0.729933,-0.467772,1.680683,0.3218,0.5877
1787921579.107646,0.729749,-0.465907,1.683127,0.3160,0.5877
1787921579.114627,0.729247,-0.463800,1.684279,0.3136,0.5877
1787921579.120963,0.728738,-0.462021,1.686279,0.3059,0.5877
1787921579.127448,0.728914,-0.459981,1.689360,0.3069,0.5877
1787921579.134947,0.728435,-0.457834,1.691103,0.3024,0.5877
1787921579.141836,0.727998,-0.456098,1.693196,0.2890,0.5877
1787921579.149733,0.727860,-0.453826,1.695792,0.2886,0.5778
1787921579.154586,0.727255,-0.452029,1.698492,0.3170,0.5778
1787921579.161443,0.726788,-0.450282,1.700615,0.3003,0.5778
1787921579.167383,0.726544,-0.448076,1.703461,0.3223,0.5778
1787921579.175581,0.726539,-0.446384,1.707303,0.2870,0.5778
1787921579.182761,0.725981,-0.444273,1.709199,0.2915,0.5778
1787921579.189788,0.725985,-0.442230,1.713457,0.2903,0.5778
1787921579.194281,0.725825,-0.440511,1.716472,0.3184,0.5778
1787921579.201349,0.725086,-0.438394,1.719101,0.3163,0.5778
1787921579.208031,0.725589,-0.436507,1.724394,0.3017,0.5778
1787921579.214316,0.724746,-0.434349,1.726392,0.3192,0.5778
1787921579.221245,0.724648,-0.432586,1.729817,0.2995,0.5778
1787921579.227639,0.724165,-0.430284,1.733045,0.3199,0.5778
1787921579.234225,0.723824,-0.428413,1.736408,0.3105,0.5778
1787921579.241050,0.723242,-0.426569,1.739068,0.3016,0.5778
1787921579.248303,0.722808,-0.424369,1.742019,0.3038,0.5567
1787921579.254782,0.722310,-0.422643,1.744435,0.2954,0.5567
1787921579.261201,0.721598,-0.420545,1.747160,0.3092,0.5567
1787921579.269938,0.721479,-0.418798,1.750532,0.2762,0.5567
1787921579.274893,0.720450,-0.416892,1.752077,0.3180,0.5567
1787921579.281542,0.720453,-0.415037,1.755273,0.3049,0.5567
1787921579.291312,0.719606,-0.413155,1.756873,0.2750,0.5567
1787921579.294677,0.719046,-0.411458,1.759065,0.3505,0.5567
1787921579.300899,0.718351,-0.409582,1.761203,0.3405,0.5567
1787921579.307386,0.718123,-0.407957,1.764206,0.3141,0.5567
1787921579.314396,0.717061,-0.406647,1.765418,0.2837,0.5567
1787921579.321576,0.716416,-0.404564,1.767441,0.2892,0.5567
1787921579.327471,0.716082,-0.403183,1.769998,0.2747,0.5567
1787921579.334373,0.714945,-0.401546,1.771110,0.2718,0.5567
1787921579.341184,0.714693,-0.399735,1.773826,0.2706,0.5567
1787921579.347852,0.714594,-0.398358,1.776942,0.2510,0.6581
1787921579.354602,0.713369,-0.396807,1.778234,0.2544,0.6581
1787921579.362953,0.713305,-0.395213,1.781696,0.2345,0.6581
1787921579.368144,0.712705,-0.393474,1.784054,0.2697,0.6581
1787921579.374404,0.711679,-0.392097,1.785857,0.2638,0.6581
1787921579.381351,0.712051,-0.390136,1.790430,0.2638,0.6581
1787921579.387857,0.710787,-0.388502,1.792378,0.2710,0.6581
1787921579.394299,0.710464,-0.387040,1.795206,0.2594,0.6581
1787921579.401253,0.709864,-0.384952,1.798160,0.2752,0.6581
1787921579.407949,0.709098,-0.383420,1.800458,0.2673,0.6581
1787921579.414371,0.708626,-0.381571,1.804058,0.2762,0.6581
1787921579.421238,0.707660,-0.379818,1.806115,0.2777,0.6581
1787921579.427456,0.707530,-0.378186,1.810172,0.2724,0.6581
1787921579.434674,0.706531,-0.375960,1.812513,0.2904,0.6581
1787921579.441376,0.706282,-0.374324,1.816365,0.2770,0.6581
1787921579.447587,0.705659,-0.372357,1.819273,0.2934,0.6385
1787921579.455138,0.704966,-0.370509,1.822353,0.2833,0.6385
1787921579.461758,0.704290,-0.368528,1.825743,0.2930,0.6385
1787921579.467574,0.703937,-0.366846,1.829073,0.2936,0.6385
1787921579.475041,0.703313,-0.364912,1.832276,0.2870,0.6385
1787921579.483196,0.702621,-0.363348,1.834886,0.2631,0.6385
1787921579.489502,0.701525,-0.361587,1.836835,0.2787,0.6385
1787921579.496212,0.701274,-0.359838,1.839885,0.2735,0.6385
1787921579.501382,0.700791,-0.358269,1.842930,0.2867,0.6385
1787921579.507657,0.699956,-0.356559,1.845403,0.2902,0.6385
1787921579.514592,0.699914,-0.355033,1.849464,0.2671,0.6385
1787921579.520768,0.699552,-0.353497,1.852061,0.2635,0.6385
1787921579.527935,0.698537,-0.352366,1.854249,0.2418,0.6385
1787921579.534516,0.697813,-0.351000,1.856396,0.2383,0.6385
1787921579.541900,0.698038,-0.349237,1.860027,0.2328,0.6385
1787921579.547704,0.696874,-0.347903,1.861585,0.2463,0.6151
1787921579.554623,0.696211,-0.346806,1.863784,0.2263,0.6151
1787921579.561138,0.695645,-0.345101,1.866233,0.2411,0.6151
1787921579.567686,0.695340,-0.343563,1.868893,0.2402,0.6151
1787921579.576772,0.694320,-0.342479,1.870965,0.2123,0.6151
1787921579.581232,0.694227,-0.340878,1.874797,0.2532,0.6151
1787921579.587731,0.693441,-0.339418,1.877310,0.2525,0.6151
1787921579.594670,0.693171,-0.338081,1.880958,0.2353,0.6151
1787921579.600944,0.692441,-0.336432,1.884232,0.2505,0.6151
1787921579.608137,0.691584,-0.334933,1.887629,0.2459,0.6151
1787921579.616147,0.691666,-0.333314,1.892674,0.2287,0.6151
1787921579.621505,0.690766,-0.331669,1.895983,0.2634,0.6151
1787921579.627338,0.690442,-0.330053,1.900615,0.2684,0.6151
1787921579.634679,0.689962,-0.328272,1.904650,0.2631,0.6151
1787921579.640738,0.689202,-0.326707,1.908279,0.2698,0.6151
1787921579.647731,0.688423,-0.324838,1.911836,0.2756,0.5948
1787921579.656363,0.687805,-0.323069,1.915732,0.2580,0.5948
1787921579.661456,0.687140,-0.321500,1.919775,0.2809,0.5948
1787921579.668185,0.686052,-0.319645,1.922631,0.2909,0.5948
1787921579.674212,0.685486,-0.317958,1.926261,0.2922,0.5948
1787921579.680946,0.684565,-0.316397,1.929317,0.2840,0.5948
1787921579.689603,0.683660,-0.314539,1.932054,0.2701,0.5948
1787921579.695257,0.682995,-0.312867,1.935207,0.2846,0.5948
1787921579.701786,0.682066,-0.311353,1.937949,0.2794,0.5948
1787921579.708498,0.681028,-0.309658,1.940227,0.2830,0.5948
1787921579.714399,0.680286,-0.308059,1.942535,0.2876,0.5948
1787921579.721134,0.679508,-0.306641,1.945554,0.2727,0.5948
1787921579.727682,0.677840,-0.305300,1.946261,0.2761,0.5948
1787921579.734673,0.677908,-0.303487,1.950525,0.2644,0.5948
1787921579.742506,0.676573,-0.302185,1.952127,0.2504,0.6205
1787921579.748576,0.675597,-0.300588,1.954034,0.2666,0.6205
1787921579.754652,0.675270,-0.299055,1.957031,0.2628,0.6205
1787921579.760967,0.674283,-0.297528,1.959242,0.2688,0.6205
1787921579.768045,0.673232,-0.296057,1.960977,0.2628,0.6205
1787921579.774171,0.672970,-0.294574,1.964391,0.2559,0.6205
1787921579.781963,0.672079,-0.293355,1.966422,0.2357,0.6205
1787921579.787992,0.671326,-0.291518,1.968712,0.2638,0.6205
1787921579.796694,0.670732,-0.290460,1.971234,0.2262,0.6205
1787921579.803042,0.669694,-0.288888,1.973339,0.2459,0.6205
1787921579.807575,0.669130,-0.287358,1.975968,0.2799,0.6205
1787921579.814528,0.668510,-0.285843,1.979139,0.2666,0.6205
1787921579.820855,0.667824,-0.284304,1.981891,0.2665,0.6205
1787921579.827526,0.667140,-0.282741,1.985179,0.2632,0.6205
1787921579.834347,0.666362,-0.281277,1.987897,0.2570,0.6205
1787921579.841395,0.665478,-0.279483,1.991090,0.2650,0.6205
1787921579.848640,0.664771,-0.278086,1.994293,0.2502,0.6026
1787921579.854212,0.664257,-0.276329,1.998091,0.2727,0.6026
1787921579.861384,0.663234,-0.274862,2.000689,0.2645,0.6026
1787921579.867595,0.662654,-0.273182,2.004254,0.2706,0.6026
1787921579.876333,0.661923,-0.271527,2.007831,0.2515,0.6026
1787921579.881071,0.660980,-0.270028,2.010928,0.2873,0.6026
1787921579.888272,0.660320,-0.268220,2.014560,0.2810,0.6026
1787921579.894216,0.659565,-0.266627,2.017760,0.2856,0.6026
1787921579.901152,0.658595,-0.265329,2.021146,0.2688,0.6026
1787921579.908151,0.657866,-0.263493,2.024632,0.2726,0.6026
1787921579.915601,0.657233,-0.262065,2.027649,0.2537,0.6026
1787921579.920918,0.655648,-0.260610,2.029300,0.2907,0.6026
1787921579.927981,0.654953,-0.259226,2.032487,0.2693,0.6026
1787921579.934219,0.654143,-0.257779,2.035278,0.2682,0.6026
1787921579.940983,0.652960,-0.256327,2.037668,0.2688,0.6026
1787921579.947878,0.651840,-0.254914,2.039583,0.2650,0.5732
1787921579.954695,0.651309,-0.253343,2.043034,0.2578,0.5732
1787921579.961248,0.650239,-0.252107,2.045431,0.2531,0.5732
1787921579.968232,0.649009,-0.250563,2.047948,0.2604,0.5732
1787921579.974342,0.648369,-0.249231,2.050591,0.2548,0.5732
1787921579.981481,0.647245,-0.247952,2.053159,0.2479,0.5732
1787921579.988161,0.646353,-0.246309,2.056031,0.2575,0.5732
1787921579.994159,0.645619,-0.245077,2.059083,0.2519,0.5732
1787921580.001846,0.644605,-0.243551,2.061752,0.2475,0.5732
1787921580.008688,0.643338,-0.242040,2.064205,0.2579,0.5732
1787921580.015436,0.642573,-0.240736,2.068007,0.2477,0.5732
1787921580.021407,0.641797,-0.239184,2.071085,0.2605,0.5732
1787921580.027358,0.640743,-0.237348,2.073998,0.2891,0.5732
1787921580.035262,0.639840,-0.236188,2.077104,0.2575,0.5732
1787921580.041152,0.638828,-0.234585,2.080705,0.2766,0.5732
1787921580.048481,0.637545,-0.232945,2.082684,0.2779,0.6360
1787921580.054480,0.636501,-0.231604,2.085568,0.2786,0.6360
1787921580.060988,0.635475,-0.230179,2.088340,0.2755,0.6360
1787921580.067770,0.634809,-0.228394,2.091567,0.2760,0.6360
1787921580.074798,0.633860,-0.226956,2.093635,0.2666,0.6360
1787921580.080749,0.632704,-0.225599,2.096251,0.2750,0.6360
1787921580.089956,0.631625,-0.223812,2.098002,0.2606,0.6360
1787921580.094767,0.630476,-0.222761,2.100274,0.2751,0.6360
1787921580.101160,0.629404,-0.221274,2.102655,0.2782,0.6360
1787921580.111328,0.628486,-0.219639,2.105143,0.2501,0.6360
1787921580.114547,0.627291,-0.218402,2.106923,0.3311,0.6360
1787921580.120744,0.626264,-0.216893,2.109755,0.3200,0.6360
1787921580.128808,0.625397,-0.215293,2.112504,0.2916,0.6360
1787921580.134461,0.624372,-0.213958,2.115141,0.2929,0.6360
1787921580.141742,0.623394,-0.212608,2.117310,0.2735,0.6360
1787921580.147851,0.622228,-0.211116,2.119279,0.2839,0.6144
1787921580.154687,0.621648,-0.209505,2.123220,0.2722,0.6144
1787921580.160845,0.620410,-0.208287,2.125146,0.2728,0.6144
1787921580.167890,0.619402,-0.206819,2.127853,0.2667,0.6144
1787921580.174670,0.618493,-0.205098,2.131020,0.2725,0.6144
1787921580.182549,0.617613,-0.203721,2.134526,0.2530,0.6144
1787921580.187487,0.616633,-0.202316,2.137741,0.2811,0.6144
1787921580.194431,0.615771,-0.200554,2.141289,0.2809,0.6144
1787921580.200794,0.614968,-0.199228,2.144982,0.2697,0.6144
1787921580.207900,0.613701,-0.197818,2.147422,0.2679,0.6144
1787921580.214707,0.612654,-0.196328,2.150343,0.2677,0.6144
1787921580.221149,0.611794,-0.194770,2.153818,0.2700,0.6144
1787921580.227350,0.610494,-0.193501,2.156495,0.2749,0.6144
1787921580.235197,0.609820,-0.191832,2.160376,0.2598,0.6144
1787921580.241289,0.608913,-0.190456,2.163807,0.2630,0.6144
1787921580.247782,0.607555,-0.189087,2.166601,0.2717,0.5872
1787921580.254483,0.606482,-0.187715,2.168872,0.2680,0.5872
1787921580.261198,0.605412,-0.186376,2.172424,0.2640,0.5872
1787921580.267766,0.604618,-0.184930,2.175295,0.2597,0.5872
1787921580.276883,0.603391,-0.183762,2.177742,0.2364,0.5872
1787921580.281956,0.602250,-0.182411,2.180360,0.2696,0.5872
1787921580.287672,0.601314,-0.181420,2.182368,0.2595,0.5872
1787921580.294127,0.600129,-0.180339,2.184735,0.2545,0.5872
1787921580.301292,0.599311,-0.178862,2.187888,0.2484,0.5872
1787921580.308764,0.598156,-0.177840,2.189791,0.2342,0.5872
1787921580.316451,0.597223,-0.176929,2.191965,0.2140,0.5872
1787921580.320866,0.595864,-0.175976,2.193892,0.2563,0.5872
1787921580.327663,0.595601,-0.174294,2.197826,0.2464,0.5872
1787921580.334572,0.593931,-0.173785,2.198536,0.2329,0.5872
1787921580.341080,0.593139,-0.172582,2.201843,0.2294,0.5872
1787921580.348013,0.592329,-0.171185,2.204567,0.2300,0.5573
1787921580.354431,0.591137,-0.170257,2.206775,0.2290,0.5573
1787921580.361526,0.590186,-0.169394,2.209604,0.2136,0.5573
1787921580.367605,0.589276,-0.167953,2.212715,0.2333,0.5573
1787921580.374080,0.588061,-0.166700,2.215655,0.2436,0.5573
1787921580.381301,0.587546,-0.165576,2.219483,0.2206,0.5573
1787921580.388968,0.586210,-0.164186,2.222449,0.2294,0.5573
1787921580.395874,0.584950,-0.163015,2.225417,0.2343,0.5573
1787921580.401786,0.584277,-0.161627,2.230033,0.2406,0.5573
1787921580.413142,0.583112,-0.160150,2.233222,0.2181,0.5573
1787921580.417776,0.581688,-0.159129,2.235846,0.2615,0.5573
1787921580.422136,0.580525,-0.157835,2.239396,0.3026,0.5573
1787921580.427940,0.579641,-0.156130,2.242628,0.3092,0.5573
1787921580.436090,0.578038,-0.155285,2.245117,0.2776,0.5573
1787921580.441211,0.576762,-0.153779,2.247847,0.3099,0.5573
1787921580.447628,0.575378,-0.152477,2.250890,0.3050,0.6563
1787921580.454709,0.574630,-0.150896,2.254135,0.2854,0.6563
1787921580.462004,0.572801,-0.149811,2.256291,0.2819,0.6563
1787921580.468114,0.571566,-0.148504,2.258423,0.2855,0.6563
1787921580.474719,0.570301,-0.147326,2.261307,0.2777,0.6563
1787921580.482151,0.568936,-0.146249,2.263185,0.2630,0.6563
1787921580.489587,0.567551,-0.144991,2.264695,0.2588,0.6563
1787921580.494318,0.566077,-0.143939,2.266005,0.2923,0.6563
1787921580.501522,0.564671,-0.142922,2.267402,0.2747,0.6563
1787921580.507410,0.563587,-0.141957,2.269467,0.2654,0.6563
1787921580.514602,0.561893,-0.140781,2.270296,0.2689,0.6563
1787921580.521459,0.561006,-0.139542,2.273124,0.2546,0.6563
1787921580.527691,0.559849,-0.138544,2.275600,0.2509,0.6563
1787921580.534042,0.558417,-0.137468,2.276695,0.2582,0.6563
1787921580.541373,0.557191,-0.136418,2.279365,0.2460,0.6563
1787921580.547507,0.556314,-0.135261,2.281243,0.2431,0.6363
1787921580.554343,0.555256,-0.133991,2.284191,0.2427,0.6363
1787921580.560930,0.553877,-0.133091,2.285237,0.2420,0.6363
1787921580.567959,0.552988,-0.132069,2.287414,0.2272,0.6363
1787921580.574272,0.551861,-0.130889,2.289970,0.2365,0.6363
1787921580.581115,0.550822,-0.129870,2.292516,0.2292,0.6363
1787921580.587558,0.549846,-0.129041,2.295072,0.2195,0.6363
1787921580.594633,0.548846,-0.127722,2.297972,0.2236,0.6363
1787921580.601274,0.547744,-0.126664,2.300707,0.2253,0.6363
1787921580.607816,0.546831,-0.125674,2.304274,0.2195,0.6363
1787921580.615868,0.545349,-0.124738,2.306839,0.2165,0.6363
1787921580.622239,0.544520,-0.123306,2.310062,0.2277,0.6363
1787921580.627806,0.543119,-0.122210,2.313569,0.2540,0.6363
1787921580.637035,0.542166,-0.121183,2.317053,0.2233,0.6363
1787921580.641524,0.540699,-0.119683,2.319942,0.2965,0.6363
1787921580.648386,0.539693,-0.118748,2.323665,0.2674,0.6141
1787921580.654588,0.538195,-0.117042,2.327331,0.2970,0.6141
1787921580.661219,0.536728,-0.116152,2.330025,0.2828,0.6141
1787921580.667324,0.535706,-0.114980,2.333972,0.2743,0.6141
1787921580.676059,0.534376,-0.113548,2.337473,0.2591,0.6141
1787921580.682940,0.532518,-0.112686,2.339552,0.2647,0.6141
1787921580.687803,0.531241,-0.111396,2.343032,0.2973,0.6141
1787921580.695363,0.529848,-0.110438,2.345506,0.2739,0.6141
1787921580.703828,0.528211,-0.108840,2.348143,0.2728,0.6141
1787921580.707268,0.526625,-0.108032,2.350381,0.3383,0.6141
1787921580.714542,0.525575,-0.106909,2.353912,0.3002,0.6141
1787921580.720921,0.523820,-0.106161,2.355882,0.2934,0.6141
1787921580.728873,0.522662,-0.104620,2.358336,0.2773,0.6141
1787921580.734667,0.520992,-0.103658,2.361047,0.2906,0.6141
1787921580.740901,0.519892,-0.102565,2.364021,0.2781,0.6141
1787921580.747658,0.518195,-0.101457,2.366595,0.2829,0.5836
1787921580.754427,0.517133,-0.100105,2.369239,0.2736,0.5836
1787921580.762007,0.515778,-0.098806,2.371985,0.2658,0.5836
1787921580.767888,0.514067,-0.098004,2.373765,0.2772,0.5836
1787921580.775144,0.513073,-0.096817,2.376877,0.2577,0.5836
1787921580.780994,0.511857,-0.095630,2.379668,0.2676,0.5836
1787921580.787571,0.510490,-0.094482,2.382197,0.2685,0.5836
1787921580.794198,0.509483,-0.093550,2.384701,0.2501,0.5836
1787921580.800865,0.508122,-0.092342,2.387213,0.2569,0.5836
1787921580.808149,0.507352,-0.090658,2.390188,0.2504,0.5836
1787921580.814152,0.505853,-0.089895,2.391993,0.2561,0.5836
1787921580.821753,0.504857,-0.088554,2.395149,0.2441,0.5836
1787921580.828454,0.503813,-0.088022,2.397468,0.2213,0.5836
1787921580.834520,0.502488,-0.086805,2.399700,0.2439,0.5836
1787921580.841458,0.501431,-0.085874,2.402121,0.2316,0.5836
1787921580.847614,0.499876,-0.085589,2.402943,0.2276,0.6155
1787921580.854190,0.498979,-0.084460,2.405676,0.2242,0.6155
1787921580.861340,0.497725,-0.083570,2.408089,0.2210,0.6155
1787921580.867328,0.496530,-0.082580,2.410711,0.2324,0.6155
1787921580.874441,0.495238,-0.081794,2.413574,0.2254,0.6155
1787921580.881262,0.494047,-0.081040,2.415896,0.2190,0.6155
1787921580.888432,0.493013,-0.080075,2.419398,0.2124,0.6155
1787921580.894430,0.491509,-0.079080,2.421385,0.2381,0.6155
1787921580.900930,0.490650,-0.077892,2.424781,0.2326,0.6155
1787921580.908011,0.488849,-0.077304,2.426588,0.2368,0.6155
1787921580.914592,0.488007,-0.076292,2.430378,0.2249,0.6155
1787921580.923636,0.486738,-0.075101,2.433023,0.2151,0.6155
1787921580.934930,0.485059,-0.074100,2.435589,0.2018,0.6155
1787921580.936658,0.484047,-0.073125,2.439007,0.3848,0.6155
1787921580.941643,0.482264,-0.072251,2.441669,0.3853,0.6155
1787921580.948276,0.481231,-0.071032,2.444897,0.3409,0.5958
1787921580.954420,0.479895,-0.069955,2.447913,0.3224,0.5958
1787921580.960790,0.478462,-0.068989,2.450860,0.3067,0.5958
1787921580.967788,0.477092,-0.068284,2.453004,0.2793,0.5958
1787921580.974013,0.475647,-0.067091,2.456034,0.2858,0.5958
1787921580.981704,0.474480,-0.066024,2.459198,0.2616,0.5958
1787921580.988005,0.472764,-0.065389,2.460938,0.2657,0.5958
1787921580.994864,0.471599,-0.064370,2.463707,0.2536,0.5958
1787921581.003293,0.470428,-0.063582,2.466676,0.2276,0.5958
1787921581.007573,0.468472,-0.062768,2.468567,0.3021,0.5958
1787921581.014776,0.467530,-0.061504,2.472119,0.2749,0.5958
1787921581.022116,0.465998,-0.060763,2.474952,0.2603,0.5958
1787921581.028280,0.464858,-0.060002,2.477416,0.2488,0.5958
1787921581.034651,0.463687,-0.058932,2.480606,0.2486,0.5958
1787921581.040961,0.461800,-0.058378,2.482087,0.2610,0.5958
1787921581.048036,0.460684,-0.057300,2.485781,0.2481,0.5567
1787921581.054859,0.459256,-0.056388,2.488752,0.2479,0.5567
1787921581.061447,0.458075,-0.055138,2.492124,0.2508,0.5567
1787921581.067531,0.456228,-0.054826,2.493809,0.2575,0.5567
1787921581.074442,0.454797,-0.053549,2.496924,0.2632,0.5567
1787921581.080682,0.453730,-0.052434,2.500056,0.2574,0.5567
1787921581.087671,0.451945,-0.051791,2.503313,0.2582,0.5567
1787921581.095011,0.450627,-0.050605,2.506764,0.2528,0.5567
1787921581.101088,0.449067,-0.049448,2.509593,0.2729,0.5567
1787921581.109951,0.447579,-0.048573,2.512975,0.2492,0.5567
1787921581.114304,0.445785,-0.047755,2.515532,0.3077,0.5567
1787921581.120886,0.444190,-0.047007,2.518282,0.2943,0.5567
1787921581.128178,0.443051,-0.045470,2.522155,0.2809,0.5567
1787921581.134623,0.441201,-0.044781,2.523779,0.2854,0.5567
1787921581.141375,0.439577,-0.043955,2.527058,0.2799,0.5567
1787921581.148059,0.438320,-0.043199,2.530032,0.2616,0.5245
1787921581.154103,0.436689,-0.041916,2.532917,0.2860,0.5245
1787921581.162805,0.434978,-0.041397,2.534919,0.2588,0.5245
1787921581.169161,0.433430,-0.040153,2.537994,0.2746,0.5245
1787921581.174522,0.431692,-0.039487,2.539962,0.2935,0.5245
1787921581.180932,0.430229,-0.038505,2.542885,0.2879,0.5245
1787921581.187724,0.428734,-0.037024,2.546302,0.2929,0.5245
1787921581.194160,0.427229,-0.036401,2.549553,0.2795,0.5245
1787921581.201038,0.425675,-0.035522,2.551495,0.2733,0.5245
1787921581.208125,0.424373,-0.034018,2.555373,0.2724,0.5245
1787921581.215051,0.422421,-0.033541,2.557521,0.2726,0.5245
1787921581.221231,0.420706,-0.032095,2.559706,0.2990,0.5245
1787921581.227447,0.419612,-0.031198,2.562728,0.2772,0.5245
1787921581.236899,0.417470,-0.030657,2.564380,0.2604,0.5245
1787921581.241094,0.415692,-0.029363,2.566419,0.3392,0.5245
1787921581.247683,0.414192,-0.028077,2.569249,0.3266,0.4761
1787921581.254228,0.412123,-0.027547,2.571172,0.3215,0.4761
1787921581.261271,0.410635,-0.026497,2.573402,0.3026,0.4761
1787921581.267743,0.408728,-0.025434,2.575365,0.3129,0.4761
1787921581.275468,0.406993,-0.024610,2.576760,0.2930,0.4761
1787921581.281164,0.405424,-0.023318,2.579624,0.3113,0.4761
1787921581.287995,0.403715,-0.022515,2.581953,0.3003,0.4761
1787921581.295461,0.401917,-0.021389,2.583855,0.2954,0.4761
1787921581.301223,0.400023,-0.020594,2.585691,0.3124,0.4761
1787921581.310262,0.398401,-0.019942,2.587304,0.2759,0.4761
1787921581.314469,0.397017,-0.018719,2.590435,0.3229,0.4761
1787921581.321334,0.394950,-0.017919,2.592467,0.3213,0.4761
1787921581.328808,0.393490,-0.016845,2.594415,0.2974,0.4761
1787921581.339895,0.391572,-0.015836,2.596897,0.2667,0.4761
1787921581.341372,0.389866,-0.015576,2.598102,0.5109,0.4761
1787921581.347896,0.388260,-0.014206,2.600367,0.4534,0.4543
1787921581.354274,0.386596,-0.013428,2.603865,0.4033,0.4543
1787921581.361191,0.384773,-0.012680,2.604972,0.3669,0.4543
1787921581.368574,0.383345,-0.011520,2.607449,0.3307,0.4543
1787921581.374410,0.381598,-0.010776,2.609645,0.3283,0.4543
1787921581.381166,0.379789,-0.010024,2.610844,0.3160,0.4543
1787921581.387792,0.378161,-0.009016,2.612974,0.3079,0.4543
1787921581.394865,0.376283,-0.008782,2.614026,0.2893,0.4543
1787921581.400946,0.374880,-0.007390,2.616680,0.2968,0.4543
1787921581.407922,0.373028,-0.006501,2.618006,0.2958,0.4543
1787921581.414361,0.371214,-0.006138,2.619202,0.2888,0.4543
1787921581.420902,0.369320,-0.005482,2.620314,0.2925,0.4543
1787921581.427538,0.367834,-0.004500,2.622389,0.2851,0.4543
1787921581.436332,0.366009,-0.003562,2.624950,0.2695,0.4543
1787921581.442907,0.364350,-0.002657,2.627008,0.2749,0.4243
1787921581.448925,0.362681,-0.001806,2.628578,0.2857,0.4243
1787921581.454177,0.360820,-0.001177,2.630860,0.3103,0.4243
1787921581.461737,0.359333,0.000217,2.633248,0.2957,0.4243
1787921581.467294,0.357631,0.000935,2.634832,0.3061,0.4243
1787921581.474393,0.355647,0.001379,2.636172,0.2967,0.4243
1787921581.481221,0.354132,0.002748,2.637965,0.2950,0.4243
1787921581.487960,0.352209,0.003014,2.638742,0.2873,0.4243
1787921581.494222,0.350472,0.004189,2.640871,0.3011,0.4243
1787921581.501665,0.348768,0.005090,2.642812,0.2885,0.4243
1787921581.510132,0.347004,0.005774,2.644327,0.2684,0.4243
1787921581.514910,0.345427,0.006826,2.645674,0.3064,0.4243
1787921581.523046,0.343622,0.007217,2.646614,0.2799,0.4243
1787921581.528081,0.341985,0.008139,2.649114,0.3079,0.4243
1787921581.538411,0.340174,0.008928,2.649963,0.2727,0.4243
1787921581.544008,0.338076,0.009497,2.650197,0.3044,0.4133
1787921581.547739,0.336525,0.010216,2.651819,0.3504,0.4133
1787921581.554423,0.334789,0.010997,2.652717,0.3305,0.4133
1787921581.561048,0.333183,0.011547,2.654039,0.3072,0.4133
1787921581.568465,0.331505,0.012585,2.655296,0.2947,0.4133
1787921581.574706,0.329705,0.013224,2.657149,0.2972,0.4133
1787921581.581428,0.328202,0.014234,2.659410,0.2884,0.4133
1787921581.587814,0.326553,0.014760,2.660255,0.2820,0.4133
1787921581.595737,0.324714,0.015725,2.661945,0.2760,0.4133
1787921581.601385,0.323490,0.016609,2.664238,0.2725,0.4133
1787921581.607920,0.321432,0.016801,2.664610,0.2787,0.4133
1787921581.616893,0.319883,0.018019,2.667601,0.2598,0.4133
1787921581.620746,0.318034,0.018781,2.668211,0.3370,0.4133
1787921581.627905,0.316134,0.019115,2.668868,0.3132,0.4133
1787921581.634321,0.314749,0.020216,2.671999,0.3003,0.4133
1787921581.641466,0.312845,0.020378,2.672069,0.2846,0.4133
1787921581.648225,0.310974,0.021480,2.673481,0.2954,0.3060
1787921581.654007,0.309388,0.022307,2.675680,0.2996,0.3060
1787921581.661012,0.307508,0.022984,2.677489,0.2947,0.3060
1787921581.667689,0.305773,0.023562,2.678545,0.2876,0.3060
1787921581.674386,0.304142,0.024891,2.681559,0.2932,0.3060
1787921581.680876,0.302227,0.025132,2.682456,0.2895,0.3060
1787921581.687972,0.300357,0.026022,2.684423,0.2903,0.3060
1787921581.694183,0.298731,0.026609,2.685388,0.2862,0.3060
1787921581.700711,0.296948,0.027579,2.687520,0.2935,0.3060
1787921581.708290,0.295442,0.028733,2.690271,0.2790,0.3060
1787921581.714471,0.293242,0.028552,2.689773,0.2875,0.3060
1787921581.721114,0.291548,0.029504,2.691474,0.2889,0.3060
1787921581.728196,0.289708,0.030241,2.692933,0.2860,0.3060
1787921581.734616,0.288246,0.031106,2.695154,0.2792,0.3060
1787921581.742251,0.286282,0.031392,2.695812,0.2700,0.3060
1787921581.749207,0.284293,0.032237,2.696845,0.2821,0.2835
1787921581.754510,0.282665,0.032733,2.698164,0.2927,0.2835
1787921581.761369,0.281030,0.033760,2.700571,0.2887,0.2835
1787921581.767765,0.278779,0.034158,2.700509,0.3056,0.2835
1787921581.774377,0.277213,0.034791,2.702435,0.2904,0.2835
1787921581.783254,0.275286,0.035811,2.704019,0.2769,0.2835
1787921581.787670,0.273705,0.036352,2.705302,0.3066,0.2835
1787921581.794520,0.271795,0.037097,2.706654,0.3043,0.2835
1787921581.800945,0.269656,0.037650,2.707418,0.3145,0.2835
1787921581.807922,0.268078,0.038361,2.709176,0.2945,0.2835
1787921581.814416,0.265907,0.039132,2.710691,0.3122,0.2835
1787921581.821366,0.264002,0.039707,2.711548,0.3036,0.2835
1787921581.829525,0.262352,0.040821,2.713513,0.2848,0.2835
1787921581.834427,0.260486,0.041492,2.714984,0.3203,0.2835
1787921581.840640,0.258456,0.042306,2.716170,0.3297,0.2835
1787921581.851072,0.256532,0.043003,2.717772,0.2895,0.2490
1787921581.854913,0.254729,0.044061,2.719865,0.3650,0.2490
1787921581.863608,0.252773,0.044685,2.720905,0.3259,0.2490
1787921581.867743,0.250905,0.045580,2.721895,0.3783,0.2490
1787921581.874095,0.249208,0.046400,2.723464,0.3538,0.2490
1787921581.880998,0.246924,0.046579,2.723285,0.3415,0.2490
1787921581.887912,0.245213,0.048008,2.726088,0.3320,0.2490
1787921581.894363,0.243216,0.048879,2.727268,0.3337,0.2490
1787921581.901298,0.241317,0.049498,2.729062,0.3196,0.2490
1787921581.907406,0.239428,0.050372,2.730050,0.3259,0.2490
1787921581.914684,0.237351,0.050801,2.729698,0.3137,0.2490
1787921581.920879,0.235558,0.051952,2.731546,0.3214,0.2490
1787921581.927327,0.233562,0.052633,2.732431,0.3228,0.2490
1787921581.934273,0.231585,0.053287,2.732548,0.3155,0.2490
1787921581.941143,0.229787,0.054268,2.733767,0.3099,0.2490
1787921581.949965,0.227875,0.054876,2.734479,0.2848,0.0875
1787921581.954530,0.225658,0.055467,2.735068,0.3486,0.0875
1787921581.961356,0.223731,0.056270,2.735459,0.3357,0.0875
1787921581.967761,0.221866,0.056988,2.736227,0.3286,0.0875
1787921581.974235,0.220033,0.057639,2.736852,0.3199,0.0875
1787921581.981137,0.217244,0.057548,2.734799,0.3337,0.0875
1787921581.987849,0.215486,0.058570,2.736675,0.3238,0.0875
1787921581.995178,0.213687,0.059335,2.736708,0.3067,0.0875
1787921582.003094,0.211523,0.059672,2.737387,0.2951,0.0875
1787921582.007943,0.209580,0.060631,2.738868,0.3404,0.0875
1787921582.014261,0.207952,0.061927,2.741599,0.3335,0.0875
1787921582.021057,0.205871,0.062418,2.742093,0.3265,0.0875
1787921582.028490,0.203395,0.062959,2.742198,0.3291,0.0875
1787921582.034610,0.201966,0.064267,2.744808,0.3197,0.0875
1787921582.041738,0.199847,0.064904,2.745395,0.3165,0.0875
1787921582.049435,0.197750,0.065682,2.746527,0.3086,0.0627
1787921582.056526,0.195758,0.066529,2.746736,0.3076,0.0627
1787921582.061359,0.193611,0.067575,2.748580,0.3633,0.0627
1787921582.067491,0.191461,0.068164,2.748241,0.3625,0.0627
1787921582.074550,0.189498,0.068993,2.749501,0.3444,0.0627
1787921582.081013,0.187370,0.069900,2.750178,0.3484,0.0627
1787921582.088528,0.184992,0.070426,2.749473,0.3396,0.0627
1787921582.094315,0.183056,0.071252,2.750716,0.3469,0.0627
1787921582.101331,0.180796,0.072027,2.750711,0.3448,0.0627
1787921582.107758,0.178615,0.072883,2.750924,0.3507,0.0627
1787921582.114436,0.176516,0.073676,2.750393,0.3462,0.0627
1787921582.121345,0.174417,0.074329,2.750748,0.3374,0.0627
1787921582.128098,0.172006,0.075057,2.749818,0.3476,0.0627
1787921582.137453,0.170105,0.076072,2.750834,0.3121,0.0627
1787921582.140955,0.167992,0.076824,2.750290,0.4102,0.0627
1787921582.147666,0.165663,0.077403,2.749812,0.3933,0.0496
1787921582.158209,0.163645,0.078552,2.749981,0.3408,0.0496
1787921582.161392,0.161572,0.079193,2.749433,0.4423,0.0496
1787921582.167997,0.159137,0.079726,2.748581,0.4210,0.0496
1787921582.176627,0.157382,0.081053,2.749765,0.3687,0.0496
1787921582.181051,0.155236,0.081658,2.749084,0.4082,0.0496
1787921582.187735,0.152972,0.082496,2.748850,0.3940,0.0496
1787921582.194829,0.151197,0.083511,2.749392,0.3616,0.0496
1787921582.201162,0.148732,0.083852,2.748457,0.3672,0.0496
1787921582.207820,0.146803,0.084943,2.748070,0.3561,0.0496
1787921582.214576,0.144774,0.085718,2.747071,0.3457,0.0496
1787921582.221345,0.142455,0.086216,2.746690,0.3454,0.0496
1787921582.228174,0.140629,0.087324,2.746849,0.3345,0.0496
1787921582.234215,0.138515,0.087971,2.746065,0.3434,0.0496
1787921582.241131,0.136149,0.088769,2.745294,0.3484,0.0496
1787921582.247915,0.134206,0.089688,2.745804,0.3389,-0.1177
1787921582.254951,0.132136,0.090749,2.745233,0.3361,-0.1177
1787921582.262415,0.129662,0.091360,2.743872,0.3365,-0.1177
1787921582.267246,0.127678,0.092312,2.744765,0.3720,-0.1177
1787921582.274463,0.125502,0.092895,2.743932,0.3532,-0.1177
1787921582.280864,0.123147,0.094033,2.743397,0.3696,-0.1177
1787921582.291464,0.121180,0.095063,2.744298,0.3214,-0.1177
1787921582.294386,0.118868,0.095864,2.744090,0.4756,-0.1177
1787921582.300871,0.116619,0.097316,2.744353,0.4549,-0.1177
1787921582.307623,0.114530,0.097814,2.744126,0.4125,-0.1177
1787921582.314910,0.112094,0.099250,2.745590,0.4041,-0.1177
1787921582.320911,0.110142,0.100180,2.745517,0.3908,-0.1177
1787921582.327931,0.107643,0.100963,2.745223,0.3850,-0.1177
1787921582.334309,0.105638,0.102251,2.745900,0.3799,-0.1177
1787921582.342265,0.103045,0.102997,2.744492,0.3670,-0.1177
1787921582.348222,0.100818,0.104023,2.743636,0.3803,-0.1239
1787921582.356835,0.098276,0.104542,2.741992,0.3548,-0.1239
1787921582.363328,0.095952,0.105337,2.740834,0.3616,-0.1239
1787921582.367706,0.093770,0.106435,2.740192,0.4201,-0.1239
1787921582.374334,0.091100,0.107011,2.737901,0.4155,-0.1239
1787921582.381401,0.088956,0.107817,2.736860,0.3879,-0.1239
1787921582.388056,0.086805,0.108640,2.735868,0.3753,-0.1239
1787921582.394071,0.084356,0.109440,2.734171,0.3907,-0.1239
1787921582.400788,0.082169,0.110069,2.732625,0.3743,-0.1239
1787921582.408227,0.079823,0.110751,2.731132,0.3597,-0.1239
1787921582.414152,0.077535,0.111560,2.729452,0.3744,-0.1239
1787921582.422349,0.075528,0.112617,2.728076,0.3449,-0.1239
1787921582.428142,0.072939,0.113021,2.725948,0.3725,-0.1239
1787921582.435211,0.070878,0.113714,2.723995,0.3526,-0.1239
1787921582.441272,0.069012,0.115260,2.724239,0.3623,-0.1239
1787921582.447626,0.066334,0.115416,2.721724,0.3720,-0.1109
1787921582.454655,0.064265,0.116398,2.719931,0.3582,-0.1109
1787921582.461033,0.062186,0.117651,2.719273,0.3641,-0.1109
1787921582.468932,0.059734,0.117808,2.716742,0.3421,-0.1109
1787921582.474776,0.057268,0.118483,2.713312,0.3691,-0.1109
1787921582.480836,0.055465,0.119839,2.712855,0.3674,-0.1109
1787921582.488050,0.053051,0.119889,2.710152,0.3493,-0.1109
1787921582.494956,0.050943,0.121371,2.709142,0.3546,-0.1109
1787921582.501067,0.049355,0.122574,2.708220,0.3438,-0.1109
1787921582.508301,0.047053,0.123412,2.706976,0.3419,-0.1109
1787921582.515593,0.045261,0.124776,2.705653,0.3298,-0.1109
1787921582.521473,0.042996,0.125590,2.704210,0.3532,-0.1109
1787921582.528686,0.040678,0.126401,2.702435,0.3488,-0.1109
1787921582.534178,0.038653,0.127469,2.700284,0.3691,-0.1109
1787921582.542003,0.036837,0.128588,2.699908,0.3396,-0.1109
1787921582.548083,0.034428,0.129526,2.697466,0.3650,-0.2607
1787921582.554251,0.032540,0.130533,2.696897,0.3595,-0.2607
1787921582.562052,0.030853,0.131845,2.695620,0.3319,-0.2607
1787921582.568444,0.028111,0.132726,2.693302,0.3662,-0.2607
1787921582.574956,0.026084,0.133435,2.690869,0.3546,-0.2607
1787921582.582079,0.024504,0.134810,2.690681,0.3334,-0.2607
1787921582.588205,0.022181,0.135807,2.689234,0.3570,-0.2607
1787921582.594426,0.020221,0.136952,2.688166,0.3591,-0.2607
1787921582.600835,0.018305,0.138069,2.687581,0.3549,-0.2607
1787921582.607828,0.015828,0.138862,2.685133,0.3588,-0.2607
1787921582.613908,0.014009,0.140122,2.684681,0.3591,-0.2607
1787921582.621111,0.011880,0.141072,2.683397,0.3484,-0.2607
1787921582.627687,0.009831,0.142429,2.682683,0.3551,-0.2607
1787921582.634362,0.007930,0.143766,2.682653,0.3518,-0.2607
1787921582.641230,0.005702,0.144831,2.680793,0.3541,-0.2607
1787921582.649410,0.003530,0.146234,2.679767,0.3421,-0.2471
1787921582.654265,0.001395,0.146763,2.677443,0.3721,-0.2471
1787921582.661150,-0.000980,0.147952,2.676490,0.3762,-0.2471
1787921582.670177,-0.002917,0.149338,2.674404,0.3416,-0.2471
1787921582.674904,-0.004984,0.150015,2.672286,0.3755,-0.2471
1787921582.681819,-0.007797,0.150976,2.668163,0.3905,-0.2471
1787921582.688576,-0.009759,0.151928,2.666170,0.3701,-0.2471
1787921582.694405,-0.011867,0.152711,2.663371,0.3739,-0.2471
1787921582.701355,-0.014241,0.153561,2.660232,0.3696,-0.2471
1787921582.709091,-0.016632,0.154294,2.656953,0.3540,-0.2471
1787921582.714452,-0.018649,0.155499,2.655131,0.3791,-0.2471
1787921582.720840,-0.020855,0.156273,2.651212,0.3739,-0.2471
1787921582.727773,-0.023162,0.156728,2.648489,0.3590,-0.2471
1787921582.734779,-0.025387,0.157857,2.645106,0.3581,-0.2471
1787921582.742285,-0.027221,0.159241,2.644001,0.3415,-0.2471
1787921582.747942,-0.029492,0.159585,2.640118,0.3534,-0.3754
1787921582.754615,-0.031546,0.161071,2.639316,0.3605,-0.3754
1787921582.760637,-0.033561,0.161995,2.636807,0.3625,-0.3754
1787921582.767826,-0.035861,0.162850,2.634668,0.3549,-0.3754
1787921582.774776,-0.038187,0.163773,2.632438,0.3556,-0.3754
1787921582.781520,-0.039912,0.165144,2.631982,0.3457,-0.3754
1787921582.787926,-0.041801,0.166459,2.629915,0.3492,-0.3754
1787921582.794588,-0.043945,0.167157,2.627967,0.3440,-0.3754
1787921582.800803,-0.045946,0.168617,2.627284,0.3595,-0.3754
1787921582.810177,-0.047581,0.169715,2.626351,0.3146,-0.3754
1787921582.814487,-0.049565,0.170998,2.625507,0.3843,-0.3754
1787921582.821191,-0.051923,0.172218,2.623278,0.3878,-0.3754
1787921582.828181,-0.053192,0.173824,2.624215,0.3529,-0.3754
1787921582.833791,-0.055219,0.174930,2.621593,0.3704,-0.3754
1787921582.841018,-0.057376,0.175948,2.620103,0.3580,-0.3754
1787921582.848993,-0.059354,0.177487,2.617799,0.3440,-0.3655
1787921582.854216,-0.061250,0.178626,2.616102,0.3678,-0.3655
1787921582.861494,-0.063510,0.179394,2.612785,0.3539,-0.3655
1787921582.868738,-0.065292,0.180736,2.611556,0.3395,-0.3655
1787921582.876024,-0.067431,0.181897,2.607740,0.3378,-0.3655
1787921582.881158,-0.069314,0.183095,2.605607,0.3668,-0.3655
1787921582.887820,-0.071351,0.184154,2.601983,0.3599,-0.3655
1787921582.894433,-0.073165,0.185395,2.599369,0.3515,-0.3655
1787921582.901043,-0.075296,0.186650,2.596010,0.3583,-0.3655
1787921582.907802,-0.077272,0.187515,2.592669,0.3457,-0.3655
1787921582.914699,-0.079050,0.188817,2.589735,0.3375,-0.3655
1787921582.920861,-0.081173,0.189924,2.585857,0.3525,-0.3655
1787921582.927554,-0.083083,0.190928,2.582800,0.3432,-0.3655
1787921582.934423,-0.084736,0.192601,2.580309,0.3403,-0.3655
1787921582.941451,-0.087035,0.193389,2.576537,0.3391,-0.3655
1787921582.947694,-0.088774,0.195221,2.575235,0.3551,-0.3267
1787921582.955888,-0.090910,0.196045,2.570829,0.3307,-0.3267
1787921582.960791,-0.092591,0.197466,2.568217,0.3651,-0.3267
1787921582.968503,-0.094592,0.198838,2.565014,0.3499,-0.3267
1787921582.977378,-0.096065,0.200126,2.562365,0.3104,-0.3267
1787921582.981251,-0.098122,0.201219,2.558744,0.3969,-0.3267
1787921582.989685,-0.099721,0.202917,2.556621,0.3586,-0.3267
1787921582.995655,-0.101494,0.203918,2.553427,0.3530,-0.3267
1787921583.001048,-0.103594,0.204925,2.550000,0.3753,-0.3267
1787921583.008654,-0.105217,0.206322,2.547545,0.3466,-0.3267
1787921583.014646,-0.106441,0.207748,2.545507,0.3335,-0.3267
1787921583.020918,-0.108391,0.208771,2.542462,0.3380,-0.3267
1787921583.027529,-0.110281,0.210015,2.538492,0.3393,-0.3267
1787921583.034439,-0.111413,0.211294,2.537499,0.3095,-0.3267
1787921583.040639,-0.113366,0.212545,2.533995,0.3288,-0.3267
1787921583.049237,-0.115169,0.213722,2.531138,0.3052,-0.4394
1787921583.054916,-0.116561,0.214908,2.529067,0.3098,-0.4394
1787921583.062730,-0.118140,0.216263,2.526365,0.2964,-0.4394
1787921583.070050,-0.119897,0.217708,2.523715,0.3005,-0.4394
1787921583.074813,-0.121602,0.218345,2.520256,0.3210,-0.4394
1787921583.083083,-0.123255,0.219915,2.518230,0.3067,-0.4394
1787921583.087242,-0.125139,0.221038,2.515309,0.3722,-0.4394
1787921583.094880,-0.126683,0.222491,2.513370,0.3432,-0.4394
1787921583.101018,-0.128321,0.223824,2.510968,0.3433,-0.4394
1787921583.107604,-0.130268,0.224975,2.507958,0.3428,-0.4394
1787921583.114689,-0.131958,0.226456,2.505989,0.3348,-0.4394
1787921583.120958,-0.133620,0.228160,2.503587,0.3468,-0.4394
1787921583.127710,-0.135776,0.229242,2.500847,0.3483,-0.4394
1787921583.134202,-0.137042,0.231022,2.498470,0.3399,-0.4394
1787921583.141949,-0.139198,0.232357,2.494671,0.3357,-0.4394
1787921583.147300,-0.141533,0.233323,2.490965,0.3720,-0.4124
1787921583.154512,-0.143088,0.234886,2.487935,0.3513,-0.4124
1787921583.161430,-0.144864,0.236360,2.484894,0.3459,-0.4124
1787921583.167615,-0.147308,0.237544,2.480092,0.3709,-0.4124
1787921583.174808,-0.149062,0.239031,2.477755,0.3555,-0.4124
1787921583.182289,-0.150670,0.240389,2.475567,0.3332,-0.4124
1787921583.187986,-0.152614,0.241949,2.472135,0.3645,-0.4124
1787921583.194236,-0.154456,0.243119,2.468470,0.3593,-0.4124
1787921583.201155,-0.156230,0.244377,2.465147,0.3456,-0.4124
1787921583.207727,-0.157896,0.245787,2.461755,0.3415,-0.4124
1787921583.214166,-0.159758,0.246914,2.458453,0.3395,-0.4124
1787921583.223077,-0.161469,0.247955,2.455017,0.3044,-0.4124
1787921583.228160,-0.163115,0.249303,2.451764,0.3387,-0.4124
1787921583.234594,-0.164797,0.250466,2.448264,0.3320,-0.4124
1787921583.241048,-0.166326,0.251556,2.445445,0.3195,-0.4124
1787921583.247647,-0.167609,0.252849,2.442692,0.3061,-0.3740
1787921583.254222,-0.169053,0.254080,2.439647,0.3008,-0.3740
1787921583.263105,-0.170713,0.255149,2.436975,0.2767,-0.3740
1787921583.267802,-0.171940,0.256450,2.434581,0.3073,-0.3740
1787921583.274433,-0.173301,0.257729,2.431424,0.2995,-0.3740
1787921583.284819,-0.175095,0.259070,2.428257,0.2742,-0.3740
1787921583.288014,-0.176425,0.260200,2.424826,0.3558,-0.3740
1787921583.294226,-0.177865,0.261652,2.421554,0.3476,-0.3740
1787921583.301230,-0.179423,0.262807,2.417513,0.3261,-0.3740
1787921583.307860,-0.180848,0.264061,2.414938,0.3141,-0.3740
1787921583.314827,-0.182698,0.265180,2.410728,0.3114,-0.3740
1787921583.320940,-0.183976,0.266743,2.408813,0.3159,-0.3740
1787921583.327579,-0.185600,0.268078,2.405337,0.3160,-0.3740
1787921583.334701,-0.186986,0.269878,2.402233,0.3154,-0.3740
1787921583.341234,-0.188199,0.271322,2.399897,0.3067,-0.3740
1787921583.347276,-0.189490,0.273145,2.397263,0.3232,-0.4863
1787921583.354036,-0.191126,0.274705,2.394604,0.3265,-0.4863
1787921583.361858,-0.192538,0.275986,2.392302,0.3017,-0.4863
1787921583.368147,-0.193551,0.278072,2.390269,0.3144,-0.4863
1787921583.374099,-0.195351,0.279459,2.387540,0.3341,-0.4863
1787921583.380870,-0.196971,0.280729,2.384660,0.3247,-0.4863
1787921583.388361,-0.197838,0.282633,2.383672,0.3049,-0.4863
1787921583.394074,-0.199141,0.284337,2.381908,0.3247,-0.4863
1787921583.401060,-0.200602,0.285507,2.378448,0.3073,-0.4863
1787921583.408440,-0.201444,0.287368,2.377840,0.2922,-0.4863
1787921583.415342,-0.202959,0.289031,2.375618,0.3021,-0.4863
1787921583.421436,-0.204276,0.290273,2.373331,0.3006,-0.4863
1787921583.428355,-0.205627,0.292053,2.371615,0.3062,-0.4863
1787921583.436141,-0.206800,0.293616,2.369700,0.2887,-0.4863
1787921583.441107,-0.208270,0.294935,2.366800,0.3213,-0.4863
1787921583.447707,-0.209945,0.296390,2.363906,0.3256,-0.4597
1787921583.456172,-0.211248,0.297512,2.360411,0.2887,-0.4597
1787921583.460780,-0.212293,0.299426,2.357931,0.3383,-0.4597
1787921583.468117,-0.214082,0.300291,2.354370,0.3135,-0.4597
1787921583.475925,-0.215379,0.301697,2.351042,0.2929,-0.4597
1787921583.483265,-0.216997,0.303106,2.347452,0.2924,-0.4597
1787921583.490460,-0.218196,0.304455,2.343968,0.2799,-0.4597
1787921583.494119,-0.220020,0.305688,2.339763,0.3726,-0.4597
1787921583.500718,-0.221320,0.307103,2.336553,0.3481,-0.4597
1787921583.508129,-0.222371,0.308655,2.333407,0.3185,-0.4597
1787921583.514101,-0.223830,0.310023,2.330179,0.3233,-0.4597
1787921583.520979,-0.225385,0.311102,2.325748,0.3070,-0.4597
1787921583.528276,-0.226813,0.312553,2.322182,0.2986,-0.4597
1787921583.535139,-0.228120,0.313531,2.318811,0.2792,-0.4597
1787921583.541540,-0.229382,0.315230,2.315664,0.2941,-0.4597
1787921583.547633,-0.230795,0.316245,2.311600,0.2897,-0.4201
1787921583.555375,-0.232213,0.317405,2.308794,0.2730,-0.4201
1787921583.562340,-0.233023,0.318760,2.306141,0.2578,-0.4201
1787921583.570268,-0.233949,0.320281,2.303744,0.2467,-0.4201
1787921583.574548,-0.235319,0.321693,2.300194,0.3105,-0.4201
1787921583.581105,-0.236533,0.322687,2.298307,0.2882,-0.4201
1787921583.587885,-0.237629,0.324031,2.294912,0.2784,-0.4201
1787921583.595242,-0.238223,0.325818,2.293495,0.2656,-0.4201
1787921583.601204,-0.240201,0.326567,2.288364,0.2798,-0.4201
1787921583.607509,-0.241191,0.327924,2.286160,0.2754,-0.4201
1787921583.614373,-0.241941,0.329434,2.283511,0.2642,-0.4201
1787921583.621332,-0.242849,0.330988,2.280854,0.2612,-0.4201
1787921583.627695,-0.244474,0.332024,2.277189,0.2698,-0.4201
1787921583.635071,-0.245503,0.333398,2.274447,0.2585,-0.4201
1787921583.641296,-0.246633,0.334646,2.271467,0.2621,-0.4201
1787921583.647644,-0.247873,0.335899,2.268316,0.2664,-0.4498
1787921583.654227,-0.248764,0.337487,2.266145,0.2681,-0.4498
1787921583.661066,-0.249908,0.338816,2.263451,0.2646,-0.4498
1787921583.668285,-0.250920,0.340216,2.261294,0.2568,-0.4498
1787921583.674056,-0.251933,0.341480,2.258576,0.2640,-0.4498
1787921583.681114,-0.252846,0.343167,2.256806,0.2649,-0.4498
1787921583.687831,-0.253906,0.344480,2.254278,0.2608,-0.4498
1787921583.695269,-0.255395,0.345738,2.251783,0.2598,-0.4498
1787921583.701265,-0.256184,0.346981,2.249779,0.2550,-0.4498
1787921583.707470,-0.256904,0.348604,2.248227,0.2615,-0.4498
1787921583.714648,-0.257966,0.350178,2.245726,0.2621,-0.4498
1787921583.720887,-0.259086,0.351197,2.243666,0.2554,-0.4498
1787921583.728651,-0.259975,0.352641,2.241787,0.2438,-0.4498
1787921583.734335,-0.260765,0.354168,2.239456,0.2598,-0.4498
1787921583.741075,-0.261538,0.355590,2.238275,0.2528,-0.4498
1787921583.747245,-0.262994,0.356603,2.235056,0.2594,-0.4151
1787921583.754327,-0.263958,0.357714,2.233327,0.2438,-0.4151
1787921583.761677,-0.264778,0.359087,2.230627,0.2355,-0.4151
1787921583.767974,-0.265354,0.360384,2.229688,0.2305,-0.4151
1787921583.775765,-0.266667,0.361423,2.225774,0.2239,-0.4151
1787921583.782601,-0.267533,0.362555,2.224166,0.2193,-0.4151
1787921583.787300,-0.268459,0.363580,2.221552,0.2414,-0.4151
1787921583.796904,-0.269344,0.364778,2.219330,0.2155,-0.4151
1787921583.801996,-0.270364,0.365910,2.216434,0.2402,-0.4151
1787921583.807861,-0.271194,0.367043,2.213840,0.2400,-0.4151
1787921583.814027,-0.271971,0.368008,2.211777,0.2283,-0.4151
1787921583.821283,-0.272871,0.369266,2.208979,0.2237,-0.4151
1787921583.828037,-0.273596,0.370268,2.207415,0.2115,-0.4151
1787921583.834792,-0.274578,0.371426,2.204311,0.2153,-0.4151
1787921583.840948,-0.275472,0.372286,2.202302,0.2103,-0.4151
1787921583.847694,-0.276368,0.373480,2.200029,0.2136,-0.3833
1787921583.854095,-0.277211,0.374761,2.197558,0.2213,-0.3833
1787921583.861238,-0.277952,0.375764,2.195674,0.2073,-0.3833
1787921583.869782,-0.278523,0.377060,2.193920,0.1937,-0.3833
1787921583.874363,-0.279481,0.378127,2.191536,0.2289,-0.3833
1787921583.881220,-0.280219,0.379151,2.189155,0.2155,-0.3833
1787921583.889457,-0.280638,0.380487,2.187580,0.1994,-0.3833
1787921583.894282,-0.281968,0.381468,2.184686,0.2370,-0.3833
1787921583.901547,-0.282753,0.382496,2.182081,0.2193,-0.3833
1787921583.907274,-0.283285,0.383674,2.181497,0.2200,-0.3833
1787921583.914713,-0.284094,0.384805,2.179089,0.2101,-0.3833
1787921583.921704,-0.284705,0.385855,2.178216,0.1990,-0.3833
1787921583.927904,-0.285473,0.386978,2.175737,0.2051,-0.3833
1787921583.934156,-0.286062,0.388033,2.174624,0.2013,-0.3833
1787921583.940748,-0.286632,0.389201,2.173410,0.1994,-0.3833
1787921583.947855,-0.287500,0.390114,2.171042,0.1921,-0.3512
1787921583.954661,-0.287982,0.391168,2.169969,0.1848,-0.3512
1787921583.960847,-0.287984,0.392454,2.170239,0.1809,-0.3512
1787921583.968018,-0.288941,0.393297,2.167669,0.1783,-0.3512
1787921583.975830,-0.289443,0.394360,2.166142,0.1694,-0.3512
1787921583.981626,-0.290022,0.395306,2.165110,0.1760,-0.3512
1787921583.987802,-0.290657,0.396047,2.163117,0.1702,-0.3512
1787921583.995142,-0.291321,0.396904,2.161303,0.1634,-0.3512
1787921584.002745,-0.291853,0.397904,2.160141,0.1588,-0.3512
1787921584.007988,-0.292551,0.398722,2.158817,0.1723,-0.3512
1787921584.015016,-0.293193,0.399636,2.156726,0.1683,-0.3512
1787921584.021534,-0.293386,0.400871,2.156291,0.1701,-0.3512
1787921584.027934,-0.294113,0.401650,2.154264,0.1683,-0.3512
1787921584.034343,-0.294864,0.402500,2.151981,0.1704,-0.3512
1787921584.041363,-0.295422,0.403379,2.151097,0.1637,-0.3512
1787921584.047294,-0.295952,0.404391,2.149377,0.1721,-0.3329
1787921584.055351,-0.296644,0.405556,2.147193,0.1709,-0.3329
1787921584.061543,-0.296962,0.406421,2.146218,0.1632,-0.3329
1787921584.067497,-0.297892,0.407283,2.144436,0.1762,-0.3329
1787921584.077125,-0.298791,0.408155,2.141711,0.1613,-0.3329
1787921584.083219,-0.299125,0.409372,2.141054,0.1722,-0.3329
1787921584.087568,-0.299591,0.410344,2.139526,0.1944,-0.3329
1787921584.094820,-0.300326,0.411346,2.137747,0.1873,-0.3329
1787921584.106506,-0.300941,0.412398,2.136400,0.1624,-0.3329
1787921584.108167,-0.301690,0.413315,2.134183,0.3259,-0.3329
1787921584.114450,-0.302440,0.414064,2.132709,0.2775,-0.3329
1787921584.120812,-0.302736,0.415500,2.131858,0.2590,-0.3329
1787921584.127803,-0.304000,0.416506,2.128459,0.2466,-0.3329
1787921584.134105,-0.304040,0.417731,2.128283,0.2231,-0.3329
1787921584.140731,-0.304643,0.418817,2.127043,0.2124,-0.3329
1787921584.147354,-0.305323,0.419619,2.125751,0.1958,-0.4202
1787921584.155041,-0.305929,0.420848,2.124595,0.1903,-0.4202
1787921584.160997,-0.306591,0.421800,2.122947,0.1915,-0.4202
1787921584.167753,-0.307301,0.422935,2.121804,0.1935,-0.4202
1787921584.176845,-0.307948,0.423940,2.120411,0.1749,-0.4202
1787921584.180868,-0.308379,0.425158,2.119310,0.2167,-0.4202
1787921584.188626,-0.309264,0.425810,2.117564,0.1910,-0.4202
1787921584.194698,-0.309178,0.427209,2.117698,0.1906,-0.4202
1787921584.200877,-0.310140,0.428083,2.116063,0.1939,-0.4202
1787921584.208045,-0.310595,0.429201,2.115762,0.1856,-0.4202
1787921584.214051,-0.310775,0.430361,2.115147,0.1841,-0.4202
1787921584.221353,-0.311548,0.431546,2.113198,0.1870,-0.4202
1787921584.228290,-0.312198,0.432429,2.112266,0.1781,-0.4202
1787921584.235066,-0.312776,0.433338,2.110674,0.1723,-0.4202
1787921584.240801,-0.313186,0.434515,2.109418,0.1845,-0.4202
1787921584.248218,-0.313899,0.435655,2.108026,0.1835,-0.3951
1787921584.254627,-0.314490,0.436438,2.106380,0.1741,-0.3951
1787921584.260792,-0.314956,0.437542,2.104791,0.1796,-0.3951
1787921584.267793,-0.315842,0.438298,2.102609,0.1729,-0.3951
1787921584.274284,-0.316403,0.439177,2.101271,0.1692,-0.3951
1787921584.281038,-0.316631,0.440252,2.100295,0.1648,-0.3951
1787921584.287855,-0.317319,0.441238,2.098835,0.1681,-0.3951
1787921584.294338,-0.317933,0.442052,2.096770,0.1645,-0.3951
1787921584.302283,-0.318564,0.443020,2.094837,0.1587,-0.3951
1787921584.310805,-0.319321,0.443915,2.093167,0.1517,-0.3951
1787921584.314728,-0.320118,0.444797,2.091144,0.1950,-0.3951
1787921584.320565,-0.320014,0.445891,2.090998,0.1827,-0.3951
1787921584.328001,-0.320692,0.447119,2.089614,0.1844,-0.3951
1787921584.334593,-0.320958,0.448116,2.088047,0.1745,-0.3951
1787921584.341805,-0.321112,0.448924,2.087721,0.1546,-0.3951
1787921584.347621,-0.322071,0.449669,2.085189,0.1660,-0.3638
1787921584.354026,-0.322433,0.450576,2.083910,0.1615,-0.3638
1787921584.361460,-0.322998,0.451235,2.082767,0.1474,-0.3638
1787921584.367825,-0.323861,0.452173,2.080207,0.1616,-0.3638
1787921584.374016,-0.323929,0.453212,2.079311,0.1587,-0.3638
1787921584.381468,-0.324189,0.454104,2.078336,0.1476,-0.3638
1787921584.389455,-0.324469,0.455181,2.077583,0.1438,-0.3638
1787921584.394189,-0.325238,0.456028,2.074824,0.1711,-0.3638
1787921584.400912,-0.325674,0.456906,2.074066,0.1635,-0.3638
1787921584.411676,-0.326289,0.457656,2.071741,0.1410,-0.3638
1787921584.415743,-0.327309,0.458377,2.068862,0.1814,-0.3638
1787921584.421722,-0.327898,0.459404,2.067286,0.1864,-0.3638
1787921584.427753,-0.327898,0.460584,2.066292,0.1821,-0.3638
1787921584.434940,-0.328739,0.461354,2.063972,0.1724,-0.3638
1787921584.440907,-0.328662,0.462546,2.064451,0.1716,-0.3638
1787921584.447267,-0.329228,0.463604,2.062341,0.1767,-0.3299
1787921584.454936,-0.330277,0.464362,2.059458,0.1691,-0.3299
1787921584.460958,-0.330622,0.465532,2.058479,0.1780,-0.3299
1787921584.467488,-0.331488,0.466325,2.056470,0.1754,-0.3299
1787921584.474251,-0.332179,0.467569,2.054340,0.1859,-0.3299
1787921584.483217,-0.332022,0.468902,2.054220,0.1672,-0.3299
1787921584.491931,-0.332878,0.469606,2.052069,0.1521,-0.3299
1787921584.494314,-0.333432,0.470596,2.050308,0.2493,-0.3299
1787921584.501726,-0.334055,0.471821,2.048744,0.2301,-0.3299
1787921584.508181,-0.334743,0.472622,2.047445,0.2088,-0.3299
1787921584.514261,-0.335515,0.473587,2.045590,0.2060,-0.3299
1787921584.520948,-0.336013,0.474643,2.044253,0.1965,-0.3299
1787921584.527738,-0.336574,0.475884,2.042422,0.1977,-0.3299
1787921584.534477,-0.336999,0.477048,2.040979,0.1931,-0.3299
1787921584.540803,-0.337465,0.478190,2.039959,0.1935,-0.3299
1787921584.548188,-0.337820,0.479385,2.038798,0.1853,-0.2942
1787921584.554585,-0.338724,0.480366,2.036402,0.1899,-0.2942
1787921584.560932,-0.339293,0.481355,2.035109,0.1867,-0.2942
1787921584.568596,-0.339998,0.482222,2.033965,0.1734,-0.2942
1787921584.573949,-0.340478,0.483267,2.031755,0.1858,-0.2942
1787921584.581511,-0.340972,0.484397,2.030734,0.1789,-0.2942
1787921584.587723,-0.341234,0.485371,2.029937,0.1730,-0.2942
1787921584.594350,-0.341687,0.486285,2.028656,0.1673,-0.2942
1787921584.600554,-0.342238,0.487399,2.027991,0.1772,-0.2942
1787921584.610281,-0.342870,0.488468,2.026589,0.1622,-0.2942
1787921584.616806,-0.343200,0.489461,2.025955,0.1612,-0.2942
1787921584.622380,-0.343554,0.490267,2.025217,0.1602,-0.2942
1787921584.627662,-0.343892,0.491406,2.024431,0.1787,-0.2942
1787921584.635701,-0.344399,0.492391,2.022971,0.1664,-0.2942
1787921584.641001,-0.344956,0.493165,2.021781,0.1697,-0.2942
1787921584.647592,-0.345525,0.494300,2.020736,0.1766,-0.2706
1787921584.655566,-0.345792,0.495195,2.019749,0.1583,-0.2706
1787921584.661517,-0.346327,0.496194,2.018445,0.1679,-0.2706
1787921584.667684,-0.346631,0.497049,2.018126,0.1614,-0.2706
1787921584.674953,-0.347129,0.497948,2.016611,0.1553,-0.2706
1787921584.681106,-0.347908,0.498815,2.014794,0.1632,-0.2706
1787921584.687941,-0.348023,0.499840,2.014427,0.1570,-0.2706
1787921584.693961,-0.348229,0.500887,2.013325,0.1615,-0.2706
1787921584.700765,-0.348934,0.501734,2.011328,0.1601,-0.2706
1787921584.708026,-0.349216,0.502633,2.010513,0.1506,-0.2706
1787921584.714455,-0.349393,0.503592,2.009546,0.1494,-0.2706
1787921584.721478,-0.350199,0.504647,2.007511,0.1600,-0.2706
1787921584.727391,-0.350878,0.505459,2.006188,0.1639,-0.2706
1787921584.734596,-0.351123,0.506282,2.004959,0.1501,-0.2706
1787921584.741223,-0.351441,0.507242,2.004958,0.1506,-0.2706
1787921584.747694,-0.352275,0.508237,2.002758,0.1635,-0.5706
1787921584.754175,-0.352536,0.509241,2.002272,0.1617,-0.5706
1787921584.760751,-0.352328,0.510381,2.002745,0.1565,-0.5706
1787921584.768148,-0.353175,0.511233,2.001228,0.1552,-0.5706
1787921584.774286,-0.353367,0.512339,2.000843,0.1617,-0.5706
1787921584.782792,-0.353807,0.513138,2.000217,0.1453,-0.5706
1787921584.787506,-0.353875,0.514211,1.999728,0.1656,-0.5706
1787921584.794186,-0.354673,0.515272,1.998483,0.1741,-0.5706
1787921584.801239,-0.354632,0.516406,1.998738,0.1650,-0.5706
1787921584.808042,-0.354795,0.517440,1.998833,0.1600,-0.5706
1787921584.814595,-0.354866,0.518786,1.998931,0.1694,-0.5706
1787921584.821985,-0.355137,0.519715,1.998284,0.1575,-0.5706
1787921584.827933,-0.355624,0.520715,1.997718,0.1663,-0.5706
1787921584.835135,-0.355831,0.521976,1.997526,0.1678,-0.5706
1787921584.841750,-0.356385,0.523081,1.995921,0.1735,-0.5706
1787921584.847941,-0.356462,0.524283,1.995765,0.1760,-0.5774
1787921584.853964,-0.356790,0.525224,1.995171,0.1727,-0.5774
1787921584.861065,-0.357595,0.526394,1.993513,0.1799,-0.5774
1787921584.867390,-0.357926,0.527459,1.992127,0.1784,-0.5774
1787921584.874030,-0.358350,0.528193,1.991005,0.1630,-0.5774
1787921584.881272,-0.359032,0.529320,1.988443,0.1682,-0.5774
1787921584.887988,-0.359868,0.530281,1.986269,0.1721,-0.5774
1787921584.894022,-0.360550,0.531068,1.983553,0.1699,-0.5774
1787921584.902352,-0.360656,0.532062,1.981316,0.1533,-0.5774
1787921584.907433,-0.361562,0.532871,1.978378,0.1723,-0.5774
1787921584.916695,-0.362359,0.533817,1.975410,0.1590,-0.5774
1787921584.923082,-0.363321,0.534640,1.972188,0.1645,-0.5774
1787921584.927825,-0.364081,0.535293,1.969413,0.1719,-0.5774
1787921584.934438,-0.364353,0.536113,1.967934,0.1594,-0.5774
1787921584.941024,-0.364438,0.537260,1.965792,0.1613,-0.5774
1787921584.947502,-0.364692,0.538173,1.964073,0.1565,-0.5686
1787921584.955834,-0.365158,0.539062,1.962146,0.1455,-0.5686
1787921584.960752,-0.364959,0.539953,1.961454,0.1475,-0.5686
1787921584.967334,-0.365205,0.540901,1.960001,0.1475,-0.5686
1787921584.974947,-0.365401,0.541768,1.958495,0.1378,-0.5686
1787921584.980909,-0.365877,0.542484,1.957109,0.1389,-0.5686
1787921584.987767,-0.365682,0.543348,1.956697,0.1290,-0.5686
1787921584.995736,-0.366112,0.544068,1.955199,0.1215,-0.5686
1787921585.003967,-0.366215,0.544714,1.953859,0.1083,-0.5686
1787921585.007987,-0.366407,0.545410,1.952399,0.1294,-0.5686
1787921585.014271,-0.366770,0.546142,1.949990,0.1294,-0.5686
1787921585.021903,-0.367014,0.546777,1.948264,0.1173,-0.5686
1787921585.027550,-0.367242,0.547332,1.946791,0.1140,-0.5686
1787921585.034670,-0.367126,0.548137,1.945365,0.1096,-0.5686
1787921585.041038,-0.367823,0.548887,1.942578,0.1216,-0.5686
1787921585.047731,-0.367829,0.549549,1.941171,0.1128,-0.5112
1787921585.053859,-0.367759,0.550316,1.939941,0.1128,-0.5112
1787921585.063022,-0.368379,0.550813,1.937324,0.1014,-0.5112
1787921585.067806,-0.368421,0.551728,1.936489,0.1255,-0.5112
1787921585.074042,-0.369168,0.552188,1.933297,0.1213,-0.5112
1787921585.080977,-0.368971,0.553036,1.932196,0.1162,-0.5112
1787921585.088520,-0.368912,0.553676,1.931730,0.1043,-0.5112
1787921585.094349,-0.369175,0.554496,1.930169,0.1173,-0.5112
1787921585.100996,-0.369685,0.555217,1.927485,0.1206,-0.5112
1787921585.107388,-0.369869,0.555989,1.925919,0.1214,-0.5112
1787921585.114497,-0.370758,0.557100,1.923643,0.1420,-0.5112
1787921585.121830,-0.370712,0.557684,1.923048,0.1211,-0.5112
1787921585.129716,-0.371244,0.558508,1.921427,0.1212,-0.5112
1787921585.134629,-0.371432,0.559017,1.919919,0.1180,-0.5112
1787921585.140748,-0.371924,0.559674,1.917847,0.1211,-0.5112
1787921585.147366,-0.371948,0.560478,1.916676,0.1194,-0.4740
1787921585.155020,-0.372298,0.561120,1.914765,0.1119,-0.4740
1787921585.160706,-0.372555,0.561883,1.912960,0.1208,-0.4740
1787921585.168107,-0.373103,0.562500,1.911305,0.1156,-0.4740
1787921585.174011,-0.372842,0.563303,1.911286,0.1149,-0.4740
1787921585.182112,-0.373092,0.564330,1.909221,0.1194,-0.4740
1787921585.187826,-0.373230,0.565268,1.907792,0.1325,-0.4740
1787921585.194524,-0.373477,0.565822,1.906302,0.1198,-0.4740
1787921585.202077,-0.373799,0.566757,1.904887,0.1231,-0.4740
1787921585.208690,-0.374689,0.567909,1.901229,0.1487,-0.4740
1787921585.214338,-0.375348,0.568462,1.898884,0.1432,-0.4740
1787921585.224099,-0.375339,0.569158,1.898299,0.1204,-0.4740
1787921585.231255,-0.375762,0.570054,1.896110,0.1255,-0.4740
1787921585.235095,-0.376195,0.570763,1.893772,0.1511,-0.4740
1787921585.241108,-0.376082,0.571508,1.892840,0.1393,-0.4740
1787921585.248039,-0.376492,0.572429,1.890906,0.1409,-0.4435
1787921585.255210,-0.376958,0.573211,1.888792,0.1358,-0.4435
1787921585.261405,-0.377127,0.573853,1.887633,0.1272,-0.4435
1787921585.267263,-0.377073,0.574857,1.887374,0.1370,-0.4435
1787921585.274624,-0.377144,0.575515,1.886565,0.1223,-0.4435
1787921585.281130,-0.377473,0.576413,1.884697,0.1297,-0.4435
1787921585.291571,-0.378089,0.577224,1.882067,0.1184,-0.4435
1787921585.296058,-0.378013,0.578280,1.881350,0.1486,-0.4435
1787921585.302823,-0.378360,0.579043,1.879774,0.1409,-0.4435
1787921585.307848,-0.378903,0.579859,1.877213,0.1549,-0.4435
1787921585.314893,-0.378992,0.580762,1.875402,0.1462,-0.4435
1787921585.320653,-0.378716,0.581525,1.875085,0.1360,-0.4435
1787921585.327802,-0.379135,0.582331,1.872953,0.1327,-0.4435
1787921585.335049,-0.379684,0.583107,1.870839,0.1303,-0.4435
1787921585.340786,-0.379533,0.584099,1.869628,0.1384,-0.4435
1787921585.347579,-0.379709,0.584945,1.868338,0.1349,-0.3885
1787921585.355214,-0.379446,0.586121,1.867496,0.1356,-0.3885
1787921585.360626,-0.380038,0.587063,1.865435,0.1544,-0.3885
1787921585.368227,-0.379984,0.587811,1.864755,0.1357,-0.3885
1787921585.373900,-0.380258,0.589024,1.862898,0.1606,-0.3885
1787921585.381624,-0.380441,0.590050,1.861703,0.1527,-0.3885
1787921585.387888,-0.380657,0.590825,1.860344,0.1454,-0.3885
1787921585.394412,-0.380601,0.591654,1.859601,0.1376,-0.3885
1787921585.401074,-0.380726,0.592592,1.858023,0.1384,-0.3885
1787921585.407721,-0.381194,0.593469,1.856278,0.1408,-0.3885
1787921585.414260,-0.380984,0.594199,1.855668,0.1280,-0.3885
1787921585.421515,-0.381435,0.594665,1.854301,0.1133,-0.3885
1787921585.429898,-0.381183,0.595713,1.853562,0.1128,-0.3885
1787921585.436887,-0.381340,0.596399,1.852521,0.1091,-0.3885
1787921585.441027,-0.381363,0.597079,1.852369,0.1242,-0.3885
1787921585.447446,-0.381679,0.597859,1.850927,0.1261,-0.0000
1787921585.454762,-0.381923,0.598549,1.849846,0.1182,-0.0000
1787921585.460730,-0.382182,0.599090,1.848866,0.1125,-0.0000
1787921585.468097,-0.382153,0.599642,1.848267,0.1000,-0.0000
1787921585.474873,-0.382368,0.600233,1.847394,0.0978,-0.0000
1787921585.480809,-0.382644,0.600624,1.846370,0.0913,-0.0000
1787921585.487999,-0.382899,0.600963,1.845409,0.0804,-0.0000
1787921585.493929,-0.383122,0.601229,1.844485,0.0723,-0.0000
1787921585.501362,-0.383117,0.601463,1.843908,0.0596,-0.0000
1787921585.507715,-0.382960,0.601681,1.843752,0.0497,-0.0000
1787921585.516144,-0.383182,0.601819,1.842865,0.0416,-0.0000
1787921585.521070,-0.383562,0.601733,1.841311,0.0302,-0.0000
1787921585.527692,-0.383656,0.601681,1.840301,0.0200,-0.0000
1787921585.537786,-0.383832,0.601759,1.839161,0.0176,-0.0000
1787921585.541011,-0.383677,0.601542,1.838991,-0.0109,-0.0000
1787921585.547904,-0.383584,0.601491,1.838452,-0.0109,-0.0000
1787921585.554472,-0.383465,0.601311,1.838645,-0.0170,-0.0000
1787921585.561044,-0.383627,0.601311,1.837682,-0.0099,-0.0000
1787921585.567701,-0.383456,0.601017,1.838582,-0.0218,-0.0000
1787921585.573878,-0.383706,0.601010,1.837808,-0.0123,-0.0000
1787921585.581276,-0.383520,0.600810,1.838482,-0.0185,-0.0000
1787921585.588554,-0.383412,0.600803,1.839145,-0.0144,-0.0000
1787921585.594865,-0.383155,0.600594,1.840183,-0.0229,-0.0000
1787921585.601241,-0.382750,0.600584,1.841734,-0.0216,-0.0000
1787921585.610682,-0.382400,0.600487,1.842552,-0.0211,-0.0000
1787921585.614375,-0.382445,0.600450,1.842560,-0.0167,-0.0000
1787921585.620847,-0.382747,0.600203,1.842311,-0.0189,-0.0000
1787921585.627539,-0.382518,0.600155,1.842514,-0.0181,-0.0000
1787921585.641005,-0.382734,0.600142,1.841956,-0.0117,-0.0000
1787921585.642135,-0.383105,0.599996,1.840735,-0.0192,-0.0000
1787921585.647294,-0.383184,0.599969,1.840573,-0.0137,-0.0000
1787921585.655119,-0.383346,0.599992,1.840137,-0.0071,-0.0000
1787921585.660941,-0.383343,0.599926,1.840027,-0.0083,-0.0000
1787921585.667377,-0.383765,0.599965,1.839075,0.0012,-0.0000
1787921585.674776,-0.383489,0.600063,1.839681,0.0017,-0.0000
1787921585.681221,-0.383574,0.600106,1.839951,0.0041,-0.0000
1787921585.688168,-0.383746,0.600123,1.839666,0.0056,-0.0000
1787921585.694228,-0.383723,0.600311,1.840131,0.0126,-0.0000
1787921585.700938,-0.383618,0.600346,1.840605,0.0091,-0.0000
1787921585.707771,-0.383714,0.600403,1.840528,0.0099,-0.0000
1787921585.714145,-0.383452,0.600594,1.841339,0.0123,-0.0000
1787921585.721201,-0.383750,0.600461,1.840602,0.0065,-0.0000
1787921585.732913,-0.383553,0.600582,1.841072,0.0062,-0.0000
1787921585.737253,-0.383665,0.600618,1.840713,0.0088,-0.0000
1787921585.750743,-0.383552,0.600496,1.841087,0.0029,-0.0000
1787921585.755941,-0.383520,0.600559,1.840894,0.0050,-0.0000
1787921585.756916,-0.383575,0.600482,1.840868,-0.0148,-0.0000
1787921585.762404,-0.383548,0.600479,1.840646,-0.0109,-0.0000
1787921585.767518,-0.383396,0.600539,1.840681,-0.0066,-0.0000
1787921585.774658,-0.383631,0.600449,1.840124,-0.0056,-0.0000
1787921585.781345,-0.383588,0.600461,1.840237,-0.0039,-0.0000
1787921585.787374,-0.383561,0.600398,1.840280,-0.0061,-0.0000
1787921585.794578,-0.383375,0.600313,1.840583,-0.0098,-0.0000
1787921585.800963,-0.383620,0.600248,1.840155,-0.0067,-0.0000
1787921585.807212,-0.383663,0.600212,1.840207,-0.0058,-0.0000
1787921585.814698,-0.383580,0.600239,1.840450,-0.0039,-0.0000
1787921585.823047,-0.383482,0.600246,1.840480,-0.0035,-0.0000
1787921585.828481,-0.383591,0.600161,1.840365,-0.0053,-0.0000
1787921585.833957,-0.383315,0.600349,1.840747,0.0022,-0.0000
1787921585.844666,-0.383536,0.600222,1.840425,-0.0003,-0.0000
1787921585.847422,-0.383618,0.600356,1.840277,0.0162,-0.0000
1787921585.854220,-0.383462,0.600359,1.840581,0.0097,-0.0000
1787921585.864753,-0.383735,0.600278,1.840070,0.0066,-0.0000
1787921585.868684,-0.383480,0.600341,1.840384,0.0041,-0.0000
1787921585.874637,-0.383659,0.600428,1.840068,0.0095,-0.0000
1787921585.880933,-0.383603,0.600579,1.840172,0.0129,-0.0000
1787921585.888023,-0.383700,0.600442,1.840161,0.0045,-0.0000
1787921585.894501,-0.383553,0.600499,1.840562,0.0039,-0.0000
1787921585.900764,-0.383688,0.600369,1.840295,-0.0015,-0.0000
1787921585.907438,-0.383477,0.600486,1.840701,0.0015,-0.0000
1787921585.914242,-0.383656,0.600321,1.840681,-0.0039,-0.0000
1787921585.920692,-0.383267,0.600549,1.840894,0.0027,-0.0000
1787921585.927652,-0.383668,0.600477,1.840075,0.0035,-0.0000
1787921585.934183,-0.383500,0.600482,1.840516,0.0006,-0.0000
1787921585.942815,-0.383566,0.600375,1.840253,-0.0026,-0.0000
1787921585.947466,-0.383656,0.600501,1.840182,0.0076,-0.0000
1787921585.958762,-0.383530,0.600371,1.840284,0.0011,-0.0000
1787921585.961083,-0.383308,0.600474,1.840737,0.0059,-0.0000
1787921585.967999,-0.383554,0.600282,1.840264,-0.0010,-0.0000
1787921585.975063,-0.383697,0.600264,1.840102,0.0001,-0.0000
1787921585.980861,-0.383612,0.600381,1.840284,0.0048,-0.0000
1787921585.987919,-0.383436,0.600370,1.840773,0.0009,-0.0000
1787921585.994717,-0.383600,0.600323,1.840473,0.0005,-0.0000
1787921586.000776,-0.383374,0.600323,1.840734,-0.0026,-0.0000
1787921586.007779,-0.383392,0.600468,1.840661,0.0044,-0.0000
1787921586.013705,-0.383726,0.600360,1.839945,0.0023,-0.0000
1787921586.020928,-0.383876,0.600352,1.839842,0.0029,-0.0000
1787921586.027821,-0.383716,0.600477,1.839802,0.0054,-0.0000
1787921586.034471,-0.383746,0.600500,1.839908,0.0052,-0.0000
1787921586.043108,-0.383720,0.600439,1.839975,0.0013,-0.0000
1787921586.049438,-0.383773,0.600406,1.840207,0.0001,-0.0000
1787921586.054054,-0.383427,0.600439,1.840675,-0.0039,-0.0000
1787921586.061333,-0.383819,0.600436,1.840080,0.0015,-0.0000
1787921586.069104,-0.383661,0.600482,1.840203,0.0011,-0.0000
1787921586.074310,-0.383513,0.600394,1.840564,-0.0064,-0.0000
1787921586.081133,-0.383672,0.600459,1.840176,0.0002,-0.0000
1787921586.087955,-0.383498,0.600403,1.840500,-0.0043,-0.0000
1787921586.094062,-0.383559,0.600438,1.840236,-0.0006,-0.0000
1787921586.102242,-0.383704,0.600351,1.839975,-0.0020,-0.0000
1787921586.107270,-0.383470,0.600425,1.840453,-0.0009,-0.0000
1787921586.114791,-0.383755,0.600383,1.839776,0.0008,-0.0000
1787921586.121369,-0.383681,0.600446,1.840199,0.0024,-0.0000
1787921586.130363,-0.383802,0.600432,1.839822,0.0023,-0.0000
1787921586.133725,-0.383678,0.600385,1.840226,-0.0054,-0.0000
1787921586.145596,-0.383705,0.600243,1.840113,-0.0071,-0.0000
1787921586.148019,-0.383494,0.600380,1.840631,0.0044,-0.0000
1787921586.154880,-0.383646,0.600390,1.840073,0.0053,-0.0000
1787921586.160466,-0.383498,0.600490,1.840313,0.0068,-0.0000
1787921586.167310,-0.383413,0.600349,1.840876,-0.0022,-0.0000
1787921586.175102,-0.383568,0.600419,1.840289,0.0026,-0.0000
1787921586.180786,-0.383696,0.600392,1.840148,0.0022,-0.0000
1787921586.187968,-0.383797,0.600437,1.839747,0.0045,-0.0000
1787921586.194544,-0.383506,0.600432,1.840602,-0.0006,-0.0000
1787921586.200577,-0.383564,0.600385,1.840272,-0.0019,-0.0000
1787921586.207267,-0.383846,0.600459,1.839818,0.0053,-0.0000
1787921586.214520,-0.383957,0.600466,1.839850,0.0052,-0.0000
1787921586.220670,-0.383790,0.600421,1.839780,-0.0006,-0.0000
1787921586.227643,-0.383781,0.600400,1.840070,-0.0015,-0.0000
1787921586.234474,-0.383796,0.600412,1.839850,-0.0003,-0.0000
1787921586.242402,-0.383475,0.600497,1.840451,-0.0004,-0.0000
1787921586.248247,-0.383790,0.600336,1.840085,-0.0039,-0.0000
1787921586.254272,-0.383452,0.600475,1.840458,-0.0005,-0.0000
1787921586.260820,-0.383716,0.600444,1.840063,0.0015,-0.0000
1787921586.268218,-0.383643,0.600357,1.840481,-0.0032,-0.0000
1787921586.274137,-0.383515,0.600404,1.840377,-0.0016,-0.0000
1787921586.280737,-0.383649,0.600328,1.840246,-0.0029,-0.0000
1787921586.288231,-0.383610,0.600403,1.840277,0.0005,-0.0000
1787921586.294488,-0.383678,0.600374,1.840258,-0.0002,-0.0000
1787921586.301214,-0.383787,0.600433,1.839830,0.0037,-0.0000
1787921586.307248,-0.383458,0.600505,1.840548,0.0017,-0.0000
1787921586.314233,-0.383716,0.600341,1.839977,-0.0027,-0.0000
1787921586.321208,-0.383340,0.600367,1.840664,-0.0051,-0.0000
1787921586.327747,-0.383552,0.600482,1.840264,0.0041,-0.0000
1787921586.335128,-0.383810,0.600450,1.839854,0.0044,-0.0000
1787921586.341060,-0.383394,0.600467,1.840654,-0.0017,-0.0000
1787921586.347221,-0.383690,0.600431,1.840172,0.0010,-0.0000
1787921586.357239,-0.383693,0.600436,1.840013,0.0009,-0.0000
1787921586.360668,-0.383619,0.600402,1.840520,-0.0040,-0.0000
1787921586.368101,-0.383431,0.600457,1.840635,-0.0027,-0.0000
1787921586.375009,-0.383749,0.600325,1.840179,-0.0037,-0.0000
1787921586.380872,-0.383880,0.600322,1.839876,-0.0010,-0.0000
1787921586.387622,-0.383612,0.600301,1.840242,-0.0048,-0.0000
1787921586.395581,-0.383511,0.600413,1.840404,-0.0003,-0.0000
1787921586.401464,-0.383644,0.600406,1.840165,0.0012,-0.0000
1787921586.408069,-0.383656,0.600424,1.840164,0.0018,-0.0000
1787921586.414043,-0.383657,0.600388,1.840295,-0.0005,-0.0000
1787921586.420901,-0.383591,0.600466,1.840163,0.0022,-0.0000
1787921586.428838,-0.383573,0.600428,1.840280,-0.0000,-0.0000
1787921586.434427,-0.383732,0.600482,1.839901,0.0050,-0.0000
1787921586.444233,-0.383585,0.600480,1.840321,0.0023,-0.0000
1787921586.448120,-0.383668,0.600402,1.840172,-0.0025,-0.0000
1787921586.454147,-0.383650,0.600465,1.840123,0.0010,-0.0000
1787921586.461295,-0.383607,0.600467,1.840304,0.0003,-0.0000
1787921586.467501,-0.383751,0.600376,1.840063,-0.0022,-0.0000
1787921586.474892,-0.383603,0.600484,1.840093,0.0011,-0.0000
1787921586.481157,-0.383545,0.600469,1.840170,-0.0007,-0.0000
1787921586.487545,-0.383715,0.600489,1.839973,0.0026,-0.0000
1787921586.495551,-0.383531,0.600437,1.840362,-0.0019,-0.0000
1787921586.500822,-0.383867,0.600352,1.839753,-0.0009,-0.0000
1787921586.507396,-0.383683,0.600469,1.839986,0.0023,-0.0000
1787921586.514436,-0.383721,0.600419,1.840052,-0.0000,-0.0000
1787921586.521974,-0.383644,0.600339,1.840283,-0.0039,-0.0000
1787921586.527382,-0.383566,0.600439,1.840549,0.0014,-0.0000
1787921586.534760,-0.383756,0.600460,1.839909,0.0039,-0.0000
1787921586.541450,-0.383663,0.600462,1.840166,0.0017,-0.0000
1787921586.547382,-0.383586,0.600547,1.840384,0.0043,-0.0000
1787921586.555397,-0.383602,0.600459,1.840291,-0.0000,-0.0000
1787921586.561601,-0.383675,0.600451,1.839838,0.0006,-0.0000
1787921586.567678,-0.383424,0.600385,1.840592,-0.0061,-0.0000
1787921586.574627,-0.383564,0.600422,1.840327,-0.0011,-0.0000
1787921586.580701,-0.383916,0.600340,1.839625,-0.0001,-0.0000
1787921586.587654,-0.383666,0.600329,1.840310,-0.0034,-0.0000
1787921586.594521,-0.383682,0.600372,1.840201,-0.0003,-0.0000
1787921586.600670,-0.383786,0.600401,1.840017,0.0025,-0.0000
1787921586.608053,-0.383788,0.600445,1.839901,0.0035,-0.0000
1787921586.614195,-0.383817,0.600476,1.839932,0.0043,-0.0000
1787921586.620522,-0.383459,0.600404,1.840617,-0.0048,-0.0000
1787921586.627804,-0.383654,0.600442,1.840049,0.0003,-0.0000
1787921586.634029,-0.383710,0.600460,1.840177,0.0017,-0.0000
1787921586.642273,-0.383852,0.600409,1.839603,0.0008,-0.0000
1787921586.648070,-0.383655,0.600507,1.840240,0.0028,-0.0000
1787921586.654037,-0.383757,0.600442,1.839783,0.0001,-0.0000
1787921586.663794,-0.383712,0.600453,1.840318,0.0000,-0.0000
1787921586.667973,-0.383599,0.600489,1.840427,0.0004,-0.0000
1787921586.674912,-0.383716,0.600408,1.840240,-0.0018,-0.0000
1787921586.681308,-0.383767,0.600330,1.839873,-0.0041,-0.0000
1787921586.687408,-0.383644,0.600458,1.840157,0.0016,-0.0000
1787921586.693963,-0.383818,0.600316,1.840119,-0.0031,-0.0000
1787921586.701400,-0.383713,0.600329,1.840034,-0.0027,-0.0000
1787921586.707743,-0.383749,0.600534,1.839946,0.0079,-0.0000
1787921586.714702,-0.383744,0.600446,1.839972,0.0018,-0.0000
1787921586.720963,-0.383469,0.600438,1.840637,-0.0026,-0.0000
1787921586.727301,-0.383492,0.600555,1.840426,0.0038,-0.0000
1787921586.735661,-0.383684,0.600444,1.840095,0.0006,-0.0000
1787921586.741031,-0.383818,0.600468,1.840020,0.0037,-0.0000
1787921586.748206,-0.383685,0.600351,1.840192,-0.0036,-0.0000
1787921586.754350,-0.383880,0.600431,1.839717,0.0038,-0.0000
1787921586.761324,-0.383655,0.600470,1.840093,0.0017,-0.0000
1787921586.767679,-0.383688,0.600444,1.840044,0.0004,-0.0000
1787921586.774169,-0.383876,0.600366,1.839856,-0.0008,-0.0000
1787921586.784657,-0.383597,0.600479,1.840282,0.0004,-0.0000
1787921586.788815,-0.383782,0.600422,1.839947,-0.0001,-0.0000
1787921586.794581,-0.383670,0.600281,1.840513,-0.0087,-0.0000
1787921586.800859,-0.383678,0.600420,1.840185,0.0004,-0.0000
1787921586.807827,-0.383778,0.600256,1.840071,-0.0054,-0.0000
1787921586.813846,-0.383577,0.600364,1.840508,-0.0012,-0.0000
1787921586.821564,-0.383719,0.600350,1.840248,0.0001,-0.0000
1787921586.827891,-0.383729,0.600329,1.840124,-0.0008,-0.0000
1787921586.835843,-0.383840,0.600494,1.839765,0.0066,-0.0000
1787921586.841323,-0.383482,0.600484,1.840431,-0.0011,-0.0000
1787921586.848145,-0.383642,0.600470,1.840270,0.0005,-0.0000
1787921586.854135,-0.383523,0.600479,1.840523,-0.0008,-0.0000
1787921586.862294,-0.383591,0.600522,1.840274,0.0016,-0.0000
1787921586.868687,-0.383803,0.600559,1.839746,0.0054,-0.0000
1787921586.874529,-0.383653,0.600493,1.840270,-0.0015,-0.0000
1787921586.880511,-0.383551,0.600409,1.840331,-0.0065,-0.0000
1787921586.887828,-0.383610,0.600347,1.840097,-0.0064,-0.0000
1787921586.894351,-0.383502,0.600471,1.840525,-0.0003,-0.0000
1787921586.901063,-0.383653,0.600416,1.840153,-0.0007,-0.0000
1787921586.907587,-0.383539,0.600436,1.840450,-0.0010,-0.0000
1787921586.914381,-0.383608,0.600478,1.840133,0.0018,-0.0000
1787921586.921151,-0.383576,0.600394,1.840371,-0.0027,-0.0000
1787921586.927820,-0.383768,0.600504,1.840050,0.0052,-0.0000
1787921586.933933,-0.383944,0.600443,1.839665,0.0031,-0.0000
1787921586.941147,-0.383734,0.600465,1.839994,0.0007,-0.0000
1787921586.950006,-0.383754,0.600484,1.839823,0.0013,0.3000
1787921586.954530,-0.383497,0.600475,1.840490,-0.0042,0.3000
1787921586.961748,-0.383896,0.600500,1.839721,0.0025,0.3000
1787921586.971004,-0.383568,0.600589,1.840417,0.0017,0.3000
1787921586.974417,-0.383804,0.600420,1.839882,-0.0076,0.3000
1787921586.980919,-0.383751,0.600396,1.840227,-0.0070,0.3000
1787921586.988390,-0.383589,0.600494,1.840214,-0.0029,0.3000
1787921586.994173,-0.383827,0.600297,1.839399,-0.0086,0.3000
1787921587.000936,-0.384088,0.600327,1.838551,-0.0017,0.3000
1787921587.007273,-0.383826,0.600247,1.838540,-0.0081,0.3000
1787921587.014472,-0.384351,0.600283,1.836903,0.0015,0.3000
1787921587.021715,-0.384410,0.600196,1.836584,-0.0018,0.3000
1787921587.027546,-0.384642,0.600156,1.836254,-0.0001,0.3000
1787921587.034482,-0.384944,0.600255,1.835606,0.0075,0.3000
1787921587.040984,-0.384743,0.600306,1.835983,0.0051,0.3000
1787921587.047601,-0.384311,0.600526,1.836713,0.0080,0.6000
1787921587.055640,-0.384348,0.600574,1.836838,0.0077,0.6000
1787921587.061161,-0.383853,0.600633,1.838300,0.0014,0.6000
1787921587.067362,-0.383713,0.600759,1.839062,0.0050,0.6000
1787921587.075641,-0.383715,0.600968,1.839517,0.0108,0.6000
1787921587.081136,-0.382923,0.600975,1.841684,-0.0036,0.6000
1787921587.088349,-0.383003,0.601090,1.842181,0.0030,0.6000
1787921587.094399,-0.382989,0.601200,1.842024,0.0072,0.6000
1787921587.100886,-0.382613,0.601370,1.842732,0.0079,0.6000
1787921587.108653,-0.383007,0.601298,1.841592,0.0069,0.6000
1787921587.114793,-0.383124,0.601349,1.841094,0.0088,0.6000
1787921587.120834,-0.383311,0.601458,1.840589,0.0139,0.6000
1787921587.127715,-0.383063,0.601542,1.840830,0.0103,0.6000
1787921587.134315,-0.383485,0.601320,1.840320,0.0026,0.6000
1787921587.140814,-0.382960,0.601414,1.841004,-0.0004,0.6000
1787921587.148484,-0.383073,0.601433,1.840802,0.0016,0.7000
1787921587.154821,-0.383164,0.601297,1.840605,-0.0039,0.7000
1787921587.160676,-0.382763,0.601326,1.841117,-0.0068,0.7000
1787921587.171421,-0.382579,0.601342,1.841546,-0.0057,0.7000
1787921587.175796,-0.382732,0.601262,1.841141,-0.0065,0.7000
1787921587.181839,-0.382278,0.601403,1.842212,-0.0038,0.7000
1787921587.188178,-0.382395,0.601423,1.841822,-0.0003,0.7000
1787921587.194634,-0.382013,0.601497,1.842480,-0.0017,0.7000
1787921587.200842,-0.381801,0.601442,1.843030,-0.0065,0.7000
1787921587.207371,-0.381859,0.601424,1.843047,-0.0046,0.7000
1787921587.213742,-0.381665,0.601409,1.843273,-0.0064,0.7000
1787921587.221501,-0.381541,0.601356,1.843405,-0.0077,0.7000
1787921587.227418,-0.381576,0.601493,1.843154,0.0017,0.7000
1787921587.235328,-0.381789,0.601327,1.842518,-0.0027,0.7000
1787921587.241090,-0.381435,0.601391,1.843010,-0.0036,0.7000
1787921587.247491,-0.381795,0.601325,1.842141,-0.0010,0.7000
1787921587.257310,-0.381592,0.601306,1.842172,-0.0029,0.7000
1787921587.262594,-0.381896,0.601301,1.841693,0.0023,0.7000
1787921587.267777,-0.381694,0.601247,1.842185,-0.0045,0.7000
1787921587.274043,-0.381880,0.601262,1.841674,-0.0001,0.7000
1787921587.281143,-0.381774,0.601284,1.842006,-0.0004,0.7000
1787921587.287965,-0.381632,0.601348,1.842588,0.0008,0.7000
1787921587.294043,-0.382084,0.601213,1.842055,0.0001,0.7000
1787921587.301321,-0.381969,0.601269,1.842436,0.0010,0.7000
1787921587.307305,-0.382042,0.601249,1.842412,0.0007,0.7000
1787921587.315013,-0.382261,0.601194,1.842368,0.0007,0.7000
1787921587.321309,-0.381875,0.601262,1.842692,-0.0013,0.7000
1787921587.327558,-0.381806,0.601097,1.843389,-0.0095,0.7000
1787921587.334257,-0.382263,0.601034,1.841964,-0.0039,0.7000
1787921587.340885,-0.381702,0.600875,1.843199,-0.0165,0.7000
1787921587.347653,-0.381782,0.600693,1.842731,-0.0183,0.7000
1787921587.354752,-0.381341,0.600547,1.843075,-0.0238,0.7000
1787921587.361433,-0.381434,0.600327,1.843042,-0.0250,0.7000
1787921587.368416,-0.381088,0.600015,1.842972,-0.0345,0.7000
1787921587.374147,-0.380882,0.599674,1.843367,-0.0442,0.7000
1787921587.380938,-0.380681,0.599374,1.842754,-0.0461,0.7000
1787921587.387175,-0.380456,0.598992,1.842351,-0.0529,0.7000
1787921587.394851,-0.379990,0.598367,1.843198,-0.0654,0.7000
1787921587.400642,-0.379924,0.597674,1.842552,-0.0813,0.7000
1787921587.407846,-0.379630,0.597299,1.841805,-0.0752,0.7000
1787921587.414204,-0.379565,0.596726,1.840238,-0.0795,0.7000
1787921587.420400,-0.379381,0.595932,1.838930,-0.0951,0.7000
1787921587.428130,-0.379338,0.595078,1.837250,-0.0990,0.7000
1787921587.435443,-0.378927,0.594257,1.835824,-0.1062,0.7000
1787921587.441844,-0.378488,0.593373,1.834256,-0.1197,0.7000
1787921587.448209,-0.377957,0.592547,1.833076,-0.1279,0.7000
1787921587.456245,-0.377795,0.591256,1.831279,-0.1376,0.7000
1787921587.461764,-0.377299,0.590370,1.829405,-0.1498,0.7000
1787921587.469921,-0.376796,0.589207,1.828167,-0.1509,0.7000
1787921587.474539,-0.376236,0.588128,1.827096,-0.1827,0.7000
1787921587.482966,-0.375467,0.586911,1.826274,-0.1767,0.7000
1787921587.488243,-0.374690,0.585781,1.825226,-0.1970,0.7000
1787921587.494086,-0.375112,0.584477,1.823210,-0.1973,0.7000
1787921587.502001,-0.374756,0.583286,1.821442,-0.1852,0.7000
1787921587.507778,-0.373815,0.582163,1.820831,-0.1982,0.7000
1787921587.514414,-0.373143,0.580751,1.820002,-0.2081,0.7000
1787921587.521097,-0.372563,0.579735,1.818885,-0.1963,0.7000
1787921587.528845,-0.372541,0.578483,1.817241,-0.1846,0.7000
1787921587.534198,-0.371839,0.577266,1.816215,-0.2050,0.7000
1787921587.541345,-0.371322,0.576264,1.815303,-0.1895,0.7000
1787921587.547727,-0.370548,0.575189,1.814688,-0.1905,0.7000
1787921587.556097,-0.370251,0.573862,1.813402,-0.1821,0.7000
1787921587.560887,-0.369949,0.572704,1.812177,-0.2024,0.7000
1787921587.568316,-0.369821,0.571546,1.810241,-0.1883,0.7000
1787921587.574050,-0.369568,0.570230,1.808771,-0.2019,0.7000
1787921587.581568,-0.368727,0.569062,1.808349,-0.1945,0.7000
1787921587.587682,-0.367918,0.567809,1.807989,-0.2053,0.7000
1787921587.594382,-0.367483,0.566714,1.806989,-0.1959,0.7000
1787921587.600643,-0.367258,0.565454,1.805436,-0.1983,0.7000
1787921587.607736,-0.367060,0.564425,1.803701,-0.1831,0.7000
1787921587.614825,-0.366418,0.563254,1.802552,-0.1826,0.7000
1787921587.621016,-0.365795,0.562121,1.801035,-0.1882,0.7000
1787921587.627320,-0.365644,0.560747,1.799608,-0.1971,0.7000
1787921587.634768,-0.365156,0.559220,1.798142,-0.2023,0.7000
1787921587.640541,-0.365210,0.558356,1.795909,-0.1848,0.7000
1787921587.647943,-0.364568,0.557049,1.794725,-0.1868,0.7000
1787921587.654292,-0.364096,0.555649,1.792865,-0.2002,0.7000
1787921587.661045,-0.363122,0.554639,1.792147,-0.1934,0.7000
1787921587.667971,-0.363515,0.552959,1.789038,-0.2027,0.7000
1787921587.675869,-0.362999,0.551818,1.787210,-0.1884,0.7000
1787921587.684166,-0.362919,0.550817,1.783373,-0.1679,0.7000
1787921587.688188,-0.361996,0.549490,1.781635,-0.2287,0.7000
1787921587.694120,-0.361637,0.547970,1.780143,-0.2391,0.7000
1787921587.700681,-0.361539,0.546419,1.777661,-0.2377,0.7000
1787921587.708051,-0.361097,0.545209,1.774832,-0.2183,0.7000
1787921587.713958,-0.359855,0.543751,1.774547,-0.2381,0.7000
1787921587.721114,-0.359664,0.542331,1.771939,-0.2266,0.7000
1787921587.728054,-0.359777,0.540905,1.769110,-0.2181,0.7000
1787921587.734303,-0.358764,0.539535,1.767558,-0.2266,0.7000
1787921587.741220,-0.357786,0.538061,1.767432,-0.2296,0.7000
1787921587.747962,-0.357297,0.536602,1.764620,-0.2286,0.7000
1787921587.754479,-0.357341,0.535017,1.762475,-0.2313,0.7000
1787921587.761075,-0.356527,0.533753,1.760462,-0.2253,0.7000
1787921587.768583,-0.355849,0.532212,1.758930,-0.2233,0.7000
1787921587.774387,-0.354895,0.530609,1.758308,-0.2469,0.7000
1787921587.780926,-0.354701,0.529040,1.755459,-0.2452,0.7000
1787921587.790775,-0.354042,0.527602,1.754449,-0.2184,0.7000
1787921587.794960,-0.352994,0.526087,1.753288,-0.2732,0.7000
1787921587.800847,-0.352739,0.524611,1.750747,-0.2677,0.7000
1787921587.808535,-0.351945,0.523006,1.750026,-0.2545,0.7000
1787921587.814965,-0.351711,0.521776,1.747111,-0.2366,0.7000
1787921587.820826,-0.351319,0.520170,1.745089,-0.2500,0.7000
1787921587.827623,-0.350559,0.518422,1.744540,-0.2568,0.7000
1787921587.836350,-0.350642,0.516965,1.741272,-0.2287,0.7000
1787921587.840703,-0.349116,0.515772,1.740915,-0.2589,0.7000
1787921587.848231,-0.348775,0.514160,1.739050,-0.2468,0.7000
1787921587.854571,-0.348134,0.512941,1.737285,-0.2347,0.7000
1787921587.862059,-0.348002,0.511463,1.734578,-0.2236,0.7000
1787921587.868268,-0.347420,0.509938,1.732433,-0.2337,0.7000
1787921587.874466,-0.347410,0.508427,1.729905,-0.2359,0.7000
1787921587.881119,-0.346774,0.506887,1.728131,-0.2382,0.7000
1787921587.887514,-0.346784,0.505340,1.725329,-0.2384,0.7000
1787921587.894123,-0.346477,0.504125,1.722883,-0.2235,0.7000
1787921587.901235,-0.346041,0.502649,1.719988,-0.2207,0.7000
1787921587.907551,-0.345458,0.500981,1.718448,-0.2370,0.7000
1787921587.914664,-0.345506,0.499409,1.714536,-0.2312,0.7000
1787921587.920890,-0.345393,0.497989,1.711764,-0.2304,0.7000
1787921587.927413,-0.345470,0.496847,1.707771,-0.2128,0.7000
1787921587.934582,-0.344655,0.495288,1.706598,-0.2182,0.7000
1787921587.940844,-0.344103,0.493524,1.704445,-0.2400,0.7000
1787921587.947553,-0.344050,0.492075,1.701294,-0.2326,0.6943
1787921587.954143,-0.343677,0.490443,1.699224,-0.2386,0.6943
1787921587.961777,-0.342816,0.488807,1.697947,-0.2351,0.6943
1787921587.969185,-0.342995,0.487319,1.694233,-0.2235,0.6943
1787921587.974552,-0.342052,0.485656,1.693584,-0.2552,0.6943
1787921587.980891,-0.341956,0.484229,1.690127,-0.2462,0.6943
1787921587.988967,-0.341259,0.482640,1.688482,-0.2340,0.6943
1787921587.995669,-0.341143,0.481017,1.686345,-0.2366,0.6943
1787921588.001449,-0.340964,0.479727,1.683074,-0.2331,0.6943
1787921588.007635,-0.340387,0.478269,1.681936,-0.2366,0.6943
1787921588.014116,-0.339470,0.476537,1.681222,-0.2500,0.6943
1787921588.021006,-0.339050,0.474942,1.679303,-0.2460,0.6943
1787921588.027784,-0.338975,0.473477,1.676778,-0.2371,0.6943
1787921588.034725,-0.338640,0.471958,1.675034,-0.2327,0.6943
1787921588.040898,-0.337909,0.470408,1.673028,-0.2415,0.6943
1787921588.048982,-0.337351,0.468978,1.672216,-0.2239,0.6912
1787921588.054694,-0.337232,0.467368,1.669232,-0.2415,0.6912
1787921588.060928,-0.337352,0.466193,1.666366,-0.2248,0.6912
1787921588.068064,-0.336321,0.464368,1.665901,-0.2378,0.6912
1787921588.076320,-0.336394,0.462969,1.662602,-0.2169,0.6912
1787921588.080923,-0.335457,0.461408,1.661398,-0.2587,0.6912
1787921588.088431,-0.335528,0.460006,1.658591,-0.2366,0.6912
1787921588.097395,-0.334972,0.458095,1.656665,-0.2309,0.6912
1787921588.101425,-0.334337,0.456726,1.654851,-0.2672,0.6912
1787921588.109055,-0.334083,0.455318,1.652264,-0.2430,0.6912
1787921588.116007,-0.334311,0.453665,1.649046,-0.2405,0.6912
1787921588.121467,-0.333993,0.452109,1.646494,-0.2549,0.6912
1787921588.127532,-0.333351,0.450308,1.644401,-0.2696,0.6912
1787921588.133961,-0.333405,0.448903,1.641166,-0.2540,0.6912
1787921588.141251,-0.333131,0.447101,1.638425,-0.2525,0.6912
1787921588.147622,-0.332885,0.445340,1.635716,-0.2602,0.6807
1787921588.154892,-0.332076,0.443970,1.633969,-0.2407,0.6807
1787921588.161144,-0.332247,0.442041,1.630505,-0.2604,0.6807
1787921588.169332,-0.331749,0.440148,1.629362,-0.2526,0.6807
1787921588.174894,-0.330670,0.438348,1.627617,-0.2770,0.6807
1787921588.181023,-0.330541,0.436930,1.624639,-0.2636,0.6807
1787921588.187321,-0.330796,0.435194,1.621452,-0.2665,0.6807
1787921588.194439,-0.330271,0.433488,1.619815,-0.2594,0.6807
1787921588.201253,-0.329695,0.431601,1.618831,-0.2658,0.6807
1787921588.207824,-0.329705,0.430533,1.615073,-0.2348,0.6807
1787921588.214390,-0.329545,0.428699,1.612995,-0.2484,0.6807
1787921588.220732,-0.328709,0.426975,1.611902,-0.2570,0.6807
1787921588.227690,-0.328902,0.425565,1.608059,-0.2403,0.6807
1787921588.234631,-0.328432,0.423997,1.606920,-0.2367,0.6807
1787921588.241663,-0.328424,0.422394,1.604340,-0.2340,0.6807
1787921588.247799,-0.327293,0.420555,1.604576,-0.2556,0.6783
1787921588.254106,-0.327145,0.419027,1.602583,-0.2517,0.6783
1787921588.262304,-0.326835,0.417747,1.600953,-0.2234,0.6783
1787921588.267857,-0.326773,0.416138,1.598676,-0.2434,0.6783
1787921588.274361,-0.326288,0.414611,1.597582,-0.2414,0.6783
1787921588.282105,-0.325873,0.413097,1.596059,-0.2280,0.6783
1787921588.287676,-0.325378,0.411625,1.594917,-0.2395,0.6783
1787921588.295895,-0.325898,0.410267,1.590650,-0.2168,0.6783
1787921588.302155,-0.324915,0.408455,1.590999,-0.2395,0.6783
1787921588.307755,-0.324938,0.406953,1.587856,-0.2481,0.6783
1787921588.314099,-0.325188,0.405350,1.585064,-0.2493,0.6783
1787921588.320832,-0.324536,0.403705,1.583442,-0.2482,0.6783
1787921588.327943,-0.324581,0.402078,1.580615,-0.2424,0.6783
1787921588.334062,-0.324155,0.400616,1.577752,-0.2414,0.6783
1787921588.341165,-0.324377,0.398905,1.574669,-0.2413,0.6783
1787921588.347584,-0.324499,0.397276,1.571702,-0.2450,0.6882
1787921588.354103,-0.324029,0.395541,1.569791,-0.2513,0.6882
1787921588.360987,-0.323390,0.393771,1.568525,-0.2530,0.6882
1787921588.367595,-0.323690,0.392057,1.564668,-0.2550,0.6882
1787921588.374938,-0.323390,0.390233,1.562531,-0.2529,0.6882
1787921588.384346,-0.323630,0.388659,1.558858,-0.2273,0.6882
1787921588.387415,-0.322867,0.386668,1.557072,-0.3527,0.6882
1787921588.394609,-0.323015,0.384822,1.553842,-0.3240,0.6882
1787921588.400655,-0.322818,0.383045,1.551102,-0.3148,0.6882
1787921588.408081,-0.321775,0.381069,1.550033,-0.2993,0.6882
1787921588.414769,-0.322400,0.379388,1.545799,-0.2856,0.6882
1787921588.423623,-0.321827,0.377634,1.543624,-0.2588,0.6882
1787921588.427361,-0.321707,0.375857,1.541598,-0.3234,0.6882
1787921588.434010,-0.321501,0.373933,1.539123,-0.3129,0.6882
1787921588.440842,-0.321883,0.372483,1.535460,-0.2832,0.6882
1787921588.447763,-0.320630,0.370570,1.535687,-0.2792,0.6631
1787921588.454225,-0.321165,0.368823,1.531915,-0.2775,0.6631
1787921588.460660,-0.320671,0.367245,1.530533,-0.2668,0.6631
1787921588.468157,-0.320681,0.365484,1.528295,-0.2572,0.6631
1787921588.474423,-0.319984,0.363929,1.526980,-0.2530,0.6631
1787921588.481660,-0.319698,0.362193,1.525051,-0.2484,0.6631
1787921588.488531,-0.319663,0.360609,1.523267,-0.2429,0.6631
1787921588.494078,-0.319766,0.359171,1.520614,-0.2480,0.6631
1787921588.501095,-0.319477,0.357739,1.518514,-0.2341,0.6631
1787921588.508554,-0.319587,0.356251,1.516349,-0.2238,0.6631
1787921588.514345,-0.319400,0.354631,1.514503,-0.2399,0.6631
1787921588.520942,-0.319309,0.353288,1.511825,-0.2287,0.6631
1787921588.527714,-0.318904,0.351685,1.510291,-0.2299,0.6631
1787921588.534371,-0.319008,0.350266,1.508370,-0.2250,0.6631
1787921588.540930,-0.318979,0.348673,1.506500,-0.2301,0.6631
1787921588.547774,-0.319006,0.347310,1.503818,-0.2208,0.6613
1787921588.554373,-0.318711,0.345856,1.502328,-0.2196,0.6613
1787921588.560622,-0.318624,0.344243,1.499725,-0.2306,0.6613
1787921588.568124,-0.318562,0.342498,1.497601,-0.2309,0.6613
1787921588.574094,-0.318954,0.340998,1.493896,-0.2383,0.6613
1787921588.581002,-0.318202,0.339209,1.492627,-0.2417,0.6613
1787921588.588083,-0.318533,0.337627,1.488728,-0.2372,0.6613
1787921588.594517,-0.318525,0.335810,1.486062,-0.2504,0.6613
1787921588.603194,-0.318541,0.334135,1.482855,-0.2330,0.6613
1787921588.610404,-0.318919,0.332497,1.478682,-0.2324,0.6613
1787921588.614549,-0.318324,0.330199,1.477196,-0.3242,0.6613
1787921588.620749,-0.318545,0.328581,1.473070,-0.3059,0.6613
1787921588.627710,-0.318920,0.326735,1.469655,-0.2949,0.6613
1787921588.634154,-0.318732,0.324684,1.467643,-0.3005,0.6613
1787921588.641172,-0.318470,0.322733,1.465001,-0.2921,0.6613
1787921588.648350,-0.318669,0.320814,1.462353,-0.2851,0.6478
1787921588.655043,-0.317971,0.318902,1.460344,-0.2813,0.6478
1787921588.661058,-0.317574,0.316992,1.458171,-0.2893,0.6478
1787921588.667479,-0.318085,0.314959,1.455210,-0.2996,0.6478
1787921588.674300,-0.317414,0.313027,1.453852,-0.2907,0.6478
1787921588.681966,-0.317253,0.311188,1.452188,-0.2742,0.6478
1787921588.690242,-0.317191,0.309547,1.449584,-0.2507,0.6478
1787921588.694147,-0.316837,0.307588,1.448881,-0.3217,0.6478
1787921588.700699,-0.316665,0.305892,1.446863,-0.3012,0.6478
1787921588.711753,-0.316389,0.304034,1.445503,-0.2600,0.6478
1787921588.715422,-0.316743,0.302518,1.442837,-0.3086,0.6478
1787921588.721388,-0.316736,0.300632,1.441201,-0.3100,0.6478
1787921588.727344,-0.316351,0.298956,1.440164,-0.2982,0.6478
1787921588.734131,-0.316319,0.297220,1.438156,-0.2846,0.6478
1787921588.741255,-0.316518,0.295825,1.435867,-0.2586,0.6478
1787921588.747661,-0.316585,0.294125,1.434167,-0.2603,0.6689
1787921588.754245,-0.316383,0.292556,1.432947,-0.2517,0.6689
1787921588.761442,-0.315977,0.290934,1.431814,-0.2408,0.6689
1787921588.767818,-0.316190,0.289395,1.429448,-0.2417,0.6689
1787921588.774086,-0.316472,0.287993,1.427084,-0.2375,0.6689
1787921588.783652,-0.316333,0.286357,1.425906,-0.2164,0.6689
1787921588.788501,-0.316461,0.284715,1.423965,-0.2532,0.6689
1787921588.794550,-0.316166,0.283184,1.422482,-0.2501,0.6689
1787921588.801035,-0.316654,0.281817,1.418854,-0.2410,0.6689
1787921588.807940,-0.317084,0.280343,1.416054,-0.2349,0.6689
1787921588.814226,-0.317409,0.278586,1.413251,-0.2497,0.6689
1787921588.820908,-0.317156,0.276905,1.411390,-0.2475,0.6689
1787921588.827521,-0.317572,0.275141,1.407743,-0.2553,0.6689
1787921588.834515,-0.317780,0.273404,1.405017,-0.2536,0.6689
1787921588.840566,-0.317791,0.271483,1.402052,-0.2715,0.6689
1787921588.847690,-0.317730,0.269714,1.399982,-0.2630,0.6451
1787921588.854454,-0.318170,0.267916,1.396385,-0.2660,0.6451
1787921588.861650,-0.318152,0.266020,1.393659,-0.2639,0.6451
1787921588.867738,-0.318023,0.264284,1.391621,-0.2678,0.6451
1787921588.874926,-0.318424,0.262516,1.388114,-0.2631,0.6451
1787921588.881041,-0.318733,0.260750,1.385336,-0.2721,0.6451
1787921588.887344,-0.318724,0.258962,1.383222,-0.2740,0.6451
1787921588.895625,-0.318057,0.256997,1.382385,-0.2572,0.6451
1787921588.901112,-0.318057,0.255160,1.380127,-0.2787,0.6451
1787921588.907707,-0.318468,0.253428,1.378213,-0.2759,0.6451
1787921588.916513,-0.318265,0.251556,1.376499,-0.2544,0.6451
1787921588.920429,-0.317696,0.249612,1.376048,-0.3157,0.6451
1787921588.928096,-0.318156,0.248007,1.373369,-0.2861,0.6451
1787921588.934901,-0.318248,0.246550,1.371179,-0.2641,0.6451
1787921588.940883,-0.318390,0.244851,1.369478,-0.2698,0.6451
1787921588.947500,-0.318020,0.243002,1.368527,-0.2676,0.6487
1787921588.954409,-0.318492,0.241410,1.366241,-0.2591,0.6487
1787921588.963093,-0.318244,0.239793,1.364455,-0.2343,0.6487
1787921588.968250,-0.318022,0.238116,1.363164,-0.2568,0.6487
1787921588.973909,-0.318274,0.236633,1.360737,-0.2595,0.6487
1787921588.982221,-0.318448,0.234802,1.358979,-0.2475,0.6487
1787921588.989684,-0.318480,0.233353,1.356929,-0.2305,0.6487
1787921588.994598,-0.318864,0.231692,1.354297,-0.2654,0.6487
1787921589.000832,-0.319016,0.230238,1.351983,-0.2557,0.6487
1787921589.007498,-0.319039,0.228438,1.349403,-0.2582,0.6487
1787921589.014068,-0.319488,0.227020,1.346796,-0.2484,0.6487
1787921589.021292,-0.319398,0.225115,1.345049,-0.2502,0.6487
1787921589.027348,-0.320233,0.223824,1.341196,-0.2468,0.6487
1787921589.034286,-0.320265,0.222042,1.339227,-0.2481,0.6487
1787921589.041084,-0.320321,0.220132,1.337314,-0.2562,0.6487
1787921589.047334,-0.321010,0.218691,1.333805,-0.2544,0.6481
1787921589.053939,-0.321336,0.217071,1.331266,-0.2531,0.6481
1787921589.061178,-0.321371,0.215336,1.329215,-0.2473,0.6481
1787921589.067463,-0.321420,0.213481,1.327503,-0.2596,0.6481
1787921589.074438,-0.321524,0.211775,1.325298,-0.2540,0.6481
1787921589.080816,-0.322139,0.209978,1.322381,-0.2668,0.6481
1787921589.087574,-0.322216,0.208260,1.320366,-0.2615,0.6481
1787921589.094319,-0.322433,0.206160,1.317728,-0.2759,0.6481
1787921589.101059,-0.322809,0.204669,1.315443,-0.2616,0.6481
1787921589.107661,-0.323267,0.202950,1.312643,-0.2639,0.6481
1787921589.115147,-0.323526,0.201331,1.310731,-0.2501,0.6481
1787921589.123006,-0.323320,0.199495,1.309266,-0.2407,0.6481
1787921589.128002,-0.323281,0.197732,1.307823,-0.2701,0.6481
1787921589.134736,-0.324116,0.196302,1.304252,-0.2604,0.6481
1787921589.140808,-0.324495,0.194561,1.301887,-0.2701,0.6481
1787921589.147988,-0.324430,0.192788,1.300582,-0.2598,0.6396
1787921589.154074,-0.324354,0.191149,1.299285,-0.2586,0.6396
1787921589.160846,-0.324963,0.189502,1.296461,-0.2586,0.6396
1787921589.168127,-0.325116,0.187944,1.294244,-0.2445,0.6396
1787921589.174083,-0.325505,0.186256,1.292424,-0.2583,0.6396
1787921589.181041,-0.325452,0.184586,1.290292,-0.2493,0.6396
1787921589.186985,-0.325521,0.183016,1.288058,-0.2516,0.6396
1787921589.194243,-0.326279,0.181414,1.285424,-0.2485,0.6396
1787921589.202806,-0.326719,0.179795,1.282692,-0.2327,0.6396
1787921589.207590,-0.326784,0.178257,1.280205,-0.2565,0.6396
1787921589.214558,-0.327314,0.176953,1.276828,-0.2398,0.6396
1787921589.223688,-0.327368,0.175051,1.275170,-0.2282,0.6396
1787921589.227211,-0.327866,0.173565,1.272530,-0.2932,0.6396
1787921589.234673,-0.327696,0.171585,1.271207,-0.2792,0.6396
1787921589.241752,-0.328184,0.170097,1.267918,-0.2618,0.6396
1787921589.248234,-0.328718,0.168542,1.264698,-0.2594,0.6390
1787921589.254416,-0.329303,0.166819,1.262103,-0.2699,0.6390
1787921589.262677,-0.329227,0.165177,1.260119,-0.2448,0.6390
1787921589.267107,-0.329429,0.163334,1.257990,-0.2943,0.6390
1787921589.274506,-0.330230,0.161814,1.255364,-0.2747,0.6390
1787921589.280873,-0.330343,0.160009,1.253177,-0.2748,0.6390
1787921589.289428,-0.330957,0.158578,1.250414,-0.2467,0.6390
1787921589.295782,-0.330643,0.156569,1.249775,-0.2581,0.6390
1787921589.300598,-0.331497,0.155144,1.246699,-0.2817,0.6390
1787921589.307769,-0.331341,0.153038,1.245871,-0.2786,0.6390
1787921589.314622,-0.331163,0.151254,1.244875,-0.2665,0.6390
1787921589.321067,-0.331744,0.149636,1.242303,-0.2666,0.6390
1787921589.327955,-0.331960,0.148125,1.240041,-0.2519,0.6390
1787921589.334197,-0.332426,0.146584,1.237945,-0.2536,0.6390
1787921589.340954,-0.332923,0.145045,1.235709,-0.2493,0.6390
1787921589.347553,-0.333253,0.143487,1.233330,-0.2463,0.6283
1787921589.354356,-0.333266,0.141707,1.231681,-0.2466,0.6283
1787921589.360889,-0.334181,0.140268,1.228382,-0.2490,0.6283
1787921589.367623,-0.334684,0.138756,1.226120,-0.2453,0.6283
1787921589.374033,-0.334952,0.137005,1.223991,-0.2530,0.6283
1787921589.380856,-0.334694,0.135431,1.222638,-0.2383,0.6283
1787921589.387995,-0.335351,0.133741,1.219585,-0.2430,0.6283
1787921589.395475,-0.335798,0.132210,1.217230,-0.2339,0.6283
1787921589.401263,-0.336480,0.130831,1.213833,-0.2431,0.6283
1787921589.407682,-0.336584,0.129138,1.212144,-0.2459,0.6283
1787921589.414045,-0.336791,0.127406,1.209756,-0.2520,0.6283
1787921589.422580,-0.337320,0.125665,1.206924,-0.2402,0.6283
1787921589.428880,-0.337692,0.124227,1.204039,-0.2384,0.6283
1787921589.434205,-0.338371,0.122330,1.200919,-0.2804,0.6283
1787921589.440533,-0.338803,0.120971,1.198213,-0.2637,0.6283
1787921589.447985,-0.339276,0.119092,1.195688,-0.2620,0.6145
1787921589.454865,-0.338999,0.117151,1.194759,-0.2577,0.6145
1787921589.461002,-0.340280,0.115911,1.190780,-0.2599,0.6145
1787921589.468613,-0.340751,0.114232,1.187742,-0.2503,0.6145
1787921589.474479,-0.341035,0.112551,1.185942,-0.2603,0.6145
1787921589.480967,-0.340836,0.110562,1.184679,-0.2639,0.6145
1787921589.487764,-0.341697,0.109253,1.181374,-0.2527,0.6145
1787921589.494996,-0.342034,0.107441,1.179358,-0.2516,0.6145
1787921589.501075,-0.342023,0.105604,1.178182,-0.2597,0.6145
1787921589.509816,-0.342228,0.103827,1.176487,-0.2408,0.6145
1787921589.514491,-0.342940,0.102496,1.173499,-0.2650,0.6145
1787921589.520761,-0.343817,0.101199,1.170551,-0.2590,0.6145
1787921589.530981,-0.343773,0.099300,1.169680,-0.2321,0.6145
1787921589.534343,-0.344277,0.097905,1.166696,-0.2946,0.6145
1787921589.542450,-0.343940,0.095904,1.166195,-0.2694,0.6145
1787921589.549633,-0.344945,0.094709,1.163060,-0.2510,0.6154
1787921589.554407,-0.345388,0.093224,1.160960,-0.2724,0.6154
1787921589.562038,-0.346163,0.091911,1.158060,-0.2502,0.6154
1787921589.568540,-0.345886,0.089997,1.157807,-0.2509,0.6154
1787921589.574466,-0.346448,0.088704,1.155087,-0.2470,0.6154
1787921589.581743,-0.346897,0.087216,1.152992,-0.2365,0.6154
1787921589.587530,-0.348123,0.086146,1.149063,-0.2421,0.6154
1787921589.594767,-0.348179,0.084494,1.147727,-0.2329,0.6154
1787921589.600724,-0.348616,0.082848,1.145595,-0.2476,0.6154
1787921589.607188,-0.349148,0.081459,1.142823,-0.2423,0.6154
1787921589.614621,-0.349642,0.079732,1.140006,-0.2412,0.6154
1787921589.621004,-0.350365,0.078236,1.137423,-0.2469,0.6154
1787921589.628442,-0.351277,0.076802,1.134298,-0.2408,0.6154
1787921589.634495,-0.351652,0.074966,1.131662,-0.2588,0.6154
1787921589.640918,-0.352122,0.073336,1.129305,-0.2594,0.6154
1787921589.647669,-0.352839,0.071863,1.125840,-0.2544,0.6052
1787921589.654557,-0.353533,0.070140,1.123072,-0.2588,0.6052
1787921589.660990,-0.354439,0.068467,1.119772,-0.2698,0.6052
1787921589.667440,-0.355179,0.066923,1.116249,-0.2685,0.6052
1787921589.676260,-0.355467,0.064895,1.114999,-0.2542,0.6052
1787921589.682279,-0.355735,0.062943,1.112622,-0.2711,0.6052
1787921589.688828,-0.356859,0.061444,1.109178,-0.2741,0.6052
1787921589.693865,-0.357068,0.059444,1.107584,-0.3041,0.6052
1787921589.701063,-0.357897,0.057795,1.104833,-0.2898,0.6052
1787921589.707711,-0.358080,0.055920,1.103283,-0.2821,0.6052
1787921589.714721,-0.358682,0.053999,1.101033,-0.2824,0.6052
1787921589.721115,-0.359023,0.052180,1.099721,-0.2810,0.6052
1787921589.729658,-0.359682,0.050651,1.096907,-0.2550,0.6052
1787921589.736835,-0.360059,0.048733,1.095708,-0.2571,0.6052
1787921589.740833,-0.360420,0.046919,1.094146,-0.3133,0.6052
1787921589.747164,-0.361414,0.045655,1.091338,-0.2941,0.5913
1787921589.754653,-0.361685,0.043882,1.089633,-0.2739,0.5913
1787921589.761934,-0.362081,0.042214,1.087918,-0.2602,0.5913
1787921589.767561,-0.362857,0.040794,1.085186,-0.2684,0.5913
1787921589.774425,-0.363205,0.038998,1.084056,-0.2644,0.5913
1787921589.780968,-0.363489,0.037394,1.082594,-0.2561,0.5913
1787921589.789462,-0.364182,0.036072,1.080358,-0.2320,0.5913
1787921589.796108,-0.364855,0.034384,1.078561,-0.2439,0.5913
1787921589.800678,-0.365138,0.032799,1.077176,-0.2712,0.5913
1787921589.807580,-0.365799,0.031572,1.074775,-0.2504,0.5913
1787921589.817572,-0.366273,0.029900,1.073393,-0.2262,0.5913
1787921589.820893,-0.366741,0.028516,1.071364,-0.2884,0.5913
1787921589.827419,-0.367602,0.027245,1.068745,-0.2721,0.5913
1787921589.834275,-0.367993,0.025668,1.066940,-0.2592,0.5913
1787921589.840414,-0.368911,0.024209,1.063940,-0.2656,0.5913
1787921589.848319,-0.369690,0.022499,1.061663,-0.2570,0.5863
1787921589.856744,-0.370689,0.021065,1.058777,-0.2418,0.5863
1787921589.860878,-0.370924,0.019142,1.057100,-0.2991,0.5863
1787921589.867191,-0.372584,0.017945,1.052569,-0.2979,0.5863
1787921589.874541,-0.372772,0.015895,1.051003,-0.2850,0.5863
1787921589.881163,-0.373637,0.014135,1.048306,-0.2881,0.5863
1787921589.887735,-0.374599,0.012447,1.044950,-0.2904,0.5863
1787921589.893877,-0.375510,0.010945,1.041726,-0.2891,0.5863
1787921589.900577,-0.376293,0.008827,1.038919,-0.3019,0.5863
1787921589.907771,-0.377016,0.007185,1.036003,-0.2856,0.5863
1787921589.914109,-0.378354,0.005580,1.032897,-0.2976,0.5863
1787921589.922353,-0.378885,0.003587,1.030731,-0.2805,0.5863
1787921589.927963,-0.379807,0.001919,1.028216,-0.2982,0.5863
1787921589.934305,-0.379862,-0.000244,1.027544,-0.2976,0.5863
1787921589.941117,-0.380466,-0.002100,1.025827,-0.2920,0.5863
1787921589.947346,-0.381307,-0.003994,1.024436,-0.3034,0.5743
1787921589.954137,-0.381959,-0.005812,1.022433,-0.2960,0.5743
1787921589.960913,-0.382677,-0.007430,1.021033,-0.2848,0.5743
1787921589.967230,-0.383377,-0.009405,1.019089,-0.2967,0.5743
1787921589.975888,-0.384046,-0.011005,1.017379,-0.2671,0.5743
1787921589.980836,-0.384659,-0.012613,1.015573,-0.2893,0.5743
1787921589.988137,-0.385554,-0.014224,1.013246,-0.2782,0.5743
1787921589.994367,-0.386420,-0.015794,1.010875,-0.2809,0.5743
1787921590.000442,-0.386452,-0.017994,1.010346,-0.2895,0.5743
1787921590.008513,-0.387783,-0.019238,1.007157,-0.2682,0.5743
1787921590.014214,-0.388294,-0.020959,1.005308,-0.2786,0.5743
1787921590.023402,-0.389193,-0.022204,1.003208,-0.2451,0.5743
1787921590.027491,-0.390107,-0.023702,1.000721,-0.3003,0.5743
1787921590.036858,-0.390093,-0.025504,1.000000,-0.2585,0.5743
1787921590.043578,-0.390980,-0.026798,0.997326,-0.2510,0.5861
1787921590.047489,-0.391912,-0.028354,0.995426,-0.3147,0.5861
1787921590.053932,-0.392755,-0.029782,0.993055,-0.2974,0.5861
1787921590.060946,-0.393806,-0.031156,0.990946,-0.2820,0.5861
1787921590.067115,-0.394721,-0.032487,0.988292,-0.2759,0.5861
1787921590.074010,-0.395233,-0.034048,0.987023,-0.2621,0.5861
1787921590.081084,-0.396139,-0.035579,0.984464,-0.2588,0.5861
1787921590.088027,-0.396746,-0.037078,0.982966,-0.2496,0.5861
1787921590.094260,-0.397450,-0.038930,0.980855,-0.2677,0.5861
1787921590.102412,-0.398287,-0.040490,0.978714,-0.2522,0.5861
1787921590.107509,-0.399183,-0.042062,0.975949,-0.2828,0.5861
1787921590.116098,-0.400364,-0.043423,0.972475,-0.2604,0.5861
1787921590.125210,-0.401208,-0.045527,0.970476,-0.2552,0.5861
1787921590.127914,-0.402133,-0.047016,0.967565,-0.3729,0.5861
1787921590.134461,-0.403182,-0.048281,0.964511,-0.3361,0.5861
1787921590.140788,-0.403957,-0.050266,0.962361,-0.3335,0.5861
1787921590.147807,-0.404908,-0.051763,0.960007,-0.3091,0.5388
1787921590.154269,-0.405616,-0.053904,0.958535,-0.3166,0.5388
1787921590.163455,-0.406273,-0.055327,0.956293,-0.2720,0.5388
1787921590.168367,-0.407416,-0.056752,0.954065,-0.3017,0.5388
1787921590.173938,-0.408115,-0.058650,0.952711,-0.3164,0.5388
1787921590.180827,-0.409300,-0.060008,0.950006,-0.2996,0.5388
1787921590.187791,-0.409997,-0.061991,0.949040,-0.2966,0.5388
1787921590.193985,-0.410529,-0.063724,0.947698,-0.2908,0.5388
1787921590.200859,-0.411291,-0.065599,0.946675,-0.2894,0.5388
1787921590.207698,-0.412116,-0.066915,0.944379,-0.2706,0.5388
1787921590.214337,-0.413061,-0.068663,0.942552,-0.2784,0.5388
1787921590.221002,-0.413681,-0.070064,0.940663,-0.2623,0.5388
1787921590.227893,-0.414436,-0.071698,0.939057,-0.2604,0.5388
1787921590.234242,-0.415506,-0.073020,0.936611,-0.2626,0.5388
1787921590.243196,-0.416014,-0.074920,0.935608,-0.2451,0.5395
1787921590.249294,-0.417052,-0.075940,0.932502,-0.2423,0.5395
1787921590.254281,-0.418142,-0.077524,0.930542,-0.2852,0.5395
1787921590.261519,-0.419131,-0.078578,0.927815,-0.2592,0.5395
1787921590.268229,-0.419692,-0.080086,0.926263,-0.2504,0.5395
1787921590.274401,-0.419945,-0.082468,0.926610,-0.2752,0.5395
1787921590.280702,-0.420294,-0.084175,0.925640,-0.2676,0.5395
1787921590.287938,-0.421014,-0.085489,0.924176,-0.2488,0.5395
1787921590.294626,-0.421392,-0.087371,0.923188,-0.2517,0.5395
1787921590.300778,-0.421862,-0.088999,0.922751,-0.2533,0.5395
1787921590.307579,-0.422801,-0.090526,0.920960,-0.2560,0.5395
1787921590.314255,-0.423899,-0.091988,0.918823,-0.2614,0.5395
1787921590.320985,-0.424604,-0.093669,0.917445,-0.2616,0.5395
1787921590.328843,-0.425100,-0.095202,0.916387,-0.2410,0.5395
1787921590.334175,-0.425707,-0.096946,0.914866,-0.2674,0.5395
1787921590.341234,-0.426849,-0.098264,0.912800,-0.2611,0.5395
1787921590.350220,-0.427851,-0.099722,0.909819,-0.2418,0.5584
1787921590.355581,-0.428958,-0.101127,0.907958,-0.2693,0.5584
1787921590.360807,-0.429691,-0.102762,0.906219,-0.2884,0.5584
1787921590.368495,-0.430905,-0.103911,0.903701,-0.2664,0.5584
1787921590.374084,-0.431761,-0.105260,0.901701,-0.2718,0.5584
1787921590.380874,-0.432874,-0.106813,0.899709,-0.2746,0.5584
1787921590.388386,-0.433647,-0.108486,0.898341,-0.2637,0.5584
1787921590.394624,-0.434737,-0.109787,0.896108,-0.2662,0.5584
1787921590.400962,-0.435763,-0.111163,0.893962,-0.2675,0.5584
1787921590.407409,-0.436457,-0.112660,0.892414,-0.2618,0.5584
1787921590.413858,-0.437335,-0.114447,0.891372,-0.2736,0.5584
1787921590.422373,-0.438548,-0.115848,0.889015,-0.2568,0.5584
1787921590.427110,-0.439545,-0.117511,0.887778,-0.3013,0.5584
1787921590.434746,-0.440409,-0.118730,0.885889,-0.2694,0.5584
1787921590.440609,-0.441285,-0.120102,0.884401,-0.2714,0.5584
1787921590.447768,-0.442134,-0.121241,0.882666,-0.2494,0.5565
1787921590.454329,-0.442982,-0.123084,0.881427,-0.2643,0.5565
1787921590.460598,-0.444305,-0.124405,0.879390,-0.2741,0.5565
1787921590.467872,-0.445284,-0.125752,0.876952,-0.2604,0.5565
1787921590.474414,-0.446444,-0.127028,0.875078,-0.2612,0.5565
1787921590.480693,-0.446921,-0.128673,0.874303,-0.2578,0.5565
1787921590.487805,-0.448142,-0.129730,0.871566,-0.2478,0.5565
1787921590.494023,-0.449055,-0.131300,0.869989,-0.2597,0.5565
1787921590.501452,-0.449972,-0.132731,0.868150,-0.2498,0.5565
1787921590.507734,-0.451161,-0.133733,0.865636,-0.2481,0.5565
1787921590.514888,-0.452231,-0.134989,0.862937,-0.2429,0.5565
1787921590.524659,-0.453348,-0.136243,0.860911,-0.2216,0.5565
1787921590.528766,-0.453434,-0.138270,0.860758,-0.2715,0.5565
1787921590.535475,-0.454737,-0.139311,0.857983,-0.2633,0.5565
1787921590.543184,-0.455933,-0.140640,0.855526,-0.2539,0.5398
1787921590.547621,-0.456546,-0.141824,0.853863,-0.2653,0.5398
1787921590.555216,-0.457726,-0.143229,0.851613,-0.2582,0.5398
1787921590.561009,-0.458764,-0.144285,0.849398,-0.2573,0.5398
1787921590.567950,-0.459588,-0.146084,0.848285,-0.2620,0.5398
1787921590.574548,-0.460491,-0.147611,0.846601,-0.2626,0.5398
1787921590.581020,-0.461326,-0.148677,0.844545,-0.2465,0.5398
1787921590.587181,-0.462421,-0.149918,0.842188,-0.2531,0.5398
1787921590.594695,-0.463293,-0.151178,0.840627,-0.2379,0.5398
1787921590.601165,-0.464318,-0.152391,0.838401,-0.2401,0.5398
1787921590.608040,-0.465361,-0.153724,0.836661,-0.2418,0.5398
1787921590.614199,-0.466583,-0.154788,0.834062,-0.2476,0.5398
1787921590.620902,-0.466833,-0.156578,0.833470,-0.2401,0.5398
1787921590.627608,-0.467969,-0.157713,0.831066,-0.2399,0.5398
1787921590.635872,-0.468693,-0.159012,0.829671,-0.2204,0.5398
1787921590.640873,-0.469829,-0.160230,0.827426,-0.2543,0.5398
1787921590.648469,-0.470760,-0.161532,0.825599,-0.2407,0.5352
1787921590.657636,-0.471808,-0.163000,0.823784,-0.2270,0.5352
1787921590.661133,-0.472917,-0.163818,0.821216,-0.2752,0.5352
1787921590.668173,-0.473546,-0.165395,0.820035,-0.2600,0.5352
1787921590.675718,-0.474289,-0.166634,0.818421,-0.2382,0.5352
1787921590.680635,-0.475347,-0.167130,0.815321,-0.2330,0.5352
1787921590.688791,-0.476259,-0.168196,0.812579,-0.2146,0.5352
1787921590.694253,-0.477406,-0.169003,0.809912,-0.2258,0.5352
1787921590.701068,-0.478610,-0.169401,0.806107,-0.2074,0.5352
1787921590.707181,-0.478942,-0.170796,0.805537,-0.2058,0.5352
1787921590.713938,-0.480710,-0.171103,0.801317,-0.2085,0.5352
1787921590.721539,-0.481414,-0.172238,0.799579,-0.1974,0.5352
1787921590.727475,-0.483115,-0.172918,0.795834,-0.2229,0.5352
1787921590.734209,-0.484097,-0.173774,0.793208,-0.2139,0.5352
1787921590.740788,-0.485568,-0.174084,0.789524,-0.2070,0.5352
1787921590.747271,-0.486747,-0.175235,0.787524,-0.2212,0.4969
1787921590.754493,-0.487053,-0.176715,0.787508,-0.2073,0.4969
1787921590.761664,-0.488147,-0.177847,0.785233,-0.2110,0.4969
1787921590.767811,-0.488977,-0.178912,0.784084,-0.2131,0.4969
1787921590.774045,-0.489773,-0.180280,0.783023,-0.2227,0.4969
1787921590.781091,-0.490444,-0.181511,0.781632,-0.2131,0.4969
1787921590.787313,-0.491688,-0.182334,0.778997,-0.2198,0.4969
1787921590.794146,-0.492446,-0.183520,0.777573,-0.2140,0.4969
1787921590.801440,-0.493240,-0.184628,0.776413,-0.2051,0.4969
1787921590.807620,-0.493908,-0.185656,0.774794,-0.2016,0.4969
1787921590.814063,-0.494407,-0.187013,0.774392,-0.2019,0.4969
1787921590.820951,-0.495166,-0.188160,0.773466,-0.1999,0.4969
1787921590.827684,-0.496688,-0.188692,0.770232,-0.2051,0.4969
1787921590.834369,-0.497081,-0.190067,0.769525,-0.1992,0.4969
1787921590.842152,-0.498074,-0.190919,0.767456,-0.1898,0.4969
1787921590.847813,-0.499104,-0.191553,0.764775,-0.1955,0.5098
1787921590.855988,-0.499544,-0.192796,0.764216,-0.1801,0.5098
1787921590.863568,-0.500304,-0.193922,0.762766,-0.1786,0.5098
1787921590.869065,-0.501286,-0.194758,0.761131,-0.1953,0.5098
1787921590.875208,-0.501907,-0.195849,0.760270,-0.1954,0.5098
1787921590.881242,-0.502752,-0.196936,0.758559,-0.2045,0.5098
1787921590.887949,-0.503670,-0.197870,0.756473,-0.2017,0.5098
1787921590.893674,-0.504547,-0.198666,0.754860,-0.2032,0.5098
1787921590.900962,-0.505363,-0.199699,0.753014,-0.1958,0.5098
1787921590.907279,-0.506291,-0.200535,0.751643,-0.1964,0.5098
1787921590.914197,-0.507265,-0.201340,0.749724,-0.1922,0.5098
1787921590.920658,-0.508067,-0.202418,0.747840,-0.1959,0.5098
1787921590.927611,-0.508917,-0.203665,0.746683,-0.2006,0.5098
1787921590.934492,-0.509134,-0.205330,0.747243,-0.1967,0.5098
1787921590.942947,-0.509870,-0.206257,0.745776,-0.1792,0.5161
1787921590.947817,-0.510558,-0.207722,0.745420,-0.2178,0.5161
1787921590.954176,-0.511159,-0.208908,0.744997,-0.2112,0.5161
1787921590.961076,-0.512083,-0.209852,0.743300,-0.2052,0.5161
1787921590.967505,-0.512612,-0.211215,0.743059,-0.2049,0.5161
1787921590.974335,-0.513608,-0.212538,0.742141,-0.2149,0.5161
1787921590.980698,-0.514721,-0.213092,0.739779,-0.2068,0.5161
1787921590.987457,-0.515249,-0.214608,0.739541,-0.2074,0.5161
1787921590.995191,-0.516259,-0.215473,0.737902,-0.1968,0.5161
1787921591.001247,-0.517546,-0.216206,0.735579,-0.2094,0.5161
1787921591.007430,-0.518270,-0.217485,0.734824,-0.2142,0.5161
1787921591.013900,-0.519292,-0.218523,0.732884,-0.2174,0.5161
1787921591.021268,-0.520055,-0.219602,0.731789,-0.2046,0.5161
1787921591.027530,-0.520801,-0.220691,0.730892,-0.2047,0.5161
1787921591.034581,-0.521391,-0.221911,0.730162,-0.1966,0.5161
1787921591.040617,-0.522733,-0.222680,0.728140,-0.2128,0.5161
1787921591.047875,-0.523822,-0.223711,0.726438,-0.2109,0.6904
1787921591.053995,-0.524647,-0.224786,0.725615,-0.2129,0.6904
1787921591.060961,-0.525492,-0.225918,0.724616,-0.2086,0.6904
1787921591.068225,-0.526525,-0.226574,0.722484,-0.1959,0.6904
1787921591.074140,-0.527394,-0.227582,0.721558,-0.2040,0.6904
1787921591.080594,-0.528274,-0.228779,0.720921,-0.2103,0.6904
1787921591.087790,-0.529012,-0.229642,0.719842,-0.1940,0.6904
1787921591.093827,-0.530028,-0.230478,0.718008,-0.2012,0.6904
1787921591.101012,-0.530895,-0.231550,0.716757,-0.1975,0.6904
1787921591.107312,-0.531736,-0.232560,0.715125,-0.2000,0.6904
1787921591.114015,-0.532860,-0.233046,0.712590,-0.1923,0.6904
1787921591.121054,-0.533860,-0.234086,0.711073,-0.1959,0.6904
1787921591.128720,-0.534753,-0.235284,0.709853,-0.1942,0.6904
1787921591.134085,-0.535484,-0.236151,0.708945,-0.1985,0.6904
1787921591.141025,-0.536464,-0.237064,0.707624,-0.1968,0.6904
1787921591.148923,-0.537258,-0.238312,0.707559,-0.1915,0.6981
1787921591.154245,-0.538210,-0.239131,0.706453,-0.2048,0.6981
1787921591.163179,-0.538997,-0.240183,0.705760,-0.1864,0.6981
1787921591.169389,-0.539753,-0.241362,0.705168,-0.1952,0.6981
1787921591.174114,-0.540635,-0.242397,0.704780,-0.2219,0.6981
1787921591.181243,-0.541668,-0.243108,0.703536,-0.2078,0.6981
1787921591.187829,-0.542392,-0.244169,0.702720,-0.2019,0.6981
1787921591.194270,-0.543042,-0.245360,0.702375,-0.2003,0.6981
1787921591.201181,-0.543878,-0.246533,0.701942,-0.2008,0.6981
1787921591.207341,-0.545074,-0.247315,0.700294,-0.2096,0.6981
1787921591.214141,-0.545965,-0.247961,0.698613,-0.1952,0.6981
1787921591.221048,-0.546845,-0.249052,0.697875,-0.1963,0.6981
1787921591.227371,-0.547530,-0.250070,0.696704,-0.1934,0.6981
1787921591.234362,-0.548471,-0.250584,0.694378,-0.1805,0.6981
1787921591.241508,-0.549047,-0.251834,0.693852,-0.1785,0.6981
1787921591.247677,-0.550359,-0.252335,0.690575,-0.1897,0.7000
1787921591.254563,-0.551295,-0.253105,0.688709,-0.1856,0.7000
1787921591.261020,-0.552522,-0.253773,0.686280,-0.1937,0.7000
1787921591.267932,-0.553473,-0.254753,0.684801,-0.1944,0.7000
1787921591.274121,-0.554286,-0.255655,0.682951,-0.1943,0.7000
1787921591.280536,-0.555079,-0.256584,0.681150,-0.1922,0.7000
1787921591.287771,-0.556135,-0.257605,0.679758,-0.1952,0.7000
1787921591.293935,-0.556711,-0.258583,0.678125,-0.1883,0.7000
1787921591.300691,-0.557611,-0.259549,0.676315,-0.1898,0.7000
1787921591.307353,-0.558520,-0.260494,0.674523,-0.1914,0.7000
1787921591.314060,-0.559301,-0.261697,0.673317,-0.1949,0.7000
1787921591.320887,-0.560073,-0.262519,0.670927,-0.1854,0.7000
1787921591.327379,-0.561528,-0.263042,0.667575,-0.1975,0.7000
1787921591.333949,-0.562206,-0.264249,0.666931,-0.1967,0.7000
1787921591.340788,-0.563341,-0.264933,0.664410,-0.1954,0.7000
1787921591.347704,-0.564428,-0.265604,0.662204,-0.1919,0.7000
1787921591.354958,-0.565061,-0.266981,0.661344,-0.1899,0.7000
1787921591.360608,-0.565855,-0.268195,0.660059,-0.2058,0.7000
1787921591.369244,-0.567080,-0.268660,0.657241,-0.1876,0.7000
1787921591.374784,-0.567732,-0.269895,0.656744,-0.2001,0.7000
1787921591.380538,-0.568484,-0.270910,0.655630,-0.2034,0.7000
1787921591.387473,-0.569389,-0.271415,0.653660,-0.1868,0.7000
1787921591.394145,-0.570098,-0.272624,0.652922,-0.1891,0.7000
1787921591.400663,-0.570994,-0.273357,0.651542,-0.1856,0.7000
1787921591.407837,-0.571709,-0.274283,0.650686,-0.1771,0.7000
1787921591.414060,-0.572795,-0.274936,0.648480,-0.1848,0.7000
1787921591.421084,-0.573611,-0.275790,0.647330,-0.1791,0.7000
1787921591.427744,-0.574331,-0.276706,0.646206,-0.1761,0.7000
1787921591.434011,-0.575167,-0.277540,0.644787,-0.1793,0.7000
1787921591.440989,-0.575909,-0.278136,0.643032,-0.1664,0.7000
1787921591.448839,-0.576302,-0.279298,0.643448,-0.1552,0.7000
1787921591.456440,-0.577090,-0.279909,0.641779,-0.1479,0.7000
1787921591.461363,-0.577961,-0.280825,0.641017,-0.1795,0.7000
1787921591.467193,-0.578641,-0.281657,0.639878,-0.1792,0.7000
1787921591.477188,-0.579296,-0.282206,0.638615,-0.1511,0.7000
1787921591.481096,-0.579955,-0.282969,0.637966,-0.1813,0.7000
1787921591.488042,-0.580697,-0.283725,0.637332,-0.1721,0.7000
1787921591.494262,-0.581291,-0.284336,0.636075,-0.1610,0.7000
1787921591.501064,-0.581962,-0.284925,0.635242,-0.1519,0.7000
1787921591.507346,-0.583089,-0.285405,0.632921,-0.1633,0.7000
1787921591.514227,-0.583818,-0.286154,0.631841,-0.1593,0.7000
1787921591.521026,-0.584612,-0.286968,0.630624,-0.1610,0.7000
1787921591.527702,-0.585177,-0.287517,0.629165,-0.1477,0.7000
1787921591.534145,-0.586202,-0.288159,0.627004,-0.1596,0.7000
1787921591.541588,-0.586920,-0.288897,0.625683,-0.1526,0.7000
1787921591.550668,-0.587789,-0.289550,0.623818,-0.1427,0.7000
1787921591.554367,-0.588349,-0.290386,0.622683,-0.1763,0.7000
1787921591.561649,-0.589307,-0.291105,0.620769,-0.1728,0.7000
1787921591.567843,-0.590157,-0.291698,0.618311,-0.1711,0.7000
1787921591.574227,-0.591108,-0.292587,0.616574,-0.1804,0.7000
1787921591.580568,-0.591933,-0.293702,0.615520,-0.1886,0.7000
1787921591.587719,-0.592895,-0.294420,0.613407,-0.1824,0.7000
1787921591.594271,-0.593829,-0.295039,0.611636,-0.1789,0.7000
1787921591.600915,-0.594746,-0.296171,0.610756,-0.1885,0.7000
1787921591.607614,-0.595830,-0.296690,0.608114,-0.1851,0.7000
1787921591.615277,-0.596533,-0.297490,0.606696,-0.1700,0.7000
1787921591.621139,-0.597517,-0.298474,0.605679,-0.1891,0.7000
1787921591.627188,-0.598427,-0.299265,0.603839,-0.1918,0.7000
1787921591.634306,-0.599151,-0.300249,0.602810,-0.1829,0.7000
1787921591.640935,-0.600352,-0.301010,0.600243,-0.1923,0.7000
1787921591.654985,-0.601202,-0.301656,0.598248,-0.1574,0.7000
1787921591.656963,-0.601997,-0.302770,0.597127,-0.3048,0.7000
1787921591.662060,-0.603058,-0.303343,0.595240,-0.2840,0.7000
1787921591.668015,-0.603894,-0.304316,0.593760,-0.2612,0.7000
1787921591.675262,-0.604618,-0.305227,0.592661,-0.2287,0.7000
1787921591.681313,-0.605536,-0.306011,0.590780,-0.2196,0.7000
1787921591.687778,-0.606444,-0.306637,0.588761,-0.2049,0.7000
1787921591.693851,-0.607392,-0.307331,0.587079,-0.2014,0.7000
1787921591.701617,-0.608223,-0.308291,0.585999,-0.1882,0.7000
1787921591.707671,-0.609484,-0.309145,0.583333,-0.2072,0.7000
1787921591.714307,-0.610480,-0.309600,0.581537,-0.1940,0.7000
1787921591.720556,-0.611142,-0.310315,0.580119,-0.1812,0.7000
1787921591.727780,-0.612159,-0.311040,0.578714,-0.1787,0.7000
1787921591.734299,-0.612995,-0.311780,0.577549,-0.1759,0.7000
1787921591.740709,-0.613580,-0.312635,0.576606,-0.1679,0.7000
1787921591.747423,-0.614314,-0.313590,0.576262,-0.1683,0.7000
1787921591.753852,-0.615277,-0.314217,0.574862,-0.1714,0.7000
1787921591.762839,-0.616237,-0.314303,0.572504,-0.1485,0.7000
1787921591.767712,-0.616555,-0.315411,0.572491,-0.1573,0.7000
1787921591.774271,-0.617492,-0.316120,0.571505,-0.1637,0.7000
1787921591.783905,-0.618318,-0.316617,0.570361,-0.1446,0.7000
1787921591.789642,-0.619076,-0.316970,0.568529,-0.1445,0.7000
1787921591.794499,-0.619733,-0.317621,0.567839,-0.1570,0.7000
1787921591.802143,-0.620590,-0.318207,0.566471,-0.1506,0.7000
1787921591.807587,-0.621448,-0.318976,0.565052,-0.1681,0.7000
1787921591.814302,-0.622139,-0.319488,0.563738,-0.1560,0.7000
1787921591.820894,-0.622918,-0.319967,0.562299,-0.1508,0.7000
1787921591.827262,-0.623721,-0.320717,0.561500,-0.1564,0.7000
1787921591.834471,-0.624424,-0.321273,0.560405,-0.1466,0.7000
1787921591.840588,-0.624917,-0.321918,0.559782,-0.1399,0.7000
1787921591.847478,-0.625544,-0.322467,0.558660,-0.1337,0.7000
1787921591.856270,-0.626316,-0.323254,0.557527,-0.1302,0.7000
1787921591.860481,-0.627000,-0.323754,0.556067,-0.1513,0.7000
1787921591.867924,-0.627650,-0.324159,0.554521,-0.1368,0.7000
1787921591.874609,-0.628441,-0.324840,0.553160,-0.1420,0.7000
1787921591.881937,-0.629378,-0.325379,0.551520,-0.1436,0.7000
1787921591.888999,-0.630221,-0.326182,0.550284,-0.1489,0.7000
1787921591.893951,-0.631351,-0.326459,0.547242,-0.1714,0.7000
1787921591.900466,-0.631879,-0.327220,0.546460,-0.1590,0.7000
1787921591.907735,-0.632665,-0.328118,0.545439,-0.1582,0.7000
1787921591.914362,-0.633614,-0.328665,0.543871,-0.1604,0.7000
1787921591.920741,-0.634619,-0.328868,0.541356,-0.1577,0.7000
1787921591.927162,-0.635087,-0.330071,0.541563,-0.1581,0.7000
1787921591.934438,-0.635970,-0.330722,0.539904,-0.1557,0.7000
1787921591.940768,-0.636838,-0.331125,0.537838,-0.1541,0.7000
1787921591.947460,-0.637689,-0.332080,0.537063,-0.1625,0.7000
1787921591.954499,-0.638599,-0.332692,0.535520,-0.1604,0.7000
1787921591.960559,-0.639297,-0.333481,0.534576,-0.1620,0.7000
1787921591.968610,-0.640434,-0.334085,0.532757,-0.1613,0.7000
1787921591.974294,-0.641250,-0.334583,0.531474,-0.1634,0.7000
1787921591.982425,-0.642000,-0.335489,0.530165,-0.1551,0.7000
1787921591.990164,-0.643059,-0.336324,0.528510,-0.1604,0.7000
1787921591.994286,-0.644031,-0.336892,0.526881,-0.1942,0.7000
1787921592.002790,-0.644868,-0.337420,0.525314,-0.1708,0.7000
1787921592.008741,-0.645782,-0.337796,0.523689,-0.1690,0.7000
1787921592.013750,-0.646634,-0.338510,0.521707,-0.1838,0.7000
1787921592.020764,-0.647393,-0.339371,0.520870,-0.1751,0.7000
1787921592.027635,-0.648550,-0.339555,0.518911,-0.1705,0.7000
1787921592.034896,-0.649240,-0.340552,0.518004,-0.1645,0.7000
1787921592.040938,-0.650260,-0.340886,0.515856,-0.1674,0.7000
1787921592.047990,-0.651185,-0.341365,0.514020,-0.1615,0.7000
1787921592.053973,-0.651957,-0.342442,0.513029,-0.1732,0.7000
1787921592.060751,-0.652841,-0.342957,0.511186,-0.1665,0.7000
1787921592.069458,-0.653552,-0.343437,0.509789,-0.1460,0.7000
1787921592.074087,-0.654397,-0.344250,0.508757,-0.1757,0.7000
1787921592.080844,-0.655159,-0.345117,0.507832,-0.1713,0.7000
1787921592.090947,-0.655754,-0.345871,0.506331,-0.1462,0.7000
1787921592.095806,-0.656546,-0.346372,0.504921,-0.1601,0.7000
1787921592.100691,-0.657479,-0.346982,0.503819,-0.1803,0.7000
1787921592.109255,-0.658216,-0.347840,0.502661,-0.1633,0.7000
1787921592.113941,-0.658828,-0.348441,0.501644,-0.1672,0.7000
1787921592.120774,-0.659632,-0.348976,0.500567,-0.1593,0.7000
1787921592.127447,-0.660722,-0.349599,0.499037,-0.1679,0.7000
1787921592.133872,-0.661471,-0.350458,0.498416,-0.1675,0.7000
1787921592.142164,-0.662227,-0.350559,0.496223,-0.1430,0.7000
1787921592.147323,-0.663024,-0.351297,0.494982,-0.1613,0.7000
1787921592.154170,-0.663909,-0.351726,0.493577,-0.1559,0.7000
1787921592.160682,-0.664946,-0.352030,0.491352,-0.1579,0.7000
1787921592.167882,-0.665823,-0.352342,0.489322,-0.1489,0.7000
1787921592.174312,-0.666501,-0.353176,0.488931,-0.1504,0.7000
1787921592.180667,-0.667312,-0.353976,0.488027,-0.1568,0.7000
1787921592.188622,-0.667970,-0.354421,0.486862,-0.1396,0.7000
1787921592.194183,-0.668884,-0.354853,0.485098,-0.1522,0.7000
1787921592.200444,-0.669488,-0.355805,0.484960,-0.1534,0.7000
1787921592.207709,-0.670517,-0.356234,0.483046,-0.1532,0.7000
1787921592.214183,-0.671264,-0.357042,0.482420,-0.1553,0.7000
1787921592.220619,-0.672114,-0.357795,0.480834,-0.1601,0.7000
1787921592.227496,-0.672886,-0.358257,0.479530,-0.1512,0.7000
1787921592.234397,-0.673752,-0.358854,0.478243,-0.1512,0.7000
1787921592.241515,-0.674428,-0.359730,0.477451,-0.1481,0.7000
1787921592.247893,-0.675429,-0.360191,0.475895,-0.1555,0.7000
1787921592.253735,-0.676104,-0.360573,0.474166,-0.1486,0.7000
1787921592.260961,-0.677126,-0.361475,0.473156,-0.1589,0.7000
1787921592.267818,-0.678073,-0.361955,0.471208,-0.1577,0.7000
1787921592.274832,-0.678739,-0.362716,0.470427,-0.1505,0.7000
1787921592.281154,-0.679689,-0.363080,0.468361,-0.1534,0.7000
1787921592.289498,-0.680606,-0.363824,0.467203,-0.1489,0.7000
1787921592.295689,-0.681504,-0.364360,0.465749,-0.1547,0.7000
1787921592.301028,-0.682617,-0.364557,0.463560,-0.1692,0.7000
1787921592.307941,-0.683495,-0.365008,0.461845,-0.1613,0.7000
1787921592.313982,-0.684181,-0.365851,0.461167,-0.1620,0.7000
1787921592.320573,-0.685016,-0.366634,0.460019,-0.1633,0.7000
1787921592.328465,-0.686017,-0.367271,0.458942,-0.1592,0.7000
1787921592.333945,-0.686886,-0.367632,0.457271,-0.1628,0.7000
1787921592.341065,-0.687712,-0.368442,0.456051,-0.1603,0.7000
1787921592.347706,-0.688687,-0.368896,0.453985,-0.1607,0.4000
1787921592.353852,-0.689610,-0.369367,0.452357,-0.1631,0.4000
1787921592.361014,-0.690621,-0.369840,0.450361,-0.1609,0.4000
1787921592.367834,-0.691627,-0.370509,0.448863,-0.1653,0.4000
1787921592.373978,-0.692631,-0.371068,0.446867,-0.1717,0.4000
1787921592.381732,-0.693578,-0.371584,0.445280,-0.1618,0.4000
1787921592.406896,-0.694370,-0.372169,0.444293,-0.1248,0.4000
1787921592.407937,-0.695355,-0.372814,0.443042,-0.4236,0.4000
1787921592.408904,-0.696319,-0.373053,0.441047,-0.5986,0.4000
1787921592.410540,-0.696972,-0.374061,0.440760,-0.6063,0.4000
1787921592.416715,-0.697903,-0.374530,0.439022,-0.4750,0.4000
1787921592.420614,-0.698788,-0.375091,0.437068,-0.4124,0.4000
1787921592.427837,-0.699663,-0.375662,0.435750,-0.3317,0.4000
1787921592.433995,-0.700534,-0.376292,0.435407,-0.2836,0.4000
1787921592.440994,-0.701227,-0.376850,0.434536,-0.2355,0.4000
1787921592.447749,-0.701965,-0.377546,0.433199,-0.2076,0.2853
1787921592.454317,-0.702968,-0.378223,0.431578,-0.1998,0.2853
1787921592.460820,-0.704003,-0.378328,0.428832,-0.1853,0.2853
1787921592.467434,-0.704672,-0.379251,0.427937,-0.1747,0.2853
1787921592.474053,-0.705774,-0.380037,0.426622,-0.1825,0.2853
1787921592.481342,-0.706715,-0.380317,0.424868,-0.1678,0.2853
1787921592.487766,-0.707703,-0.380483,0.422925,-0.1627,0.2853
1787921592.494800,-0.708151,-0.381706,0.423778,-0.1528,0.2853
1787921592.501437,-0.709226,-0.382045,0.422279,-0.1575,0.2853
1787921592.507294,-0.710224,-0.382425,0.420375,-0.1649,0.2853
1787921592.514066,-0.710901,-0.383253,0.419967,-0.1578,0.2853
1787921592.521089,-0.712071,-0.383555,0.417776,-0.1614,0.2853
1787921592.527538,-0.712809,-0.384065,0.416173,-0.1540,0.2853
1787921592.533742,-0.713876,-0.384804,0.414637,-0.1693,0.2853
1787921592.540740,-0.714561,-0.385516,0.413626,-0.1577,0.2853
1787921592.547629,-0.715656,-0.385706,0.411351,-0.1574,0.2703
1787921592.554243,-0.716684,-0.386093,0.409816,-0.1600,0.2703
1787921592.560837,-0.717538,-0.386868,0.408629,-0.1616,0.2703
1787921592.567717,-0.718519,-0.387627,0.407899,-0.1655,0.2703
1787921592.575472,-0.719513,-0.388008,0.406129,-0.1570,0.2703
1787921592.582255,-0.720666,-0.388506,0.405239,-0.1655,0.2703
1787921592.587698,-0.721640,-0.388815,0.403606,-0.1719,0.2703
1787921592.594221,-0.722732,-0.389398,0.402526,-0.1770,0.2703
1787921592.603163,-0.723583,-0.390358,0.402082,-0.1628,0.2703
1787921592.607695,-0.724688,-0.391009,0.401102,-0.1981,0.2703
1787921592.614208,-0.725694,-0.391432,0.400001,-0.1890,0.2703
1787921592.621690,-0.726638,-0.392161,0.399543,-0.1785,0.2703
1787921592.627785,-0.727857,-0.392388,0.397689,-0.1846,0.2703
1787921592.634668,-0.728823,-0.392926,0.397007,-0.1771,0.2703
1787921592.641027,-0.730027,-0.393494,0.395583,-0.1867,0.2703
1787921592.647199,-0.731065,-0.393971,0.394864,-0.1862,0.2591
1787921592.654531,-0.731926,-0.394573,0.394376,-0.1723,0.2591
1787921592.661419,-0.733092,-0.394836,0.391978,-0.1719,0.2591
1787921592.667606,-0.734179,-0.395530,0.391013,-0.1819,0.2591
1787921592.675911,-0.735231,-0.396233,0.390859,-0.1721,0.2591
1787921592.680306,-0.736152,-0.396872,0.390071,-0.1952,0.2591
1787921592.688340,-0.737212,-0.397591,0.389568,-0.1835,0.2591
1787921592.694403,-0.738291,-0.398140,0.388723,-0.1881,0.2591
1787921592.701514,-0.739272,-0.398742,0.388003,-0.1796,0.2591
1787921592.708060,-0.740367,-0.399153,0.386947,-0.1793,0.2591
1787921592.713792,-0.741328,-0.399724,0.386372,-0.1834,0.2591
1787921592.725433,-0.742344,-0.400196,0.385792,-0.1572,0.2591
1787921592.728065,-0.743312,-0.400973,0.385763,-0.2456,0.2591
1787921592.733727,-0.744322,-0.401234,0.384233,-0.2267,0.2591
1787921592.740528,-0.745521,-0.401563,0.382712,-0.2132,0.2591
1787921592.747363,-0.746437,-0.402450,0.382695,-0.2011,0.0286
1787921592.754699,-0.747628,-0.402583,0.381559,-0.1879,0.0286
1787921592.760994,-0.748582,-0.403515,0.381438,-0.1903,0.0286
1787921592.767223,-0.749636,-0.403918,0.380621,-0.1876,0.0286
1787921592.773695,-0.750814,-0.404345,0.379290,-0.1893,0.0286
1787921592.780867,-0.752021,-0.404914,0.378560,-0.1882,0.0286
1787921592.789069,-0.753073,-0.405361,0.378209,-0.1736,0.0286
1787921592.793972,-0.754057,-0.406030,0.377921,-0.1926,0.0286
1787921592.801825,-0.754942,-0.406929,0.378800,-0.1789,0.0286
1787921592.808261,-0.756015,-0.407275,0.378134,-0.1777,0.0286
1787921592.814192,-0.757003,-0.408157,0.378149,-0.1873,0.0286
1787921592.820691,-0.758031,-0.408723,0.378085,-0.1849,0.0286
1787921592.828939,-0.759220,-0.409090,0.377037,-0.1745,0.0286
1787921592.834013,-0.760205,-0.409868,0.376690,-0.1932,0.0286
1787921592.841546,-0.761343,-0.410379,0.375851,-0.1849,0.0286
1787921592.847382,-0.762547,-0.410465,0.374062,-0.1887,0.0000
1787921592.853981,-0.763707,-0.410764,0.372069,-0.1861,0.0000
1787921592.861270,-0.764720,-0.411168,0.370237,-0.1752,0.0000
1787921592.867153,-0.765900,-0.411460,0.368283,-0.1841,0.0000
1787921592.874171,-0.766926,-0.411441,0.365893,-0.1695,0.0000
1787921592.881091,-0.767822,-0.411719,0.364188,-0.1593,0.0000
1787921592.890674,-0.768863,-0.411871,0.362270,-0.1437,0.0000
1787921592.893726,-0.769711,-0.412045,0.360857,-0.1846,0.0000
1787921592.900627,-0.770543,-0.412156,0.359419,-0.1647,0.0000
1787921592.910281,-0.771134,-0.412755,0.359496,-0.1391,0.0000
1787921592.914222,-0.771985,-0.412986,0.358306,-0.1641,0.0000
1787921592.920891,-0.772546,-0.413248,0.357866,-0.1427,0.0000
1787921592.928015,-0.773153,-0.413726,0.357856,-0.1309,0.0000
1787921592.934117,-0.773638,-0.413866,0.357170,-0.1163,0.0000
1787921592.941698,-0.774047,-0.414262,0.357388,-0.1021,0.0000
1787921592.947448,-0.774470,-0.414387,0.357338,-0.0944,0.0000
1787921592.954217,-0.774839,-0.414787,0.357918,-0.0876,0.0000
1787921592.961179,-0.775197,-0.414971,0.357908,-0.0785,0.0000
1787921592.967745,-0.775490,-0.415194,0.358292,-0.0711,0.0000
1787921592.974070,-0.775643,-0.415530,0.358767,-0.0621,0.0000
1787921592.983587,-0.775923,-0.415756,0.358649,-0.0543,0.0000
1787921592.987845,-0.776062,-0.415701,0.358627,-0.0459,0.0000
1787921592.994146,-0.776212,-0.415847,0.358538,-0.0412,0.0000
1787921593.001448,-0.776295,-0.415585,0.358066,-0.0282,0.0000
1787921593.007339,-0.776353,-0.415707,0.358396,-0.0247,0.0000
1787921593.013652,-0.776325,-0.415793,0.358480,-0.0175,0.0000
1787921593.021401,-0.776406,-0.415514,0.357713,-0.0114,0.0000
1787921593.027540,-0.776106,-0.415675,0.358356,0.0030,0.0000
1787921593.034409,-0.776093,-0.415440,0.358018,0.0062,0.0000
1787921593.040796,-0.775911,-0.415316,0.357952,0.0144,0.0000
1787921593.047378,-0.775720,-0.415115,0.357843,0.0214,0.0000
1787921593.054667,-0.775549,-0.415021,0.357747,0.0230,0.0000
1787921593.060913,-0.775304,-0.415044,0.358051,0.0267,0.0000
1787921593.067215,-0.775057,-0.414754,0.357607,0.0345,0.0000
1787921593.074103,-0.774874,-0.414459,0.357609,0.0362,0.0000
1787921593.081835,-0.774613,-0.414439,0.357821,0.0350,0.0000
1787921593.088110,-0.774503,-0.414090,0.357571,0.0353,0.0000
1787921593.094419,-0.774169,-0.414149,0.357754,0.0386,0.0000
1787921593.101088,-0.773824,-0.414098,0.358133,0.0424,0.0000
1787921593.108789,-0.773732,-0.414073,0.358139,0.0334,0.0000
1787921593.115947,-0.773503,-0.413906,0.358165,0.0348,0.0000
1787921593.120947,-0.773221,-0.413729,0.357853,0.0439,0.0000
1787921593.127573,-0.773096,-0.413787,0.358028,0.0351,0.0000
1787921593.134819,-0.772813,-0.413974,0.358604,0.0328,0.0000
1787921593.140970,-0.772686,-0.413698,0.358054,0.0335,0.0000
1787921593.147601,-0.772471,-0.413798,0.358289,0.0310,0.0000
1787921593.153929,-0.772392,-0.413745,0.358507,0.0261,0.0000
1787921593.160999,-0.772362,-0.413461,0.357850,0.0237,0.0000
1787921593.167659,-0.772205,-0.413624,0.358114,0.0206,0.0000
1787921593.173955,-0.772038,-0.413489,0.357988,0.0241,0.0000
1787921593.180817,-0.772013,-0.413749,0.358471,0.0140,0.0000
1787921593.187212,-0.771953,-0.413601,0.358171,0.0148,0.0000
1787921593.196069,-0.771866,-0.413581,0.358394,0.0134,0.0000
1787921593.200584,-0.771848,-0.413582,0.358510,0.0105,0.0000
1787921593.211204,-0.771851,-0.413671,0.358593,0.0064,0.0000
1787921593.217335,-0.771902,-0.413486,0.358264,0.0053,0.0000
1787921593.220674,-0.771930,-0.413632,0.358436,-0.0033,0.0000
1787921593.227552,-0.772076,-0.413577,0.358088,-0.0074,0.0000
1787921593.236044,-0.772180,-0.413754,0.358353,-0.0108,0.0000
1787921593.240623,-0.772313,-0.413459,0.357900,-0.0090,0.0000
1787921593.247596,-0.772296,-0.413592,0.357910,-0.0076,0.0000
1787921593.254003,-0.772378,-0.413631,0.358018,-0.0096,0.0000
1787921593.261565,-0.772451,-0.413663,0.357807,-0.0099,0.0000
1787921593.268253,-0.772523,-0.413656,0.357721,-0.0098,0.0000
1787921593.274016,-0.772633,-0.413469,0.357372,-0.0088,0.0000
1787921593.280644,-0.772613,-0.413627,0.357537,-0.0079,0.0000
1787921593.290276,-0.772666,-0.413669,0.357812,-0.0075,0.0000
1787921593.294121,-0.772590,-0.413895,0.358132,-0.0059,0.0000
1787921593.301039,-0.772595,-0.413854,0.358088,-0.0037,0.0000
1787921593.307418,-0.772819,-0.413845,0.357877,-0.0123,0.0000
1787921593.314124,-0.772800,-0.413985,0.358080,-0.0100,0.0000
1787921593.321236,-0.772758,-0.413906,0.357960,-0.0042,0.0000
1787921593.327475,-0.772740,-0.413943,0.358133,-0.0027,0.0000
1787921593.333977,-0.772735,-0.413969,0.358190,-0.0021,0.0000
1787921593.341191,-0.772790,-0.413777,0.357651,-0.0008,0.0000
1787921593.347097,-0.772701,-0.413863,0.357852,0.0021,0.0000
1787921593.354643,-0.772714,-0.413859,0.357813,0.0011,0.0000
1787921593.360831,-0.772738,-0.413708,0.357624,0.0022,0.0000
1787921593.367667,-0.772663,-0.413572,0.357522,0.0067,0.0000
1787921593.374272,-0.772694,-0.413632,0.357502,0.0024,0.0000
1787921593.380479,-0.772685,-0.413530,0.357500,0.0039,0.0000
1787921593.388129,-0.772664,-0.413601,0.357523,0.0025,0.0000
1787921593.394487,-0.772653,-0.413596,0.357473,0.0023,0.0000
1787921593.401552,-0.772557,-0.413753,0.357786,0.0031,0.0000
1787921593.407389,-0.772594,-0.413669,0.357816,0.0019,0.0000
1787921593.416072,-0.772580,-0.413772,0.357656,0.0005,0.0000
1787921593.423614,-0.772484,-0.413626,0.357792,0.0060,0.0000
1787921593.427704,-0.772387,-0.413763,0.357801,0.0073,0.0000
1787921593.434682,-0.772372,-0.413589,0.357825,0.0083,0.0000
1787921593.440438,-0.772365,-0.413613,0.357691,0.0057,0.0000
1787921593.447842,-0.772282,-0.413658,0.357834,0.0066,0.0000
1787921593.453842,-0.772346,-0.413542,0.357878,0.0036,0.0000
1787921593.462825,-0.772245,-0.413764,0.358200,0.0031,0.0000
1787921593.467694,-0.772349,-0.413621,0.357874,-0.0008,0.0000
1787921593.473965,-0.772399,-0.413642,0.357863,-0.0031,0.0000
1787921593.481014,-0.772557,-0.413494,0.357506,-0.0063,0.0000
1787921593.487558,-0.772448,-0.413570,0.357659,-0.0009,0.0000
1787921593.494048,-0.772493,-0.413481,0.357572,-0.0012,0.0000
1787921593.502972,-0.772446,-0.413608,0.357821,-0.0008,0.0000
1787921593.507501,-0.772461,-0.413688,0.357935,-0.0034,0.0000
1787921593.514328,-0.772443,-0.413677,0.357758,-0.0015,0.0000
1787921593.524527,-0.772397,-0.413645,0.357773,0.0006,0.0000
1787921593.527784,-0.772470,-0.413489,0.357405,-0.0009,0.0000
1787921593.533771,-0.772487,-0.413693,0.357844,-0.0050,0.0000
1787921593.543118,-0.772468,-0.413668,0.357683,-0.0026,0.0000
1787921593.547733,-0.772520,-0.413789,0.357892,-0.0077,0.0000
1787921593.554340,-0.772629,-0.413758,0.357871,-0.0096,0.0000
1787921593.560931,-0.772495,-0.413867,0.358000,-0.0027,0.0000
1787921593.567306,-0.772538,-0.413695,0.357710,-0.0010,0.0000
1787921593.574594,-0.772573,-0.413700,0.357709,-0.0021,0.0000
1787921593.580795,-0.772548,-0.413560,0.357599,0.0020,0.0000
1787921593.587376,-0.772558,-0.413577,0.357503,0.0007,0.0000
1787921593.594559,-0.772567,-0.413648,0.357676,-0.0009,0.0000
1787921593.600838,-0.772520,-0.413526,0.357654,0.0035,0.0000
1787921593.608013,-0.772523,-0.413474,0.357548,0.0031,0.0000
1787921593.613656,-0.772478,-0.413662,0.357964,0.0009,0.0000
1787921593.621700,-0.772496,-0.413710,0.357864,-0.0006,0.0000
1787921593.628658,-0.772536,-0.413509,0.357563,0.0010,0.0000
1787921593.634113,-0.772575,-0.413598,0.357526,-0.0030,0.0000
1787921593.640752,-0.772455,-0.413673,0.357778,0.0018,0.0000
1787921593.647593,-0.772519,-0.413616,0.357791,-0.0005,0.0000
1787921593.653981,-0.772446,-0.413803,0.357840,-0.0002,0.0000
1787921593.660452,-0.772393,-0.413713,0.357848,0.0036,0.0000
1787921593.667328,-0.772334,-0.413660,0.357766,0.0057,0.0000
1787921593.674146,-0.772367,-0.413619,0.357747,0.0033,0.0000
1787921593.680675,-0.772374,-0.413731,0.358010,0.0002,0.0000
1787921593.687780,-0.772462,-0.413638,0.357686,-0.0019,0.0000
1787921593.693880,-0.772528,-0.413619,0.357600,-0.0041,0.0000
1787921593.700632,-0.772512,-0.413683,0.357885,-0.0032,0.0000
1787921593.708502,-0.772517,-0.413718,0.357863,-0.0029,0.0000
1787921593.714222,-0.772596,-0.413723,0.357601,-0.0060,0.0000
1787921593.723132,-0.772530,-0.413630,0.357689,-0.0010,0.0000
1787921593.730653,-0.772609,-0.413576,0.357535,-0.0029,0.0000
1787921593.734386,-0.772532,-0.413547,0.357613,0.0046,0.0000
1787921593.742007,-0.772480,-0.413553,0.357468,0.0050,0.0000
1787921593.747542,-0.772481,-0.413705,0.357698,0.0006,0.0000
1787921593.753938,-0.772495,-0.413637,0.357522,0.0009,0.0000
1787921593.760482,-0.772316,-0.413951,0.358206,0.0033,0.0000
1787921593.768538,-0.772482,-0.413568,0.357605,0.0015,0.0000
1787921593.773932,-0.772373,-0.413766,0.357955,0.0029,0.0000
1787921593.783226,-0.772599,-0.413615,0.357814,-0.0031,0.0000
1787921593.788455,-0.772435,-0.413822,0.358006,0.0025,0.0000
1787921593.793945,-0.772615,-0.413643,0.357608,-0.0041,0.0000
1787921593.801477,-0.772524,-0.413710,0.357846,-0.0004,0.0000
1787921593.810850,-0.772640,-0.413438,0.357248,-0.0007,0.0000
1787921593.814622,-0.772489,-0.413630,0.357756,0.0054,0.0000
1787921593.820642,-0.772440,-0.413639,0.357691,0.0059,0.0000
1787921593.827157,-0.772524,-0.413534,0.357478,0.0022,0.0000
1787921593.834137,-0.772461,-0.413571,0.357632,0.0035,0.0000
1787921593.841102,-0.772479,-0.413559,0.357497,0.0019,0.0000
1787921593.849594,-0.772373,-0.413558,0.357731,0.0049,0.0000
1787921593.853991,-0.772464,-0.413719,0.357754,-0.0062,0.0000
1787921593.861165,-0.772432,-0.413683,0.357876,-0.0026,0.0000
1787921593.867279,-0.772454,-0.413646,0.357568,-0.0022,0.0000
1787921593.874043,-0.772524,-0.413612,0.357711,-0.0039,0.0000
1787921593.881031,-0.772590,-0.413709,0.357593,-0.0068,0.0000
1787921593.887510,-0.772528,-0.413693,0.357828,-0.0018,0.0000
1787921593.893888,-0.772589,-0.413493,0.357158,-0.0007,0.0000
1787921593.900801,-0.772576,-0.413487,0.357486,0.0001,0.0000
1787921593.907208,-0.772425,-0.413730,0.357841,0.0027,0.0000
1787921593.914540,-0.772486,-0.413615,0.357581,0.0012,0.0000
1787921593.922009,-0.772424,-0.413382,0.357243,0.0065,0.0000
1787921593.928147,-0.772439,-0.413681,0.357896,-0.0013,0.0000
1787921593.935060,-0.772505,-0.413558,0.357701,-0.0017,0.0000
1787921593.940694,-0.772485,-0.413614,0.357806,-0.0012,0.0000
1787921593.947714,-0.772534,-0.413661,0.357748,-0.0036,0.0000
1787921593.954174,-0.772587,-0.413537,0.357523,-0.0028,0.0000
1787921593.960540,-0.772597,-0.413518,0.357299,-0.0021,0.0000
1787921593.967667,-0.772611,-0.413534,0.357381,-0.0022,0.0000
1787921593.974248,-0.772520,-0.413623,0.357509,0.0009,0.0000
1787921593.981139,-0.772487,-0.413679,0.357916,0.0011,0.0000
1787921593.988526,-0.772380,-0.413854,0.358033,0.0024,0.0000
1787921593.994236,-0.772356,-0.413849,0.358102,0.0029,0.0000
1787921594.002542,-0.772395,-0.413789,0.358076,0.0015,0.0000
1787921594.007207,-0.772422,-0.413609,0.357686,0.0035,0.0000
1787921594.015312,-0.772418,-0.413790,0.358087,0.0002,0.0000
1787921594.021214,-0.772489,-0.413690,0.357744,-0.0014,0.0000
1787921594.027397,-0.772488,-0.413722,0.357729,-0.0015,0.0000
1787921594.036893,-0.772505,-0.413670,0.357753,-0.0010,0.0000
1787921594.040553,-0.772576,-0.413619,0.357560,-0.0047,0.0000
