timestamp,x,y,yaw,velocity,steering
1787925086.058370,1.005941,-2.646219,1.591812,0.0000,0.0000
1787925086.064610,1.005995,-2.646042,1.592351,0.0085,0.0000
1787925086.069706,1.005914,-2.646177,1.591905,-0.0019,0.0000
1787925086.076733,1.006452,-2.646020,1.593002,0.0048,0.0000
1787925086.084454,1.005756,-2.646095,1.591326,0.0010,0.0000
1787925086.092968,1.005870,-2.646056,1.591625,0.0020,0.0000
1787925086.099437,1.006458,-2.645965,1.593220,0.0050,0.0000
1787925086.103711,1.005972,-2.646131,1.591893,-0.0074,0.0000
1787925086.109097,1.005751,-2.646167,1.591328,-0.0069,0.0000
1787925086.116587,1.005964,-2.646115,1.591812,-0.0030,0.0000
1787925086.123271,1.006092,-2.646272,1.591894,-0.0092,0.0000
1787925086.131563,1.005807,-2.646202,1.591788,-0.0037,0.0000
1787925086.137569,1.006390,-2.646128,1.592567,0.0005,0.0000
1787925086.144154,1.005851,-2.646306,1.591714,-0.0073,0.0000
1787925086.146872,1.005802,-2.646066,1.591764,0.0215,0.0000
1787925086.163596,1.005613,-2.646260,1.591147,0.0116,0.0000
1787925086.165389,1.005757,-2.646177,1.591686,0.0216,0.0000
1787925086.170528,1.006085,-2.646233,1.592098,0.0114,0.0000
1787925086.179981,1.006171,-2.646194,1.592343,0.0091,0.0000
1787925086.184032,1.006149,-2.646101,1.592188,0.0134,0.0000
1787925086.190539,1.006060,-2.646018,1.592124,0.0133,0.0000
1787925086.196857,1.005957,-2.646199,1.591931,0.0008,0.0000
1787925086.202667,1.005923,-2.646148,1.591979,0.0032,0.0000
1787925086.211362,1.006208,-2.646104,1.592603,0.0036,0.0000
1787925086.219043,1.005822,-2.646019,1.591692,0.0061,0.0000
1787925086.223033,1.006129,-2.646221,1.592178,-0.0114,0.0000
1787925086.230436,1.005506,-2.646158,1.590921,-0.0049,0.0000
1787925086.235405,1.006286,-2.646055,1.592512,0.0018,0.0000
1787925086.242134,1.006196,-2.646166,1.592290,-0.0036,0.0000
1787925086.249545,1.006050,-2.646146,1.592180,-0.0016,0.0000
1787925086.257167,1.005657,-2.646110,1.591312,0.0006,0.0000
1787925086.264117,1.005813,-2.646203,1.591657,-0.0037,0.0000
1787925086.271690,1.006009,-2.646156,1.592097,-0.0009,0.0000
1787925086.276553,1.005761,-2.646055,1.591482,0.0059,0.0000
1787925086.282622,1.005865,-2.646069,1.591658,0.0034,0.0000
1787925086.290399,1.006103,-2.646205,1.592100,-0.0031,0.0000
1787925086.297629,1.006145,-2.646219,1.592197,-0.0028,0.0000
1787925086.304531,1.005807,-2.646145,1.591652,0.0016,0.0000
1787925086.312713,1.006126,-2.646219,1.592189,-0.0019,0.0000
1787925086.318218,1.006096,-2.646084,1.592051,0.0061,0.0000
1787925086.323167,1.006236,-2.646104,1.592508,0.0029,0.0000
1787925086.329881,1.006200,-2.646159,1.592290,-0.0004,0.0000
1787925086.339075,1.005959,-2.646125,1.591465,0.0010,0.0000
1787925086.346473,1.005707,-2.646132,1.591561,0.0006,0.0000
1787925086.354219,1.005957,-2.646285,1.591841,-0.0057,0.0000
1787925086.357856,1.005974,-2.646122,1.591899,0.0094,0.0000
1787925086.363232,1.005615,-2.646160,1.591155,0.0049,0.0000
1787925086.374077,1.006236,-2.646140,1.592400,0.0036,0.0000
1787925086.378446,1.005982,-2.646135,1.591583,0.0032,0.0000
1787925086.386303,1.006276,-2.646289,1.592415,-0.0039,0.0000
1787925086.392192,1.006449,-2.646103,1.592933,0.0066,0.0000
1787925086.396899,1.006160,-2.646107,1.592536,0.0048,0.0000
1787925086.405181,1.006398,-2.646088,1.592756,0.0038,0.0000
1787925086.406181,1.005889,-2.646163,1.591964,-0.0166,0.0000
1787925086.416292,1.006106,-2.646087,1.592194,-0.0095,0.0000
1787925086.421874,1.005971,-2.646168,1.591931,-0.0109,0.0000
1787925086.430861,1.006236,-2.646124,1.592480,-0.0063,0.0000
1787925086.438823,1.006512,-2.646084,1.593088,-0.0032,0.0000
1787925086.445565,1.006104,-2.646143,1.592080,-0.0045,0.0000
1787925086.451260,1.006021,-2.646134,1.592181,-0.0025,0.0000
1787925086.456668,1.005983,-2.646222,1.591776,-0.0066,0.0000
1787925086.465576,1.005999,-2.646077,1.592115,0.0002,0.0000
1787925086.472121,1.005895,-2.646131,1.591822,-0.0022,0.0000
1787925086.479615,1.005592,-2.646262,1.591150,-0.0065,0.0000
1787925086.486796,1.006467,-2.646098,1.592853,0.0015,0.0000
1787925086.491364,1.006257,-2.646095,1.592494,0.0015,0.0000
1787925086.497431,1.006259,-2.646156,1.592437,-0.0019,0.0000
1787925086.503090,1.006316,-2.646114,1.592682,0.0008,0.0000
1787925086.510839,1.005916,-2.646138,1.591686,-0.0001,0.0000
1787925086.518052,1.006289,-2.646100,1.592624,0.0012,0.0000
1787925086.526658,1.005985,-2.646101,1.591914,0.0010,0.0000
1787925086.529598,1.006296,-2.646197,1.592418,-0.0097,0.0000
1787925086.544150,1.006043,-2.646170,1.592047,-0.0061,0.0000
1787925086.545096,1.005914,-2.646271,1.591611,-0.0354,0.0000
1787925086.548826,1.006254,-2.646178,1.592453,-0.0179,0.0000
1787925086.555396,1.005728,-2.646183,1.591264,-0.0123,0.0000
1787925086.563415,1.005948,-2.646140,1.592093,-0.0071,0.0000
1787925086.569660,1.006298,-2.646101,1.592553,-0.0035,0.0000
1787925086.579036,1.005873,-2.646146,1.591624,-0.0036,0.0000
1787925086.583176,1.005946,-2.645982,1.591913,0.0092,0.0000
1787925086.592755,1.005640,-2.646169,1.591132,0.0008,0.0000
1787925086.602559,1.006070,-2.646340,1.591860,-0.0049,0.0000
1787925086.607647,1.006268,-2.646279,1.592413,-0.0002,0.0000
1787925086.610970,1.006153,-2.646191,1.592114,0.0081,0.0000
1787925086.616193,1.006064,-2.646151,1.591941,0.0081,0.0000
1787925086.623663,1.006194,-2.646255,1.592561,0.0014,0.0000
1787925086.630930,1.006012,-2.646303,1.591940,-0.0009,0.0000
1787925086.636610,1.005979,-2.646237,1.591916,0.0029,0.0000
1787925086.642995,1.006454,-2.646090,1.592690,0.0085,0.0000
1787925086.650378,1.006074,-2.646194,1.592130,0.0020,0.0000
1787925086.657299,1.005705,-2.646308,1.591506,-0.0032,0.0000
1787925086.662328,1.006198,-2.646175,1.592263,0.0051,0.0000
1787925086.676156,1.005688,-2.646055,1.591315,0.0064,0.0000
1787925086.681401,1.006341,-2.646216,1.592486,-0.0056,0.0000
1787925086.685298,1.005728,-2.646112,1.591394,0.0051,0.0000
1787925086.692708,1.006453,-2.646209,1.593246,-0.0010,0.0000
1787925086.697275,1.006119,-2.646177,1.592005,0.0019,0.0000
1787925086.703923,1.005943,-2.646266,1.592004,-0.0025,0.0000
1787925086.709759,1.005958,-2.646040,1.591625,0.0098,0.0000
1787925086.715919,1.006017,-2.646225,1.592037,-0.0022,0.0000
1787925086.722510,1.006312,-2.646024,1.592674,0.0073,0.0000
1787925086.730314,1.006187,-2.646149,1.592416,0.0004,0.0000
1787925086.738016,1.006151,-2.646229,1.592253,-0.0028,0.0000
1787925086.745315,1.005996,-2.646172,1.591936,0.0005,0.0000
1787925086.750035,1.005629,-2.646223,1.591260,-0.0024,0.0000
1787925086.756424,1.005936,-2.646147,1.591766,0.0016,0.0000
1787925086.765237,1.006157,-2.646250,1.592397,-0.0025,0.0000
1787925086.772724,1.006197,-2.646145,1.592333,0.0024,0.0000
1787925086.783997,1.005989,-2.646206,1.592171,0.0002,0.0000
1787925086.785653,1.005610,-2.646010,1.591118,0.0370,0.0000
1787925086.793022,1.005264,-2.646134,1.590714,0.0211,0.0000
1787925086.797508,1.005963,-2.646193,1.591929,0.0099,0.0000
1787925086.802959,1.006176,-2.646217,1.592245,0.0053,0.0000
1787925086.810647,1.006041,-2.646116,1.592234,0.0078,0.0000
1787925086.816068,1.006033,-2.646125,1.591832,0.0049,0.0000
1787925086.822664,1.006225,-2.646228,1.592370,-0.0014,0.0000
1787925086.830762,1.006044,-2.646144,1.592064,0.0023,0.0000
1787925086.836925,1.006048,-2.646186,1.592035,-0.0005,0.0000
1787925086.843275,1.005993,-2.646079,1.592008,0.0048,0.0000
1787925086.849895,1.006173,-2.646109,1.592199,0.0018,0.0000
1787925086.860282,1.005878,-2.646196,1.591841,-0.0010,0.0000
1787925086.867791,1.006036,-2.646199,1.591838,-0.0010,0.0000
1787925086.872231,1.006221,-2.646256,1.592248,-0.0049,0.0000
1787925086.877992,1.006332,-2.646218,1.592667,-0.0015,0.0000
1787925086.886157,1.005601,-2.646118,1.591333,0.0031,0.0000
1787925086.891068,1.006023,-2.646081,1.592082,0.0040,0.0000
1787925086.898198,1.006404,-2.646183,1.592673,-0.0019,0.0000
1787925086.904434,1.005904,-2.646154,1.591963,0.0006,0.0000
1787925086.909693,1.005918,-2.646091,1.591647,0.0040,0.0000
1787925086.915961,1.006365,-2.646320,1.592481,-0.0086,0.0000
1787925086.923465,1.006037,-2.646129,1.591956,0.0018,0.0000
1787925086.930888,1.006128,-2.646097,1.592420,0.0025,0.0000
1787925086.938089,1.006076,-2.646104,1.591872,0.0015,0.0000
1787925086.944560,1.006027,-2.646254,1.592223,-0.0058,0.0000
1787925086.953089,1.006628,-2.646144,1.593184,-0.0007,0.0000
1787925086.959103,1.005880,-2.646134,1.591698,0.0008,0.0000
1787925086.964074,1.005417,-2.646197,1.590834,-0.0027,0.0000
1787925086.969858,1.006458,-2.646165,1.592867,-0.0014,0.0000
1787925086.976542,1.005742,-2.646399,1.591362,-0.0108,0.0000
1787925086.983438,1.005903,-2.646207,1.591589,0.0006,0.0000
1787925086.990571,1.006089,-2.646300,1.592186,-0.0036,0.0000
1787925087.000278,1.005974,-2.646164,1.591778,0.0017,0.0000
1787925087.003810,1.006162,-2.646156,1.592283,0.0016,0.0000
1787925087.010654,1.005840,-2.646160,1.591661,0.0012,0.0000
1787925087.017110,1.006030,-2.646097,1.591923,0.0036,0.0000
1787925087.023053,1.006226,-2.646216,1.592538,-0.0037,0.0000
1787925087.029644,1.005959,-2.646088,1.591740,0.0035,0.0000
1787925087.036572,1.006195,-2.646140,1.592467,-0.0000,0.0000
1787925087.044392,1.006050,-2.646179,1.592362,-0.0014,0.0000
1787925087.049860,1.006050,-2.646162,1.592026,-0.0000,0.0000
1787925087.056369,1.005774,-2.646170,1.591649,-0.0001,0.0000
1787925087.063146,1.005852,-2.646087,1.591687,0.0035,0.0000
1787925087.069664,1.005718,-2.646305,1.591265,-0.0075,0.0000
1787925087.077594,1.005728,-2.646175,1.591425,-0.0003,0.0000
1787925087.085838,1.006105,-2.646175,1.592049,-0.0005,0.0000
1787925087.090930,1.005780,-2.646172,1.591306,0.0002,0.0000
1787925087.100419,1.006144,-2.646149,1.592322,0.0006,0.0000
1787925087.103995,1.006445,-2.646060,1.593077,0.0073,0.0000
1787925087.109998,1.006149,-2.646163,1.592337,0.0003,0.0000
1787925087.116230,1.005666,-2.646288,1.591222,-0.0053,0.0000
1787925087.124711,1.006345,-2.646184,1.592619,-0.0006,0.0000
1787925087.131156,1.005711,-2.646242,1.591098,-0.0025,0.0000
1787925087.137096,1.006067,-2.646200,1.591864,0.0000,0.0000
1787925087.143179,1.006101,-2.646049,1.592241,0.0074,0.0000
1787925087.149617,1.005863,-2.646230,1.591744,-0.0030,0.0000
1787925087.157252,1.006403,-2.646238,1.592903,-0.0029,0.0000
1787925087.164116,1.006294,-2.645994,1.592396,0.0087,0.0000
1787925087.170067,1.006056,-2.646172,1.592153,-0.0026,0.0000
1787925087.176650,1.005775,-2.646219,1.591429,-0.0037,0.0000
1787925087.182689,1.006106,-2.646161,1.591933,-0.0001,0.0000
1787925087.193738,1.006286,-2.646110,1.592587,0.0012,0.0000
1787925087.198039,1.005690,-2.646211,1.591351,-0.0053,0.0960
1787925087.205795,1.005790,-2.646248,1.591650,-0.0052,0.0960
1787925087.210258,1.006216,-2.645888,1.592296,0.0199,0.0960
1787925087.216290,1.006733,-2.646117,1.593290,0.0020,0.0960
1787925087.223132,1.006131,-2.646188,1.592218,-0.0012,0.0960
1787925087.229483,1.006129,-2.646068,1.592162,0.0048,0.0960
1787925087.236741,1.006068,-2.646212,1.591897,-0.0025,0.0960
1787925087.243413,1.005886,-2.646151,1.591635,0.0012,0.0960
1787925087.249862,1.005822,-2.646092,1.591645,0.0036,0.0960
1787925087.257529,1.006120,-2.646245,1.592030,-0.0037,0.0960
1787925087.263150,1.005920,-2.646075,1.591872,0.0067,0.0960
1787925087.270001,1.005920,-2.646145,1.591854,0.0016,0.0960
1787925087.276269,1.006251,-2.646269,1.592309,-0.0051,0.0960
1787925087.284245,1.005854,-2.646126,1.591754,0.0021,0.0960
1787925087.293158,1.005823,-2.646159,1.591306,0.0004,0.0960
1787925087.299347,1.005489,-2.646200,1.590453,-0.0014,0.0966
1787925087.305463,1.005964,-2.646230,1.590867,-0.0029,0.0966
1787925087.310803,1.005841,-2.646224,1.590125,-0.0016,0.0966
1787925087.316799,1.005260,-2.646158,1.589207,0.0027,0.0966
1787925087.323471,1.005819,-2.645969,1.590033,0.0099,0.0966
1787925087.329601,1.006039,-2.646286,1.590210,-0.0088,0.0966
1787925087.337049,1.006294,-2.646160,1.590077,-0.0013,0.0966
1787925087.344995,1.006496,-2.646202,1.590377,-0.0026,0.0966
1787925087.349768,1.005957,-2.646278,1.589257,-0.0060,0.0966
1787925087.356558,1.006519,-2.646272,1.590631,-0.0044,0.0966
1787925087.363104,1.006087,-2.646197,1.590026,0.0008,0.0966
1787925087.372300,1.006238,-2.646390,1.590327,-0.0059,0.0966
1787925087.376619,1.006302,-2.646272,1.590515,0.0040,0.0966
1787925087.383465,1.006243,-2.646373,1.590467,-0.0016,0.0966
1787925087.392744,1.006129,-2.646251,1.590165,0.0029,0.0966
1787925087.399511,1.006298,-2.646293,1.590393,0.0000,0.1013
1787925087.408666,1.006376,-2.646253,1.590135,0.0013,0.1013
1787925087.410477,1.006054,-2.646285,1.589708,-0.0034,0.1013
1787925087.417656,1.006106,-2.646438,1.589650,-0.0088,0.1013
1787925087.423337,1.006145,-2.646507,1.590013,-0.0098,0.1013
1787925087.429700,1.005912,-2.646498,1.589685,-0.0063,0.1013
1787925087.435582,1.006198,-2.646218,1.590181,0.0096,0.1013
1787925087.443691,1.005890,-2.646326,1.589664,0.0029,0.1013
1787925087.451292,1.005561,-2.646483,1.589236,-0.0039,0.1013
1787925087.456754,1.005895,-2.646483,1.589868,-0.0031,0.1013
1787925087.462823,1.005778,-2.646243,1.589665,0.0098,0.1013
1787925087.469997,1.005487,-2.646322,1.589325,0.0038,0.1013
1787925087.477253,1.005805,-2.646312,1.589893,0.0028,0.1013
1787925087.484086,1.005980,-2.646469,1.590042,-0.0051,0.1013
1787925087.490330,1.006088,-2.646132,1.590434,0.0125,0.1013
1787925087.495582,1.005986,-2.646209,1.590155,0.0045,0.1013
1787925087.503192,1.005824,-2.646289,1.589728,0.0001,0.1004
1787925087.511436,1.006282,-2.646310,1.590300,-0.0010,0.1004
1787925087.517422,1.005730,-2.646186,1.589540,0.0060,0.1004
1787925087.523910,1.006121,-2.646176,1.590002,0.0043,0.1004
1787925087.529985,1.006240,-2.646155,1.590202,0.0039,0.1004
1787925087.535784,1.005998,-2.646251,1.590149,-0.0020,0.1004
1787925087.544357,1.005872,-2.646271,1.589636,-0.0020,0.1004
1787925087.551026,1.005805,-2.646270,1.589609,-0.0013,0.1004
1787925087.556435,1.006047,-2.646493,1.589864,-0.0135,0.1004
1787925087.564077,1.005805,-2.646182,1.589425,0.0029,0.1004
1787925087.573451,1.006334,-2.646155,1.590634,0.0026,0.1004
1787925087.581678,1.005528,-2.646237,1.588816,-0.0007,0.1004
1787925087.584764,1.005874,-2.646121,1.589593,0.0102,0.1004
1787925087.588855,1.005799,-2.646239,1.589349,-0.0014,0.1004
1787925087.597381,1.006233,-2.646202,1.590427,0.0000,0.1015
1787925087.604354,1.005872,-2.646303,1.589403,-0.0041,0.1015
1787925087.612861,1.005709,-2.646136,1.589382,0.0032,0.1015
1787925087.619269,1.005894,-2.646042,1.589590,0.0065,0.1015
1787925087.624172,1.005548,-2.646091,1.588913,0.0019,0.1015
1787925087.629154,1.005785,-2.645793,1.589285,0.0190,0.1015
1787925087.637814,1.005594,-2.645555,1.588851,0.0217,0.1015
1787925087.645608,1.005761,-2.645229,1.589221,0.0276,0.1015
1787925087.652270,1.005958,-2.644831,1.589465,0.0371,0.1015
1787925087.662282,1.006161,-2.644494,1.589845,0.0359,0.1015
1787925087.663505,1.005933,-2.644022,1.589377,0.1419,0.1015
1787925087.670851,1.006222,-2.643442,1.589920,0.1228,0.1015
1787925087.678329,1.006783,-2.642790,1.591049,0.1117,0.1015
1787925087.683755,1.007309,-2.642038,1.592553,0.1191,0.1015
1787925087.690595,1.007490,-2.641433,1.592946,0.1097,0.1015
1787925087.699688,1.007507,-2.640948,1.592940,0.0928,0.1036
1787925087.706308,1.007002,-2.639932,1.592407,0.1115,0.1036
1787925087.711458,1.006765,-2.639218,1.591838,0.1199,0.1036
1787925087.716138,1.006690,-2.638333,1.591934,0.1407,0.1036
1787925087.723075,1.006454,-2.637590,1.591707,0.1309,0.1036
1787925087.730420,1.006432,-2.636709,1.591496,0.1276,0.1036
1787925087.737836,1.006778,-2.635469,1.592432,0.1392,0.1036
1787925087.744494,1.006095,-2.634777,1.590868,0.1292,0.1036
1787925087.749455,1.006334,-2.633681,1.591644,0.1564,0.1036
1787925087.757628,1.006144,-2.632779,1.591666,0.1427,0.1036
1787925087.765613,1.006301,-2.631816,1.591598,0.1360,0.1036
1787925087.770644,1.005891,-2.630820,1.591185,0.1551,0.1036
1787925087.776699,1.006525,-2.629830,1.592646,0.1569,0.1036
1787925087.783215,1.005725,-2.628907,1.590904,0.1530,0.1036
1787925087.791780,1.005858,-2.627885,1.591413,0.1428,0.1036
1787925087.796317,1.006186,-2.626715,1.592652,0.1768,0.0965
1787925087.805841,1.005859,-2.625504,1.591910,0.1622,0.0965
1787925087.811708,1.005890,-2.624522,1.592137,0.1636,0.0965
1787925087.818567,1.006227,-2.623337,1.592814,0.1661,0.0965
1787925087.824797,1.006073,-2.622253,1.592886,0.1686,0.0965
1787925087.831464,1.005959,-2.620947,1.592777,0.1769,0.0965
1787925087.837106,1.005824,-2.619660,1.593403,0.1924,0.0965
1787925087.843398,1.005700,-2.618709,1.593459,0.1801,0.0965
1787925087.849689,1.005859,-2.617497,1.593857,0.1837,0.0965
1787925087.858728,1.005405,-2.616385,1.593307,0.1658,0.0965
1787925087.864807,1.005258,-2.615110,1.593193,0.1791,0.0965
1787925087.873341,1.004966,-2.614085,1.593079,0.1616,0.0965
1787925087.876793,1.005217,-2.612754,1.593560,0.2284,0.0965
1787925087.883705,1.005262,-2.611079,1.593789,0.2325,0.0965
1787925087.891020,1.005248,-2.609530,1.593985,0.2263,0.0965
1787925087.896636,1.004991,-2.608360,1.593966,0.2212,0.0883
1787925087.905000,1.005164,-2.606800,1.594210,0.2106,0.0883
1787925087.910421,1.005404,-2.605259,1.594884,0.2323,0.0883
1787925087.920451,1.005008,-2.603800,1.594531,0.2066,0.0883
1787925087.924221,1.004835,-2.602388,1.594529,0.2572,0.0883
1787925087.929810,1.004989,-2.600931,1.594932,0.2580,0.0883
1787925087.937365,1.004977,-2.599412,1.594965,0.2410,0.0883
1787925087.944639,1.004292,-2.597968,1.593985,0.2289,0.0883
1787925087.950133,1.004061,-2.596219,1.593686,0.2560,0.0883
1787925087.957867,1.004100,-2.594834,1.593959,0.2329,0.0883
1787925087.967292,1.003872,-2.593267,1.593778,0.2130,0.0883
1787925087.971547,1.004221,-2.591638,1.594516,0.2634,0.0883
1787925087.978014,1.003698,-2.590294,1.593749,0.2472,0.0883
1787925087.983523,1.003899,-2.588653,1.594312,0.2622,0.0883
1787925087.989987,1.003575,-2.586745,1.594111,0.2724,0.0883
1787925087.998440,1.003695,-2.585059,1.594611,0.2504,0.0824
1787925088.007676,1.003967,-2.583296,1.595663,0.2323,0.0824
1787925088.015178,1.004279,-2.581584,1.596027,0.2307,0.0824
1787925088.022862,1.004166,-2.580126,1.596278,0.2185,0.0824
1787925088.026007,1.003451,-2.578342,1.595504,0.3248,0.0824
1787925088.030260,1.003198,-2.576961,1.595289,0.3252,0.0824
1787925088.035810,1.003273,-2.575548,1.595876,0.3039,0.0824
1787925088.043778,1.002743,-2.573471,1.595340,0.2914,0.0824
1787925088.049603,1.002104,-2.571587,1.594581,0.3017,0.0824
1787925088.056396,1.002759,-2.569654,1.595677,0.2958,0.0824
1787925088.065164,1.003066,-2.567922,1.596846,0.2661,0.0824
1787925088.071968,1.003022,-2.566152,1.597364,0.2643,0.0824
1787925088.079693,1.002791,-2.564400,1.596776,0.2533,0.0824
1787925088.086954,1.002698,-2.562648,1.597312,0.2497,0.0824
1787925088.091805,1.002550,-2.560651,1.596971,0.2985,0.0824
1787925088.097133,1.002343,-2.558812,1.596429,0.3128,0.1423
1787925088.103908,1.002389,-2.556924,1.597520,0.3024,0.1423
1787925088.112263,1.002012,-2.554933,1.596586,0.2836,0.1423
1787925088.118325,1.002094,-2.553042,1.597117,0.2919,0.1423
1787925088.125869,1.002197,-2.550875,1.598091,0.2904,0.1423
1787925088.129723,1.001992,-2.549264,1.597949,0.3290,0.1423
1787925088.136094,1.001418,-2.547325,1.597472,0.3223,0.1423
1787925088.142571,1.001241,-2.545249,1.597303,0.3219,0.1423
1787925088.148593,1.001560,-2.543215,1.598191,0.3262,0.1423
1787925088.156442,1.001312,-2.541296,1.597918,0.3019,0.1423
1787925088.164231,1.001731,-2.539368,1.599207,0.2851,0.1423
1787925088.169167,1.001464,-2.537494,1.598709,0.3139,0.1423
1787925088.176394,1.001642,-2.535348,1.599737,0.3086,0.1423
1787925088.182667,1.000885,-2.533608,1.598233,0.3002,0.1423
1787925088.191407,1.001567,-2.531365,1.599739,0.2864,0.1423
1787925088.196910,1.001045,-2.529285,1.598973,0.3146,0.1406
1787925088.203909,1.000831,-2.527604,1.599286,0.2925,0.1406
1787925088.212083,1.000369,-2.525446,1.598778,0.2844,0.1406
1787925088.219018,1.000436,-2.523360,1.599443,0.2892,0.1406
1787925088.227475,0.999972,-2.521725,1.598616,0.2609,0.1406
1787925088.229949,0.999577,-2.519424,1.597940,0.4629,0.1406
1787925088.235720,0.999454,-2.517300,1.597172,0.4346,0.1406
1787925088.243342,1.000083,-2.515275,1.599146,0.3832,0.1406
1787925088.251951,1.000444,-2.513407,1.600152,0.3329,0.1406
1787925088.256386,1.000075,-2.511445,1.599584,0.3665,0.1406
1787925088.262616,0.999416,-2.509513,1.598740,0.3504,0.1406
1787925088.269196,0.999618,-2.506994,1.599164,0.3598,0.1406
1787925088.276543,0.999135,-2.505182,1.598547,0.3264,0.1406
1787925088.287032,0.999366,-2.504006,1.599470,0.2619,0.1406
1787925088.292834,0.999415,-2.502215,1.599706,0.2758,0.1406
1787925088.298129,0.998670,-2.500634,1.598425,0.2838,0.1392
1787925088.304041,0.999359,-2.498916,1.600013,0.2848,0.1392
1787925088.309915,0.999198,-2.497300,1.599012,0.2821,0.1392
1787925088.319788,0.999557,-2.495709,1.600439,0.2454,0.1392
1787925088.323889,0.999539,-2.494016,1.600194,0.2957,0.1392
1787925088.332073,0.999534,-2.492051,1.600623,0.2790,0.1392
1787925088.336960,0.999359,-2.490263,1.600497,0.3053,0.1392
1787925088.342236,0.998868,-2.488152,1.599770,0.3345,0.1392
1787925088.350293,0.999135,-2.486017,1.600836,0.3133,0.1392
1787925088.356751,0.999478,-2.483922,1.602030,0.3161,0.1392
1787925088.363853,0.998994,-2.481975,1.601301,0.3041,0.1392
1787925088.369579,0.999135,-2.479933,1.602078,0.3196,0.1392
1787925088.376946,0.998711,-2.477741,1.601493,0.3135,0.1392
1787925088.383482,0.998678,-2.475500,1.601719,0.3223,0.1392
1787925088.390045,0.999225,-2.473306,1.603443,0.3250,0.1392
1787925088.396040,0.998759,-2.471115,1.602634,0.3379,0.1435
1787925088.404207,0.998972,-2.468836,1.603609,0.3199,0.1435
1787925088.411277,0.998591,-2.466730,1.602794,0.3138,0.1435
1787925088.418252,0.998705,-2.464465,1.603150,0.3168,0.1435
1787925088.422938,0.998397,-2.462503,1.602809,0.3480,0.1435
1787925088.432564,0.998122,-2.460482,1.601977,0.3068,0.1435
1787925088.436328,0.998195,-2.458380,1.602929,0.3821,0.1435
1787925088.443094,0.997696,-2.456409,1.602017,0.3555,0.1435
1787925088.450366,0.997096,-2.454135,1.600750,0.3434,0.1435
1787925088.456567,0.997256,-2.451911,1.601580,0.3477,0.1435
1787925088.463117,0.996898,-2.449693,1.600682,0.3454,0.1435
1787925088.469053,0.997891,-2.447661,1.602789,0.3428,0.1435
1787925088.477009,0.997811,-2.445440,1.603059,0.3238,0.1435
1787925088.484072,0.997336,-2.443292,1.602544,0.3185,0.1435
1787925088.490272,0.997581,-2.440983,1.603884,0.3342,0.1435
1787925088.498182,0.997235,-2.438622,1.603356,0.3239,0.2740
1787925088.503034,0.997343,-2.436509,1.604007,0.3571,0.2740
1787925088.511115,0.996629,-2.434338,1.603329,0.3313,0.2740
1787925088.518858,0.996877,-2.432360,1.603827,0.3082,0.2740
1787925088.527112,0.996119,-2.430181,1.603017,0.2958,0.2740
1787925088.534030,0.996204,-2.428156,1.603052,0.2947,0.2740
1787925088.538116,0.996449,-2.425997,1.603653,0.3641,0.2740
1787925088.542997,0.996971,-2.423747,1.605478,0.3920,0.2740
1787925088.550128,0.996110,-2.421531,1.603584,0.3687,0.2740
1787925088.557291,0.995817,-2.419340,1.603945,0.3503,0.2740
1787925088.566698,0.995661,-2.416829,1.603678,0.3254,0.2740
1787925088.571723,0.994833,-2.414750,1.602728,0.3534,0.2740
1787925088.576690,0.995374,-2.412557,1.603909,0.3786,0.2740
1787925088.583049,0.995348,-2.410332,1.603687,0.3700,0.2740
1787925088.590120,0.995175,-2.408132,1.603613,0.3525,0.2740
1787925088.596566,0.994119,-2.405948,1.601477,0.3499,0.2863
1787925088.604791,0.993867,-2.403829,1.601123,0.3225,0.2863
1787925088.610436,0.993529,-2.401340,1.600045,0.3584,0.2863
1787925088.618135,0.993549,-2.399208,1.600328,0.3339,0.2863
1787925088.623533,0.993619,-2.396925,1.601114,0.3604,0.2863
1787925088.631245,0.992666,-2.394786,1.599364,0.3365,0.2863
1787925088.637233,0.993067,-2.392510,1.601082,0.3490,0.2863
1787925088.642704,0.992878,-2.390314,1.601151,0.3649,0.2863
1787925088.649411,0.992677,-2.388090,1.601655,0.3552,0.2863
1787925088.656003,0.992434,-2.385755,1.602160,0.3552,0.2863
1787925088.664266,0.991862,-2.383485,1.601706,0.3316,0.2863
1787925088.678795,0.991659,-2.381046,1.602758,0.2826,0.2863
1787925088.680135,0.991546,-2.378977,1.603327,0.6617,0.2863
1787925088.683411,0.991108,-2.376646,1.604090,0.6778,0.2863
1787925088.692240,0.991313,-2.374451,1.605531,0.5488,0.2863
1787925088.699193,0.991005,-2.372099,1.606262,0.4860,0.2934
1787925088.704294,0.991538,-2.369790,1.608709,0.4747,0.2934
1787925088.711225,0.991403,-2.367540,1.610386,0.4299,0.2934
1787925088.716502,0.991944,-2.365157,1.612724,0.4350,0.2934
1787925088.723755,0.991396,-2.363106,1.613680,0.3902,0.2934
1787925088.730314,0.991253,-2.360706,1.615009,0.3831,0.2934
1787925088.739475,0.990590,-2.358420,1.614898,0.3439,0.2934
1787925088.743177,0.989998,-2.356444,1.615414,0.4028,0.2934
1787925088.750238,0.989593,-2.354276,1.616306,0.3748,0.2934
1787925088.758853,0.989464,-2.352012,1.617633,0.3413,0.2934
1787925088.765124,0.989526,-2.349802,1.619054,0.3444,0.2934
1787925088.771221,0.989482,-2.347433,1.620566,0.3576,0.2934
1787925088.775735,0.989782,-2.345246,1.623383,0.3944,0.2934
1787925088.784156,0.989462,-2.342840,1.624109,0.3623,0.2934
1787925088.794084,0.989400,-2.340564,1.625409,0.3224,0.2934
1787925088.797724,0.988180,-2.338352,1.624507,0.4131,0.3870
1787925088.804871,0.988631,-2.335923,1.626708,0.3899,0.3870
1787925088.811774,0.988225,-2.333670,1.627872,0.3717,0.3870
1787925088.816986,0.988602,-2.331454,1.629728,0.3862,0.3870
1787925088.823463,0.987863,-2.329159,1.629943,0.3785,0.3870
1787925088.832815,0.988107,-2.326756,1.632054,0.3414,0.3870
1787925088.836614,0.987739,-2.324418,1.633094,0.4251,0.3870
1787925088.843801,0.987240,-2.322132,1.633177,0.3941,0.3870
1787925088.848520,0.986950,-2.319733,1.633904,0.4292,0.3870
1787925088.857661,0.986494,-2.317553,1.634793,0.3728,0.3870
1787925088.864577,0.985687,-2.315006,1.634292,0.3735,0.3870
1787925088.871984,0.985451,-2.312808,1.635303,0.3509,0.3870
1787925088.875865,0.984842,-2.310531,1.635727,0.4244,0.3870
1787925088.884226,0.983662,-2.308584,1.634934,0.3695,0.3870
1787925088.890497,0.982671,-2.306205,1.634177,0.3752,0.3870
1787925088.898442,0.982298,-2.304077,1.635055,0.3437,0.3846
1787925088.904737,0.981880,-2.301909,1.635063,0.3450,0.3846
1787925088.910522,0.980479,-2.299782,1.633743,0.3561,0.3846
1787925088.920121,0.980136,-2.297931,1.634837,0.3077,0.3846
1787925088.924522,0.978606,-2.295735,1.633390,0.3713,0.3846
1787925088.930678,0.978292,-2.293523,1.634238,0.3685,0.3846
1787925088.936571,0.978385,-2.291331,1.636666,0.3690,0.3846
1787925088.944240,0.977177,-2.288937,1.635886,0.3548,0.3846
1787925088.952215,0.977608,-2.286966,1.638761,0.3213,0.3846
1787925088.957567,0.976697,-2.284663,1.638969,0.3571,0.3846
1787925088.963754,0.976948,-2.282568,1.641514,0.3505,0.3846
1787925088.969190,0.976590,-2.280352,1.643139,0.3687,0.3846
1787925088.977224,0.976752,-2.278038,1.645515,0.3438,0.3846
1787925088.984111,0.976615,-2.275766,1.647739,0.3398,0.3846
1787925088.990666,0.976284,-2.273497,1.649178,0.3426,0.3846
1787925088.999043,0.976003,-2.271230,1.650769,0.3215,0.3715
1787925089.004084,0.975823,-2.268985,1.652806,0.3591,0.3715
1787925089.012022,0.975383,-2.266653,1.654081,0.3406,0.3715
1787925089.016950,0.975378,-2.264221,1.656595,0.3859,0.3715
1787925089.024190,0.975212,-2.261977,1.658251,0.3634,0.3715
1787925089.031534,0.975480,-2.259494,1.661670,0.3544,0.3715
1787925089.037618,0.977151,-2.256765,1.666865,0.3741,0.3715
1787925089.042910,0.977806,-2.254291,1.670055,0.3978,0.3715
1787925089.051390,0.978221,-2.251870,1.673862,0.3621,0.3715
1787925089.057301,0.978297,-2.249468,1.675513,0.3743,0.3715
1787925089.065649,0.979567,-2.246893,1.680711,0.3490,0.3715
1787925089.070378,0.979549,-2.244313,1.683357,0.4070,0.3715
1787925089.077574,0.980413,-2.241856,1.687262,0.3825,0.3715
1787925089.083924,0.980410,-2.239468,1.689502,0.3798,0.3715
1787925089.091226,0.980292,-2.237039,1.691401,0.3655,0.3715
1787925089.096335,0.980117,-2.234666,1.693629,0.3954,0.4047
1787925089.103873,0.979066,-2.232326,1.694120,0.3744,0.4047
1787925089.111853,0.979605,-2.230109,1.697692,0.3422,0.4047
1787925089.118442,0.979089,-2.227636,1.698993,0.3542,0.4047
1787925089.136430,0.979393,-2.225484,1.702353,0.2828,0.4047
1787925089.141986,0.978448,-2.223050,1.703404,0.3351,0.4047
1787925089.143332,0.977227,-2.220597,1.703493,0.8121,0.4047
1787925089.146402,0.975986,-2.218467,1.703245,0.7909,0.4047
1787925089.150323,0.975154,-2.215941,1.704466,0.7536,0.4047
1787925089.156398,0.974670,-2.214035,1.705616,0.6240,0.4047
1787925089.163967,0.972527,-2.211515,1.704145,0.5471,0.4047
1787925089.169410,0.971927,-2.209410,1.704837,0.5024,0.4047
1787925089.177263,0.971265,-2.207022,1.706009,0.4455,0.4047
1787925089.183192,0.970853,-2.204717,1.707795,0.4302,0.4047
1787925089.190027,0.970107,-2.202672,1.708821,0.3945,0.4047
1787925089.197015,0.969669,-2.200200,1.710162,0.3839,0.3911
1787925089.203895,0.969195,-2.198244,1.711203,0.3561,0.3911
1787925089.214167,0.968302,-2.195783,1.712160,0.3241,0.3911
1787925089.218448,0.968222,-2.193676,1.714382,0.3738,0.3911
1787925089.223523,0.967391,-2.191490,1.715085,0.3966,0.3911
1787925089.231843,0.966909,-2.189181,1.716532,0.3625,0.3911
1787925089.236820,0.966703,-2.187150,1.718141,0.3767,0.3911
1787925089.241771,0.966041,-2.184691,1.719760,0.4170,0.3911
1787925089.250425,0.965849,-2.182807,1.721575,0.3574,0.3911
1787925089.256149,0.965059,-2.180321,1.722823,0.3853,0.3911
1787925089.264849,0.964838,-2.178345,1.724369,0.3382,0.3911
1787925089.270710,0.964615,-2.176058,1.726919,0.3541,0.3911
1787925089.278116,0.964065,-2.174135,1.728216,0.3283,0.3911
1787925089.283534,0.963883,-2.171967,1.730030,0.3500,0.3911
1787925089.293979,0.962993,-2.169883,1.730791,0.3081,0.3911
1787925089.298359,0.962961,-2.167625,1.732953,0.3687,0.3773
1787925089.306997,0.962053,-2.165510,1.733909,0.3357,0.3773
1787925089.310601,0.961955,-2.163375,1.735789,0.4116,0.3773
1787925089.318272,0.961257,-2.161360,1.737444,0.3704,0.3773
1787925089.323650,0.961104,-2.159068,1.739491,0.3867,0.3773
1787925089.330417,0.960281,-2.157089,1.740622,0.3633,0.3773
1787925089.335773,0.959937,-2.154779,1.742429,0.3851,0.3773
1787925089.344291,0.959267,-2.152889,1.743247,0.3392,0.3773
1787925089.353579,0.959011,-2.150505,1.745432,0.3147,0.3773
1787925089.356589,0.958328,-2.148466,1.746564,0.4322,0.3773
1787925089.362934,0.958134,-2.146354,1.748163,0.4025,0.3773
1787925089.369032,0.957257,-2.144337,1.749330,0.3871,0.3773
1787925089.377196,0.956776,-2.142258,1.750597,0.3493,0.3773
1787925089.382685,0.956397,-2.140123,1.752560,0.3630,0.3773
1787925089.390007,0.955890,-2.138059,1.753952,0.3410,0.3773
1787925089.396044,0.955552,-2.136068,1.755631,0.3391,0.3773
1787925089.406813,0.954797,-2.133954,1.756896,0.2991,0.3691
1787925089.409998,0.954714,-2.131818,1.758977,0.4085,0.3691
1787925089.416665,0.953631,-2.129807,1.759389,0.3840,0.3691
1787925089.418961,0.953599,-2.127411,1.761912,0.5769,0.3691
1787925089.429325,0.952942,-2.125542,1.763263,0.4605,0.3691
1787925089.436083,0.952645,-2.123167,1.765599,0.4284,0.3691
1787925089.448344,0.951840,-2.121243,1.766301,0.3499,0.3691
1787925089.449882,0.951379,-2.118937,1.767839,0.7036,0.3691
1787925089.456878,0.950690,-2.116936,1.769242,0.5825,0.3691
1787925089.462669,0.950246,-2.114989,1.770855,0.5111,0.3691
1787925089.469560,0.949366,-2.112867,1.771570,0.4560,0.3691
1787925089.477202,0.948997,-2.110897,1.772919,0.3979,0.3691
1787925089.483217,0.948132,-2.109014,1.773668,0.3792,0.3691
1787925089.490846,0.947718,-2.106968,1.775271,0.3475,0.3691
1787925089.498780,0.947154,-2.105009,1.776344,0.3201,0.3547
1787925089.504974,0.947127,-2.103039,1.778859,0.3177,0.3547
1787925089.511109,0.946371,-2.100942,1.779647,0.3304,0.3547
1787925089.517019,0.945787,-2.099028,1.781145,0.3325,0.3547
1787925089.527003,0.945140,-2.097014,1.782307,0.2960,0.3547
1787925089.531755,0.944581,-2.095191,1.783853,0.3272,0.3547
1787925089.537004,0.943785,-2.093087,1.784759,0.3562,0.3547
1787925089.542478,0.943368,-2.091126,1.786424,0.3592,0.3547
1787925089.550141,0.942730,-2.089103,1.787912,0.3342,0.3547
1787925089.560288,0.941943,-2.086979,1.788716,0.3003,0.3547
1787925089.563886,0.941412,-2.085067,1.790050,0.3754,0.3547
1787925089.570162,0.940343,-2.082987,1.790604,0.3709,0.3547
1787925089.577017,0.940030,-2.081139,1.792149,0.3416,0.3547
1787925089.586536,0.939100,-2.079084,1.793002,0.3087,0.3547
1787925089.592794,0.938783,-2.077208,1.794584,0.3072,0.3547
1787925089.598784,0.938106,-2.075272,1.795734,0.3171,0.3435
1787925089.604627,0.937351,-2.073316,1.797205,0.3285,0.3435
1787925089.609985,0.937247,-2.071306,1.799480,0.3409,0.3435
1787925089.617863,0.936150,-2.069180,1.800001,0.3270,0.3435
1787925089.624062,0.935824,-2.067126,1.802776,0.3292,0.3435
1787925089.631292,0.934971,-2.065264,1.803246,0.3138,0.3435
1787925089.636331,0.934504,-2.062927,1.805390,0.3615,0.3435
1787925089.653055,0.933361,-2.061111,1.805999,0.2895,0.3435
1787925089.654913,0.933306,-2.058898,1.808790,0.5519,0.3435
1787925089.656883,0.932337,-2.056761,1.809952,0.7375,0.3435
1787925089.663993,0.931625,-2.054753,1.810956,0.6057,0.3435
1787925089.672357,0.931205,-2.052629,1.813150,0.5016,0.3435
1787925089.676455,0.930457,-2.050816,1.814816,0.4931,0.3435
1787925089.684191,0.929980,-2.048739,1.816351,0.4278,0.3435
1787925089.690370,0.928960,-2.046620,1.817833,0.4113,0.3435
1787925089.700011,0.928962,-2.044742,1.820547,0.3445,0.2899
1787925089.704440,0.927942,-2.042560,1.821586,0.4015,0.2899
1787925089.710810,0.927611,-2.040679,1.823559,0.3707,0.2899
1787925089.717324,0.926733,-2.038647,1.824748,0.3603,0.2899
1787925089.725653,0.926106,-2.036744,1.826183,0.3242,0.2899
1787925089.730722,0.925302,-2.034736,1.827114,0.3539,0.2899
1787925089.736382,0.925213,-2.032716,1.829630,0.3525,0.2899
1787925089.743097,0.924387,-2.030582,1.831232,0.3484,0.2899
1787925089.750271,0.923651,-2.028521,1.832510,0.3351,0.2899
1787925089.756105,0.922759,-2.026367,1.833383,0.3534,0.2899
1787925089.763080,0.922278,-2.024288,1.835423,0.3391,0.2899
1787925089.768681,0.921476,-2.022317,1.836460,0.3505,0.2899
1787925089.776975,0.921109,-2.020192,1.838095,0.3230,0.2899
1787925089.783240,0.920374,-2.018046,1.839234,0.3345,0.2899
1787925089.789518,0.919583,-2.016128,1.839961,0.3326,0.2899
1787925089.796732,0.919082,-2.014051,1.841673,0.3216,0.2670
1787925089.805777,0.918516,-2.012022,1.842834,0.2950,0.2670
1787925089.813945,0.918129,-2.009994,1.844654,0.2821,0.2670
1787925089.818851,0.917061,-2.007921,1.844939,0.3371,0.2670
1787925089.824860,0.916917,-2.005769,1.847179,0.3413,0.2670
1787925089.830928,0.915820,-2.003587,1.847634,0.3575,0.2670
1787925089.835820,0.915359,-2.001676,1.848954,0.3707,0.2670
1787925089.843424,0.914643,-1.999503,1.850428,0.3497,0.2670
1787925089.849796,0.913727,-1.997462,1.850885,0.3491,0.2670
1787925089.857411,0.913267,-1.995459,1.852509,0.3251,0.2670
1787925089.866513,0.912007,-1.993251,1.852712,0.3091,0.2670
1787925089.870395,0.911476,-1.991362,1.853981,0.3680,0.2670
1787925089.877606,0.910493,-1.989256,1.853921,0.3531,0.2670
1787925089.885210,0.910061,-1.987164,1.855827,0.3312,0.2670
1787925089.890233,0.909038,-1.985125,1.855805,0.3659,0.2670
1787925089.897296,0.908666,-1.983236,1.857413,0.3375,0.2535
1787925089.902654,0.907523,-1.981125,1.857938,0.3678,0.2535
1787925089.915122,0.907138,-1.979243,1.859053,0.3035,0.2535
1787925089.921090,0.906221,-1.977168,1.860249,0.3256,0.2535
1787925089.927278,0.905472,-1.975148,1.861087,0.3321,0.2535
1787925089.931807,0.904830,-1.973072,1.862003,0.3764,0.2535
1787925089.936931,0.903877,-1.970981,1.862923,0.3968,0.2535
1787925089.943125,0.903207,-1.968946,1.863991,0.3815,0.2535
1787925089.949508,0.902192,-1.966718,1.864926,0.3811,0.2535
1787925089.959562,0.901421,-1.964712,1.865801,0.3307,0.2535
1787925089.964138,0.900792,-1.962500,1.866876,0.3822,0.2535
1787925089.969487,0.899761,-1.960609,1.867707,0.3859,0.2535
1787925089.976176,0.899246,-1.958235,1.868851,0.3787,0.2535
1787925089.985435,0.898321,-1.956490,1.869471,0.3279,0.2535
1787925089.992305,0.897813,-1.954212,1.870586,0.3312,0.2535
1787925089.996826,0.896891,-1.952452,1.870828,0.3614,0.1770
1787925090.003787,0.896651,-1.950180,1.872683,0.3496,0.1770
1787925090.009271,0.895439,-1.948482,1.872092,0.3531,0.1770
1787925090.016783,0.894860,-1.946138,1.873408,0.3434,0.1770
1787925090.023481,0.893913,-1.944364,1.874020,0.3289,0.1770
1787925090.031250,0.893986,-1.942020,1.876217,0.3157,0.1770
1787925090.036940,0.892723,-1.940166,1.875993,0.3342,0.1770
1787925090.045422,0.892538,-1.937884,1.877992,0.3129,0.1770
1787925090.049963,0.891163,-1.936072,1.877301,0.3605,0.1770
1787925090.055708,0.890752,-1.933858,1.878988,0.3691,0.1770
1787925090.063582,0.889696,-1.931750,1.878696,0.3471,0.1770
1787925090.072497,0.889284,-1.929533,1.880213,0.3182,0.1770
1787925090.077171,0.888192,-1.927648,1.879723,0.3594,0.1770
1787925090.085490,0.887834,-1.925505,1.880894,0.3291,0.1770
1787925090.090583,0.886681,-1.923379,1.880837,0.3703,0.1770
1787925090.096217,0.886515,-1.921427,1.882229,0.3609,0.1662
1787925090.103728,0.885825,-1.919191,1.883009,0.3461,0.1662
1787925090.112107,0.884667,-1.917295,1.882889,0.3196,0.1662
1787925090.116576,0.884346,-1.915145,1.883608,0.3676,0.1662
1787925090.124672,0.883058,-1.913202,1.883466,0.3405,0.1662
1787925090.129319,0.882835,-1.911035,1.884837,0.3759,0.1662
1787925090.137774,0.881704,-1.909049,1.884835,0.3426,0.1662
1787925090.144278,0.881271,-1.906808,1.886152,0.3442,0.1662
1787925090.149567,0.880244,-1.905052,1.885877,0.3537,0.1662
1787925090.157733,0.879847,-1.902446,1.887812,0.3431,0.1662
1787925090.163184,0.878586,-1.900784,1.886838,0.3487,0.1662
1787925090.172516,0.878482,-1.898351,1.889161,0.3194,0.1662
1787925090.176760,0.877196,-1.896467,1.888632,0.3785,0.1662
1787925090.183120,0.876856,-1.894163,1.890271,0.3732,0.1662
1787925090.189131,0.875828,-1.892210,1.890290,0.3699,0.1662
1787925090.197236,0.875418,-1.889969,1.891406,0.3424,0.1598
1787925090.204860,0.874468,-1.888004,1.891548,0.3249,0.1598
1787925090.211559,0.873885,-1.885896,1.892578,0.3252,0.1598
1787925090.217841,0.872741,-1.883853,1.891873,0.3375,0.1598
1787925090.223618,0.871925,-1.881694,1.892693,0.3560,0.1598
1787925090.231347,0.871322,-1.879611,1.893328,0.3333,0.1598
1787925090.237866,0.870557,-1.877568,1.893824,0.3336,0.1598
1787925090.244163,0.869830,-1.875539,1.894251,0.3362,0.1598
1787925090.250700,0.868890,-1.873490,1.894602,0.3382,0.1598
1787925090.257333,0.868168,-1.871375,1.894871,0.3378,0.1598
1787925090.265493,0.867351,-1.869155,1.895770,0.3234,0.1598
1787925090.269703,0.866391,-1.867104,1.895343,0.3867,0.1598
1787925090.276512,0.865471,-1.865098,1.896074,0.3674,0.1598
1787925090.279937,0.864955,-1.862902,1.896545,0.4539,0.1598
1787925090.289248,0.863621,-1.861141,1.896190,0.3852,0.1598
1787925090.297548,0.863147,-1.858872,1.897172,0.3529,0.0725
1787925090.304751,0.862519,-1.857072,1.897491,0.3264,0.0725
1787925090.310345,0.861452,-1.854807,1.898017,0.3619,0.0725
1787925090.317249,0.860635,-1.852930,1.897940,0.3420,0.0725
1787925090.323653,0.859700,-1.850811,1.898053,0.3475,0.0725
1787925090.330167,0.858863,-1.848782,1.898319,0.3441,0.0725
1787925090.337255,0.858163,-1.846814,1.898251,0.3293,0.0725
1787925090.345738,0.857273,-1.844573,1.899219,0.3157,0.0725
1787925090.352294,0.856285,-1.842581,1.898207,0.3218,0.0725
1787925090.357370,0.855688,-1.840385,1.899343,0.3595,0.0725
1787925090.363057,0.854630,-1.838270,1.899104,0.3753,0.0725
1787925090.369025,0.854083,-1.836312,1.900073,0.3647,0.0725
1787925090.377502,0.852874,-1.834167,1.899994,0.3409,0.0725
1787925090.382024,0.852466,-1.832203,1.900891,0.3708,0.0725
1787925090.389199,0.851629,-1.829915,1.901433,0.3614,0.0725
1787925090.396549,0.851325,-1.827766,1.903150,0.3399,0.0627
1787925090.403461,0.850382,-1.825475,1.903102,0.3453,0.0627
1787925090.410054,0.849565,-1.823510,1.903732,0.3383,0.0627
1787925090.416062,0.848792,-1.821355,1.903840,0.3511,0.0627
1787925090.424697,0.848037,-1.819098,1.904343,0.3285,0.0627
1787925090.431852,0.847108,-1.817055,1.903858,0.3236,0.0627
1787925090.437335,0.846371,-1.815077,1.904336,0.3420,0.0627
1787925090.442595,0.845679,-1.812877,1.904690,0.3709,0.0627
1787925090.449759,0.845011,-1.810867,1.904915,0.3483,0.0627
1787925090.457042,0.844112,-1.808757,1.904538,0.3381,0.0627
1787925090.464538,0.843272,-1.806743,1.904324,0.3238,0.0627
1787925090.473046,0.842323,-1.804798,1.904035,0.3024,0.0627
1787925090.476786,0.841622,-1.802716,1.904012,0.3879,0.0627
1787925090.484336,0.840586,-1.800754,1.903473,0.3587,0.0627
1787925090.486244,0.840271,-1.798682,1.904355,0.5750,0.0627
1787925090.496294,0.839124,-1.796607,1.903428,0.4722,0.0606
1787925090.503081,0.838700,-1.794512,1.904193,0.4242,0.0606
1787925090.509625,0.837534,-1.792425,1.903376,0.4048,0.0606
1787925090.519810,0.837340,-1.790306,1.904377,0.3442,0.0606
1787925090.525356,0.836042,-1.788354,1.903118,0.3637,0.0606
1787925090.535822,0.835701,-1.786213,1.903643,0.3158,0.0606
1787925090.538792,0.834103,-1.784285,1.902084,0.4577,0.0606
1787925090.545635,0.834035,-1.782174,1.903171,0.4088,0.0606
1787925090.551530,0.832632,-1.780188,1.902328,0.4050,0.0606
1787925090.556594,0.832211,-1.778207,1.901931,0.4026,0.0606
1787925090.563603,0.830935,-1.776217,1.901212,0.3801,0.0606
1787925090.569602,0.830330,-1.774118,1.900790,0.3752,0.0606
1787925090.576606,0.829567,-1.772130,1.901078,0.3538,0.0606
1787925090.583119,0.828585,-1.770033,1.900345,0.3537,0.0606
1787925090.591299,0.827837,-1.768003,1.900017,0.3269,0.0606
1787925090.596309,0.827025,-1.765766,1.899813,0.3712,-0.0303
1787925090.603590,0.826388,-1.763795,1.899570,0.3452,-0.0303
1787925090.611197,0.825309,-1.761786,1.899145,0.3304,-0.0303
1787925090.617957,0.824770,-1.759615,1.899441,0.3302,-0.0303
1787925090.623513,0.824074,-1.757602,1.899587,0.3461,-0.0303
1787925090.630701,0.822872,-1.755412,1.898797,0.3450,-0.0303
1787925090.637995,0.822148,-1.753434,1.898206,0.3281,-0.0303
1787925090.646005,0.821607,-1.751432,1.899099,0.3072,-0.0303
1787925090.651500,0.820578,-1.749196,1.898229,0.3487,-0.0303
1787925090.657084,0.819878,-1.747307,1.898681,0.3522,-0.0303
1787925090.662699,0.819160,-1.745046,1.898426,0.3733,-0.0303
1787925090.670555,0.818273,-1.743175,1.898269,0.3399,-0.0303
1787925090.677162,0.817631,-1.740872,1.898496,0.3463,-0.0303
1787925090.686429,0.816538,-1.739135,1.897558,0.3070,-0.0303
1787925090.690051,0.816056,-1.736705,1.898766,0.4183,-0.0303
1787925090.697427,0.815192,-1.734746,1.898268,0.3796,-0.0349
1787925090.704200,0.814672,-1.732427,1.899314,0.3704,-0.0349
1787925090.712844,0.813469,-1.730325,1.898846,0.3418,-0.0349
1787925090.718829,0.813188,-1.728121,1.900047,0.3483,-0.0349
1787925090.724975,0.812099,-1.726069,1.899520,0.3558,-0.0349
1787925090.730694,0.811450,-1.723745,1.899535,0.3754,-0.0349
1787925090.739555,0.810336,-1.721710,1.898775,0.3402,-0.0349
1787925090.745964,0.809904,-1.719321,1.899180,0.3505,-0.0349
1787925090.753833,0.808517,-1.717310,1.897949,0.3349,-0.0349
1787925090.758497,0.806847,-1.715615,1.895775,0.3721,-0.0349
1787925090.763774,0.805839,-1.713546,1.895160,0.3902,-0.0349
1787925090.771800,0.805141,-1.711221,1.895000,0.3638,-0.0349
1787925090.778077,0.803925,-1.709308,1.893530,0.3598,-0.0349
1787925090.779448,0.803221,-1.707051,1.893168,0.7693,-0.0349
1787925090.790138,0.802354,-1.704963,1.892357,0.6018,-0.0349
1787925090.795609,0.801326,-1.702855,1.891213,0.5487,-0.0349
1787925090.804744,0.800957,-1.700628,1.891564,0.4573,-0.0396
1787925090.810266,0.799922,-1.698563,1.890053,0.4443,-0.0396
1787925090.816339,0.799136,-1.696406,1.889559,0.4243,-0.0396
1787925090.823896,0.798600,-1.694067,1.889349,0.3919,-0.0396
1787925090.830727,0.797731,-1.692010,1.888028,0.3721,-0.0396
1787925090.837696,0.797083,-1.689679,1.887806,0.3645,-0.0396
1787925090.844043,0.794668,-1.688355,1.883404,0.3498,-0.0396
1787925090.851998,0.793757,-1.686319,1.882301,0.3284,-0.0396
1787925090.857991,0.792444,-1.684454,1.880014,0.3389,-0.0396
1787925090.863589,0.791698,-1.682502,1.878708,0.3490,-0.0396
1787925090.870845,0.790832,-1.680407,1.877462,0.3377,-0.0396
1787925090.876134,0.789471,-1.678812,1.874638,0.3458,-0.0396
1787925090.883712,0.789280,-1.676409,1.875074,0.3351,-0.0396
1787925090.890869,0.787861,-1.674634,1.872549,0.3233,-0.0396
1787925090.898309,0.787741,-1.672390,1.872479,0.3141,-0.1212
1787925090.903069,0.785957,-1.670429,1.869982,0.3712,-0.1212
1787925090.912614,0.785889,-1.668284,1.870086,0.3249,-0.1212
1787925090.917531,0.786236,-1.665480,1.871383,0.3845,-0.1212
1787925090.924543,0.785839,-1.663476,1.871109,0.3561,-0.1212
1787925090.931462,0.786163,-1.660681,1.872820,0.3608,-0.1212
1787925090.936875,0.785721,-1.658594,1.872546,0.3703,-0.1212
1787925090.944653,0.785271,-1.656119,1.872228,0.3555,-0.1212
1787925090.951539,0.784867,-1.653907,1.872089,0.3461,-0.1212
1787925090.958110,0.784423,-1.651586,1.871865,0.3495,-0.1212
1787925090.965272,0.783972,-1.649414,1.871899,0.3371,-0.1212
1787925090.969602,0.783448,-1.647111,1.871183,0.3992,-0.1212
1787925090.978302,0.782790,-1.645084,1.870886,0.3529,-0.1212
1787925090.983148,0.782584,-1.642727,1.870909,0.3901,-0.1212
1787925090.993488,0.781366,-1.640644,1.869592,0.3413,-0.1212
1787925090.996886,0.781154,-1.638476,1.869788,0.4272,-0.1087
1787925091.003798,0.780461,-1.636200,1.869645,0.4023,-0.1087
1787925091.013239,0.779842,-1.633900,1.869059,0.3573,-0.1087
1787925091.017644,0.779126,-1.631728,1.868613,0.4058,-0.1087
1787925091.024566,0.778619,-1.629588,1.867750,0.3792,-0.1087
1787925091.033430,0.777664,-1.627376,1.866740,0.3465,-0.1087
1787925091.036752,0.776841,-1.625264,1.864845,0.4466,-0.1087
1787925091.047000,0.776104,-1.623027,1.863978,0.3815,-0.1087
1787925091.050608,0.775199,-1.621061,1.862618,0.4453,-0.1087
1787925091.058926,0.774796,-1.618647,1.862120,0.3992,-0.1087
1787925091.065352,0.773820,-1.616567,1.860399,0.3856,-0.1087
1787925091.069996,0.773056,-1.614327,1.858979,0.4227,-0.1087
1787925091.076566,0.772835,-1.611946,1.858793,0.4030,-0.1087
1787925091.086084,0.772017,-1.610000,1.857228,0.3482,-0.1087
1787925091.095141,0.771007,-1.607853,1.855131,0.3214,-0.1087
1787925091.098784,0.770483,-1.605703,1.854156,0.4070,-0.0963
1787925091.103594,0.769179,-1.603548,1.851721,0.4366,-0.0963
1787925091.110729,0.768840,-1.601313,1.851418,0.3998,-0.0963
1787925091.115961,0.768062,-1.599067,1.849994,0.4160,-0.0963
1787925091.124636,0.767456,-1.596833,1.849133,0.3712,-0.0963
1787925091.130723,0.766819,-1.594541,1.847937,0.3771,-0.0963
1787925091.137258,0.766304,-1.592368,1.847297,0.3664,-0.0963
1787925091.143525,0.765487,-1.590061,1.845396,0.3734,-0.0963
1787925091.151456,0.764712,-1.588027,1.844133,0.3434,-0.0963
1787925091.156532,0.764494,-1.585670,1.843336,0.3780,-0.0963
1787925091.164196,0.763573,-1.583648,1.842021,0.3505,-0.0963
1787925091.168307,0.763126,-1.581542,1.840845,0.4022,-0.0963
1787925091.177298,0.762397,-1.579387,1.839970,0.3573,-0.0963
1787925091.187145,0.761630,-1.577252,1.838084,0.3190,-0.0963
1787925091.196493,0.760971,-1.575121,1.836821,0.2948,-0.1572
1787925091.200317,0.760207,-1.572930,1.835309,0.3880,-0.1572
1787925091.204299,0.759909,-1.570811,1.834495,0.4316,-0.1572
1787925091.209395,0.759307,-1.568536,1.833224,0.4406,-0.1572
1787925091.217811,0.758899,-1.566614,1.832177,0.3784,-0.1572
1787925091.223087,0.758080,-1.564190,1.830731,0.4101,-0.1572
1787925091.231488,0.757562,-1.562193,1.829577,0.3607,-0.1572
1787925091.238716,0.756881,-1.559952,1.828272,0.3496,-0.1572
1787925091.243793,0.756436,-1.557824,1.827258,0.3730,-0.1572
1787925091.251405,0.755553,-1.555785,1.825665,0.3477,-0.1572
1787925091.257397,0.755586,-1.553376,1.825824,0.3597,-0.1572
1787925091.262864,0.754414,-1.551513,1.823212,0.3668,-0.1572
1787925091.269920,0.754078,-1.549142,1.822335,0.3580,-0.1572
1787925091.277751,0.753653,-1.546992,1.821660,0.3344,-0.1572
1787925091.284268,0.753080,-1.544823,1.820648,0.3374,-0.1572
1787925091.290125,0.752879,-1.542601,1.820294,0.3490,-0.1572
1787925091.299070,0.752302,-1.540462,1.819167,0.3186,-0.1365
1787925091.303179,0.751616,-1.538108,1.818286,0.4019,-0.1365
1787925091.312009,0.751425,-1.535952,1.817996,0.3540,-0.1365
1787925091.317695,0.750698,-1.533711,1.817206,0.3718,-0.1365
1787925091.323159,0.750453,-1.531579,1.816815,0.3771,-0.1365
1787925091.330060,0.749905,-1.529383,1.815831,0.3624,-0.1365
1787925091.337653,0.749549,-1.527078,1.814937,0.3454,-0.1365
1787925091.344036,0.748860,-1.525145,1.813382,0.3378,-0.1365
1787925091.350296,0.747949,-1.522625,1.811668,0.3641,-0.1365
1787925091.356725,0.748299,-1.520475,1.812562,0.3484,-0.1365
1787925091.362381,0.747197,-1.518295,1.809978,0.3701,-0.1365
1787925091.369385,0.747026,-1.516283,1.809851,0.3445,-0.1365
1787925091.377105,0.746370,-1.513943,1.807831,0.3355,-0.1365
1787925091.384602,0.745531,-1.511847,1.806168,0.3243,-0.1365
1787925091.392786,0.745030,-1.509742,1.804313,0.3063,-0.1365
1787925091.397145,0.744540,-1.507578,1.802893,0.3671,-0.1168
1787925091.404560,0.743841,-1.505578,1.801168,0.3422,-0.1168
1787925091.410517,0.743322,-1.503285,1.799680,0.3580,-0.1168
1787925091.417202,0.742814,-1.501192,1.798259,0.3472,-0.1168
1787925091.425717,0.742365,-1.498982,1.797114,0.3225,-0.1168
1787925091.432579,0.741907,-1.496878,1.795484,0.3198,-0.1168
1787925091.436918,0.741480,-1.494748,1.794863,0.3741,-0.1168
1787925091.443719,0.740827,-1.492604,1.792974,0.3604,-0.1168
1787925091.449909,0.740383,-1.490466,1.791615,0.3581,-0.1168
1787925091.458276,0.739722,-1.488354,1.789768,0.3298,-0.1168
1787925091.462226,0.739568,-1.486245,1.789280,0.3897,-0.1168
1787925091.469803,0.739016,-1.484099,1.788197,0.3605,-0.1168
1787925091.476915,0.738674,-1.482058,1.787049,0.3395,-0.1168
1787925091.483995,0.738219,-1.480202,1.786150,0.3186,-0.1168
1787925091.489753,0.737821,-1.478017,1.784525,0.3387,-0.1168
1787925091.497282,0.737140,-1.476081,1.782936,0.3182,-0.1862
1787925091.505079,0.736782,-1.474165,1.781910,0.2977,-0.1862
1787925091.513018,0.736533,-1.472085,1.781029,0.2872,-0.1862
1787925091.517820,0.736045,-1.470020,1.779615,0.3336,-0.1862
1787925091.530704,0.735694,-1.467929,1.778979,0.2828,-0.1862
1787925091.534709,0.735237,-1.465802,1.777579,0.3609,-0.1862
1787925091.539487,0.734818,-1.463772,1.776532,0.3828,-0.1862
1787925091.546209,0.734451,-1.461596,1.775515,0.3664,-0.1862
1787925091.552753,0.733614,-1.459646,1.773564,0.3518,-0.1862
1787925091.558898,0.733782,-1.457525,1.773463,0.3460,-0.1862
1787925091.563588,0.732834,-1.455472,1.770998,0.3829,-0.1862
1787925091.572794,0.732326,-1.453326,1.769818,0.3399,-0.1862
1787925091.576540,0.732012,-1.451390,1.768870,0.3949,-0.1862
1787925091.584023,0.731479,-1.449029,1.768012,0.3734,-0.1862
1787925091.592112,0.731165,-1.446915,1.766914,0.3406,-0.1862
1787925091.597881,0.730935,-1.444725,1.766827,0.3524,-0.1698
1787925091.606140,0.730219,-1.442464,1.765611,0.3323,-0.1698
1787925091.610013,0.730056,-1.440496,1.764949,0.3846,-0.1698
1787925091.618982,0.729438,-1.438229,1.763596,0.3476,-0.1698
1787925091.623930,0.729086,-1.436039,1.762654,0.3777,-0.1698
1787925091.632246,0.728316,-1.433706,1.760691,0.3523,-0.1698
1787925091.638582,0.727933,-1.431512,1.759723,0.3520,-0.1698
1787925091.643835,0.727153,-1.429478,1.757624,0.3688,-0.1698
1787925091.651710,0.726513,-1.427075,1.756414,0.3527,-0.1698
1787925091.656936,0.726453,-1.425050,1.755356,0.3617,-0.1698
1787925091.663593,0.725573,-1.422932,1.753468,0.3543,-0.1698
1787925091.671431,0.725281,-1.420568,1.752345,0.3390,-0.1698
1787925091.677366,0.724645,-1.418725,1.750441,0.3347,-0.1698
1787925091.683502,0.724130,-1.416535,1.748874,0.3442,-0.1698
1787925091.690092,0.723669,-1.414332,1.747389,0.3433,-0.1698
1787925091.701002,0.723058,-1.412369,1.745247,0.2964,-0.1554
1787925091.703440,0.722956,-1.410112,1.744914,0.4832,-0.1554
1787925091.712828,0.722255,-1.407967,1.742314,0.4096,-0.1554
1787925091.718905,0.721764,-1.405921,1.741080,0.3904,-0.1554
1787925091.724569,0.721204,-1.403821,1.739289,0.3879,-0.1554
1787925091.730220,0.720897,-1.401652,1.738371,0.3878,-0.1554
1787925091.736737,0.720206,-1.399568,1.736272,0.3713,-0.1554
1787925091.744998,0.719879,-1.397518,1.734975,0.3353,-0.1554
1787925091.751055,0.719572,-1.395293,1.733139,0.3459,-0.1554
1787925091.756840,0.719158,-1.393139,1.731708,0.3558,-0.1554
1787925091.763895,0.718450,-1.390993,1.729516,0.3439,-0.1554
1787925091.769642,0.718602,-1.388752,1.729102,0.3551,-0.1554
1787925091.776996,0.717272,-1.386763,1.726773,0.3371,-0.1554
1787925091.783290,0.716822,-1.384770,1.725184,0.3331,-0.1554
1787925091.790272,0.716628,-1.382275,1.723703,0.3404,-0.1554
1787925091.797282,0.716043,-1.380439,1.721705,0.3197,-0.2371
1787925091.804831,0.715813,-1.378116,1.720658,0.3164,-0.2371
1787925091.812468,0.715645,-1.375951,1.719351,0.3066,-0.2371
1787925091.817216,0.715410,-1.373691,1.718161,0.3580,-0.2371
1787925091.823181,0.715181,-1.371449,1.716770,0.3639,-0.2371
1787925091.828791,0.714668,-1.369028,1.715036,0.3868,-0.2371
1787925091.838012,0.714366,-1.366885,1.713530,0.3412,-0.2371
1787925091.843293,0.713677,-1.364467,1.711889,0.3803,-0.2371
1787925091.852945,0.713504,-1.362498,1.710484,0.3275,-0.2371
1787925091.858242,0.713773,-1.360185,1.710592,0.3569,-0.2371
1787925091.865720,0.713382,-1.357966,1.709179,0.3401,-0.2371
1787925091.871312,0.712888,-1.355896,1.707738,0.3517,-0.2371
1787925091.877888,0.713439,-1.353766,1.707666,0.3390,-0.2371
1787925091.883407,0.712763,-1.351708,1.706397,0.3532,-0.2371
1787925091.889409,0.712365,-1.349510,1.704583,0.3588,-0.2371
1787925091.897791,0.712610,-1.347557,1.704462,0.3192,-0.2197
1787925091.906762,0.712228,-1.345394,1.703629,0.2968,-0.2197
1787925091.915234,0.712289,-1.343372,1.703011,0.2785,-0.2197
1787925091.918202,0.712093,-1.341278,1.702252,0.4073,-0.2197
1787925091.922698,0.711475,-1.339234,1.700290,0.4257,-0.2197
1787925091.931813,0.711741,-1.337059,1.700092,0.3679,-0.2197
1787925091.939616,0.711058,-1.334973,1.698055,0.3404,-0.2197
1787925091.947313,0.710797,-1.332834,1.696492,0.3223,-0.2197
1787925091.950274,0.710595,-1.330819,1.694802,0.4306,-0.2197
1787925091.955915,0.710062,-1.328709,1.692337,0.4163,-0.2197
1787925091.964651,0.709848,-1.326396,1.690666,0.3711,-0.2197
1787925091.970790,0.709745,-1.324350,1.689125,0.3597,-0.2197
1787925091.976557,0.709206,-1.322247,1.686793,0.3637,-0.2197
1787925091.982495,0.709075,-1.319981,1.685185,0.3691,-0.2197
1787925091.991169,0.708422,-1.317802,1.682557,0.3357,-0.2197
1787925091.998283,0.708156,-1.315574,1.680191,0.3297,-0.1983
1787925092.000232,0.707962,-1.313401,1.677895,0.5665,-0.1983
1787925092.010859,0.707872,-1.311358,1.676004,0.4541,-0.1983
1787925092.017272,0.705903,-1.308687,1.671342,0.4515,-0.1983
1787925092.023127,0.706160,-1.306385,1.670033,0.4321,-0.1983
1787925092.030637,0.705919,-1.304313,1.668248,0.3858,-0.1983
1787925092.035961,0.705298,-1.301922,1.666062,0.4075,-0.1983
1787925092.046757,0.705479,-1.299810,1.665062,0.3432,-0.1983
1787925092.050665,0.705459,-1.297578,1.663557,0.4110,-0.1983
1787925092.059365,0.705196,-1.295629,1.661735,0.3555,-0.1983
1787925092.063625,0.705106,-1.293232,1.660274,0.4175,-0.1983
1787925092.070683,0.704962,-1.291365,1.658528,0.3718,-0.1983
1787925092.076934,0.705072,-1.289251,1.658080,0.3609,-0.1983
1787925092.085610,0.704910,-1.287170,1.656136,0.3248,-0.1983
1787925092.089365,0.704513,-1.285060,1.654174,0.3980,-0.1983
1787925092.099158,0.704729,-1.283065,1.653120,0.3390,-0.2501
1787925092.104785,0.704166,-1.281182,1.650985,0.3397,-0.2501
1787925092.111373,0.704073,-1.278761,1.649384,0.3481,-0.2501
1787925092.119132,0.703666,-1.276897,1.647298,0.3167,-0.2501
1787925092.124785,0.703920,-1.274858,1.646221,0.3286,-0.2501
1787925092.129176,0.703894,-1.272908,1.644837,0.3630,-0.2501
1787925092.140729,0.703011,-1.270677,1.642105,0.3135,-0.2501
1787925092.145234,0.703278,-1.268732,1.640935,0.3474,-0.2501
1787925092.151026,0.703128,-1.266430,1.638842,0.3627,-0.2501
1787925092.158478,0.702830,-1.264298,1.637101,0.3403,-0.2501
1787925092.164853,0.702477,-1.261987,1.634860,0.3478,-0.2501
1787925092.173328,0.702687,-1.260043,1.633897,0.3117,-0.2501
1787925092.177932,0.702569,-1.258170,1.632177,0.3405,-0.2501
1787925092.184047,0.702026,-1.255477,1.630135,0.3718,-0.2501
1787925092.189565,0.702413,-1.253529,1.629371,0.3647,-0.2501
1787925092.196054,0.702153,-1.251372,1.627776,0.3556,-0.2240
1787925092.205796,0.702478,-1.249283,1.627306,0.3126,-0.2240
1787925092.214134,0.702000,-1.247075,1.624951,0.2990,-0.2240
1787925092.220348,0.702569,-1.244962,1.624763,0.3097,-0.2240
1787925092.225144,0.701802,-1.242736,1.621811,0.3583,-0.2240
1787925092.232141,0.701928,-1.240818,1.620543,0.3327,-0.2240
1787925092.237121,0.702084,-1.238504,1.619083,0.3717,-0.2240
1787925092.244497,0.701995,-1.236594,1.617510,0.3380,-0.2240
1787925092.250199,0.701934,-1.234578,1.615961,0.3427,-0.2240
1787925092.264704,0.702288,-1.232394,1.615233,0.2847,-0.2240
1787925092.270616,0.702326,-1.230546,1.613832,0.2929,-0.2240
1787925092.274284,0.702103,-1.228355,1.611565,0.3848,-0.2240
1787925092.276840,0.702075,-1.226642,1.609918,0.4704,-0.2240
1787925092.284024,0.702268,-1.224528,1.608608,0.4172,-0.2240
1787925092.289412,0.702199,-1.222577,1.606337,0.4007,-0.2240
1787925092.298758,0.702090,-1.220587,1.604154,0.3445,-0.1943
1787925092.307466,0.701857,-1.218668,1.602052,0.3074,-0.1943
1787925092.314873,0.701897,-1.216615,1.600046,0.2983,-0.1943
1787925092.318040,0.702050,-1.214419,1.598626,0.4163,-0.1943
1787925092.323978,0.701719,-1.212383,1.596391,0.3947,-0.1943
1787925092.330887,0.701525,-1.210571,1.594037,0.3551,-0.1943
1787925092.337275,0.701553,-1.208627,1.592475,0.3399,-0.1943
1787925092.344684,0.701712,-1.206425,1.590432,0.3269,-0.1943
1787925092.349330,0.701071,-1.204430,1.587735,0.3584,-0.1943
1787925092.357555,0.701466,-1.202492,1.586612,0.3213,-0.1943
1787925092.364577,0.701291,-1.200410,1.584505,0.3139,-0.1943
1787925092.369572,0.701058,-1.198302,1.582468,0.3465,-0.1943
1787925092.379190,0.701226,-1.196322,1.580966,0.3043,-0.1943
1787925092.382924,0.701196,-1.194487,1.579806,0.3605,-0.1943
1787925092.390360,0.701339,-1.192434,1.577950,0.3351,-0.1943
1787925092.397344,0.701362,-1.190210,1.576571,0.3301,-0.2266
1787925092.407090,0.701192,-1.188169,1.574010,0.2939,-0.2266
1787925092.411461,0.701354,-1.186324,1.572613,0.3324,-0.2266
1787925092.419126,0.701203,-1.184260,1.570728,0.3134,-0.2266
1787925092.426337,0.701115,-1.182211,1.568845,0.3047,-0.2266
1787925092.430491,0.701090,-1.180063,1.567186,0.3683,-0.2266
1787925092.438885,0.701312,-1.178241,1.566020,0.3230,-0.2266
1787925092.445369,0.701339,-1.176075,1.564414,0.3263,-0.2266
1787925092.452721,0.700915,-1.174396,1.561999,0.2968,-0.2266
1787925092.457916,0.701241,-1.171980,1.560986,0.3474,-0.2266
1787925092.465926,0.701262,-1.170112,1.559257,0.3132,-0.2266
1787925092.470859,0.701574,-1.168093,1.558463,0.3422,-0.2266
1787925092.480888,0.701401,-1.166154,1.556642,0.2975,-0.2266
1787925092.483957,0.701410,-1.163911,1.554609,0.4275,-0.2266
1787925092.492383,0.701461,-1.161825,1.553439,0.3735,-0.2266
1787925092.500071,0.701615,-1.159793,1.552004,0.3409,-0.2007
1787925092.505966,0.701528,-1.157938,1.551208,0.3329,-0.2007
1787925092.514488,0.701971,-1.155798,1.550232,0.3087,-0.2007
1787925092.519173,0.702077,-1.153741,1.549091,0.3479,-0.2007
1787925092.523916,0.701894,-1.151736,1.546910,0.3700,-0.2007
1787925092.532380,0.701926,-1.149607,1.545635,0.3345,-0.2007
1787925092.539552,0.701803,-1.147642,1.543850,0.3162,-0.2007
1787925092.544852,0.702202,-1.145508,1.542475,0.3427,-0.2007
1787925092.551364,0.701832,-1.143430,1.540362,0.3350,-0.2007
1787925092.556454,0.702378,-1.141321,1.539523,0.3598,-0.2007
1787925092.564592,0.701945,-1.139308,1.537046,0.3255,-0.2007
1787925092.572185,0.702225,-1.137102,1.535968,0.3153,-0.2007
1787925092.577192,0.702410,-1.134965,1.534236,0.3491,-0.2007
1787925092.583135,0.702153,-1.133020,1.532307,0.3420,-0.2007
1787925092.591222,0.702399,-1.131102,1.530761,0.3109,-0.2007
1787925092.601974,0.701989,-1.129065,1.527897,0.2739,-0.1767
1787925092.604119,0.702080,-1.126788,1.526036,0.5106,-0.1767
1787925092.611556,0.702145,-1.124743,1.524210,0.4399,-0.1767
1787925092.616708,0.702131,-1.122975,1.522395,0.4107,-0.1767
1787925092.631124,0.702406,-1.120853,1.521253,0.3319,-0.1767
1787925092.632553,0.702181,-1.118828,1.518822,0.6546,-0.1767
1787925092.638931,0.702115,-1.116753,1.516637,0.5554,-0.1767
1787925092.643925,0.701779,-1.114630,1.514211,0.5150,-0.1767
1787925092.653697,0.702367,-1.112722,1.513851,0.4200,-0.1767
1787925092.658688,0.702412,-1.110532,1.512026,0.4256,-0.1767
1787925092.665686,0.702282,-1.108474,1.510380,0.3857,-0.1767
1787925092.671700,0.702034,-1.106557,1.508119,0.3646,-0.1767
1787925092.676659,0.702369,-1.104478,1.506620,0.3820,-0.1767
1787925092.684859,0.702001,-1.102281,1.504650,0.3468,-0.1767
1787925092.689841,0.702320,-1.100059,1.503510,0.3775,-0.1767
1787925092.697707,0.702743,-1.098151,1.502439,0.3379,-0.1978
1787925092.706069,0.702757,-1.096191,1.501058,0.3067,-0.1978
1787925092.709504,0.702681,-1.094236,1.498871,0.3846,-0.1978
1787925092.717621,0.702878,-1.092034,1.497892,0.3509,-0.1978
1787925092.725817,0.702991,-1.089818,1.496398,0.3268,-0.1978
1787925092.733442,0.703145,-1.087976,1.495493,0.3015,-0.1978
1787925092.737805,0.703353,-1.085940,1.493800,0.3517,-0.1978
1787925092.744656,0.703471,-1.083933,1.492737,0.3342,-0.1978
1787925092.750749,0.703769,-1.081852,1.491817,0.3372,-0.1978
1787925092.756974,0.703760,-1.079689,1.490196,0.3400,-0.1978
1787925092.762726,0.703975,-1.077782,1.489425,0.3380,-0.1978
1787925092.772503,0.704375,-1.075663,1.488599,0.3024,-0.1978
1787925092.777315,0.704524,-1.073590,1.487480,0.3413,-0.1978
1787925092.782792,0.704297,-1.071550,1.485211,0.3492,-0.1978
1787925092.789974,0.704587,-1.069483,1.484433,0.3315,-0.1978
1787925092.797874,0.704848,-1.067516,1.482947,0.3073,-0.1747
1787925092.805498,0.704953,-1.065665,1.481669,0.2880,-0.1747
1787925092.811465,0.705030,-1.063593,1.479972,0.3057,-0.1747
1787925092.816300,0.705208,-1.061561,1.478565,0.3405,-0.1747
1787925092.825438,0.705609,-1.059566,1.477550,0.3048,-0.1747
1787925092.829819,0.705349,-1.057515,1.475107,0.3515,-0.1747
1787925092.837747,0.705626,-1.055582,1.474321,0.3199,-0.1747
1787925092.845284,0.705772,-1.053564,1.472696,0.3044,-0.1747
1787925092.846200,0.705818,-1.051306,1.471390,0.9500,-0.1747
1787925092.856396,0.706121,-1.049375,1.469654,0.7225,-0.1747
1787925092.862237,0.706262,-1.047394,1.468239,0.6077,-0.1747
1787925092.870571,0.706429,-1.045252,1.467027,0.5027,-0.1747
1787925092.878490,0.706399,-1.042924,1.464263,0.4394,-0.1747
1787925092.883502,0.706925,-1.040892,1.464630,0.4319,-0.1747
1787925092.889688,0.706992,-1.038854,1.462333,0.4009,-0.1747
1787925092.896807,0.707742,-1.036922,1.462056,0.3650,-0.1488
1787925092.903826,0.707607,-1.034801,1.459829,0.3450,-0.1488
1787925092.910045,0.708049,-1.032654,1.459314,0.3468,-0.1488
1787925092.916782,0.708685,-1.030583,1.458557,0.3376,-0.1488
1787925092.923382,0.709092,-1.028495,1.457522,0.3327,-0.1488
1787925092.930480,0.709034,-1.026451,1.455923,0.3184,-0.1488
1787925092.938221,0.709362,-1.024311,1.454121,0.3068,-0.1488
1787925092.943681,0.709585,-1.022064,1.452671,0.3388,-0.1488
1787925092.949864,0.709940,-1.019981,1.451725,0.3395,-0.1488
1787925092.956631,0.710356,-1.017911,1.450561,0.3310,-0.1488
1787925092.964921,0.710904,-1.015901,1.449694,0.3063,-0.1488
1787925092.971154,0.711106,-1.013727,1.448452,0.3195,-0.1488
1787925092.977406,0.711110,-1.011699,1.446217,0.3202,-0.1488
1787925092.981886,0.712195,-1.009732,1.446843,0.3638,-0.1488
1787925092.992749,0.711902,-1.007583,1.444600,0.3125,-0.1488
1787925092.997761,0.712383,-1.005510,1.443384,0.3455,-0.1230
1787925093.007153,0.712392,-1.003643,1.441838,0.3010,-0.1230
1787925093.013120,0.712496,-1.001456,1.439655,0.3204,-0.1230
1787925093.018989,0.712775,-0.999338,1.438422,0.3335,-0.1230
1787925093.024901,0.713103,-0.997421,1.436824,0.3321,-0.1230
1787925093.041506,0.713372,-0.995341,1.436161,0.2703,-0.1230
1787925093.042909,0.713292,-0.993589,1.433848,0.5580,-0.1230
1787925093.045735,0.713802,-0.991502,1.433016,0.6175,-0.1230
1787925093.051851,0.713779,-0.989478,1.431582,0.5304,-0.1230
1787925093.057741,0.713979,-0.987256,1.429745,0.4847,-0.1230
1787925093.062690,0.714055,-0.985392,1.428142,0.4518,-0.1230
1787925093.070879,0.714338,-0.983315,1.426757,0.3931,-0.1230
1787925093.077368,0.714649,-0.981187,1.425203,0.3746,-0.1230
1787925093.083872,0.714446,-0.979048,1.423476,0.3584,-0.1230
1787925093.094608,0.714449,-0.976801,1.421177,0.3130,-0.1230
1787925093.098016,0.714981,-0.975075,1.420744,0.3763,-0.1330
1787925093.105680,0.715024,-0.972688,1.418934,0.3561,-0.1330
1787925093.110805,0.715537,-0.970671,1.418544,0.3705,-0.1330
1787925093.117247,0.715758,-0.968384,1.417319,0.3661,-0.1330
1787925093.127757,0.716041,-0.966504,1.416490,0.3106,-0.1330
1787925093.130785,0.716343,-0.964299,1.415876,0.4378,-0.1330
1787925093.137811,0.716968,-0.962297,1.415510,0.3950,-0.1330
1787925093.144067,0.716981,-0.959838,1.414417,0.3931,-0.1330
1787925093.152185,0.717561,-0.958055,1.414116,0.3436,-0.1330
1787925093.157884,0.717807,-0.955771,1.413077,0.3613,-0.1330
1787925093.164220,0.718359,-0.953753,1.413103,0.3514,-0.1330
1787925093.170635,0.718203,-0.951431,1.411576,0.3520,-0.1330
1787925093.176560,0.718943,-0.949483,1.411858,0.3497,-0.1330
1787925093.183006,0.719744,-0.947625,1.412408,0.3361,-0.1330
1787925093.190807,0.719819,-0.945531,1.411194,0.3152,-0.1330
1787925093.197469,0.719991,-0.943326,1.410429,0.3199,-0.1202
1787925093.204035,0.720296,-0.941366,1.409272,0.3146,-0.1202
1787925093.210778,0.720718,-0.939264,1.408556,0.3155,-0.1202
1787925093.215327,0.720910,-0.937235,1.407498,0.3549,-0.1202
1787925093.223213,0.721215,-0.935225,1.406603,0.3258,-0.1202
1787925093.230762,0.721281,-0.933235,1.405094,0.3065,-0.1202
1787925093.238910,0.721941,-0.931174,1.404822,0.2934,-0.1202
1787925093.246031,0.720835,-0.928925,1.402218,0.2910,-0.1202
1787925093.250468,0.721115,-0.926965,1.400795,0.3375,-0.1202
1787925093.257107,0.721444,-0.924794,1.400227,0.3354,-0.1202
1787925093.265733,0.721760,-0.922902,1.399013,0.3015,-0.1202
1787925093.273098,0.722200,-0.920627,1.398109,0.3055,-0.1202
1787925093.277590,0.721990,-0.918642,1.396092,0.3419,-0.1202
1787925093.285896,0.722670,-0.916542,1.396260,0.3183,-0.1202
1787925093.291101,0.723032,-0.914463,1.395275,0.3444,-0.1202
1787925093.299756,0.723378,-0.912205,1.394676,0.3203,-0.1093
1787925093.303521,0.723586,-0.910051,1.393323,0.3960,-0.1093
1787925093.312454,0.724074,-0.908054,1.392549,0.3461,-0.1093
1787925093.313456,0.724616,-0.905879,1.392215,0.9122,-0.1093
1787925093.324224,0.724969,-0.903718,1.390752,0.6995,-0.1093
1787925093.329171,0.725301,-0.901439,1.390325,0.6292,-0.1093
1787925093.333242,0.725675,-0.899385,1.389068,0.5943,-0.1093
1787925093.346635,0.726377,-0.897348,1.388594,0.4637,-0.1093
1787925093.349872,0.726581,-0.895177,1.387734,0.5259,-0.1093
1787925093.356955,0.727166,-0.893203,1.387145,0.4549,-0.1093
1787925093.365231,0.727197,-0.890926,1.385572,0.3997,-0.1093
1787925093.369752,0.727637,-0.888913,1.384761,0.4165,-0.1093
1787925093.377658,0.728250,-0.886955,1.384221,0.3689,-0.1093
1787925093.382928,0.728372,-0.884886,1.382818,0.3752,-0.1093
1787925093.389950,0.728729,-0.882760,1.382001,0.3547,-0.1093
1787925093.396555,0.729142,-0.880668,1.380914,0.3452,-0.1103
1787925093.403193,0.729671,-0.878773,1.380309,0.3302,-0.1103
1787925093.409837,0.729853,-0.876663,1.378797,0.3262,-0.1103
1787925093.416200,0.729794,-0.874445,1.377086,0.3304,-0.1103
1787925093.423397,0.730462,-0.872400,1.377014,0.3203,-0.1103
1787925093.429986,0.731023,-0.870521,1.376218,0.3131,-0.1103
1787925093.436165,0.731259,-0.868525,1.375044,0.3165,-0.1103
1787925093.443640,0.731286,-0.866277,1.373255,0.3102,-0.1103
1787925093.450372,0.731464,-0.864240,1.372291,0.3077,-0.1103
1787925093.456707,0.732294,-0.862200,1.372157,0.3178,-0.1103
1787925093.463765,0.732613,-0.860244,1.371147,0.3067,-0.1103
1787925093.470896,0.732931,-0.858284,1.369940,0.2982,-0.1103
1787925093.476107,0.732696,-0.855898,1.367846,0.3405,-0.1103
1787925093.489142,0.733567,-0.853811,1.367881,0.2894,-0.1103
1787925093.492863,0.734129,-0.851809,1.367642,0.3699,-0.1103
1787925093.496995,0.734565,-0.849621,1.366940,0.4209,-0.1103
1787925093.504858,0.734896,-0.847573,1.365951,0.3737,-0.0951
1787925093.511573,0.734977,-0.845380,1.364528,0.3582,-0.0951
1787925093.518997,0.737622,-0.843224,1.366130,0.3578,-0.0951
1787925093.523133,0.737437,-0.841057,1.364524,0.4015,-0.0951
1787925093.531389,0.738549,-0.838785,1.363750,0.3702,-0.0951
1787925093.536314,0.739080,-0.836633,1.363164,0.3940,-0.0951
1787925093.544149,0.739473,-0.834519,1.362116,0.3582,-0.0951
1787925093.553372,0.739935,-0.832303,1.361260,0.3243,-0.0951
1787925093.557804,0.740186,-0.830207,1.360489,0.3693,-0.0951
1787925093.564306,0.740939,-0.828263,1.360433,0.3535,-0.0951
1787925093.568876,0.741390,-0.826032,1.359193,0.3969,-0.0951
1787925093.578093,0.741588,-0.823898,1.357955,0.3470,-0.0951
1787925093.584295,0.742185,-0.821817,1.357375,0.3474,-0.0951
1787925093.591583,0.741967,-0.819711,1.355246,0.3260,-0.0951
1787925093.596216,0.742991,-0.817680,1.355148,0.3708,-0.0739
1787925093.603228,0.743088,-0.815634,1.354044,0.3459,-0.0739
1787925093.611911,0.743563,-0.813606,1.353068,0.3141,-0.0739
1787925093.618580,0.743991,-0.811388,1.352152,0.3215,-0.0739
1787925093.624017,0.744117,-0.809494,1.350967,0.3285,-0.0739
1787925093.630017,0.744467,-0.807289,1.349749,0.3414,-0.0739
1787925093.637358,0.744990,-0.805292,1.349123,0.3233,-0.0739
1787925093.644904,0.745827,-0.803284,1.349266,0.3115,-0.0739
1787925093.650170,0.745996,-0.801164,1.347921,0.3380,-0.0739
1787925093.656708,0.746205,-0.799197,1.346886,0.3267,-0.0739
1787925093.663283,0.747321,-0.798226,1.349155,0.2831,-0.0739
1787925093.669835,0.747458,-0.795893,1.347515,0.3038,-0.0739
1787925093.676629,0.747903,-0.793722,1.347131,0.3104,-0.0739
1787925093.683496,0.748522,-0.791758,1.346523,0.3070,-0.0739
1787925093.694312,0.748956,-0.789648,1.345658,0.2746,-0.0739
1787925093.695614,0.749041,-0.787274,1.344013,0.7294,-0.0739
1787925093.704295,0.749419,-0.785060,1.343296,0.5880,-0.0635
1787925093.710555,0.750008,-0.783064,1.343039,0.5112,-0.0635
1787925093.719453,0.750670,-0.781025,1.342566,0.4298,-0.0635
1787925093.724889,0.750824,-0.778857,1.341132,0.4194,-0.0635
1787925093.730808,0.749733,-0.775636,1.337975,0.4396,-0.0635
1787925093.737234,0.750228,-0.773142,1.337654,0.4264,-0.0635
1787925093.742723,0.750939,-0.771311,1.337916,0.4048,-0.0635
1787925093.750704,0.751039,-0.769140,1.336782,0.3636,-0.0635
1787925093.752533,0.751995,-0.766962,1.337323,0.6383,-0.0635
1787925093.763651,0.752327,-0.764777,1.336786,0.5062,-0.0635
1787925093.770607,0.752787,-0.762711,1.336353,0.4456,-0.0635
1787925093.777602,0.753278,-0.760756,1.336181,0.3984,-0.0635
1787925093.783657,0.753451,-0.758574,1.334957,0.3860,-0.0635
1787925093.789602,0.754175,-0.756469,1.334798,0.3820,-0.0635
1787925093.796630,0.754624,-0.754273,1.334104,0.3630,-0.0587
1787925093.803904,0.755066,-0.752194,1.333907,0.3418,-0.0587
1787925093.811775,0.755182,-0.750139,1.332928,0.3164,-0.0587
1787925093.815850,0.755787,-0.748061,1.332252,0.3807,-0.0587
1787925093.823241,0.756118,-0.745803,1.331702,0.3587,-0.0587
1787925093.831141,0.757182,-0.743843,1.332334,0.3330,-0.0587
1787925093.836627,0.757075,-0.741716,1.330526,0.3446,-0.0587
1787925093.843398,0.757481,-0.739825,1.330371,0.3269,-0.0587
1787925093.850392,0.757610,-0.737344,1.328895,0.3335,-0.0587
1787925093.859474,0.759065,-0.735431,1.330310,0.3062,-0.0587
1787925093.863245,0.758930,-0.733315,1.328622,0.3752,-0.0587
1787925093.871756,0.759549,-0.731373,1.328578,0.3344,-0.0587
1787925093.877913,0.759925,-0.728937,1.327823,0.3537,-0.0587
1787925093.883895,0.760724,-0.726835,1.327747,0.3595,-0.0587
1787925093.890139,0.761217,-0.724914,1.327410,0.3470,-0.0587
1787925093.898002,0.761671,-0.722649,1.327145,0.3309,-0.0526
1787925093.903763,0.762365,-0.720601,1.327139,0.3439,-0.0526
1787925093.910218,0.762745,-0.718249,1.325734,0.3510,-0.0526
1787925093.916584,0.763108,-0.715926,1.324962,0.3561,-0.0526
1787925093.924909,0.763642,-0.713957,1.324558,0.3228,-0.0526
1787925093.931261,0.763938,-0.711681,1.323426,0.3336,-0.0526
1787925093.936928,0.765040,-0.709639,1.324577,0.3526,-0.0526
1787925093.943162,0.765248,-0.707356,1.323129,0.3557,-0.0526
1787925093.952368,0.765981,-0.705279,1.323530,0.3205,-0.0526
1787925093.956512,0.766386,-0.703285,1.323255,0.3715,-0.0526
1787925093.964629,0.766995,-0.701001,1.322764,0.3474,-0.0526
1787925093.971427,0.767772,-0.698759,1.322513,0.3475,-0.0526
1787925093.976703,0.768252,-0.696614,1.322177,0.3682,-0.0526
1787925093.983210,0.768244,-0.694316,1.320794,0.3603,-0.0526
1787925093.989972,0.769439,-0.692541,1.321259,0.3416,-0.0526
1787925093.996984,0.769464,-0.690147,1.319930,0.3386,-0.0250
1787925094.003009,0.770374,-0.688218,1.320657,0.3413,-0.0250
1787925094.009464,0.770961,-0.686082,1.319451,0.3418,-0.0250
1787925094.017029,0.771126,-0.683896,1.318925,0.3249,-0.0250
1787925094.023987,0.771781,-0.681726,1.318294,0.3251,-0.0250
1787925094.031039,0.772194,-0.679692,1.317701,0.3157,-0.0250
1787925094.038504,0.772866,-0.677599,1.317460,0.3092,-0.0250
1787925094.043559,0.773083,-0.675428,1.316127,0.3444,-0.0250
1787925094.049536,0.773435,-0.673194,1.315016,0.3540,-0.0250
1787925094.058835,0.774333,-0.671241,1.315460,0.3161,-0.0250
1787925094.064082,0.774774,-0.669157,1.314448,0.3429,-0.0250
1787925094.071403,0.775075,-0.667007,1.313746,0.3284,-0.0250
1787925094.076643,0.775432,-0.664723,1.312945,0.3615,-0.0250
1787925094.082407,0.775937,-0.662674,1.312607,0.3629,-0.0250
1787925094.091402,0.776438,-0.660701,1.312448,0.3219,-0.0250
1787925094.097310,0.777156,-0.658396,1.312139,0.3478,-0.0158
1787925094.104160,0.777576,-0.656138,1.311608,0.3438,-0.0158
1787925094.110267,0.778134,-0.654249,1.311645,0.3374,-0.0158
1787925094.116857,0.778569,-0.652234,1.311154,0.3299,-0.0158
1787925094.132818,0.779006,-0.650076,1.310892,0.2722,-0.0158
1787925094.143916,0.779090,-0.647592,1.309579,0.2560,-0.0158
1787925094.145395,0.779892,-0.645544,1.309396,0.6224,-0.0158
1787925094.148255,0.780564,-0.643459,1.309971,0.6652,-0.0158
1787925094.152009,0.781190,-0.641406,1.309803,0.6371,-0.0158
1787925094.157892,0.781497,-0.639257,1.309294,0.5558,-0.0158
1787925094.167725,0.781779,-0.636818,1.308862,0.4632,-0.0158
1787925094.170869,0.782537,-0.634745,1.309128,0.5340,-0.0158
1787925094.177046,0.783270,-0.632780,1.309569,0.4752,-0.0158
1787925094.183586,0.783421,-0.630617,1.309200,0.4303,-0.0158
1787925094.189976,0.784224,-0.628264,1.309233,0.4177,-0.0158
1787925094.198583,0.784438,-0.626086,1.309066,0.3676,-0.0153
1787925094.203076,0.785249,-0.624183,1.309340,0.3941,-0.0153
1787925094.210078,0.785550,-0.621950,1.308740,0.3716,-0.0153
1787925094.221038,0.786083,-0.619555,1.309079,0.3272,-0.0153
1787925094.224618,0.786356,-0.617368,1.308493,0.4120,-0.0153
1787925094.231324,0.787550,-0.615594,1.309689,0.3788,-0.0153
1787925094.236969,0.787716,-0.613454,1.309072,0.3774,-0.0153
1787925094.245174,0.788254,-0.611295,1.309350,0.3455,-0.0153
1787925094.251175,0.788390,-0.609141,1.308964,0.3476,-0.0153
1787925094.259419,0.789637,-0.607170,1.309920,0.3243,-0.0153
1787925094.268775,0.790139,-0.605345,1.310213,0.2877,-0.0153
1787925094.271209,0.789925,-0.602638,1.308692,0.5168,-0.0153
1787925094.277667,0.790952,-0.600870,1.309612,0.4534,-0.0153
1787925094.283657,0.791547,-0.598860,1.309668,0.4223,-0.0153
1787925094.290416,0.792294,-0.596981,1.310317,0.3848,-0.0153
1787925094.296902,0.792366,-0.594484,1.308770,0.3818,0.0378
1787925094.302805,0.793158,-0.592364,1.309959,0.3817,0.0378
1787925094.311324,0.793989,-0.590408,1.310296,0.3413,0.0378
1787925094.316115,0.794526,-0.588513,1.310662,0.3622,0.0378
1787925094.323275,0.795045,-0.586216,1.310217,0.3521,0.0378
1787925094.332031,0.795384,-0.583891,1.309762,0.3265,0.0378
1787925094.337394,0.796191,-0.581814,1.310224,0.3524,0.0378
1787925094.345165,0.796933,-0.579819,1.310343,0.3285,0.0378
1787925094.350384,0.797397,-0.577943,1.310216,0.3410,0.0378
1787925094.355678,0.797841,-0.575322,1.309621,0.3887,0.0378
1787925094.363765,0.798158,-0.573181,1.309408,0.3519,0.0378
1787925094.371828,0.799203,-0.571181,1.309767,0.3282,0.0378
1787925094.378200,0.799746,-0.569268,1.309722,0.3233,0.0378
1787925094.384573,0.799713,-0.566858,1.308779,0.3355,0.0378
1787925094.391238,0.800589,-0.564873,1.309094,0.3314,0.0378
1787925094.396217,0.800994,-0.562728,1.308380,0.3631,0.0420
1787925094.403856,0.801413,-0.560848,1.308150,0.3298,0.0420
1787925094.411053,0.801759,-0.558587,1.307504,0.3256,0.0420
1787925094.417839,0.802225,-0.556731,1.306903,0.3125,0.0420
1787925094.426280,0.802903,-0.554249,1.306972,0.3102,0.0420
1787925094.433144,0.803180,-0.552464,1.306517,0.2956,0.0420
1787925094.437699,0.803772,-0.550441,1.306902,0.3457,0.0420
1787925094.444114,0.803886,-0.548190,1.305557,0.3450,0.0420
1787925094.451339,0.804736,-0.546029,1.306061,0.3373,0.0420
1787925094.458045,0.805387,-0.544344,1.306722,0.3165,0.0420
1787925094.464699,0.806049,-0.542316,1.307011,0.3176,0.0420
1787925094.469369,0.806322,-0.540209,1.306480,0.3575,0.0420
1787925094.476742,0.807061,-0.538038,1.306828,0.3434,0.0420
1787925094.483504,0.807456,-0.535852,1.306865,0.3386,0.0420
1787925094.485924,0.808133,-0.533887,1.307007,0.4941,0.0420
1787925094.496623,0.808706,-0.531930,1.307482,0.4030,0.0457
1787925094.502833,0.809475,-0.529655,1.307702,0.3979,0.0457
1787925094.510940,0.809737,-0.527475,1.308194,0.3590,0.0457
1787925094.517267,0.810267,-0.525476,1.307946,0.3493,0.0457
1787925094.524343,0.811004,-0.523463,1.308590,0.3350,0.0457
1787925094.531177,0.811273,-0.521088,1.307751,0.3383,0.0457
1787925094.537170,0.811957,-0.518871,1.308315,0.3528,0.0457
1787925094.548242,0.812561,-0.516811,1.308114,0.3051,0.0457
1787925094.550901,0.812959,-0.514644,1.307859,0.4613,0.0457
1787925094.556664,0.813624,-0.512384,1.308406,0.4456,0.0457
1787925094.563380,0.813962,-0.510075,1.308152,0.4154,0.0457
1787925094.569224,0.814822,-0.508291,1.309304,0.3907,0.0457
1787925094.578208,0.815370,-0.506088,1.308824,0.3492,0.0457
1787925094.584740,0.815799,-0.503817,1.309010,0.3503,0.0457
1787925094.590563,0.815885,-0.501441,1.308254,0.3646,0.0457
1787925094.596243,0.816980,-0.499792,1.309551,0.3543,0.0457
1787925094.603726,0.817239,-0.497424,1.309245,0.3424,0.0908
1787925094.610581,0.817792,-0.495295,1.309856,0.3359,0.0908
1787925094.616477,0.818296,-0.493166,1.309895,0.3464,0.0908
1787925094.623001,0.818813,-0.491267,1.309736,0.3330,0.0908
1787925094.630530,0.819437,-0.489149,1.310319,0.3210,0.0908
1787925094.638159,0.819520,-0.486801,1.309818,0.3148,0.0908
1787925094.643789,0.820150,-0.484752,1.310431,0.3345,0.0908
1787925094.653458,0.820634,-0.482751,1.310442,0.2980,0.0908
1787925094.658521,0.820940,-0.480414,1.310409,0.3471,0.0908
1787925094.664181,0.821497,-0.478104,1.310608,0.3689,0.0908
1787925094.670407,0.822173,-0.476280,1.311127,0.3515,0.0908
1787925094.678126,0.822778,-0.474261,1.311683,0.3279,0.0908
1787925094.685755,0.822680,-0.471850,1.311004,0.3202,0.0908
1787925094.690161,0.823245,-0.469532,1.310810,0.3866,0.0908
1787925094.696983,0.823952,-0.467606,1.311052,0.3604,0.0876
1787925094.703080,0.824117,-0.465426,1.310833,0.3581,0.0876
1787925094.710018,0.824417,-0.462861,1.311016,0.3612,0.0876
1787925094.720001,0.825322,-0.460889,1.311499,0.3171,0.0876
1787925094.725096,0.825947,-0.458877,1.312045,0.3458,0.0876
1787925094.730694,0.826144,-0.456679,1.311572,0.3587,0.0876
1787925094.738083,0.826624,-0.454094,1.311857,0.3575,0.0876
1787925094.743957,0.827272,-0.452079,1.312000,0.3582,0.0876
1787925094.750206,0.828246,-0.450170,1.313228,0.3513,0.0876
1787925094.756633,0.828136,-0.447657,1.312363,0.3580,0.0876
1787925094.763385,0.828910,-0.445538,1.313206,0.3504,0.0876
1787925094.771321,0.829491,-0.443294,1.313104,0.3329,0.0876
1787925094.776177,0.829920,-0.441309,1.313552,0.3584,0.0876
1787925094.785625,0.830167,-0.438915,1.313152,0.3263,0.0876
1787925094.787097,0.830623,-0.436910,1.313563,0.6474,0.0876
1787925094.796644,0.831384,-0.434638,1.313779,0.5283,0.0848
1787925094.802468,0.831900,-0.432734,1.314120,0.4715,0.0848
1787925094.809886,0.832131,-0.430602,1.313977,0.4158,0.0848
1787925094.817641,0.832798,-0.428283,1.314350,0.3844,0.0848
1787925094.822006,0.833387,-0.426105,1.314818,0.4242,0.0848
1787925094.830370,0.833578,-0.424021,1.314853,0.3710,0.0848
1787925094.836341,0.834119,-0.422106,1.314899,0.3596,0.0848
1787925094.843671,0.834695,-0.419620,1.315262,0.3562,0.0848
1787925094.851557,0.835255,-0.417587,1.315839,0.3295,0.0848
1787925094.857303,0.835982,-0.415767,1.316670,0.3322,0.0848
1787925094.869028,0.836008,-0.413473,1.316182,0.2895,0.0848
1787925094.875406,0.836664,-0.411259,1.316544,0.3112,0.0848
1787925094.877912,0.837244,-0.409072,1.317195,0.4887,0.0848
1787925094.884232,0.837923,-0.407095,1.317659,0.4410,0.0848
1787925094.892587,0.838523,-0.404917,1.318105,0.3898,0.0848
1787925094.896524,0.838910,-0.402469,1.318048,0.4609,0.1218
1787925094.901992,0.839069,-0.399972,1.318284,0.4574,0.1218
1787925094.914252,0.840184,-0.398083,1.319195,0.3718,0.1218
1787925094.918080,0.840111,-0.395625,1.318657,0.4454,0.1218
1787925094.924339,0.840690,-0.393320,1.319188,0.4257,0.1218
1787925094.930974,0.841536,-0.391370,1.319842,0.3929,0.1218
1787925094.940563,0.842284,-0.389272,1.320484,0.3444,0.1218
1787925094.944364,0.842407,-0.387045,1.319917,0.4138,0.1218
1787925094.950979,0.842900,-0.384575,1.320225,0.4037,0.1218
1787925094.957544,0.843765,-0.382433,1.320811,0.3872,0.1218
1787925094.964290,0.844296,-0.380356,1.321103,0.3664,0.1218
1787925094.970897,0.844879,-0.378012,1.321318,0.3662,0.1218
1787925094.976935,0.845451,-0.375817,1.321984,0.3690,0.1218
1787925094.985935,0.845985,-0.373466,1.321720,0.3386,0.1218
1787925094.989918,0.846644,-0.371665,1.322608,0.3807,0.1218
1787925094.999126,0.846956,-0.369237,1.322463,0.3457,0.1202
1787925095.005723,0.847362,-0.366972,1.322738,0.3463,0.1202
1787925095.009860,0.848167,-0.364783,1.323803,0.4107,0.1202
1787925095.017205,0.848909,-0.362693,1.324368,0.3776,0.1202
1787925095.023592,0.848842,-0.360248,1.323707,0.3750,0.1202
1787925095.032867,0.849358,-0.357701,1.323633,0.3464,0.1202
1787925095.040872,0.849999,-0.355672,1.324397,0.3221,0.1202
1787925095.044387,0.850739,-0.353597,1.325254,0.4126,0.1202
1787925095.051326,0.850459,-0.351212,1.323940,0.3858,0.1202
1787925095.057604,0.851497,-0.348985,1.325198,0.3854,0.1202
1787925095.064586,0.851938,-0.346947,1.325638,0.3593,0.1202
1787925095.070486,0.852831,-0.345061,1.326823,0.3555,0.1202
1787925095.080261,0.852901,-0.342431,1.326394,0.3277,0.1202
1787925095.083430,0.853542,-0.340346,1.326770,0.4356,0.1202
1787925095.090657,0.853968,-0.338162,1.326967,0.3971,0.1202
1787925095.097969,0.854547,-0.335889,1.327481,0.3743,0.1182
1787925095.103406,0.854117,-0.333033,1.326524,0.4091,0.1182
1787925095.111106,0.855103,-0.331056,1.327400,0.3704,0.1182
1787925095.117010,0.855835,-0.329323,1.328758,0.3537,0.1182
1787925095.124054,0.855415,-0.326610,1.327675,0.3554,0.1182
1787925095.132689,0.856399,-0.324567,1.328710,0.3259,0.1182
1787925095.138106,0.857197,-0.322742,1.330450,0.3368,0.1182
1787925095.143814,0.857172,-0.320197,1.329715,0.3654,0.1182
1787925095.151362,0.857263,-0.317888,1.329864,0.3457,0.1182
1787925095.159472,0.858229,-0.315893,1.331131,0.3222,0.1182
1787925095.165910,0.858627,-0.313642,1.331412,0.3318,0.1182
1787925095.169861,0.858798,-0.311616,1.331716,0.3848,0.1182
1787925095.176102,0.859001,-0.309226,1.331213,0.3833,0.1182
1787925095.182714,0.860187,-0.307373,1.333451,0.3627,0.1182
1787925095.190964,0.859956,-0.304994,1.332663,0.3360,0.1182
1787925095.197106,0.860218,-0.302550,1.333325,0.3542,0.1747
1787925095.202355,0.860849,-0.300613,1.334199,0.3640,0.1747
1787925095.208271,0.861455,-0.298417,1.335018,0.3703,0.1747
1787925095.215790,0.861562,-0.296108,1.334797,0.3498,0.1747
1787925095.223813,0.861842,-0.293738,1.335180,0.3334,0.1747
1787925095.231536,0.862627,-0.291743,1.335864,0.3159,0.1747
1787925095.237692,0.862948,-0.289675,1.336463,0.3228,0.1747
1787925095.245023,0.863216,-0.287244,1.336602,0.3253,0.1747
1787925095.249362,0.863443,-0.285217,1.336787,0.3676,0.1747
1787925095.257525,0.864586,-0.283138,1.338400,0.3414,0.1747
1787925095.263002,0.865118,-0.281066,1.339367,0.3561,0.1747
1787925095.270045,0.865464,-0.278523,1.339830,0.3581,0.1747
1787925095.278120,0.865844,-0.276584,1.339895,0.3240,0.1747
1787925095.286057,0.866789,-0.274627,1.341281,0.3070,0.1747
1787925095.293210,0.867027,-0.272137,1.340994,0.3189,0.1747
1787925095.297723,0.867319,-0.270052,1.341024,0.3626,0.1713
1787925095.302908,0.867967,-0.267911,1.341656,0.3830,0.1713
1787925095.309835,0.868562,-0.266003,1.342461,0.3544,0.1713
1787925095.318944,0.868774,-0.263153,1.341706,0.3411,0.1713
1787925095.324154,0.869429,-0.261153,1.342700,0.3595,0.1713
1787925095.325516,0.869783,-0.259024,1.342796,0.7262,0.1713
1787925095.336645,0.870596,-0.256947,1.343669,0.5678,0.1713
1787925095.352440,0.871039,-0.254607,1.343983,0.4427,0.1713
1787925095.354514,0.871188,-0.252298,1.342619,0.6400,0.1713
1787925095.359201,0.871593,-0.250418,1.343386,0.5711,0.1713
1787925095.365140,0.872548,-0.248180,1.343903,0.5207,0.1713
1787925095.369734,0.872617,-0.246093,1.343891,0.4984,0.1713
1787925095.377334,0.872880,-0.243581,1.343203,0.4478,0.1713
1787925095.382620,0.873661,-0.241738,1.344644,0.4253,0.1713
1787925095.389703,0.874091,-0.239608,1.344532,0.3897,0.1713
1787925095.395900,0.874618,-0.237349,1.345188,0.3851,0.1780
1787925095.403372,0.874613,-0.235250,1.344785,0.3517,0.1780
1787925095.411236,0.875506,-0.233206,1.345767,0.3298,0.1780
1787925095.417312,0.876040,-0.231053,1.346505,0.3403,0.1780
1787925095.421992,0.876205,-0.228801,1.346434,0.3813,0.1780
1787925095.429293,0.876185,-0.226605,1.346015,0.3547,0.1780
1787925095.437666,0.877132,-0.224625,1.347022,0.3250,0.1780
1787925095.443386,0.877422,-0.222415,1.347418,0.3439,0.1780
1787925095.449791,0.877659,-0.220089,1.347128,0.3494,0.1780
1787925095.456786,0.878172,-0.217994,1.348078,0.3371,0.1780
1787925095.462769,0.879177,-0.215984,1.349404,0.3454,0.1780
1787925095.472216,0.879153,-0.213438,1.349563,0.3205,0.1780
1787925095.477147,0.879364,-0.211146,1.348952,0.3632,0.1780
1787925095.483774,0.879759,-0.209229,1.349897,0.3428,0.1780
1787925095.491052,0.880525,-0.207065,1.350783,0.3339,0.1780
1787925095.498720,0.880829,-0.204466,1.350528,0.3355,0.2978
1787925095.503828,0.880950,-0.202396,1.350557,0.3551,0.2978
1787925095.509920,0.881670,-0.200448,1.351554,0.3499,0.2978
1787925095.516549,0.882159,-0.198202,1.351903,0.3490,0.2978
1787925095.527956,0.882825,-0.195787,1.352124,0.3101,0.2978
1787925095.531945,0.882727,-0.193500,1.351454,0.3834,0.2978
1787925095.538372,0.883300,-0.191501,1.352313,0.3652,0.2978
1787925095.544210,0.883802,-0.189367,1.352741,0.3683,0.2978
1787925095.552343,0.883731,-0.186884,1.352390,0.3466,0.2978
1787925095.557028,0.884029,-0.184799,1.351612,0.3772,0.2978
1787925095.564599,0.884238,-0.182355,1.352271,0.3603,0.2978
1787925095.572510,0.884435,-0.180172,1.351774,0.3347,0.2978
1787925095.578941,0.884523,-0.177675,1.351675,0.3489,0.2978
1787925095.584718,0.884800,-0.175820,1.351855,0.3413,0.2978
1787925095.591428,0.885066,-0.173592,1.352145,0.3388,0.2978
1787925095.601747,0.886034,-0.171700,1.353230,0.2969,0.3073
1787925095.605490,0.885834,-0.169279,1.352180,0.3938,0.3073
1787925095.609516,0.886248,-0.167383,1.352347,0.4202,0.3073
1787925095.616864,0.886405,-0.165271,1.351803,0.3797,0.3073
1787925095.622635,0.886846,-0.163173,1.352050,0.3773,0.3073
1787925095.632090,0.887269,-0.160792,1.352289,0.3407,0.3073
1787925095.638448,0.887011,-0.158684,1.351676,0.3330,0.3073
1787925095.645532,0.887766,-0.156745,1.352648,0.3202,0.3073
1787925095.652622,0.888291,-0.154502,1.353280,0.3216,0.3073
1787925095.657671,0.888436,-0.152004,1.353207,0.3719,0.3073
1787925095.662849,0.888816,-0.150042,1.354304,0.3761,0.3073
1787925095.671167,0.889348,-0.147614,1.354836,0.3529,0.3073
1787925095.679291,0.890227,-0.145611,1.356689,0.3262,0.3073
1787925095.685632,0.890037,-0.143206,1.356526,0.3376,0.3073
1787925095.692919,0.890608,-0.141178,1.357763,0.3229,0.3073
1787925095.697304,0.891370,-0.138808,1.359556,0.3955,0.3164
1787925095.703863,0.891557,-0.136407,1.360184,0.3860,0.3164
1787925095.710649,0.892010,-0.134301,1.361833,0.3655,0.3164
1787925095.717432,0.892758,-0.132209,1.363410,0.3532,0.3164
1787925095.722843,0.892686,-0.129732,1.363704,0.3808,0.3164
1787925095.730176,0.893094,-0.127616,1.365048,0.3547,0.3164
1787925095.736153,0.893466,-0.125433,1.366488,0.3594,0.3164
1787925095.743282,0.893942,-0.123161,1.367448,0.3492,0.3164
1787925095.750517,0.894422,-0.120974,1.368690,0.3373,0.3164
1787925095.758461,0.894666,-0.119035,1.369838,0.3097,0.3164
1787925095.764610,0.894952,-0.116761,1.370879,0.3283,0.3164
1787925095.772344,0.895498,-0.114429,1.372327,0.3226,0.3164
1787925095.776273,0.895859,-0.112586,1.373703,0.3693,0.3164
1787925095.784075,0.896133,-0.110420,1.375019,0.3422,0.3164
1787925095.791423,0.896747,-0.108073,1.376298,0.3384,0.3164
1787925095.797966,0.896659,-0.105985,1.376559,0.3301,0.4815
1787925095.805815,0.896999,-0.103839,1.378032,0.3140,0.4815
1787925095.809804,0.897357,-0.101527,1.379377,0.3957,0.4815
1787925095.817621,0.897595,-0.099614,1.380312,0.3508,0.4815
1787925095.823746,0.897707,-0.097341,1.381094,0.3559,0.4815
1787925095.830700,0.897932,-0.095023,1.381817,0.3492,0.4815
1787925095.836753,0.898284,-0.093148,1.383751,0.3390,0.4815
1787925095.844271,0.898274,-0.090802,1.384222,0.3292,0.4815
1787925095.848965,0.898825,-0.088512,1.385989,0.3808,0.4815
1787925095.859515,0.898978,-0.086450,1.387394,0.3250,0.4815
1787925095.864145,0.899254,-0.084149,1.388558,0.3774,0.4815
1787925095.870191,0.899706,-0.081979,1.389976,0.3741,0.4815
1787925095.877623,0.899790,-0.079712,1.390947,0.3525,0.4815
1787925095.883792,0.900506,-0.077618,1.393418,0.3532,0.4815
1787925095.892164,0.900369,-0.075364,1.393807,0.3258,0.4815
1787925095.898730,0.900327,-0.072882,1.394444,0.3394,0.4785
1787925095.903035,0.901382,-0.070820,1.396137,0.3918,0.4785
1787925095.909902,0.900794,-0.068369,1.396055,0.3752,0.4785
1787925095.917714,0.901364,-0.066044,1.397262,0.3544,0.4785
1787925095.923077,0.901624,-0.063877,1.398758,0.3700,0.4785
1787925095.930667,0.902501,-0.061766,1.400895,0.3471,0.4785
1787925095.936756,0.902304,-0.059458,1.401974,0.3534,0.4785
1787925095.943218,0.902550,-0.057136,1.404049,0.3556,0.4785
1787925095.951626,0.903657,-0.055006,1.406812,0.3303,0.4785
1787925095.956628,0.903337,-0.052656,1.407759,0.3672,0.4785
1787925095.964682,0.903943,-0.050402,1.410660,0.3435,0.4785
1787925095.969913,0.905005,-0.048345,1.414645,0.3665,0.4785
1787925095.976052,0.905149,-0.046273,1.416466,0.3577,0.4785
1787925095.985771,0.905626,-0.043974,1.418729,0.3227,0.4785
1787925095.991157,0.905935,-0.041924,1.421315,0.3414,0.4785
1787925096.000574,0.906527,-0.039832,1.424387,0.3077,0.4706
1787925096.004360,0.906252,-0.037435,1.425606,0.4001,0.4706
1787925096.010141,0.907176,-0.035642,1.429280,0.3790,0.4706
1787925096.016033,0.907515,-0.033270,1.431864,0.3873,0.4706
1787925096.022532,0.907410,-0.031050,1.433761,0.3719,0.4706
1787925096.032015,0.907658,-0.029133,1.436231,0.3215,0.4706
1787925096.036743,0.908739,-0.026364,1.437885,0.4083,0.4706
1787925096.046113,0.908355,-0.024602,1.440153,0.3401,0.4706
1787925096.050153,0.908665,-0.022414,1.442594,0.4021,0.4706
1787925096.059667,0.908603,-0.020085,1.443628,0.3541,0.4706
1787925096.068133,0.909032,-0.017949,1.446233,0.3249,0.4706
1787925096.075708,0.908903,-0.015873,1.448732,0.3084,0.4706
1787925096.083224,0.908810,-0.013835,1.450611,0.2962,0.4706
1787925096.084679,0.908948,-0.011659,1.453104,0.6563,0.4706
1787925096.089831,0.908908,-0.009368,1.455752,0.5916,0.4706
1787925096.097894,0.909144,-0.007259,1.456936,0.4931,0.5781
1787925096.104147,0.908666,-0.005051,1.458908,0.4479,0.5781
1787925096.112167,0.908679,-0.002906,1.461555,0.3933,0.5781
1787925096.116435,0.909086,-0.000648,1.463221,0.4362,0.5781
1787925096.123014,0.908786,0.001401,1.465671,0.3968,0.5781
1787925096.130600,0.908766,0.003327,1.468309,0.3535,0.5781
1787925096.138989,0.908546,0.005563,1.470121,0.3262,0.5781
1787925096.143245,0.908519,0.007614,1.472987,0.3721,0.5781
1787925096.152740,0.908922,0.009837,1.475090,0.3316,0.5781
1787925096.156294,0.908493,0.011927,1.476905,0.4044,0.5781
1787925096.166620,0.908484,0.014046,1.478580,0.3443,0.5781
1787925096.171713,0.908311,0.016039,1.480566,0.3570,0.5781
1787925096.177413,0.908364,0.018265,1.482386,0.3669,0.5781
1787925096.185238,0.908375,0.020276,1.485144,0.3337,0.5781
1787925096.191252,0.908157,0.022328,1.487348,0.3346,0.5781
1787925096.197376,0.907639,0.024517,1.488245,0.3390,0.5624
1787925096.206522,0.908091,0.026724,1.490377,0.3107,0.5624
1787925096.209462,0.907683,0.028693,1.492538,0.4146,0.5624
1787925096.217407,0.908237,0.030838,1.495854,0.3725,0.5624
1787925096.223790,0.907979,0.032930,1.497891,0.3579,0.5624
1787925096.229533,0.907688,0.034935,1.500211,0.3540,0.5624
1787925096.237197,0.908393,0.037035,1.504384,0.3316,0.5624
1787925096.243863,0.908324,0.039234,1.507007,0.3307,0.5624
1787925096.250585,0.907691,0.041031,1.509280,0.3098,0.5624
1787925096.257174,0.908445,0.043244,1.513500,0.3194,0.5624
1787925096.262863,0.908647,0.045379,1.516804,0.3366,0.5624
1787925096.270648,0.908306,0.047360,1.519796,0.3112,0.5624
1787925096.279549,0.908838,0.049567,1.523538,0.2930,0.5624
1787925096.283796,0.909479,0.051932,1.525947,0.3740,0.5624
1787925096.290689,0.909009,0.053795,1.528716,0.3420,0.5624
1787925096.296118,0.908976,0.055676,1.531684,0.3432,0.5425
1787925096.307889,0.909270,0.057959,1.534544,0.2986,0.5425
1787925096.316922,0.909142,0.059866,1.537288,0.2722,0.5425
1787925096.318212,0.908995,0.061869,1.539479,0.6551,0.5425
1787925096.322358,0.909464,0.063983,1.543646,0.6124,0.5425
1787925096.330033,0.908744,0.065561,1.545641,0.4896,0.5425
1787925096.335869,0.908788,0.067736,1.549097,0.4546,0.5425
1787925096.344620,0.909118,0.069662,1.551823,0.3844,0.5425
1787925096.351553,0.908568,0.071430,1.554584,0.3452,0.5425
1787925096.357940,0.908339,0.073540,1.556839,0.3406,0.5425
1787925096.363136,0.908586,0.075336,1.560072,0.3423,0.5425
1787925096.371401,0.908366,0.077451,1.562462,0.3163,0.5425
1787925096.376672,0.907816,0.079431,1.564663,0.3339,0.5425
1787925096.385359,0.907997,0.081160,1.567954,0.2935,0.5425
1787925096.391307,0.908052,0.083319,1.570924,0.3143,0.5425
1787925096.397878,0.907669,0.085036,1.574172,0.2985,0.5925
1787925096.404663,0.907537,0.087016,1.577213,0.2965,0.5925
1787925096.410500,0.907235,0.088885,1.580001,0.3038,0.5925
1787925096.420173,0.906926,0.090961,1.583063,0.2771,0.5925
1787925096.424994,0.906944,0.093042,1.584485,0.3235,0.5925
1787925096.431300,0.906098,0.095057,1.586635,0.3229,0.5925
1787925096.435498,0.906173,0.096768,1.589951,0.3482,0.5925
1787925096.443742,0.905724,0.098892,1.591789,0.3214,0.5925
1787925096.450449,0.905647,0.100732,1.595201,0.3073,0.5925
1787925096.458683,0.904974,0.102474,1.597122,0.2792,0.5925
1787925096.463293,0.905166,0.104262,1.600529,0.3114,0.5925
1787925096.470105,0.904765,0.106162,1.602886,0.3022,0.5925
1787925096.479068,0.904019,0.108027,1.604639,0.2748,0.5925
1787925096.485242,0.904318,0.109678,1.607918,0.2720,0.5925
1787925096.492058,0.903575,0.111657,1.608989,0.2786,0.5925
1787925096.497046,0.903093,0.113180,1.611025,0.2878,0.5652
1787925096.504501,0.902675,0.115135,1.612437,0.2807,0.5652
1787925096.512502,0.902579,0.116958,1.614987,0.2650,0.5652
1787925096.516220,0.902427,0.118680,1.617418,0.3249,0.5652
1787925096.523831,0.902322,0.120356,1.620206,0.2936,0.5652
1787925096.534217,0.901718,0.122302,1.622176,0.2626,0.5652
1787925096.541336,0.901823,0.123969,1.624876,0.2537,0.5652
1787925096.548685,0.901334,0.125887,1.627265,0.2569,0.5652
1787925096.550641,0.900818,0.127775,1.629453,0.4736,0.5652
1787925096.556104,0.901100,0.129593,1.632863,0.4302,0.5652
1787925096.562500,0.900953,0.131342,1.636460,0.3834,0.5652
1787925096.571225,0.900091,0.133390,1.638287,0.3406,0.5652
1787925096.577454,0.900876,0.135147,1.643310,0.3201,0.5652
1787925096.584149,0.900697,0.137608,1.644783,0.3346,0.5652
1787925096.590235,0.900457,0.139384,1.649073,0.3225,0.5652
1787925096.597457,0.900518,0.141460,1.652826,0.3115,0.5447
1787925096.603932,0.899811,0.143362,1.655670,0.3086,0.5447
1787925096.609865,0.899789,0.145336,1.658559,0.3156,0.5447
1787925096.616513,0.899815,0.147141,1.663128,0.3019,0.5447
1787925096.624152,0.898891,0.149060,1.664529,0.2898,0.5447
1787925096.629473,0.898736,0.150904,1.668487,0.3072,0.5447
1787925096.636076,0.898822,0.152849,1.672073,0.3025,0.5447
1787925096.644776,0.897957,0.154652,1.673581,0.2767,0.5447
1787925096.652910,0.897948,0.156368,1.677205,0.2566,0.5447
1787925096.658952,0.897422,0.158125,1.679833,0.2692,0.5447
1787925096.664244,0.897094,0.159860,1.682112,0.2882,0.5447
1787925096.669696,0.896235,0.161624,1.683881,0.3036,0.5447
1787925096.672987,0.895884,0.163256,1.685865,0.3639,0.5447
1787925096.684360,0.895597,0.164975,1.688232,0.3007,0.5447
1787925096.691439,0.894971,0.166784,1.690042,0.2897,0.5447
1787925096.698493,0.893891,0.168290,1.691412,0.2719,0.5193
1787925096.704040,0.893926,0.170109,1.694081,0.2878,0.5193
1787925096.710671,0.893377,0.171693,1.696119,0.2756,0.5193
1787925096.717915,0.893014,0.173343,1.698313,0.2626,0.5193
1787925096.726258,0.892348,0.175107,1.699606,0.2498,0.5193
1787925096.730555,0.892190,0.176756,1.702748,0.2905,0.5193
1787925096.737127,0.891163,0.178321,1.703656,0.2803,0.5193
1787925096.743899,0.891118,0.180211,1.706615,0.2795,0.5193
1787925096.749681,0.891129,0.181774,1.710248,0.2758,0.5193
1787925096.756455,0.890374,0.183834,1.711533,0.2881,0.5193
1787925096.763061,0.889500,0.185357,1.713641,0.2758,0.5193
1787925096.770865,0.889886,0.187360,1.717716,0.2671,0.5193
1787925096.777522,0.889358,0.189337,1.720609,0.2786,0.5193
1787925096.783303,0.889139,0.190984,1.723781,0.2812,0.5193
1787925096.790222,0.888709,0.193145,1.726559,0.2923,0.5193
1787925096.796105,0.887412,0.195221,1.728621,0.3195,0.5193
1787925096.803973,0.887324,0.197285,1.732194,0.3019,0.5477
1787925096.811435,0.887419,0.199420,1.735934,0.2954,0.5477
1787925096.819772,0.886855,0.201367,1.738148,0.2792,0.5477
1787925096.822787,0.886515,0.203339,1.741714,0.3946,0.5477
1787925096.830538,0.885868,0.205425,1.743562,0.3601,0.5477
1787925096.837649,0.885722,0.207149,1.746716,0.3247,0.5477
1787925096.843531,0.885165,0.209328,1.749503,0.3417,0.5477
1787925096.850464,0.884759,0.211290,1.751473,0.3259,0.5477
1787925096.856849,0.884635,0.213120,1.754953,0.3137,0.5477
1787925096.864352,0.883805,0.214930,1.756620,0.2969,0.5477
1787925096.873195,0.883459,0.216714,1.759064,0.2694,0.5477
1787925096.876727,0.883373,0.218702,1.761540,0.3558,0.5477
1787925096.883914,0.882812,0.220383,1.763977,0.3224,0.5477
1787925096.890700,0.882222,0.222084,1.766148,0.3045,0.5477
1787925096.897218,0.881840,0.223887,1.768356,0.2980,0.5296
1787925096.907831,0.881079,0.225594,1.770131,0.2602,0.5296
1787925096.911222,0.881140,0.227156,1.773602,0.3164,0.5296
1787925096.918899,0.880778,0.229103,1.775555,0.2988,0.5296
1787925096.924736,0.880087,0.230729,1.777535,0.2983,0.5296
1787925096.932024,0.880174,0.232574,1.780460,0.2823,0.5296
1787925096.936600,0.879043,0.234029,1.781514,0.3064,0.5296
1787925096.942497,0.878796,0.235550,1.783992,0.2928,0.5296
1787925096.949964,0.878187,0.237375,1.785766,0.2818,0.5296
1787925096.956896,0.877922,0.238875,1.787775,0.2631,0.5296
1787925096.964072,0.876896,0.240198,1.789438,0.2475,0.5296
1787925096.970098,0.876428,0.241909,1.792068,0.2614,0.5296
1787925096.977161,0.876077,0.243646,1.794015,0.2583,0.5296
1787925096.986473,0.875173,0.245285,1.795933,0.2388,0.5296
1787925096.990233,0.874837,0.246904,1.798842,0.2990,0.5296
1787925096.999341,0.874895,0.248746,1.802723,0.2679,0.5008
1787925097.004570,0.873798,0.250296,1.804553,0.2887,0.5008
1787925097.011045,0.873466,0.252084,1.807837,0.2862,0.5008
1787925097.016127,0.872800,0.253950,1.810325,0.3167,0.5008
1787925097.024963,0.872105,0.255634,1.813268,0.2828,0.5008
1787925097.033505,0.871878,0.257631,1.816822,0.2679,0.5008
1787925097.037058,0.871181,0.259365,1.819724,0.3440,0.5008
1787925097.042996,0.870747,0.261251,1.822894,0.3385,0.5008
1787925097.046507,0.869838,0.263228,1.824898,0.4200,0.5008
1787925097.057379,0.869047,0.265124,1.827662,0.3502,0.5008
1787925097.062193,0.868245,0.266870,1.830404,0.3631,0.5008
1787925097.070828,0.868004,0.268960,1.833029,0.3265,0.5008
1787925097.076509,0.866989,0.270667,1.835394,0.3295,0.5008
1787925097.083617,0.866391,0.272447,1.837803,0.3098,0.5008
1787925097.091282,0.865703,0.274405,1.840470,0.2979,0.5008
1787925097.097039,0.865174,0.276224,1.842847,0.3072,0.5073
1787925097.104866,0.864344,0.278043,1.845038,0.2908,0.5073
1787925097.111068,0.863214,0.279680,1.846707,0.2947,0.5073
1787925097.117351,0.862832,0.281566,1.849011,0.2978,0.5073
1787925097.124159,0.862491,0.283421,1.852156,0.2912,0.5073
1787925097.130278,0.861179,0.285040,1.853044,0.2980,0.5073
1787925097.138422,0.861026,0.286871,1.856432,0.2749,0.5073
1787925097.142774,0.860177,0.288705,1.857983,0.3302,0.5073
1787925097.149335,0.859200,0.290068,1.859553,0.3036,0.5073
1787925097.156177,0.858592,0.291758,1.861608,0.2912,0.5073
1787925097.162967,0.858443,0.293588,1.864461,0.2831,0.5073
1787925097.170955,0.857151,0.295295,1.865429,0.2736,0.5073
1787925097.176958,0.856644,0.296906,1.867553,0.2760,0.5073
1787925097.184471,0.856651,0.298896,1.870764,0.2690,0.5073
1787925097.191481,0.855389,0.300419,1.872920,0.2666,0.5073
1787925097.197802,0.854214,0.302114,1.873766,0.2800,0.4896
1787925097.203963,0.853834,0.304076,1.876531,0.2927,0.4896
1787925097.209271,0.852918,0.305893,1.878410,0.3184,0.4896
1787925097.218620,0.852185,0.307424,1.880906,0.2769,0.4896
1787925097.223662,0.851895,0.309519,1.883855,0.3177,0.4896
1787925097.230967,0.850791,0.311287,1.885451,0.3054,0.4896
1787925097.242837,0.850417,0.313172,1.888231,0.2620,0.4896
1787925097.244182,0.849967,0.315313,1.891377,0.6681,0.4896
1787925097.252883,0.849233,0.317116,1.893141,0.5347,0.4896
1787925097.259667,0.848479,0.318928,1.895661,0.4609,0.4896
1787925097.266847,0.847807,0.320830,1.898134,0.4069,0.4896
1787925097.275451,0.846985,0.322857,1.899999,0.3610,0.4896
1787925097.303124,0.846420,0.324599,1.902216,0.2725,0.4669
1787925097.306155,0.845427,0.326494,1.904319,0.4001,0.4669
1787925097.309139,0.844728,0.328389,1.906891,0.4831,0.4669
1787925097.311990,0.844183,0.330082,1.909225,0.5253,0.4669
1787925097.332255,0.843446,0.332074,1.911969,0.3991,0.4669
1787925097.333881,0.842744,0.333960,1.914302,0.6506,0.4669
1787925097.336809,0.842200,0.335695,1.916989,0.6416,0.4669
1787925097.341934,0.841097,0.337405,1.918664,0.5652,0.4669
1787925097.343119,0.840403,0.339149,1.921267,0.8704,0.4669
1787925097.346156,0.840076,0.341090,1.923632,0.8004,0.4669
1787925097.347410,0.839352,0.342770,1.925997,0.9974,0.4669
1787925097.350840,0.838263,0.344382,1.927630,0.8636,0.4669
1787925097.357654,0.837858,0.346204,1.930569,0.6859,0.4669
1787925097.366225,0.836807,0.348190,1.933249,0.5582,0.4669
1787925097.369793,0.835230,0.349328,1.934466,0.5273,0.4669
1787925097.378660,0.835334,0.351525,1.938130,0.4372,0.4669
1787925097.384836,0.834395,0.353479,1.940456,0.4110,0.4669
1787925097.392901,0.833580,0.354985,1.942656,0.3509,0.4669
1787925097.398778,0.832522,0.356868,1.944570,0.3549,0.4277
1787925097.403140,0.831727,0.358822,1.946743,0.3934,0.4277
1787925097.410886,0.830617,0.360611,1.948267,0.3557,0.4277
1787925097.416727,0.830196,0.362501,1.950808,0.3471,0.4277
1787925097.422778,0.828794,0.364125,1.952154,0.3436,0.4277
1787925097.428755,0.827540,0.365969,1.953486,0.3499,0.4277
1787925097.437484,0.827164,0.367948,1.956389,0.3128,0.4277
1787925097.444273,0.825830,0.369519,1.957520,0.3055,0.4277
1787925097.450525,0.825180,0.371369,1.960054,0.3078,0.4277
1787925097.457135,0.824118,0.373326,1.962092,0.3160,0.4277
1787925097.463176,0.823675,0.375226,1.964976,0.3167,0.4277
1787925097.472118,0.822409,0.376837,1.965717,0.2879,0.4277
1787925097.477204,0.821544,0.378769,1.967982,0.3264,0.4277
1787925097.485240,0.820313,0.380427,1.968435,0.3033,0.4277
1787925097.489890,0.819928,0.382434,1.971873,0.3412,0.4277
1787925097.497816,0.818026,0.383766,1.971909,0.3134,0.4539
1787925097.503941,0.817646,0.385955,1.975158,0.3253,0.4539
1787925097.508417,0.816661,0.387724,1.976989,0.3627,0.4539
1787925097.516586,0.815766,0.389409,1.979409,0.3237,0.4539
1787925097.522353,0.814747,0.391319,1.980527,0.3388,0.4539
1787925097.530732,0.814127,0.393078,1.983319,0.3038,0.4539
1787925097.538079,0.812859,0.394642,1.984607,0.2919,0.4539
1787925097.545709,0.812323,0.396478,1.987176,0.2789,0.4539
1787925097.549690,0.811656,0.398392,1.989280,0.3474,0.4539
1787925097.556717,0.810430,0.399994,1.990371,0.3270,0.4539
1787925097.564023,0.809835,0.401810,1.992943,0.3069,0.4539
1787925097.569952,0.808834,0.403630,1.994172,0.3196,0.4539
1787925097.575820,0.807818,0.405314,1.996153,0.3236,0.4539
1787925097.583318,0.806738,0.407019,1.997146,0.3065,0.4539
1787925097.590662,0.806527,0.409145,2.000186,0.2971,0.4539
1787925097.597921,0.805329,0.410722,2.000579,0.2878,0.4387
1787925097.606834,0.804062,0.412290,2.002130,0.2672,0.4387
1787925097.613778,0.803763,0.414461,2.003870,0.2776,0.4387
1787925097.620789,0.802407,0.415942,2.004985,0.2763,0.4387
1787925097.624871,0.801143,0.417728,2.005744,0.3516,0.4387
1787925097.630529,0.800767,0.419540,2.008149,0.3416,0.4387
1787925097.639374,0.799096,0.421083,2.008091,0.3105,0.4387
1787925097.643267,0.798506,0.422942,2.010867,0.3663,0.4387
1787925097.651486,0.797410,0.424588,2.011709,0.3278,0.4387
1787925097.656938,0.796502,0.426401,2.013427,0.3410,0.4387
1787925097.660386,0.795433,0.427849,2.014415,0.3924,0.4387
1787925097.669433,0.794373,0.429817,2.016230,0.3487,0.4387
1787925097.676305,0.793966,0.431696,2.018908,0.3257,0.4387
1787925097.684387,0.792877,0.433216,2.019969,0.2964,0.4387
1787925097.691582,0.791822,0.434903,2.021770,0.2899,0.4387
1787925097.696786,0.790976,0.436606,2.023841,0.3126,0.4241
1787925097.705553,0.789961,0.438560,2.025352,0.2941,0.4241
1787925097.711309,0.789009,0.439998,2.027613,0.2951,0.4241
1787925097.718616,0.787827,0.441881,2.028933,0.2973,0.4241
1787925097.724545,0.787310,0.443711,2.031962,0.3027,0.4241
1787925097.730493,0.786149,0.445244,2.033387,0.3073,0.4241
1787925097.736765,0.784822,0.446973,2.034555,0.3174,0.4241
1787925097.743407,0.784245,0.448897,2.036949,0.3115,0.4241
1787925097.752003,0.783307,0.450488,2.039144,0.2824,0.4241
1787925097.757316,0.781536,0.451884,2.039435,0.3132,0.4241
1787925097.764265,0.781037,0.453824,2.042144,0.3036,0.4241
1787925097.770003,0.779995,0.455547,2.043569,0.3175,0.4241
1787925097.777633,0.778251,0.457039,2.044775,0.3058,0.4241
1787925097.784211,0.777401,0.458679,2.046653,0.2983,0.4241
1787925097.791241,0.776726,0.460736,2.049658,0.3000,0.4241
1787925097.797840,0.774777,0.462163,2.049796,0.3084,0.4638
1787925097.805943,0.774604,0.464049,2.053259,0.2807,0.4638
1787925097.810530,0.773274,0.465833,2.054633,0.3402,0.4638
1787925097.816349,0.771931,0.467310,2.056001,0.3378,0.4638
1787925097.824013,0.771159,0.469155,2.058369,0.3144,0.4638
1787925097.831450,0.770157,0.470979,2.059826,0.3040,0.4638
1787925097.838124,0.768737,0.472453,2.061225,0.3013,0.4638
1787925097.844564,0.768057,0.474243,2.064126,0.2994,0.4638
1787925097.852913,0.766418,0.475808,2.064921,0.2870,0.4638
1787925097.857123,0.765549,0.477323,2.067264,0.3253,0.4638
1787925097.865260,0.764737,0.479221,2.069218,0.3035,0.4638
1787925097.872635,0.763811,0.481045,2.071629,0.2956,0.4638
1787925097.878794,0.762236,0.482621,2.072470,0.3111,0.4638
1787925097.887390,0.761303,0.484280,2.074158,0.2842,0.4638
1787925097.890578,0.760436,0.486184,2.076210,0.3952,0.4638
1787925097.897417,0.759096,0.487896,2.077292,0.3708,0.4478
1787925097.903640,0.758216,0.489429,2.079445,0.3448,0.4478
1787925097.910068,0.757075,0.491079,2.081200,0.3346,0.4478
1787925097.918688,0.755478,0.492885,2.082575,0.3162,0.4478
1787925097.932470,0.754614,0.494462,2.084614,0.2605,0.4478
1787925097.933879,0.753644,0.496362,2.087083,0.6361,0.4478
1787925097.936580,0.752820,0.498143,2.089662,0.6625,0.4478
1787925097.942720,0.751459,0.499842,2.091704,0.5688,0.4478
1787925097.955618,0.750787,0.501495,2.094170,0.4393,0.4478
1787925097.957709,0.749448,0.503340,2.096338,0.6327,0.4478
1787925097.963428,0.748979,0.505311,2.098945,0.5446,0.4478
1787925097.969875,0.747413,0.506756,2.100579,0.4761,0.4478
1787925097.979169,0.746198,0.508672,2.102587,0.4065,0.4478
1787925097.986103,0.745421,0.510589,2.104866,0.3730,0.4478
1787925097.990746,0.744144,0.512135,2.106801,0.3891,0.4478
1787925097.996346,0.742876,0.513941,2.108335,0.3903,0.4242
1787925098.004912,0.742115,0.515915,2.110207,0.3462,0.4242
1787925098.012115,0.740543,0.517217,2.111622,0.3225,0.4242
1787925098.018044,0.739664,0.519117,2.113581,0.3311,0.4242
1787925098.023759,0.738926,0.520763,2.115312,0.3257,0.4242
1787925098.030119,0.736744,0.522022,2.115545,0.3322,0.4242
1787925098.035414,0.735880,0.523710,2.117147,0.3396,0.4242
1787925098.043931,0.734706,0.525141,2.119086,0.3023,0.4242
1787925098.050947,0.733475,0.526701,2.121016,0.2960,0.4242
1787925098.058504,0.731933,0.528161,2.121744,0.2886,0.4242
1787925098.063478,0.731365,0.529884,2.124433,0.3084,0.4242
1787925098.069847,0.730159,0.531546,2.126313,0.3124,0.4242
1787925098.078317,0.728862,0.532897,2.127572,0.2836,0.4242
1787925098.084710,0.727452,0.534335,2.129329,0.2908,0.4242
1787925098.089612,0.726671,0.536002,2.131907,0.3153,0.4242
1787925098.097432,0.725290,0.537539,2.133379,0.2989,0.4704
1787925098.104797,0.724199,0.539197,2.135932,0.2901,0.4704
1787925098.112345,0.723472,0.540904,2.138529,0.2758,0.4704
1787925098.116396,0.721844,0.542457,2.140613,0.3549,0.4704
1787925098.123720,0.720707,0.543977,2.142276,0.3260,0.4704
1787925098.130148,0.719804,0.546104,2.144928,0.3344,0.4704
1787925098.137879,0.718389,0.547744,2.146872,0.3174,0.4704
1787925098.145631,0.717347,0.549298,2.149017,0.2946,0.4704
1787925098.152559,0.715931,0.550962,2.150572,0.3001,0.4704
1787925098.156356,0.714565,0.552783,2.152742,0.3896,0.4704
1787925098.164196,0.713272,0.554279,2.153853,0.3477,0.4704
1787925098.171063,0.712394,0.556091,2.156783,0.3306,0.4704
1787925098.176720,0.710715,0.557780,2.157801,0.3553,0.4704
1787925098.183900,0.709930,0.559543,2.160306,0.3282,0.4704
1787925098.189680,0.708229,0.561064,2.161335,0.3444,0.4704
1787925098.198106,0.707138,0.562839,2.163157,0.3152,0.4475
1787925098.203789,0.705957,0.564404,2.164300,0.3240,0.4475
1787925098.210618,0.704470,0.566063,2.165694,0.3238,0.4475
1787925098.219475,0.703080,0.567582,2.166520,0.2957,0.4475
1787925098.225302,0.702399,0.569266,2.169103,0.2984,0.4475
1787925098.231289,0.700986,0.570929,2.170134,0.3176,0.4475
1787925098.238327,0.699644,0.572389,2.171676,0.3060,0.4475
1787925098.247966,0.698812,0.574056,2.174272,0.2716,0.4475
1787925098.254295,0.697510,0.575493,2.175875,0.2813,0.4475
1787925098.257692,0.696207,0.576976,2.177238,0.3701,0.4475
1787925098.263735,0.694964,0.578280,2.178533,0.3474,0.4475
1787925098.269886,0.694188,0.580363,2.180506,0.3482,0.4475
1787925098.278716,0.692808,0.581599,2.182570,0.3050,0.4475
1787925098.283921,0.691377,0.582833,2.183596,0.3191,0.4475
1787925098.290815,0.691077,0.584921,2.186593,0.3051,0.4475
1787925098.296573,0.689560,0.586422,2.188148,0.3231,0.4386
1787925098.303457,0.688107,0.587686,2.189968,0.3078,0.4386
1787925098.310447,0.687202,0.589452,2.192405,0.2997,0.4386
1787925098.317054,0.686003,0.590722,2.194875,0.2884,0.4386
1787925098.325836,0.684787,0.592253,2.197137,0.2686,0.4386
1787925098.330473,0.683369,0.594001,2.198645,0.3334,0.4386
1787925098.335907,0.682192,0.595552,2.200905,0.3409,0.4386
1787925098.343787,0.680546,0.596943,2.202711,0.3184,0.4386
1787925098.350616,0.679846,0.598953,2.205098,0.3122,0.4386
1787925098.357153,0.678317,0.600346,2.206998,0.3116,0.4386
1787925098.364773,0.676785,0.601846,2.209055,0.3016,0.4386
1787925098.371600,0.675682,0.603467,2.211022,0.2971,0.4386
1787925098.378762,0.674367,0.605117,2.212857,0.2964,0.4386
1787925098.384317,0.672532,0.606734,2.214549,0.3368,0.4386
1787925098.393405,0.671500,0.608086,2.216853,0.2919,0.4386
1787925098.396551,0.670148,0.610040,2.218583,0.4307,0.4160
1787925098.404774,0.668592,0.611430,2.220075,0.3762,0.4160
1787925098.410513,0.667620,0.613220,2.222616,0.3685,0.4160
1787925098.421486,0.665867,0.614603,2.223793,0.3171,0.4160
1787925098.424125,0.664353,0.615821,2.224887,0.4366,0.4160
1787925098.430596,0.663111,0.617552,2.226734,0.4044,0.4160
1787925098.436251,0.662018,0.619068,2.228478,0.3821,0.4160
1787925098.443360,0.660397,0.620261,2.229334,0.3492,0.4160
1787925098.449723,0.659236,0.622032,2.231719,0.3439,0.4160
1787925098.458343,0.658001,0.623372,2.233025,0.3040,0.4160
1787925098.467973,0.656316,0.624506,2.234697,0.2729,0.4160
1787925098.472020,0.655159,0.626156,2.235709,0.3403,0.4160
1787925098.476303,0.654316,0.627603,2.238298,0.3543,0.4160
1787925098.485164,0.652485,0.628751,2.238801,0.3169,0.4160
1787925098.490048,0.651397,0.630139,2.240961,0.3302,0.4160
1787925098.498199,0.650168,0.631735,2.242016,0.3052,0.4679
1787925098.504095,0.648641,0.632837,2.243853,0.3060,0.4679
1787925098.510832,0.647626,0.634444,2.245860,0.2983,0.4679
1787925098.518849,0.646487,0.636053,2.247991,0.2824,0.4679
1787925098.524340,0.644785,0.637148,2.249363,0.3026,0.4679
1787925098.533035,0.643587,0.638866,2.251089,0.2839,0.4679
1787925098.536966,0.642302,0.640370,2.253559,0.3497,0.4679
1787925098.542638,0.641114,0.641835,2.255573,0.3445,0.4679
1787925098.551828,0.639306,0.643037,2.255946,0.3089,0.4679
1787925098.558023,0.638367,0.645041,2.258549,0.3201,0.4679
1787925098.565926,0.636849,0.646440,2.259549,0.3017,0.4679
1787925098.570327,0.635202,0.647870,2.260937,0.3578,0.4679
1787925098.577565,0.633905,0.649501,2.263218,0.3368,0.4679
1787925098.585745,0.632301,0.650930,2.264261,0.3137,0.4679
1787925098.591764,0.631225,0.652598,2.266577,0.3178,0.4679
1787925098.599154,0.629309,0.653935,2.267714,0.3140,0.4545
1787925098.605179,0.628496,0.655811,2.269947,0.3173,0.4545
1787925098.611035,0.626611,0.657141,2.270618,0.3364,0.4545
1787925098.619478,0.625391,0.658671,2.272136,0.3050,0.4545
1787925098.625214,0.624158,0.660236,2.273733,0.3177,0.4545
1787925098.630753,0.622279,0.661443,2.274987,0.3380,0.4545
1787925098.637585,0.621052,0.662906,2.276501,0.3205,0.4545
1787925098.643881,0.619958,0.664506,2.278879,0.3162,0.4545
1787925098.648617,0.617955,0.665775,2.278831,0.3649,0.4545
1787925098.657334,0.616813,0.667162,2.281300,0.3172,0.4545
1787925098.665389,0.615789,0.668702,2.283089,0.2904,0.4545
1787925098.673659,0.614708,0.670160,2.285521,0.2689,0.4545
1787925098.676909,0.612901,0.671391,2.286018,0.3835,0.4545
1787925098.684344,0.611912,0.672957,2.287586,0.3423,0.4545
1787925098.690235,0.610702,0.674164,2.289451,0.3265,0.4545
1787925098.697448,0.609218,0.675467,2.290824,0.3099,0.4485
1787925098.703685,0.607736,0.676653,2.292556,0.3069,0.4485
1787925098.709669,0.606757,0.678280,2.294868,0.3085,0.4485
1787925098.719359,0.605442,0.679688,2.296485,0.2755,0.4485
1787925098.727401,0.603956,0.680944,2.298164,0.2647,0.4485
1787925098.732908,0.602928,0.682450,2.300330,0.2838,0.4485
1787925098.739092,0.601462,0.683601,2.301728,0.2877,0.4485
1787925098.743454,0.600176,0.684986,2.303770,0.3314,0.4485
1787925098.752316,0.598810,0.686446,2.305761,0.2996,0.4485
1787925098.756899,0.597775,0.687884,2.308563,0.3250,0.4485
1787925098.765695,0.596272,0.688951,2.309819,0.2889,0.4485
1787925098.769709,0.594784,0.690413,2.311613,0.3580,0.4485
1787925098.777463,0.593659,0.691943,2.314087,0.3236,0.4485
1787925098.783558,0.591977,0.693341,2.315706,0.3332,0.4485
1787925098.791739,0.590292,0.694524,2.317321,0.3071,0.4485
1787925098.796816,0.588793,0.695666,2.319150,0.3247,0.4921
1787925098.803390,0.587697,0.697413,2.321836,0.3197,0.4921
1787925098.810221,0.585530,0.698177,2.322034,0.3132,0.4921
1787925098.818933,0.584114,0.699540,2.324165,0.2869,0.4921
1787925098.825391,0.582987,0.701437,2.326726,0.3009,0.4921
1787925098.832475,0.580983,0.702253,2.327613,0.2940,0.4921
1787925098.833776,0.579786,0.703389,2.329964,0.5861,0.4921
1787925098.842809,0.578870,0.705057,2.332378,0.4714,0.4921
1787925098.850269,0.577175,0.706204,2.333581,0.4104,0.4921
1787925098.854133,0.575502,0.707251,2.335288,0.4358,0.4921
1787925098.863301,0.574184,0.708729,2.337467,0.3698,0.4921
1787925098.869899,0.572809,0.709561,2.338926,0.3295,0.4921
1787925098.879025,0.571169,0.710957,2.340248,0.3011,0.4921
1787925098.886427,0.569579,0.711920,2.341142,0.2837,0.4921
1787925098.890068,0.568409,0.713191,2.343774,0.3409,0.4921
1787925098.896720,0.567038,0.714351,2.345117,0.3192,0.4705
1787925098.903409,0.566041,0.715870,2.348023,0.3034,0.4705
1787925098.912436,0.563976,0.716793,2.348616,0.2824,0.4705
1787925098.916844,0.562936,0.718157,2.351225,0.3135,0.4705
1787925098.924079,0.561474,0.719401,2.352933,0.2987,0.4705
1787925098.932076,0.559982,0.720812,2.355547,0.2861,0.4705
1787925098.936207,0.558693,0.721988,2.357734,0.3269,0.4705
1787925098.943573,0.557365,0.723520,2.360113,0.3111,0.4705
1787925098.950038,0.555597,0.724589,2.361952,0.3110,0.4705
1787925098.956080,0.554092,0.725597,2.363608,0.3061,0.4705
1787925098.964255,0.553167,0.727552,2.367329,0.2887,0.4705
1787925098.970911,0.551580,0.728663,2.369113,0.2883,0.4705
1787925098.979222,0.549968,0.730004,2.371089,0.2772,0.4705
1787925098.983353,0.548939,0.731602,2.373904,0.3285,0.4705
1787925098.989845,0.547470,0.732719,2.375966,0.3146,0.4705
1787925098.996985,0.545774,0.733885,2.377676,0.3056,0.4555
1787925099.002852,0.544040,0.735070,2.379736,0.3199,0.4555
1787925099.010823,0.543025,0.736759,2.382726,0.2954,0.4555
1787925099.017573,0.541310,0.737778,2.384048,0.2933,0.4555
1787925099.023090,0.540053,0.739000,2.386356,0.3006,0.4555
1787925099.034460,0.538661,0.740411,2.387969,0.2627,0.4555
1787925099.040281,0.536738,0.741028,2.389036,0.2779,0.4555
1787925099.041204,0.535600,0.742379,2.391384,0.7648,0.4555
1787925099.052738,0.533928,0.743569,2.392676,0.5883,0.4555
1787925099.057541,0.532743,0.744968,2.395191,0.5255,0.4555
1787925099.064766,0.531275,0.746024,2.397173,0.4424,0.4555
1787925099.072723,0.529529,0.746791,2.398829,0.3777,0.4555
1787925099.076987,0.528175,0.748196,2.400779,0.4014,0.4555
1787925099.086111,0.526596,0.749292,2.402239,0.3436,0.4555
1787925099.091864,0.524905,0.750321,2.404274,0.3419,0.4555
1787925099.098630,0.523687,0.751462,2.406438,0.3133,0.5071
1787925099.099564,0.521965,0.752700,2.408101,0.8962,0.5071
1787925099.109815,0.520579,0.753771,2.410025,0.6785,0.5071
1787925099.112839,0.518966,0.754774,2.412010,0.6605,0.5071
1787925099.122892,0.517715,0.756169,2.414849,0.5179,0.5071
1787925099.129650,0.515778,0.757225,2.415822,0.4580,0.5071
1787925099.137108,0.514410,0.758495,2.418635,0.3956,0.5071
1787925099.143342,0.512880,0.759444,2.420916,0.3624,0.5071
1787925099.153680,0.511723,0.761054,2.423672,0.3097,0.5071
1787925099.156381,0.509877,0.761957,2.424899,0.4373,0.5071
1787925099.163317,0.507993,0.762878,2.426334,0.3937,0.5071
1787925099.169948,0.506889,0.764416,2.429672,0.3589,0.5071
1787925099.177581,0.505447,0.765513,2.431172,0.3223,0.5071
1787925099.185534,0.503259,0.766262,2.432152,0.3066,0.5071
1787925099.190954,0.501834,0.767687,2.434411,0.3258,0.5071
1787925099.196721,0.500784,0.769130,2.436971,0.3183,0.4782
1787925099.204475,0.498837,0.770103,2.437672,0.3046,0.4782
1787925099.210642,0.497228,0.771305,2.439755,0.3107,0.4782
1787925099.216696,0.496216,0.772917,2.443066,0.3073,0.4782
1787925099.223342,0.494465,0.773698,2.444802,0.2983,0.4782
1787925099.233106,0.492715,0.775118,2.445836,0.2781,0.4782
1787925099.240026,0.491238,0.776285,2.448082,0.2762,0.4782
1787925099.244560,0.489881,0.777445,2.450438,0.3115,0.4782
1787925099.253174,0.488182,0.778466,2.452004,0.2863,0.4782
1787925099.256488,0.486710,0.779687,2.454011,0.3735,0.4782
1787925099.259134,0.485095,0.780862,2.455555,0.4876,0.4782
1787925099.270392,0.484199,0.782295,2.459203,0.3839,0.4782
1787925099.278030,0.482296,0.783386,2.460460,0.3538,0.4782
1787925099.293350,0.480644,0.784147,2.461864,0.2822,0.4782
1787925099.296490,0.479389,0.785817,2.465203,0.3909,0.4782
1787925099.298249,0.478053,0.786987,2.467062,0.5762,0.4664
1787925099.303569,0.475911,0.787643,2.468206,0.5209,0.4664
1787925099.313503,0.474942,0.788918,2.471245,0.4115,0.4664
1787925099.319932,0.473376,0.790164,2.473316,0.3814,0.4664
1787925099.320871,0.471734,0.791339,2.474779,0.9115,0.4664
1787925099.329082,0.469840,0.791940,2.476868,0.7061,0.4664
1787925099.339428,0.468374,0.793237,2.479202,0.5509,0.4664
1787925099.343776,0.466698,0.794381,2.481139,0.5254,0.4664
1787925099.352360,0.464877,0.795287,2.482925,0.4375,0.4664
1787925099.353434,0.463787,0.796396,2.486573,0.7365,0.4664
1787925099.361238,0.461722,0.797435,2.487523,0.6029,0.4664
1787925099.369468,0.460367,0.798366,2.489950,0.4819,0.4664
1787925099.379096,0.458326,0.799242,2.491205,0.4044,0.4664
1787925099.383360,0.456933,0.800470,2.493400,0.4134,0.4664
1787925099.390072,0.455544,0.801354,2.495890,0.3628,0.4664
1787925099.397350,0.453764,0.802327,2.497388,0.3367,0.4380
1787925099.407663,0.451913,0.803322,2.498996,0.2961,0.4380
1787925099.412292,0.450667,0.804234,2.501093,0.3073,0.4380
1787925099.419186,0.449201,0.805496,2.503966,0.2991,0.4380
1787925099.425066,0.447382,0.806264,2.505224,0.3073,0.4380
1787925099.431116,0.445708,0.807266,2.507065,0.3114,0.4380
1787925099.437156,0.444222,0.808569,2.509205,0.3158,0.4380
1787925099.439365,0.442542,0.809103,2.510466,0.4480,0.4380
1787925099.450311,0.441288,0.810413,2.513325,0.3625,0.4380
1787925099.458246,0.439575,0.811265,2.514391,0.3251,0.4380
1787925099.467483,0.438265,0.812218,2.516299,0.2802,0.4380
1787925099.469849,0.436582,0.813316,2.518746,0.4506,0.4380
1787925099.475512,0.435193,0.814223,2.520907,0.4032,0.4380
1787925099.484066,0.433419,0.815190,2.522381,0.3526,0.4380
1787925099.493711,0.432364,0.816667,2.525556,0.3002,0.4380
1787925099.498950,0.430327,0.817199,2.526688,0.3229,0.5138
1787925099.504368,0.428592,0.818226,2.528240,0.3373,0.5138
1787925099.509900,0.427028,0.819498,2.530563,0.3452,0.5138
1787925099.519993,0.425723,0.820894,2.533383,0.2972,0.5138
1787925099.521599,0.423497,0.821247,2.533471,0.5870,0.5138
1787925099.531027,0.422017,0.822659,2.536140,0.4752,0.5138
1787925099.536858,0.420250,0.823525,2.537242,0.4327,0.5138
1787925099.546574,0.418588,0.824536,2.539475,0.3629,0.5138
1787925099.554512,0.416807,0.825881,2.541571,0.3383,0.5138
1787925099.559513,0.414846,0.826398,2.542768,0.3514,0.5138
1787925099.562950,0.413426,0.827954,2.545288,0.4248,0.5138
1787925099.570175,0.411377,0.828594,2.546076,0.3827,0.5138
1787925099.572523,0.409957,0.829916,2.548586,0.5128,0.5138
1787925099.584653,0.408081,0.830896,2.549912,0.4110,0.5138
1787925099.605907,0.406644,0.831784,2.551200,0.3115,0.5090
1787925099.607495,0.404787,0.832757,2.552133,0.6119,0.5090
1787925099.610282,0.402999,0.833737,2.553502,0.6470,0.5090
1787925099.616393,0.401191,0.834392,2.554042,0.5446,0.5090
1787925099.619421,0.399715,0.835574,2.556581,0.5678,0.5090
1787925099.623798,0.397848,0.836654,2.558039,0.5450,0.5090
1787925099.631121,0.396237,0.837747,2.560280,0.4613,0.5090
1787925099.640619,0.394507,0.838395,2.561690,0.3798,0.5090
1787925099.645252,0.393168,0.839593,2.564183,0.3809,0.5090
1787925099.649866,0.391528,0.840338,2.565582,0.3824,0.5090
1787925099.656444,0.389537,0.841376,2.567017,0.3696,0.5090
1787925099.663149,0.388197,0.842396,2.569384,0.3339,0.5090
1787925099.671134,0.386710,0.843014,2.571564,0.2933,0.5090
1787925099.676255,0.384915,0.843796,2.572688,0.3185,0.5090
1787925099.682335,0.383328,0.844939,2.574854,0.3193,0.5090
1787925099.689196,0.381911,0.845965,2.577646,0.2999,0.5090
1787925099.697088,0.380275,0.846618,2.579093,0.2758,0.4909
1787925099.704339,0.378826,0.847825,2.582211,0.2703,0.4909
1787925099.706795,0.376841,0.848088,2.583646,0.4120,0.4909
1787925099.716534,0.375382,0.849410,2.585806,0.3481,0.4909
1787925099.722435,0.373625,0.850393,2.587888,0.3459,0.4909
1787925099.730580,0.371205,0.850770,2.588278,0.3252,0.4909
1787925099.738161,0.369920,0.852049,2.591023,0.2975,0.4909
1787925099.744675,0.368355,0.852916,2.593367,0.2906,0.4909
1787925099.751802,0.366061,0.853849,2.594897,0.3063,0.4909
1787925099.753720,0.364674,0.854699,2.597419,0.4690,0.4909
1787925099.762849,0.362522,0.855216,2.599185,0.3976,0.4909
1787925099.766721,0.361555,0.856850,2.602917,0.4075,0.4909
1787925099.776010,0.359537,0.857378,2.604384,0.3500,0.4909
1787925099.783041,0.357829,0.858319,2.606328,0.3282,0.4909
1787925099.790872,0.355901,0.858882,2.608247,0.3043,0.4909
1787925099.799689,0.354457,0.859820,2.610693,0.2715,0.5435
1787925099.804029,0.352517,0.860601,2.612267,0.3331,0.5435
1787925099.810611,0.351190,0.861347,2.614532,0.3025,0.5435
1787925099.812693,0.348722,0.862043,2.615144,0.5697,0.5435
1787925099.818924,0.346924,0.862426,2.616449,0.4830,0.5435
1787925099.834364,0.345774,0.863615,2.619633,0.3690,0.5435
1787925099.841585,0.343857,0.864347,2.620864,0.3425,0.5435
1787925099.845821,0.342023,0.864958,2.622489,0.3740,0.5435
1787925099.851317,0.340585,0.865949,2.624944,0.3567,0.5435
1787925099.857550,0.338807,0.866502,2.626422,0.3373,0.5435
1787925099.864669,0.337452,0.867322,2.629090,0.3028,0.5435
1787925099.870560,0.335696,0.867911,2.630054,0.3047,0.5435
1787925099.876314,0.333971,0.868337,2.631456,0.3026,0.5435
1787925099.883200,0.332370,0.869298,2.632617,0.2931,0.5435
1787925099.892021,0.331109,0.870054,2.634902,0.2551,0.5435
1787925099.896374,0.329266,0.870414,2.635849,0.3018,0.5271
1787925099.906354,0.327953,0.871289,2.637576,0.2585,0.5271
1787925099.911022,0.326066,0.871572,2.638408,0.2960,0.5271
1787925099.916589,0.324306,0.871990,2.639942,0.3012,0.5271
1787925099.923088,0.323252,0.873214,2.642661,0.2806,0.5271
1787925099.929689,0.321323,0.873420,2.643350,0.2779,0.5271
1787925099.939875,0.319821,0.874317,2.645584,0.2460,0.5271
1787925099.946200,0.318383,0.875014,2.647745,0.2479,0.5271
1787925099.952540,0.316640,0.875763,2.649709,0.2630,0.5271
1787925099.957680,0.315058,0.876435,2.651636,0.2840,0.5271
1787925099.965188,0.313573,0.877471,2.655050,0.2706,0.5271
1787925099.971581,0.311662,0.877685,2.656727,0.2734,0.5271
1787925099.976280,0.310352,0.879104,2.660085,0.3075,0.5271
1787925099.979335,0.308423,0.879397,2.661480,0.3965,0.5271
1787925099.990457,0.306662,0.880595,2.664505,0.3346,0.5271
1787925100.002962,0.304774,0.880776,2.666845,0.2765,0.5104
1787925100.004199,0.303251,0.882142,2.670455,0.6733,0.5104
1787925100.010800,0.301796,0.883224,2.673357,0.5525,0.5104
1787925100.016126,0.300116,0.884114,2.676605,0.4938,0.5104
1787925100.023813,0.298285,0.884381,2.678686,0.4142,0.5104
1787925100.031924,0.296328,0.885240,2.680559,0.3689,0.5104
1787925100.040709,0.294870,0.885956,2.683427,0.3137,0.5104
1787925100.044556,0.293345,0.886903,2.686330,0.3589,0.5104
1787925100.051394,0.291355,0.887440,2.688325,0.3401,0.5104
1787925100.058600,0.290014,0.888580,2.690430,0.3090,0.5104
1787925100.063209,0.288262,0.888768,2.692300,0.3243,0.5104
1787925100.070439,0.286869,0.889633,2.694463,0.2947,0.5104
1787925100.077044,0.284954,0.889995,2.695402,0.2918,0.5104
1787925100.084345,0.283597,0.890679,2.697527,0.2667,0.5104
1787925100.091063,0.282125,0.891244,2.698715,0.2569,0.5104
1787925100.097708,0.280460,0.891461,2.700354,0.2520,0.4829
1787925100.106042,0.279050,0.891590,2.701545,0.2243,0.4829
1787925100.111055,0.277403,0.892415,2.702871,0.2672,0.4829
1787925100.116714,0.276340,0.893148,2.705352,0.2545,0.4829
1787925100.124020,0.274661,0.893413,2.706751,0.2453,0.4829
1787925100.130848,0.273141,0.893943,2.708771,0.2421,0.4829
1787925100.137925,0.272510,0.895081,2.712161,0.2139,0.4829
1787925100.146248,0.270496,0.895211,2.713178,0.2177,0.4829
1787925100.149460,0.269504,0.896201,2.716188,0.2750,0.4829
1787925100.156121,0.267697,0.896793,2.718313,0.2776,0.4829
1787925100.160573,0.265813,0.896769,2.719412,0.3095,0.4829
1787925100.171473,0.264508,0.897975,2.723118,0.2630,0.4829
1787925100.176667,0.262766,0.898152,2.724581,0.2802,0.4829
1787925100.184126,0.261065,0.898817,2.726674,0.2695,0.4829
1787925100.193739,0.259290,0.899376,2.728749,0.2464,0.4829
1787925100.202156,0.257421,0.899658,2.731056,0.2376,0.4748
1787925100.208456,0.256079,0.900710,2.734548,0.2448,0.4748
1787925100.212532,0.254162,0.901572,2.737371,0.3260,0.4748
1787925100.221627,0.252456,0.902057,2.739737,0.2863,0.4748
1787925100.225327,0.250706,0.902725,2.741979,0.3522,0.4748
1787925100.243607,0.248812,0.903409,2.744584,0.2795,0.4748
1787925100.247312,0.247244,0.903918,2.746551,0.3288,0.4748
1787925100.250083,0.245583,0.904674,2.749295,0.4276,0.4748
1787925100.258652,0.243697,0.905437,2.751762,0.3706,0.4748
1787925100.261621,0.241772,0.905741,2.753548,0.4511,0.4748
1787925100.264612,0.240185,0.906192,2.755150,0.4802,0.4748
1787925100.269499,0.238462,0.906813,2.756866,0.4485,0.4748
1787925100.277695,0.236333,0.907149,2.758132,0.3908,0.4748
1787925100.284050,0.234769,0.907638,2.759786,0.3507,0.4748
1787925100.290004,0.232893,0.908378,2.761642,0.3471,0.4748
1787925100.295873,0.231162,0.908522,2.762802,0.3279,0.4748
1787925100.304167,0.229769,0.909341,2.764535,0.2873,0.4401
1787925100.313532,0.227835,0.909508,2.765639,0.2607,0.4401
1787925100.320490,0.226273,0.909833,2.767318,0.2503,0.4401
1787925100.324697,0.224638,0.910782,2.769148,0.3085,0.4401
1787925100.329757,0.223023,0.911019,2.770548,0.3102,0.4401
1787925100.338097,0.221619,0.911470,2.772235,0.2701,0.4401
1787925100.345188,0.220501,0.912650,2.774509,0.2511,0.4401
1787925100.351231,0.218887,0.912754,2.775383,0.2525,0.4401
1787925100.356783,0.217209,0.913239,2.777275,0.2708,0.4401
1787925100.365227,0.215863,0.913779,2.778847,0.2411,0.4401
1787925100.369889,0.214673,0.914805,2.781313,0.2637,0.4401
1787925100.378317,0.213204,0.914740,2.782728,0.2327,0.4401
1787925100.383305,0.211724,0.915112,2.783407,0.2542,0.4401
1787925100.392392,0.209992,0.915553,2.784793,0.2365,0.4401
1787925100.397578,0.208830,0.916242,2.786868,0.2425,0.4277
1787925100.404261,0.207512,0.916541,2.789237,0.2299,0.4277
1787925100.406329,0.206208,0.917215,2.790750,0.3721,0.4277
1787925100.419276,0.204950,0.917515,2.792179,0.2902,0.4277
1787925100.423329,0.203642,0.918202,2.793818,0.3115,0.4277
1787925100.432308,0.202079,0.918183,2.794417,0.2669,0.4277
1787925100.436217,0.200838,0.918905,2.796799,0.2952,0.4277
1787925100.444221,0.199111,0.919115,2.797292,0.2703,0.4277
1787925100.452182,0.197964,0.919924,2.799855,0.2401,0.4277
1787925100.458822,0.196723,0.920278,2.801381,0.2263,0.4277
1787925100.463817,0.195364,0.920541,2.802679,0.2406,0.4277
1787925100.471046,0.194124,0.921195,2.804234,0.2260,0.4277
1787925100.475926,0.192562,0.920985,2.804606,0.2446,0.4277
1787925100.483897,0.191090,0.921336,2.806298,0.2278,0.4277
1787925100.490019,0.189843,0.921981,2.807808,0.2276,0.4277
1787925100.497440,0.188368,0.922300,2.809315,0.2199,0.4173
1787925100.506461,0.187072,0.922375,2.810284,0.1955,0.4173
1787925100.510165,0.185855,0.923026,2.811885,0.2472,0.4173
1787925100.516836,0.184835,0.923480,2.813446,0.2230,0.4173
1787925100.524391,0.183298,0.923651,2.814635,0.2161,0.4173
1787925100.533589,0.181880,0.923439,2.815233,0.1929,0.4173
1787925100.539521,0.180701,0.923694,2.815921,0.1956,0.4173
1787925100.545568,0.179447,0.924312,2.817413,0.2057,0.4173
1787925100.555972,0.178521,0.925011,2.819091,0.1757,0.4173
1787925100.557272,0.177010,0.924857,2.819049,0.4422,0.4173
1787925100.563190,0.176046,0.925172,2.820274,0.3610,0.4173
1787925100.570264,0.175081,0.925869,2.821979,0.3008,0.4173
1787925100.579308,0.173684,0.925983,2.822757,0.2558,0.4173
1787925100.586245,0.172274,0.925402,2.822806,0.2291,0.4173
1787925100.592096,0.171363,0.926275,2.824377,0.2187,0.4173
1787925100.596609,0.170341,0.926848,2.826108,0.2295,0.4097
1787925100.605512,0.169071,0.926987,2.826493,0.2028,0.4097
1787925100.610073,0.168018,0.927317,2.827663,0.2145,0.4097
1787925100.618166,0.166815,0.927432,2.827952,0.1939,0.4097
1787925100.623833,0.165716,0.927978,2.829730,0.1999,0.4097
1787925100.629946,0.164646,0.928121,2.830474,0.1921,0.4097
1787925100.638480,0.163498,0.928274,2.831785,0.1746,0.4097
1787925100.644770,0.162151,0.928517,2.832113,0.1869,0.4097
1787925100.650770,0.161267,0.929254,2.833747,0.1841,0.4097
1787925100.657883,0.160240,0.929845,2.835152,0.1777,0.4097
1787925100.662346,0.159080,0.930006,2.836010,0.2020,0.4097
1787925100.670869,0.157724,0.929476,2.836780,0.1813,0.4097
1787925100.676812,0.156491,0.930166,2.837691,0.1968,0.4097
1787925100.683514,0.155338,0.930753,2.839200,0.1948,0.4097
1787925100.690746,0.154258,0.930098,2.839688,0.1711,0.4097
1787925100.697288,0.153002,0.930597,2.840894,0.1815,0.5008
1787925100.705823,0.152020,0.931285,2.842514,0.1672,0.5008
1787925100.714752,0.151198,0.931773,2.844259,0.1482,0.5008
1787925100.717643,0.150204,0.932315,2.845332,0.2188,0.5008
1787925100.724563,0.148747,0.932083,2.845551,0.2107,0.5008
1787925100.729448,0.147727,0.932705,2.846542,0.2185,0.5008
1787925100.738697,0.146713,0.933168,2.847487,0.1888,0.5008
1787925100.745689,0.145466,0.933377,2.847966,0.1860,0.5008
1787925100.750366,0.144494,0.932765,2.848324,0.1785,0.5008
1787925100.755214,0.143110,0.933009,2.848500,0.2113,0.5008
1787925100.763587,0.142472,0.933899,2.850095,0.1790,0.5008
1787925100.770257,0.141420,0.934166,2.850853,0.1740,0.5008
1787925100.777995,0.140397,0.934286,2.851613,0.1612,0.5008
1787925100.784606,0.139242,0.934693,2.852583,0.1683,0.5008
1787925100.790088,0.138022,0.934937,2.852861,0.1856,0.5008
1787925100.797358,0.137141,0.935391,2.853994,0.1701,0.4997
1787925100.804133,0.136056,0.935054,2.853864,0.1609,0.4997
1787925100.813051,0.134967,0.935059,2.854050,0.1478,0.4997
1787925100.817358,0.134280,0.935361,2.855222,0.1553,0.4997
1787925100.824941,0.132948,0.935659,2.855168,0.1626,0.4997
1787925100.830058,0.131930,0.936332,2.855892,0.1822,0.4997
1787925100.838362,0.130808,0.936393,2.856519,0.1671,0.4997
1787925100.844767,0.129689,0.936313,2.856245,0.1662,0.4997
1787925100.849849,0.128538,0.936589,2.857445,0.1861,0.4997
1787925100.857297,0.127500,0.937058,2.858760,0.1757,0.4997
1787925100.862891,0.126458,0.937310,2.859165,0.1804,0.4997
1787925100.870969,0.125583,0.937194,2.860619,0.1563,0.4997
1787925100.876651,0.124554,0.937599,2.861435,0.1675,0.4997
1787925100.883973,0.123835,0.938044,2.863545,0.1506,0.4997
1787925100.892931,0.122794,0.938450,2.864727,0.1427,0.4997
1787925100.898836,0.121963,0.938677,2.865867,0.1436,0.4945
1787925100.905168,0.120647,0.938743,2.866902,0.1614,0.4945
1787925100.910178,0.119689,0.938939,2.867835,0.1714,0.4945
1787925100.916566,0.118823,0.939093,2.868974,0.1611,0.4945
1787925100.926238,0.117541,0.939131,2.869211,0.1514,0.4945
1787925100.930142,0.116434,0.939534,2.869870,0.1962,0.4945
1787925100.936508,0.115649,0.939652,2.871146,0.1745,0.4945
1787925100.942596,0.114717,0.939857,2.872092,0.1691,0.4945
1787925100.952326,0.113863,0.940259,2.873284,0.1470,0.4945
1787925100.958055,0.112919,0.940284,2.873709,0.1510,0.4945
1787925100.963255,0.112317,0.940939,2.876271,0.1491,0.4945
1787925100.970407,0.111114,0.940856,2.876148,0.1521,0.4945
1787925100.976853,0.110256,0.941144,2.877036,0.1485,0.4945
1787925100.983613,0.109270,0.941130,2.878133,0.1461,0.4945
1787925100.991353,0.108171,0.941326,2.878662,0.1454,0.4945
1787925100.997139,0.107264,0.941476,2.879509,0.1492,0.4825
1787925101.005908,0.106162,0.941731,2.880519,0.1431,0.4825
1787925101.012504,0.105386,0.941888,2.881492,0.1361,0.4825
1787925101.019009,0.104345,0.941790,2.882394,0.1405,0.4825
1787925101.027634,0.103500,0.942137,2.883872,0.1299,0.4825
1787925101.031792,0.102637,0.942253,2.884910,0.1533,0.4825
1787925101.037264,0.101639,0.942232,2.885464,0.1599,0.4825
1787925101.044673,0.100717,0.942540,2.886476,0.1512,0.4825
1787925101.050625,0.099795,0.942561,2.887437,0.1511,0.4825
1787925101.057856,0.098984,0.942881,2.888894,0.1417,0.4825
1787925101.064159,0.097914,0.942871,2.889561,0.1484,0.4825
1787925101.071691,0.097011,0.943209,2.890560,0.1420,0.4825
1787925101.078670,0.096128,0.942343,2.891225,0.1270,0.4825
1787925101.087760,0.095049,0.942680,2.892545,0.1261,0.4825
1787925101.092917,0.094210,0.942808,2.893353,0.1374,0.4825
1787925101.097600,0.093592,0.943130,2.894935,0.1396,0.4583
1787925101.104801,0.092627,0.943483,2.895688,0.1403,0.4583
1787925101.112606,0.091641,0.943653,2.896242,0.1366,0.4583
1787925101.118055,0.090753,0.943785,2.897369,0.1448,0.4583
1787925101.124495,0.089762,0.943940,2.898115,0.1479,0.4583
1787925101.129976,0.088854,0.943770,2.898889,0.1495,0.4583
1787925101.136442,0.087933,0.944099,2.900068,0.1498,0.4583
1787925101.143512,0.086864,0.944041,2.900735,0.1484,0.4583
1787925101.151676,0.085992,0.943894,2.900839,0.1337,0.4583
1787925101.158401,0.085281,0.944063,2.902353,0.1262,0.4583
1787925101.163058,0.084301,0.944256,2.903086,0.1526,0.4583
1787925101.168629,0.083631,0.944543,2.903881,0.1455,0.4583
1787925101.176822,0.082878,0.944679,2.904798,0.1298,0.4583
1787925101.184442,0.081844,0.944748,2.905527,0.1311,0.4583
1787925101.190144,0.080954,0.945024,2.906595,0.1407,0.4583
1787925101.197217,0.080101,0.945376,2.907394,0.1371,0.4452
1787925101.203378,0.079392,0.945578,2.908669,0.1319,0.4452
1787925101.210115,0.078333,0.945324,2.908905,0.1356,0.4452
1787925101.225055,0.077497,0.945524,2.909966,0.1122,0.4452
1787925101.226303,0.076379,0.945506,2.910538,0.3392,0.4452
1787925101.234210,0.075226,0.945404,2.910666,0.2791,0.4452
1787925101.237530,0.074485,0.945818,2.912309,0.2691,0.4452
1787925101.245645,0.074062,0.946300,2.913730,0.2076,0.4452
1787925101.252252,0.073182,0.946268,2.914699,0.1840,0.4452
1787925101.257872,0.072185,0.946489,2.915385,0.1833,0.4452
1787925101.262485,0.071261,0.946750,2.916040,0.1907,0.4452
1787925101.269293,0.070545,0.947064,2.916950,0.1673,0.4452
1787925101.275907,0.069859,0.947203,2.918273,0.1488,0.4452
1787925101.287211,0.068882,0.947287,2.919023,0.1300,0.4452
1787925101.293538,0.067824,0.947305,2.919209,0.1401,0.4452
1787925101.298212,0.066786,0.947138,2.919844,0.1607,0.5562
1787925101.302724,0.065955,0.947298,2.920225,0.1688,0.5562
1787925101.309742,0.065066,0.947373,2.921631,0.1559,0.5562
1787925101.318976,0.064077,0.947366,2.922157,0.1405,0.5562
1787925101.325241,0.063069,0.947497,2.922968,0.1468,0.5562
1787925101.329719,0.062020,0.947272,2.922789,0.1681,0.5562
1787925101.336735,0.061247,0.947542,2.924177,0.1524,0.5562
1787925101.342766,0.060577,0.948072,2.925714,0.1449,0.5562
1787925101.351701,0.059590,0.948196,2.926459,0.1347,0.5562
1787925101.358313,0.058757,0.948062,2.927137,0.1299,0.5562
1787925101.363430,0.057750,0.947993,2.927877,0.1478,0.5562
1787925101.369202,0.056818,0.948293,2.929181,0.1541,0.5562
1787925101.377380,0.055795,0.948448,2.929966,0.1457,0.5562
1787925101.385774,0.054988,0.948643,2.931103,0.1317,0.5562
1787925101.390607,0.053974,0.948725,2.931440,0.1548,0.5562
1787925101.397124,0.052856,0.948468,2.931683,0.1562,0.5335
1787925101.403643,0.051989,0.948646,2.931936,0.1501,0.5335
1787925101.412369,0.051266,0.948821,2.933021,0.1306,0.5335
1787925101.418376,0.050380,0.948859,2.933206,0.1351,0.5335
1787925101.423203,0.049446,0.949160,2.934475,0.1552,0.5335
1787925101.432007,0.048402,0.949151,2.935397,0.1434,0.5335
1787925101.438111,0.047730,0.949569,2.936688,0.1369,0.5335
1787925101.444709,0.046554,0.949789,2.937601,0.1502,0.5335
1787925101.450291,0.045717,0.949909,2.938556,0.1505,0.5335
1787925101.457867,0.044773,0.950139,2.940124,0.1438,0.5335
1787925101.464658,0.044045,0.950243,2.941120,0.1331,0.5335
1787925101.470669,0.043121,0.950442,2.942341,0.1404,0.5335
1787925101.475556,0.042044,0.950313,2.943045,0.1615,0.5335
1787925101.482621,0.041127,0.950518,2.944320,0.1529,0.5335
1787925101.491756,0.040364,0.950613,2.945305,0.1322,0.5335
1787925101.499926,0.039410,0.950483,2.946813,0.1260,0.5136
1787925101.505615,0.038274,0.950700,2.947676,0.1492,0.5136
1787925101.511691,0.037175,0.951253,2.949257,0.1629,0.5136
1787925101.517938,0.036484,0.950663,2.950016,0.1412,0.5136
1787925101.523668,0.035545,0.951024,2.951463,0.1507,0.5136
1787925101.531630,0.034456,0.951013,2.952800,0.1457,0.5136
1787925101.539484,0.033712,0.951090,2.953907,0.1305,0.5136
1787925101.545752,0.032874,0.951459,2.955151,0.1340,0.5136
1787925101.552114,0.031869,0.951441,2.956361,0.1402,0.5136
1787925101.556859,0.031112,0.951590,2.957939,0.1470,0.5136
1787925101.563373,0.030135,0.951665,2.958584,0.1477,0.5136
1787925101.571225,0.029434,0.952005,2.960138,0.1321,0.5136
1787925101.576377,0.028400,0.952034,2.961160,0.1520,0.5136
1787925101.583758,0.027616,0.951789,2.961519,0.1360,0.5136
1787925101.590579,0.026826,0.952043,2.963162,0.1314,0.5136
1787925101.597547,0.025992,0.951864,2.963966,0.1259,0.4778
1787925101.604766,0.025130,0.952054,2.964823,0.1248,0.4778
1787925101.610726,0.024623,0.952080,2.966128,0.1127,0.4778
1787925101.618719,0.023829,0.952031,2.967085,0.1079,0.4778
1787925101.624675,0.022886,0.951887,2.967723,0.1211,0.4778
1787925101.632793,0.022048,0.951773,2.968172,0.1146,0.4778
1787925101.636440,0.021235,0.951774,2.968790,0.1460,0.4778
1787925101.646319,0.020333,0.951792,2.969451,0.1293,0.4778
1787925101.650538,0.019485,0.951450,2.969690,0.1458,0.4778
1787925101.657803,0.018450,0.951131,2.970594,0.1419,0.4778
1787925101.664491,0.017776,0.951460,2.971535,0.1316,0.4778
1787925101.674916,0.017067,0.951592,2.972884,0.1129,0.4778
1787925101.680374,0.016425,0.951659,2.973703,0.1144,0.4778
1787925101.685116,0.015440,0.951531,2.974241,0.1402,0.4778
1787925101.689848,0.014460,0.951864,2.975425,0.1629,0.4778
1787925101.698074,0.013850,0.952081,2.976535,0.1373,0.4325
1787925101.704736,0.013155,0.952157,2.977865,0.1275,0.4325
1787925101.710551,0.012503,0.952342,2.979010,0.1240,0.4325
1787925101.723575,0.011744,0.952582,2.979779,0.1050,0.4325
1787925101.729509,0.010915,0.952632,2.980895,0.1152,0.4325
1787925101.732200,0.010165,0.952305,2.981109,0.1574,0.4325
1787925101.738971,0.009221,0.952442,2.981897,0.1524,0.4325
1787925101.749850,0.008734,0.952300,2.983485,0.1194,0.4325
1787925101.752366,0.007889,0.952609,2.984266,0.1889,0.4325
1787925101.757458,0.006876,0.952374,2.984659,0.1890,0.4325
1787925101.764450,0.005803,0.952332,2.985131,0.1775,0.4325
1787925101.770765,0.004977,0.952003,2.985952,0.1606,0.4325
1787925101.777072,0.004232,0.951888,2.986336,0.1466,0.4325
1787925101.782725,0.003486,0.952508,2.987773,0.1467,0.4325
1787925101.790641,0.002768,0.952719,2.988779,0.1308,0.4325
1787925101.799495,0.001760,0.952451,2.989180,0.1240,0.4003
1787925101.804325,0.000906,0.952508,2.990286,0.1398,0.4003
1787925101.806384,0.000226,0.952426,2.990691,0.1939,0.4003
1787925101.816170,-0.000854,0.952736,2.991659,0.1699,0.4003
1787925101.823191,-0.001627,0.952882,2.992604,0.1525,0.4003
1787925101.831795,-0.002483,0.952897,2.993658,0.1364,0.4003
1787925101.837746,-0.003317,0.952772,2.994273,0.1362,0.4003
1787925101.847211,-0.004013,0.952991,2.995717,0.1181,0.4003
1787925101.850744,-0.004985,0.953019,2.996836,0.1647,0.4003
1787925101.861384,-0.005771,0.953135,2.997692,0.1377,0.4003
1787925101.864171,-0.006586,0.953216,2.998683,0.1844,0.4003
1787925101.872521,-0.007343,0.953373,2.999747,0.1568,0.4003
1787925101.876795,-0.008075,0.953235,3.000603,0.1593,0.4003
1787925101.885180,-0.008931,0.953242,3.001043,0.1419,0.4003
1787925101.889262,-0.010012,0.953538,3.002114,0.1810,0.4003
1787925101.897335,-0.010532,0.953922,3.003417,0.1478,0.3670
1787925101.904549,-0.011426,0.953571,3.003460,0.1383,0.3670
1787925101.910504,-0.012078,0.953726,3.004372,0.1304,0.3670
1787925101.915815,-0.012991,0.953579,3.005257,0.1413,0.3670
1787925101.924076,-0.013788,0.953578,3.005797,0.1275,0.3670
1787925101.930731,-0.014741,0.953677,3.006700,0.1325,0.3670
1787925101.940396,-0.015376,0.953874,3.007792,0.1131,0.3670
1787925101.944637,-0.016376,0.953887,3.008879,0.1494,0.3670
1787925101.951236,-0.017269,0.953757,3.009746,0.1440,0.3670
1787925101.958061,-0.018267,0.953666,3.010627,0.1438,0.3670
1787925101.963619,-0.019156,0.953911,3.011626,0.1500,0.3670
1787925101.970015,-0.020396,0.953852,3.014149,0.1623,0.3670
1787925101.976902,-0.021070,0.953955,3.014861,0.1433,0.3670
1787925101.983151,-0.021586,0.954870,3.020395,0.1302,0.3670
1787925101.991461,-0.022358,0.955154,3.020858,0.1200,0.3670
1787925101.998189,-0.023211,0.955374,3.022771,0.1230,0.3360
1787925102.005171,-0.024079,0.955128,3.023742,0.1219,0.3360
1787925102.010941,-0.024741,0.955658,3.025006,0.1227,0.3360
1787925102.017237,-0.025691,0.955578,3.025104,0.1304,0.3360
1787925102.023640,-0.026468,0.955972,3.026693,0.1296,0.3360
1787925102.030859,-0.027521,0.955433,3.027000,0.1316,0.3360
1787925102.037228,-0.028377,0.955706,3.028166,0.1336,0.3360
1787925102.043592,-0.029368,0.955574,3.028783,0.1393,0.3360
1787925102.051378,-0.030126,0.955972,3.030466,0.1282,0.3360
1787925102.056880,-0.031059,0.955672,3.030524,0.1385,0.3360
1787925102.064906,-0.031899,0.955807,3.031595,0.1287,0.3360
1787925102.070682,-0.032719,0.955682,3.032053,0.1317,0.3360
1787925102.076624,-0.033492,0.955760,3.032866,0.1314,0.3360
1787925102.083825,-0.034419,0.956101,3.034161,0.1319,0.3360
1787925102.089450,-0.035061,0.956117,3.034573,0.1265,0.3360
1787925102.099854,-0.035874,0.956347,3.035533,0.1125,0.1479
1787925102.105991,-0.036544,0.956406,3.036367,0.1117,0.1479
1787925102.110098,-0.037344,0.956394,3.036742,0.1362,0.1479
1787925102.116482,-0.038122,0.956477,3.037488,0.1321,0.1479
1787925102.125833,-0.039140,0.956538,3.037673,0.1252,0.1479
1787925102.131609,-0.039912,0.956296,3.037589,0.1262,0.1479
1787925102.140532,-0.040794,0.956232,3.038393,0.1176,0.1479
1787925102.144114,-0.041681,0.956690,3.039719,0.1601,0.1479
1787925102.155513,-0.042547,0.956358,3.040196,0.1339,0.1479
1787925102.157765,-0.043576,0.956169,3.040501,0.2276,0.1479
1787925102.164138,-0.044447,0.956247,3.040850,0.2005,0.1479
1787925102.170306,-0.045410,0.956536,3.041983,0.1884,0.1479
1787925102.179667,-0.046068,0.956704,3.043072,0.1534,0.1479
1787925102.189413,-0.047098,0.956641,3.044138,0.1387,0.1479
1787925102.190320,-0.048137,0.956506,3.044249,0.4345,0.1479
1787925102.196724,-0.048970,0.956978,3.046069,0.3451,0.1058
1787925102.202995,-0.049838,0.957052,3.047046,0.2833,0.1058
1787925102.210484,-0.050733,0.957646,3.049123,0.2362,0.1058
1787925102.217450,-0.051669,0.957601,3.050450,0.2053,0.1058
1787925102.223076,-0.052512,0.957778,3.052310,0.1893,0.1058
1787925102.229252,-0.053375,0.957984,3.053686,0.1752,0.1058
1787925102.237014,-0.054368,0.957922,3.054568,0.1606,0.1058
1787925102.243707,-0.055460,0.957986,3.056113,0.1615,0.1058
1787925102.248891,-0.056614,0.957807,3.055874,0.1786,0.1058
1787925102.257178,-0.057557,0.958083,3.056484,0.1599,0.1058
1787925102.262963,-0.058409,0.957925,3.056443,0.1552,0.1058
1787925102.272902,-0.059662,0.958160,3.056855,0.1470,0.1058
1787925102.276844,-0.060786,0.957789,3.055909,0.1857,0.1058
1787925102.282815,-0.061869,0.957554,3.056154,0.1832,0.1058
1787925102.289777,-0.062971,0.957616,3.055957,0.1758,0.1058
1787925102.296515,-0.064123,0.957632,3.056247,0.1742,-0.0000
1787925102.302933,-0.065241,0.957733,3.057020,0.1744,-0.0000
1787925102.310966,-0.066080,0.957827,3.057097,0.1536,-0.0000
1787925102.315827,-0.067042,0.957716,3.057907,0.1661,-0.0000
1787925102.323615,-0.068152,0.957714,3.058310,0.1589,-0.0000
1787925102.331750,-0.069244,0.957804,3.058573,0.1516,-0.0000
1787925102.337270,-0.069974,0.957756,3.059163,0.1455,-0.0000
1787925102.344073,-0.070761,0.958043,3.059829,0.1374,-0.0000
1787925102.351413,-0.071590,0.958084,3.060039,0.1301,-0.0000
1787925102.358315,-0.072306,0.957919,3.059998,0.1215,-0.0000
1787925102.364666,-0.073021,0.957975,3.060010,0.1189,-0.0000
1787925102.371228,-0.073539,0.958091,3.060597,0.1073,-0.0000
1787925102.375983,-0.074318,0.957823,3.060061,0.1227,-0.0000
1787925102.382791,-0.074858,0.957910,3.060228,0.1099,-0.0000
1787925102.389570,-0.075363,0.958103,3.060419,0.0999,-0.0000
1787925102.396865,-0.075810,0.957911,3.060512,0.0876,-0.0000
1787925102.403482,-0.075939,0.958229,3.061235,0.0683,-0.0000
1787925102.409941,-0.076335,0.958436,3.061893,0.0669,-0.0000
1787925102.416934,-0.076489,0.958486,3.062125,0.0536,-0.0000
1787925102.426480,-0.076653,0.958434,3.062124,0.0425,-0.0000
1787925102.431678,-0.076929,0.958415,3.061812,0.0456,-0.0000
1787925102.439437,-0.077119,0.958212,3.061284,0.0386,-0.0000
1787925102.445845,-0.077231,0.957976,3.061017,0.0314,-0.0000
1787925102.451900,-0.077321,0.958145,3.060931,0.0270,-0.0000
1787925102.460847,-0.077329,0.957952,3.060660,0.0187,-0.0000
1787925102.464489,-0.077342,0.957910,3.060587,0.0139,-0.0000
1787925102.471268,-0.077247,0.958073,3.061241,0.0061,-0.0000
1787925102.477117,-0.077281,0.957879,3.060583,0.0052,-0.0000
1787925102.482846,-0.077066,0.957879,3.060410,-0.0076,-0.0000
1787925102.491132,-0.076950,0.957774,3.060317,-0.0098,-0.0000
1787925102.499564,-0.076887,0.957827,3.060554,-0.0089,-0.0000
1787925102.505038,-0.076773,0.957912,3.060894,-0.0121,-0.0000
1787925102.510528,-0.076612,0.957966,3.061109,-0.0170,-0.0000
1787925102.516670,-0.076345,0.957943,3.061605,-0.0250,-0.0000
1787925102.524007,-0.076262,0.957985,3.061495,-0.0207,-0.0000
1787925102.531978,-0.076068,0.958230,3.061673,-0.0211,-0.0000
1787925102.537798,-0.075933,0.958076,3.061590,-0.0223,-0.0000
1787925102.544194,-0.075718,0.958063,3.061611,-0.0257,-0.0000
1787925102.554551,-0.075531,0.958272,3.062001,-0.0229,-0.0000
1787925102.559253,-0.075464,0.958103,3.061727,-0.0211,-0.0000
1787925102.565199,-0.075313,0.958159,3.062124,-0.0222,-0.0000
1787925102.569288,-0.075080,0.958410,3.062373,-0.0311,-0.0000
1787925102.576145,-0.075158,0.958443,3.062450,-0.0183,-0.0000
1787925102.583738,-0.074975,0.958409,3.062911,-0.0201,-0.0000
1787925102.590182,-0.074954,0.958628,3.063126,-0.0142,-0.0000
1787925102.596441,-0.074985,0.958861,3.063654,-0.0076,-0.0000
1787925102.604881,-0.074952,0.958626,3.063666,-0.0072,-0.0000
1787925102.610791,-0.074927,0.958951,3.064116,-0.0050,-0.0000
1787925102.618341,-0.074858,0.959022,3.064294,-0.0060,-0.0000
1787925102.623214,-0.074910,0.958831,3.063962,-0.0019,-0.0000
1787925102.630770,-0.074980,0.959078,3.064135,0.0022,-0.0000
1787925102.638952,-0.074995,0.958888,3.063688,0.0016,-0.0000
1787925102.644072,-0.075098,0.958762,3.063698,0.0065,-0.0000
1787925102.650263,-0.075130,0.958766,3.063560,0.0061,-0.0000
1787925102.659271,-0.075230,0.958589,3.063277,0.0071,-0.0000
1787925102.667968,-0.075304,0.958617,3.063058,0.0076,-0.0000
1787925102.672285,-0.075355,0.958768,3.063444,0.0097,-0.0000
1787925102.676368,-0.075398,0.958720,3.063223,0.0096,-0.0000
1787925102.683223,-0.075401,0.958660,3.063052,0.0067,-0.0000
1787925102.690073,-0.075517,0.958722,3.063353,0.0100,-0.0000
1787925102.699014,-0.075397,0.958777,3.063503,0.0031,-0.0000
1787925102.705935,-0.075439,0.958611,3.063042,0.0034,-0.0000
1787925102.711125,-0.075372,0.958782,3.063663,-0.0007,-0.0000
1787925102.715736,-0.075455,0.958708,3.063460,0.0045,-0.0000
1787925102.724438,-0.075346,0.958626,3.063591,-0.0008,-0.0000
1787925102.731513,-0.075402,0.958577,3.063303,0.0017,-0.0000
1787925102.738187,-0.075302,0.958596,3.063386,-0.0033,-0.0000
1787925102.744161,-0.075312,0.958529,3.063521,-0.0020,-0.0000
1787925102.749825,-0.075400,0.958479,3.063415,0.0030,-0.0000
1787925102.761173,-0.075299,0.958643,3.063220,-0.0002,-0.0000
1787925102.768394,-0.075142,0.958631,3.063192,-0.0067,-0.0000
1787925102.772271,-0.075254,0.958634,3.063181,0.0040,-0.0000
1787925102.776975,-0.075103,0.958501,3.063538,-0.0074,-0.0000
1787925102.783232,-0.075210,0.958763,3.063479,0.0009,-0.0000
1787925102.790110,-0.075071,0.958733,3.063702,-0.0055,-0.0000
1787925102.797117,-0.075262,0.958784,3.063533,0.0044,-0.0000
1787925102.804307,-0.075090,0.958775,3.063952,-0.0041,-0.0000
1787925102.810977,-0.075198,0.958796,3.063663,0.0020,-0.0000
1787925102.817091,-0.075185,0.958835,3.063722,0.0010,-0.0000
1787925102.825343,-0.075176,0.958864,3.063731,0.0004,-0.0000
1787925102.830825,-0.075267,0.958726,3.063422,0.0047,-0.0000
1787925102.836782,-0.075261,0.958721,3.063377,0.0029,-0.0000
1787925102.843460,-0.075244,0.958768,3.063413,0.0015,-0.0000
1787925102.851023,-0.075223,0.958654,3.063496,-0.0001,-0.0000
1787925102.858351,-0.075341,0.958713,3.063312,0.0049,-0.0000
1787925102.863880,-0.075175,0.958753,3.063587,-0.0054,-0.0000
1787925102.872075,-0.075280,0.958638,3.063410,-0.0003,-0.0000
1787925102.876395,-0.075202,0.958572,3.063369,-0.0059,-0.0000
1787925102.882920,-0.075264,0.958519,3.063299,-0.0015,-0.0000
1787925102.890122,-0.075348,0.958761,3.063715,0.0032,-0.0000
1787925102.895700,-0.075204,0.958827,3.063779,-0.0052,-0.0000
1787925102.904175,-0.075226,0.958422,3.063139,-0.0040,-0.0000
1787925102.912547,-0.075330,0.958833,3.063582,0.0021,-0.0000
1787925102.918939,-0.075240,0.958706,3.063484,-0.0032,-0.0000
1787925102.922668,-0.075220,0.958691,3.063296,-0.0039,-0.0000
1787925102.932540,-0.075272,0.958703,3.063433,-0.0011,-0.0000
1787925102.939826,-0.075144,0.958749,3.063574,-0.0059,-0.0000
1787925102.945828,-0.075220,0.958766,3.063630,-0.0003,-0.0000
1787925102.952200,-0.075300,0.958493,3.063205,0.0026,-0.0000
1787925102.957604,-0.075163,0.958604,3.063236,-0.0053,-0.0000
1787925102.964441,-0.075267,0.958454,3.063487,0.0003,-0.0000
1787925102.972881,-0.075394,0.958598,3.063404,0.0051,-0.0000
1787925102.977356,-0.075209,0.958702,3.063489,-0.0082,-0.0000
1787925102.983249,-0.075238,0.958664,3.063597,-0.0044,-0.0000
1787925102.990301,-0.075244,0.958608,3.063550,-0.0030,-0.0000
1787925102.996241,-0.075179,0.958660,3.063302,-0.0052,-0.0000
1787925103.004835,-0.075207,0.958665,3.063314,-0.0026,-0.0000
1787925103.012655,-0.075265,0.958791,3.063536,0.0008,-0.0000
1787925103.019857,-0.075249,0.958846,3.063684,0.0001,-0.0000
1787925103.023504,-0.075286,0.958919,3.063629,0.0035,-0.0000
1787925103.030197,-0.075322,0.958577,3.063204,0.0029,-0.0000
1787925103.038834,-0.075284,0.958878,3.063409,0.0015,-0.0000
1787925103.045762,-0.075299,0.958725,3.063473,0.0012,-0.0000
1787925103.050123,-0.075230,0.958719,3.063382,-0.0040,-0.0000
1787925103.060645,-0.075238,0.958656,3.063579,-0.0027,-0.0000
1787925103.066594,-0.075249,0.958433,3.063442,-0.0022,-0.0000
1787925103.071263,-0.075251,0.958593,3.063600,-0.0006,-0.0000
1787925103.077559,-0.075238,0.958638,3.063559,-0.0009,-0.0000
1787925103.083206,-0.075276,0.958618,3.063552,0.0013,-0.0000
1787925103.090545,-0.075188,0.958699,3.063590,-0.0024,-0.0000
1787925103.097430,-0.075273,0.958770,3.063589,0.0022,-0.0000
1787925103.103549,-0.075217,0.958562,3.063482,-0.0020,-0.0000
1787925103.110766,-0.075200,0.958827,3.063531,-0.0012,-0.0000
1787925103.117295,-0.075298,0.958699,3.063277,0.0032,-0.0000
1787925103.124816,-0.075223,0.958839,3.063614,-0.0003,-0.0000
1787925103.131356,-0.075297,0.958627,3.063291,0.0024,-0.0000
1787925103.137688,-0.075282,0.958627,3.063698,0.0010,-0.0000
1787925103.144721,-0.075221,0.958814,3.063444,-0.0013,-0.0000
1787925103.152111,-0.075301,0.958807,3.063463,0.0023,-0.0000
1787925103.157439,-0.075239,0.958555,3.063486,-0.0030,-0.0000
1787925103.163771,-0.075128,0.958700,3.063573,-0.0068,-0.0000
1787925103.171659,-0.075231,0.958688,3.063450,-0.0009,-0.0000
1787925103.178697,-0.075260,0.958546,3.063463,0.0001,-0.0000
1787925103.183992,-0.075188,0.958544,3.063313,-0.0040,-0.0000
1787925103.191069,-0.075285,0.958619,3.063532,0.0016,-0.0000
1787925103.196270,-0.075274,0.958739,3.063418,0.0010,-0.0000
1787925103.203442,-0.075304,0.958666,3.063421,0.0017,-0.0000
1787925103.212575,-0.075335,0.958651,3.063342,0.0022,-0.0000
1787925103.217130,-0.075247,0.958631,3.063161,-0.0044,-0.0000
1787925103.223398,-0.075274,0.958781,3.063562,-0.0012,-0.0000
1787925103.230504,-0.075254,0.958682,3.063502,-0.0020,-0.0000
1787925103.238118,-0.075217,0.958568,3.063208,-0.0032,-0.0000
1787925103.245899,-0.075183,0.958674,3.063499,-0.0032,-0.0000
1787925103.251935,-0.075249,0.958518,3.063403,0.0004,-0.0000
1787925103.256884,-0.075162,0.958622,3.063606,-0.0045,-0.0000
1787925103.265029,-0.075257,0.958552,3.063254,0.0001,-0.0000
1787925103.271780,-0.075162,0.958737,3.063918,-0.0035,-0.0000
1787925103.280171,-0.075218,0.958684,3.063510,-0.0006,-0.0000
1787925103.284129,-0.075309,0.958719,3.063385,0.0067,-0.0000
1787925103.290439,-0.075289,0.958822,3.063526,0.0041,-0.0000
1787925103.297222,-0.075233,0.958676,3.063922,-0.0001,-0.0000
1787925103.301915,-0.075208,0.958693,3.063224,-0.0016,-0.0000
1787925103.310776,-0.075314,0.958768,3.063454,0.0027,-0.0000
1787925103.317586,-0.075251,0.958740,3.063558,-0.0010,-0.0000
1787925103.323566,-0.075217,0.958508,3.063142,-0.0033,-0.0000
1787925103.331492,-0.075215,0.958910,3.063528,-0.0012,-0.0000
1787925103.337558,-0.075252,0.958661,3.063263,0.0000,-0.0000
1787925103.345459,-0.075244,0.958810,3.063783,0.0001,-0.0000
1787925103.349612,-0.075186,0.958582,3.063413,-0.0054,-0.0000
1787925103.356972,-0.075242,0.958791,3.063586,-0.0008,-0.0000
1787925103.364113,-0.075164,0.958815,3.063860,-0.0038,-0.0000
1787925103.373246,-0.075195,0.958592,3.063072,-0.0022,-0.0000
1787925103.378227,-0.075200,0.958726,3.063800,-0.0006,-0.0000
1787925103.382975,-0.075306,0.958562,3.063238,0.0054,-0.0000
1787925103.389854,-0.075252,0.958653,3.063051,0.0018,-0.0000
1787925103.397453,-0.075147,0.958886,3.063888,-0.0022,-0.0000
1787925103.403514,-0.075278,0.958775,3.063552,0.0045,-0.0000
1787925103.410297,-0.075201,0.958645,3.063576,-0.0007,-0.0000
1787925103.416908,-0.075262,0.958550,3.063269,0.0019,-0.0000
1787925103.425545,-0.075292,0.958845,3.063651,0.0032,-0.0000
1787925103.430616,-0.075266,0.958625,3.063021,-0.0003,-0.0000
1787925103.437342,-0.075331,0.958600,3.063492,0.0026,-0.0000
1787925103.443594,-0.075244,0.958728,3.063550,-0.0019,-0.0000
1787925103.445961,-0.075263,0.958730,3.063371,0.0012,-0.0000
1787925103.456661,-0.075275,0.958656,3.063605,0.0010,-0.0000
1787925103.462818,-0.075211,0.958599,3.063432,-0.0027,-0.0000
1787925103.471258,-0.075257,0.958658,3.063537,-0.0001,-0.0000
1787925103.477854,-0.075214,0.958450,3.063324,-0.0027,-0.0000
1787925103.487817,-0.075194,0.958589,3.063578,-0.0022,-0.0000
1787925103.491363,-0.075234,0.958750,3.063558,0.0029,-0.0000
1787925103.499401,-0.075189,0.958798,3.063562,0.0005,-0.0000
1787925103.504878,-0.075183,0.958815,3.063650,0.0001,-0.0000
1787925103.510438,-0.075313,0.958665,3.063297,0.0064,-0.0000
1787925103.515795,-0.075151,0.958832,3.063776,-0.0038,-0.0000
1787925103.524166,-0.075247,0.958709,3.063244,0.0004,-0.0000
1787925103.529514,-0.075384,0.958706,3.063331,0.0079,-0.0000
1787925103.537598,-0.075252,0.958894,3.063740,0.0012,-0.0000
1787925103.547171,-0.075305,0.958640,3.063266,0.0019,-0.0000
1787925103.553707,-0.075283,0.958738,3.063695,0.0007,-0.0000
1787925103.557430,-0.075237,0.958457,3.063388,-0.0050,-0.0000
1787925103.564389,-0.075287,0.958738,3.063466,-0.0004,-0.0000
1787925103.572970,-0.075172,0.958565,3.063536,-0.0048,-0.0000
1787925103.578247,-0.075202,0.958325,3.063254,-0.0027,-0.0000
1787925103.587825,-0.075258,0.958494,3.063169,0.0002,-0.0000
1787925103.591857,-0.075243,0.958680,3.063826,0.0001,-0.0000
1787925103.597369,-0.075227,0.958541,3.063343,-0.0013,-0.0000
1787925103.603332,-0.075196,0.958669,3.063533,-0.0020,-0.0000
1787925103.609829,-0.075284,0.958503,3.063033,0.0021,-0.0000
1787925103.620034,-0.075311,0.958766,3.063583,0.0028,-0.0000
1787925103.624635,-0.075366,0.958595,3.063258,0.0047,-0.0000
1787925103.630167,-0.075258,0.958614,3.063159,-0.0025,-0.0000
1787925103.637302,-0.075242,0.958717,3.063352,-0.0021,-0.0000
1787925103.646974,-0.075227,0.958612,3.063305,-0.0022,-0.0000
1787925103.653934,-0.075276,0.958825,3.063703,0.0013,-0.0000
1787925103.661008,-0.075150,0.958510,3.063263,-0.0055,-0.0000
1787925103.665748,-0.075195,0.958845,3.063585,0.0007,-0.0000
1787925103.671132,-0.075344,0.958798,3.063276,0.0085,-0.0000
1787925103.677869,-0.075242,0.958496,3.063650,0.0004,-0.0000
1787925103.684739,-0.075275,0.958420,3.063360,0.0015,-0.0000
1787925103.691475,-0.075254,0.958593,3.063605,0.0007,-0.0000
1787925103.698158,-0.075294,0.958551,3.063291,0.0021,-0.0000
1787925103.702678,-0.075326,0.958736,3.063301,0.0046,-0.0000
1787925103.711780,-0.075324,0.958694,3.063350,0.0030,-0.0000
1787925103.719979,-0.075257,0.958552,3.063316,-0.0007,-0.0000
1787925103.727470,-0.075313,0.958718,3.063366,0.0023,-0.0000
1787925103.731014,-0.075240,0.958812,3.063283,-0.0040,-0.0000
1787925103.736771,-0.075251,0.958690,3.063372,-0.0027,-0.0000
1787925103.745896,-0.075274,0.958629,3.063460,-0.0013,-0.0000
1787925103.751035,-0.075211,0.958732,3.063658,-0.0041,-0.0000
1787925103.756915,-0.075238,0.958747,3.063426,-0.0014,-0.0000
1787925103.765732,-0.075281,0.958613,3.063404,0.0001,-0.0000
1787925103.770777,-0.075391,0.958614,3.063421,0.0066,-0.0000
1787925103.779076,-0.075287,0.958652,3.063344,0.0010,-0.0000
1787925103.784119,-0.075306,0.958706,3.063672,0.0021,-0.0000
1787925103.792188,-0.075311,0.958468,3.063055,0.0009,-0.0000
1787925103.796495,-0.075208,0.958815,3.063965,-0.0046,-0.0000
1787925103.805054,-0.075197,0.958518,3.063392,-0.0044,-0.0000
1787925103.810264,-0.075222,0.958498,3.063139,-0.0018,-0.0000
1787925103.817612,-0.075261,0.958620,3.063406,0.0008,-0.0000
1787925103.823137,-0.075338,0.958667,3.063300,0.0049,-0.0000
1787925103.830091,-0.075184,0.958665,3.063376,-0.0032,-0.0000
1787925103.844922,-0.075328,0.958707,3.063279,0.0007,-0.0000
1787925103.849004,-0.075275,0.958686,3.063584,-0.0035,-0.0000
1787925103.852570,-0.075223,0.958591,3.063145,-0.0074,-0.0000
1787925103.858197,-0.075329,0.958645,3.063464,0.0007,-0.0000
1787925103.864522,-0.075229,0.958485,3.063029,-0.0049,-0.0000
1787925103.871792,-0.075180,0.958773,3.063682,-0.0045,-0.0000
1787925103.879654,-0.075291,0.958558,3.063188,0.0004,-0.0000
1787925103.885551,-0.075189,0.958641,3.063466,-0.0045,-0.0000
1787925103.890291,-0.075308,0.958547,3.063351,0.0039,-0.0000
1787925103.899043,-0.075268,0.958802,3.063462,0.0020,-0.3000
1787925103.904449,-0.075259,0.958568,3.063504,-0.0001,-0.3000
1787925103.910447,-0.075223,0.958769,3.063364,-0.0011,-0.3000
1787925103.916005,-0.075217,0.958795,3.063590,-0.0010,-0.3000
1787925103.925781,-0.075258,0.958806,3.063543,0.0006,-0.3000
1787925103.931916,-0.075291,0.958723,3.063414,0.0017,-0.3000
1787925103.933079,-0.075375,0.958860,3.063468,0.0254,-0.3000
1787925103.943352,-0.075249,0.958717,3.063309,0.0138,-0.3000
1787925103.950108,-0.075291,0.958638,3.063281,0.0112,-0.3000
1787925103.957785,-0.075283,0.958780,3.063425,0.0080,-0.3000
1787925103.964374,-0.075264,0.958506,3.062997,0.0038,-0.3000
1787925103.970942,-0.075285,0.958779,3.063482,0.0045,-0.3000
1787925103.978205,-0.075290,0.958471,3.063425,0.0024,-0.3000
1787925103.983968,-0.075313,0.958813,3.064579,0.0043,-0.3000
1787925103.990113,-0.075148,0.958863,3.064964,-0.0049,-0.3000
1787925104.001917,-0.075174,0.958972,3.064860,-0.0025,-0.6000
1787925104.006414,-0.075158,0.958953,3.064914,-0.0029,-0.6000
1787925104.009694,-0.075218,0.958972,3.065340,0.0035,-0.6000
1787925104.016984,-0.075200,0.958896,3.065315,0.0015,-0.6000
1787925104.023925,-0.075213,0.959105,3.065922,0.0023,-0.6000
1787925104.030955,-0.075305,0.959095,3.066036,0.0055,-0.6000
1787925104.036990,-0.075194,0.959143,3.066110,-0.0015,-0.6000
1787925104.043876,-0.075252,0.959145,3.065836,0.0015,-0.6000
1787925104.051874,-0.075307,0.958919,3.065255,0.0025,-0.6000
1787925104.057775,-0.075355,0.958759,3.064316,0.0035,-0.6000
1787925104.059464,-0.075408,0.958499,3.063822,0.0083,-0.6000
1787925104.070927,-0.075484,0.958734,3.063822,0.0083,-0.6000
1787925104.076588,-0.075491,0.958495,3.063002,0.0051,-0.6000
1787925104.084193,-0.075404,0.958605,3.062522,0.0005,-0.6000
1787925104.090893,-0.075585,0.958336,3.061342,0.0075,-0.6000
1787925104.100060,-0.075567,0.958650,3.061132,0.0055,-0.7000
1787925104.104588,-0.075401,0.958231,3.060895,-0.0094,-0.7000
1787925104.110014,-0.075615,0.958391,3.060706,0.0059,-0.7000
1787925104.116238,-0.075503,0.958631,3.061293,-0.0003,-0.7000
1787925104.123106,-0.075514,0.958767,3.061329,0.0008,-0.7000
1787925104.129295,-0.075478,0.958442,3.061010,-0.0025,-0.7000
1787925104.137030,-0.075458,0.958491,3.060785,-0.0023,-0.7000
1787925104.143401,-0.075368,0.958508,3.060369,-0.0058,-0.7000
1787925104.151133,-0.075494,0.958854,3.060742,0.0019,-0.7000
1787925104.156671,-0.075350,0.958595,3.059731,-0.0076,-0.7000
1787925104.164797,-0.075359,0.958778,3.060244,-0.0044,-0.7000
1787925104.170556,-0.075190,0.958625,3.059475,-0.0125,-0.7000
1787925104.176980,-0.075204,0.958293,3.058227,-0.0094,-0.7000
1787925104.183995,-0.075118,0.958448,3.057564,-0.0097,-0.7000
1787925104.192368,-0.075005,0.958080,3.056293,-0.0119,-0.7000
1787925104.196228,-0.074965,0.957778,3.055199,-0.0135,-0.7000
1787925104.205210,-0.074814,0.957766,3.054594,-0.0145,-0.7000
1787925104.210130,-0.074765,0.957545,3.053347,-0.0143,-0.7000
1787925104.215981,-0.074733,0.957563,3.053009,-0.0115,-0.7000
1787925104.224607,-0.074771,0.957502,3.052526,-0.0070,-0.7000
1787925104.231217,-0.074771,0.957271,3.051268,-0.0058,-0.7000
1787925104.236248,-0.074689,0.957120,3.050505,-0.0098,-0.7000
1787925104.243906,-0.074753,0.957059,3.050046,-0.0046,-0.7000
1787925104.252179,-0.074781,0.957030,3.049632,-0.0023,-0.7000
1787925104.258212,-0.074880,0.957057,3.049364,0.0034,-0.7000
1787925104.265064,-0.074817,0.956973,3.049647,-0.0007,-0.7000
1787925104.271333,-0.074898,0.957293,3.049784,0.0048,-0.7000
1787925104.279239,-0.074896,0.957322,3.050146,0.0034,-0.7000
1787925104.283509,-0.074890,0.957246,3.050276,0.0014,-0.7000
1787925104.290153,-0.075042,0.957232,3.050324,0.0078,-0.7000
1787925104.299226,-0.075014,0.957273,3.050756,0.0047,-0.7000
1787925104.306890,-0.075028,0.957360,3.051017,0.0041,-0.7000
1787925104.309620,-0.075123,0.957246,3.050727,0.0122,-0.7000
1787925104.316471,-0.075139,0.957234,3.050913,0.0091,-0.7000
1787925104.323735,-0.075140,0.957174,3.050558,0.0062,-0.7000
1787925104.330594,-0.075121,0.957082,3.049841,0.0031,-0.7000
1787925104.336972,-0.075038,0.956709,3.048989,-0.0033,-0.7000
1787925104.343842,-0.074995,0.956702,3.048672,-0.0042,-0.7000
1787925104.349456,-0.074792,0.956392,3.048268,-0.0153,-0.7000
1787925104.359046,-0.074769,0.956210,3.048028,-0.0119,-0.7000
1787925104.364169,-0.074486,0.956126,3.048721,-0.0253,-0.7000
1787925104.373007,-0.074202,0.956101,3.050653,-0.0274,-0.7000
1787925104.378371,-0.073862,0.956361,3.052329,-0.0369,-0.7000
1787925104.387125,-0.073304,0.956374,3.054561,-0.0448,-0.7000
1787925104.394136,-0.072766,0.956347,3.056898,-0.0544,-0.7000
1787925104.396674,-0.072163,0.956440,3.058591,-0.1082,-0.7000
1787925104.407162,-0.071399,0.956405,3.060998,-0.0976,-0.7000
1787925104.410316,-0.070521,0.956733,3.063647,-0.1492,-0.7000
1787925104.417842,-0.069825,0.956630,3.065106,-0.1324,-0.7000
1787925104.423517,-0.068583,0.956913,3.068168,-0.1571,-0.7000
1787925104.431833,-0.067441,0.956397,3.069226,-0.1524,-0.7000
1787925104.439464,-0.066753,0.956447,3.070615,-0.1335,-0.7000
1787925104.446123,-0.065778,0.955873,3.072408,-0.1391,-0.7000
1787925104.451412,-0.064953,0.955464,3.073103,-0.1456,-0.7000
1787925104.456888,-0.063822,0.955018,3.073598,-0.1654,-0.7000
1787925104.464347,-0.062551,0.954991,3.075057,-0.1669,-0.7000
1787925104.470297,-0.061337,0.954843,3.076970,-0.1784,-0.7000
1787925104.479330,-0.060395,0.954793,3.078010,-0.1562,-0.7000
1787925104.488221,-0.059468,0.953633,3.077665,-0.1431,-0.7000
1787925104.494278,-0.058162,0.953666,3.078878,-0.1646,-0.7000
1787925104.501802,-0.056770,0.953472,3.080256,-0.1711,-0.7000
1787925104.504752,-0.055709,0.953352,3.081701,-0.2281,-0.7000
1787925104.510286,-0.054565,0.953261,3.083216,-0.2219,-0.7000
1787925104.517864,-0.053482,0.952611,3.084062,-0.1996,-0.7000
1787925104.523686,-0.052629,0.952326,3.084566,-0.1844,-0.7000
1787925104.532069,-0.051777,0.952340,3.086136,-0.1595,-0.7000
1787925104.539462,-0.050537,0.952168,3.087734,-0.1623,-0.7000
1787925104.545779,-0.049223,0.952070,3.089717,-0.1762,-0.7000
1787925104.552513,-0.048135,0.952234,3.091985,-0.1714,-0.7000
1787925104.556216,-0.047004,0.951867,3.093155,-0.2129,-0.7000
1787925104.565582,-0.045976,0.951875,3.095025,-0.1819,-0.7000
1787925104.571444,-0.044862,0.951588,3.097309,-0.1849,-0.7000
1787925104.576742,-0.043655,0.951615,3.098668,-0.1977,-0.7000
1787925104.583497,-0.042636,0.951818,3.102172,-0.1833,-0.7000
1787925104.591578,-0.041509,0.951984,3.105375,-0.1699,-0.7000
1787925104.598989,-0.040317,0.951988,3.107156,-0.1671,-0.7000
1787925104.602844,-0.039014,0.952016,3.110356,-0.2183,-0.7000
1787925104.613301,-0.037715,0.952000,3.113153,-0.1901,-0.7000
1787925104.616204,-0.036527,0.951847,3.115385,-0.2562,-0.7000
1787925104.622901,-0.035420,0.952431,3.119423,-0.2283,-0.7000
1787925104.633029,-0.034321,0.951662,3.121864,-0.1928,-0.7000
1787925104.638067,-0.032884,0.951947,3.125527,-0.2203,-0.7000
1787925104.645473,-0.031370,0.951986,3.128602,-0.2155,-0.7000
1787925104.650063,-0.029944,0.952064,3.131991,-0.2440,-0.7000
1787925104.659518,-0.028777,0.951481,3.133851,-0.2080,-0.7000
1787925104.666235,-0.027173,0.951576,3.137405,-0.2172,-0.7000
1787925104.672223,-0.025588,0.951300,3.139602,-0.2315,-0.7000
1787925104.679397,-0.024112,0.951546,-3.139533,-0.2238,-0.7000
1787925104.686423,-0.022739,0.950991,-3.137335,-0.2152,-0.7000
1787925104.690890,-0.020922,0.950326,-3.133823,-0.2723,-0.7000
1787925104.699054,-0.019172,0.950671,-3.130765,-0.2550,-0.7000
1787925104.708242,-0.017781,0.950291,-3.128227,-0.2238,-0.7000
1787925104.710534,-0.016081,0.949956,-3.125354,-0.3785,-0.7000
1787925104.718634,-0.014686,0.949543,-3.122364,-0.3163,-0.7000
1787925104.725736,-0.013023,0.949390,-3.120005,-0.2915,-0.7000
1787925104.732166,-0.011640,0.949102,-3.117907,-0.2682,-0.7000
1787925104.739150,-0.010074,0.949071,-3.115509,-0.2550,-0.7000
1787925104.744277,-0.008583,0.948475,-3.113503,-0.2647,-0.7000
1787925104.750530,-0.007390,0.948352,-3.111399,-0.2423,-0.7000
1787925104.758725,-0.005796,0.948282,-3.109184,-0.2279,-0.7000
1787925104.765599,-0.004402,0.947840,-3.107754,-0.2197,-0.7000
1787925104.770499,-0.003276,0.948161,-3.105421,-0.2233,-0.7000
1787925104.777074,-0.001910,0.948131,-3.103133,-0.2186,-0.7000
1787925104.783357,-0.000760,0.947566,-3.101146,-0.2068,-0.7000
1787925104.791434,0.000493,0.947808,-3.098913,-0.1916,-0.7000
1787925104.801744,0.001651,0.947642,-3.097521,-0.1676,-0.7000
1787925104.808118,0.002739,0.947899,-3.094803,-0.1690,-0.7000
1787925104.810426,0.003823,0.947675,-3.093188,-0.2577,-0.7000
1787925104.817621,0.005042,0.947652,-3.091284,-0.2311,-0.7000
1787925104.823021,0.006019,0.947357,-3.089136,-0.2151,-0.7000
1787925104.826811,0.007110,0.947434,-3.086667,-0.2372,-0.7000
1787925104.836567,0.008065,0.947570,-3.084626,-0.1956,-0.7000
1787925104.842981,0.009557,0.948195,-3.081341,-0.2083,-0.7000
1787925104.851093,0.010362,0.948130,-3.078832,-0.1754,-0.7000
1787925104.857982,0.011809,0.947733,-3.077054,-0.1845,-0.7000
1787925104.863079,0.012836,0.948656,-3.072327,-0.1932,-0.7000
1787925104.873221,0.013749,0.948266,-3.069867,-0.1614,-0.7000
1787925104.879139,0.015012,0.948446,-3.066438,-0.1775,-0.7000
1787925104.880285,0.016595,0.949165,-3.061798,-0.5526,-0.7000
1787925104.889995,0.018174,0.949487,-3.057495,-0.4362,-0.7000
1787925104.898693,0.019641,0.949479,-3.053881,-0.3558,-0.7000
1787925104.903864,0.020881,0.949617,-3.050180,-0.3214,-0.7000
1787925104.910787,0.022510,0.949811,-3.045800,-0.2960,-0.7000
1787925104.918575,0.024307,0.950226,-3.041684,-0.2777,-0.7000
1787925104.923041,0.025986,0.949609,-3.039100,-0.3023,-0.7000
1787925104.929903,0.027544,0.950412,-3.033732,-0.2831,-0.7000
1787925104.937337,0.029194,0.949820,-3.031326,-0.2618,-0.7000
1787925104.938983,0.030993,0.949880,-3.028418,-0.5100,-0.7000
1787925104.950082,0.032578,0.949982,-3.025124,-0.3999,-0.7000
1787925104.958209,0.034536,0.950159,-3.022679,-0.3524,-0.7000
1787925104.965680,0.036105,0.949446,-3.020897,-0.3058,-0.7000
1787925104.971664,0.037703,0.949329,-3.018047,-0.2929,-0.7000
1787925104.977396,0.039440,0.949385,-3.015966,-0.2955,-0.7000
1787925104.983854,0.041100,0.949327,-3.013477,-0.2830,-0.7000
1787925104.991683,0.042545,0.948841,-3.011537,-0.2506,-0.7000
1787925104.998280,0.044004,0.949050,-3.009149,-0.2425,-0.7000
1787925105.003481,0.045424,0.948953,-3.007886,-0.2501,-0.7000
1787925105.012268,0.047093,0.949311,-3.005214,-0.2332,-0.7000
1787925105.016145,0.048455,0.948739,-3.004016,-0.2616,-0.7000
1787925105.023630,0.050028,0.949128,-3.001753,-0.2477,-0.7000
1787925105.030726,0.051233,0.948948,-2.999514,-0.2228,-0.7000
1787925105.037844,0.052514,0.948732,-2.997778,-0.2080,-0.7000
1787925105.043455,0.053618,0.948710,-2.995755,-0.2039,-0.7000
1787925105.050060,0.055023,0.948808,-2.993968,-0.2065,-0.7000
1787925105.058507,0.056312,0.949044,-2.991227,-0.1911,-0.7000
1787925105.063646,0.057514,0.949336,-2.988458,-0.2057,-0.7000
1787925105.069906,0.058767,0.949593,-2.985988,-0.2052,-0.7000
1787925105.078027,0.060007,0.949362,-2.983570,-0.1875,-0.7000
1787925105.084282,0.061398,0.949798,-2.980784,-0.2005,-0.7000
1787925105.090922,0.062558,0.950146,-2.977340,-0.1946,-0.7000
1787925105.097749,0.063726,0.950688,-2.973915,-0.1908,-0.7000
1787925105.105959,0.065207,0.950403,-2.971544,-0.1851,-0.7000
1787925105.111210,0.066447,0.951144,-2.967985,-0.2067,-0.7000
1787925105.118299,0.067690,0.951301,-2.965112,-0.1976,-0.7000
1787925105.124838,0.069272,0.951424,-2.961480,-0.2108,-0.7000
1787925105.130754,0.070710,0.951889,-2.958288,-0.2235,-0.7000
1787925105.138492,0.072275,0.952269,-2.954199,-0.2188,-0.7000
1787925105.145154,0.073524,0.953029,-2.949852,-0.2149,-0.7000
1787925105.151454,0.075210,0.953041,-2.946788,-0.2293,-0.7000
1787925105.157169,0.076882,0.953271,-2.943297,-0.2490,-0.7000
1787925105.164115,0.078373,0.953525,-2.940289,-0.2396,-0.7000
1787925105.171168,0.080279,0.954047,-2.936580,-0.2516,-0.7000
1787925105.178246,0.081915,0.953861,-2.934315,-0.2423,-0.7000
1787925105.184334,0.083449,0.953918,-2.930619,-0.2442,-0.7000
1787925105.191532,0.085171,0.954533,-2.927249,-0.2465,-0.7000
1787925105.197093,0.086905,0.954329,-2.925139,-0.2615,-0.7000
1787925105.200552,0.088475,0.954962,-2.921902,-0.3279,-0.7000
1787925105.211296,0.090222,0.954792,-2.919870,-0.2761,-0.7000
1787925105.217102,0.091799,0.954686,-2.917269,-0.2715,-0.7000
1787925105.226005,0.093353,0.955200,-2.914713,-0.2450,-0.7000
1787925105.230540,0.095058,0.955473,-2.911273,-0.2854,-0.7000
1787925105.236881,0.096499,0.955419,-2.909425,-0.2656,-0.7000
1787925105.243925,0.098236,0.954881,-2.907535,-0.2525,-0.7000
1787925105.250469,0.099590,0.955364,-2.904642,-0.2423,-0.7000
1787925105.257353,0.100732,0.955222,-2.902967,-0.2165,-0.7000
1787925105.264701,0.102324,0.955592,-2.899841,-0.2183,-0.7000
1787925105.270832,0.103921,0.955548,-2.897882,-0.2281,-0.7000
1787925105.276990,0.105192,0.955732,-2.895077,-0.2219,-0.7000
1787925105.283547,0.106331,0.956010,-2.892206,-0.2090,-0.7000
1787925105.291476,0.107757,0.955808,-2.890373,-0.1966,-0.7000
1787925105.297378,0.109269,0.956346,-2.886702,-0.2189,-0.7000
1787925105.299766,0.110806,0.956281,-2.884200,-0.3379,-0.7000
1787925105.309103,0.111908,0.957031,-2.880439,-0.2769,-0.7000
1787925105.318507,0.113537,0.957191,-2.876783,-0.2454,-0.7000
1787925105.329103,0.114799,0.957602,-2.873605,-0.2093,-0.7000
1787925105.332313,0.116089,0.958405,-2.869544,-0.2828,-0.7000
1787925105.338100,0.117697,0.958546,-2.866275,-0.2802,-0.7000
1787925105.344137,0.119247,0.958759,-2.863454,-0.2731,-0.7000
1787925105.351456,0.120683,0.959393,-2.859814,-0.2549,-0.7000
1787925105.359078,0.122207,0.959592,-2.856762,-0.2382,-0.7000
1787925105.364980,0.123534,0.959732,-2.853722,-0.2334,-0.7000
1787925105.370229,0.125038,0.960326,-2.850811,-0.2555,-0.7000
1787925105.379223,0.126804,0.960300,-2.847224,-0.2350,-0.7000
1787925105.384244,0.128230,0.960816,-2.844698,-0.2549,-0.7000
1787925105.394086,0.129921,0.960895,-2.842576,-0.2284,-0.7000
1787925105.399437,0.131349,0.961072,-2.839716,-0.2393,-0.7000
1787925105.405987,0.132901,0.961547,-2.835731,-0.2419,-0.7000
1787925105.410557,0.134642,0.961570,-2.834298,-0.2787,-0.7000
1787925105.417159,0.135844,0.962449,-2.830162,-0.2593,-0.7000
1787925105.423462,0.137651,0.962643,-2.828297,-0.2662,-0.7000
1787925105.430568,0.139137,0.962784,-2.826270,-0.2478,-0.7000
1787925105.441324,0.140477,0.963195,-2.822983,-0.2126,-0.7000
1787925105.445671,0.142215,0.963332,-2.820903,-0.2655,-0.7000
1787925105.451183,0.143421,0.964229,-2.816464,-0.2637,-0.7000
1787925105.457301,0.145019,0.964565,-2.814346,-0.2641,-0.7000
1787925105.465280,0.146689,0.964612,-2.811568,-0.2448,-0.7000
1787925105.471501,0.147916,0.964885,-2.808879,-0.2316,-0.7000
1787925105.476988,0.149511,0.965127,-2.806423,-0.2488,-0.7000
1787925105.485503,0.151086,0.965921,-2.802947,-0.2358,-0.7000
1787925105.490092,0.152477,0.966538,-2.799485,-0.2642,-0.7000
1787925105.497916,0.153892,0.966577,-2.797000,-0.2366,-0.7000
1787925105.504615,0.155574,0.967859,-2.792608,-0.2560,-0.7000
1787925105.512204,0.156974,0.968099,-2.790092,-0.2344,-0.7000
1787925105.519523,0.158174,0.968599,-2.786365,-0.2173,-0.7000
1787925105.526310,0.159807,0.969496,-2.782024,-0.2336,-0.7000
1787925105.536642,0.161236,0.970131,-2.778977,-0.2089,-0.7000
1787925105.539420,0.162943,0.970444,-2.774961,-0.3304,-0.7000
1787925105.544149,0.164548,0.970593,-2.771499,-0.3296,-0.7000
1787925105.553586,0.165827,0.971453,-2.767057,-0.2786,-0.7000
1787925105.557334,0.167893,0.971890,-2.763239,-0.3616,-0.7000
1787925105.563572,0.168863,0.972626,-2.759053,-0.3096,-0.7000
1787925105.566341,0.170952,0.973230,-2.755960,-0.4510,-0.7000
1787925105.576590,0.172421,0.973713,-2.752299,-0.3609,-0.7000
1787925105.583607,0.173973,0.973988,-2.749077,-0.3184,-0.7000
1787925105.591157,0.175861,0.974790,-2.745299,-0.3044,-0.7000
1787925105.598327,0.177496,0.975096,-2.742912,-0.2811,-0.7000
1787925105.605145,0.179186,0.975173,-2.740434,-0.2666,-0.7000
1787925105.611750,0.180720,0.975579,-2.738008,-0.2579,-0.7000
1787925105.616699,0.182676,0.975586,-2.736609,-0.2897,-0.7000
1787925105.623190,0.183899,0.976855,-2.732531,-0.2779,-0.7000
1787925105.626015,0.185625,0.976696,-2.731340,-0.3560,-0.7000
1787925105.636211,0.187121,0.977074,-2.728279,-0.2939,-0.7000
1787925105.643614,0.188681,0.977656,-2.725189,-0.2731,-0.7000
1787925105.651407,0.190191,0.977712,-2.723124,-0.2452,-0.7000
1787925105.657566,0.191513,0.978282,-2.720452,-0.2417,-0.7000
1787925105.667043,0.193134,0.978978,-2.717470,-0.2250,-0.7000
1787925105.674632,0.194501,0.979296,-2.714434,-0.2119,-0.7000
1787925105.679982,0.195450,0.979774,-2.711447,-0.2079,-0.7000
1787925105.681563,0.196935,0.980102,-2.708705,-0.4275,-0.7000
1787925105.690584,0.198559,0.980901,-2.705629,-0.3594,-0.7000
1787925105.697361,0.199860,0.981408,-2.702564,-0.3133,-0.7000
1787925105.705573,0.201395,0.982048,-2.700124,-0.2800,-0.7000
1787925105.711234,0.202939,0.982746,-2.697118,-0.2857,-0.7000
1787925105.717690,0.203852,0.983448,-2.692862,-0.2524,-0.7000
1787925105.724815,0.205574,0.983539,-2.689935,-0.2436,-0.7000
1787925105.732223,0.206694,0.984912,-2.686688,-0.2357,-0.7000
1787925105.744524,0.208401,0.985411,-2.684091,-0.2077,-0.7000
1787925105.747109,0.209739,0.985733,-2.681309,-0.3010,-0.7000
1787925105.749506,0.211293,0.986532,-2.678873,-0.4296,-0.7000
1787925105.757947,0.212884,0.986933,-2.675358,-0.3576,-0.7000
1787925105.763707,0.213968,0.987886,-2.670385,-0.3231,-0.7000
1787925105.769351,0.215457,0.988771,-2.666750,-0.3181,-0.7000
1787925105.777536,0.217227,0.989744,-2.662040,-0.2967,-0.7000
1787925105.784699,0.218508,0.990335,-2.658073,-0.2667,-0.7000
1787925105.793607,0.220432,0.991000,-2.654676,-0.2544,-0.7000
1787925105.798614,0.221970,0.991706,-2.650954,-0.2793,-0.7000
1787925105.804807,0.223447,0.992316,-2.646897,-0.2725,-0.7000
1787925105.809653,0.225274,0.992817,-2.644703,-0.3049,-0.7000
1787925105.817501,0.227110,0.993577,-2.641128,-0.2890,-0.7000
1787925105.826865,0.228544,0.994212,-2.638012,-0.2524,-0.7000
1787925105.832193,0.230344,0.994721,-2.635760,-0.2792,-0.7000
1787925105.840186,0.231698,0.995544,-2.632767,-0.2549,-0.7000
1787925105.844285,0.233378,0.995766,-2.630834,-0.2936,-0.7000
1787925105.850217,0.235131,0.996543,-2.627824,-0.3021,-0.7000
1787925105.859328,0.236589,0.997007,-2.625317,-0.2607,-0.7000
1787925105.866549,0.238340,0.997615,-2.623549,-0.2582,-0.7000
1787925105.873488,0.239675,0.998035,-2.620982,-0.2399,-0.7000
1787925105.879877,0.241015,0.998506,-2.618800,-0.2335,-0.7000
1787925105.884551,0.242789,0.998670,-2.616566,-0.2672,-0.7000
1787925105.890054,0.244004,0.999590,-2.613613,-0.2695,-0.7000
1787925105.897331,0.244996,1.000392,-2.610636,-0.2407,-0.7000
1787925105.907006,0.246009,1.001450,-2.607159,-0.2122,-0.7000
1787925105.912224,0.247356,1.001830,-2.605551,-0.2263,-0.7000
1787925105.918591,0.248224,1.003046,-2.601650,-0.2229,-0.7000
1787925105.924082,0.249695,1.003060,-2.599667,-0.2253,-0.7000
1787925105.933528,0.251060,1.003677,-2.596684,-0.2049,-0.7000
1787925105.937725,0.251771,1.004984,-2.593078,-0.2355,-0.7000
1787925105.945503,0.253419,1.005353,-2.590822,-0.2265,-0.7000
1787925105.951967,0.254423,1.006166,-2.587447,-0.2180,-0.7000
1787925105.957896,0.255603,1.007011,-2.585391,-0.2259,-0.7000
1787925105.965056,0.256857,1.007249,-2.583027,-0.2079,-0.7000
1787925105.971466,0.258306,1.008253,-2.579883,-0.2280,-0.7000
1787925105.978664,0.259560,1.008986,-2.577089,-0.2201,-0.7000
1787925105.984264,0.260916,1.009995,-2.573931,-0.2444,-0.7000
1787925105.990613,0.262083,1.010959,-2.569363,-0.2421,-0.7000
1787925105.998637,0.263471,1.011878,-2.565812,-0.2317,-0.7000
1787925106.004683,0.264940,1.013201,-2.562250,-0.2592,-0.7000
1787925106.011086,0.266557,1.013754,-2.559894,-0.2589,-0.7000
1787925106.016910,0.268002,1.014954,-2.556115,-0.2775,-0.7000
1787925106.023794,0.269614,1.015800,-2.552588,-0.2731,-0.7000
1787925106.029813,0.271167,1.016395,-2.551125,-0.2720,-0.7000
1787925106.037070,0.272570,1.017524,-2.547827,-0.2646,-0.7000
1787925106.045869,0.273901,1.018288,-2.545141,-0.2374,-0.7000
1787925106.050431,0.275652,1.018929,-2.543788,-0.2851,-0.7000
1787925106.057860,0.277307,1.019537,-2.542374,-0.2686,-0.7000
1787925106.064330,0.278802,1.020189,-2.540904,-0.2623,-0.7000
1787925106.071249,0.280477,1.020561,-2.540182,-0.2526,-0.7000
1787925106.077397,0.282054,1.021373,-2.538844,-0.2627,-0.7000
1787925106.085523,0.283208,1.022221,-2.536679,-0.2367,-0.7000
1787925106.091465,0.284533,1.022613,-2.535670,-0.2319,-0.7000
1787925106.097528,0.285667,1.023492,-2.534470,-0.2333,-0.7000
1787925106.105593,0.286929,1.024409,-2.532447,-0.2213,-0.7000
1787925106.111874,0.288150,1.024974,-2.531998,-0.2182,-0.7000
1787925106.117554,0.289390,1.025228,-2.530018,-0.2141,-0.7000
1787925106.124355,0.290813,1.026234,-2.527945,-0.2267,-0.7000
1787925106.130472,0.291464,1.027303,-2.525042,-0.2151,-0.7000
1787925106.139113,0.292601,1.028094,-2.522260,-0.1986,-0.7000
1787925106.148619,0.293687,1.028831,-2.519150,-0.1804,-0.7000
1787925106.151798,0.294563,1.029938,-2.516362,-0.2545,-0.7000
1787925106.158236,0.295368,1.031002,-2.512798,-0.2376,-0.7000
1787925106.164099,0.296404,1.032068,-2.509298,-0.2413,-0.7000
1787925106.173134,0.297363,1.033001,-2.506109,-0.2130,-0.7000
1787925106.178941,0.298084,1.034185,-2.501317,-0.2155,-0.7000
1787925106.184362,0.299380,1.035055,-2.498102,-0.2371,-0.7000
1787925106.191813,0.300565,1.035430,-2.495044,-0.2131,-0.7000
1787925106.197640,0.301305,1.036864,-2.489904,-0.2243,-0.7000
1787925106.207865,0.302646,1.037808,-2.486888,-0.2051,-0.7000
1787925106.214652,0.303734,1.038730,-2.482862,-0.2065,-0.7000
1787925106.221851,0.305014,1.039561,-2.479748,-0.2079,-0.7000
1787925106.224648,0.306210,1.040313,-2.476002,-0.2962,-0.7000
1787925106.230546,0.307540,1.040994,-2.472963,-0.2819,-0.7000
1787925106.241006,0.308712,1.041787,-2.469414,-0.2378,-0.7000
1787925106.243983,0.309787,1.042920,-2.466324,-0.3224,-0.7000
1787925106.250839,0.311183,1.043536,-2.462740,-0.2901,-0.7000
1787925106.264103,0.312646,1.044289,-2.459649,-0.2395,-0.7000
1787925106.270974,0.314024,1.045014,-2.457292,-0.2343,-0.7000
1787925106.277069,0.315395,1.045470,-2.454735,-0.2304,-0.7000
1787925106.278459,0.316472,1.046590,-2.451126,-0.4946,-0.7000
1787925106.285256,0.318442,1.046845,-2.449570,-0.4204,-0.7000
1787925106.297073,0.319449,1.047541,-2.446476,-0.3252,-0.7000
1787925106.298399,0.321098,1.048313,-2.444056,-0.6256,-0.7000
1787925106.304721,0.322307,1.048984,-2.441087,-0.5023,-0.7000
1787925106.311765,0.323395,1.049837,-2.437931,-0.4105,-0.7000
1787925106.317538,0.324907,1.050351,-2.435856,-0.3645,-0.7000
1787925106.324507,0.325976,1.051525,-2.431955,-0.3230,-0.7000
1787925106.330311,0.327087,1.052331,-2.428707,-0.2968,-0.7000
1787925106.343723,0.328596,1.053018,-2.425878,-0.2433,-0.7000
1787925106.347034,0.329727,1.054096,-2.422485,-0.3117,-0.7000
1787925106.353256,0.330971,1.054784,-2.420276,-0.2851,-0.7000
1787925106.358421,0.332051,1.055992,-2.416551,-0.2931,-0.7000
1787925106.365991,0.333331,1.056649,-2.413424,-0.2604,-0.7000
1787925106.370186,0.334503,1.057509,-2.410033,-0.2857,-0.7000
1787925106.379276,0.335398,1.058905,-2.406275,-0.2528,-0.7000
1787925106.383729,0.336663,1.059577,-2.403400,-0.2705,-0.7000
1787925106.392937,0.337615,1.060679,-2.399961,-0.2365,-0.7000
1787925106.397019,0.338953,1.061677,-2.396454,-0.2875,-0.7000
1787925106.405792,0.339964,1.062957,-2.392408,-0.2564,-0.7000
1787925106.410090,0.341002,1.064077,-2.389370,-0.2858,-0.7000
1787925106.418005,0.342489,1.064834,-2.386766,-0.2608,-0.7000
1787925106.424617,0.343546,1.066062,-2.382888,-0.2557,-0.7000
1787925106.431916,0.345423,1.066859,-2.383270,-0.2575,-0.7000
1787925106.437768,0.346545,1.068002,-2.379515,-0.2624,-0.7000
1787925106.445952,0.347556,1.068998,-2.377343,-0.2356,-0.7000
1787925106.450463,0.349122,1.070015,-2.375002,-0.2869,-0.7000
1787925106.462128,0.350066,1.071159,-2.371579,-0.2387,-0.7000
1787925106.467917,0.351402,1.072228,-2.369082,-0.2553,-0.7000
1787925106.472988,0.352658,1.073297,-2.366351,-0.2761,-0.7000
1787925106.478037,0.353957,1.074289,-2.363758,-0.2896,-0.7000
1787925106.486682,0.355182,1.075382,-2.362248,-0.2596,-0.7000
1787925106.491218,0.356599,1.076251,-2.359912,-0.2887,-0.7000
1787925106.498751,0.357581,1.077183,-2.357203,-0.2560,-0.7000
1787925106.504205,0.359045,1.078047,-2.354677,-0.2697,-0.7000
1787925106.511593,0.359973,1.079088,-2.351889,-0.2454,-0.7000
1787925106.518461,0.361337,1.080027,-2.349663,-0.2428,-0.7000
1787925106.525340,0.362083,1.081283,-2.345590,-0.2318,-0.7000
1787925106.530857,0.363154,1.082386,-2.342144,-0.2459,-0.7000
1787925106.542144,0.364324,1.083517,-2.338853,-0.2154,-0.7000
1787925106.544865,0.365608,1.084300,-2.336502,-0.3111,-0.7000
1787925106.552523,0.366305,1.085873,-2.331438,-0.2813,-0.7000
1787925106.559826,0.367793,1.086456,-2.329371,-0.2563,-0.7000
1787925106.565893,0.368661,1.087531,-2.326177,-0.2475,-0.7000
1787925106.572020,0.369494,1.089054,-2.322268,-0.2556,-0.7000
1787925106.579948,0.370641,1.089707,-2.319439,-0.2266,-0.7000
1787925106.585145,0.371662,1.090844,-2.316083,-0.2468,-0.7000
1787925106.593403,0.372872,1.091944,-2.313294,-0.2320,-0.7000
1787925106.599872,0.373900,1.092942,-2.309484,-0.2287,-0.7000
1787925106.604907,0.374547,1.094362,-2.305280,-0.2487,-0.7000
1787925106.612475,0.375959,1.095506,-2.301831,-0.2452,-0.7000
1787925106.617726,0.376719,1.096736,-2.297646,-0.2531,-0.7000
1787925106.626149,0.377885,1.097947,-2.293779,-0.2369,-0.7000
1787925106.630702,0.379378,1.099144,-2.290066,-0.2900,-0.7000
1787925106.640031,0.380395,1.100485,-2.286129,-0.2570,-0.7000
1787925106.644094,0.381841,1.101363,-2.283156,-0.2988,-0.7000
1787925106.651158,0.383301,1.102624,-2.279604,-0.2902,-0.7000
1787925106.659816,0.384264,1.103671,-2.276369,-0.2524,-0.7000
1787925106.663264,0.385810,1.104680,-2.273625,-0.3306,-0.7000
1787925106.671128,0.386819,1.105784,-2.270642,-0.2884,-0.7000
1787925106.677790,0.388232,1.107051,-2.267982,-0.2865,-0.7000
1787925106.684915,0.389519,1.107968,-2.265795,-0.2649,-0.7000
1787925106.691153,0.390843,1.108932,-2.263790,-0.2618,-0.7000
1787925106.698298,0.392045,1.109884,-2.261544,-0.2462,-0.7000
1787925106.705198,0.392937,1.111315,-2.258583,-0.2451,-0.7000
1787925106.711965,0.394411,1.112099,-2.256935,-0.2398,-0.7000
1787925106.718896,0.395276,1.113042,-2.253964,-0.2232,-0.7000
1787925106.722883,0.396320,1.114107,-2.251119,-0.2680,-0.7000
1787925106.730999,0.397325,1.115206,-2.248632,-0.2425,-0.7000
1787925106.737922,0.398454,1.116117,-2.245306,-0.2311,-0.7000
1787925106.747177,0.399338,1.117284,-2.242347,-0.2092,-0.7000
1787925106.753678,0.400038,1.118579,-2.239231,-0.2134,-0.7000
1787925106.757274,0.401436,1.119333,-2.237276,-0.2708,-0.7000
1787925106.765439,0.402279,1.120471,-2.234613,-0.2416,-0.7000
1787925106.773565,0.402876,1.121723,-2.230507,-0.2192,-0.7000
1787925106.777080,0.403466,1.123057,-2.227005,-0.2743,-0.7000
1787925106.783403,0.404301,1.124302,-2.222239,-0.2630,-0.7000
1787925106.789659,0.404822,1.125255,-2.218985,-0.2356,-0.7000
1787925106.797135,0.405992,1.126526,-2.215958,-0.2339,-0.7000
1787925106.807151,0.406822,1.127619,-2.213115,-0.2049,-0.7000
1787925106.814237,0.407544,1.128860,-2.210099,-0.2038,-0.7000
1787925106.819334,0.408705,1.129859,-2.207993,-0.2306,-0.7000
1787925106.824168,0.409449,1.131146,-2.204226,-0.2531,-0.7000
1787925106.831694,0.410736,1.132757,-2.201427,-0.2593,-0.7000
1787925106.837228,0.411476,1.133842,-2.196586,-0.2527,-0.7000
1787925106.843131,0.412464,1.135204,-2.192063,-0.2624,-0.7000
1787925106.850209,0.412818,1.136953,-2.186672,-0.2529,-0.7000
1787925106.857418,0.414105,1.138109,-2.181836,-0.2471,-0.7000
1787925106.866200,0.414735,1.140025,-2.177422,-0.2390,-0.7000
1787925106.874173,0.416262,1.141153,-2.174539,-0.2349,-0.7000
1787925106.879174,0.417194,1.142856,-2.170071,-0.2803,-0.7000
1787925106.885668,0.418392,1.144177,-2.166497,-0.2778,-0.7000
1787925106.890108,0.419800,1.145455,-2.164038,-0.3193,-0.7000
1787925106.898276,0.420943,1.146685,-2.161269,-0.2843,-0.6753
1787925106.904584,0.422092,1.148000,-2.158358,-0.2814,-0.6753
1787925106.911559,0.423532,1.149005,-2.156746,-0.2672,-0.6753
1787925106.918271,0.424468,1.150402,-2.153615,-0.2622,-0.6753
1787925106.923235,0.425811,1.151295,-2.151703,-0.2733,-0.6753
1787925106.930427,0.426849,1.152505,-2.149744,-0.2572,-0.6753
1787925106.937389,0.428085,1.153839,-2.147328,-0.2572,-0.6753
1787925106.944181,0.429292,1.154811,-2.145742,-0.2451,-0.6753
1787925106.951661,0.430551,1.155943,-2.142727,-0.2371,-0.6753
1787925106.957215,0.431338,1.157118,-2.140120,-0.2423,-0.6753
1787925106.966466,0.432196,1.158072,-2.137367,-0.2107,-0.6753
1787925106.971048,0.432895,1.159410,-2.134423,-0.2460,-0.6753
1787925106.981056,0.433858,1.160160,-2.131946,-0.2066,-0.6753
1787925106.986148,0.434534,1.161455,-2.128818,-0.2304,-0.6753
1787925106.991634,0.435218,1.162525,-2.126033,-0.2307,-0.6753
1787925106.996889,0.436747,1.163278,-2.124198,-0.2440,-0.6742
1787925107.005305,0.437210,1.164533,-2.121314,-0.2175,-0.6742
1787925107.012660,0.438252,1.165463,-2.118186,-0.2068,-0.6742
1787925107.020291,0.438720,1.166774,-2.114787,-0.1984,-0.6742
1787925107.025672,0.439736,1.167898,-2.112336,-0.2218,-0.6742
1787925107.030833,0.439899,1.169101,-2.108476,-0.2202,-0.6742
1787925107.037663,0.440821,1.170488,-2.106096,-0.2272,-0.6742
1787925107.044553,0.441710,1.171546,-2.103520,-0.2183,-0.6742
1787925107.050923,0.442281,1.172701,-2.100493,-0.2134,-0.6742
1787925107.059736,0.442626,1.174062,-2.095839,-0.1953,-0.6742
1787925107.063951,0.443735,1.175435,-2.092583,-0.2608,-0.6742
1787925107.071110,0.444321,1.176909,-2.087941,-0.2484,-0.6742
1787925107.075912,0.444975,1.178512,-2.083904,-0.2812,-0.6742
1787925107.084490,0.446072,1.179782,-2.079529,-0.2543,-0.6742
1787925107.092261,0.446516,1.181334,-2.075046,-0.2388,-0.6742
1787925107.098076,0.447597,1.182752,-2.071331,-0.2581,-0.6262
1787925107.105844,0.448892,1.184227,-2.068564,-0.2546,-0.6262
1787925107.110382,0.449473,1.185578,-2.064931,-0.2751,-0.6262
1787925107.118413,0.450832,1.187051,-2.062775,-0.2650,-0.6262
1787925107.127089,0.451409,1.188500,-2.058826,-0.2391,-0.6262
1787925107.131782,0.452429,1.189930,-2.056501,-0.2787,-0.6262
1787925107.137091,0.453641,1.191221,-2.053896,-0.2915,-0.6262
1787925107.144691,0.454772,1.192577,-2.051874,-0.2721,-0.6262
1787925107.153602,0.456033,1.193654,-2.049982,-0.2423,-0.6262
1787925107.162188,0.456763,1.194920,-2.047666,-0.2206,-0.6262
1787925107.165589,0.457825,1.196341,-2.045122,-0.3087,-0.6262
1787925107.172573,0.458874,1.197598,-2.043185,-0.2846,-0.6262
1787925107.178096,0.459524,1.198857,-2.040057,-0.2762,-0.6262
1787925107.186490,0.460051,1.200316,-2.036266,-0.2484,-0.6262
1787925107.193546,0.461437,1.201246,-2.035424,-0.2356,-0.6262
1787925107.197293,0.461833,1.202792,-2.032002,-0.2899,-0.6165
1787925107.199538,0.462812,1.203888,-2.029603,-0.3922,-0.6165
1787925107.211666,0.463490,1.205134,-2.027329,-0.3096,-0.6165
1787925107.218061,0.464326,1.206351,-2.023992,-0.2852,-0.6165
1787925107.223667,0.464830,1.207565,-2.021762,-0.2698,-0.6165
1787925107.230016,0.465360,1.208969,-2.018035,-0.2595,-0.6165
1787925107.236851,0.465782,1.210257,-2.014220,-0.2407,-0.6165
1787925107.244489,0.466421,1.211635,-2.011279,-0.2282,-0.6165
1787925107.251137,0.467081,1.212935,-2.007995,-0.2255,-0.6165
1787925107.258797,0.467508,1.214525,-2.004011,-0.2214,-0.6165
1787925107.265684,0.468689,1.215645,-2.001744,-0.2208,-0.6165
1787925107.273861,0.468635,1.217240,-1.997489,-0.2070,-0.6165
1787925107.280788,0.469655,1.218473,-1.994225,-0.2117,-0.6165
1787925107.287175,0.469880,1.220043,-1.990050,-0.2199,-0.6165
1787925107.291780,0.470513,1.221529,-1.986557,-0.2591,-0.6165
1787925107.298151,0.471063,1.222881,-1.983175,-0.2501,-0.5793
1787925107.304101,0.471666,1.224457,-1.979739,-0.2600,-0.5793
1787925107.312344,0.472299,1.225874,-1.976391,-0.2385,-0.5793
1787925107.318213,0.473287,1.227369,-1.973736,-0.2570,-0.5793
1787925107.323704,0.473512,1.228939,-1.968826,-0.2638,-0.5793
1787925107.329837,0.474687,1.230258,-1.966993,-0.2664,-0.5793
1787925107.339119,0.475472,1.231720,-1.964097,-0.2398,-0.5793
1787925107.346127,0.476473,1.233049,-1.961901,-0.2368,-0.5793
1787925107.352516,0.477551,1.234323,-1.960052,-0.2403,-0.5793
1787925107.357395,0.477473,1.236100,-1.955961,-0.2677,-0.5793
1787925107.363799,0.478726,1.237096,-1.954476,-0.2526,-0.5793
1787925107.371807,0.479235,1.238482,-1.951954,-0.2321,-0.5793
1787925107.377852,0.479475,1.239999,-1.947736,-0.2369,-0.5793
1787925107.384044,0.480555,1.241054,-1.945897,-0.2325,-0.5793
1787925107.390209,0.480703,1.242605,-1.942082,-0.2357,-0.5793
1787925107.396866,0.481604,1.244024,-1.940156,-0.2393,-0.5457
1787925107.406203,0.482342,1.245120,-1.937037,-0.2089,-0.5457
1787925107.411495,0.482793,1.246613,-1.934417,-0.2344,-0.5457
1787925107.418067,0.483999,1.248044,-1.932564,-0.2447,-0.5457
1787925107.423995,0.483924,1.249423,-1.928136,-0.2353,-0.5457
1787925107.431290,0.484380,1.251003,-1.924041,-0.2322,-0.5457
1787925107.436710,0.484597,1.252463,-1.920174,-0.2426,-0.5457
1787925107.443829,0.485388,1.253978,-1.917340,-0.2411,-0.5457
1787925107.451100,0.485702,1.255382,-1.913895,-0.2277,-0.5457
1787925107.459921,0.486362,1.256689,-1.909716,-0.2088,-0.5457
1787925107.464180,0.487646,1.258221,-1.907462,-0.2779,-0.5457
1787925107.471364,0.488043,1.259700,-1.903714,-0.2583,-0.5457
1787925107.479450,0.488812,1.261312,-1.900229,-0.2466,-0.5457
1787925107.484456,0.489881,1.262444,-1.898252,-0.2574,-0.5457
1787925107.491029,0.490054,1.264224,-1.893719,-0.2598,-0.5457
1787925107.498477,0.491085,1.265538,-1.891539,-0.2452,-0.5191
1787925107.503993,0.491111,1.267181,-1.887855,-0.2569,-0.5191
1787925107.511721,0.492178,1.268663,-1.885561,-0.2474,-0.5191
1787925107.516907,0.492990,1.269976,-1.883742,-0.2599,-0.5191
1787925107.524673,0.493066,1.271388,-1.880207,-0.2348,-0.5191
1787925107.530605,0.494064,1.272814,-1.878177,-0.2483,-0.5191
1787925107.540024,0.495008,1.274050,-1.876387,-0.2204,-0.5191
1787925107.545333,0.495702,1.275428,-1.874221,-0.2403,-0.5191
1787925107.550006,0.496620,1.276828,-1.872102,-0.2716,-0.5191
1787925107.558558,0.496930,1.278213,-1.868015,-0.2397,-0.5191
1787925107.565475,0.497421,1.279656,-1.865384,-0.2339,-0.5191
1787925107.572900,0.497974,1.281004,-1.863154,-0.2223,-0.5191
1787925107.580933,0.497880,1.282579,-1.859208,-0.2110,-0.5191
1787925107.584701,0.498598,1.283931,-1.856986,-0.2671,-0.5191
1787925107.592525,0.498995,1.285462,-1.853987,-0.2476,-0.5191
1787925107.597006,0.499387,1.286803,-1.851375,-0.2668,-0.4973
1787925107.605377,0.499872,1.288311,-1.848048,-0.2435,-0.4973
1787925107.610841,0.500398,1.289690,-1.845616,-0.2512,-0.4973
1787925107.617282,0.500457,1.291170,-1.841628,-0.2430,-0.4973
1787925107.625711,0.501242,1.292606,-1.839417,-0.2268,-0.4973
1787925107.630691,0.501970,1.293967,-1.836203,-0.2494,-0.4973
1787925107.637969,0.502025,1.295495,-1.832712,-0.2360,-0.4973
1787925107.644373,0.502566,1.297021,-1.829733,-0.2408,-0.4973
1787925107.651066,0.503140,1.298437,-1.827265,-0.2365,-0.4973
1787925107.659106,0.503305,1.300185,-1.823858,-0.2302,-0.4973
1787925107.665728,0.503857,1.301546,-1.821129,-0.2271,-0.4973
1787925107.674105,0.503707,1.302920,-1.816846,-0.2054,-0.4973
1787925107.678000,0.504161,1.304555,-1.813397,-0.2744,-0.4973
1787925107.685435,0.504310,1.306207,-1.809604,-0.2582,-0.4973
1787925107.690806,0.505025,1.307619,-1.807825,-0.2668,-0.4973
1787925107.699617,0.505572,1.309029,-1.804644,-0.2378,-0.4418
1787925107.705151,0.505994,1.310494,-1.801568,-0.2490,-0.4418
1787925107.712577,0.506410,1.311922,-1.799466,-0.2343,-0.4418
1787925107.718191,0.506978,1.313364,-1.796533,-0.2459,-0.4418
1787925107.724736,0.508004,1.314884,-1.795286,-0.2505,-0.4418
1787925107.730525,0.508350,1.316056,-1.792305,-0.2386,-0.4418
1787925107.738057,0.508753,1.317480,-1.790563,-0.2259,-0.4418
1787925107.743482,0.509323,1.318771,-1.787937,-0.2346,-0.4418
1787925107.750881,0.509951,1.320153,-1.785629,-0.2244,-0.4418
1787925107.756234,0.510210,1.321583,-1.783461,-0.2385,-0.4418
1787925107.764938,0.510755,1.322964,-1.781674,-0.2174,-0.4418
1787925107.770790,0.511212,1.324134,-1.780120,-0.2157,-0.4418
1787925107.778336,0.511735,1.325343,-1.778416,-0.2023,-0.4418
1787925107.785942,0.512738,1.326569,-1.776911,-0.1970,-0.4418
1787925107.790572,0.512612,1.327750,-1.775130,-0.2112,-0.4418
1787925107.799313,0.513367,1.328923,-1.773865,-0.1925,-0.4390
1787925107.805965,0.513885,1.330081,-1.772315,-0.1906,-0.4390
1787925107.810132,0.514517,1.331217,-1.771591,-0.2227,-0.4390
1787925107.812960,0.514646,1.332397,-1.769928,-0.2813,-0.4390
1787925107.823509,0.515036,1.333489,-1.767407,-0.2295,-0.4390
1787925107.830960,0.515245,1.334658,-1.765919,-0.2085,-0.4390
1787925107.836601,0.515209,1.335721,-1.763711,-0.2010,-0.4390
1787925107.844361,0.515629,1.336876,-1.761420,-0.1876,-0.4390
1787925107.851093,0.516011,1.337866,-1.759847,-0.1779,-0.4390
1787925107.856637,0.516085,1.338827,-1.756889,-0.1763,-0.4390
1787925107.862159,0.516486,1.340144,-1.755381,-0.1978,-0.4390
1787925107.869504,0.516637,1.341235,-1.752932,-0.1834,-0.4390
1787925107.875989,0.516902,1.342322,-1.750833,-0.1800,-0.4390
1787925107.883659,0.517115,1.343449,-1.749017,-0.1709,-0.4390
1787925107.891288,0.517202,1.344831,-1.747611,-0.1737,-0.4390
1787925107.897415,0.517281,1.345708,-1.745158,-0.1646,-0.4180
1787925107.906490,0.517932,1.346983,-1.743743,-0.1604,-0.4180
1787925107.911394,0.517965,1.348315,-1.741599,-0.1929,-0.4180
1787925107.917616,0.518227,1.349422,-1.739535,-0.1898,-0.4180
1787925107.925318,0.518581,1.350634,-1.737210,-0.1817,-0.4180
1787925107.930626,0.518533,1.351828,-1.734780,-0.1933,-0.4180
1787925107.935980,0.518477,1.353307,-1.732615,-0.2166,-0.4180
1787925107.945030,0.518844,1.354445,-1.730564,-0.1908,-0.4180
1787925107.950353,0.518730,1.355581,-1.727420,-0.1958,-0.4180
1787925107.960191,0.519309,1.357102,-1.726513,-0.1856,-0.4180
1787925107.967223,0.519452,1.358194,-1.723662,-0.1769,-0.4180
1787925107.971642,0.519604,1.359504,-1.721730,-0.2133,-0.4180
1787925107.976810,0.520190,1.360680,-1.719297,-0.2218,-0.4180
1787925107.983688,0.519659,1.361761,-1.715167,-0.1986,-0.4180
1787925107.991498,0.520669,1.363112,-1.715062,-0.1960,-0.4180
1787925107.996597,0.520630,1.364402,-1.712193,-0.2120,-0.3891
1787925108.006377,0.520944,1.365508,-1.710472,-0.1834,-0.3891
1787925108.011476,0.521446,1.366738,-1.709244,-0.2041,-0.3891
1787925108.019474,0.521373,1.367916,-1.706733,-0.1863,-0.3891
1787925108.024582,0.521853,1.369101,-1.705679,-0.2031,-0.3891
1787925108.031471,0.522256,1.370141,-1.703948,-0.1894,-0.3891
1787925108.036381,0.522677,1.371343,-1.701977,-0.2088,-0.3891
1787925108.045554,0.522734,1.372723,-1.700438,-0.1911,-0.3891
1787925108.051750,0.523034,1.373788,-1.699561,-0.1868,-0.3891
1787925108.058948,0.523502,1.374994,-1.698654,-0.1831,-0.3891
1787925108.065522,0.523906,1.376177,-1.697523,-0.1841,-0.3891
1787925108.069992,0.523900,1.377233,-1.695702,-0.1991,-0.3891
1787925108.078594,0.524090,1.378310,-1.694433,-0.1775,-0.3891
1787925108.084642,0.524528,1.379518,-1.693647,-0.1863,-0.3891
1787925108.094320,0.524849,1.380591,-1.692372,-0.1647,-0.3891
1787925108.097659,0.525058,1.381706,-1.691601,-0.2170,-0.4706
1787925108.103935,0.525485,1.382729,-1.690771,-0.2029,-0.4706
1787925108.110864,0.525747,1.383612,-1.689015,-0.1813,-0.4706
1787925108.113053,0.525820,1.384777,-1.687392,-0.2868,-0.4706
1787925108.123114,0.525954,1.385801,-1.686232,-0.2315,-0.4706
1787925108.131037,0.526243,1.386908,-1.684596,-0.2049,-0.4706
1787925108.137067,0.526308,1.387950,-1.683125,-0.1953,-0.4706
1787925108.143005,0.526885,1.389105,-1.682636,-0.1980,-0.4706
1787925108.151957,0.526780,1.390153,-1.680637,-0.1731,-0.4706
1787925108.156521,0.527109,1.391079,-1.679024,-0.1840,-0.4706
1787925108.163179,0.526673,1.392179,-1.676784,-0.1760,-0.4706
1787925108.170247,0.526881,1.393282,-1.674634,-0.1707,-0.4706
1787925108.178308,0.526901,1.394442,-1.672926,-0.1625,-0.4706
1787925108.186556,0.527718,1.395718,-1.672754,-0.1629,-0.4706
1787925108.190889,0.527532,1.396845,-1.670683,-0.1904,-0.4706
1787925108.197740,0.527317,1.398039,-1.668249,-0.1844,-0.4529
1787925108.204265,0.527843,1.399028,-1.667331,-0.1767,-0.4529
1787925108.212343,0.527293,1.400363,-1.664353,-0.1711,-0.4529
1787925108.217897,0.527491,1.401446,-1.662911,-0.1790,-0.4529
1787925108.223571,0.527530,1.402546,-1.660687,-0.1834,-0.4529
1787925108.231250,0.527484,1.403716,-1.658990,-0.1738,-0.4529
1787925108.237834,0.527337,1.404828,-1.657811,-0.1715,-0.4529
1787925108.244824,0.528152,1.406153,-1.657180,-0.1797,-0.4529
1787925108.252217,0.528180,1.407209,-1.655162,-0.1686,-0.4529
1787925108.257909,0.528399,1.408394,-1.653908,-0.1813,-0.4529
1787925108.265190,0.528414,1.409595,-1.652428,-0.1762,-0.4529
1787925108.270445,0.528751,1.410806,-1.651156,-0.1938,-0.4529
1787925108.275856,0.529353,1.412001,-1.650603,-0.2044,-0.4529
1787925108.283828,0.528951,1.413057,-1.647531,-0.1815,-0.4529
1787925108.291522,0.529438,1.414279,-1.647074,-0.1760,-0.4529
1787925108.298483,0.529960,1.415482,-1.645937,-0.1766,-0.4291
1787925108.305951,0.529677,1.416570,-1.643743,-0.1664,-0.4291
1787925108.311393,0.530263,1.417686,-1.642711,-0.1801,-0.4291
1787925108.317317,0.530360,1.418790,-1.640589,-0.1822,-0.4291
1787925108.323965,0.530447,1.419850,-1.638780,-0.1756,-0.4291
1787925108.330512,0.530864,1.420960,-1.637799,-0.1749,-0.4291
1787925108.340692,0.531018,1.421938,-1.635732,-0.1515,-0.4291
1787925108.345804,0.530993,1.423127,-1.634240,-0.1756,-0.4291
1787925108.352881,0.531326,1.424154,-1.633094,-0.1672,-0.4291
1787925108.357115,0.532091,1.425491,-1.632221,-0.2149,-0.4291
1787925108.364711,0.531982,1.426542,-1.630365,-0.1916,-0.4291
1787925108.370613,0.532486,1.427450,-1.629444,-0.1818,-0.4291
1787925108.378135,0.532465,1.428879,-1.628083,-0.1840,-0.4291
1787925108.384899,0.532783,1.429768,-1.626993,-0.1690,-0.4291
1787925108.392323,0.532570,1.430732,-1.625405,-0.1567,-0.4291
1787925108.400460,0.532555,1.432001,-1.624863,-0.1564,-0.4208
1787925108.405289,0.532261,1.432957,-1.622727,-0.1678,-0.4208
1787925108.411395,0.532686,1.433968,-1.622227,-0.1682,-0.4208
1787925108.417768,0.532167,1.434496,-1.617905,-0.1414,-0.4208
1787925108.425098,0.532594,1.435672,-1.617825,-0.1478,-0.4208
1787925108.430681,0.532352,1.436377,-1.615198,-0.1408,-0.4208
1787925108.435651,0.532378,1.437226,-1.613366,-0.1498,-0.4208
1787925108.443257,0.532423,1.438015,-1.611163,-0.1360,-0.4208
1787925108.451533,0.532711,1.438979,-1.609642,-0.1305,-0.4208
1787925108.459251,0.532603,1.439970,-1.608206,-0.1297,-0.4208
1787925108.465131,0.532909,1.440923,-1.607186,-0.1400,-0.4208
1787925108.470883,0.532940,1.441818,-1.605396,-0.1446,-0.4208
1787925108.479480,0.532683,1.442645,-1.603332,-0.1298,-0.4208
1787925108.487112,0.533211,1.443721,-1.602877,-0.1338,-0.4208
1787925108.493262,0.533449,1.444884,-1.602041,-0.1507,-0.4208
1787925108.497818,0.533465,1.446101,-1.601527,-0.1857,-0.3922
1787925108.504961,0.533944,1.447059,-1.600945,-0.1708,-0.3922
1787925108.513081,0.533823,1.448123,-1.599368,-0.1587,-0.3922
1787925108.518379,0.533882,1.449350,-1.598104,-0.1806,-0.3922
1787925108.524221,0.534537,1.450299,-1.598291,-0.1761,-0.3922
1787925108.532394,0.533994,1.451291,-1.595927,-0.1592,-0.3922
1787925108.541692,0.534139,1.452247,-1.594416,-0.1424,-0.3922
1787925108.546580,0.534930,1.453409,-1.595051,-0.1721,-0.3922
1787925108.553540,0.534782,1.454514,-1.593238,-0.1679,-0.3922
1787925108.558984,0.534591,1.455449,-1.591691,-0.1689,-0.3922
1787925108.564660,0.534849,1.456508,-1.590619,-0.1744,-0.3922
1787925108.571018,0.534945,1.457632,-1.589341,-0.1752,-0.3922
1787925108.577950,0.535014,1.458605,-1.587758,-0.1648,-0.3922
1787925108.583485,0.535294,1.459808,-1.586560,-0.1808,-0.3922
1787925108.590387,0.535048,1.460702,-1.584494,-0.1653,-0.3922
1787925108.597177,0.535142,1.462020,-1.584130,-0.1740,-0.3868
1787925108.607346,0.535498,1.463148,-1.583314,-0.1552,-0.3868
1787925108.611857,0.535630,1.464149,-1.581697,-0.1753,-0.3868
1787925108.618520,0.535385,1.465179,-1.580084,-0.1689,-0.3868
1787925108.623867,0.535550,1.466040,-1.579180,-0.1667,-0.3868
1787925108.629458,0.535426,1.467186,-1.578087,-0.1781,-0.3868
1787925108.637585,0.535636,1.468102,-1.576782,-0.1585,-0.3868
1787925108.644376,0.535915,1.469059,-1.576268,-0.1533,-0.3868
1787925108.649446,0.535569,1.470066,-1.574357,-0.1668,-0.3868
1787925108.659126,0.535819,1.470943,-1.573032,-0.1440,-0.3868
1787925108.664583,0.536259,1.471903,-1.572742,-0.1536,-0.3868
1787925108.671827,0.535817,1.472993,-1.570348,-0.1527,-0.3868
1787925108.681111,0.535839,1.474063,-1.568757,-0.1415,-0.3868
1787925108.685498,0.536229,1.474970,-1.567852,-0.1609,-0.3868
1787925108.690369,0.536247,1.475905,-1.566081,-0.1703,-0.3868
1787925108.699213,0.535906,1.476980,-1.564009,-0.1557,-0.3792
1787925108.711988,0.536221,1.478084,-1.563518,-0.1349,-0.3792
1787925108.714913,0.536046,1.479098,-1.561444,-0.1986,-0.3792
1787925108.720398,0.535897,1.479940,-1.559665,-0.1852,-0.3792
1787925108.724913,0.536026,1.480881,-1.558520,-0.1921,-0.3792
1787925108.731362,0.536076,1.481938,-1.557063,-0.1835,-0.3792
1787925108.739054,0.536050,1.482966,-1.555716,-0.1686,-0.3792
1787925108.763406,0.536133,1.483970,-1.554241,-0.1304,-0.3792
1787925108.764768,0.536319,1.484926,-1.553277,-0.3010,-0.3792
1787925108.767550,0.536225,1.486033,-1.552072,-0.3303,-0.3792
1787925108.770732,0.536422,1.487014,-1.551019,-0.3233,-0.3792
1787925108.771948,0.536541,1.488210,-1.550384,-0.5208,-0.3792
1787925108.778762,0.536232,1.489219,-1.548547,-0.4093,-0.3792
1787925108.786601,0.535799,1.490125,-1.546722,-0.3215,-0.3792
1787925108.795230,0.535921,1.491014,-1.545859,-0.2559,-0.3792
1787925108.800583,0.536130,1.492017,-1.544828,-0.2350,-0.4375
1787925108.805704,0.536057,1.493163,-1.542966,-0.2317,-0.4375
1787925108.812042,0.536443,1.494097,-1.542192,-0.2059,-0.4375
1787925108.818381,0.536200,1.495202,-1.539884,-0.1967,-0.4375
1787925108.825230,0.536168,1.496181,-1.538381,-0.1806,-0.4375
1787925108.830538,0.535952,1.497340,-1.536674,-0.1923,-0.4375
1787925108.836342,0.536036,1.498401,-1.534951,-0.1893,-0.4375
1787925108.843675,0.535612,1.499295,-1.532579,-0.1697,-0.4375
1787925108.849675,0.535796,1.500409,-1.531709,-0.1741,-0.4375
1787925108.858788,0.535219,1.501449,-1.529543,-0.1568,-0.4375
1787925108.864829,0.535183,1.502549,-1.527954,-0.1644,-0.4375
1787925108.870592,0.535584,1.503689,-1.527380,-0.1735,-0.4375
1787925108.877137,0.535427,1.504736,-1.525159,-0.1697,-0.4375
1787925108.885900,0.535684,1.505628,-1.524167,-0.1489,-0.4375
1787925108.890628,0.535754,1.506906,-1.522806,-0.1851,-0.4375
1787925108.898088,0.535705,1.507798,-1.521041,-0.1655,-0.4000
1787925108.904439,0.535871,1.508917,-1.519533,-0.1682,-0.4000
1787925108.913043,0.535729,1.509918,-1.517884,-0.1528,-0.4000
1787925108.917032,0.535702,1.511086,-1.516939,-0.1948,-0.4000
1787925108.926286,0.535385,1.512010,-1.514764,-0.1669,-0.4000
1787925108.930240,0.535629,1.513122,-1.513963,-0.2000,-0.4000
1787925108.939716,0.535878,1.514368,-1.513104,-0.1789,-0.4000
1787925108.943477,0.535537,1.515455,-1.511114,-0.2134,-0.4000
1787925108.950826,0.535281,1.516444,-1.509664,-0.1903,-0.4000
1787925108.957688,0.535253,1.517715,-1.507997,-0.1888,-0.4000
1787925108.967856,0.535609,1.518858,-1.507142,-0.1651,-0.4000
1787925108.971617,0.535296,1.519734,-1.504670,-0.1870,-0.4000
1787925108.978072,0.535689,1.520759,-1.504395,-0.1772,-0.4000
1787925108.985669,0.535375,1.521727,-1.502496,-0.1630,-0.4000
1787925108.990708,0.535434,1.522679,-1.501306,-0.1704,-0.4000
1787925108.998115,0.535731,1.523710,-1.500392,-0.1601,-0.3677
1787925109.006013,0.535611,1.524661,-1.499250,-0.1484,-0.3677
1787925109.010908,0.535381,1.525635,-1.497260,-0.1644,-0.3677
1787925109.017032,0.535469,1.526574,-1.496179,-0.1607,-0.3677
1787925109.024714,0.535203,1.527694,-1.494968,-0.1569,-0.3677
1787925109.033541,0.535423,1.528797,-1.493909,-0.1466,-0.3677
1787925109.038265,0.535365,1.529787,-1.492751,-0.1656,-0.3677
1787925109.044056,0.535561,1.530783,-1.491804,-0.1665,-0.3677
1787925109.050869,0.535415,1.531668,-1.490970,-0.1560,-0.3677
1787925109.058207,0.535373,1.532741,-1.489199,-0.1530,-0.3677
1787925109.064341,0.535308,1.533672,-1.488181,-0.1527,-0.3677
1787925109.070214,0.535307,1.534483,-1.486503,-0.1482,-0.3677
1787925109.077439,0.534995,1.535493,-1.484991,-0.1466,-0.3677
1787925109.083983,0.534974,1.536450,-1.483540,-0.1464,-0.3677
1787925109.091166,0.535034,1.537339,-1.482219,-0.1393,-0.3677
1787925109.097945,0.534910,1.538444,-1.481004,-0.1467,-0.3432
1787925109.104161,0.534993,1.539457,-1.480255,-0.1510,-0.3432
1787925109.111426,0.534687,1.540361,-1.478386,-0.1440,-0.3432
1787925109.117665,0.534531,1.541295,-1.476849,-0.1463,-0.3432
1787925109.123687,0.534461,1.542328,-1.476267,-0.1539,-0.3432
1787925109.130654,0.534162,1.543282,-1.474042,-0.1499,-0.3432
1787925109.137737,0.533903,1.543843,-1.471599,-0.1296,-0.3432
1787925109.144979,0.534200,1.545105,-1.471156,-0.1416,-0.3432
1787925109.151588,0.534209,1.546044,-1.470281,-0.1415,-0.3432
1787925109.158349,0.534236,1.546876,-1.468309,-0.1356,-0.3432
1787925109.163027,0.533628,1.547661,-1.466065,-0.1491,-0.3432
1787925109.172199,0.533612,1.548639,-1.464760,-0.1362,-0.3432
1787925109.177367,0.533636,1.549727,-1.463402,-0.1580,-0.3432
1787925109.183620,0.533636,1.550809,-1.461580,-0.1622,-0.3432
1787925109.190831,0.533534,1.551735,-1.459888,-0.1523,-0.3432
1787925109.196148,0.533524,1.552925,-1.459344,-0.1734,-0.2930
1787925109.205739,0.532721,1.554068,-1.457117,-0.1598,-0.2930
1787925109.211942,0.533124,1.555234,-1.456247,-0.1656,-0.2930
1787925109.219696,0.533510,1.556075,-1.455586,-0.1465,-0.2930
1787925109.223637,0.533272,1.557115,-1.453747,-0.1833,-0.2930
1787925109.230920,0.533041,1.558105,-1.452182,-0.1699,-0.2930
1787925109.239491,0.533068,1.559374,-1.451615,-0.1629,-0.2930
1787925109.244139,0.532962,1.560103,-1.449568,-0.1616,-0.2930
1787925109.250219,0.533375,1.561326,-1.448769,-0.1705,-0.2930
1787925109.259629,0.532966,1.562233,-1.447162,-0.1497,-0.2930
1787925109.265759,0.533048,1.563413,-1.446017,-0.1616,-0.2930
1787925109.272373,0.532498,1.564227,-1.443584,-0.1529,-0.2930
1787925109.278553,0.532398,1.565674,-1.443006,-0.1773,-0.2930
1787925109.287779,0.532442,1.566699,-1.441393,-0.1570,-0.2930
1787925109.290696,0.532865,1.567924,-1.440886,-0.2292,-0.2930
1787925109.299737,0.532335,1.568950,-1.439009,-0.1965,-0.2804
1787925109.306922,0.532549,1.569998,-1.437521,-0.1797,-0.2804
1787925109.314041,0.532591,1.571193,-1.436933,-0.1754,-0.2804
1787925109.317922,0.532357,1.572034,-1.435241,-0.1897,-0.2804
1787925109.323362,0.532653,1.573142,-1.434280,-0.1911,-0.2804
1787925109.332598,0.532197,1.574118,-1.432220,-0.1672,-0.2804
1787925109.337384,0.531857,1.574984,-1.430101,-0.1738,-0.2804
1787925109.343455,0.532036,1.576110,-1.429268,-0.1755,-0.2804
1787925109.350824,0.532103,1.577343,-1.428644,-0.1722,-0.2804
1787925109.357519,0.531822,1.578638,-1.427672,-0.1797,-0.2804
1787925109.364153,0.532022,1.579516,-1.426590,-0.1638,-0.2804
1787925109.371862,0.531739,1.580634,-1.425229,-0.1593,-0.2804
1787925109.377655,0.531547,1.581751,-1.424110,-0.1702,-0.2804
1787925109.382897,0.531508,1.582892,-1.423218,-0.1841,-0.2804
1787925109.390904,0.531296,1.583937,-1.422109,-0.1687,-0.2804
1787925109.397776,0.531223,1.584757,-1.420856,-0.1540,-0.2587
1787925109.403094,0.531034,1.585665,-1.419021,-0.1600,-0.2587
1787925109.410616,0.530770,1.586774,-1.417789,-0.1573,-0.2587
1787925109.418770,0.530690,1.587909,-1.417058,-0.1519,-0.2587
1787925109.426565,0.530187,1.588737,-1.414949,-0.1408,-0.2587
1787925109.431664,0.530382,1.590016,-1.414080,-0.1711,-0.2587
1787925109.437134,0.530528,1.591150,-1.413626,-0.1799,-0.2587
1787925109.444377,0.530004,1.592056,-1.411728,-0.1664,-0.2587
1787925109.450590,0.530172,1.593255,-1.410982,-0.1724,-0.2587
1787925109.456775,0.530120,1.594417,-1.410225,-0.1767,-0.2587
1787925109.464194,0.529633,1.595334,-1.408429,-0.1635,-0.2587
1787925109.470368,0.529762,1.596584,-1.407897,-0.1733,-0.2587
1787925109.477116,0.529662,1.597514,-1.406849,-0.1629,-0.2587
1787925109.484383,0.529348,1.598710,-1.405555,-0.1648,-0.2587
1787925109.490840,0.529264,1.599896,-1.404827,-0.1704,-0.2587
1787925109.497053,0.528490,1.600881,-1.402494,-0.1724,-0.1306
1787925109.505097,0.528365,1.601906,-1.401135,-0.1591,-0.1306
1787925109.512187,0.528399,1.603191,-1.400854,-0.1648,-0.1306
1787925109.521142,0.528350,1.604381,-1.400277,-0.1549,-0.1306
1787925109.526831,0.527646,1.605403,-1.398259,-0.1679,-0.1306
1787925109.531018,0.527956,1.606486,-1.397672,-0.1901,-0.1306
1787925109.542387,0.527306,1.607323,-1.395285,-0.1578,-0.1306
1787925109.546642,0.527580,1.608680,-1.395186,-0.2013,-0.1306
1787925109.551680,0.527965,1.609733,-1.394459,-0.1986,-0.1306
1787925109.556813,0.531848,1.612836,-1.398684,-0.2788,-0.1306
1787925109.563828,0.531690,1.613902,-1.397774,-0.2413,-0.1306
1787925109.571075,0.531573,1.615061,-1.396768,-0.2169,-0.1306
1787925109.577446,0.531333,1.616342,-1.395875,-0.2132,-0.1306
1787925109.583540,0.531156,1.617462,-1.394978,-0.2051,-0.1306
1787925109.590845,0.530737,1.618638,-1.393825,-0.1941,-0.1306
1787925109.596915,0.530934,1.619845,-1.393379,-0.1929,-0.1780
1787925109.605142,0.530646,1.620952,-1.392198,-0.1766,-0.1780
1787925109.611989,0.530390,1.622168,-1.390699,-0.1781,-0.1780
1787925109.621303,0.530568,1.623496,-1.390052,-0.1657,-0.1780
1787925109.629093,0.530253,1.624613,-1.388522,-0.1605,-0.1780
1787925109.632890,0.529771,1.625961,-1.386074,-0.2240,-0.1780
1787925109.638717,0.529615,1.626965,-1.384386,-0.2091,-0.1780
1787925109.643143,0.529336,1.628300,-1.383019,-0.2388,-0.1780
1787925109.649767,0.529614,1.629614,-1.382410,-0.2233,-0.1780
1787925109.657281,0.529101,1.630735,-1.380624,-0.2041,-0.1780
1787925109.665715,0.529137,1.631837,-1.380063,-0.1811,-0.1780
1787925109.671759,0.528494,1.632835,-1.378586,-0.1815,-0.1780
1787925109.677331,0.528713,1.634302,-1.378443,-0.2023,-0.1780
1787925109.684702,0.528448,1.635478,-1.377572,-0.1907,-0.1780
1787925109.690103,0.528013,1.636533,-1.375893,-0.1957,-0.1780
1787925109.698852,0.528250,1.637791,-1.375653,-0.1777,-0.1399
1787925109.703643,0.528097,1.638901,-1.374474,-0.1944,-0.1399
1787925109.711238,0.527944,1.639999,-1.373656,-0.1798,-0.1399
1787925109.716802,0.527904,1.641105,-1.373288,-0.1848,-0.1399
1787925109.724256,0.528012,1.642287,-1.372907,-0.1751,-0.1399
1787925109.732015,0.526770,1.643348,-1.370823,-0.1723,-0.1399
1787925109.737987,0.527192,1.644648,-1.370755,-0.1804,-0.1399
1787925109.745926,0.526857,1.645713,-1.369551,-0.1682,-0.1399
1787925109.750972,0.526920,1.647073,-1.369068,-0.1963,-0.1399
1787925109.756909,0.526446,1.648234,-1.367896,-0.1997,-0.1399
1787925109.764056,0.526544,1.649345,-1.367199,-0.1846,-0.1399
1787925109.772393,0.526335,1.650348,-1.366321,-0.1661,-0.1399
1787925109.777533,0.526230,1.651556,-1.365392,-0.1865,-0.1399
1787925109.786403,0.525807,1.652786,-1.364593,-0.1742,-0.1399
1787925109.790945,0.526014,1.654042,-1.364566,-0.2003,-0.1399
1787925109.798336,0.525643,1.655161,-1.363384,-0.1878,0.0000
1787925109.804925,0.525319,1.656318,-1.362746,-0.1860,0.0000
1787925109.810816,0.525361,1.657609,-1.362439,-0.1941,0.0000
1787925109.817214,0.525054,1.658607,-1.361253,-0.1846,0.0000
1787925109.826156,0.524771,1.659603,-1.360248,-0.1639,0.0000
1787925109.834803,0.524622,1.660847,-1.359520,-0.1580,0.0000
1787925109.840435,0.524141,1.661916,-1.358252,-0.1717,0.0000
1787925109.843928,0.523696,1.663047,-1.357160,-0.2233,0.0000
1787925109.850483,0.523717,1.664111,-1.356524,-0.2036,0.0000
1787925109.858526,0.523006,1.665095,-1.354540,-0.1841,0.0000
1787925109.864456,0.523103,1.666104,-1.354025,-0.1776,0.0000
1787925109.870754,0.522339,1.667015,-1.352365,-0.1746,0.0000
1787925109.878539,0.522052,1.667760,-1.350773,-0.1526,0.0000
1787925109.885262,0.520981,1.669888,-1.352447,-0.2099,0.0000
1787925109.889517,0.521228,1.670593,-1.351769,-0.1916,0.0000
1787925109.899807,0.520535,1.671200,-1.350386,-0.1558,0.0000
1787925109.903963,0.520386,1.671982,-1.349827,-0.1665,0.0000
1787925109.910662,0.520247,1.672724,-1.349299,-0.1503,0.0000
1787925109.919714,0.520068,1.673439,-1.348884,-0.1297,0.0000
1787925109.927649,0.519806,1.673842,-1.347775,-0.1078,0.0000
1787925109.930702,0.519885,1.674577,-1.347736,-0.1442,0.0000
1787925109.937621,0.519290,1.674969,-1.345766,-0.1232,0.0000
1787925109.944254,0.518926,1.675316,-1.344539,-0.1053,0.0000
1787925109.952920,0.518638,1.675664,-1.343036,-0.0877,0.0000
1787925109.959180,0.518704,1.676051,-1.342418,-0.0787,0.0000
1787925109.966237,0.518284,1.676342,-1.341718,-0.0712,0.0000
1787925109.970376,0.518180,1.676570,-1.341446,-0.0677,0.0000
1787925109.977247,0.518195,1.676823,-1.341104,-0.0580,0.0000
1787925109.986712,0.518228,1.677143,-1.341281,-0.0502,0.0000
1787925109.993670,0.515895,1.676562,-1.338194,-0.0340,0.0000
1787925110.000021,0.516160,1.676746,-1.338623,-0.0294,0.0000
1787925110.003732,0.516050,1.676840,-1.338722,-0.0300,0.0000
1787925110.011463,0.515846,1.676766,-1.338458,-0.0200,0.0000
1787925110.018821,0.516051,1.676694,-1.338837,-0.0092,0.0000
1787925110.025108,0.516480,1.676878,-1.339944,-0.0103,0.0000
1787925110.032862,0.516053,1.676541,-1.338811,0.0017,0.0000
1787925110.039290,0.516394,1.676554,-1.339616,0.0042,0.0000
1787925110.047523,0.516205,1.676227,-1.338979,0.0130,0.0000
1787925110.051986,0.516209,1.676028,-1.338791,0.0221,0.0000
1787925110.056919,0.516163,1.675898,-1.338863,0.0225,0.0000
1787925110.064286,0.515844,1.675540,-1.337923,0.0270,0.0000
1787925110.071021,0.516133,1.675417,-1.338187,0.0272,0.0000
1787925110.079550,0.516065,1.675246,-1.338261,0.0243,0.0000
1787925110.083627,0.515938,1.674901,-1.337847,0.0396,0.0000
1787925110.091812,0.515928,1.674820,-1.338129,0.0305,0.0000
1787925110.097649,0.516288,1.674673,-1.338557,0.0329,0.0000
1787925110.105889,0.516155,1.674428,-1.338763,0.0306,0.0000
1787925110.111052,0.516392,1.674301,-1.339068,0.0318,0.0000
1787925110.117261,0.516416,1.674344,-1.339491,0.0205,0.0000
1787925110.126274,0.516423,1.674141,-1.339702,0.0210,0.0000
1787925110.132488,0.516649,1.673960,-1.339697,0.0257,0.0000
1787925110.142173,0.516551,1.673797,-1.339820,0.0222,0.0000
1787925110.144737,0.516603,1.673697,-1.339787,0.0284,0.0000
1787925110.150864,0.516779,1.673583,-1.340131,0.0273,0.0000
1787925110.158119,0.516592,1.673476,-1.339495,0.0216,0.0000
1787925110.164354,0.516741,1.673391,-1.339911,0.0208,0.0000
1787925110.171438,0.516527,1.673453,-1.339634,0.0099,0.0000
1787925110.177406,0.516770,1.673397,-1.339930,0.0125,0.0000
1787925110.184176,0.516784,1.673421,-1.339957,0.0078,0.0000
1787925110.192661,0.516604,1.673500,-1.339747,0.0013,0.0000
1787925110.196767,0.516549,1.673323,-1.339326,0.0126,0.0000
1787925110.209145,0.516596,1.673484,-1.339772,0.0052,0.0000
1787925110.212672,0.516735,1.673512,-1.339776,0.0041,0.0000
1787925110.219633,0.516422,1.673539,-1.339366,-0.0014,0.0000
1787925110.225288,0.516599,1.673624,-1.339818,-0.0032,0.0000
1787925110.230534,0.516844,1.673755,-1.340168,-0.0063,0.0000
1787925110.236928,0.516494,1.673774,-1.339641,-0.0090,0.0000
1787925110.245638,0.516891,1.673779,-1.340088,-0.0034,0.0000
1787925110.250636,0.516816,1.673846,-1.339913,-0.0073,0.0000
1787925110.260273,0.516745,1.673917,-1.339939,-0.0078,0.0000
1787925110.264797,0.516398,1.673826,-1.339171,-0.0048,0.0000
1787925110.271408,0.516740,1.673912,-1.339863,-0.0036,0.0000
1787925110.277242,0.516577,1.673913,-1.339399,-0.0045,0.0000
1787925110.285235,0.516615,1.673914,-1.339552,-0.0029,0.0000
1787925110.290470,0.516489,1.673905,-1.339302,-0.0032,0.0000
1787925110.298600,0.516535,1.673882,-1.339521,-0.0010,0.0000
1787925110.303711,0.516644,1.673911,-1.339787,-0.0009,0.0000
1787925110.311351,0.516284,1.673781,-1.339295,0.0011,0.0000
1787925110.316155,0.516708,1.673886,-1.339874,0.0004,0.0000
1787925110.324126,0.516577,1.673818,-1.339561,0.0016,0.0000
1787925110.331357,0.516592,1.673683,-1.339588,0.0067,0.0000
1787925110.338406,0.516488,1.673796,-1.339529,-0.0010,0.0000
1787925110.345782,0.516650,1.673765,-1.339807,0.0021,0.0000
1787925110.351758,0.516827,1.673762,-1.339963,0.0036,0.0000
1787925110.358822,0.516709,1.673735,-1.339812,0.0025,0.0000
1787925110.367274,0.516901,1.673688,-1.339867,0.0049,0.0000
1787925110.370272,0.516632,1.673723,-1.339996,-0.0062,0.0000
1787925110.377501,0.516656,1.673684,-1.339681,-0.0025,0.0000
1787925110.383047,0.516689,1.673661,-1.339949,-0.0001,0.0000
1787925110.391577,0.516759,1.673704,-1.340014,-0.0010,0.0000
1787925110.397517,0.516601,1.673611,-1.339803,0.0021,0.0000
1787925110.405083,0.516720,1.673724,-1.339837,-0.0018,0.0000
1787925110.412854,0.516501,1.673717,-1.339714,-0.0029,0.0000
1787925110.417725,0.516799,1.673729,-1.339996,0.0014,0.0000
1787925110.423881,0.516661,1.673779,-1.339829,-0.0029,0.0000
1787925110.432865,0.516878,1.673818,-1.340360,-0.0017,0.0000
1787925110.439986,0.516582,1.673785,-1.339791,-0.0027,0.0000
1787925110.445154,0.516525,1.673720,-1.339431,0.0011,0.0000
1787925110.451589,0.516770,1.673884,-1.339956,-0.0041,0.0000
1787925110.457992,0.516567,1.673803,-1.339596,-0.0013,0.0000
1787925110.464753,0.516792,1.673812,-1.339950,0.0009,0.0000
1787925110.470108,0.516773,1.673699,-1.339612,0.0066,0.0000
1787925110.477609,0.516670,1.673747,-1.339644,0.0018,0.0000
1787925110.484105,0.516836,1.673837,-1.339854,-0.0010,0.0000
1787925110.491601,0.516683,1.673724,-1.339654,0.0023,0.0000
1787925110.499147,0.516652,1.673706,-1.339689,0.0020,0.0000
1787925110.503469,0.516811,1.673775,-1.339869,-0.0008,0.0000
1787925110.510272,0.516815,1.673906,-1.340264,-0.0061,0.0000
1787925110.518513,0.516601,1.673716,-1.339734,0.0007,0.0000
1787925110.527719,0.516695,1.673788,-1.339959,-0.0011,0.0000
1787925110.532489,0.516580,1.673755,-1.339533,-0.0005,0.0000
1787925110.539081,0.516774,1.673729,-1.339863,0.0029,0.0000
1787925110.543473,0.516728,1.673700,-1.339801,0.0032,0.0000
1787925110.551639,0.516611,1.673723,-1.339771,0.0004,0.0000
1787925110.558252,0.516812,1.673733,-1.340052,0.0019,0.0000
1787925110.564467,0.516781,1.673685,-1.339969,0.0033,0.0000
1787925110.570817,0.516663,1.673612,-1.339713,0.0044,0.0000
1787925110.577251,0.516723,1.673743,-1.339906,-0.0022,0.0000
1787925110.579211,0.516607,1.673674,-1.339578,0.0046,0.0000
1787925110.590325,0.516670,1.673722,-1.339655,0.0023,0.0000
1787925110.599624,0.516632,1.673730,-1.339791,0.0011,0.0000
1787925110.607577,0.516764,1.673781,-1.339773,0.0000,0.0000
1787925110.610560,0.516818,1.673759,-1.340090,0.0035,0.0000
1787925110.617525,0.516525,1.673723,-1.339652,0.0010,0.0000
1787925110.622822,0.516643,1.673730,-1.339756,0.0019,0.0000
1787925110.630675,0.516564,1.673693,-1.339295,0.0020,0.0000
1787925110.638544,0.516765,1.673873,-1.339983,-0.0035,0.0000
1787925110.644616,0.516693,1.673822,-1.340105,-0.0008,0.0000
1787925110.653137,0.516733,1.673703,-1.339704,0.0038,0.0000
1787925110.657537,0.516872,1.673787,-1.340126,-0.0007,0.0000
1787925110.663607,0.516692,1.673688,-1.339566,0.0022,0.0000
1787925110.670330,0.516911,1.673787,-1.339981,-0.0005,0.0000
1787925110.677580,0.516653,1.673682,-1.339852,0.0014,0.0000
1787925110.685460,0.516775,1.673833,-1.339848,-0.0035,0.0000
1787925110.689949,0.516810,1.673785,-1.340037,0.0012,0.0000
1787925110.697236,0.516783,1.673696,-1.339837,0.0041,0.0000
1787925110.705099,0.516878,1.673796,-1.340033,0.0000,0.0000
1787925110.712634,0.516740,1.673690,-1.339558,0.0028,0.0000
1787925110.719291,0.516537,1.673763,-1.339771,-0.0033,0.0000
1787925110.725536,0.516615,1.673712,-1.339748,0.0009,0.0000
1787925110.732303,0.516923,1.673810,-1.340210,-0.0005,0.0000
1787925110.738136,0.516753,1.673891,-1.339994,-0.0063,0.0000
1787925110.744017,0.516692,1.673800,-1.339813,-0.0006,0.0000
1787925110.751575,0.516892,1.673870,-1.340270,-0.0013,0.0000
1787925110.757130,0.516676,1.673697,-1.339602,0.0055,0.0000
1787925110.764595,0.516719,1.673764,-1.339694,0.0016,0.0000
1787925110.771039,0.516899,1.673825,-1.340152,0.0003,0.0000
1787925110.776350,0.516659,1.673729,-1.339774,0.0023,0.0000
1787925110.783144,0.516672,1.673744,-1.339683,0.0012,0.0000
1787925110.794340,0.516683,1.673667,-1.339724,0.0029,0.0000
1787925110.800024,0.516691,1.673734,-1.339672,-0.0014,0.0000
1787925110.804807,0.516548,1.673708,-1.339477,-0.0014,0.0000
1787925110.810816,0.516676,1.673779,-1.339599,-0.0030,0.0000
1787925110.818656,0.516702,1.673690,-1.339830,0.0015,0.0000
1787925110.825601,0.516584,1.673675,-1.339608,0.0005,0.0000
1787925110.830656,0.516721,1.673651,-1.339533,0.0036,0.0000
1787925110.835829,0.516488,1.673683,-1.339370,-0.0024,0.0000
1787925110.844192,0.516922,1.673712,-1.340216,0.0009,0.0000
1787925110.851181,0.516774,1.673729,-1.339743,-0.0016,0.0000
1787925110.859121,0.516688,1.673746,-1.339460,-0.0025,0.0000
1787925110.864104,0.516711,1.673814,-1.339864,-0.0054,0.0000
1787925110.871028,0.516796,1.673787,-1.339904,-0.0018,0.0000
1787925110.877433,0.516860,1.673787,-1.340251,-0.0006,0.0000
1787925110.886424,0.516525,1.673731,-1.339464,-0.0011,0.0000
1787925110.892966,0.516841,1.673777,-1.340134,0.0005,0.0000
1787925110.900816,0.516555,1.673661,-1.339486,0.0021,0.0000
1787925110.905000,0.516592,1.673679,-1.339442,0.0009,0.0000
1787925110.914044,0.516741,1.673782,-1.339937,-0.0016,0.0000
1787925110.918530,0.516809,1.673792,-1.340025,-0.0007,0.0000
1787925110.925749,0.516707,1.673676,-1.339636,0.0033,0.0000
1787925110.932746,0.516869,1.673724,-1.339790,0.0019,0.0000
1787925110.938715,0.516557,1.673786,-1.339788,-0.0053,0.0000
1787925110.944706,0.516825,1.673727,-1.339755,0.0022,0.0000
1787925110.951713,0.516844,1.673777,-1.340118,-0.0004,0.0000
1787925110.960946,0.516832,1.673728,-1.339846,0.0012,0.0000
1787925110.964928,0.516788,1.673820,-1.340048,-0.0066,0.0000
1787925110.970232,0.516722,1.673733,-1.339763,-0.0007,0.0000
1787925110.976827,0.516929,1.673794,-1.340014,-0.0011,0.0000
1787925110.984069,0.516688,1.673717,-1.339578,0.0001,0.0000
1787925110.991489,0.516602,1.673737,-1.339530,-0.0015,0.0000
1787925110.994114,0.516660,1.673744,-1.339731,-0.0003,0.0000
