timestamp,x,y,yaw,velocity,steering
1787918212.840585,-0.175462,-2.751002,1.902637,0.0000,0.0000
1787918212.846967,-0.175220,-2.751102,1.902538,-0.0081,0.0000
1787918212.854922,-0.175430,-2.751000,1.902600,0.0005,0.0000
1787918212.860236,-0.175088,-2.751325,1.903216,-0.0233,0.0000
1787918212.866693,-0.175207,-2.751175,1.902799,-0.0079,0.0000
1787918212.878150,-0.175165,-2.751151,1.902930,-0.0053,0.0000
1787918212.883037,-0.175167,-2.751023,1.902897,0.0038,0.0000
1787918212.891277,-0.174975,-2.751008,1.903457,0.0009,0.0000
1787918212.893844,-0.175485,-2.751273,1.902336,-0.0093,0.0000
1787918212.900357,-0.175005,-2.750998,1.903134,-0.0017,0.0000
1787918212.907180,-0.175167,-2.751205,1.903072,-0.0075,0.0000
1787918212.913354,-0.175269,-2.750979,1.902717,0.0067,0.0000
1787918212.920663,-0.175060,-2.751014,1.903036,0.0006,0.0000
1787918212.926951,-0.175130,-2.751091,1.902883,-0.0020,0.0000
1787918212.933343,-0.175299,-2.751130,1.902610,-0.0005,0.0000
1787918212.940715,-0.175036,-2.751044,1.903023,-0.0005,0.0000
1787918212.946827,-0.175486,-2.751010,1.902334,0.0084,0.0000
1787918212.953806,-0.175378,-2.751107,1.902456,0.0004,0.0000
1787918212.961053,-0.175084,-2.751185,1.902952,-0.0067,0.0000
1787918212.967320,-0.175071,-2.750989,1.903163,0.0039,0.0000
1787918212.973872,-0.175413,-2.751105,1.902503,0.0028,0.0000
1787918212.980351,-0.175308,-2.751144,1.902683,-0.0013,0.0000
1787918212.990883,-0.175299,-2.750805,1.902665,0.0082,0.0000
1787918212.994417,-0.175082,-2.751146,1.903143,-0.0277,0.0000
1787918212.999836,-0.174968,-2.751127,1.903437,-0.0204,0.0000
1787918213.007004,-0.175081,-2.751141,1.903097,-0.0133,0.0000
1787918213.013481,-0.174911,-2.750987,1.903506,-0.0051,0.0000
1787918213.020471,-0.175080,-2.751155,1.902970,-0.0080,0.0000
1787918213.028016,-0.175356,-2.750923,1.902547,0.0066,0.0000
1787918213.033571,-0.174813,-2.750977,1.903571,-0.0077,0.0000
1787918213.040160,-0.175204,-2.750997,1.902858,-0.0005,0.0000
1787918213.048023,-0.175273,-2.751177,1.902899,-0.0059,0.0000
1787918213.053478,-0.175174,-2.750991,1.902886,0.0037,0.0000
1787918213.063194,-0.175359,-2.751220,1.902549,-0.0022,0.0000
1787918213.067116,-0.174993,-2.751094,1.903306,-0.0016,0.0000
1787918213.073552,-0.175224,-2.751077,1.902698,0.0031,0.0000
1787918213.080199,-0.175409,-2.751236,1.902449,-0.0018,0.0000
1787918213.086817,-0.175010,-2.751145,1.903190,-0.0033,0.0000
1787918213.093324,-0.175134,-2.750964,1.902973,0.0074,0.0000
1787918213.100614,-0.175174,-2.751142,1.902872,-0.0012,0.0000
1787918213.108110,-0.175098,-2.750834,1.903255,0.0098,0.0000
1787918213.113853,-0.175165,-2.751017,1.902723,-0.0010,0.0000
1787918213.120017,-0.175407,-2.751087,1.902613,-0.0001,0.0000
1787918213.129863,-0.175225,-2.751049,1.902896,-0.0008,0.0000
1787918213.133438,-0.175092,-2.751112,1.903023,-0.0092,0.0000
1787918213.140384,-0.175299,-2.750916,1.902799,0.0045,0.0000
1787918213.146467,-0.175215,-2.751218,1.902882,-0.0123,0.0000
1787918213.153527,-0.175289,-2.750979,1.902781,0.0020,0.0000
1787918213.162504,-0.175128,-2.750967,1.902908,0.0000,0.0000
1787918213.166832,-0.175048,-2.751144,1.903247,-0.0134,0.0000
1787918213.173672,-0.175075,-2.750935,1.903033,-0.0003,0.0000
1787918213.180633,-0.175134,-2.751190,1.902831,-0.0098,0.0000
1787918213.186914,-0.175476,-2.751044,1.902349,0.0051,0.0000
1787918213.195928,-0.174828,-2.750862,1.903887,0.0022,0.0000
1787918213.200176,-0.174980,-2.751090,1.903272,-0.0102,0.0000
1787918213.207034,-0.175342,-2.751066,1.902749,-0.0010,0.0000
1787918213.213132,-0.174973,-2.750862,1.903383,0.0029,0.0000
1787918213.220216,-0.175326,-2.751028,1.902770,0.0002,0.0000
1787918213.227585,-0.175293,-2.751172,1.902472,-0.0058,0.0000
1787918213.234922,-0.175277,-2.750909,1.903192,0.0059,0.0000
1787918213.240433,-0.174937,-2.751147,1.903344,-0.0142,0.0000
1787918213.246560,-0.175461,-2.751110,1.902239,0.0002,0.0000
1787918213.253939,-0.175353,-2.751122,1.902807,-0.0018,0.0000
1787918213.260641,-0.175087,-2.751146,1.903178,-0.0061,0.0000
1787918213.266939,-0.175161,-2.751025,1.902935,0.0023,0.0000
1787918213.273699,-0.175370,-2.751137,1.902568,-0.0001,0.0000
1787918213.280241,-0.175217,-2.751099,1.902721,-0.0007,0.0000
1787918213.287318,-0.174930,-2.751109,1.903374,-0.0048,0.0000
1787918213.293881,-0.175097,-2.750968,1.903106,0.0052,0.0000
1787918213.300372,-0.175235,-2.751018,1.902682,0.0035,0.0000
1787918213.306543,-0.175606,-2.751053,1.902198,0.0067,0.0000
1787918213.313588,-0.174986,-2.750930,1.903494,0.0010,0.0000
1787918213.320305,-0.175516,-2.751066,1.902292,0.0027,0.0000
1787918213.327919,-0.175425,-2.751103,1.902334,-0.0007,0.0000
1787918213.334830,-0.175464,-2.751071,1.902458,0.0014,0.0000
1787918213.340192,-0.175080,-2.750948,1.903189,0.0005,0.0000
1787918213.347144,-0.175508,-2.751080,1.902564,0.0010,0.0000
1787918213.355297,-0.175046,-2.750870,1.903222,0.0024,0.0000
1787918213.359904,-0.175253,-2.751119,1.902690,-0.0092,0.0000
1787918213.367666,-0.174967,-2.751021,1.903204,-0.0065,0.0000
1787918213.373299,-0.175060,-2.751063,1.903041,-0.0050,0.0000
1787918213.381667,-0.175153,-2.751184,1.902967,-0.0065,0.0000
1787918213.387110,-0.175283,-2.750992,1.902862,0.0077,0.0000
1787918213.394931,-0.175288,-2.750917,1.902784,0.0082,0.0000
1787918213.402689,-0.175135,-2.751013,1.903078,0.0003,0.0000
1787918213.406554,-0.175316,-2.751178,1.902823,-0.0073,0.0000
1787918213.413726,-0.175419,-2.751271,1.902414,-0.0074,0.0000
1787918213.420492,-0.174709,-2.750898,1.904222,0.0002,0.0000
1787918213.428022,-0.175068,-2.751237,1.902971,-0.0080,0.0000
1787918213.433529,-0.175136,-2.751003,1.903087,0.0077,0.0000
1787918213.440154,-0.174949,-2.751144,1.903341,-0.0034,0.0000
1787918213.446952,-0.174752,-2.750953,1.903812,0.0027,0.0000
1787918213.453316,-0.175273,-2.751162,1.902617,0.0006,0.0000
1787918213.460806,-0.175384,-2.750969,1.902566,0.0092,0.0000
1787918213.469595,-0.174972,-2.751105,1.903303,-0.0026,0.0000
1787918213.475134,-0.175129,-2.751082,1.903339,0.0022,0.0000
1787918213.480071,-0.174893,-2.751101,1.903429,-0.0043,0.0000
1787918213.486980,-0.175356,-2.751245,1.902417,-0.0024,0.0000
1787918213.493390,-0.175156,-2.750999,1.902787,0.0062,0.0000
1787918213.502211,-0.174871,-2.751067,1.903313,-0.0010,0.0000
1787918213.507639,-0.175186,-2.751021,1.902911,0.0074,0.0000
1787918213.513543,-0.174768,-2.751069,1.903912,-0.0041,0.0000
1787918213.520859,-0.175143,-2.751226,1.903150,-0.0039,0.0000
1787918213.526909,-0.174807,-2.750974,1.903741,0.0036,0.0000
1787918213.533200,-0.175110,-2.751144,1.902927,-0.0004,0.0000
1787918213.540336,-0.175127,-2.751096,1.903104,0.0019,0.0000
1787918213.546730,-0.175319,-2.750972,1.902770,0.0097,0.0000
1787918213.554302,-0.175272,-2.750937,1.902743,0.0075,0.0000
1787918213.560299,-0.175223,-2.750948,1.903217,0.0039,0.0000
1787918213.566810,-0.175219,-2.750952,1.902884,0.0025,0.0000
1787918213.573699,-0.175075,-2.751034,1.903216,-0.0036,0.0000
1787918213.580223,-0.174796,-2.751016,1.903575,-0.0060,0.0000
1787918213.587393,-0.174890,-2.751213,1.903526,-0.0107,0.0000
1787918213.593982,-0.175380,-2.751186,1.902417,0.0010,0.0000
1787918213.600104,-0.174862,-2.751104,1.903805,-0.0038,0.0000
1787918213.606689,-0.175169,-2.751010,1.902778,0.0059,0.0000
1787918213.613884,-0.175315,-2.750952,1.902785,0.0084,0.0000
1787918213.620151,-0.175570,-2.751096,1.902194,0.0033,0.0000
1787918213.626618,-0.175471,-2.751031,1.902270,0.0037,0.0000
1787918213.634533,-0.175061,-2.750935,1.903211,0.0010,0.0000
1787918213.640905,-0.175233,-2.751163,1.902676,-0.0068,0.0000
1787918213.647116,-0.175098,-2.751135,1.903236,-0.0056,0.0000
1787918213.653629,-0.175191,-2.750910,1.902889,0.0072,0.0000
1787918213.660036,-0.175576,-2.751049,1.902142,0.0048,0.0000
1787918213.667250,-0.175113,-2.750936,1.903099,0.0015,0.0000
1787918213.674103,-0.175101,-2.750966,1.903112,-0.0004,0.0000
1787918213.680176,-0.175529,-2.751226,1.902032,-0.0055,0.0000
1787918213.687110,-0.175041,-2.751023,1.903295,-0.0025,0.0000
1787918213.693010,-0.175003,-2.751105,1.902962,-0.0063,0.0000
1787918213.700311,-0.174981,-2.751083,1.903220,-0.0038,0.0000
1787918213.709327,-0.175131,-2.751052,1.903237,-0.0001,0.0000
1787918213.713830,-0.175006,-2.750898,1.903263,0.0069,0.0000
1787918213.720185,-0.175081,-2.751194,1.903156,-0.0072,0.0000
1787918213.727334,-0.175012,-2.750990,1.903450,0.0021,0.0000
1787918213.733352,-0.174928,-2.750930,1.903373,0.0029,0.0000
1787918213.740731,-0.175035,-2.751018,1.903064,0.0001,0.0000
1787918213.746433,-0.174818,-2.750966,1.903487,-0.0011,0.0000
1787918213.754251,-0.175575,-2.750947,1.902129,0.0094,0.0000
1787918213.760375,-0.175257,-2.751198,1.902668,-0.0101,0.0000
1787918213.766955,-0.175058,-2.751080,1.902874,-0.0049,0.0000
1787918213.773416,-0.174992,-2.750873,1.903487,0.0046,0.0000
1787918213.779829,-0.175502,-2.750966,1.902261,0.0069,0.0000
1787918213.787174,-0.174896,-2.751001,1.903678,-0.0047,0.0000
1787918213.793663,-0.175374,-2.751275,1.902449,-0.0080,0.0000
1787918213.801285,-0.175430,-2.751127,1.902490,0.0006,0.0000
1787918213.809996,-0.175333,-2.750990,1.902575,0.0038,0.0000
1787918213.813510,-0.174824,-2.750997,1.903396,-0.0121,0.0000
1787918213.820220,-0.175008,-2.751005,1.903326,-0.0062,0.0000
1787918213.826698,-0.174926,-2.751011,1.903372,-0.0058,0.0000
1787918213.833091,-0.175412,-2.751119,1.902395,-0.0014,0.0000
1787918213.840657,-0.175016,-2.751063,1.903107,-0.0040,0.0000
1787918213.847027,-0.175279,-2.751127,1.902704,-0.0016,0.0000
1787918213.853587,-0.175594,-2.751287,1.902011,-0.0034,0.0000
1787918213.860496,-0.175229,-2.751028,1.902502,0.0031,0.0000
1787918213.867732,-0.175177,-2.751160,1.903078,-0.0037,0.0000
1787918213.873696,-0.174846,-2.751078,1.903414,-0.0041,0.0000
1787918213.880595,-0.175223,-2.751036,1.902719,0.0042,0.0000
1787918213.887393,-0.174908,-2.750977,1.903356,0.0008,0.0000
1787918213.893507,-0.175090,-2.751119,1.903233,-0.0031,0.0000
1787918213.901485,-0.174966,-2.750999,1.903482,0.0006,0.0000
1787918213.906281,-0.175128,-2.751056,1.902990,0.0003,0.0000
1787918213.913531,-0.174906,-2.750850,1.903753,0.0053,0.0000
1787918213.920494,-0.175258,-2.751130,1.902796,-0.0027,0.0000
1787918213.928774,-0.175041,-2.751069,1.903256,-0.0024,0.0000
1787918213.933552,-0.174964,-2.751097,1.903535,-0.0050,0.0000
1787918213.939913,-0.175304,-2.751103,1.902511,0.0015,0.0000
1787918213.949157,-0.174957,-2.750917,1.903520,0.0031,0.0000
1787918213.953977,-0.175093,-2.751153,1.902988,-0.0090,0.0000
1787918213.960918,-0.175176,-2.751051,1.903031,-0.0009,0.0000
1787918213.967428,-0.175395,-2.751239,1.902463,-0.0056,0.0000
1787918213.973306,-0.175014,-2.750947,1.903482,0.0038,0.0000
1787918213.981870,-0.175054,-2.751020,1.903129,0.0007,0.0000
1787918213.987091,-0.175249,-2.750998,1.902816,0.0054,0.0000
1787918213.993413,-0.175429,-2.751214,1.902643,-0.0031,0.1166
1787918214.000030,-0.175196,-2.751182,1.902934,-0.0043,0.1166
1787918214.006817,-0.175393,-2.750949,1.902500,0.0095,0.1166
1787918214.014255,-0.175403,-2.751043,1.902738,0.0033,0.1166
1787918214.020101,-0.175176,-2.751175,1.903027,-0.0079,0.1166
1787918214.027064,-0.175036,-2.750991,1.903222,-0.0000,0.1166
1787918214.033552,-0.174931,-2.750846,1.903525,0.0047,0.1166
1787918214.040395,-0.174810,-2.751048,1.903827,-0.0068,0.1166
1787918214.047824,-0.175036,-2.750913,1.903412,0.0034,0.1166
1787918214.054371,-0.174981,-2.750990,1.903195,-0.0018,0.1166
1787918214.061900,-0.175348,-2.751002,1.902257,0.0030,0.1166
1787918214.068231,-0.174943,-2.751181,1.903427,-0.0122,0.1166
1787918214.073569,-0.174971,-2.751026,1.903325,0.0003,0.1166
1787918214.079983,-0.175185,-2.751103,1.902736,0.0001,0.1166
1787918214.089102,-0.175538,-2.751180,1.901993,0.0014,0.1166
1787918214.093408,-0.175153,-2.750908,1.903077,0.0102,0.1166
1787918214.100538,-0.174873,-2.751102,1.903472,-0.0045,0.1167
1787918214.107157,-0.174981,-2.751129,1.903293,-0.0027,0.1167
1787918214.116735,-0.174969,-2.750958,1.903628,0.0031,0.1167
1787918214.120237,-0.175161,-2.751271,1.903041,-0.0179,0.1167
1787918214.126617,-0.175699,-2.751196,1.902001,-0.0009,0.1167
1787918214.133245,-0.174897,-2.751117,1.903562,-0.0091,0.1167
1787918214.140610,-0.175223,-2.750976,1.902815,0.0034,0.1167
1787918214.147280,-0.175257,-2.750896,1.902677,0.0063,0.1167
1787918214.156881,-0.175508,-2.751263,1.902079,-0.0039,0.1167
1787918214.160417,-0.175239,-2.751145,1.902730,-0.0008,0.1167
1787918214.167164,-0.174954,-2.750996,1.903607,0.0016,0.1167
1787918214.174601,-0.175168,-2.750985,1.902900,0.0044,0.1167
1787918214.181494,-0.175133,-2.751068,1.902796,-0.0008,0.1167
1787918214.186853,-0.175244,-2.751180,1.902750,-0.0045,0.1167
1787918214.196570,-0.175346,-2.751090,1.902765,0.0005,0.1169
1787918214.200357,-0.175255,-2.751025,1.902756,0.0029,0.1169
1787918214.206867,-0.175395,-2.751093,1.902577,0.0011,0.1169
1787918214.213276,-0.175220,-2.750997,1.902868,0.0024,0.1169
1787918214.221716,-0.174999,-2.751215,1.903351,-0.0082,0.1169
1787918214.226504,-0.174967,-2.751000,1.903465,0.0064,0.1169
1787918214.234133,-0.175381,-2.751055,1.902369,0.0077,0.1169
1787918214.239961,-0.175026,-2.751028,1.902959,0.0007,0.1169
1787918214.246548,-0.175233,-2.750946,1.902905,0.0071,0.1169
1787918214.253897,-0.175263,-2.750968,1.902863,0.0045,0.1169
1787918214.259915,-0.175177,-2.751028,1.902990,-0.0010,0.1169
1787918214.267210,-0.174772,-2.750841,1.903735,0.0011,0.1169
1787918214.273605,-0.174909,-2.751019,1.903713,-0.0050,0.1169
1787918214.280066,-0.175108,-2.751013,1.903220,-0.0003,0.1169
1787918214.288549,-0.174700,-2.750987,1.903927,-0.0040,0.1169
1787918214.293415,-0.175177,-2.751150,1.902778,-0.0027,0.1169
1787918214.300196,-0.175304,-2.751141,1.902730,0.0003,0.1161
1787918214.307199,-0.175165,-2.751037,1.903145,0.0025,0.1161
1787918214.313920,-0.175648,-2.751134,1.902014,0.0047,0.1161
1787918214.321411,-0.174986,-2.751143,1.903220,-0.0058,0.1161
1787918214.326937,-0.174974,-2.751150,1.903414,-0.0046,0.1161
1787918214.333683,-0.175240,-2.751072,1.902983,0.0039,0.1161
1787918214.340487,-0.175103,-2.751020,1.903079,0.0029,0.1161
1787918214.346938,-0.175134,-2.751152,1.902882,-0.0033,0.1161
1787918214.353194,-0.175257,-2.750977,1.902740,0.0076,0.1161
1787918214.360381,-0.175212,-2.751000,1.902814,0.0038,0.1161
1787918214.367009,-0.174981,-2.751098,1.903233,-0.0050,0.1161
1787918214.373339,-0.175294,-2.751080,1.902910,0.0021,0.1161
1787918214.380221,-0.174977,-2.750915,1.903376,0.0038,0.1161
1787918214.386742,-0.175439,-2.751216,1.902296,-0.0035,0.1161
1787918214.393506,-0.175076,-2.750937,1.903379,0.0040,0.1161
1787918214.401209,-0.175197,-2.751058,1.903082,-0.0001,0.1164
1787918214.406506,-0.175127,-2.750984,1.903189,0.0026,0.1164
1787918214.413118,-0.175051,-2.751064,1.903351,-0.0027,0.1164
1787918214.420345,-0.175016,-2.751079,1.903410,-0.0030,0.1164
1787918214.426472,-0.175316,-2.751222,1.902749,-0.0039,0.1164
1787918214.433907,-0.175227,-2.751038,1.902934,0.0031,0.1164
1787918214.439987,-0.175287,-2.751030,1.902847,0.0035,0.1164
1787918214.446284,-0.175162,-2.751263,1.902852,-0.0100,0.1164
1787918214.453557,-0.174883,-2.751123,1.903488,-0.0053,0.1164
1787918214.461255,-0.175177,-2.751129,1.902644,-0.0002,0.1164
1787918214.466552,-0.175321,-2.751044,1.902830,0.0071,0.1164
1787918214.474045,-0.175362,-2.751102,1.902600,0.0033,0.1164
1787918214.483290,-0.175203,-2.751104,1.903030,0.0006,0.1164
1787918214.487133,-0.174982,-2.750980,1.903661,0.0039,0.1164
1787918214.493677,-0.175097,-2.751100,1.903034,-0.0007,0.1156
1787918214.500329,-0.174972,-2.750981,1.903419,0.0027,0.1156
1787918214.508518,-0.175353,-2.751121,1.902416,0.0016,0.1156
1787918214.513484,-0.175000,-2.751065,1.903309,-0.0027,0.1156
1787918214.520062,-0.175482,-2.751007,1.902357,0.0078,0.1156
1787918214.526870,-0.175381,-2.751034,1.902618,0.0029,0.1156
1787918214.535535,-0.175186,-2.751295,1.902797,-0.0087,0.1156
1787918214.540441,-0.175135,-2.751056,1.903081,0.0067,0.1156
1787918214.547034,-0.175110,-2.751014,1.903164,0.0061,0.1156
1787918214.553536,-0.174721,-2.750949,1.904090,0.0012,0.1156
1787918214.560181,-0.175430,-2.751090,1.902550,0.0053,0.1156
1787918214.568127,-0.175623,-2.751008,1.902063,0.0090,0.1156
1787918214.573373,-0.175243,-2.751114,1.902757,-0.0065,0.1156
1787918214.580380,-0.175586,-2.751180,1.902475,-0.0025,0.1156
1787918214.586405,-0.175135,-2.751194,1.902902,-0.0097,0.1156
1787918214.596418,-0.175358,-2.751123,1.902672,-0.0026,0.1164
1787918214.600468,-0.175098,-2.750984,1.903159,0.0016,0.1164
1787918214.606907,-0.175134,-2.751067,1.903004,-0.0020,0.1164
1787918214.613432,-0.175143,-2.750989,1.902965,0.0021,0.1164
1787918214.621031,-0.175156,-2.750901,1.903181,0.0050,0.1164
1787918214.629476,-0.175308,-2.751082,1.902609,-0.0008,0.1164
1787918214.633482,-0.174825,-2.750800,1.903719,0.0075,0.1164
1787918214.640018,-0.175017,-2.751073,1.903320,-0.0037,0.1164
1787918214.647055,-0.174941,-2.751133,1.903429,-0.0060,0.1164
1787918214.652961,-0.174831,-2.751082,1.903615,-0.0036,0.1164
1787918214.660628,-0.175192,-2.751040,1.902958,0.0036,0.1164
1787918214.667103,-0.174854,-2.751131,1.903692,-0.0066,0.1164
1787918214.673602,-0.175003,-2.751040,1.903403,0.0016,0.1164
1787918214.680299,-0.175212,-2.751064,1.902724,0.0032,0.1164
1787918214.686703,-0.175076,-2.750947,1.903229,0.0053,0.1164
1787918214.693380,-0.175300,-2.751069,1.902715,0.0018,0.1164
1787918214.701498,-0.175067,-2.751055,1.903263,-0.0010,0.1163
1787918214.707107,-0.175354,-2.751167,1.902413,-0.0014,0.1163
1787918214.713600,-0.175107,-2.751135,1.903017,-0.0033,0.1163
1787918214.720017,-0.175077,-2.750980,1.903224,0.0040,0.1163
1787918214.731258,-0.175270,-2.751004,1.902812,0.0039,0.1163
1787918214.734054,-0.175600,-2.751054,1.902014,0.0092,0.1163
1787918214.740356,-0.175120,-2.751111,1.902717,-0.0036,0.1163
1787918214.746769,-0.175370,-2.751025,1.902714,0.0051,0.1163
1787918214.753595,-0.175383,-2.751015,1.902686,0.0042,0.1163
1787918214.759969,-0.175183,-2.751070,1.903013,-0.0026,0.1163
1787918214.768351,-0.174985,-2.750896,1.903288,0.0017,0.1163
1787918214.773071,-0.175177,-2.751083,1.902968,-0.0060,0.1163
1787918214.780063,-0.175173,-2.751141,1.902935,-0.0066,0.1163
1787918214.788936,-0.175267,-2.750810,1.902803,0.0070,0.1163
1787918214.795643,-0.175189,-2.750988,1.903027,-0.0038,0.1162
1787918214.800955,-0.175701,-2.751136,1.901949,-0.0012,0.1162
1787918214.806935,-0.174979,-2.750900,1.903442,-0.0015,0.1162
1787918214.813144,-0.174776,-2.751002,1.903720,-0.0089,0.1162
1787918214.820749,-0.175577,-2.751062,1.902227,0.0018,0.1162
1787918214.826526,-0.175055,-2.750728,1.903187,0.0089,0.1162
1787918214.836276,-0.174690,-2.750971,1.903855,-0.0045,0.1162
1787918214.840470,-0.175542,-2.751040,1.902140,0.0120,0.1162
1787918214.848899,-0.175214,-2.751172,1.903034,0.0001,0.1162
1787918214.854231,-0.175050,-2.750973,1.903146,0.0076,0.1162
1787918214.860123,-0.175306,-2.751177,1.902405,-0.0002,0.1162
1787918214.866560,-0.174840,-2.750970,1.903388,0.0019,0.1162
1787918214.873589,-0.175158,-2.751082,1.902935,0.0012,0.1162
1787918214.880367,-0.175283,-2.751058,1.902760,0.0037,0.1162
1787918214.886652,-0.175465,-2.751167,1.902356,0.0004,0.1162
1787918214.893414,-0.175102,-2.751080,1.903069,-0.0013,0.1162
1787918214.902906,-0.174829,-2.750875,1.903739,0.0024,0.1162
1787918214.907116,-0.175394,-2.751190,1.902461,-0.0065,0.1162
1787918214.913927,-0.175182,-2.751002,1.903060,0.0003,0.1162
1787918214.919682,-0.175142,-2.750941,1.902855,0.0025,0.1162
1787918214.927073,-0.174933,-2.750794,1.903544,0.0046,0.1162
1787918214.936058,-0.175335,-2.750995,1.902625,0.0013,0.1162
1787918214.940239,-0.175304,-2.750987,1.902649,0.0007,0.1162
1787918214.946964,-0.175056,-2.750992,1.903362,-0.0033,0.1162
1787918214.953465,-0.175017,-2.751181,1.903218,-0.0112,0.1162
1787918214.960148,-0.175025,-2.750965,1.903483,0.0015,0.1162
1787918214.967779,-0.175336,-2.751192,1.902754,-0.0034,0.1162
1787918214.973795,-0.175421,-2.751079,1.902400,0.0043,0.1162
1787918214.980250,-0.175012,-2.751048,1.903185,-0.0018,0.1162
1787918214.986682,-0.175444,-2.750873,1.902581,0.0130,0.1162
1787918214.993612,-0.175380,-2.751192,1.902444,-0.0049,0.1163
1787918215.000188,-0.175372,-2.750870,1.902701,0.0104,0.1163
1787918215.007096,-0.174939,-2.750904,1.903444,-0.0003,0.1163
1787918215.013282,-0.175234,-2.751055,1.902832,-0.0025,0.1163
1787918215.019876,-0.175155,-2.750878,1.903052,0.0047,0.1163
1787918215.026708,-0.175044,-2.750950,1.903250,-0.0013,0.1163
1787918215.033872,-0.175363,-2.751129,1.902735,-0.0036,0.1163
1787918215.040041,-0.175227,-2.750994,1.902811,0.0015,0.1163
1787918215.046986,-0.175457,-2.751158,1.902465,-0.0024,0.1163
1787918215.053434,-0.175329,-2.751086,1.902737,-0.0005,0.1163
1787918215.060481,-0.175267,-2.751035,1.902864,0.0009,0.1163
1787918215.066537,-0.175058,-2.750971,1.903085,0.0002,0.1163
1787918215.075603,-0.175253,-2.751021,1.902918,0.0007,0.1163
1787918215.080211,-0.175283,-2.751061,1.902743,-0.0013,0.1163
1787918215.087107,-0.175062,-2.750938,1.903282,0.0010,0.1163
1787918215.093148,-0.175345,-2.751018,1.902728,0.0015,0.1163
1787918215.100086,-0.175148,-2.751040,1.903188,-0.0026,0.1163
1787918215.107457,-0.175132,-2.751035,1.903247,-0.0018,0.1163
1787918215.113157,-0.175320,-2.751252,1.902672,-0.0089,0.1163
1787918215.120490,-0.175301,-2.751188,1.902586,-0.0040,0.1163
1787918215.126892,-0.174992,-2.750837,1.903271,0.0080,0.1163
1787918215.133245,-0.175391,-2.751290,1.902516,-0.0085,0.1163
1787918215.142284,-0.175466,-2.751144,1.902324,-0.0005,0.1163
1787918215.147179,-0.175321,-2.751272,1.902647,-0.0107,0.1163
1787918215.153581,-0.175213,-2.750923,1.902956,0.0064,0.1163
1787918215.160270,-0.174959,-2.751049,1.903275,-0.0046,0.1163
1787918215.166943,-0.174988,-2.751061,1.903438,-0.0033,0.1163
1787918215.173638,-0.175128,-2.751139,1.902887,-0.0036,0.1163
1787918215.180911,-0.175207,-2.750911,1.902881,0.0074,0.1163
1787918215.187553,-0.174930,-2.750971,1.903469,-0.0014,0.1163
1787918215.193570,-0.175114,-2.751107,1.903010,-0.0044,0.1163
1787918215.203419,-0.174994,-2.751065,1.903354,-0.0031,0.1166
1787918215.207059,-0.175492,-2.751108,1.902421,0.0078,0.1166
1787918215.213840,-0.174999,-2.751070,1.903470,-0.0001,0.1166
1787918215.220690,-0.175152,-2.751146,1.903145,-0.0010,0.1166
1787918215.226825,-0.175327,-2.751149,1.902370,0.0020,0.1166
1787918215.233245,-0.175390,-2.751208,1.902400,-0.0003,0.1166
1787918215.243134,-0.175337,-2.751252,1.902607,-0.0020,0.1166
1787918215.247334,-0.175098,-2.751186,1.903009,-0.0025,0.1166
1787918215.254372,-0.175387,-2.751198,1.902470,0.0018,0.1166
1787918215.260405,-0.175110,-2.751039,1.902915,0.0042,0.1166
1787918215.266666,-0.174990,-2.751132,1.903364,-0.0031,0.1166
1787918215.273196,-0.175084,-2.750880,1.903213,0.0102,0.1166
1787918215.280392,-0.175035,-2.750924,1.903197,0.0047,0.1166
1787918215.287014,-0.175240,-2.751165,1.902665,-0.0040,0.1166
1787918215.293965,-0.174671,-2.750926,1.904049,-0.0011,0.1166
1787918215.301160,-0.175434,-2.751049,1.902503,0.0048,0.1167
1787918215.307283,-0.175299,-2.751158,1.902819,-0.0039,0.1167
1787918215.313768,-0.174984,-2.751069,1.903101,-0.0036,0.1167
1787918215.321727,-0.175228,-2.751001,1.903050,0.0029,0.1167
1787918215.326520,-0.175193,-2.750950,1.902924,0.0044,0.1167
1787918215.333445,-0.175253,-2.751124,1.902533,-0.0032,0.1167
1787918215.341058,-0.175272,-2.751181,1.902597,-0.0042,0.1167
1787918215.347962,-0.175163,-2.750926,1.903159,0.0060,0.1167
1787918215.353671,-0.175105,-2.751060,1.903103,-0.0034,0.1167
1787918215.359865,-0.175313,-2.750981,1.902700,0.0045,0.1167
1787918215.366784,-0.174909,-2.750981,1.903496,-0.0026,0.1167
1787918215.373218,-0.175460,-2.751170,1.902585,-0.0018,0.1167
1787918215.382785,-0.174949,-2.751088,1.903387,-0.0040,0.1167
1787918215.387605,-0.175017,-2.750953,1.903339,0.0065,0.1167
1787918215.393752,-0.174995,-2.751160,1.903151,-0.0053,0.1167
1787918215.400581,-0.175173,-2.751081,1.902825,0.0021,0.1163
1787918215.406421,-0.175004,-2.751190,1.903222,-0.0067,0.1163
1787918215.415256,-0.175150,-2.751193,1.902817,-0.0032,0.1163
1787918215.421236,-0.175200,-2.751175,1.902934,-0.0005,0.1163
1787918215.426616,-0.175224,-2.750938,1.902942,0.0126,0.1163
1787918215.433902,-0.175053,-2.751069,1.903104,0.0014,0.1163
1787918215.440357,-0.175060,-2.751073,1.903239,0.0009,0.1163
1787918215.447996,-0.175267,-2.751212,1.902515,-0.0019,0.1163
1787918215.453833,-0.174987,-2.750930,1.903081,0.0077,0.1163
1787918215.460369,-0.175020,-2.751088,1.903347,-0.0010,0.1163
1787918215.466474,-0.175205,-2.750982,1.902906,0.0072,0.1163
1787918215.473195,-0.174802,-2.751136,1.903801,-0.0073,0.1163
1787918215.480404,-0.175498,-2.751259,1.902154,-0.0006,0.1163
1787918215.487292,-0.175291,-2.751057,1.902687,0.0050,0.1163
1787918215.493505,-0.175246,-2.751171,1.902780,-0.0024,0.1163
1787918215.499902,-0.175159,-2.751124,1.902844,-0.0009,0.1164
1787918215.506382,-0.175253,-2.751242,1.902699,-0.0044,0.1164
1787918215.514170,-0.175311,-2.751056,1.902893,0.0044,0.1164
1787918215.520469,-0.175129,-2.751078,1.903058,-0.0007,0.1164
1787918215.526805,-0.175229,-2.751054,1.903008,0.0021,0.1164
1787918215.533136,-0.175256,-2.751134,1.902695,-0.0017,0.1164
1787918215.540243,-0.175238,-2.751180,1.902792,-0.0033,0.1164
1787918215.550260,-0.175450,-2.751103,1.902348,0.0020,0.1164
1787918215.553844,-0.175537,-2.751307,1.902131,-0.0124,0.1164
1787918215.559992,-0.175106,-2.751049,1.903055,-0.0036,0.1164
1787918215.566556,-0.175167,-2.750934,1.902944,0.0033,0.1164
1787918215.573638,-0.175361,-2.750998,1.902523,0.0025,0.1164
1787918215.580339,-0.175460,-2.751243,1.902472,-0.0072,0.1164
1787918215.589560,-0.175314,-2.751103,1.902499,-0.0023,0.1164
1787918215.593354,-0.175074,-2.750803,1.903238,0.0146,0.1164
1787918215.599769,-0.175213,-2.751212,1.902838,-0.0057,0.1158
1787918215.607521,-0.174836,-2.751092,1.903629,-0.0044,0.1158
1787918215.613842,-0.175302,-2.751107,1.902744,0.0035,0.1158
1787918215.621408,-0.175080,-2.751121,1.903068,-0.0010,0.1158
1787918215.627630,-0.175418,-2.750931,1.902383,0.0133,0.1158
1787918215.633469,-0.175239,-2.751059,1.902735,0.0001,0.1158
1787918215.640683,-0.175155,-2.751157,1.902900,-0.0049,0.1158
1787918215.646530,-0.175246,-2.750858,1.902631,0.0126,0.1158
1787918215.653784,-0.175128,-2.751107,1.903158,-0.0025,0.1158
1787918215.660208,-0.175216,-2.751129,1.902808,-0.0014,0.1158
1787918215.666848,-0.175206,-2.751086,1.902804,0.0007,0.1158
1787918215.673463,-0.175002,-2.751081,1.903238,-0.0023,0.1158
1787918215.679675,-0.175190,-2.750932,1.902952,0.0082,0.1158
1787918215.687307,-0.175253,-2.751054,1.902785,0.0020,0.1158
1787918215.693190,-0.175286,-2.751192,1.902630,-0.0047,0.1158
1787918215.700372,-0.175231,-2.751165,1.902828,-0.0030,0.1165
1787918215.708285,-0.175442,-2.751233,1.902016,-0.0019,0.1165
1787918215.713508,-0.175333,-2.751102,1.902543,0.0037,0.1165
1787918215.721837,-0.175134,-2.751064,1.902954,0.0016,0.1165
1787918215.726654,-0.175323,-2.751006,1.902732,0.0084,0.1165
1787918215.734022,-0.175541,-2.751158,1.902283,0.0029,0.1165
1787918215.740320,-0.175179,-2.751063,1.902845,0.0007,0.1165
1787918215.746857,-0.175381,-2.751074,1.902562,0.0030,0.1165
1787918215.755344,-0.175356,-2.751296,1.902520,-0.0056,0.1165
1787918215.759739,-0.175694,-2.751185,1.901883,0.0107,0.1165
1787918215.767590,-0.174974,-2.751106,1.903239,0.0014,0.1165
1787918215.773644,-0.175021,-2.750959,1.903339,0.0086,0.1165
1787918215.780887,-0.174904,-2.750967,1.903269,0.0041,0.1165
1787918215.787596,-0.175242,-2.751102,1.902592,0.0021,0.1165
1787918215.793940,-0.175390,-2.750951,1.902836,0.0105,0.1165
1787918215.800097,-0.175583,-2.751171,1.902070,0.0003,0.1170
1787918215.807164,-0.175184,-2.751091,1.902695,-0.0021,0.1170
1787918215.813223,-0.175224,-2.751021,1.902779,0.0025,0.1170
1787918215.820179,-0.174827,-2.751066,1.903885,-0.0057,0.1170
1787918215.826670,-0.175312,-2.751180,1.902408,-0.0017,0.1170
1787918215.833409,-0.175483,-2.751006,1.902209,0.0086,0.1170
1787918215.841443,-0.175475,-2.751189,1.902401,-0.0005,0.1170
1787918215.846458,-0.175285,-2.751117,1.902874,-0.0000,0.1170
1787918215.853798,-0.175616,-2.751291,1.901968,-0.0023,0.1170
1787918215.861081,-0.175279,-2.751274,1.902887,-0.0055,0.1170
1787918215.866835,-0.175170,-2.751018,1.902963,0.0069,0.1170
1787918215.873323,-0.175209,-2.751292,1.902939,-0.0065,0.1170
1787918215.880097,-0.174884,-2.751083,1.903551,-0.0005,0.1170
1787918215.886766,-0.175685,-2.751167,1.902062,0.0078,0.1170
1787918215.895181,-0.175320,-2.751117,1.902647,0.0029,0.1159
1787918215.900044,-0.175018,-2.751050,1.903317,-0.0002,0.1159
1787918215.906778,-0.175181,-2.751119,1.902814,-0.0007,0.1159
1787918215.914897,-0.174907,-2.751062,1.903608,-0.0018,0.1159
1787918215.919876,-0.175296,-2.751127,1.902713,0.0027,0.1159
1787918215.928451,-0.175199,-2.751069,1.903021,0.0027,0.1159
1787918215.933693,-0.175224,-2.751062,1.902851,0.0027,0.1159
1787918215.941342,-0.175423,-2.751137,1.902610,0.0017,0.1159
1787918215.946905,-0.175188,-2.751220,1.902999,-0.0072,0.1159
1787918215.953475,-0.175346,-2.751183,1.902743,-0.0011,0.1159
1787918215.961312,-0.175313,-2.751078,1.902643,0.0026,0.1159
1787918215.967131,-0.175661,-2.751197,1.902062,0.0018,0.1159
1787918215.973226,-0.174972,-2.751067,1.903486,-0.0037,0.1159
1787918215.980408,-0.175175,-2.750973,1.902926,0.0039,0.1159
1787918215.986455,-0.175396,-2.751063,1.902497,0.0021,0.1159
1787918215.993516,-0.174983,-2.751048,1.903262,-0.0037,0.1159
1787918216.000087,-0.175177,-2.750978,1.903102,0.0034,0.1164
1787918216.007237,-0.175231,-2.751066,1.902959,-0.0004,0.1164
1787918216.013423,-0.175210,-2.751144,1.902851,-0.0042,0.1164
1787918216.020979,-0.175079,-2.751104,1.903103,-0.0032,0.1164
1787918216.026510,-0.175209,-2.750984,1.902979,0.0063,0.1164
1787918216.034425,-0.175241,-2.751186,1.902657,-0.0025,0.1164
1787918216.040317,-0.174805,-2.750959,1.903675,0.0019,0.1164
1787918216.047091,-0.175337,-2.750994,1.902604,0.0076,0.1164
1787918216.053723,-0.175545,-2.751104,1.902077,0.0037,0.1164
1787918216.062360,-0.174835,-2.751034,1.903505,-0.0032,0.1164
1787918216.067519,-0.175736,-2.751202,1.901797,0.0056,0.1164
1787918216.073653,-0.175331,-2.751152,1.902762,-0.0003,0.1164
1787918216.079855,-0.175009,-2.751163,1.903221,-0.0058,0.1164
1787918216.087353,-0.174735,-2.750868,1.903749,0.0035,0.1164
1787918216.093086,-0.175580,-2.751224,1.902144,-0.0007,0.1164
1787918216.101044,-0.175481,-2.751119,1.902442,0.0020,0.1168
1787918216.106812,-0.174851,-2.751086,1.903859,-0.0077,0.1168
1787918216.113084,-0.175447,-2.750954,1.902632,0.0099,0.1168
1787918216.120154,-0.175269,-2.751064,1.902826,0.0000,0.1168
1787918216.126754,-0.175074,-2.751124,1.903100,-0.0054,0.1168
1787918216.133868,-0.174925,-2.751006,1.903404,-0.0012,0.1168
1787918216.140402,-0.175247,-2.751219,1.902667,-0.0052,0.1168
1787918216.147108,-0.174974,-2.750916,1.903346,0.0052,0.1168
1787918216.153564,-0.174998,-2.751016,1.903198,-0.0004,0.1168
1787918216.160551,-0.175079,-2.750991,1.903104,0.0019,0.1168
1787918216.166963,-0.175377,-2.751046,1.902659,0.0034,0.1168
1787918216.174379,-0.175081,-2.750964,1.903048,0.0016,0.1168
1787918216.180730,-0.175627,-2.751124,1.902186,0.0024,0.1168
1787918216.186612,-0.175380,-2.750942,1.902382,0.0063,0.1168
1787918216.193687,-0.174974,-2.750991,1.903268,-0.0032,0.1168
1787918216.201955,-0.175486,-2.751231,1.902297,-0.0044,0.1170
1787918216.207052,-0.175172,-2.751008,1.902999,0.0033,0.1170
1787918216.213609,-0.175210,-2.750883,1.903091,0.0083,0.1170
1787918216.219942,-0.175690,-2.751250,1.901582,-0.0032,0.1170
1787918216.226923,-0.175267,-2.751120,1.902814,-0.0029,0.1170
1787918216.233889,-0.175371,-2.751045,1.902685,0.0025,0.1170
1787918216.240173,-0.175387,-2.751115,1.902517,-0.0012,0.1170
1787918216.247256,-0.175250,-2.751110,1.902715,-0.0025,0.1170
1787918216.253288,-0.175526,-2.751100,1.902051,0.0031,0.1170
1787918216.260727,-0.175327,-2.751194,1.902525,-0.0040,0.1170
1787918216.267209,-0.175114,-2.750894,1.903100,0.0071,0.1170
1787918216.273592,-0.175285,-2.751118,1.902863,-0.0024,0.1170
1787918216.280764,-0.175112,-2.751186,1.903081,-0.0067,0.1170
1787918216.286601,-0.175433,-2.751227,1.902378,-0.0013,0.1170
1787918216.293245,-0.175278,-2.751154,1.902681,-0.0001,0.1162
1787918216.300091,-0.175048,-2.751068,1.903274,0.0002,0.1162
1787918216.306886,-0.175316,-2.751096,1.902737,0.0028,0.1162
1787918216.313267,-0.174967,-2.751116,1.903356,-0.0043,0.1162
1787918216.320184,-0.175586,-2.751068,1.902667,0.0077,0.1162
1787918216.326482,-0.175306,-2.751147,1.903010,-0.0025,0.1162
1787918216.333339,-0.174997,-2.750932,1.903530,0.0027,0.1162
1787918216.340275,-0.175326,-2.751031,1.902963,0.0025,0.1162
1787918216.346591,-0.174954,-2.751076,1.903486,-0.0061,0.1162
1787918216.354654,-0.175338,-2.751123,1.902867,-0.0012,0.1162
1787918216.359932,-0.175098,-2.750966,1.903000,0.0031,0.1162
1787918216.369437,-0.175359,-2.751049,1.902605,0.0024,0.1162
1787918216.373449,-0.175207,-2.750928,1.903074,0.0065,0.1162
1787918216.381664,-0.175271,-2.750990,1.903104,0.0032,0.1162
1787918216.386601,-0.175124,-2.750975,1.903267,0.0002,0.1162
1787918216.394064,-0.175075,-2.751140,1.903252,-0.0068,0.1159
1787918216.400310,-0.174877,-2.750867,1.903874,0.0046,0.1159
1787918216.407230,-0.174810,-2.751033,1.903911,-0.0046,0.1159
1787918216.413369,-0.175345,-2.751114,1.902877,0.0016,0.1159
1787918216.419949,-0.175345,-2.751218,1.902622,-0.0033,0.1159
1787918216.427784,-0.175088,-2.751026,1.903349,0.0014,0.1159
1787918216.433422,-0.175448,-2.750982,1.902359,0.0094,0.1159
1787918216.440284,-0.174969,-2.750920,1.903280,0.0023,0.1159
1787918216.447294,-0.175204,-2.750918,1.902702,0.0050,0.1159
1787918216.453090,-0.175241,-2.750518,1.902978,0.0237,0.1159
1787918216.460298,-0.175604,-2.750625,1.901898,0.0173,0.1159
1787918216.466605,-0.175155,-2.750196,1.903273,0.0244,0.1159
1787918216.473209,-0.175473,-2.749962,1.902548,0.0319,0.1159
1787918216.480996,-0.175578,-2.749728,1.902348,0.0321,0.1159
1787918216.486743,-0.175645,-2.749370,1.901978,0.0413,0.1159
1787918216.493329,-0.175902,-2.748982,1.901221,0.0494,0.1182
1787918216.500268,-0.175960,-2.748667,1.900632,0.0483,0.1182
1787918216.506333,-0.175995,-2.748214,1.900379,0.0556,0.1182
1787918216.513331,-0.176759,-2.747914,1.898371,0.0616,0.1182
1787918216.519856,-0.176819,-2.747420,1.898347,0.0655,0.1182
1787918216.527026,-0.177387,-2.746884,1.897371,0.0747,0.1182
1787918216.533070,-0.177485,-2.746220,1.897651,0.0851,0.1182
1787918216.542120,-0.177766,-2.745477,1.897624,0.0859,0.1182
1787918216.546850,-0.178118,-2.744842,1.897716,0.1054,0.1182
1787918216.553334,-0.178026,-2.743516,1.899181,0.1305,0.1182
1787918216.560199,-0.178167,-2.742569,1.899525,0.1325,0.1182
1787918216.566925,-0.178748,-2.741612,1.899160,0.1415,0.1182
1787918216.574621,-0.179016,-2.740655,1.899389,0.1378,0.1182
1787918216.580619,-0.179096,-2.739354,1.899770,0.1593,0.1182
1787918216.586917,-0.179753,-2.738520,1.899895,0.1592,0.1182
1787918216.593980,-0.180582,-2.737845,1.898437,0.1499,0.1180
1787918216.599843,-0.180592,-2.736680,1.898859,0.1616,0.1180
1787918216.606999,-0.180859,-2.735682,1.898875,0.1563,0.1180
1787918216.613315,-0.181411,-2.734638,1.898487,0.1648,0.1180
1787918216.620374,-0.181910,-2.733649,1.898346,0.1619,0.1180
1787918216.626409,-0.182535,-2.732719,1.897246,0.1672,0.1180
1787918216.633523,-0.182288,-2.731625,1.898594,0.1573,0.1180
1787918216.640497,-0.182507,-2.730882,1.899027,0.1434,0.1180
1787918216.648068,-0.182898,-2.730048,1.898734,0.1367,0.1180
1787918216.653021,-0.183585,-2.729142,1.898284,0.1610,0.1180
1787918216.659815,-0.183763,-2.728138,1.898842,0.1572,0.1180
1787918216.666584,-0.184206,-2.727119,1.898688,0.1591,0.1180
1787918216.677587,-0.184745,-2.726190,1.898313,0.1401,0.1180
1787918216.680116,-0.184863,-2.725429,1.899451,0.1880,0.1180
1787918216.687023,-0.184755,-2.724331,1.900162,0.1752,0.1180
1787918216.693460,-0.185375,-2.723222,1.899829,0.1809,0.1112
1787918216.701278,-0.185724,-2.722205,1.900378,0.1679,0.1112
1787918216.706741,-0.185867,-2.720949,1.900676,0.1853,0.1112
1787918216.714145,-0.186222,-2.720254,1.900254,0.1610,0.1112
1787918216.719793,-0.186551,-2.719005,1.900344,0.1812,0.1112
1787918216.727042,-0.187120,-2.718054,1.900378,0.1717,0.1112
1787918216.735567,-0.187369,-2.717003,1.900603,0.1580,0.1112
1787918216.740860,-0.187705,-2.715925,1.900459,0.1746,0.1112
1787918216.747165,-0.188032,-2.714781,1.900822,0.1787,0.1112
1787918216.753259,-0.188298,-2.713569,1.901092,0.1858,0.1112
1787918216.760040,-0.188775,-2.712683,1.901143,0.1740,0.1112
1787918216.767185,-0.189066,-2.711359,1.900880,0.1783,0.1112
1787918216.773072,-0.189995,-2.710246,1.900301,0.1938,0.1112
1787918216.781065,-0.190074,-2.708912,1.900530,0.1840,0.1112
1787918216.787165,-0.190556,-2.707773,1.900215,0.1894,0.1112
1787918216.793668,-0.190964,-2.706443,1.900373,0.1968,0.1112
1787918216.800157,-0.191649,-2.705540,1.899843,0.1875,0.1122
1787918216.808134,-0.191938,-2.704225,1.900493,0.1816,0.1122
1787918216.813845,-0.192873,-2.702872,1.898920,0.2102,0.1122
1787918216.820004,-0.192706,-2.701771,1.900608,0.1952,0.1122
1787918216.826891,-0.193485,-2.700596,1.900015,0.1961,0.1122
1787918216.833504,-0.194398,-2.699398,1.899290,0.2020,0.1122
1787918216.840322,-0.194835,-2.697787,1.899107,0.2148,0.1122
1787918216.848607,-0.195143,-2.696836,1.899449,0.1865,0.1122
1787918216.853432,-0.195929,-2.695689,1.898852,0.2138,0.1122
1787918216.860065,-0.196022,-2.694281,1.899830,0.2113,0.1122
1787918216.866573,-0.196358,-2.692897,1.900240,0.2133,0.1122
1787918216.874933,-0.197148,-2.691883,1.899377,0.1929,0.1122
1787918216.881546,-0.197686,-2.690806,1.899141,0.1891,0.1122
1787918216.887125,-0.198177,-2.689164,1.899366,0.2245,0.1122
1787918216.893620,-0.199249,-2.687982,1.898289,0.2248,0.1120
1787918216.900046,-0.199576,-2.686733,1.897851,0.2175,0.1120
1787918216.906683,-0.199993,-2.685389,1.898421,0.2158,0.1120
1787918216.914943,-0.200488,-2.683967,1.898657,0.2058,0.1120
1787918216.920479,-0.201329,-2.682595,1.898028,0.2291,0.1120
1787918216.926917,-0.201435,-2.681181,1.898718,0.2243,0.1120
1787918216.934123,-0.202137,-2.679633,1.898361,0.2275,0.1120
1787918216.940092,-0.202868,-2.678524,1.897798,0.2238,0.1120
1787918216.946816,-0.203503,-2.677020,1.897668,0.2293,0.1120
1787918216.953297,-0.203701,-2.675573,1.898556,0.2268,0.1120
1787918216.959907,-0.204586,-2.674356,1.898378,0.2240,0.1120
1787918216.967352,-0.204639,-2.672833,1.899298,0.2156,0.1120
1787918216.973254,-0.205289,-2.671202,1.899638,0.2400,0.1120
1787918216.983982,-0.205390,-2.669787,1.900367,0.2064,0.1120
1787918216.986743,-0.206126,-2.668456,1.899974,0.3071,0.1120
1787918216.994149,-0.206597,-2.667017,1.900006,0.2763,0.0214
1787918217.000284,-0.207011,-2.665589,1.900351,0.2661,0.0214
1787918217.006955,-0.206902,-2.664025,1.901595,0.2512,0.0214
1787918217.013933,-0.207527,-2.662543,1.902031,0.2448,0.0214
1787918217.019919,-0.208279,-2.661205,1.901346,0.2470,0.0214
1787918217.026885,-0.208857,-2.659828,1.901136,0.2371,0.0214
1787918217.033456,-0.208697,-2.658220,1.902770,0.2330,0.0214
1787918217.042179,-0.209099,-2.656725,1.903271,0.2162,0.0214
1787918217.047476,-0.209838,-2.655356,1.902700,0.2383,0.0214
1787918217.053628,-0.210089,-2.653607,1.903395,0.2514,0.0214
1787918217.060218,-0.210752,-2.652320,1.903297,0.2412,0.0214
1787918217.066679,-0.211441,-2.650982,1.902851,0.2380,0.0214
1787918217.074078,-0.212142,-2.649420,1.902483,0.2357,0.0214
1787918217.080505,-0.212417,-2.647879,1.903247,0.2372,0.0214
1787918217.087276,-0.213194,-2.646615,1.902409,0.2302,0.0214
1787918217.094229,-0.214025,-2.645256,1.902003,0.2282,0.0214
1787918217.100566,-0.214249,-2.643498,1.902835,0.2419,0.0185
1787918217.106353,-0.214964,-2.641988,1.903021,0.2554,0.0185
1787918217.113509,-0.214890,-2.640393,1.904260,0.2409,0.0185
1787918217.120835,-0.215789,-2.639102,1.903479,0.2307,0.0185
1787918217.126662,-0.215772,-2.637410,1.904200,0.2435,0.0185
1787918217.133570,-0.217297,-2.636150,1.902639,0.2438,0.0185
1787918217.140109,-0.217630,-2.634552,1.903387,0.2449,0.0185
1787918217.146595,-0.218035,-2.633157,1.903376,0.2385,0.0185
1787918217.157152,-0.218945,-2.631773,1.902343,0.2126,0.0185
1787918217.159825,-0.219222,-2.629870,1.903173,0.3609,0.0185
1787918217.166773,-0.220126,-2.628770,1.902205,0.3102,0.0185
1787918217.173268,-0.221075,-2.627476,1.901129,0.2879,0.0185
1787918217.179936,-0.220923,-2.625629,1.902791,0.2779,0.0185
1787918217.190365,-0.222020,-2.624274,1.901499,0.2416,0.0185
1787918217.193620,-0.223260,-2.622918,1.899282,0.3243,0.0185
1787918217.199672,-0.222633,-2.620854,1.901790,0.3137,0.0167
1787918217.207489,-0.224341,-2.619811,1.899193,0.2786,0.0167
1787918217.213441,-0.224760,-2.618180,1.899313,0.2797,0.0167
1787918217.222053,-0.225361,-2.616491,1.899321,0.2582,0.0167
1787918217.227604,-0.225927,-2.614930,1.899073,0.2705,0.0167
1787918217.232969,-0.226147,-2.613292,1.900036,0.2800,0.0167
1787918217.242620,-0.226613,-2.611573,1.900360,0.2512,0.0167
1787918217.246769,-0.227772,-2.610256,1.898402,0.2929,0.0167
1787918217.253570,-0.228297,-2.608571,1.898744,0.2829,0.0167
1787918217.261645,-0.228441,-2.606882,1.899482,0.2591,0.0167
1787918217.266808,-0.229037,-2.605202,1.899391,0.2849,0.0167
1787918217.273626,-0.229978,-2.603704,1.898399,0.2752,0.0167
1787918217.280329,-0.230116,-2.602170,1.899365,0.2596,0.0167
1787918217.286497,-0.231244,-2.600545,1.897967,0.2742,0.0167
1787918217.293329,-0.231827,-2.598949,1.897877,0.2665,0.0167
1787918217.300492,-0.232443,-2.597330,1.897505,0.2591,0.0196
1787918217.306591,-0.232767,-2.595648,1.897572,0.2648,0.0196
1787918217.313910,-0.232956,-2.593875,1.898134,0.2567,0.0196
1787918217.319810,-0.234111,-2.592511,1.896728,0.2642,0.0196
1787918217.328463,-0.234776,-2.590979,1.896519,0.2426,0.0196
1787918217.333780,-0.235013,-2.589288,1.896964,0.2645,0.0196
1787918217.341602,-0.235733,-2.587767,1.896209,0.2493,0.0196
1787918217.346693,-0.236805,-2.586068,1.894861,0.2895,0.0196
1787918217.353276,-0.237151,-2.584543,1.894994,0.2735,0.0196
1787918217.360291,-0.237765,-2.583063,1.894567,0.2598,0.0196
1787918217.367498,-0.238449,-2.581292,1.894303,0.2608,0.0196
1787918217.373108,-0.239057,-2.579648,1.893829,0.2763,0.0196
1787918217.380687,-0.239662,-2.578356,1.893281,0.2495,0.0196
1787918217.386958,-0.240210,-2.576425,1.893801,0.2706,0.0196
1787918217.393836,-0.240723,-2.574802,1.893129,0.2636,0.0257
1787918217.400162,-0.241029,-2.573302,1.893913,0.2566,0.0257
1787918217.406714,-0.241125,-2.571381,1.895664,0.2644,0.0257
1787918217.413409,-0.241707,-2.569854,1.894995,0.2582,0.0257
1787918217.420228,-0.242239,-2.567948,1.894327,0.2677,0.0257
1787918217.427853,-0.242425,-2.566295,1.895089,0.2514,0.0257
1787918217.433857,-0.243262,-2.564806,1.894368,0.2598,0.0257
1787918217.439842,-0.244010,-2.563301,1.893302,0.2653,0.0257
1787918217.446882,-0.244145,-2.561174,1.894010,0.2735,0.0257
1787918217.453444,-0.245229,-2.559719,1.892524,0.2702,0.0257
1787918217.462987,-0.245707,-2.558082,1.892418,0.2427,0.0257
1787918217.467170,-0.246071,-2.556251,1.892294,0.3027,0.0257
1787918217.473951,-0.246927,-2.554596,1.891569,0.2934,0.0257
1787918217.479909,-0.247107,-2.552979,1.892323,0.2854,0.0257
1787918217.487190,-0.247688,-2.551363,1.891641,0.2706,0.0257
1787918217.495904,-0.248546,-2.549769,1.890525,0.2508,0.0340
1787918217.501249,-0.248941,-2.547883,1.890653,0.2830,0.0340
1787918217.506974,-0.249297,-2.546418,1.890741,0.2768,0.0340
1787918217.513348,-0.249930,-2.544698,1.890064,0.2800,0.0340
1787918217.520086,-0.250772,-2.543051,1.889591,0.2774,0.0340
1787918217.527169,-0.251477,-2.541576,1.889019,0.2629,0.0340
1787918217.533512,-0.252033,-2.539780,1.888407,0.2729,0.0340
1787918217.540226,-0.252345,-2.537989,1.889326,0.2714,0.0340
1787918217.546729,-0.253165,-2.536506,1.888157,0.2668,0.0340
1787918217.553754,-0.253683,-2.534683,1.888027,0.2676,0.0340
1787918217.560014,-0.254017,-2.532893,1.888957,0.2738,0.0340
1787918217.567168,-0.254842,-2.531273,1.888014,0.2670,0.0340
1787918217.573555,-0.255829,-2.529898,1.886538,0.2627,0.0340
1787918217.580185,-0.255962,-2.528013,1.887717,0.2668,0.0340
1787918217.587317,-0.257172,-2.526449,1.885842,0.2651,0.0340
1787918217.593554,-0.257498,-2.524880,1.885805,0.2622,-0.0296
1787918217.600829,-0.257908,-2.522981,1.886260,0.2632,-0.0296
1787918217.606633,-0.259277,-2.521579,1.884238,0.2750,-0.0296
1787918217.613676,-0.259383,-2.519758,1.884825,0.2677,-0.0296
1787918217.620265,-0.259943,-2.518128,1.884898,0.2658,-0.0296
1787918217.627389,-0.260814,-2.516537,1.883678,0.2611,-0.0296
1787918217.635740,-0.261317,-2.514736,1.883593,0.2499,-0.0296
1787918217.639845,-0.261923,-2.513249,1.882941,0.2920,-0.0296
1787918217.647749,-0.262314,-2.511427,1.883248,0.2748,-0.0296
1787918217.653523,-0.263162,-2.509659,1.882034,0.2932,-0.0296
1787918217.660110,-0.263516,-2.508242,1.882123,0.2716,-0.0296
1787918217.668271,-0.264105,-2.506342,1.882346,0.2633,-0.0296
1787918217.673312,-0.264403,-2.504671,1.882439,0.2844,-0.0296
1787918217.680501,-0.265694,-2.503282,1.880467,0.2707,-0.0296
1787918217.688121,-0.265995,-2.501565,1.881376,0.2575,-0.0296
1787918217.693715,-0.266674,-2.499942,1.880211,0.2742,-0.0247
1787918217.702709,-0.267155,-2.498369,1.879893,0.2468,-0.0247
1787918217.706682,-0.267305,-2.496759,1.881436,0.2920,-0.0247
1787918217.716892,-0.267691,-2.495000,1.882509,0.2571,-0.0247
1787918217.720985,-0.268174,-2.493226,1.881835,0.3145,-0.0247
1787918217.727137,-0.268775,-2.491687,1.882637,0.3006,-0.0247
1787918217.733122,-0.269369,-2.489914,1.882258,0.3041,-0.0247
1787918217.740311,-0.270048,-2.488264,1.881444,0.2871,-0.0247
1787918217.746829,-0.270723,-2.486445,1.881305,0.2902,-0.0247
1787918217.753551,-0.271076,-2.484772,1.881468,0.2790,-0.0247
1787918217.760259,-0.271650,-2.483043,1.880791,0.2768,-0.0247
1787918217.766553,-0.272071,-2.481196,1.880829,0.2837,-0.0247
1787918217.773376,-0.273228,-2.479771,1.878974,0.2737,-0.0247
1787918217.780306,-0.273524,-2.477943,1.879074,0.2709,-0.0247
1787918217.786664,-0.274346,-2.476206,1.877743,0.2795,-0.0247
1787918217.793763,-0.275139,-2.474623,1.876914,0.2695,-0.0212
1787918217.803140,-0.275537,-2.473025,1.876869,0.2412,-0.0212
1787918217.807207,-0.276235,-2.471146,1.876130,0.3166,-0.0212
1787918217.813941,-0.276997,-2.469639,1.875238,0.2958,-0.0212
1787918217.820215,-0.277687,-2.467846,1.874611,0.2988,-0.0212
1787918217.828933,-0.278413,-2.466127,1.873591,0.2730,-0.0212
1787918217.834733,-0.279170,-2.464449,1.873197,0.2856,-0.0212
1787918217.840717,-0.278837,-2.462576,1.873834,0.2846,-0.0212
1787918217.847486,-0.280173,-2.461079,1.872409,0.2802,-0.0212
1787918217.853113,-0.280311,-2.459176,1.872777,0.2952,-0.0212
1787918217.861126,-0.281115,-2.457727,1.871792,0.2673,-0.0212
1787918217.866607,-0.281465,-2.455838,1.871869,0.2916,-0.0212
1787918217.874075,-0.280461,-2.454939,1.875859,0.2264,-0.0212
1787918217.879862,-0.281192,-2.453833,1.875339,0.2245,-0.0212
1787918217.887137,-0.281021,-2.452414,1.877129,0.2109,-0.0212
1787918217.893044,-0.281201,-2.450963,1.877566,0.2206,-0.0163
1787918217.900444,-0.281711,-2.449220,1.876911,0.2281,-0.0163
1787918217.906973,-0.282122,-2.447789,1.877658,0.2280,-0.0163
1787918217.913467,-0.282622,-2.446312,1.876969,0.2316,-0.0163
1787918217.919714,-0.283743,-2.444560,1.875727,0.2586,-0.0163
1787918217.927087,-0.284170,-2.442782,1.876050,0.2552,-0.0163
1787918217.933776,-0.284418,-2.441302,1.876226,0.2453,-0.0163
1787918217.942898,-0.285186,-2.439191,1.875629,0.2455,-0.0163
1787918217.947157,-0.285997,-2.437643,1.875114,0.2930,-0.0163
1787918217.954150,-0.286190,-2.435699,1.875870,0.2871,-0.0163
1787918217.959936,-0.287112,-2.433640,1.875171,0.3172,-0.0163
1787918217.966622,-0.287747,-2.432036,1.874527,0.2992,-0.0163
1787918217.975584,-0.287918,-2.429896,1.875442,0.2795,-0.0163
1787918217.980202,-0.288735,-2.428399,1.875053,0.3043,-0.0163
1787918217.987101,-0.289593,-2.426498,1.873544,0.3030,-0.0163
1787918217.993815,-0.289835,-2.424551,1.873341,0.2984,-0.0941
1787918217.999599,-0.290575,-2.423178,1.872209,0.2883,-0.0941
1787918218.008541,-0.291604,-2.421382,1.871184,0.2696,-0.0941
1787918218.014017,-0.291832,-2.419552,1.870821,0.2882,-0.0941
1787918218.019973,-0.292080,-2.418091,1.870381,0.2757,-0.0941
1787918218.027260,-0.293626,-2.416622,1.868003,0.2695,-0.0941
1787918218.033436,-0.293154,-2.414829,1.869874,0.2651,-0.0941
1787918218.040156,-0.293591,-2.413210,1.869102,0.2604,-0.0941
1787918218.046945,-0.295143,-2.411657,1.866874,0.2679,-0.0941
1787918218.053099,-0.294704,-2.409796,1.868233,0.2680,-0.0941
1787918218.060393,-0.295815,-2.408388,1.866170,0.2563,-0.0941
1787918218.066435,-0.296141,-2.406577,1.866304,0.2701,-0.0941
1787918218.074008,-0.296477,-2.404888,1.866219,0.2570,-0.0941
1787918218.080137,-0.296822,-2.403221,1.866485,0.2629,-0.0941
1787918218.087772,-0.297338,-2.401387,1.866227,0.2589,-0.0941
1787918218.093661,-0.297682,-2.399925,1.866452,0.2575,-0.0857
1787918218.100163,-0.298055,-2.398167,1.866654,0.2629,-0.0857
1787918218.106616,-0.298812,-2.396534,1.865320,0.2669,-0.0857
1787918218.113623,-0.299073,-2.394899,1.865564,0.2571,-0.0857
1787918218.119722,-0.300114,-2.393549,1.863927,0.2583,-0.0857
1787918218.126805,-0.299974,-2.391640,1.864840,0.2565,-0.0857
1787918218.133398,-0.300699,-2.390335,1.863413,0.2459,-0.0857
1787918218.140571,-0.300955,-2.388733,1.863288,0.2394,-0.0857
1787918218.147912,-0.301951,-2.386998,1.861409,0.2472,-0.0857
1787918218.153115,-0.302508,-2.385293,1.860491,0.2764,-0.0857
1787918218.160584,-0.302798,-2.383689,1.859832,0.2585,-0.0857
1787918218.167927,-0.303531,-2.381989,1.858953,0.2561,-0.0857
1787918218.174001,-0.303904,-2.380259,1.858429,0.2664,-0.0857
1787918218.181057,-0.304690,-2.378685,1.856454,0.2601,-0.0857
1787918218.186495,-0.305877,-2.377158,1.854664,0.2813,-0.0857
1787918218.193541,-0.305787,-2.375390,1.855342,0.2681,-0.0857
1787918218.201314,-0.306064,-2.373780,1.854551,0.2503,-0.0747
1787918218.207101,-0.307145,-2.372250,1.853036,0.2670,-0.0747
1787918218.215425,-0.307180,-2.370597,1.853137,0.2445,-0.0747
1787918218.220108,-0.307669,-2.369187,1.851923,0.2666,-0.0747
1787918218.226564,-0.308210,-2.367625,1.850942,0.2633,-0.0747
1787918218.234019,-0.308483,-2.365843,1.850568,0.2563,-0.0747
1787918218.240241,-0.308912,-2.364378,1.849685,0.2530,-0.0747
1787918218.248440,-0.309421,-2.362653,1.848577,0.2429,-0.0747
1787918218.253551,-0.309641,-2.360821,1.848381,0.2770,-0.0747
1787918218.259674,-0.310118,-2.359343,1.847655,0.2699,-0.0747
1787918218.266567,-0.310649,-2.357686,1.846861,0.2646,-0.0747
1787918218.273879,-0.310750,-2.355867,1.846646,0.2582,-0.0747
1787918218.282117,-0.310987,-2.354406,1.847077,0.2343,-0.0747
1787918218.287681,-0.313288,-2.353499,1.842307,0.2444,-0.0747
1787918218.293496,-0.314518,-2.352159,1.840128,0.2546,-0.0569
1787918218.300335,-0.315673,-2.350953,1.838286,0.2426,-0.0569
1787918218.306674,-0.316711,-2.349834,1.835873,0.2338,-0.0569
1787918218.315994,-0.317276,-2.348208,1.834610,0.2189,-0.0569
1787918218.320190,-0.318359,-2.346869,1.832886,0.2658,-0.0569
1787918218.326897,-0.319071,-2.345467,1.831645,0.2549,-0.0569
1787918218.333555,-0.319940,-2.344212,1.829708,0.2431,-0.0569
1787918218.340273,-0.320230,-2.342479,1.829380,0.2483,-0.0569
1787918218.346854,-0.320735,-2.340831,1.828387,0.2523,-0.0569
1787918218.353521,-0.321467,-2.339487,1.826943,0.2435,-0.0569
1787918218.360247,-0.321709,-2.337785,1.826993,0.2466,-0.0569
1787918218.366586,-0.321997,-2.336188,1.826706,0.2492,-0.0569
1787918218.373268,-0.322585,-2.334602,1.825935,0.2500,-0.0569
1787918218.381064,-0.323205,-2.333101,1.825014,0.2369,-0.0569
1787918218.386559,-0.323104,-2.331373,1.825310,0.2558,-0.0569
1787918218.393539,-0.324199,-2.329903,1.822827,0.2519,-0.0569
1787918218.399934,-0.324241,-2.328219,1.822712,0.2533,-0.1290
1787918218.406708,-0.324719,-2.326678,1.822072,0.2487,-0.1290
1787918218.413826,-0.325270,-2.325087,1.820863,0.2448,-0.1290
1787918218.420186,-0.325820,-2.323456,1.819988,0.2523,-0.1290
1787918218.426735,-0.326409,-2.321967,1.819015,0.2494,-0.1290
1787918218.433604,-0.326790,-2.320406,1.818592,0.2448,-0.1290
1787918218.439811,-0.327066,-2.318713,1.818053,0.2539,-0.1290
1787918218.447037,-0.327315,-2.317062,1.817701,0.2468,-0.1290
1787918218.454875,-0.327759,-2.315567,1.816811,0.2323,-0.1290
1787918218.460090,-0.327966,-2.313840,1.816574,0.2619,-0.1290
1787918218.466937,-0.328533,-2.312317,1.815602,0.2541,-0.1290
1787918218.475001,-0.329252,-2.310591,1.814327,0.2466,-0.1290
1787918218.479839,-0.329467,-2.308997,1.814118,0.2718,-0.1290
1787918218.488286,-0.329524,-2.307003,1.814688,0.2595,-0.1290
1787918218.492988,-0.327301,-2.304602,1.819316,0.2953,-0.1290
1787918218.500484,-0.326544,-2.302664,1.821353,0.2743,-0.1178
1787918218.506789,-0.325945,-2.300484,1.823333,0.2853,-0.1178
1787918218.513976,-0.325766,-2.298683,1.823820,0.2706,-0.1178
1787918218.521281,-0.325905,-2.296906,1.824027,0.2615,-0.1178
1787918218.526543,-0.325803,-2.294990,1.824148,0.2873,-0.1178
1787918218.532982,-0.325854,-2.293419,1.824623,0.2726,-0.1178
1787918218.541411,-0.326307,-2.291836,1.823483,0.2494,-0.1178
1787918218.547839,-0.326433,-2.289984,1.823261,0.2597,-0.1178
1787918218.553731,-0.327190,-2.288218,1.822242,0.2785,-0.1178
1787918218.560032,-0.327612,-2.286920,1.821217,0.2598,-0.1178
1787918218.566585,-0.327876,-2.285064,1.820460,0.2672,-0.1178
1787918218.574172,-0.328865,-2.283206,1.818913,0.2678,-0.1178
1787918218.579942,-0.331595,-2.281994,1.813631,0.2828,-0.1178
1787918218.589383,-0.332735,-2.280538,1.811004,0.2515,-0.1178
1787918218.594015,-0.334151,-2.278720,1.808173,0.3121,-0.1027
1787918218.600995,-0.335104,-2.277248,1.806354,0.2895,-0.1027
1787918218.607128,-0.336031,-2.275770,1.804456,0.2835,-0.1027
1787918218.613869,-0.336717,-2.274170,1.803076,0.2748,-0.1027
1787918218.623433,-0.337361,-2.272366,1.801991,0.2520,-0.1027
1787918218.626551,-0.337673,-2.270793,1.801237,0.3306,-0.1027
1787918218.633845,-0.338354,-2.269379,1.799928,0.2944,-0.1027
1787918218.639839,-0.338753,-2.267523,1.799173,0.3011,-0.1027
1787918218.646869,-0.339009,-2.266101,1.798378,0.2724,-0.1027
1787918218.653030,-0.339367,-2.264481,1.797583,0.2714,-0.1027
1787918218.660690,-0.339747,-2.262699,1.797061,0.2613,-0.1027
1787918218.666525,-0.339986,-2.261068,1.796052,0.2675,-0.1027
1787918218.673617,-0.340146,-2.259601,1.795753,0.2492,-0.1027
1787918218.680259,-0.340447,-2.257742,1.795114,0.2593,-0.1027
1787918218.686390,-0.340644,-2.256201,1.794563,0.2572,-0.1027
1787918218.693300,-0.340741,-2.254448,1.794200,0.2552,-0.1027
1787918218.700880,-0.341197,-2.252886,1.793194,0.2429,-0.0868
1787918218.707047,-0.341624,-2.251195,1.792578,0.2549,-0.0868
1787918218.713654,-0.341853,-2.249609,1.791652,0.2510,-0.0868
1787918218.719661,-0.342131,-2.247771,1.790842,0.2683,-0.0868
1787918218.727483,-0.342697,-2.246117,1.789686,0.2544,-0.0868
1787918218.733474,-0.342608,-2.244517,1.789637,0.2553,-0.0868
1787918218.740010,-0.343228,-2.243216,1.788184,0.2432,-0.0868
1787918218.746617,-0.343684,-2.241427,1.787354,0.2540,-0.0868
1787918218.753804,-0.343698,-2.239848,1.787292,0.2423,-0.0868
1787918218.762034,-0.344203,-2.238210,1.785863,0.2319,-0.0868
1787918218.766735,-0.344628,-2.236630,1.785217,0.2666,-0.0868
1787918218.773554,-0.344986,-2.235102,1.784323,0.2557,-0.0868
1787918218.780180,-0.344855,-2.233404,1.784286,0.2529,-0.0868
1787918218.786552,-0.345551,-2.231873,1.782441,0.2544,-0.0868
1787918218.793894,-0.346179,-2.230221,1.781260,0.2494,-0.1494
1787918218.799812,-0.346096,-2.228637,1.780804,0.2522,-0.1494
1787918218.807288,-0.346564,-2.227030,1.779587,0.2436,-0.1494
1787918218.813333,-0.347430,-2.225528,1.777809,0.2523,-0.1494
1787918218.820595,-0.347138,-2.223728,1.778080,0.2469,-0.1494
1787918218.827637,-0.347415,-2.222069,1.777515,0.2444,-0.1494
1787918218.833482,-0.348462,-2.220656,1.775136,0.2530,-0.1494
1787918218.840169,-0.348662,-2.219342,1.775039,0.2367,-0.1494
1787918218.846832,-0.348663,-2.217641,1.774841,0.2407,-0.1494
1787918218.853965,-0.349437,-2.215817,1.773143,0.2502,-0.1494
1787918218.860445,-0.350042,-2.214401,1.772238,0.2450,-0.1494
1787918218.866622,-0.349794,-2.212795,1.772711,0.2454,-0.1494
1787918218.874527,-0.350329,-2.210952,1.771028,0.2444,-0.1494
1787918218.879754,-0.351272,-2.209463,1.769457,0.2656,-0.1494
1787918218.887315,-0.351061,-2.207981,1.770652,0.2418,-0.1494
1787918218.893283,-0.351424,-2.206095,1.769387,0.2658,-0.1374
1787918218.900181,-0.351571,-2.204570,1.769928,0.2524,-0.1374
1787918218.906901,-0.351801,-2.202970,1.770009,0.2487,-0.1374
1787918218.913219,-0.352099,-2.201267,1.769344,0.2561,-0.1374
1787918218.919753,-0.352551,-2.199587,1.768622,0.2590,-0.1374
1787918218.929715,-0.353166,-2.197986,1.767240,0.2322,-0.1374
1787918218.933099,-0.353139,-2.196383,1.767353,0.3015,-0.1374
1787918218.940242,-0.353679,-2.194673,1.766045,0.2859,-0.1374
1787918218.946959,-0.354030,-2.193138,1.765288,0.2704,-0.1374
1787918218.953465,-0.354356,-2.191534,1.763991,0.2648,-0.1374
1787918218.960351,-0.354795,-2.190007,1.762705,0.2543,-0.1374
1787918218.966875,-0.355245,-2.188276,1.761781,0.2601,-0.1374
1787918218.973302,-0.355390,-2.186746,1.760648,0.2535,-0.1374
1787918218.980845,-0.355842,-2.185035,1.759816,0.2477,-0.1374
1787918218.987540,-0.356453,-2.183639,1.758644,0.2399,-0.1374
1787918218.993503,-0.356600,-2.181818,1.757668,0.2593,-0.1374
1787918219.000273,-0.356361,-2.180031,1.757605,0.2574,-0.1274
1787918219.007350,-0.357318,-2.178495,1.756010,0.2516,-0.1274
1787918219.014248,-0.357889,-2.176829,1.754749,0.2519,-0.1274
1787918219.020193,-0.357745,-2.175179,1.754159,0.2569,-0.1274
1787918219.026692,-0.358513,-2.173642,1.752536,0.2560,-0.1274
1787918219.033746,-0.358798,-2.172000,1.751472,0.2501,-0.1274
1787918219.039675,-0.359082,-2.170427,1.750304,0.2559,-0.1274
1787918219.047145,-0.358926,-2.168792,1.750235,0.2426,-0.1274
1787918219.053483,-0.359623,-2.167144,1.748486,0.2525,-0.1274
1787918219.059892,-0.359943,-2.165376,1.747358,0.2609,-0.1274
1787918219.066546,-0.359961,-2.163813,1.747190,0.2521,-0.1274
1787918219.073886,-0.360412,-2.162168,1.745418,0.2459,-0.1274
1787918219.081136,-0.360931,-2.160497,1.744473,0.2439,-0.1274
1787918219.087156,-0.361330,-2.158940,1.743323,0.2506,-0.1274
1787918219.093549,-0.361186,-2.157048,1.742499,0.2617,-0.1274
1787918219.101665,-0.361949,-2.155488,1.741204,0.2448,-0.1056
1787918219.106693,-0.362509,-2.154039,1.739491,0.2622,-0.1056
1787918219.113179,-0.362885,-2.152122,1.738240,0.2739,-0.1056
1787918219.120711,-0.362988,-2.150585,1.737704,0.2528,-0.1056
1787918219.127076,-0.363573,-2.148919,1.735987,0.2589,-0.1056
1787918219.135673,-0.363916,-2.147190,1.734953,0.2427,-0.1056
1787918219.140918,-0.364135,-2.145482,1.734346,0.2683,-0.1056
1787918219.146523,-0.364464,-2.143826,1.733478,0.2781,-0.1056
1787918219.153856,-0.364752,-2.142067,1.732638,0.2676,-0.1056
1787918219.160556,-0.365433,-2.140460,1.731029,0.2632,-0.1056
1787918219.166871,-0.365359,-2.138607,1.730847,0.2706,-0.1056
1787918219.173232,-0.366210,-2.136955,1.729498,0.2727,-0.1056
1787918219.180184,-0.366171,-2.135469,1.729071,0.2540,-0.1056
1787918219.186546,-0.366449,-2.133721,1.728130,0.2612,-0.1056
1787918219.194582,-0.367029,-2.131931,1.726954,0.2522,-0.1056
1787918219.200785,-0.366943,-2.130356,1.726996,0.2512,-0.1709
1787918219.206481,-0.367315,-2.128771,1.726325,0.2613,-0.1709
1787918219.213648,-0.367820,-2.126992,1.725482,0.2598,-0.1709
1787918219.220064,-0.367779,-2.125372,1.725464,0.2564,-0.1709
1787918219.227227,-0.368223,-2.123789,1.724338,0.2478,-0.1709
1787918219.237055,-0.368701,-2.122302,1.723605,0.2205,-0.1709
1787918219.240535,-0.368990,-2.120446,1.723207,0.3164,-0.1709
1787918219.249190,-0.369062,-2.118738,1.722730,0.2804,-0.1709
1787918219.253531,-0.369509,-2.117286,1.721830,0.3001,-0.1709
1787918219.260311,-0.369736,-2.115779,1.721707,0.2775,-0.1709
1787918219.266907,-0.369962,-2.113965,1.721087,0.2774,-0.1709
1787918219.274491,-0.370140,-2.112458,1.720448,0.2541,-0.1709
1787918219.280307,-0.370146,-2.110771,1.720930,0.2640,-0.1709
1787918219.287954,-0.370256,-2.108960,1.720599,0.2557,-0.1709
1787918219.294932,-0.371517,-2.107548,1.719699,0.2471,-0.1647
1787918219.299891,-0.371593,-2.105984,1.719409,0.2672,-0.1647
1787918219.307212,-0.371943,-2.104289,1.718373,0.2579,-0.1647
1787918219.314433,-0.372382,-2.102719,1.717524,0.2477,-0.1647
1787918219.320029,-0.372351,-2.100924,1.717226,0.2683,-0.1647
1787918219.326540,-0.373023,-2.099257,1.715724,0.2683,-0.1647
1787918219.333618,-0.372868,-2.097631,1.715588,0.2551,-0.1647
1787918219.341193,-0.373000,-2.096022,1.715136,0.2424,-0.1647
1787918219.346766,-0.373520,-2.094284,1.713322,0.2662,-0.1647
1787918219.353459,-0.373747,-2.092684,1.712597,0.2588,-0.1647
1787918219.361096,-0.373739,-2.090945,1.711862,0.2488,-0.1647
1787918219.366556,-0.373714,-2.089361,1.711010,0.2601,-0.1647
1787918219.373483,-0.374373,-2.087872,1.709308,0.2499,-0.1647
1787918219.380563,-0.374222,-2.086243,1.708836,0.2424,-0.1647
1787918219.386798,-0.374802,-2.084337,1.707247,0.2643,-0.1647
1787918219.394160,-0.374840,-2.083062,1.706168,0.2368,-0.1538
1787918219.400553,-0.375226,-2.081481,1.705099,0.2416,-0.1538
1787918219.408291,-0.375531,-2.079758,1.703636,0.2369,-0.1538
1787918219.413684,-0.375437,-2.078209,1.703055,0.2506,-0.1538
1787918219.419866,-0.375733,-2.076872,1.701560,0.2416,-0.1538
1787918219.426536,-0.376012,-2.075227,1.700340,0.2441,-0.1538
1787918219.433913,-0.376376,-2.073592,1.698930,0.2387,-0.1538
1787918219.443413,-0.376803,-2.072079,1.697255,0.2162,-0.1538
1787918219.446948,-0.377054,-2.070469,1.696108,0.2896,-0.1538
1787918219.453903,-0.376964,-2.069172,1.695761,0.2577,-0.1538
1787918219.460136,-0.376936,-2.067605,1.695099,0.2551,-0.1538
1787918219.466989,-0.377112,-2.066103,1.693937,0.2448,-0.1538
1787918219.473105,-0.377485,-2.064677,1.692498,0.2430,-0.1538
1787918219.480550,-0.377432,-2.063175,1.691889,0.2299,-0.1538
1787918219.487609,-0.377455,-2.061893,1.691175,0.2152,-0.1538
1787918219.493836,-0.377735,-2.060340,1.689992,0.2265,-0.1538
1787918219.500624,-0.378368,-2.058787,1.687920,0.2300,-0.1320
1787918219.506760,-0.378133,-2.057285,1.688493,0.2325,-0.1320
1787918219.513459,-0.378241,-2.055667,1.687647,0.2353,-0.1320
1787918219.520447,-0.378552,-2.054287,1.686166,0.2251,-0.1320
1787918219.526803,-0.378756,-2.052676,1.685576,0.2342,-0.1320
1787918219.533454,-0.378747,-2.051046,1.684937,0.2370,-0.1320
1787918219.544064,-0.379052,-2.049609,1.683835,0.2072,-0.1320
1787918219.549563,-0.379311,-2.048240,1.682996,0.2209,-0.1320
1787918219.553577,-0.379312,-2.046664,1.682621,0.2716,-0.1320
1787918219.559990,-0.379802,-2.045224,1.681007,0.2596,-0.1320
1787918219.566817,-0.379270,-2.043597,1.681315,0.2502,-0.1320
1787918219.573401,-0.379550,-2.042054,1.680319,0.2464,-0.1320
1787918219.580782,-0.380135,-2.040532,1.678232,0.2366,-0.1320
1787918219.586602,-0.380248,-2.039107,1.677279,0.2393,-0.1320
1787918219.593498,-0.380408,-2.037459,1.676534,0.2395,-0.1659
1787918219.601261,-0.380677,-2.035866,1.675509,0.2300,-0.1659
1787918219.606764,-0.380898,-2.034330,1.674266,0.2455,-0.1659
1787918219.614411,-0.380859,-2.032853,1.673831,0.2293,-0.1659
1787918219.620597,-0.381024,-2.031084,1.672791,0.2467,-0.1659
1787918219.626698,-0.381547,-2.029568,1.671059,0.2494,-0.1659
1787918219.633249,-0.381417,-2.028064,1.671037,0.2425,-0.1659
1787918219.640084,-0.381840,-2.026438,1.669236,0.2426,-0.1659
1787918219.646935,-0.382059,-2.024915,1.668538,0.2371,-0.1659
1787918219.654641,-0.382498,-2.023365,1.667090,0.2277,-0.1659
1787918219.660421,-0.381971,-2.021693,1.667269,0.2431,-0.1659
1787918219.666258,-0.382203,-2.020167,1.666460,0.2494,-0.1659
1787918219.673391,-0.382296,-2.018700,1.665753,0.2364,-0.1659
1787918219.680260,-0.382940,-2.017016,1.663819,0.2413,-0.1659
1787918219.686919,-0.383250,-2.015569,1.662660,0.2351,-0.1659
1787918219.693734,-0.382598,-2.013906,1.663587,0.2348,-0.1494
1787918219.700186,-0.382816,-2.012325,1.662788,0.2385,-0.1494
1787918219.707615,-0.383193,-2.010857,1.661461,0.2274,-0.1494
1787918219.716047,-0.383275,-2.009304,1.661119,0.2145,-0.1494
1787918219.719539,-0.382948,-2.007812,1.660924,0.2752,-0.1494
1787918219.726966,-0.383349,-2.006050,1.659118,0.2650,-0.1494
1787918219.733451,-0.383957,-2.004613,1.657572,0.2542,-0.1494
1787918219.740268,-0.383851,-2.003081,1.657045,0.2447,-0.1494
1787918219.748815,-0.383812,-2.001473,1.656360,0.2274,-0.1494
1787918219.754419,-0.384067,-1.999894,1.655412,0.2446,-0.1494
1787918219.759809,-0.384406,-1.998379,1.654255,0.2568,-0.1494
1787918219.766793,-0.384584,-1.996757,1.652824,0.2498,-0.1494
1787918219.773547,-0.384951,-1.995317,1.651281,0.2400,-0.1494
1787918219.780034,-0.384677,-1.993691,1.651392,0.2419,-0.1494
1787918219.786853,-0.384889,-1.992274,1.649764,0.2322,-0.1494
1787918219.793111,-0.385074,-1.990796,1.648737,0.2339,-0.1316
1787918219.800114,-0.385230,-1.989108,1.647895,0.2363,-0.1316
1787918219.807167,-0.385374,-1.987552,1.646891,0.2319,-0.1316
1787918219.813082,-0.385472,-1.986111,1.645628,0.2356,-0.1316
1787918219.820528,-0.385756,-1.984433,1.644743,0.2332,-0.1316
1787918219.826675,-0.386068,-1.982732,1.643354,0.2471,-0.1316
1787918219.833631,-0.385954,-1.981316,1.643065,0.2336,-0.1316
1787918219.840167,-0.386048,-1.979833,1.642081,0.2317,-0.1316
1787918219.846807,-0.386516,-1.978147,1.640207,0.2396,-0.1316
1787918219.853671,-0.386353,-1.976625,1.639587,0.2336,-0.1316
1787918219.860696,-0.386200,-1.974845,1.638937,0.2389,-0.1316
1787918219.866539,-0.387016,-1.973407,1.637440,0.2437,-0.1316
1787918219.873630,-0.386677,-1.972016,1.637367,0.2284,-0.1316
1787918219.879912,-0.386582,-1.970311,1.636915,0.2408,-0.1316
1787918219.887567,-0.386646,-1.968733,1.635922,0.2304,-0.1316
1787918219.897646,-0.387126,-1.967103,1.634486,0.2106,-0.1117
1787918219.899973,-0.386925,-1.965498,1.633986,0.3523,-0.1117
1787918219.908575,-0.387289,-1.964009,1.632597,0.2993,-0.1117
1787918219.913679,-0.387403,-1.962383,1.631764,0.3053,-0.1117
1787918219.920823,-0.387382,-1.960682,1.630717,0.2849,-0.1117
1787918219.927249,-0.387396,-1.958898,1.629960,0.2826,-0.1117
1787918219.934975,-0.387755,-1.957419,1.628859,0.2560,-0.1117
1787918219.941356,-0.387783,-1.955774,1.627801,0.2565,-0.1117
1787918219.947595,-0.387680,-1.953950,1.627173,0.2668,-0.1117
1787918219.954845,-0.388116,-1.952247,1.625508,0.2581,-0.1117
1787918219.960063,-0.387392,-1.950878,1.626159,0.2570,-0.1117
1787918219.967182,-0.387337,-1.949315,1.624989,0.2455,-0.1117
1787918219.973567,-0.388118,-1.947746,1.623604,0.2474,-0.1117
1787918219.980671,-0.387980,-1.946089,1.622850,0.2428,-0.1117
1787918219.986460,-0.388095,-1.944397,1.621405,0.2578,-0.1117
1787918219.993640,-0.388060,-1.942868,1.621490,0.2442,-0.1117
1787918220.000582,-0.388101,-1.941215,1.620529,0.2423,-0.1220
1787918220.006577,-0.388113,-1.939709,1.619203,0.2450,-0.1220
1787918220.013487,-0.388341,-1.937985,1.618099,0.2467,-0.1220
1787918220.022717,-0.388306,-1.936405,1.617580,0.2239,-0.1220
1787918220.028977,-0.388084,-1.934859,1.616834,0.2303,-0.1220
1787918220.034554,-0.388239,-1.933190,1.615915,0.2513,-0.1220
1787918220.040179,-0.388287,-1.931633,1.615532,0.2590,-0.1220
1787918220.046649,-0.388245,-1.929902,1.614601,0.2614,-0.1220
1787918220.056058,-0.388129,-1.928196,1.613972,0.2371,-0.1220
1787918220.060267,-0.387952,-1.926770,1.613975,0.2670,-0.1220
1787918220.066922,-0.387658,-1.925206,1.613652,0.2568,-0.1220
1787918220.074104,-0.387603,-1.923301,1.612123,0.2592,-0.1220
1787918220.079878,-0.387921,-1.921785,1.611069,0.2607,-0.1220
1787918220.086658,-0.387631,-1.920155,1.610905,0.2541,-0.1220
1787918220.095807,-0.387630,-1.918485,1.610116,0.2326,-0.0996
1787918220.101490,-0.387687,-1.916824,1.609442,0.2506,-0.0996
1787918220.107829,-0.387408,-1.915104,1.608991,0.2562,-0.0996
1787918220.113533,-0.387765,-1.913523,1.607348,0.2631,-0.0996
1787918220.120364,-0.387835,-1.911788,1.607056,0.2604,-0.0996
1787918220.127168,-0.387902,-1.909959,1.605949,0.2630,-0.0996
1787918220.133330,-0.388035,-1.908296,1.604897,0.2653,-0.0996
1787918220.140515,-0.387915,-1.906535,1.604778,0.2590,-0.0996
1787918220.146627,-0.387986,-1.904872,1.603649,0.2630,-0.0996
1787918220.154018,-0.387914,-1.903303,1.603076,0.2477,-0.0996
1787918220.160000,-0.388263,-1.901677,1.601529,0.2554,-0.0996
1787918220.167027,-0.388499,-1.900062,1.599900,0.2480,-0.0996
1787918220.173806,-0.388334,-1.898475,1.599770,0.2436,-0.0996
1787918220.180275,-0.387878,-1.896752,1.599618,0.2498,-0.0996
1787918220.186916,-0.388325,-1.895042,1.598223,0.2526,-0.0996
1787918220.195705,-0.388359,-1.893458,1.597196,0.2309,-0.0795
1787918220.200892,-0.388566,-1.891685,1.596092,0.2645,-0.0795
1787918220.207187,-0.388308,-1.890128,1.595397,0.2590,-0.0795
1787918220.213632,-0.388533,-1.888638,1.594165,0.2509,-0.0795
1787918220.220735,-0.388731,-1.886866,1.593562,0.2506,-0.0795
1787918220.229515,-0.389268,-1.885038,1.591359,0.2383,-0.0795
1787918220.233588,-0.388763,-1.883584,1.591817,0.2731,-0.0795
1787918220.240172,-0.388963,-1.881915,1.591056,0.2674,-0.0795
1787918220.246617,-0.389209,-1.880048,1.589534,0.2742,-0.0795
1787918220.253343,-0.389097,-1.878372,1.589047,0.2667,-0.0795
1787918220.262381,-0.388968,-1.876920,1.589004,0.2347,-0.0795
1787918220.266841,-0.388939,-1.875212,1.587940,0.2792,-0.0795
1787918220.273406,-0.388945,-1.873598,1.587193,0.2691,-0.0795
1787918220.279619,-0.389021,-1.872001,1.586395,0.2656,-0.0795
1787918220.286875,-0.389039,-1.870284,1.586071,0.2569,-0.0795
1787918220.293358,-0.389027,-1.868678,1.585065,0.2541,-0.0795
1787918220.300307,-0.388885,-1.867099,1.584507,0.2460,-0.0606
1787918220.306758,-0.389513,-1.865426,1.583147,0.2504,-0.0606
1787918220.313351,-0.389460,-1.863976,1.582293,0.2412,-0.0606
1787918220.319728,-0.389692,-1.861923,1.580297,0.2655,-0.0606
1787918220.329987,-0.389893,-1.860448,1.579805,0.2290,-0.0606
1787918220.333936,-0.389446,-1.858813,1.579814,0.2842,-0.0606
1787918220.340550,-0.389414,-1.857100,1.578955,0.2766,-0.0606
1787918220.346501,-0.389786,-1.855173,1.578407,0.2909,-0.0606
1787918220.353597,-0.389794,-1.853617,1.577505,0.2694,-0.0606
1787918220.363188,-0.389386,-1.852192,1.577569,0.2331,-0.0606
1787918220.367743,-0.389691,-1.850347,1.577107,0.2848,-0.0606
1787918220.373101,-0.389718,-1.848749,1.576044,0.2888,-0.0606
1787918220.379761,-0.390031,-1.846922,1.574597,0.2845,-0.0606
1787918220.386887,-0.390022,-1.845393,1.574456,0.2636,-0.0606
1787918220.393548,-0.389416,-1.843639,1.574202,0.2634,-0.0606
1787918220.401915,-0.389870,-1.841948,1.573142,0.2450,-0.0665
1787918220.406921,-0.389891,-1.840159,1.572399,0.2787,-0.0665
1787918220.413297,-0.390148,-1.838409,1.570922,0.2775,-0.0665
1787918220.421090,-0.390001,-1.836604,1.570679,0.2637,-0.0665
1787918220.426638,-0.390109,-1.834746,1.569214,0.2851,-0.0665
1787918220.434094,-0.390538,-1.833084,1.567766,0.2664,-0.0665
1787918220.440545,-0.390470,-1.831192,1.567649,0.2744,-0.0665
1787918220.447248,-0.390084,-1.829454,1.567124,0.2700,-0.0665
1787918220.453893,-0.390492,-1.827795,1.566265,0.2638,-0.0665
1787918220.460107,-0.391108,-1.825913,1.564576,0.2753,-0.0665
1787918220.466965,-0.390737,-1.824182,1.564598,0.2685,-0.0665
1787918220.473727,-0.390760,-1.822407,1.564339,0.2667,-0.0665
1787918220.480143,-0.390725,-1.820505,1.563725,0.2757,-0.0665
1787918220.487042,-0.390648,-1.819178,1.563701,0.2507,-0.0665
1787918220.493104,-0.390576,-1.817321,1.563788,0.2674,-0.0665
1787918220.501054,-0.390691,-1.815517,1.562704,0.2552,-0.0520
1787918220.506818,-0.390590,-1.813765,1.562733,0.2698,-0.0520
1787918220.513467,-0.391165,-1.812023,1.561586,0.2673,-0.0520
1787918220.520198,-0.390619,-1.810383,1.562356,0.2604,-0.0520
1787918220.526557,-0.390773,-1.808682,1.561571,0.2624,-0.0520
1787918220.534719,-0.390853,-1.806717,1.561308,0.2559,-0.0520
1787918220.540438,-0.391366,-1.805232,1.559872,0.2568,-0.0520
1787918220.546788,-0.390998,-1.803280,1.560419,0.2721,-0.0520
1787918220.553570,-0.391298,-1.801535,1.559663,0.2675,-0.0520
1787918220.560431,-0.390808,-1.799936,1.560034,0.2574,-0.0520
1787918220.567838,-0.390951,-1.798127,1.560181,0.2534,-0.0520
1787918220.573554,-0.390636,-1.796300,1.560248,0.2734,-0.0520
1787918220.580666,-0.390834,-1.794677,1.559258,0.2598,-0.0520
1787918220.586567,-0.390799,-1.792851,1.559112,0.2747,-0.0520
1787918220.595239,-0.390585,-1.791151,1.559104,0.2512,-0.0477
1787918220.600615,-0.390528,-1.789419,1.558807,0.2725,-0.0477
1787918220.606642,-0.390735,-1.787641,1.558136,0.2791,-0.0477
1787918220.613671,-0.390713,-1.785820,1.557680,0.2731,-0.0477
1787918220.620042,-0.390827,-1.783980,1.557014,0.2777,-0.0477
1787918220.626778,-0.390683,-1.782209,1.556783,0.2734,-0.0477
1787918220.633428,-0.390525,-1.780514,1.556772,0.2679,-0.0477
1787918220.642510,-0.390316,-1.778888,1.556502,0.2414,-0.0477
1787918220.646986,-0.390631,-1.776911,1.555102,0.3011,-0.0477
1787918220.653269,-0.390506,-1.774963,1.554676,0.3038,-0.0477
1787918220.660045,-0.390772,-1.773179,1.553372,0.2915,-0.0477
1787918220.670520,-0.390700,-1.771552,1.553326,0.2507,-0.0477
1787918220.673765,-0.390540,-1.769690,1.553151,0.3478,-0.0477
1787918220.680043,-0.390708,-1.767954,1.551933,0.3263,-0.0477
1787918220.687181,-0.390588,-1.766188,1.551841,0.3027,-0.0477
1787918220.693209,-0.390392,-1.764565,1.551455,0.2928,-0.0477
1787918220.700556,-0.390294,-1.762954,1.550482,0.2708,-0.0382
1787918220.707652,-0.390035,-1.761020,1.550535,0.2715,-0.0382
1787918220.713672,-0.390269,-1.759163,1.549480,0.2823,-0.0382
1787918220.720294,-0.390252,-1.757423,1.548637,0.2765,-0.0382
1787918220.727792,-0.390075,-1.755800,1.548252,0.2586,-0.0382
1787918220.733834,-0.389923,-1.754156,1.547682,0.2628,-0.0382
1787918220.740794,-0.390206,-1.752465,1.546671,0.2565,-0.0382
1787918220.746530,-0.390259,-1.750544,1.546003,0.2799,-0.0382
1787918220.753418,-0.390135,-1.748949,1.545664,0.2655,-0.0382
1787918220.759781,-0.390023,-1.747132,1.545312,0.2717,-0.0382
1787918220.766897,-0.390360,-1.745324,1.544218,0.2659,-0.0382
1787918220.773570,-0.390075,-1.743720,1.544468,0.2586,-0.0382
1787918220.780010,-0.390082,-1.742072,1.543740,0.2578,-0.0382
1787918220.787208,-0.389997,-1.740330,1.543090,0.2531,-0.0382
1787918220.793720,-0.389935,-1.738738,1.543098,0.2506,-0.0382
1787918220.801522,-0.389983,-1.736882,1.542370,0.2467,-0.0358
1787918220.806807,-0.389675,-1.735284,1.542096,0.2639,-0.0358
1787918220.813085,-0.389805,-1.733745,1.541819,0.2580,-0.0358
1787918220.820647,-0.390266,-1.732081,1.540178,0.2460,-0.0358
1787918220.826841,-0.390095,-1.730194,1.539883,0.2639,-0.0358
1787918220.833582,-0.390257,-1.728688,1.539646,0.2514,-0.0358
1787918220.842141,-0.389689,-1.726971,1.540168,0.2368,-0.0358
1787918220.846847,-0.389953,-1.725350,1.539411,0.2685,-0.0358
1787918220.853196,-0.390273,-1.723668,1.538913,0.2669,-0.0358
1787918220.861316,-0.389637,-1.721790,1.539204,0.2569,-0.0358
1787918220.866446,-0.389809,-1.720164,1.538518,0.2745,-0.0358
1787918220.875375,-0.389833,-1.718661,1.538472,0.2426,-0.0358
1787918220.880340,-0.389682,-1.716969,1.538024,0.2723,-0.0358
1787918220.886678,-0.389435,-1.715238,1.538259,0.2729,-0.0358
1787918220.893449,-0.389246,-1.713586,1.538291,0.2644,-0.0280
1787918220.899969,-0.389287,-1.711754,1.537441,0.2693,-0.0280
1787918220.906545,-0.389525,-1.710043,1.536846,0.2661,-0.0280
1787918220.914206,-0.389485,-1.708537,1.536893,0.2453,-0.0280
1787918220.920008,-0.389180,-1.706774,1.536892,0.2633,-0.0280
1787918220.926926,-0.389397,-1.705134,1.535920,0.2551,-0.0280
1787918220.933397,-0.389620,-1.703569,1.535411,0.2507,-0.0280
1787918220.940166,-0.389109,-1.701784,1.535516,0.2554,-0.0280
1787918220.947079,-0.389133,-1.699982,1.535041,0.2569,-0.0280
1787918220.953668,-0.388927,-1.698381,1.535157,0.2530,-0.0280
1787918220.961875,-0.389094,-1.696608,1.533788,0.2416,-0.0280
1787918220.966993,-0.389040,-1.694953,1.533765,0.2662,-0.0280
1787918220.973635,-0.388771,-1.693382,1.533833,0.2577,-0.0280
1787918220.982156,-0.388970,-1.691574,1.532481,0.2437,-0.0280
1787918220.986587,-0.388954,-1.690068,1.532259,0.2726,-0.0280
1787918220.994190,-0.389064,-1.688368,1.531502,0.2577,-0.0196
1787918220.999853,-0.388972,-1.686445,1.530651,0.2824,-0.0196
1787918221.006804,-0.388692,-1.684861,1.531164,0.2664,-0.0196
1787918221.014932,-0.388728,-1.683142,1.530588,0.2498,-0.0196
1787918221.020123,-0.388613,-1.681296,1.529971,0.2818,-0.0196
1787918221.027041,-0.388640,-1.679713,1.529735,0.2658,-0.0196
1787918221.035337,-0.388608,-1.677976,1.529103,0.2488,-0.0196
1787918221.040541,-0.388266,-1.676339,1.529582,0.2693,-0.0196
1787918221.047894,-0.388210,-1.674549,1.528897,0.2616,-0.0196
1787918221.053429,-0.388309,-1.672660,1.528305,0.2852,-0.0196
1787918221.060518,-0.388525,-1.671031,1.527606,0.2681,-0.0196
1787918221.066948,-0.388074,-1.669269,1.528214,0.2707,-0.0196
1787918221.073341,-0.388045,-1.667474,1.527752,0.2737,-0.0196
1787918221.080195,-0.388122,-1.665780,1.527058,0.2655,-0.0196
1787918221.086947,-0.387839,-1.663906,1.527189,0.2696,-0.0196
1787918221.094274,-0.388021,-1.662277,1.526570,0.2550,-0.0196
1787918221.101736,-0.387593,-1.660539,1.526606,0.2491,-0.0106
1787918221.106453,-0.387290,-1.658527,1.526517,0.3030,-0.0106
1787918221.113423,-0.387608,-1.656691,1.525699,0.2905,-0.0106
1787918221.120652,-0.387672,-1.655010,1.525102,0.2729,-0.0106
1787918221.127045,-0.387558,-1.653185,1.524596,0.2768,-0.0106
1787918221.133652,-0.387354,-1.651364,1.524709,0.2768,-0.0106
1787918221.139937,-0.387527,-1.649487,1.523407,0.2829,-0.0106
1787918221.149394,-0.387824,-1.647769,1.522293,0.2520,-0.0106
1787918221.153886,-0.387549,-1.646104,1.522383,0.2884,-0.0106
1787918221.159982,-0.387168,-1.644317,1.522768,0.2906,-0.0106
1787918221.166897,-0.387387,-1.642558,1.521895,0.2791,-0.0106
1787918221.173321,-0.387465,-1.640575,1.521354,0.2877,-0.0106
1787918221.183369,-0.387599,-1.638856,1.520439,0.2525,-0.0106
1787918221.187369,-0.387556,-1.637132,1.520602,0.3061,-0.0106
1787918221.193652,-0.386963,-1.635372,1.520772,0.2996,-0.0367
1787918221.200329,-0.387252,-1.633484,1.519645,0.2938,-0.0367
1787918221.206694,-0.387575,-1.631687,1.518907,0.2894,-0.0367
1787918221.213694,-0.387055,-1.630027,1.519075,0.2748,-0.0367
1787918221.220166,-0.387285,-1.628175,1.518736,0.2775,-0.0367
1787918221.226726,-0.386977,-1.626295,1.518921,0.2809,-0.0367
1787918221.233793,-0.387178,-1.624573,1.517997,0.2691,-0.0367
1787918221.240359,-0.386986,-1.622851,1.518164,0.2675,-0.0367
1787918221.246958,-0.386867,-1.621133,1.517724,0.2655,-0.0367
1787918221.253943,-0.386990,-1.619275,1.517388,0.2652,-0.0367
1787918221.261349,-0.386676,-1.617441,1.517696,0.2606,-0.0367
1787918221.267230,-0.386564,-1.615745,1.517509,0.2691,-0.0367
1787918221.273318,-0.386450,-1.613860,1.517180,0.2814,-0.0367
1787918221.279959,-0.386377,-1.611847,1.517159,0.2880,-0.0367
1787918221.286574,-0.386246,-1.610262,1.517206,0.2737,-0.0367
1787918221.293986,-0.386231,-1.608480,1.517081,0.2636,-0.0333
1787918221.300131,-0.385794,-1.606660,1.517558,0.2744,-0.0333
1787918221.307166,-0.385966,-1.604769,1.516805,0.2722,-0.0333
1787918221.313505,-0.386002,-1.602898,1.516427,0.2788,-0.0333
1787918221.322140,-0.385572,-1.601214,1.517053,0.2544,-0.0333
1787918221.327214,-0.385219,-1.599323,1.517424,0.2908,-0.0333
1787918221.333341,-0.385520,-1.597389,1.516189,0.2974,-0.0333
1787918221.342594,-0.385281,-1.595543,1.516258,0.2683,-0.0333
1787918221.346824,-0.385424,-1.593847,1.515710,0.3074,-0.0333
1787918221.354402,-0.385271,-1.592180,1.515424,0.2814,-0.0333
1787918221.360411,-0.385112,-1.590115,1.514877,0.3003,-0.0333
1787918221.366973,-0.384857,-1.588460,1.515228,0.2864,-0.0333
1787918221.373129,-0.384855,-1.586402,1.514526,0.3006,-0.0333
1787918221.380620,-0.384724,-1.584738,1.514442,0.2773,-0.0333
1787918221.388242,-0.384483,-1.582794,1.513955,0.2710,-0.0333
1787918221.394521,-0.384575,-1.580912,1.513323,0.2792,-0.0296
1787918221.401946,-0.384368,-1.579184,1.513517,0.2657,-0.0296
1787918221.406613,-0.384828,-1.577322,1.511856,0.3037,-0.0296
1787918221.413485,-0.384390,-1.575715,1.512302,0.2837,-0.0296
1787918221.425843,-0.384215,-1.573684,1.511950,0.2481,-0.0296
1787918221.427787,-0.384284,-1.571760,1.511022,0.4695,-0.0296
1787918221.434037,-0.384188,-1.569976,1.510970,0.4144,-0.0296
1787918221.440637,-0.383982,-1.568283,1.510036,0.3674,-0.0296
1787918221.446997,-0.383718,-1.566461,1.509753,0.3438,-0.0296
1787918221.453550,-0.383619,-1.564813,1.509285,0.3162,-0.0296
1787918221.460049,-0.383815,-1.562883,1.508188,0.3097,-0.0296
1787918221.466861,-0.383655,-1.561008,1.507899,0.2996,-0.0296
1787918221.473176,-0.383395,-1.559179,1.507938,0.2973,-0.0296
1787918221.480280,-0.383021,-1.557344,1.508244,0.2864,-0.0296
1787918221.489769,-0.383391,-1.555620,1.507215,0.2541,-0.0296
1787918221.493695,-0.383420,-1.553540,1.506365,0.3364,-0.0682
1787918221.500026,-0.382958,-1.551870,1.507143,0.3158,-0.0682
1787918221.506466,-0.383000,-1.550070,1.506015,0.3046,-0.0682
1787918221.513638,-0.383062,-1.548151,1.505481,0.2932,-0.0682
1787918221.520225,-0.382823,-1.546446,1.505653,0.2834,-0.0682
1787918221.526957,-0.382637,-1.544423,1.505031,0.2889,-0.0682
1787918221.533424,-0.382630,-1.542645,1.504899,0.2845,-0.0682
1787918221.540240,-0.382681,-1.540829,1.504292,0.2788,-0.0682
1787918221.546954,-0.382571,-1.539036,1.504020,0.2754,-0.0682
1787918221.553427,-0.382606,-1.537115,1.503632,0.2815,-0.0682
1787918221.560997,-0.382159,-1.535189,1.503566,0.2744,-0.0682
1787918221.566631,-0.382176,-1.533432,1.503390,0.2854,-0.0682
1787918221.573465,-0.382074,-1.531671,1.503319,0.2772,-0.0682
1787918221.580816,-0.382023,-1.529389,1.502459,0.2871,-0.0682
1787918221.586705,-0.381810,-1.527640,1.502753,0.2906,-0.0682
1787918221.596766,-0.381606,-1.525627,1.502677,0.2637,-0.0638
1787918221.602720,-0.381774,-1.523786,1.502598,0.2765,-0.0638
1787918221.607968,-0.381211,-1.521869,1.502982,0.3051,-0.0638
1787918221.615946,-0.381334,-1.519925,1.502100,0.2862,-0.0638
1787918221.620418,-0.381683,-1.518179,1.500739,0.3156,-0.0638
1787918221.629534,-0.381702,-1.516164,1.500162,0.2870,-0.0638
1787918221.633445,-0.381115,-1.514261,1.500521,0.3497,-0.0638
1787918221.640575,-0.381137,-1.512307,1.499308,0.3267,-0.0638
1787918221.646938,-0.381215,-1.510510,1.498788,0.3129,-0.0638
1787918221.653912,-0.381206,-1.508539,1.497841,0.3036,-0.0638
1787918221.661689,-0.381195,-1.506536,1.496946,0.2896,-0.0638
1787918221.667907,-0.380694,-1.504616,1.497532,0.2969,-0.0638
1787918221.674041,-0.380863,-1.502632,1.495723,0.3040,-0.0638
1787918221.679805,-0.380734,-1.500865,1.495764,0.3050,-0.0638
1787918221.687324,-0.380742,-1.499020,1.494227,0.2869,-0.0638
1787918221.695752,-0.380970,-1.496978,1.493248,0.2726,-0.0596
1787918221.699935,-0.380719,-1.494966,1.492800,0.3361,-0.0596
1787918221.707006,-0.381061,-1.493140,1.491632,0.3114,-0.0596
1787918221.713639,-0.380773,-1.491225,1.491238,0.3053,-0.0596
1787918221.720427,-0.380878,-1.489294,1.490342,0.2984,-0.0596
1787918221.726737,-0.381109,-1.487347,1.488799,0.3002,-0.0596
1787918221.734418,-0.380671,-1.485395,1.488909,0.2876,-0.0596
1787918221.740597,-0.380777,-1.483604,1.488573,0.2876,-0.0596
1787918221.746717,-0.380499,-1.481884,1.488247,0.2864,-0.0596
1787918221.753524,-0.380320,-1.479687,1.488330,0.2977,-0.0596
1787918221.760105,-0.379885,-1.477893,1.488017,0.2915,-0.0596
1787918221.766718,-0.380180,-1.476087,1.486863,0.2846,-0.0596
1787918221.773313,-0.379734,-1.474361,1.486956,0.2791,-0.0596
1787918221.780775,-0.380107,-1.472369,1.485724,0.2739,-0.0596
1787918221.786526,-0.379452,-1.470490,1.486440,0.2923,-0.0596
1787918221.796933,-0.379543,-1.468465,1.486090,0.2625,-0.0513
1787918221.801244,-0.379677,-1.466605,1.485446,0.3119,-0.0513
1787918221.807691,-0.379419,-1.464616,1.485321,0.3116,-0.0513
1787918221.813645,-0.379406,-1.462761,1.484947,0.3113,-0.0513
1787918221.819985,-0.379163,-1.460961,1.484804,0.3038,-0.0513
1787918221.826669,-0.379217,-1.458988,1.484034,0.3007,-0.0513
1787918221.834418,-0.378735,-1.457193,1.484173,0.2813,-0.0513
1787918221.840277,-0.378579,-1.455310,1.483949,0.2936,-0.0513
1787918221.849391,-0.378209,-1.453530,1.483804,0.2650,-0.0513
1787918221.854472,-0.378351,-1.451656,1.483014,0.2950,-0.0513
1787918221.859737,-0.378325,-1.449662,1.482066,0.3198,-0.0513
1787918221.867187,-0.378023,-1.448079,1.482370,0.2884,-0.0513
1787918221.873298,-0.377549,-1.446236,1.482631,0.2941,-0.0513
1787918221.880052,-0.377671,-1.444250,1.481647,0.2932,-0.0513
1787918221.887686,-0.377592,-1.442507,1.481394,0.2738,-0.0513
1787918221.893574,-0.377388,-1.440595,1.481001,0.2896,-0.0513
1787918221.900376,-0.377292,-1.438827,1.480558,0.2807,-0.1059
1787918221.906953,-0.377320,-1.436831,1.479376,0.2871,-0.1059
1787918221.913206,-0.377149,-1.435069,1.479045,0.2859,-0.1059
1787918221.920299,-0.376457,-1.433291,1.479757,0.2777,-0.1059
1787918221.927185,-0.376335,-1.431319,1.478725,0.2804,-0.1059
1787918221.936561,-0.376429,-1.429635,1.477936,0.2496,-0.1059
1787918221.941038,-0.376519,-1.427699,1.477136,0.3034,-0.1059
1787918221.946607,-0.376015,-1.425916,1.476556,0.3105,-0.1059
1787918221.953576,-0.375953,-1.424205,1.476331,0.2910,-0.1059
1787918221.960153,-0.375784,-1.422335,1.475232,0.2893,-0.1059
1787918221.968960,-0.376071,-1.420491,1.474217,0.2641,-0.1059
1787918221.973507,-0.375569,-1.418748,1.474121,0.3025,-0.1059
1787918221.979800,-0.375544,-1.416868,1.472894,0.3010,-0.1059
1787918221.986452,-0.375028,-1.415101,1.473493,0.2923,-0.1059
1787918221.993610,-0.374934,-1.413061,1.472645,0.2901,-0.1059
1787918222.002443,-0.374761,-1.411255,1.472613,0.2647,-0.0995
1787918222.007024,-0.374374,-1.409383,1.472502,0.3097,-0.0995
1787918222.013217,-0.374272,-1.407525,1.472016,0.3069,-0.0995
1787918222.022085,-0.374251,-1.405737,1.471466,0.2751,-0.0995
1787918222.026776,-0.374257,-1.403801,1.470285,0.3157,-0.0995
1787918222.033549,-0.373724,-1.402050,1.470597,0.3005,-0.0995
1787918222.040814,-0.373697,-1.400252,1.470161,0.2844,-0.0995
1787918222.046851,-0.373709,-1.398501,1.468708,0.2855,-0.0995
1787918222.053634,-0.373654,-1.396709,1.468123,0.2790,-0.0995
1787918222.060221,-0.373584,-1.395016,1.467020,0.2723,-0.0995
1787918222.066762,-0.373424,-1.393149,1.465988,0.2765,-0.0995
1787918222.073951,-0.373149,-1.391272,1.465377,0.2727,-0.0995
1787918222.081225,-0.372909,-1.389538,1.464749,0.2630,-0.0995
1787918222.086825,-0.372905,-1.387615,1.463887,0.2866,-0.0995
1787918222.094232,-0.372735,-1.385801,1.462924,0.2744,-0.0995
1787918222.100083,-0.372743,-1.384152,1.462029,0.2760,-0.0893
1787918222.106348,-0.372018,-1.382351,1.462535,0.2828,-0.0893
1787918222.113807,-0.372584,-1.380507,1.460574,0.2691,-0.0893
1787918222.125007,-0.372577,-1.378793,1.459461,0.2340,-0.0893
1787918222.127413,-0.372269,-1.377035,1.459077,0.3859,-0.0893
1787918222.136672,-0.372050,-1.375203,1.458444,0.3299,-0.0893
1787918222.144137,-0.371588,-1.373431,1.458036,0.3038,-0.0893
1787918222.147807,-0.371677,-1.371767,1.456824,0.3469,-0.0893
1787918222.153765,-0.371198,-1.369958,1.456863,0.3361,-0.0893
1787918222.162535,-0.370882,-1.368286,1.456174,0.2933,-0.0893
1787918222.166977,-0.370552,-1.366616,1.456038,0.3199,-0.0893
1787918222.174353,-0.370191,-1.364933,1.455403,0.2936,-0.0893
1787918222.180107,-0.370334,-1.363270,1.454176,0.2908,-0.0893
1787918222.187594,-0.370212,-1.361273,1.453048,0.2836,-0.0893
1787918222.193337,-0.369977,-1.359547,1.452395,0.2895,-0.0893
1787918222.199859,-0.369932,-1.357807,1.451459,0.2824,-0.0777
1787918222.206925,-0.369522,-1.356090,1.450575,0.2721,-0.0777
1787918222.213302,-0.369413,-1.354341,1.450086,0.2728,-0.0777
1787918222.220027,-0.369003,-1.352552,1.449719,0.2724,-0.0777
1787918222.226486,-0.369134,-1.350625,1.447736,0.2787,-0.0777
1787918222.233301,-0.368699,-1.348953,1.447655,0.2705,-0.0777
1787918222.240168,-0.368474,-1.347254,1.446844,0.2642,-0.0777
1787918222.246769,-0.368196,-1.345565,1.446346,0.2627,-0.0777
1787918222.254264,-0.368106,-1.343630,1.445497,0.2612,-0.0777
1787918222.260760,-0.367908,-1.342023,1.444750,0.2576,-0.0777
1787918222.266526,-0.367588,-1.340228,1.444640,0.2750,-0.0777
1787918222.275416,-0.367718,-1.338297,1.442904,0.2566,-0.0777
1787918222.280382,-0.366807,-1.336631,1.443544,0.2864,-0.0777
1787918222.286479,-0.366865,-1.334816,1.442336,0.2887,-0.0777
1787918222.293556,-0.366562,-1.332972,1.441212,0.2813,-0.0777
1787918222.300586,-0.366424,-1.331312,1.440337,0.2679,-0.1284
1787918222.309216,-0.366680,-1.329377,1.438604,0.2530,-0.1284
1787918222.313746,-0.365873,-1.327606,1.439459,0.3004,-0.1284
1787918222.320251,-0.365860,-1.325919,1.438200,0.2875,-0.1284
1787918222.326891,-0.365715,-1.323909,1.437039,0.2921,-0.1284
1787918222.334001,-0.366056,-1.322091,1.435646,0.2786,-0.1284
1787918222.340293,-0.365815,-1.320382,1.434286,0.2773,-0.1284
1787918222.346986,-0.365451,-1.318730,1.433995,0.2697,-0.1284
1787918222.353790,-0.365055,-1.317104,1.434137,0.2622,-0.1284
1787918222.359901,-0.364719,-1.315287,1.433211,0.2741,-0.1284
1787918222.367020,-0.364535,-1.313560,1.432554,0.2650,-0.1284
1787918222.373309,-0.364379,-1.311865,1.432064,0.2667,-0.1284
1787918222.381131,-0.364261,-1.310010,1.430955,0.2577,-0.1284
1787918222.387103,-0.363854,-1.308378,1.431035,0.2644,-0.1284
1787918222.393252,-0.363700,-1.306552,1.431181,0.2744,-0.1167
1787918222.399853,-0.363640,-1.304602,1.430254,0.2802,-0.1167
1787918222.406797,-0.363178,-1.302870,1.430323,0.2730,-0.1167
1787918222.413553,-0.363090,-1.301329,1.429903,0.2594,-0.1167
1787918222.420051,-0.362532,-1.299607,1.429339,0.2639,-0.1167
1787918222.426661,-0.362553,-1.297821,1.428474,0.2649,-0.1167
1787918222.433317,-0.362424,-1.296062,1.427405,0.2647,-0.1167
1787918222.439901,-0.362151,-1.294182,1.426748,0.2719,-0.1167
1787918222.448613,-0.361442,-1.292606,1.427364,0.2475,-0.1167
1787918222.453201,-0.361164,-1.290910,1.426095,0.2856,-0.1167
1787918222.460188,-0.361265,-1.288957,1.424673,0.2823,-0.1167
1787918222.466741,-0.361110,-1.287262,1.423491,0.2754,-0.1167
1787918222.474597,-0.360880,-1.285308,1.422508,0.2679,-0.1167
1787918222.480672,-0.360724,-1.283492,1.421815,0.2773,-0.1167
1787918222.487143,-0.359901,-1.281760,1.421930,0.2792,-0.1167
1787918222.494872,-0.359914,-1.280021,1.420334,0.2621,-0.1085
1787918222.500492,-0.359912,-1.278194,1.419168,0.2799,-0.1085
1787918222.506913,-0.359678,-1.276284,1.417842,0.2858,-0.1085
1787918222.516800,-0.359149,-1.274521,1.417977,0.2554,-0.1085
1787918222.520271,-0.358886,-1.272595,1.417385,0.3467,-0.1085
1787918222.527378,-0.358782,-1.270886,1.416033,0.3147,-0.1085
1787918222.533333,-0.358240,-1.269200,1.415524,0.3084,-0.1085
1787918222.540699,-0.358111,-1.267281,1.414113,0.2939,-0.1085
1787918222.546741,-0.357702,-1.265487,1.413500,0.2969,-0.1085
1787918222.553401,-0.357392,-1.263708,1.412641,0.2892,-0.1085
1787918222.560799,-0.356898,-1.261857,1.412357,0.2797,-0.1085
1787918222.566958,-0.356637,-1.260326,1.411627,0.2714,-0.1085
1787918222.573359,-0.356330,-1.258694,1.411197,0.2678,-0.1085
1787918222.580094,-0.356275,-1.256836,1.409579,0.2696,-0.1085
1787918222.588952,-0.355873,-1.255114,1.409085,0.2484,-0.1085
1787918222.593284,-0.355374,-1.253365,1.408570,0.2990,-0.1085
1787918222.599832,-0.355687,-1.251611,1.406508,0.2862,-0.1586
1787918222.606724,-0.354773,-1.249896,1.406760,0.2805,-0.1586
1787918222.616737,-0.354743,-1.248032,1.405171,0.2516,-0.1586
1787918222.620433,-0.354200,-1.246563,1.405134,0.3010,-0.1586
1787918222.626525,-0.354096,-1.244714,1.403874,0.3013,-0.1586
1787918222.633575,-0.353947,-1.242908,1.402141,0.2878,-0.1586
1787918222.640190,-0.353335,-1.241073,1.402560,0.2881,-0.1586
1787918222.646848,-0.353143,-1.239425,1.401443,0.2763,-0.1586
1787918222.653947,-0.352721,-1.237620,1.400993,0.2716,-0.1586
1787918222.659949,-0.352378,-1.235905,1.400182,0.2776,-0.1586
1787918222.667284,-0.352072,-1.234287,1.399998,0.2616,-0.1586
1787918222.673507,-0.351382,-1.232413,1.399477,0.2778,-0.1586
1787918222.679804,-0.351291,-1.230674,1.398378,0.2768,-0.1586
1787918222.687268,-0.350884,-1.228838,1.398050,0.2693,-0.1586
1787918222.693650,-0.350252,-1.227013,1.398127,0.2781,-0.1586
1787918222.700351,-0.350403,-1.225166,1.396389,0.2750,-0.1439
1787918222.706674,-0.349916,-1.223279,1.396191,0.2846,-0.1439
1787918222.714418,-0.349637,-1.221456,1.395090,0.2707,-0.1439
1787918222.720219,-0.349335,-1.219432,1.394176,0.2952,-0.1439
1787918222.728229,-0.349176,-1.217709,1.393229,0.2712,-0.1439
1787918222.734113,-0.348691,-1.215965,1.392503,0.2817,-0.1439
1787918222.740533,-0.348415,-1.214052,1.391453,0.2875,-0.1439
1787918222.746667,-0.348212,-1.212272,1.390639,0.2887,-0.1439
1787918222.755746,-0.348238,-1.210353,1.388889,0.2643,-0.1439
1787918222.759947,-0.347582,-1.208634,1.388598,0.3142,-0.1439
1787918222.767235,-0.347675,-1.206767,1.386434,0.2948,-0.1439
1787918222.773229,-0.347012,-1.204949,1.386047,0.3019,-0.1439
1787918222.780266,-0.346982,-1.202989,1.384025,0.2937,-0.1439
1787918222.787825,-0.346594,-1.201314,1.383001,0.2738,-0.1439
1787918222.793670,-0.346765,-1.199232,1.381582,0.2949,-0.1439
1787918222.799742,-0.346160,-1.197526,1.380873,0.2948,-0.1292
1787918222.806443,-0.345943,-1.195660,1.379628,0.2903,-0.1292
1787918222.816123,-0.345687,-1.193887,1.378935,0.2586,-0.1292
1787918222.821487,-0.345361,-1.192344,1.378048,0.2693,-0.1292
1787918222.826471,-0.345487,-1.190297,1.376078,0.3079,-0.1292
1787918222.833540,-0.345003,-1.188727,1.375513,0.2849,-0.1292
1787918222.840209,-0.344730,-1.186842,1.374211,0.2850,-0.1292
1787918222.846622,-0.344426,-1.185240,1.373296,0.2758,-0.1292
1787918222.853623,-0.343888,-1.183505,1.372584,0.2704,-0.1292
1787918222.860075,-0.343794,-1.181725,1.370823,0.2713,-0.1292
1787918222.866300,-0.343370,-1.180059,1.369921,0.2727,-0.1292
1787918222.873563,-0.343120,-1.178248,1.369361,0.2662,-0.1292
1787918222.879981,-0.342830,-1.176568,1.368047,0.2660,-0.1292
1787918222.886507,-0.342852,-1.174726,1.366492,0.2689,-0.1292
1787918222.894549,-0.342418,-1.172935,1.365975,0.2569,-0.1108
1787918222.899808,-0.341829,-1.171341,1.365798,0.2757,-0.1108
1787918222.906713,-0.341638,-1.169359,1.364339,0.2790,-0.1108
1787918222.913284,-0.341199,-1.167720,1.363878,0.2726,-0.1108
1787918222.923100,-0.341121,-1.165839,1.362551,0.2476,-0.1108
1787918222.926911,-0.340412,-1.164186,1.362067,0.3122,-0.1108
1787918222.933372,-0.340456,-1.162178,1.360038,0.3093,-0.1108
1787918222.942668,-0.339794,-1.160316,1.359427,0.2797,-0.1108
1787918222.946808,-0.339278,-1.158591,1.359291,0.3258,-0.1108
1787918222.953871,-0.339349,-1.156578,1.356778,0.3110,-0.1108
1787918222.960736,-0.338781,-1.154895,1.356595,0.2948,-0.1108
1787918222.968622,-0.338525,-1.153106,1.355706,0.2750,-0.1108
1787918222.973292,-0.338012,-1.151295,1.354997,0.3132,-0.1108
1787918222.980976,-0.337387,-1.149484,1.354182,0.2935,-0.1108
1787918222.987230,-0.337036,-1.147615,1.353510,0.2967,-0.1108
1787918222.994212,-0.337000,-1.145698,1.351845,0.2884,-0.1108
1787918222.999635,-0.336810,-1.143713,1.350368,0.3114,-0.1647
1787918223.008585,-0.336133,-1.141909,1.349906,0.2819,-0.1647
1787918223.013541,-0.335873,-1.140198,1.348831,0.3019,-0.1647
1787918223.020604,-0.335143,-1.138503,1.348876,0.2884,-0.1647
1787918223.026740,-0.335277,-1.136656,1.347269,0.2885,-0.1647
1787918223.033226,-0.334898,-1.134874,1.346737,0.2862,-0.1647
1787918223.040291,-0.334450,-1.133076,1.346166,0.2790,-0.1647
1787918223.046877,-0.333813,-1.131423,1.346167,0.2752,-0.1647
1787918223.053277,-0.333414,-1.129671,1.345607,0.2768,-0.1647
1787918223.060271,-0.332974,-1.128156,1.345564,0.2613,-0.1647
1787918223.066284,-0.332529,-1.126450,1.345155,0.2708,-0.1647
1787918223.073942,-0.332426,-1.124726,1.343882,0.2563,-0.1647
1787918223.080067,-0.331804,-1.122876,1.343597,0.2746,-0.1647
1787918223.087047,-0.331513,-1.121194,1.343309,0.2654,-0.1647
1787918223.094938,-0.330725,-1.119663,1.343567,0.2493,-0.1572
1787918223.100502,-0.330360,-1.117907,1.343512,0.2712,-0.1572
1787918223.106499,-0.330603,-1.116019,1.341490,0.2790,-0.1572
1787918223.113663,-0.330151,-1.114224,1.341225,0.2728,-0.1572
1787918223.119795,-0.329353,-1.112824,1.341517,0.2665,-0.1572
1787918223.128844,-0.328796,-1.111060,1.340885,0.2477,-0.1572
1787918223.133615,-0.328495,-1.109391,1.340178,0.2799,-0.1572
1787918223.140280,-0.328257,-1.107625,1.339222,0.2758,-0.1572
1787918223.146570,-0.327771,-1.105966,1.338236,0.2754,-0.1572
1787918223.153524,-0.327819,-1.104272,1.336349,0.2634,-0.1572
1787918223.160472,-0.327066,-1.102427,1.335784,0.2694,-0.1572
1787918223.166891,-0.326902,-1.100474,1.334221,0.2791,-0.1572
1787918223.173728,-0.326278,-1.098822,1.333720,0.2723,-0.1572
1787918223.179972,-0.326028,-1.097125,1.332241,0.2726,-0.1572
1787918223.186910,-0.325511,-1.095440,1.331687,0.2669,-0.1572
1787918223.193608,-0.325042,-1.093746,1.330880,0.2655,-0.1474
1787918223.199739,-0.324871,-1.091897,1.329227,0.2758,-0.1474
1787918223.207085,-0.324281,-1.090292,1.328902,0.2624,-0.1474
1787918223.213066,-0.323667,-1.088500,1.328053,0.2783,-0.1474
1787918223.220620,-0.323357,-1.086734,1.326948,0.2659,-0.1474
1787918223.226407,-0.322913,-1.085044,1.325749,0.2767,-0.1474
1787918223.233368,-0.322641,-1.083400,1.324112,0.2653,-0.1474
1787918223.240569,-0.322154,-1.081582,1.323277,0.2641,-0.1474
1787918223.246784,-0.321430,-1.080207,1.322838,0.2577,-0.1474
1787918223.253711,-0.321188,-1.078324,1.321380,0.2621,-0.1474
1787918223.260214,-0.320566,-1.076711,1.320588,0.2626,-0.1474
1787918223.267766,-0.320177,-1.075111,1.319393,0.2493,-0.1474
1787918223.273435,-0.319974,-1.073396,1.317725,0.2651,-0.1474
1787918223.279806,-0.319707,-1.071760,1.316783,0.2633,-0.1474
1787918223.287933,-0.319040,-1.070170,1.316355,0.2473,-0.1474
1787918223.293510,-0.318977,-1.068447,1.314929,0.2636,-0.1279
1787918223.300585,-0.318015,-1.066952,1.314870,0.2562,-0.1279
1787918223.307138,-0.317615,-1.065319,1.314082,0.2563,-0.1279
1787918223.313149,-0.317422,-1.063830,1.312559,0.2537,-0.1279
1787918223.320138,-0.317012,-1.062132,1.311451,0.2526,-0.1279
1787918223.327407,-0.316578,-1.060615,1.310800,0.2419,-0.1279
1787918223.334858,-0.316064,-1.059081,1.310184,0.2343,-0.1279
1787918223.340484,-0.315279,-1.057450,1.309684,0.2588,-0.1279
1787918223.346359,-0.315243,-1.056037,1.308272,0.2514,-0.1279
1787918223.353292,-0.314484,-1.054462,1.307802,0.2503,-0.1279
1787918223.360401,-0.313924,-1.053098,1.307199,0.2370,-0.1279
1787918223.366543,-0.313568,-1.051311,1.306303,0.2546,-0.1279
1787918223.373624,-0.313158,-1.049936,1.305243,0.2390,-0.1279
1787918223.380185,-0.312883,-1.048214,1.303744,0.2466,-0.1279
1787918223.386581,-0.312618,-1.046530,1.302183,0.2521,-0.1279
1787918223.394130,-0.312034,-1.044998,1.301865,0.2413,-0.1805
1787918223.401932,-0.311655,-1.043254,1.300227,0.2374,-0.1805
1787918223.406843,-0.311371,-1.041613,1.298926,0.2674,-0.1805
1787918223.413880,-0.311131,-1.039933,1.297011,0.2589,-0.1805
1787918223.419940,-0.310193,-1.038387,1.297249,0.2675,-0.1805
1787918223.426663,-0.310149,-1.036757,1.295505,0.2577,-0.1805
1787918223.435065,-0.309492,-1.035149,1.294924,0.2421,-0.1805
1787918223.440909,-0.308988,-1.033547,1.293944,0.2556,-0.1805
1787918223.446777,-0.308814,-1.031878,1.292462,0.2635,-0.1805
1787918223.453321,-0.307731,-1.030285,1.292590,0.2683,-0.1805
1787918223.460338,-0.307768,-1.028387,1.290480,0.2653,-0.1805
1787918223.466668,-0.307184,-1.026745,1.290372,0.2682,-0.1805
1787918223.473132,-0.306786,-1.025177,1.288909,0.2628,-0.1805
1787918223.480267,-0.306212,-1.023601,1.288624,0.2543,-0.1805
1787918223.486765,-0.305885,-1.021888,1.287321,0.2581,-0.1805
1787918223.493279,-0.304994,-1.020341,1.287750,0.2606,-0.1645
1787918223.500308,-0.304454,-1.018722,1.287349,0.2552,-0.1645
1787918223.507050,-0.304104,-1.017000,1.286874,0.2566,-0.1645
1787918223.513494,-0.303648,-1.015388,1.285963,0.2576,-0.1645
1787918223.520293,-0.303295,-1.013869,1.285140,0.2490,-0.1645
1787918223.526588,-0.302744,-1.012244,1.284285,0.2560,-0.1645
1787918223.539030,-0.302320,-1.010674,1.283308,0.2184,-0.1645
1787918223.540972,-0.301863,-1.009058,1.282222,0.4122,-0.1645
1787918223.546725,-0.301262,-1.007422,1.281976,0.3793,-0.1645
1787918223.553554,-0.300830,-1.005938,1.280516,0.3334,-0.1645
1787918223.559962,-0.300458,-1.004184,1.279455,0.3170,-0.1645
1787918223.566988,-0.300188,-1.002542,1.277761,0.2924,-0.1645
1787918223.573269,-0.300246,-1.000839,1.275953,0.2816,-0.1645
1787918223.580255,-0.299258,-0.999389,1.275835,0.2691,-0.1645
1787918223.587118,-0.299074,-0.997783,1.274234,0.2579,-0.1645
1787918223.593491,-0.298533,-0.996208,1.273331,0.2588,-0.1524
1787918223.600158,-0.297890,-0.994717,1.272492,0.2538,-0.1524
1787918223.607232,-0.298107,-0.992837,1.270202,0.2511,-0.1524
1787918223.613055,-0.297448,-0.991416,1.269288,0.2558,-0.1524
1787918223.620566,-0.296641,-0.989867,1.268855,0.2477,-0.1524
1787918223.627307,-0.296642,-0.987974,1.266983,0.2538,-0.1524
1787918223.634865,-0.295892,-0.986520,1.266644,0.2416,-0.1524
1787918223.640863,-0.295417,-0.985035,1.264999,0.2471,-0.1524
1787918223.647188,-0.294813,-0.983403,1.264378,0.2554,-0.1524
1787918223.653495,-0.294201,-0.981789,1.262822,0.2608,-0.1524
1787918223.660168,-0.293492,-0.980339,1.262574,0.2544,-0.1524
1787918223.666579,-0.293257,-0.978770,1.260976,0.2513,-0.1524
1787918223.673571,-0.292535,-0.977217,1.260039,0.2488,-0.1524
1787918223.680329,-0.292068,-0.975624,1.258866,0.2478,-0.1524
1787918223.687209,-0.291454,-0.973997,1.258384,0.2492,-0.1524
1787918223.693208,-0.291001,-0.972358,1.256894,0.2594,-0.1524
1787918223.700470,-0.290177,-0.970761,1.256241,0.2549,-0.1290
1787918223.709447,-0.289848,-0.969000,1.254735,0.2378,-0.1290
1787918223.713868,-0.289420,-0.967298,1.253431,0.2852,-0.1290
1787918223.719817,-0.288463,-0.965896,1.253472,0.2819,-0.1290
1787918223.727043,-0.288003,-0.964213,1.252072,0.2696,-0.1290
1787918223.733246,-0.287485,-0.962732,1.251108,0.2646,-0.1290
1787918223.743647,-0.286955,-0.961159,1.249609,0.2331,-0.1290
1787918223.747409,-0.286547,-0.959621,1.248525,0.2898,-0.1290
1787918223.753482,-0.285702,-0.958006,1.247983,0.2918,-0.1290
1787918223.760287,-0.284940,-0.956622,1.247478,0.2728,-0.1290
1787918223.766624,-0.284520,-0.955122,1.245893,0.2646,-0.1290
1787918223.773262,-0.283951,-0.953502,1.245425,0.2628,-0.1290
1787918223.780539,-0.283173,-0.952070,1.244775,0.2502,-0.1290
1787918223.786558,-0.282728,-0.950430,1.243530,0.2596,-0.1290
1787918223.793252,-0.282428,-0.948684,1.241524,0.2602,-0.1784
1787918223.799778,-0.281975,-0.947169,1.240721,0.2547,-0.1784
1787918223.806931,-0.281423,-0.945596,1.239523,0.2482,-0.1784
1787918223.813766,-0.280632,-0.944246,1.239322,0.2411,-0.1784
1787918223.820745,-0.280282,-0.942492,1.237384,0.2449,-0.1784
1787918223.828673,-0.279750,-0.941186,1.236683,0.2247,-0.1784
1787918223.833951,-0.279507,-0.939602,1.235200,0.2469,-0.1784
1787918223.840447,-0.278855,-0.937896,1.234280,0.2571,-0.1784
1787918223.847760,-0.277998,-0.936699,1.234066,0.2380,-0.1784
1787918223.853465,-0.277914,-0.935014,1.231880,0.2516,-0.1784
1787918223.859922,-0.277154,-0.933313,1.231710,0.2624,-0.1784
1787918223.866502,-0.276252,-0.931852,1.231379,0.2602,-0.1784
1787918223.873938,-0.276156,-0.930222,1.229727,0.2454,-0.1784
1787918223.880592,-0.275057,-0.928600,1.230061,0.2572,-0.1784
1787918223.887027,-0.274971,-0.927045,1.228319,0.2497,-0.1784
1787918223.893172,-0.274329,-0.925502,1.227890,0.2563,-0.1619
1787918223.900144,-0.273519,-0.923870,1.227436,0.2573,-0.1619
1787918223.906845,-0.273180,-0.922224,1.226566,0.2546,-0.1619
1787918223.914877,-0.272553,-0.920787,1.225528,0.2366,-0.1619
1787918223.919846,-0.272104,-0.919056,1.224503,0.2731,-0.1619
1787918223.926653,-0.271521,-0.917450,1.223632,0.2665,-0.1619
1787918223.933813,-0.271095,-0.915585,1.222467,0.2661,-0.1619
1787918223.940308,-0.270180,-0.914210,1.222617,0.2604,-0.1619
1787918223.947315,-0.269868,-0.912534,1.220696,0.2543,-0.1619
1787918223.953171,-0.269146,-0.911012,1.219864,0.2639,-0.1619
1787918223.959944,-0.268784,-0.909268,1.218481,0.2628,-0.1619
1787918223.967761,-0.268079,-0.907664,1.217407,0.2510,-0.1619
1787918223.973309,-0.267427,-0.906264,1.216803,0.2590,-0.1619
1787918223.980122,-0.267277,-0.904388,1.214504,0.2610,-0.1619
1787918223.986855,-0.266437,-0.902755,1.213786,0.2640,-0.1619
1787918223.993105,-0.265885,-0.901117,1.212544,0.2677,-0.1619
1787918224.001987,-0.265270,-0.899533,1.211777,0.2448,-0.1448
1787918224.006608,-0.264910,-0.897789,1.209954,0.2856,-0.1448
1787918224.013050,-0.264108,-0.896165,1.209385,0.2838,-0.1448
1787918224.020425,-0.263502,-0.894365,1.208096,0.2759,-0.1448
1787918224.026510,-0.263167,-0.892811,1.207228,0.2706,-0.1448
1787918224.033296,-0.262172,-0.891287,1.206580,0.2680,-0.1448
1787918224.041599,-0.261664,-0.889669,1.205937,0.2488,-0.1448
1787918224.049800,-0.260837,-0.888261,1.205136,0.2331,-0.1448
1787918224.053281,-0.260523,-0.886639,1.203877,0.3033,-0.1448
1787918224.060251,-0.259904,-0.885205,1.202899,0.2795,-0.1448
1787918224.066559,-0.258870,-0.883681,1.202378,0.2810,-0.1448
1787918224.073654,-0.258526,-0.882086,1.201175,0.2649,-0.1448
1787918224.079784,-0.258178,-0.880364,1.199495,0.2701,-0.1448
1787918224.086948,-0.257628,-0.878776,1.198093,0.2594,-0.1448
1787918224.093614,-0.256678,-0.877339,1.198276,0.2574,-0.1259
1787918224.100033,-0.256191,-0.875652,1.196930,0.2619,-0.1259
1787918224.106914,-0.255827,-0.873886,1.195399,0.2608,-0.1259
1787918224.113330,-0.255499,-0.872284,1.194265,0.2578,-0.1259
1787918224.120940,-0.254730,-0.870756,1.193382,0.2476,-0.1259
1787918224.127082,-0.254054,-0.869237,1.192864,0.2545,-0.1259
1787918224.133083,-0.253325,-0.867766,1.192299,0.2599,-0.1259
1787918224.140181,-0.252941,-0.866192,1.191101,0.2498,-0.1259
1787918224.146464,-0.252267,-0.864708,1.189685,0.2526,-0.1259
1787918224.153235,-0.251436,-0.863308,1.189285,0.2481,-0.1259
1787918224.160011,-0.250790,-0.861568,1.188388,0.2558,-0.1259
1787918224.166338,-0.250451,-0.859801,1.186929,0.2627,-0.1259
1787918224.173756,-0.249580,-0.858176,1.186626,0.2581,-0.1259
1787918224.181124,-0.249168,-0.856637,1.185164,0.2450,-0.1259
1787918224.188190,-0.248267,-0.855094,1.184998,0.2466,-0.1259
1787918224.193763,-0.248183,-0.853229,1.183164,0.2673,-0.1570
1787918224.199665,-0.247275,-0.851750,1.182529,0.2742,-0.1570
1787918224.207260,-0.246772,-0.850067,1.181070,0.2610,-0.1570
1787918224.213780,-0.245853,-0.848480,1.181209,0.2663,-0.1570
1787918224.222953,-0.245361,-0.846978,1.179873,0.2379,-0.1570
1787918224.226716,-0.244528,-0.845363,1.179397,0.3110,-0.1570
1787918224.234478,-0.244139,-0.843599,1.177951,0.2864,-0.1570
1787918224.240397,-0.243021,-0.842163,1.177972,0.2894,-0.1570
1787918224.247022,-0.242544,-0.840349,1.177105,0.2867,-0.1570
1787918224.254339,-0.241853,-0.838816,1.176478,0.2696,-0.1570
1787918224.259811,-0.241187,-0.837221,1.175325,0.2835,-0.1570
1787918224.267488,-0.240624,-0.835349,1.174640,0.2744,-0.1570
1787918224.273959,-0.240126,-0.833855,1.173749,0.2649,-0.1570
1787918224.280101,-0.239161,-0.832426,1.173971,0.2680,-0.1570
1787918224.287131,-0.238578,-0.830728,1.172970,0.2641,-0.1570
1787918224.294150,-0.238090,-0.829427,1.172391,0.2442,-0.1436
1787918224.300450,-0.237277,-0.827837,1.172010,0.2557,-0.1436
1787918224.306387,-0.237098,-0.826101,1.170709,0.2633,-0.1436
1787918224.313271,-0.236467,-0.824474,1.169415,0.2603,-0.1436
1787918224.320250,-0.235655,-0.823032,1.168992,0.2530,-0.1436
1787918224.327132,-0.235115,-0.821214,1.167972,0.2592,-0.1436
1787918224.333616,-0.234547,-0.819695,1.167154,0.2564,-0.1436
1787918224.340585,-0.233540,-0.818255,1.166733,0.2535,-0.1436
1787918224.346837,-0.233185,-0.816632,1.165188,0.2558,-0.1436
1787918224.356715,-0.232259,-0.815110,1.164983,0.2326,-0.1436
1787918224.360193,-0.231929,-0.813463,1.163473,0.3045,-0.1436
1787918224.367172,-0.231261,-0.812079,1.162694,0.2792,-0.1436
1787918224.373654,-0.230397,-0.810532,1.161932,0.2770,-0.1436
1787918224.380330,-0.229787,-0.809211,1.161174,0.2593,-0.1436
1787918224.386560,-0.229470,-0.807312,1.159086,0.2714,-0.1436
1787918224.394298,-0.228731,-0.805713,1.158091,0.2583,-0.1300
1787918224.399892,-0.228196,-0.804060,1.156851,0.2735,-0.1300
1787918224.406813,-0.227457,-0.802662,1.156218,0.2598,-0.1300
1787918224.414748,-0.226620,-0.800934,1.155694,0.2544,-0.1300
1787918224.420224,-0.225992,-0.799342,1.154374,0.2718,-0.1300
1787918224.427157,-0.225278,-0.798016,1.153857,0.2552,-0.1300
1787918224.433172,-0.224805,-0.796288,1.152057,0.2670,-0.1300
1787918224.440366,-0.223929,-0.794917,1.152030,0.2540,-0.1300
1787918224.446528,-0.223141,-0.793542,1.151236,0.2546,-0.1300
1787918224.453570,-0.222452,-0.791983,1.150325,0.2508,-0.1300
1787918224.460525,-0.221594,-0.790487,1.149961,0.2496,-0.1300
1787918224.467376,-0.221186,-0.788932,1.148240,0.2441,-0.1300
1787918224.474262,-0.220052,-0.787543,1.148597,0.2463,-0.1300
1787918224.479813,-0.219523,-0.786045,1.147062,0.2580,-0.1300
1787918224.486444,-0.218715,-0.784410,1.146834,0.2631,-0.1300
1787918224.493505,-0.218086,-0.782694,1.145478,0.2616,-0.1300
1787918224.499984,-0.217160,-0.781218,1.145374,0.2631,-0.1401
1787918224.508196,-0.216647,-0.779790,1.143990,0.2394,-0.1401
1787918224.513471,-0.216198,-0.778145,1.142595,0.2633,-0.1401
1787918224.519915,-0.215227,-0.776568,1.142110,0.2699,-0.1401
1787918224.528573,-0.214476,-0.775245,1.141751,0.2414,-0.1401
1787918224.533304,-0.214046,-0.773684,1.140088,0.2703,-0.1401
1787918224.540651,-0.213145,-0.772166,1.139648,0.2609,-0.1401
1787918224.546799,-0.212479,-0.770691,1.138909,0.2616,-0.1401
1787918224.554427,-0.211610,-0.769269,1.138399,0.2482,-0.1401
1787918224.561474,-0.211171,-0.767774,1.137195,0.2393,-0.1401
1787918224.566659,-0.210236,-0.766134,1.136715,0.2764,-0.1401
1787918224.576227,-0.209452,-0.764754,1.135987,0.2431,-0.1401
1787918224.581624,-0.208797,-0.763208,1.135284,0.2635,-0.1401
1787918224.586796,-0.208066,-0.761620,1.134572,0.2858,-0.1401
1787918224.593532,-0.206967,-0.760104,1.134776,0.2819,-0.1401
1787918224.599956,-0.206324,-0.758424,1.133971,0.2811,-0.1219
1787918224.606498,-0.205618,-0.756979,1.133177,0.2705,-0.1219
1787918224.613522,-0.204936,-0.755551,1.132037,0.2570,-0.1219
1787918224.620406,-0.204265,-0.754003,1.130956,0.2534,-0.1219
1787918224.626499,-0.203594,-0.752524,1.130466,0.2573,-0.1219
1787918224.633502,-0.203034,-0.750992,1.128927,0.2497,-0.1219
1787918224.639862,-0.202257,-0.749480,1.128297,0.2549,-0.1219
1787918224.647159,-0.201584,-0.747712,1.126976,0.2560,-0.1219
1787918224.653470,-0.200775,-0.746281,1.126584,0.2571,-0.1219
1787918224.660254,-0.199915,-0.744668,1.125387,0.2607,-0.1219
1787918224.666939,-0.199126,-0.743245,1.124916,0.2554,-0.1219
1787918224.675367,-0.198258,-0.741753,1.124427,0.2400,-0.1219
1787918224.681026,-0.197712,-0.740161,1.123252,0.2566,-0.1219
1787918224.687186,-0.196918,-0.738559,1.121985,0.2667,-0.1219
1787918224.693689,-0.196485,-0.736914,1.120876,0.2637,-0.1219
1787918224.701706,-0.195500,-0.735357,1.120850,0.2531,-0.1062
1787918224.706889,-0.194732,-0.733987,1.119655,0.2679,-0.1062
1787918224.713739,-0.194178,-0.732233,1.118945,0.2673,-0.1062
1787918224.721371,-0.193351,-0.730878,1.118368,0.2492,-0.1062
1787918224.727316,-0.192633,-0.729321,1.117369,0.2609,-0.1062
1787918224.733524,-0.191626,-0.727841,1.117149,0.2683,-0.1062
1787918224.740220,-0.190693,-0.726296,1.116570,0.2683,-0.1062
1787918224.746706,-0.190344,-0.724903,1.115040,0.2528,-0.1062
1787918224.753719,-0.189353,-0.723469,1.115138,0.2507,-0.1062
1787918224.760325,-0.188932,-0.721776,1.113874,0.2529,-0.1062
1787918224.766744,-0.188015,-0.720283,1.113414,0.2586,-0.1062
1787918224.773173,-0.187278,-0.718869,1.112689,0.2554,-0.1062
1787918224.780523,-0.186751,-0.717103,1.111794,0.2529,-0.1062
1787918224.786271,-0.186082,-0.715300,1.110391,0.2769,-0.1062
1787918224.793614,-0.185205,-0.714012,1.110344,0.2569,-0.1062
1787918224.799956,-0.184797,-0.712149,1.108833,0.2673,-0.0906
1787918224.807430,-0.183765,-0.710533,1.108143,0.2636,-0.0906
1787918224.813486,-0.182800,-0.709279,1.108100,0.2615,-0.0906
1787918224.819756,-0.182354,-0.707888,1.106696,0.2521,-0.0906
1787918224.826669,-0.181772,-0.706333,1.105405,0.2481,-0.0906
1787918224.835452,-0.181140,-0.704703,1.104458,0.2331,-0.0906
1787918224.840544,-0.180323,-0.703353,1.103505,0.2559,-0.0906
1787918224.846710,-0.179572,-0.701891,1.102482,0.2591,-0.0906
1787918224.853503,-0.178979,-0.700467,1.101917,0.2493,-0.0906
1787918224.859826,-0.178214,-0.698942,1.101289,0.2554,-0.0906
1787918224.868734,-0.177292,-0.697263,1.100354,0.2433,-0.0906
1787918224.873593,-0.176383,-0.695969,1.100488,0.2669,-0.0906
1787918224.880173,-0.175915,-0.694295,1.099396,0.2646,-0.0906
1787918224.887019,-0.174876,-0.692589,1.098524,0.2725,-0.0906
1787918224.894074,-0.174466,-0.691020,1.097154,0.2581,-0.0906
1787918224.900576,-0.173364,-0.689689,1.097294,0.2585,-0.0919
1787918224.907019,-0.172430,-0.688097,1.096735,0.2667,-0.0919
1787918224.914186,-0.171828,-0.686383,1.095170,0.2620,-0.0919
1787918224.920436,-0.171110,-0.684930,1.094652,0.2612,-0.0919
1787918224.927058,-0.170111,-0.683390,1.094166,0.2656,-0.0919
1787918224.933504,-0.169975,-0.681926,1.092461,0.2493,-0.0919
1787918224.941199,-0.168690,-0.680354,1.092725,0.2520,-0.0919
1787918224.946824,-0.168280,-0.678919,1.090784,0.2544,-0.0919
1787918224.953602,-0.167408,-0.677375,1.090313,0.2565,-0.0919
1787918224.961207,-0.166843,-0.675743,1.089057,0.2469,-0.0919
1787918224.967005,-0.165789,-0.674064,1.088717,0.2751,-0.0919
1787918224.973549,-0.165211,-0.672209,1.087547,0.2802,-0.0919
1787918224.980250,-0.163889,-0.670968,1.088084,0.2728,-0.0919
1787918224.986956,-0.163114,-0.669213,1.087581,0.2766,-0.0919
1787918224.993252,-0.162114,-0.667753,1.087044,0.2774,-0.0919
1787918225.000183,-0.161551,-0.666146,1.086422,0.2671,-0.0733
1787918225.008545,-0.160740,-0.664640,1.085365,0.2483,-0.0733
1787918225.013479,-0.159845,-0.663161,1.085301,0.2787,-0.0733
1787918225.022256,-0.158488,-0.661946,1.086168,0.2535,-0.0733
1787918225.026671,-0.158062,-0.660341,1.084818,0.2874,-0.0733
1787918225.033234,-0.156826,-0.658958,1.085238,0.2834,-0.0733
1787918225.040923,-0.155390,-0.657591,1.085654,0.2717,-0.0733
1787918225.047434,-0.155240,-0.655824,1.083533,0.2654,-0.0733
1787918225.053218,-0.154199,-0.654347,1.083469,0.2787,-0.0733
1787918225.060667,-0.153281,-0.652777,1.082578,0.2683,-0.0733
1787918225.066342,-0.152451,-0.651089,1.081601,0.2872,-0.0733
1787918225.074267,-0.151914,-0.649485,1.080453,0.2642,-0.0733
1787918225.080370,-0.151083,-0.647852,1.079593,0.2750,-0.0733
1787918225.086862,-0.150280,-0.646239,1.078494,0.2757,-0.0733
1787918225.092968,-0.149822,-0.644704,1.077124,0.2701,-0.0733
1787918225.099758,-0.148765,-0.642999,1.076509,0.2775,-0.0577
1787918225.106840,-0.148346,-0.641324,1.075030,0.2651,-0.0577
1787918225.113099,-0.147583,-0.639707,1.073887,0.2712,-0.0577
1787918225.119708,-0.146641,-0.638264,1.073318,0.2678,-0.0577
1787918225.126572,-0.145622,-0.636607,1.072839,0.2723,-0.0577
1787918225.133136,-0.144823,-0.635167,1.072282,0.2659,-0.0577
1787918225.142733,-0.143190,-0.634185,1.074116,0.2375,-0.0577
1787918225.147784,-0.142653,-0.632439,1.072544,0.2726,-0.0577
1787918225.153533,-0.141512,-0.631031,1.072254,0.2838,-0.0577
1787918225.159959,-0.140667,-0.629324,1.071852,0.2875,-0.0577
1787918225.166415,-0.139969,-0.627736,1.071254,0.2815,-0.0577
1787918225.176340,-0.139291,-0.625890,1.069542,0.2559,-0.0577
1787918225.179909,-0.138492,-0.624432,1.069224,0.3189,-0.0577
1787918225.186960,-0.137542,-0.622693,1.068502,0.3075,-0.0577
1787918225.193401,-0.136998,-0.621012,1.067307,0.2961,-0.0577
1787918225.199866,-0.135871,-0.619574,1.067109,0.2909,-0.0427
1787918225.206422,-0.135600,-0.617518,1.065104,0.2920,-0.0427
1787918225.213440,-0.134276,-0.616115,1.065394,0.2843,-0.0427
1787918225.220411,-0.133504,-0.614478,1.064368,0.2767,-0.0427
1787918225.226417,-0.132816,-0.612762,1.063713,0.2853,-0.0427
1787918225.233809,-0.132114,-0.611204,1.062564,0.2688,-0.0427
1787918225.240447,-0.131224,-0.609688,1.061769,0.2676,-0.0427
1787918225.246772,-0.130491,-0.607862,1.061073,0.2799,-0.0427
1787918225.253606,-0.129390,-0.606529,1.061458,0.2706,-0.0427
1787918225.260409,-0.128770,-0.604681,1.060127,0.2739,-0.0427
1787918225.266811,-0.127417,-0.603254,1.060842,0.2810,-0.0427
1787918225.278712,-0.126907,-0.601557,1.059274,0.2403,-0.0427
1787918225.279626,-0.126094,-0.599696,1.058605,0.8312,-0.0427
1787918225.286807,-0.125211,-0.598148,1.058285,0.6563,-0.0427
1787918225.293397,-0.124288,-0.596540,1.057590,0.5438,-0.0427
1787918225.299860,-0.123390,-0.594890,1.057422,0.4679,-0.0383
1787918225.306762,-0.122448,-0.593336,1.056794,0.4065,-0.0383
1787918225.315740,-0.121781,-0.591662,1.056305,0.3442,-0.0383
1787918225.319906,-0.121119,-0.590015,1.055486,0.3676,-0.0383
1787918225.327008,-0.120350,-0.588338,1.054470,0.3350,-0.0383
1787918225.332996,-0.119355,-0.586824,1.054485,0.3250,-0.0383
1787918225.340311,-0.118396,-0.585324,1.054434,0.3004,-0.0383
1787918225.347760,-0.117735,-0.583506,1.053350,0.2871,-0.0383
1787918225.353377,-0.116875,-0.581849,1.052892,0.3006,-0.0383
1787918225.360055,-0.116010,-0.580206,1.052375,0.2938,-0.0383
1787918225.366622,-0.114993,-0.578570,1.051775,0.2936,-0.0383
1787918225.373414,-0.113849,-0.577342,1.052525,0.2777,-0.0383
1787918225.380781,-0.113095,-0.575404,1.051571,0.2781,-0.0383
1787918225.386925,-0.112043,-0.574173,1.051823,0.2724,-0.0383
1787918225.393463,-0.111151,-0.572423,1.050917,0.2807,-0.0306
1787918225.399651,-0.110616,-0.570654,1.049743,0.2837,-0.0306
1787918225.406632,-0.109743,-0.569205,1.049971,0.2713,-0.0306
1787918225.413297,-0.109206,-0.567378,1.048230,0.2732,-0.0306
1787918225.419961,-0.108150,-0.565750,1.048284,0.2785,-0.0306
1787918225.426640,-0.107014,-0.564375,1.048132,0.2740,-0.0306
1787918225.433322,-0.106135,-0.562730,1.047614,0.2754,-0.0306
1787918225.440027,-0.105049,-0.561110,1.047499,0.2799,-0.0306
1787918225.447279,-0.104248,-0.559565,1.047036,0.2678,-0.0306
1787918225.453533,-0.103311,-0.558055,1.046617,0.2727,-0.0306
1787918225.460016,-0.102479,-0.556459,1.046596,0.2741,-0.0306
1787918225.466889,-0.101447,-0.555030,1.046076,0.2684,-0.0306
1787918225.473807,-0.100491,-0.553430,1.046047,0.2687,-0.0306
1787918225.483047,-0.099801,-0.551913,1.045876,0.2419,-0.0306
1787918225.486844,-0.098984,-0.550217,1.045084,0.3177,-0.0306
1787918225.493290,-0.098082,-0.548624,1.044772,0.3075,-0.0218
1787918225.501415,-0.097423,-0.546934,1.043781,0.2815,-0.0218
1787918225.506560,-0.096289,-0.545201,1.044270,0.3176,-0.0218
1787918225.513312,-0.095135,-0.543639,1.044411,0.3081,-0.0218
1787918225.520788,-0.094316,-0.541977,1.043393,0.2898,-0.0218
1787918225.526547,-0.093131,-0.540594,1.044146,0.2962,-0.0218
1787918225.533606,-0.092414,-0.538980,1.043263,0.2819,-0.0218
1787918225.544375,-0.091583,-0.537229,1.042743,0.2511,-0.0218
1787918225.547227,-0.090695,-0.535756,1.042399,0.3567,-0.0218
1787918225.554120,-0.089518,-0.534420,1.043097,0.3258,-0.0218
1787918225.559830,-0.088911,-0.532663,1.041856,0.3238,-0.0218
1787918225.567029,-0.088210,-0.531114,1.041684,0.2971,-0.0218
1787918225.573577,-0.087410,-0.529475,1.040840,0.2913,-0.0218
1787918225.580867,-0.086128,-0.528014,1.041466,0.2824,-0.0218
1787918225.587028,-0.085493,-0.526128,1.040497,0.2926,-0.0218
1787918225.593497,-0.084277,-0.524415,1.040671,0.3019,-0.0218
1787918225.599999,-0.083602,-0.522747,1.040177,0.2934,-0.0161
1787918225.610020,-0.082627,-0.521275,1.039880,0.2582,-0.0161
1787918225.613385,-0.081881,-0.519520,1.038874,0.3493,-0.0161
1787918225.620313,-0.081038,-0.518027,1.038777,0.3187,-0.0161
1787918225.626593,-0.080142,-0.516487,1.038637,0.3082,-0.0161
1787918225.633278,-0.079202,-0.514849,1.038294,0.3005,-0.0161
1787918225.640861,-0.078615,-0.513119,1.037456,0.2811,-0.0161
1787918225.646737,-0.077148,-0.511883,1.038102,0.2892,-0.0161
1787918225.654622,-0.076731,-0.509990,1.036822,0.2725,-0.0161
1787918225.660697,-0.075754,-0.508473,1.036834,0.2798,-0.0161
1787918225.666605,-0.074879,-0.506849,1.036671,0.2894,-0.0161
1787918225.673457,-0.073749,-0.505287,1.036936,0.2866,-0.0161
1787918225.680060,-0.072772,-0.503907,1.037103,0.2772,-0.0161
1787918225.687958,-0.071686,-0.502325,1.037033,0.2668,-0.0161
1787918225.693496,-0.071316,-0.500412,1.035892,0.2861,-0.0147
1787918225.700369,-0.070125,-0.499078,1.036426,0.2769,-0.0147
1787918225.706432,-0.069422,-0.497416,1.035939,0.2823,-0.0147
1787918225.713492,-0.068467,-0.495854,1.035745,0.2754,-0.0147
1787918225.719670,-0.067248,-0.494360,1.036259,0.2854,-0.0147
1787918225.726817,-0.066787,-0.492557,1.035151,0.2747,-0.0147
1787918225.733532,-0.065744,-0.491136,1.035173,0.2707,-0.0147
1787918225.741124,-0.064719,-0.489351,1.034817,0.2708,-0.0147
1787918225.746584,-0.063589,-0.488049,1.035485,0.2828,-0.0147
1787918225.753831,-0.062804,-0.486392,1.035242,0.2735,-0.0147
1787918225.759919,-0.061680,-0.484949,1.035223,0.2809,-0.0147
1787918225.767021,-0.060762,-0.484525,1.037621,0.2317,-0.0147
1787918225.773216,-0.060037,-0.482974,1.037226,0.2447,-0.0147
1787918225.780076,-0.059309,-0.481224,1.036519,0.2534,-0.0147
1787918225.790255,-0.057968,-0.480070,1.037968,0.2268,-0.0147
1787918225.793408,-0.057385,-0.478507,1.036962,0.3150,-0.0147
1787918225.799988,-0.056374,-0.477093,1.037145,0.2994,-0.0143
1787918225.806493,-0.055471,-0.475337,1.036977,0.3005,-0.0143
1787918225.812943,-0.054707,-0.473498,1.036156,0.3021,-0.0143
1787918225.820310,-0.053982,-0.472086,1.035810,0.2759,-0.0143
1787918225.827728,-0.052992,-0.470360,1.035520,0.2736,-0.0143
1787918225.834131,-0.051953,-0.468835,1.035612,0.2778,-0.0143
1787918225.840167,-0.051050,-0.467411,1.035661,0.2782,-0.0143
1787918225.847789,-0.050346,-0.465721,1.034909,0.2661,-0.0143
1787918225.853266,-0.049235,-0.464198,1.035193,0.2891,-0.0143
1787918225.860692,-0.048366,-0.462825,1.034841,0.2680,-0.0143
1787918225.866756,-0.047863,-0.461184,1.033942,0.2701,-0.0143
1787918225.873255,-0.046623,-0.459576,1.034325,0.2821,-0.0143
1787918225.880160,-0.045561,-0.458186,1.034408,0.2730,-0.0143
1787918225.886507,-0.044983,-0.456598,1.033893,0.2695,-0.0143
1787918225.893538,-0.043747,-0.455021,1.033755,0.2735,-0.0114
1787918225.900449,-0.043010,-0.453290,1.032795,0.2723,-0.0114
1787918225.906420,-0.042306,-0.451506,1.032679,0.2857,-0.0114
1787918225.914853,-0.041480,-0.449739,1.032209,0.2691,-0.0114
1787918225.920560,-0.040349,-0.448145,1.031891,0.2908,-0.0114
1787918225.926926,-0.039177,-0.446919,1.032819,0.2814,-0.0114
1787918225.933309,-0.038262,-0.445208,1.032540,0.2881,-0.0114
1787918225.939858,-0.037365,-0.443666,1.032202,0.2834,-0.0114
1787918225.947818,-0.036697,-0.442168,1.031767,0.2598,-0.0114
1787918225.953707,-0.035374,-0.440932,1.032620,0.2704,-0.0114
1787918225.962084,-0.034502,-0.439372,1.032522,0.2533,-0.0114
1787918225.967303,-0.033664,-0.437663,1.031977,0.2863,-0.0114
1787918225.973211,-0.032681,-0.436156,1.031837,0.2917,-0.0114
1787918225.980650,-0.031968,-0.434370,1.031664,0.2808,-0.0114
1787918225.986656,-0.031047,-0.432710,1.031096,0.2913,-0.0114
1787918225.996164,-0.029707,-0.431509,1.032217,0.2581,-0.0087
1787918226.000954,-0.029182,-0.429788,1.031691,0.2901,-0.0087
1787918226.007022,-0.028376,-0.428142,1.031221,0.2933,-0.0087
1787918226.013103,-0.027119,-0.426667,1.031894,0.2996,-0.0087
1787918226.020412,-0.026503,-0.425016,1.031088,0.2809,-0.0087
1787918226.026326,-0.025550,-0.423406,1.031155,0.2915,-0.0087
1787918226.033766,-0.024677,-0.421786,1.030878,0.2782,-0.0087
1787918226.040882,-0.023830,-0.420204,1.030455,0.2703,-0.0087
1787918226.046421,-0.023099,-0.418853,1.030555,0.2723,-0.0087
1787918226.053025,-0.022236,-0.417001,1.029231,0.2829,-0.0087
1787918226.059964,-0.021185,-0.415518,1.029525,0.2764,-0.0087
1787918226.066745,-0.019980,-0.413942,1.029603,0.2807,-0.0087
1787918226.073763,-0.019569,-0.412334,1.028775,0.2645,-0.0087
1787918226.080188,-0.017925,-0.411001,1.029984,0.2780,-0.0087
1787918226.087830,-0.017334,-0.409318,1.028990,0.2632,-0.0087
1787918226.093549,-0.016366,-0.407680,1.028901,0.2840,-0.0067
1787918226.099858,-0.015575,-0.405965,1.028674,0.2881,-0.0067
1787918226.106708,-0.014673,-0.404641,1.028600,0.2717,-0.0067
1787918226.113370,-0.013681,-0.402915,1.028517,0.2798,-0.0067
1787918226.120198,-0.012948,-0.401285,1.028078,0.2738,-0.0067
1787918226.127030,-0.011901,-0.399633,1.027736,0.2775,-0.0067
1787918226.135038,-0.010635,-0.398282,1.028359,0.2621,-0.0067
1787918226.139799,-0.010189,-0.396448,1.027263,0.2970,-0.0067
1787918226.146855,-0.009108,-0.394876,1.027100,0.2888,-0.0067
1787918226.153345,-0.007769,-0.393396,1.027382,0.2927,-0.0067
1787918226.159995,-0.007004,-0.391792,1.027363,0.2847,-0.0067
1787918226.167698,-0.005992,-0.390209,1.027374,0.2724,-0.0067
1787918226.173218,-0.005010,-0.388478,1.026920,0.2988,-0.0067
1787918226.180603,-0.004051,-0.386878,1.027003,0.2850,-0.0067
1787918226.186719,-0.003439,-0.385141,1.026117,0.2879,-0.0067
1787918226.193317,-0.002583,-0.383727,1.026048,0.2767,-0.0067
1787918226.201066,-0.001506,-0.382130,1.026473,0.2682,-0.0041
1787918226.206444,-0.000437,-0.380629,1.026469,0.2902,-0.0041
1787918226.213598,0.000572,-0.379243,1.026884,0.2748,-0.0041
1787918226.221036,0.001570,-0.377613,1.026832,0.2694,-0.0041
1787918226.226620,0.002238,-0.375848,1.026047,0.2883,-0.0041
1787918226.233762,0.003375,-0.374514,1.026409,0.2745,-0.0041
1787918226.239757,0.004283,-0.372752,1.025768,0.2911,-0.0041
1787918226.247861,0.005360,-0.371194,1.025934,0.2737,-0.0041
1787918226.253640,0.006047,-0.369597,1.025313,0.2810,-0.0041
1787918226.260197,0.006906,-0.368197,1.025244,0.2718,-0.0041
1787918226.269032,0.008092,-0.366640,1.025212,0.2564,-0.0041
1787918226.273509,0.008981,-0.365137,1.024813,0.2965,-0.0041
1787918226.282111,0.009821,-0.363536,1.024898,0.2705,-0.0041
1787918226.287148,0.011174,-0.362072,1.025367,0.3057,-0.0041
1787918226.293185,0.011933,-0.360374,1.024301,0.3056,-0.0041
1787918226.302231,0.012754,-0.358859,1.024406,0.2710,-0.0012
1787918226.306733,0.013865,-0.357311,1.024462,0.3163,-0.0012
1787918226.320311,0.014408,-0.355530,1.023280,0.2613,-0.0012
1787918226.323051,0.017665,-0.354838,1.026710,0.4323,-0.0012
1787918226.327082,0.018452,-0.353144,1.025962,0.4408,-0.0012
1787918226.333259,0.019427,-0.351531,1.025755,0.4001,-0.0012
1787918226.340211,0.020339,-0.349833,1.024900,0.3631,-0.0012
1787918226.346343,0.021391,-0.348483,1.025321,0.3373,-0.0012
1787918226.353649,0.022622,-0.346976,1.025501,0.3153,-0.0012
1787918226.359736,0.023389,-0.345315,1.024722,0.3103,-0.0012
1787918226.366774,0.024644,-0.343996,1.025479,0.2930,-0.0012
1787918226.374192,0.025376,-0.342330,1.024816,0.2780,-0.0012
1787918226.380021,0.026234,-0.340631,1.024009,0.2923,-0.0012
1787918226.386994,0.027246,-0.339096,1.024315,0.2837,-0.0012
1787918226.393242,0.028126,-0.337281,1.023421,0.2950,-0.0012
1787918226.400894,0.028716,-0.335385,1.022479,0.2820,0.0101
1787918226.406579,0.029912,-0.334108,1.023229,0.2878,0.0101
1787918226.413529,0.030858,-0.332348,1.022939,0.2875,0.0101
1787918226.420265,0.031976,-0.330841,1.023220,0.2845,0.0101
1787918226.426931,0.032494,-0.329130,1.021940,0.2770,0.0101
1787918226.434693,0.034048,-0.327772,1.023213,0.2700,0.0101
1787918226.444690,0.034589,-0.326024,1.022108,0.2422,0.0101
1787918226.450682,0.035803,-0.324660,1.022574,0.2595,0.0101
1787918226.453360,0.036682,-0.322923,1.022484,0.3990,0.0101
1787918226.459785,0.037636,-0.321429,1.022379,0.3621,0.0101
1787918226.467339,0.038604,-0.319994,1.022340,0.3221,0.0101
1787918226.476253,0.039254,-0.318212,1.021590,0.2881,0.0101
1787918226.479897,0.040476,-0.316599,1.022296,0.3674,0.0101
1787918226.486502,0.041041,-0.314635,1.021058,0.3467,0.0101
1787918226.493428,0.041989,-0.313039,1.020948,0.3231,0.0128
1787918226.500473,0.043338,-0.311577,1.021532,0.3093,0.0128
1787918226.509564,0.044200,-0.309915,1.020803,0.2781,0.0128
1787918226.513499,0.045212,-0.308253,1.021263,0.3430,0.0128
1787918226.519885,0.046050,-0.306829,1.020929,0.3177,0.0128
1787918226.526533,0.047097,-0.305199,1.021303,0.3098,0.0128
1787918226.533396,0.048015,-0.303684,1.021254,0.2943,0.0128
1787918226.540709,0.048918,-0.301920,1.021083,0.2871,0.0128
1787918226.546855,0.049804,-0.300399,1.020718,0.2868,0.0128
1787918226.553427,0.050842,-0.298841,1.021092,0.2862,0.0128
1787918226.559731,0.051799,-0.297231,1.021026,0.2895,0.0128
1787918226.568846,0.053049,-0.295769,1.021845,0.2651,0.0128
1787918226.576252,0.053894,-0.293785,1.020875,0.2720,0.0128
1787918226.580714,0.055040,-0.292613,1.021723,0.2978,0.0128
1787918226.587183,0.055902,-0.290740,1.020796,0.3034,0.0128
1787918226.593361,0.056816,-0.289033,1.020832,0.3063,0.0145
1787918226.599583,0.057746,-0.287534,1.020885,0.2994,0.0145
1787918226.609511,0.058667,-0.286001,1.020762,0.2636,0.0145
1787918226.613059,0.059932,-0.284699,1.021424,0.3343,0.0145
1787918226.620040,0.060668,-0.282856,1.020573,0.3181,0.0145
1787918226.626949,0.061666,-0.281157,1.020698,0.3082,0.0145
1787918226.633202,0.062721,-0.279647,1.020787,0.3039,0.0145
1787918226.640157,0.063634,-0.278012,1.020634,0.2935,0.0145
1787918226.648738,0.064792,-0.276523,1.021118,0.2710,0.0145
1787918226.653078,0.066090,-0.275357,1.021643,0.3053,0.0145
1787918226.660918,0.066856,-0.273408,1.020984,0.2926,0.0145
1787918226.667132,0.067863,-0.272185,1.021362,0.2806,0.0145
1787918226.673921,0.068689,-0.270195,1.020655,0.2904,0.0145
1787918226.680268,0.069718,-0.268662,1.021091,0.2905,0.0145
1787918226.688249,0.070604,-0.267155,1.020945,0.2691,0.0145
1787918226.693794,0.071250,-0.265312,1.020645,0.2916,0.0145
1787918226.700313,0.072218,-0.263773,1.020219,0.2878,0.0168
1787918226.713572,0.073196,-0.262230,1.020417,0.2428,0.0168
1787918226.715610,0.074111,-0.260586,1.020361,0.4467,0.0168
1787918226.720561,0.075067,-0.258909,1.020108,0.4296,0.0168
1787918226.726978,0.076420,-0.257445,1.020959,0.3921,0.0168
1787918226.733733,0.076645,-0.256219,1.020882,0.3261,0.0168
1787918226.740258,0.077844,-0.254568,1.020709,0.3218,0.0168
1787918226.749424,0.078727,-0.252887,1.020557,0.2873,0.0168
1787918226.753607,0.079572,-0.251358,1.020602,0.3262,0.0168
1787918226.759881,0.080442,-0.249804,1.020439,0.3135,0.0168
1787918226.766883,0.081366,-0.248064,1.019527,0.3037,0.0168
1787918226.773243,0.082398,-0.246323,1.019692,0.3080,0.0168
1787918226.781445,0.083214,-0.244931,1.019720,0.2746,0.0168
1787918226.786926,0.084226,-0.243136,1.019483,0.3049,0.0168
1787918226.793286,0.085108,-0.241580,1.020031,0.2978,0.0147
1787918226.800485,0.085876,-0.239947,1.019488,0.2832,0.0147
1787918226.808815,0.086931,-0.238465,1.020009,0.2636,0.0147
1787918226.814963,0.087539,-0.236618,1.018956,0.2768,0.0147
1787918226.820705,0.088357,-0.234967,1.018618,0.2896,0.0147
1787918226.826568,0.089473,-0.233553,1.019087,0.2943,0.0147
1787918226.834121,0.090570,-0.231796,1.019139,0.2883,0.0147
1787918226.840370,0.092071,-0.230842,1.021086,0.2785,0.0147
1787918226.846609,0.092360,-0.228823,1.019259,0.2849,0.0147
1787918226.854718,0.093706,-0.227467,1.020083,0.2682,0.0147
1787918226.859912,0.094542,-0.226090,1.020291,0.2808,0.0147
1787918226.866680,0.095748,-0.224576,1.020561,0.2817,0.0147
1787918226.873620,0.096682,-0.222851,1.020433,0.2819,0.0147
1787918226.879838,0.097452,-0.221511,1.020808,0.2718,0.0147
1787918226.886967,0.098771,-0.220151,1.021607,0.2681,0.0147
1787918226.893429,0.099013,-0.217941,1.019382,0.2810,0.0129
1787918226.900029,0.100384,-0.216514,1.020336,0.2845,0.0129
1787918226.906817,0.101444,-0.215225,1.021045,0.2722,0.0129
1787918226.916651,0.102008,-0.213503,1.020124,0.2443,0.0129
1787918226.920009,0.103289,-0.211969,1.020386,0.3478,0.0129
1787918226.927136,0.104631,-0.210457,1.020877,0.3272,0.0129
1787918226.933306,0.105433,-0.208971,1.020693,0.3110,0.0129
1787918226.940555,0.106310,-0.207605,1.020833,0.2849,0.0129
1787918226.946393,0.106978,-0.205876,1.020357,0.2931,0.0129
1787918226.954200,0.108133,-0.204456,1.020839,0.2749,0.0129
1787918226.960268,0.109072,-0.202857,1.020217,0.2841,0.0129
1787918226.966523,0.110094,-0.201430,1.020959,0.2828,0.0129
1787918226.975171,0.111153,-0.199995,1.020945,0.2596,0.0129
1787918226.980136,0.111858,-0.198042,1.020356,0.3046,0.0129
1787918226.987863,0.113230,-0.196676,1.021296,0.2862,0.0129
1787918226.993510,0.114382,-0.195408,1.021674,0.2898,0.0129
1787918226.999727,0.115193,-0.193488,1.020990,0.3023,0.0147
1787918227.007127,0.115996,-0.191935,1.020749,0.2823,0.0147
1787918227.013911,0.117161,-0.190485,1.021095,0.2792,0.0147
1787918227.019943,0.118036,-0.188893,1.020658,0.2857,0.0147
1787918227.026914,0.118835,-0.187226,1.020293,0.2791,0.0147
1787918227.033155,0.120056,-0.185926,1.020945,0.2793,0.0147
1787918227.041502,0.120698,-0.184109,1.020267,0.2633,0.0147
1787918227.046823,0.121631,-0.182426,1.019472,0.2927,0.0147
1787918227.053515,0.123151,-0.181294,1.021131,0.2837,0.0147
1787918227.060260,0.123693,-0.179439,1.020001,0.2815,0.0147
1787918227.067044,0.124911,-0.177733,1.019617,0.2895,0.0147
1787918227.073168,0.126136,-0.176286,1.019988,0.2945,0.0147
1787918227.081094,0.127031,-0.174416,1.019733,0.2842,0.0147
1787918227.088384,0.128304,-0.172914,1.019957,0.2790,0.0147
1787918227.093261,0.129074,-0.171302,1.019597,0.3046,0.0147
1787918227.100233,0.129956,-0.169551,1.019137,0.2973,0.0183
1787918227.106388,0.131133,-0.168116,1.019294,0.2977,0.0183
1787918227.113816,0.131607,-0.166311,1.018566,0.2805,0.0183
1787918227.122951,0.132457,-0.164745,1.018659,0.2548,0.0183
1787918227.127783,0.133983,-0.163405,1.019446,0.2989,0.0183
1787918227.133555,0.135157,-0.162058,1.019518,0.3008,0.0183
1787918227.139965,0.135677,-0.159907,1.018487,0.3090,0.0183
1787918227.146677,0.136809,-0.158324,1.018247,0.3031,0.0183
1787918227.153639,0.138182,-0.156991,1.018832,0.2921,0.0183
1787918227.160017,0.139257,-0.155438,1.019144,0.2932,0.0183
1787918227.166912,0.138605,-0.153180,1.016800,0.2739,0.0183
1787918227.173487,0.139641,-0.151608,1.016290,0.2776,0.0183
1787918227.180146,0.140515,-0.149947,1.016334,0.2786,0.0183
1787918227.186947,0.141172,-0.148392,1.015613,0.2686,0.0183
1787918227.193260,0.141821,-0.146563,1.014952,0.2781,0.0201
1787918227.199909,0.143035,-0.145217,1.015395,0.2752,0.0201
1787918227.207177,0.143891,-0.143729,1.015361,0.2634,0.0201
1787918227.213101,0.145042,-0.141909,1.015200,0.2935,0.0201
1787918227.220406,0.145974,-0.140571,1.014845,0.2723,0.0201
1787918227.226828,0.146765,-0.138588,1.014362,0.2888,0.0201
1787918227.233134,0.148071,-0.137150,1.015069,0.2930,0.0201
1787918227.240145,0.148655,-0.135325,1.013490,0.2846,0.0201
1787918227.246786,0.149873,-0.134103,1.014472,0.2752,0.0201
1787918227.253909,0.150912,-0.132410,1.014304,0.2763,0.0201
1787918227.261427,0.151486,-0.130861,1.013418,0.2580,0.0201
1787918227.267135,0.152716,-0.129355,1.013808,0.2819,0.0201
1787918227.273655,0.153762,-0.127941,1.014064,0.2780,0.0201
1787918227.281535,0.154515,-0.126413,1.013728,0.2591,0.0201
1787918227.286717,0.155325,-0.124505,1.012451,0.2999,0.0201
1787918227.294683,0.156497,-0.122873,1.012598,0.2855,0.0249
1787918227.300100,0.157201,-0.121124,1.011506,0.3026,0.0249
1787918227.307146,0.158416,-0.119679,1.011740,0.2914,0.0249
1787918227.313354,0.159264,-0.117700,1.011208,0.3068,0.0249
1787918227.319990,0.160237,-0.116436,1.011600,0.2865,0.0249
1787918227.326900,0.161204,-0.114528,1.010996,0.2931,0.0249
1787918227.333075,0.162308,-0.113205,1.011246,0.2881,0.0249
1787918227.341309,0.162977,-0.111535,1.010532,0.2662,0.0249
1787918227.346568,0.164206,-0.110150,1.011173,0.2905,0.0249
1787918227.354633,0.164892,-0.108318,1.010413,0.2746,0.0249
1787918227.359910,0.166467,-0.107279,1.011733,0.2898,0.0249
1787918227.368760,0.167202,-0.105310,1.011037,0.2727,0.0249
1787918227.373680,0.167929,-0.103703,1.010410,0.2974,0.0249
1787918227.380517,0.169243,-0.102203,1.010764,0.2946,0.0249
1787918227.386557,0.170303,-0.100663,1.011026,0.2990,0.0249
1787918227.395548,0.171326,-0.098950,1.010956,0.2758,0.0298
1787918227.399959,0.172073,-0.097227,1.010131,0.3194,0.0298
1787918227.406672,0.173362,-0.095783,1.010964,0.3088,0.0298
1787918227.413526,0.173986,-0.093917,1.009525,0.2998,0.0298
1787918227.420495,0.175258,-0.092534,1.010092,0.2894,0.0298
1787918227.428668,0.176105,-0.090758,1.009388,0.2743,0.0298
1787918227.433775,0.177012,-0.089021,1.008818,0.3068,0.0298
1787918227.440867,0.178450,-0.087576,1.008881,0.2989,0.0298
1787918227.447296,0.179397,-0.085924,1.008806,0.2980,0.0298
1787918227.453285,0.180275,-0.084482,1.008444,0.2931,0.0298
1787918227.460012,0.181659,-0.082961,1.008711,0.2955,0.0298
1787918227.467039,0.182565,-0.081433,1.008453,0.2827,0.0298
1787918227.473557,0.183071,-0.079536,1.008357,0.2841,0.0298
1787918227.480500,0.184001,-0.077981,1.007913,0.2772,0.0298
1787918227.486701,0.185062,-0.076225,1.007353,0.2932,0.0298
1787918227.494212,0.186075,-0.074742,1.007399,0.2769,0.0362
1787918227.500133,0.186873,-0.073032,1.007199,0.2888,0.0362
1787918227.506399,0.187960,-0.071589,1.007223,0.2883,0.0362
1787918227.513614,0.189250,-0.069893,1.007270,0.2901,0.0362
1787918227.519964,0.190380,-0.068253,1.007138,0.2971,0.0362
1787918227.532754,0.191252,-0.066510,1.006587,0.2534,0.0362
1787918227.534696,0.192604,-0.065122,1.007319,0.4703,0.0362
1787918227.543522,0.193861,-0.063554,1.007461,0.3971,0.0362
1787918227.547119,0.194441,-0.061701,1.006281,0.4344,0.0362
1787918227.555012,0.196085,-0.060276,1.007097,0.3832,0.0362
1787918227.559847,0.196763,-0.058693,1.006656,0.3738,0.0362
1787918227.568696,0.197671,-0.056987,1.006437,0.3270,0.0362
1787918227.573782,0.198657,-0.055343,1.006014,0.3419,0.0362
1787918227.579829,0.199411,-0.053490,1.005317,0.3370,0.0362
1787918227.589142,0.200517,-0.051990,1.005672,0.2958,0.0362
1787918227.593366,0.201797,-0.050290,1.005443,0.3577,0.0428
1787918227.600612,0.202381,-0.048713,1.004780,0.3185,0.0428
1787918227.607285,0.203532,-0.046928,1.004521,0.3184,0.0428
1787918227.613240,0.204920,-0.045474,1.005301,0.3222,0.0428
1787918227.620394,0.205320,-0.043290,1.003029,0.3118,0.0428
1787918227.626537,0.206945,-0.041876,1.004245,0.3191,0.0428
1787918227.633578,0.207575,-0.039936,1.003041,0.3075,0.0428
1787918227.640483,0.209039,-0.038763,1.004769,0.2924,0.0428
1787918227.646755,0.209737,-0.036794,1.003022,0.3020,0.0428
1787918227.653349,0.210797,-0.035140,1.003326,0.3008,0.0428
1787918227.660542,0.211625,-0.033363,1.003281,0.2916,0.0428
1787918227.667322,0.212683,-0.031598,1.002954,0.2951,0.0428
1787918227.674058,0.213726,-0.030027,1.002821,0.2906,0.0428
1787918227.680336,0.214411,-0.028308,1.002456,0.2902,0.0428
1787918227.686707,0.215950,-0.026981,1.003988,0.2948,0.0428
1787918227.694447,0.216877,-0.025245,1.003259,0.2824,0.0428
1787918227.700181,0.218078,-0.023923,1.004113,0.2898,0.0479
1787918227.706407,0.218620,-0.021747,1.002902,0.3053,0.0479
1787918227.713955,0.219578,-0.019967,1.002674,0.2938,0.0479
1787918227.719903,0.220525,-0.018096,1.002062,0.3109,0.0479
1787918227.727005,0.221641,-0.016534,1.002368,0.2986,0.0479
1787918227.736228,0.222566,-0.015077,1.003113,0.2652,0.0479
1787918227.739995,0.223121,-0.013072,1.001871,0.3440,0.0479
1787918227.747070,0.224868,-0.011767,1.003100,0.3273,0.0479
1787918227.753877,0.225721,-0.010397,1.003499,0.3002,0.0479
1787918227.759981,0.226845,-0.008672,1.003313,0.3113,0.0479
1787918227.767134,0.227658,-0.007009,1.002798,0.2951,0.0479
1787918227.773353,0.228901,-0.005494,1.003309,0.3004,0.0479
1787918227.780457,0.229590,-0.003837,1.003095,0.2849,0.0479
1787918227.787066,0.230896,-0.002282,1.003317,0.2908,0.0479
1787918227.793732,0.231779,-0.000663,1.003319,0.2864,0.0479
1787918227.799690,0.232590,0.001185,1.002247,0.3009,0.0468
1787918227.807381,0.233466,0.002772,1.002380,0.2812,0.0468
1787918227.813144,0.234345,0.004442,1.002039,0.2947,0.0468
1787918227.820046,0.235654,0.005985,1.002518,0.2935,0.0468
1787918227.826768,0.236797,0.007747,1.002619,0.2991,0.0468
1787918227.832992,0.237758,0.009100,1.002507,0.2893,0.0468
1787918227.840441,0.238854,0.010751,1.002231,0.2823,0.0468
1787918227.846848,0.239812,0.012484,1.001885,0.2901,0.0468
1787918227.853140,0.240715,0.014155,1.001611,0.2934,0.0468
1787918227.860374,0.241650,0.015407,1.002382,0.2700,0.0468
1787918227.866374,0.242772,0.017198,1.001983,0.2947,0.0468
1787918227.875987,0.243894,0.018543,1.002337,0.2605,0.0468
1787918227.880329,0.244279,0.020527,1.000874,0.3121,0.0468
1787918227.886701,0.245506,0.022013,1.001344,0.3086,0.0468
1787918227.893674,0.246509,0.023547,1.001104,0.2948,0.0468
1787918227.900299,0.247842,0.025261,1.001417,0.3043,0.0507
1787918227.907811,0.248589,0.026921,1.001170,0.2849,0.0507
1787918227.913826,0.249500,0.028505,1.000947,0.2905,0.0507
1787918227.920259,0.250418,0.030569,0.999878,0.3075,0.0507
1787918227.926747,0.251499,0.032019,1.000231,0.2986,0.0507
1787918227.933231,0.252144,0.033838,0.999390,0.2960,0.0507
1787918227.940785,0.253205,0.035520,0.999362,0.2862,0.0507
1787918227.946623,0.254272,0.037205,0.999210,0.3028,0.0507
1787918227.953259,0.254997,0.038874,0.998624,0.2931,0.0507
1787918227.959562,0.256237,0.040600,0.998925,0.3062,0.0507
1787918227.967058,0.257214,0.042418,0.998308,0.2967,0.0507
1787918227.975621,0.258298,0.043845,0.999326,0.2703,0.0507
1787918227.980433,0.259281,0.045534,0.999183,0.3109,0.0507
1787918227.986798,0.260540,0.046955,1.000280,0.3060,0.0507
1787918227.994413,0.260824,0.049160,0.998487,0.2933,0.0507
1787918228.000241,0.262129,0.050627,0.999526,0.3052,0.0535
1787918228.006880,0.263277,0.052152,0.999785,0.2996,0.0535
1787918228.014047,0.263711,0.053984,0.999139,0.2840,0.0535
1787918228.020770,0.265055,0.055399,1.000180,0.2844,0.0535
1787918228.026438,0.266165,0.056829,1.000393,0.2945,0.0535
1787918228.033444,0.267106,0.058515,1.000459,0.2887,0.0535
1787918228.043211,0.268078,0.060058,1.000850,0.2581,0.0535
1787918228.047261,0.269336,0.061662,1.000925,0.3310,0.0535
1787918228.053206,0.270014,0.063394,1.000583,0.3237,0.0535
1787918228.060119,0.271498,0.064930,1.001257,0.3175,0.0535
1787918228.067237,0.271971,0.066667,1.000369,0.2946,0.0535
1787918228.073381,0.272917,0.068447,1.000577,0.3043,0.0535
1787918228.080733,0.274013,0.070077,1.000462,0.2932,0.0535
1787918228.086742,0.275125,0.071421,1.000760,0.2917,0.0535
1787918228.093995,0.276275,0.072907,1.001270,0.2816,0.0535
1787918228.100935,0.276995,0.074875,1.000407,0.2855,0.0515
1787918228.106566,0.278277,0.076253,1.001077,0.2985,0.0515
1787918228.114099,0.279137,0.077861,1.000873,0.2814,0.0515
1787918228.120655,0.280277,0.079373,1.001765,0.2833,0.0515
1787918228.127271,0.281020,0.080982,1.001486,0.2780,0.0515
1787918228.133322,0.282378,0.082301,1.002602,0.2859,0.0515
1787918228.140732,0.283143,0.084396,1.001383,0.2883,0.0515
1787918228.148775,0.284094,0.085788,1.001871,0.2646,0.0515
1787918228.153658,0.285270,0.087622,1.001540,0.3191,0.0515
1787918228.160118,0.286172,0.089372,1.000625,0.3144,0.0515
1787918228.167066,0.288375,0.090246,1.003592,0.3030,0.0515
1787918228.173258,0.288957,0.092314,1.002374,0.3117,0.0515
1787918228.180107,0.290435,0.093686,1.003061,0.3037,0.0515
1787918228.187603,0.291690,0.095327,1.003041,0.2950,0.0515
1787918228.195959,0.292595,0.097249,1.002484,0.2821,0.0531
1787918228.203870,0.293558,0.098818,1.001959,0.2673,0.0531
1787918228.206618,0.294605,0.100567,1.001648,0.4095,0.0531
1787918228.214998,0.295748,0.101926,1.002695,0.3497,0.0531
1787918228.220486,0.296387,0.103698,1.002011,0.3452,0.0531
1787918228.226466,0.297643,0.105344,1.002270,0.3451,0.0531
1787918228.233301,0.298600,0.106943,1.002269,0.3234,0.0531
1787918228.240092,0.299852,0.108630,1.002684,0.3190,0.0531
1787918228.247978,0.300351,0.110638,1.001380,0.2978,0.0531
1787918228.253343,0.301916,0.111843,1.002343,0.3124,0.0531
1787918228.260167,0.302793,0.113791,1.001819,0.3116,0.0531
1787918228.266609,0.304394,0.114955,1.003804,0.3039,0.0531
1787918228.274251,0.305246,0.116798,1.002738,0.2917,0.0531
1787918228.282240,0.306576,0.118440,1.003519,0.2830,0.0531
1787918228.286728,0.307418,0.120178,1.003416,0.3264,0.0531
1787918228.293148,0.308524,0.121727,1.003513,0.3173,0.0531
1787918228.300564,0.309298,0.123643,1.002969,0.3043,0.0568
1787918228.306588,0.310349,0.125156,1.002809,0.3047,0.0568
1787918228.313362,0.311462,0.126870,1.003143,0.3038,0.0568
1787918228.319756,0.311943,0.128722,1.001953,0.2980,0.0568
1787918228.326789,0.313532,0.130010,1.003186,0.2913,0.0568
1787918228.333447,0.314158,0.132150,1.001903,0.3004,0.0568
1787918228.340792,0.315300,0.133586,1.002237,0.2848,0.0568
1787918228.352497,0.316209,0.135441,1.001133,0.2520,0.0568
1787918228.354452,0.317372,0.137154,1.001165,0.4941,0.0568
1787918228.360923,0.318287,0.138775,1.000886,0.4320,0.0568
1787918228.366693,0.319342,0.140437,1.001176,0.4047,0.0568
1787918228.373971,0.320385,0.142171,1.000862,0.3667,0.0568
1787918228.380474,0.321074,0.143890,1.000538,0.3406,0.0568
1787918228.387809,0.322379,0.145427,1.000835,0.3201,0.0568
1787918228.393813,0.322983,0.147286,0.999932,0.3186,0.0601
1787918228.400041,0.324100,0.148772,1.000144,0.3123,0.0601
1787918228.408332,0.325012,0.150567,1.000268,0.2911,0.0601
1787918228.413539,0.326500,0.151942,1.000776,0.3167,0.0601
1787918228.420534,0.327275,0.153781,1.000323,0.3060,0.0601
1787918228.426798,0.328418,0.155413,1.000707,0.3096,0.0601
1787918228.433527,0.329584,0.157100,1.001097,0.3081,0.0601
1787918228.439760,0.330428,0.158652,1.000750,0.3004,0.0601
1787918228.446781,0.331986,0.160218,1.001747,0.3025,0.0601
1787918228.453463,0.332714,0.162018,1.001037,0.2975,0.0601
1787918228.460344,0.333770,0.163549,1.001210,0.2893,0.0601
1787918228.466569,0.334478,0.165411,1.000424,0.2964,0.0601
1787918228.473388,0.336095,0.166700,1.001812,0.2936,0.0601
1787918228.480043,0.337031,0.168590,1.001411,0.3001,0.0601
1787918228.487189,0.338405,0.169988,1.002553,0.2905,0.0601
1787918228.493269,0.339357,0.171578,1.002279,0.2948,0.0849
1787918228.501007,0.340191,0.173439,1.001837,0.2846,0.0849
1787918228.506557,0.341176,0.175153,1.001530,0.3059,0.0849
1787918228.513020,0.341800,0.177144,1.000690,0.3076,0.0849
1787918228.522194,0.343202,0.178581,1.001424,0.2796,0.0849
1787918228.527008,0.343883,0.180571,1.000524,0.3231,0.0849
1787918228.533205,0.345024,0.181991,1.001015,0.3138,0.0849
1787918228.540270,0.345753,0.184065,1.000297,0.3105,0.0849
1787918228.546266,0.347146,0.185274,1.001299,0.3059,0.0849
1787918228.555240,0.348023,0.187174,1.000691,0.2834,0.0849
1787918228.560194,0.349330,0.188710,1.001464,0.3193,0.0849
1787918228.566989,0.350125,0.190481,1.000921,0.3084,0.0849
1787918228.573358,0.351595,0.191910,1.001958,0.3098,0.0849
1787918228.580837,0.352125,0.193902,1.000711,0.2956,0.0849
1787918228.586269,0.353093,0.195449,1.000841,0.3077,0.0849
1787918228.593908,0.354417,0.197147,1.001484,0.2996,0.0849
1787918228.600444,0.355370,0.198828,1.001104,0.2983,0.0893
1787918228.606756,0.356560,0.200521,1.001267,0.3070,0.0893
1787918228.613467,0.357160,0.202372,1.000879,0.2991,0.0893
1787918228.621181,0.358548,0.203844,1.001114,0.2867,0.0893
1787918228.626861,0.359524,0.205599,1.001141,0.3065,0.0893
1787918228.633629,0.361366,0.206746,1.003064,0.3013,0.0893
1787918228.642581,0.361983,0.208555,1.002376,0.2731,0.0893
1787918228.646893,0.363435,0.210125,1.002929,0.3377,0.0893
1787918228.657888,0.364219,0.211689,1.002381,0.2838,0.0893
1787918228.660683,0.365262,0.213518,1.002434,0.4244,0.0893
1787918228.666610,0.366531,0.215081,1.002918,0.3983,0.0893
1787918228.674296,0.367395,0.216859,1.002105,0.3555,0.0893
1787918228.680509,0.368221,0.218718,1.001822,0.3459,0.0893
1787918228.686960,0.369169,0.220285,1.002183,0.3273,0.0893
1787918228.697059,0.370355,0.221908,1.001964,0.2887,0.0940
1787918228.700622,0.371313,0.223782,1.002073,0.3785,0.0940
1787918228.706445,0.372861,0.225171,1.002841,0.3682,0.0940
1787918228.715324,0.373588,0.226927,1.002816,0.3210,0.0940
1787918228.720145,0.371947,0.231666,0.994497,0.4163,0.0940
1787918228.728373,0.373508,0.232698,0.996290,0.3539,0.0940
1787918228.733546,0.374142,0.235021,0.994526,0.3808,0.0940
1787918228.740297,0.375161,0.236595,0.994983,0.3498,0.0940
1787918228.746854,0.376177,0.238565,0.993892,0.3458,0.0940
1787918228.753542,0.377299,0.240201,0.994427,0.3310,0.0940
1787918228.760365,0.378048,0.242033,0.993512,0.3172,0.0940
1787918228.766752,0.379685,0.243486,0.994660,0.3211,0.0940
1787918228.773555,0.380393,0.245410,0.993677,0.3130,0.0940
1787918228.779704,0.381713,0.246767,0.994625,0.3096,0.0940
1787918228.786819,0.382613,0.248771,0.994083,0.3083,0.0940
1787918228.793481,0.383623,0.250336,0.994162,0.2997,0.0940
1787918228.800245,0.384508,0.252244,0.993303,0.3021,0.0959
1787918228.806790,0.385837,0.253890,0.994015,0.3080,0.0959
1787918228.812773,0.386878,0.255749,0.993717,0.3222,0.0959
1787918228.820237,0.388120,0.257317,0.994441,0.3055,0.0959
1787918228.829177,0.389105,0.259212,0.993996,0.2852,0.0959
1787918228.833524,0.390263,0.261002,0.994626,0.3468,0.0959
1787918228.840400,0.390869,0.262879,0.993459,0.3258,0.0959
1787918228.846555,0.392137,0.264698,0.993550,0.3361,0.0959
1787918228.853356,0.393276,0.266398,0.994321,0.3255,0.0959
1787918228.862390,0.394316,0.268007,0.994746,0.2915,0.0959
1787918228.866389,0.395195,0.269764,0.994728,0.3505,0.0959
1787918228.873465,0.396034,0.271652,0.994517,0.3318,0.0959
1787918228.879867,0.396794,0.273573,0.993908,0.3271,0.0959
1787918228.886922,0.397890,0.275419,0.994168,0.3202,0.0959
1787918228.893420,0.398539,0.277289,0.993451,0.3128,0.1376
1787918228.900008,0.399607,0.279306,0.993841,0.3225,0.1376
1787918228.906273,0.400621,0.281135,0.993257,0.3256,0.1376
1787918228.913540,0.401730,0.282613,0.993934,0.3041,0.1376
1787918228.919889,0.402815,0.284319,0.993976,0.3084,0.1376
1787918228.932093,0.403788,0.286228,0.993978,0.2682,0.1376
1787918228.933992,0.404882,0.287705,0.994293,0.4776,0.1376
1787918228.941020,0.406194,0.289275,0.995285,0.4210,0.1376
1787918228.946713,0.407157,0.290891,0.994874,0.3938,0.1376
1787918228.953504,0.408444,0.292673,0.995542,0.3726,0.1376
1787918228.959758,0.409431,0.294117,0.995578,0.3447,0.1376
1787918228.967270,0.410094,0.296213,0.994682,0.3259,0.1376
1787918228.973034,0.411268,0.297867,0.995061,0.3336,0.1376
1787918228.982630,0.412565,0.299541,0.994997,0.2995,0.1376
1787918228.987024,0.413462,0.301235,0.994891,0.3400,0.1376
1787918228.996227,0.414537,0.303222,0.994071,0.3114,0.1431
1787918229.003012,0.415224,0.304948,0.993632,0.2985,0.1431
1787918229.006705,0.416673,0.306622,0.993904,0.3872,0.1431
1787918229.012914,0.417590,0.308113,0.993740,0.3555,0.1431
1787918229.020589,0.418419,0.310063,0.993116,0.3304,0.1431
1787918229.026706,0.419703,0.311642,0.993306,0.3306,0.1431
1787918229.035345,0.420686,0.313232,0.993391,0.2963,0.1431
1787918229.039813,0.421764,0.315298,0.992785,0.3631,0.1431
1787918229.046902,0.422870,0.316620,0.993354,0.3266,0.1431
1787918229.053122,0.423477,0.318821,0.992474,0.3335,0.1431
1787918229.060438,0.424300,0.320425,0.991913,0.3070,0.1431
1787918229.077799,0.425614,0.322208,0.992151,0.2531,0.1431
1787918229.101527,0.426583,0.323926,0.992613,0.2021,0.1519
1787918229.103585,0.427182,0.325950,0.991358,0.4361,0.1519
1787918229.105325,0.428738,0.327480,0.992528,0.6728,0.1519
1787918229.107052,0.429705,0.329278,0.992558,0.8243,0.1519
1787918229.108708,0.430710,0.330971,0.992528,0.9336,0.1519
1787918229.110400,0.431034,0.333240,0.991332,1.0214,0.1519
1787918229.113307,0.432497,0.334498,0.992780,0.9063,0.1519
1787918229.120295,0.433341,0.336456,0.992329,0.7246,0.1519
1787918229.126750,0.435083,0.337730,0.994049,0.6010,0.1519
1787918229.133201,0.435958,0.339381,0.994141,0.5072,0.1519
1787918229.140563,0.437157,0.340936,0.994972,0.4348,0.1519
1787918229.146592,0.437987,0.343025,0.994572,0.4141,0.1519
1787918229.156437,0.439446,0.344425,0.995717,0.3498,0.1519
1787918229.159625,0.440116,0.346308,0.995376,0.4278,0.1519
1787918229.169538,0.441516,0.347890,0.996582,0.3627,0.1519
1787918229.173719,0.442247,0.349660,0.996244,0.3890,0.1519
1787918229.180042,0.443065,0.351586,0.996291,0.3701,0.1519
1787918229.186340,0.444510,0.352979,0.997359,0.3521,0.1519
1787918229.192871,0.445294,0.354801,0.997781,0.3363,0.1519
1787918229.200302,0.446256,0.356518,0.997844,0.3148,0.2075
1787918229.207044,0.447886,0.357888,0.999169,0.3108,0.2075
1787918229.213783,0.448542,0.359903,0.998730,0.3088,0.2075
1787918229.220037,0.449339,0.361703,0.998635,0.3095,0.2075
1787918229.227519,0.450256,0.363568,0.998384,0.2994,0.2075
1787918229.234161,0.451456,0.365361,0.999056,0.3070,0.2075
1787918229.240787,0.452248,0.366989,0.999026,0.2963,0.2075
1787918229.246725,0.453459,0.368543,0.999631,0.3065,0.2075
1787918229.253641,0.454438,0.370433,0.999843,0.3065,0.2075
1787918229.259742,0.455492,0.372006,1.000027,0.3076,0.2075
1787918229.267115,0.456596,0.373758,1.000133,0.2996,0.2075
1787918229.273930,0.457943,0.375199,1.001545,0.2951,0.2075
1787918229.279815,0.458926,0.376922,1.001309,0.3076,0.2075
1787918229.287491,0.459996,0.378872,1.001240,0.3020,0.2075
1787918229.293357,0.461359,0.380418,1.001517,0.3156,0.2106
1787918229.299867,0.461901,0.382544,1.000335,0.3168,0.2106
1787918229.306291,0.462793,0.384384,1.000155,0.3166,0.2106
1787918229.313568,0.463883,0.385990,1.000465,0.3016,0.2106
1787918229.319928,0.465056,0.387677,1.000913,0.3080,0.2106
1787918229.326745,0.465985,0.389354,1.001076,0.2998,0.2106
1787918229.333506,0.466975,0.391270,1.000982,0.3051,0.2106
1787918229.342601,0.468216,0.392809,1.002230,0.2784,0.2106
1787918229.346553,0.469293,0.394459,1.002580,0.3444,0.2106
1787918229.353425,0.470535,0.396312,1.003454,0.3385,0.2106
1787918229.360856,0.472013,0.397578,1.004566,0.3121,0.2106
1787918229.368424,0.472771,0.399646,1.004166,0.3037,0.2106
1787918229.375391,0.473667,0.401465,1.004111,0.2994,0.2106
1787918229.380001,0.474995,0.403239,1.005173,0.3534,0.2106
1787918229.388790,0.476009,0.404754,1.006047,0.3096,0.2106
1787918229.393595,0.476831,0.406611,1.006042,0.3421,0.2106
1787918229.399836,0.478180,0.408368,1.006994,0.3455,0.2133
1787918229.407032,0.479034,0.410333,1.006568,0.3301,0.2133
1787918229.413113,0.480373,0.411578,1.007834,0.3183,0.2133
1787918229.420975,0.481296,0.413782,1.007190,0.3127,0.2133
1787918229.426500,0.482308,0.415318,1.008027,0.3188,0.2133
1787918229.433455,0.483127,0.417423,1.007082,0.3187,0.2133
1787918229.439968,0.484654,0.418863,1.008396,0.3167,0.2133
1787918229.446611,0.484722,0.421015,1.006690,0.3055,0.2133
1787918229.453547,0.486332,0.422699,1.007883,0.3126,0.2133
1787918229.468739,0.486823,0.424716,1.007241,0.2577,0.2133
1787918229.470661,0.487882,0.426055,1.008587,0.4453,0.2133
1787918229.476846,0.489144,0.427870,1.009027,0.4189,0.2133
1787918229.480080,0.490328,0.429368,1.010367,0.4693,0.2133
1787918229.487591,0.490947,0.431158,1.010118,0.4022,0.2133
1787918229.493309,0.491791,0.433030,1.010865,0.3882,0.2133
1787918229.499935,0.492858,0.434701,1.011357,0.3615,0.2529
1787918229.506634,0.493547,0.436485,1.011465,0.3372,0.2529
1787918229.514344,0.494566,0.438246,1.012080,0.3151,0.2529
1787918229.519780,0.496027,0.439837,1.013163,0.3378,0.2529
1787918229.527086,0.496785,0.441661,1.012886,0.3165,0.2529
1787918229.534340,0.498320,0.443017,1.014574,0.3027,0.2529
1787918229.540823,0.498982,0.444991,1.014209,0.3056,0.2529
1787918229.547127,0.499682,0.446727,1.014173,0.3017,0.2529
1787918229.554299,0.500495,0.448578,1.014567,0.2949,0.2529
1787918229.559760,0.501062,0.450502,1.014190,0.3126,0.2529
1787918229.566792,0.502233,0.452010,1.015024,0.2999,0.2529
1787918229.573224,0.503095,0.453713,1.015394,0.2986,0.2529
1787918229.581938,0.504034,0.455501,1.015897,0.2784,0.2529
1787918229.586691,0.505014,0.457028,1.016109,0.3094,0.2529
1787918229.593084,0.506145,0.458881,1.016800,0.3184,0.2527
1787918229.599985,0.506004,0.461128,1.014530,0.3026,0.2527
1787918229.606598,0.507334,0.462612,1.015761,0.3008,0.2527
1787918229.617093,0.508445,0.464245,1.016589,0.2670,0.2527
1787918229.622352,0.509584,0.465905,1.017208,0.3016,0.2527
1787918229.626521,0.510174,0.467608,1.017343,0.3377,0.2527
1787918229.633429,0.511522,0.469276,1.018580,0.3288,0.2527
1787918229.640519,0.512120,0.471101,1.018359,0.3091,0.2527
1787918229.650246,0.513717,0.472578,1.020334,0.2810,0.2527
1787918229.654059,0.513673,0.474794,1.018807,0.3433,0.2527
1787918229.659905,0.515110,0.476322,1.020541,0.3457,0.2527
1787918229.666385,0.516202,0.477787,1.021618,0.3263,0.2527
1787918229.673859,0.517620,0.479504,1.022550,0.3169,0.2527
1787918229.681658,0.518022,0.481370,1.022435,0.2911,0.2527
1787918229.686646,0.519398,0.482857,1.023917,0.3232,0.2527
1787918229.693040,0.520590,0.484519,1.024996,0.3219,0.2527
1787918229.700035,0.521445,0.486575,1.025180,0.3198,0.2494
1787918229.707070,0.521982,0.488404,1.025361,0.3023,0.2494
1787918229.713578,0.523047,0.490473,1.025912,0.3187,0.2494
1787918229.719814,0.523943,0.491892,1.026780,0.3038,0.2494
1787918229.726813,0.525406,0.493307,1.028149,0.2970,0.2494
1787918229.732974,0.526295,0.495330,1.028608,0.3146,0.2494
1787918229.740735,0.527687,0.496895,1.029526,0.2998,0.2494
1787918229.746910,0.528695,0.498364,1.030702,0.2962,0.2494
1787918229.753234,0.529710,0.500376,1.030654,0.3140,0.2494
1787918229.759828,0.530414,0.502202,1.031317,0.3075,0.2494
1787918229.766698,0.531420,0.503804,1.032112,0.2979,0.2494
1787918229.773196,0.532553,0.505497,1.033029,0.3024,0.2494
1787918229.784459,0.533692,0.507117,1.033938,0.2643,0.2494
1787918229.787612,0.534719,0.508684,1.034488,0.3631,0.2494
1787918229.793735,0.535612,0.510552,1.035314,0.3552,0.2502
1787918229.800213,0.536329,0.512308,1.035229,0.3355,0.2502
1787918229.806720,0.537559,0.514169,1.036008,0.3376,0.2502
1787918229.813563,0.538064,0.515933,1.036180,0.3142,0.2502
1787918229.821436,0.538769,0.517803,1.036123,0.2949,0.2502
1787918229.827449,0.539893,0.519235,1.037048,0.2964,0.2502
1787918229.833599,0.541440,0.520910,1.038672,0.3162,0.2502
1787918229.841831,0.542000,0.522681,1.038573,0.2873,0.2502
1787918229.846741,0.543100,0.524422,1.039291,0.3269,0.2502
1787918229.853744,0.544262,0.526248,1.040299,0.3215,0.2502
1787918229.859923,0.544593,0.528160,1.039900,0.3132,0.2502
1787918229.867036,0.545759,0.529790,1.041311,0.3034,0.2502
1787918229.873169,0.546544,0.531534,1.041387,0.3054,0.2502
1787918229.880066,0.547550,0.533524,1.042247,0.3106,0.2502
1787918229.887002,0.548551,0.535024,1.043311,0.2953,0.2502
1787918229.892956,0.549833,0.536850,1.044250,0.3187,0.2892
1787918229.900354,0.550557,0.538653,1.044432,0.3011,0.2892
1787918229.906445,0.551776,0.540360,1.045712,0.3136,0.2892
1787918229.913800,0.552132,0.542284,1.045824,0.2947,0.2892
1787918229.919753,0.552931,0.543950,1.046264,0.2991,0.2892
1787918229.927273,0.554017,0.545912,1.047055,0.2988,0.2892
1787918229.933189,0.554891,0.547593,1.047680,0.3051,0.2892
1787918229.940601,0.556181,0.549082,1.049640,0.2919,0.2892
1787918229.946440,0.556693,0.551241,1.049344,0.3136,0.2892
1787918229.955622,0.557988,0.552912,1.051169,0.2879,0.2892
1787918229.959984,0.558406,0.554811,1.050522,0.3292,0.2892
1787918229.966484,0.559080,0.556603,1.051403,0.3176,0.2892
1787918229.973577,0.560173,0.558329,1.052374,0.3087,0.2892
1787918229.980124,0.561045,0.560090,1.052739,0.3059,0.2892
1787918229.988759,0.562043,0.561825,1.053815,0.2837,0.2892
1787918229.993714,0.563239,0.563689,1.054679,0.3325,0.2843
1787918229.999706,0.563608,0.565542,1.055022,0.3226,0.2843
1787918230.007260,0.564577,0.567249,1.056121,0.3038,0.2843
1787918230.013662,0.565077,0.569166,1.056474,0.3024,0.2843
1787918230.020004,0.566457,0.570582,1.058125,0.3021,0.2843
1787918230.026589,0.567248,0.572302,1.059026,0.2974,0.2843
1787918230.033313,0.567919,0.574232,1.058946,0.2979,0.2843
1787918230.040596,0.568888,0.575675,1.060277,0.2799,0.2843
1787918230.048369,0.569169,0.577705,1.059942,0.2696,0.2843
1787918230.053987,0.570233,0.579352,1.060952,0.2932,0.2843
1787918230.061159,0.571047,0.581087,1.061274,0.2852,0.2843
1787918230.066487,0.571880,0.582738,1.062633,0.3037,0.2843
1787918230.073265,0.572833,0.584623,1.062626,0.3060,0.2843
1787918230.080317,0.573586,0.586064,1.064211,0.2833,0.2843
1787918230.086534,0.574117,0.588145,1.063999,0.2986,0.2843
1787918230.093386,0.575714,0.589495,1.066670,0.2945,0.2754
1787918230.100256,0.575998,0.591541,1.065881,0.2904,0.2754
1787918230.106548,0.577273,0.593186,1.067506,0.3013,0.2754
1787918230.113836,0.577892,0.594928,1.067814,0.2860,0.2754
1787918230.120041,0.578233,0.596810,1.068012,0.2879,0.2754
1787918230.128669,0.579149,0.598549,1.068943,0.2699,0.2754
1787918230.133299,0.580242,0.600104,1.070359,0.3113,0.2754
1787918230.139650,0.580919,0.602140,1.070949,0.3176,0.2754
1787918230.146867,0.581923,0.603727,1.071621,0.3003,0.2754
1787918230.153264,0.582691,0.605542,1.072557,0.3021,0.2754
1787918230.163266,0.583076,0.607556,1.072756,0.2701,0.2754
1787918230.167213,0.584357,0.608933,1.075020,0.3274,0.2754
1787918230.173332,0.585148,0.610725,1.075963,0.3250,0.2754
1787918230.180792,0.585773,0.612469,1.076649,0.3011,0.2754
1787918230.186952,0.586799,0.614368,1.077610,0.3159,0.2754
1787918230.194829,0.587557,0.616024,1.079033,0.2904,0.3328
1787918230.200065,0.588205,0.617903,1.079504,0.3156,0.3328
1787918230.206581,0.588800,0.619629,1.080341,0.3040,0.3328
1787918230.213131,0.589902,0.621178,1.081836,0.2991,0.3328
1787918230.219946,0.590721,0.623121,1.082664,0.3018,0.3328
1787918230.226354,0.591326,0.624817,1.082943,0.2947,0.3328
1787918230.233604,0.592409,0.626469,1.084552,0.2877,0.3328
1787918230.240125,0.592548,0.628568,1.083716,0.2897,0.3328
1787918230.246663,0.593484,0.629926,1.085700,0.2779,0.3328
1787918230.253622,0.594771,0.631668,1.086812,0.2869,0.3328
1787918230.262700,0.594950,0.633630,1.086558,0.2609,0.3328
1787918230.266856,0.595711,0.635491,1.087174,0.3271,0.3328
1787918230.273488,0.596578,0.636902,1.088574,0.3037,0.3328
1787918230.279710,0.597218,0.639041,1.088246,0.3183,0.3328
1787918230.286608,0.597556,0.640714,1.088940,0.2941,0.3328
1787918230.296840,0.599138,0.642222,1.090874,0.2665,0.3274
1787918230.300475,0.599069,0.644518,1.089414,0.3518,0.3274
1787918230.306951,0.600123,0.646127,1.090933,0.3349,0.3274
1787918230.313096,0.600950,0.647993,1.091573,0.3339,0.3274
1787918230.319992,0.601698,0.649568,1.092822,0.3096,0.3274
1787918230.327035,0.602716,0.650820,1.094450,0.2839,0.3274
1787918230.333430,0.603801,0.652568,1.096286,0.2950,0.3274
1787918230.340920,0.604475,0.654411,1.096751,0.2845,0.3274
1787918230.346611,0.605691,0.655740,1.098974,0.2907,0.3274
1787918230.353559,0.606569,0.657934,1.099548,0.3051,0.3274
1787918230.360276,0.607680,0.659135,1.102082,0.2839,0.3274
1787918230.366883,0.607784,0.661153,1.102009,0.2825,0.3274
1787918230.372971,0.609335,0.662490,1.104663,0.2910,0.3274
1787918230.380543,0.609764,0.664587,1.104833,0.2856,0.3274
1787918230.386697,0.610358,0.666282,1.106352,0.2867,0.3274
1787918230.393328,0.611705,0.667847,1.107918,0.2913,0.3274
1787918230.400283,0.612360,0.669545,1.109142,0.2821,0.3148
1787918230.406678,0.613182,0.670914,1.110691,0.2721,0.3148
1787918230.413660,0.614340,0.672771,1.112232,0.2840,0.3148
1787918230.420399,0.614642,0.674697,1.112631,0.2816,0.3148
1787918230.426834,0.615320,0.676357,1.113869,0.2806,0.3148
1787918230.435833,0.616211,0.677953,1.115387,0.2573,0.3148
1787918230.440459,0.617216,0.679415,1.116956,0.2939,0.3148
1787918230.446343,0.618244,0.680878,1.118802,0.2957,0.3148
1787918230.453570,0.618822,0.682751,1.119273,0.2874,0.3148
1787918230.459673,0.619611,0.684697,1.120170,0.3042,0.3148
1787918230.468266,0.620775,0.685780,1.122461,0.2646,0.3148
1787918230.473114,0.621090,0.687667,1.122352,0.2989,0.3148
1787918230.479730,0.621510,0.689476,1.123149,0.2914,0.3148
1787918230.486638,0.622395,0.690942,1.124202,0.2780,0.3148
1787918230.493223,0.622989,0.692732,1.124874,0.2799,0.3148
1787918230.501301,0.623825,0.694547,1.125392,0.2701,0.3952
1787918230.506624,0.624428,0.696160,1.126557,0.2858,0.3952
1787918230.513215,0.625082,0.698019,1.126917,0.2892,0.3952
1787918230.519551,0.625778,0.699464,1.128037,0.2784,0.3952
1787918230.527052,0.626617,0.700999,1.129207,0.2647,0.3952
1787918230.533564,0.627254,0.703058,1.129818,0.2836,0.3952
1787918230.540428,0.628093,0.704724,1.130568,0.2800,0.3952
1787918230.546461,0.628609,0.706663,1.130949,0.2942,0.3952
1787918230.553100,0.629431,0.708091,1.132247,0.2801,0.3952
1787918230.560548,0.629982,0.709764,1.132741,0.2665,0.3952
1787918230.566809,0.631003,0.711152,1.134545,0.2675,0.3952
1787918230.573303,0.631611,0.712864,1.135155,0.2708,0.3952
1787918230.580855,0.632481,0.714616,1.136846,0.2673,0.3952
1787918230.587002,0.632504,0.716669,1.136016,0.2784,0.3952
1787918230.593447,0.633466,0.718331,1.137210,0.2839,0.3952
1787918230.605252,0.634197,0.719513,1.138447,0.2338,0.3871
1787918230.607186,0.634319,0.721812,1.137503,0.4953,0.3871
1787918230.612957,0.635685,0.723040,1.139470,0.4344,0.3871
1787918230.621283,0.635842,0.725068,1.139785,0.3728,0.3871
1787918230.626488,0.636498,0.727127,1.140171,0.3846,0.3871
1787918230.633412,0.637295,0.728789,1.141308,0.3491,0.3871
1787918230.640686,0.638119,0.730023,1.143483,0.3047,0.3871
1787918230.646472,0.639322,0.731371,1.145718,0.3027,0.3871
1787918230.653498,0.639581,0.733394,1.146101,0.2951,0.3871
1787918230.660726,0.640415,0.735074,1.147421,0.2844,0.3871
1787918230.666642,0.641215,0.736622,1.149036,0.2873,0.3871
1787918230.673802,0.641894,0.738423,1.149994,0.2816,0.3871
1787918230.679814,0.642107,0.740189,1.150784,0.2819,0.3871
1787918230.687032,0.643387,0.741590,1.153108,0.2721,0.3871
1787918230.693284,0.644308,0.743284,1.155148,0.2827,0.3871
1787918230.700368,0.644709,0.745175,1.155456,0.2780,0.3889
1787918230.706188,0.645124,0.746817,1.156518,0.2807,0.3889
1787918230.713805,0.645635,0.748563,1.157082,0.2675,0.3889
1787918230.719954,0.646319,0.750188,1.158303,0.2733,0.3889
1787918230.728663,0.647461,0.751758,1.160094,0.2566,0.3889
1787918230.733637,0.647711,0.753477,1.160770,0.2807,0.3889
1787918230.740314,0.648362,0.755088,1.161747,0.2746,0.3889
1787918230.746428,0.648354,0.756734,1.162144,0.2662,0.3889
1787918230.753233,0.649272,0.758574,1.163394,0.2768,0.3889
1787918230.760117,0.649788,0.760150,1.164532,0.2657,0.3889
1787918230.766446,0.650601,0.761708,1.166194,0.2691,0.3889
1787918230.774676,0.651430,0.763609,1.166969,0.2640,0.3889
1787918230.781450,0.651542,0.764900,1.167764,0.2393,0.3889
1787918230.786463,0.652069,0.766557,1.168892,0.2711,0.3889
1787918230.793992,0.652438,0.768468,1.169543,0.2656,0.3791
1787918230.799680,0.652895,0.770249,1.170064,0.2818,0.3791
1787918230.807888,0.653895,0.771574,1.172304,0.2561,0.3791
1787918230.813709,0.654308,0.773107,1.173298,0.2603,0.3791
1787918230.820142,0.654874,0.774595,1.174549,0.2565,0.3791
1787918230.826545,0.655229,0.776265,1.175235,0.2581,0.3791
1787918230.833054,0.656086,0.777746,1.176828,0.2589,0.3791
1787918230.840332,0.656162,0.779578,1.177334,0.2522,0.3791
1787918230.846632,0.656800,0.780983,1.178800,0.2499,0.3791
1787918230.853400,0.657423,0.782333,1.180153,0.2408,0.3791
1787918230.859962,0.658279,0.783805,1.181987,0.2457,0.3791
1787918230.866485,0.657930,0.785714,1.181417,0.2471,0.3791
1787918230.873339,0.658761,0.787334,1.183446,0.2524,0.3791
1787918230.879976,0.659678,0.788870,1.185021,0.2566,0.3791
1787918230.886837,0.659807,0.790549,1.185704,0.2498,0.3791
1787918230.893239,0.660886,0.791582,1.188294,0.2386,0.4643
1787918230.899918,0.661239,0.793245,1.189001,0.2423,0.4643
1787918230.906862,0.662101,0.794715,1.190700,0.2424,0.4643
1787918230.913306,0.662289,0.796653,1.190991,0.2567,0.4643
1787918230.920410,0.662887,0.798147,1.192496,0.2476,0.4643
1787918230.926442,0.663537,0.799370,1.194198,0.2418,0.4643
1787918230.933200,0.664499,0.800994,1.196103,0.2520,0.4643
1787918230.940206,0.664431,0.802869,1.196048,0.2500,0.4643
1787918230.947971,0.665226,0.804284,1.197787,0.2371,0.4643
1787918230.953052,0.665755,0.806037,1.198704,0.2738,0.4643
1787918230.959616,0.666069,0.808229,1.198668,0.2902,0.4643
1787918230.970129,0.666323,0.809615,1.199929,0.2426,0.4643
1787918230.973621,0.667915,0.810855,1.203285,0.3184,0.4643
1787918230.980590,0.668090,0.812739,1.203458,0.3013,0.4643
1787918230.986369,0.668629,0.814421,1.204564,0.3025,0.4643
1787918230.993462,0.668826,0.816064,1.204739,0.2796,0.4643
1787918231.000396,0.669520,0.817425,1.206518,0.2614,0.4587
1787918231.006898,0.669721,0.819392,1.206784,0.2711,0.4587
1787918231.013915,0.670614,0.820847,1.208692,0.2615,0.4587
1787918231.019873,0.671223,0.822482,1.210088,0.2709,0.4587
1787918231.026983,0.672019,0.824075,1.211395,0.2643,0.4587
1787918231.033432,0.672346,0.825638,1.212466,0.2585,0.4587
1787918231.040046,0.672548,0.827297,1.213235,0.2546,0.4587
1787918231.047671,0.672918,0.829174,1.214023,0.2525,0.4587
1787918231.052891,0.673712,0.830453,1.216306,0.2615,0.4587
1787918231.060821,0.674489,0.831955,1.218500,0.2466,0.4587
1787918231.067028,0.675017,0.833370,1.219942,0.2456,0.4587
1787918231.073541,0.675386,0.834990,1.221225,0.2478,0.4587
1787918231.082006,0.675719,0.836586,1.222457,0.2307,0.4587
1787918231.086447,0.676226,0.838203,1.224494,0.2759,0.4587
1787918231.093597,0.676778,0.839773,1.226121,0.2629,0.4441
1787918231.100304,0.677096,0.841234,1.227875,0.2504,0.4441
1787918231.107103,0.677795,0.842761,1.229701,0.2491,0.4441
1787918231.116454,0.677833,0.844552,1.230591,0.2289,0.4441
1787918231.119858,0.678046,0.846075,1.231925,0.2930,0.4441
1787918231.126970,0.678569,0.847555,1.233421,0.2714,0.4441
1787918231.133605,0.679199,0.848816,1.236020,0.2531,0.4441
1787918231.140208,0.679584,0.850323,1.237687,0.2476,0.4441
1787918231.146827,0.679813,0.852285,1.238837,0.2608,0.4441
1787918231.153457,0.680138,0.854152,1.240123,0.2672,0.4441
1787918231.159961,0.680190,0.855598,1.241848,0.2510,0.4441
1787918231.167377,0.681466,0.856762,1.245162,0.2368,0.4441
1787918231.173777,0.681515,0.858651,1.246198,0.2504,0.4441
1787918231.179950,0.682117,0.860290,1.248363,0.2601,0.4441
1787918231.186906,0.681938,0.862305,1.248344,0.2620,0.4441
1787918231.193144,0.682909,0.863676,1.251360,0.2607,0.4441
1787918231.199947,0.683894,0.865173,1.254075,0.2587,0.4190
1787918231.206602,0.684214,0.866817,1.255829,0.2560,0.4190
1787918231.213558,0.684557,0.868836,1.257142,0.2666,0.4190
1787918231.220235,0.684556,0.870283,1.258330,0.2485,0.4190
1787918231.226273,0.685687,0.871699,1.260891,0.2581,0.4190
1787918231.233542,0.685699,0.873685,1.261469,0.2589,0.4190
1787918231.240466,0.685639,0.875500,1.262586,0.2554,0.4190
1787918231.246597,0.685604,0.877368,1.263524,0.2654,0.4190
1787918231.255084,0.686797,0.878723,1.266358,0.2441,0.4190
1787918231.260203,0.687240,0.880187,1.268081,0.2605,0.4190
1787918231.266828,0.687098,0.882079,1.268440,0.2622,0.4190
1787918231.275739,0.687383,0.883846,1.269742,0.2432,0.4190
1787918231.279930,0.687504,0.885514,1.271091,0.2869,0.4190
1787918231.287618,0.688434,0.886782,1.273351,0.2588,0.4190
1787918231.293463,0.688671,0.888438,1.274891,0.2660,0.4190
1787918231.300927,0.689086,0.890134,1.276069,0.2562,0.5005
1787918231.306651,0.688722,0.891865,1.276517,0.2607,0.5005
1787918231.313314,0.689246,0.893379,1.278111,0.2546,0.5005
1787918231.319861,0.690045,0.894612,1.280965,0.2428,0.5005
1787918231.326926,0.690413,0.896323,1.282280,0.2440,0.5005
1787918231.333151,0.690379,0.898070,1.283303,0.2511,0.5005
1787918231.340367,0.689215,0.900066,1.282040,0.2416,0.5005
1787918231.346920,0.690118,0.901350,1.284498,0.2372,0.5005
1787918231.353327,0.690763,0.902689,1.286240,0.2346,0.5005
1787918231.359946,0.690848,0.904240,1.287589,0.2328,0.5005
1787918231.367393,0.691029,0.905833,1.288584,0.2267,0.5005
1787918231.372874,0.691175,0.907672,1.289561,0.2576,0.5005
1787918231.380450,0.691641,0.909051,1.290829,0.2379,0.5005
1787918231.386533,0.691697,0.910603,1.291669,0.2409,0.5005
1787918231.393378,0.691952,0.912144,1.292216,0.2366,0.4850
1787918231.399956,0.691793,0.913957,1.292727,0.2432,0.4850
1787918231.407595,0.692321,0.915561,1.294022,0.2365,0.4850
1787918231.413427,0.692311,0.917406,1.294724,0.2567,0.4850
1787918231.422350,0.693046,0.918617,1.297114,0.2256,0.4850
1787918231.426753,0.693369,0.920202,1.298694,0.2678,0.4850
1787918231.433697,0.693872,0.921571,1.300509,0.2503,0.4850
1787918231.440332,0.693586,0.923599,1.301033,0.2602,0.4850
1787918231.446797,0.694351,0.924942,1.303556,0.2516,0.4850
1787918231.452946,0.694468,0.926623,1.305197,0.2567,0.4850
1787918231.461734,0.695096,0.928295,1.307419,0.2404,0.4850
1787918231.466829,0.695485,0.929923,1.309411,0.2668,0.4850
1787918231.473159,0.695481,0.931370,1.311379,0.2530,0.4850
1787918231.484953,0.696831,0.932516,1.315188,0.2140,0.4850
1787918231.487811,0.696507,0.934449,1.315867,0.3376,0.4850
1787918231.493928,0.697457,0.935709,1.319522,0.3078,0.4850
1787918231.500760,0.697563,0.937512,1.321114,0.2933,0.4669
1787918231.506499,0.698453,0.938800,1.323880,0.2820,0.4669
1787918231.515050,0.698192,0.940655,1.324874,0.2583,0.4669
1787918231.524970,0.698532,0.942093,1.326825,0.2255,0.4669
1787918231.526895,0.698367,0.943611,1.328265,0.3812,0.4669
1787918231.534103,0.698935,0.945011,1.330281,0.3291,0.4669
1787918231.540557,0.699419,0.946590,1.332386,0.3070,0.4669
1787918231.546890,0.699488,0.948068,1.333881,0.2837,0.4669
1787918231.553459,0.699581,0.949651,1.335188,0.2699,0.4669
1787918231.562220,0.699842,0.951235,1.336791,0.2438,0.4669
1787918231.567012,0.700187,0.952655,1.338509,0.2621,0.4669
1787918231.573924,0.700262,0.953901,1.340397,0.2369,0.4669
1787918231.579882,0.700552,0.955740,1.341470,0.2593,0.4669
1787918231.587115,0.700544,0.957088,1.342748,0.2359,0.4669
1787918231.594476,0.700935,0.958431,1.344632,0.2221,0.4669
1787918231.600212,0.701032,0.959833,1.346191,0.2280,0.4487
1787918231.606812,0.701306,0.961173,1.348139,0.2218,0.4487
1787918231.613508,0.701481,0.962876,1.349762,0.2314,0.4487
1787918231.620829,0.701930,0.964181,1.352008,0.2182,0.4487
1787918231.628092,0.702245,0.965422,1.354142,0.2056,0.4487
1787918231.633831,0.702439,0.966837,1.355515,0.2183,0.4487
1787918231.639678,0.702479,0.968616,1.356826,0.2425,0.4487
1787918231.647059,0.703025,0.969895,1.359344,0.2252,0.4487
1787918231.652920,0.703435,0.971478,1.361752,0.2413,0.4487
1787918231.660024,0.703278,0.972970,1.362807,0.2292,0.4487
1787918231.666906,0.704049,0.974336,1.365846,0.2256,0.4487
1787918231.673881,0.704475,0.975852,1.367896,0.2255,0.4487
1787918231.680116,0.704425,0.977748,1.369110,0.2467,0.4487
1787918231.686957,0.704800,0.979098,1.371334,0.2340,0.4487
1787918231.693440,0.705276,0.980472,1.374099,0.2305,0.4487
1787918231.700117,0.705457,0.982114,1.375603,0.2353,0.5183
1787918231.706087,0.705714,0.983808,1.377273,0.2507,0.5183
1787918231.714031,0.705811,0.985473,1.378713,0.2379,0.5183
1787918231.720410,0.706099,0.987102,1.379898,0.2443,0.5183
1787918231.730606,0.706671,0.988697,1.381996,0.2203,0.5183
1787918231.733775,0.706583,0.990276,1.383084,0.2995,0.5183
1787918231.740405,0.706875,0.992077,1.384448,0.2922,0.5183
1787918231.746679,0.706653,0.993459,1.385499,0.2675,0.5183
1787918231.753854,0.707397,0.994852,1.388088,0.2502,0.5183
1787918231.759729,0.707420,0.996212,1.389371,0.2437,0.5183
1787918231.767706,0.707568,0.997786,1.390766,0.2298,0.5183
1787918231.773526,0.707649,0.999388,1.392013,0.2429,0.5183
1787918231.780310,0.707508,1.001050,1.392935,0.2413,0.5183
1787918231.788082,0.707894,1.002128,1.394892,0.2124,0.5183
1787918231.793617,0.708386,1.003919,1.396679,0.2490,0.5183
1787918231.800017,0.708101,1.005488,1.396583,0.2444,0.5089
1787918231.806664,0.708097,1.006984,1.397592,0.2376,0.5089
1787918231.813412,0.708429,1.008215,1.399270,0.2227,0.5089
1787918231.820364,0.707962,1.009698,1.400337,0.2156,0.5089
1787918231.826768,0.708724,1.011184,1.402573,0.2255,0.5089
1787918231.833209,0.709238,1.012695,1.404312,0.2312,0.5089
1787918231.840220,0.709357,1.013992,1.406281,0.2175,0.5089
1787918231.846956,0.709089,1.015471,1.406947,0.2152,0.5089
1787918231.852988,0.709310,1.016771,1.408680,0.2163,0.5089
1787918231.860348,0.709293,1.018372,1.409746,0.2157,0.5089
1787918231.866440,0.710040,1.019758,1.412368,0.2242,0.5089
1787918231.874336,0.710191,1.021216,1.414106,0.2126,0.5089
1787918231.880207,0.710003,1.022613,1.415185,0.2178,0.5089
1787918231.886414,0.709757,1.024162,1.416190,0.2246,0.5089
1787918231.893089,0.710374,1.025825,1.418227,0.2353,0.5089
1787918231.901645,0.711021,1.027107,1.421360,0.2125,0.4945
1787918231.906219,0.711083,1.028417,1.422849,0.2344,0.4945
1787918231.913432,0.711324,1.029856,1.425155,0.2247,0.4945
1787918231.919955,0.711363,1.031512,1.426659,0.2329,0.4945
1787918231.926368,0.711312,1.033100,1.427970,0.2363,0.4945
1787918231.934414,0.711459,1.034339,1.429945,0.2119,0.4945
1787918231.940881,0.711652,1.035631,1.432323,0.2089,0.4945
1787918231.946264,0.711752,1.037189,1.433975,0.2330,0.4945
1787918231.953749,0.712023,1.038883,1.436045,0.2318,0.4945
1787918231.959634,0.711819,1.040379,1.437178,0.2365,0.4945
1787918231.967129,0.712177,1.041632,1.439745,0.2171,0.4945
1787918231.974794,0.712226,1.043280,1.441007,0.2162,0.4945
1787918231.980455,0.711876,1.044917,1.442109,0.2350,0.4945
1787918231.986239,0.711675,1.046692,1.443317,0.2545,0.4945
1787918231.996457,0.712220,1.048207,1.445934,0.2243,0.4685
1787918232.000452,0.711946,1.049586,1.447355,0.2573,0.4685
1787918232.006951,0.712302,1.051184,1.449472,0.2553,0.4685
1787918232.012941,0.712158,1.053003,1.450605,0.2683,0.4685
1787918232.020964,0.712325,1.054198,1.452759,0.2329,0.4685
1787918232.026752,0.712608,1.055733,1.454826,0.2438,0.4685
1787918232.033180,0.712586,1.057329,1.456620,0.2445,0.4685
1787918232.039987,0.712691,1.059039,1.458110,0.2466,0.4685
1787918232.046588,0.710967,1.063172,1.453740,0.3500,0.4685
1787918232.053168,0.711264,1.064423,1.455669,0.3032,0.4685
1787918232.060409,0.711225,1.065994,1.457103,0.2767,0.4685
1787918232.066446,0.710908,1.067554,1.457821,0.2690,0.4685
1787918232.074466,0.710922,1.069261,1.459370,0.2518,0.4685
1787918232.080197,0.711070,1.070618,1.461149,0.2477,0.4685
1787918232.086302,0.710934,1.072172,1.462647,0.2486,0.4685
1787918232.094450,0.711268,1.073402,1.464717,0.2203,0.4481
1787918232.100376,0.711130,1.075030,1.466195,0.2355,0.4481
1787918232.108155,0.711290,1.076403,1.467685,0.2181,0.4481
1787918232.113644,0.711219,1.078083,1.468650,0.2436,0.4481
1787918232.119904,0.711336,1.079294,1.470690,0.2288,0.4481
1787918232.126800,0.710970,1.081001,1.471402,0.2325,0.4481
1787918232.134585,0.711093,1.082385,1.473124,0.2163,0.4481
1787918232.140685,0.710662,1.083976,1.473741,0.2272,0.4481
1787918232.146559,0.710776,1.085585,1.475415,0.2415,0.4481
1787918232.153694,0.710991,1.087110,1.477255,0.2337,0.4481
1787918232.159665,0.711216,1.088603,1.479295,0.2393,0.4481
1787918232.166567,0.711262,1.090047,1.481253,0.2302,0.4481
1787918232.173992,0.711413,1.091537,1.483072,0.2216,0.4481
1787918232.179747,0.711418,1.093082,1.484659,0.2354,0.4481
1787918232.186799,0.711460,1.094216,1.486650,0.2130,0.4481
1787918232.194526,0.711269,1.096068,1.487618,0.2202,0.4481
1787918232.200232,0.711265,1.097409,1.489448,0.2244,0.5377
1787918232.208334,0.711134,1.099094,1.490757,0.2189,0.5377
1787918232.213488,0.711609,1.100539,1.493390,0.2392,0.5377
1787918232.220601,0.711924,1.102025,1.495778,0.2309,0.5377
1787918232.226656,0.712144,1.103516,1.497564,0.2361,0.5377
1787918232.233535,0.711922,1.105044,1.499287,0.2310,0.5377
1787918232.241695,0.711956,1.106755,1.500592,0.2246,0.5377
1787918232.246884,0.712018,1.108187,1.502237,0.2401,0.5377
1787918232.253056,0.712196,1.109674,1.504161,0.2407,0.5377
1787918232.259644,0.712136,1.111095,1.505679,0.2329,0.5377
1787918232.267876,0.711959,1.112688,1.506896,0.2205,0.5377
1787918232.273189,0.711872,1.114349,1.507868,0.2477,0.5377
1787918232.280022,0.712191,1.115577,1.510041,0.2280,0.5377
1787918232.287058,0.712144,1.117470,1.510666,0.2401,0.5377
1787918232.293535,0.711818,1.119161,1.511265,0.2453,0.5377
1787918232.300769,0.711351,1.120750,1.511324,0.2364,0.5208
1787918232.306815,0.710958,1.122286,1.512070,0.2404,0.5208
1787918232.314137,0.711220,1.123692,1.513180,0.2264,0.5208
1787918232.320079,0.711239,1.124943,1.515043,0.2216,0.5208
1787918232.326642,0.711077,1.126569,1.516165,0.2289,0.5208
1787918232.333522,0.710953,1.128082,1.517981,0.2258,0.5208
1787918232.340236,0.711290,1.129538,1.520243,0.2238,0.5208
1787918232.347371,0.711295,1.130964,1.522311,0.2166,0.5208
1787918232.353841,0.711428,1.132540,1.523556,0.2249,0.5208
1787918232.359880,0.711476,1.133993,1.525483,0.2296,0.5208
1787918232.366237,0.711235,1.135431,1.526971,0.2280,0.5208
1787918232.373656,0.711594,1.136894,1.529311,0.2194,0.5208
1787918232.380380,0.711338,1.138232,1.530827,0.2127,0.5208
1787918232.387409,0.711765,1.139742,1.533335,0.2140,0.5208
1787918232.393708,0.711744,1.141179,1.535361,0.2182,0.5208
1787918232.399606,0.711335,1.142827,1.536130,0.2358,0.5053
1787918232.406841,0.711252,1.144276,1.537904,0.2250,0.5053
1787918232.413806,0.711685,1.145664,1.540284,0.2178,0.5053
1787918232.420538,0.711717,1.147322,1.542062,0.2264,0.5053
1787918232.426674,0.711158,1.148758,1.543107,0.2279,0.5053
1787918232.433025,0.710929,1.150312,1.544840,0.2326,0.5053
1787918232.440463,0.710814,1.151376,1.546449,0.2056,0.5053
1787918232.446899,0.710938,1.153250,1.548442,0.2314,0.5053
1787918232.453221,0.710870,1.154585,1.550334,0.2252,0.5053
1787918232.460346,0.710475,1.156392,1.551572,0.2334,0.5053
1787918232.466486,0.710151,1.157873,1.553505,0.2355,0.5053
1787918232.473469,0.710246,1.159241,1.555239,0.2237,0.5053
1787918232.479980,0.710209,1.160862,1.557222,0.2312,0.5053
1787918232.487062,0.709543,1.162334,1.558045,0.2239,0.5053
1787918232.493324,0.709254,1.164047,1.559729,0.2386,0.4875
1787918232.499639,0.709670,1.165387,1.561995,0.2309,0.4875
1787918232.512844,0.709490,1.166914,1.564056,0.1963,0.4875
1787918232.517758,0.709534,1.168326,1.566171,0.2236,0.4875
1787918232.520486,0.709353,1.169719,1.568150,0.3096,0.4875
1787918232.526880,0.709696,1.171199,1.570502,0.2862,0.4875
1787918232.532896,0.709139,1.172486,1.571697,0.2645,0.4875
1787918232.540447,0.708596,1.174258,1.572936,0.2556,0.4875
1787918232.549213,0.708742,1.175628,1.575050,0.2258,0.4875
1787918232.553160,0.708474,1.177030,1.577179,0.2647,0.4875
1787918232.560096,0.708398,1.178515,1.578635,0.2496,0.4875
1787918232.567109,0.708069,1.180002,1.579915,0.2384,0.4875
1787918232.573163,0.707487,1.181364,1.580880,0.2347,0.4875
1787918232.580357,0.707693,1.183025,1.582662,0.2334,0.4875
1787918232.586791,0.711194,1.183155,1.591281,0.1661,0.4875
1787918232.592988,0.711380,1.184698,1.593231,0.1907,0.5720
1787918232.600297,0.710866,1.186223,1.594695,0.1966,0.5720
1787918232.606740,0.710437,1.187672,1.596149,0.2056,0.5720
1787918232.613125,0.706159,1.188073,1.593051,0.1672,0.5720
1787918232.620625,0.706603,1.189481,1.595196,0.1729,0.5720
1787918232.626164,0.706158,1.190856,1.596482,0.1961,0.5720
1787918232.633724,0.705961,1.192508,1.598166,0.2030,0.5720
1787918232.640214,0.705946,1.194059,1.599657,0.2138,0.5720
1787918232.646659,0.706081,1.195493,1.601999,0.2162,0.5720
1787918232.653273,0.705946,1.197038,1.603769,0.2216,0.5720
1787918232.660132,0.708744,1.199237,1.608606,0.2466,0.5720
1787918232.666423,0.708307,1.200819,1.610241,0.2488,0.5720
1787918232.673605,0.708859,1.202192,1.612767,0.2305,0.5720
1787918232.679996,0.708087,1.203872,1.613645,0.2417,0.5720
1787918232.688800,0.708806,1.205394,1.616362,0.2199,0.5720
1787918232.693070,0.708273,1.206990,1.617533,0.2676,0.5483
1787918232.700140,0.708116,1.208755,1.617795,0.2625,0.5483
1787918232.709074,0.707310,1.210199,1.618538,0.2334,0.5483
1787918232.713258,0.707448,1.211977,1.619775,0.2903,0.5483
1787918232.720757,0.707058,1.213652,1.620938,0.2709,0.5483
1787918232.726720,0.707096,1.215414,1.622894,0.2781,0.5483
1787918232.733301,0.707242,1.216804,1.625280,0.2575,0.5483
1787918232.741166,0.707020,1.218315,1.627123,0.2383,0.5483
1787918232.746704,0.706107,1.220012,1.628170,0.2614,0.5483
1787918232.754469,0.706030,1.221208,1.630176,0.2293,0.5483
1787918232.759959,0.705673,1.223066,1.632075,0.2630,0.5483
1787918232.767683,0.705266,1.224448,1.633755,0.2387,0.5483
1787918232.773706,0.704831,1.225857,1.635490,0.2385,0.5483
1787918232.781467,0.705063,1.227388,1.638362,0.2254,0.5483
1787918232.786449,0.704543,1.228925,1.639747,0.2523,0.5483
1787918232.793275,0.704806,1.230415,1.642524,0.2411,0.5321
1787918232.800058,0.704249,1.231776,1.644550,0.2306,0.5321
1787918232.806762,0.704019,1.233360,1.646426,0.2329,0.5321
1787918232.813330,0.703646,1.234789,1.648396,0.2294,0.5321
1787918232.820192,0.703165,1.236172,1.649638,0.2225,0.5321
1787918232.826421,0.703124,1.237596,1.652218,0.2243,0.5321
1787918232.833381,0.703385,1.238961,1.655119,0.2147,0.5321
1787918232.839832,0.703010,1.240394,1.656690,0.2182,0.5321
1787918232.847060,0.702514,1.241787,1.658130,0.2121,0.5321
1787918232.855973,0.702975,1.243009,1.661624,0.1880,0.5321
1787918232.859793,0.702333,1.244268,1.662690,0.2347,0.5321
1787918232.866692,0.701558,1.245755,1.663628,0.2318,0.5321
1787918232.873161,0.701048,1.247223,1.665397,0.2323,0.5321
1787918232.880428,0.700512,1.248540,1.666584,0.2188,0.5321
1787918232.887312,0.700563,1.249812,1.669310,0.2081,0.5321
1787918232.896446,0.699619,1.251707,1.669924,0.2107,0.5019
1787918232.900113,0.699445,1.252920,1.671714,0.2477,0.5019
1787918232.906413,0.698983,1.254615,1.673505,0.2559,0.5019
1787918232.914294,0.698872,1.255941,1.675150,0.2298,0.5019
1787918232.920262,0.699185,1.257632,1.678070,0.2437,0.5019
1787918232.926619,0.698552,1.259332,1.679413,0.2536,0.5019
1787918232.933297,0.698904,1.260732,1.682677,0.2382,0.5019
1787918232.940216,0.698219,1.262369,1.684329,0.2407,0.5019
1787918232.947135,0.697851,1.263885,1.686059,0.2356,0.5019
1787918232.953373,0.697940,1.265197,1.688931,0.2270,0.5019
1787918232.960726,0.697619,1.266976,1.690365,0.2326,0.5019
1787918232.966305,0.697179,1.268489,1.692325,0.2465,0.5019
1787918232.973404,0.697122,1.270015,1.694582,0.2368,0.5019
1787918232.981205,0.696995,1.271781,1.696701,0.2337,0.5019
1787918232.986527,0.696405,1.273148,1.697981,0.2443,0.5019
1787918232.993767,0.695933,1.274973,1.698986,0.2485,0.5019
1787918232.999931,0.695288,1.276354,1.700603,0.2446,0.5748
1787918233.006501,0.695797,1.278078,1.703311,0.2462,0.5748
1787918233.013604,0.695093,1.279541,1.704040,0.2375,0.5748
1787918233.019853,0.694941,1.280887,1.705994,0.2313,0.5748
1787918233.027856,0.694876,1.282273,1.708111,0.2137,0.5748
1787918233.033673,0.694232,1.283568,1.708531,0.2203,0.5748
1787918233.040053,0.693946,1.285161,1.709769,0.2303,0.5748
1787918233.062845,0.693519,1.286450,1.711362,0.1788,0.5748
1787918233.063862,0.693223,1.287530,1.712929,0.4528,0.5748
1787918233.064780,0.693101,1.289022,1.714695,0.8054,0.5748
1787918233.066498,0.693347,1.290429,1.716402,0.8006,0.5748
1787918233.073002,0.692600,1.291573,1.717400,0.6177,0.5748
1787918233.079858,0.692206,1.292947,1.718017,0.4944,0.5748
1787918233.086607,0.691704,1.294131,1.718615,0.4014,0.5748
1787918233.093100,0.691274,1.295444,1.719548,0.3439,0.5748
1787918233.100648,0.691154,1.296813,1.720664,0.2953,0.5669
1787918233.106539,0.690739,1.298300,1.721807,0.2847,0.5669
1787918233.114714,0.690583,1.299328,1.723315,0.2374,0.5669
1787918233.120049,0.690083,1.300945,1.724644,0.2604,0.5669
1787918233.126447,0.689056,1.301890,1.725567,0.2335,0.5669
1787918233.133570,0.689360,1.303549,1.727432,0.2305,0.5669
1787918233.140358,0.688249,1.304755,1.727590,0.2216,0.5669
1787918233.146479,0.688265,1.306188,1.729745,0.2243,0.5669
1787918233.153389,0.688382,1.307463,1.731840,0.2109,0.5669
1787918233.163077,0.688057,1.309003,1.733162,0.1963,0.5669
1787918233.166680,0.687750,1.310122,1.735684,0.2335,0.5669
1787918233.173554,0.687015,1.311572,1.736359,0.2312,0.5669
1787918233.180790,0.686764,1.312988,1.738475,0.2214,0.5669
1787918233.186290,0.686955,1.314477,1.740879,0.2333,0.5669
1787918233.193309,0.686247,1.315820,1.742699,0.2250,0.5553
1787918233.201323,0.685615,1.317023,1.743899,0.2060,0.5553
1787918233.206791,0.685688,1.318409,1.746585,0.2183,0.5553
1787918233.213177,0.685130,1.319964,1.748061,0.2293,0.5553
1787918233.221034,0.684450,1.321315,1.748885,0.2159,0.5553
1787918233.226782,0.684094,1.322893,1.750899,0.2355,0.5553
1787918233.233831,0.683883,1.324213,1.753143,0.2217,0.5553
1787918233.240251,0.683765,1.325429,1.755506,0.2121,0.5553
1787918233.246689,0.683370,1.326892,1.757667,0.2189,0.5553
1787918233.252976,0.682796,1.328068,1.759415,0.2134,0.5553
1787918233.260205,0.681765,1.329490,1.760530,0.2154,0.5553
1787918233.266616,0.681836,1.330972,1.763458,0.2182,0.5553
1787918233.273848,0.681427,1.332333,1.765283,0.2114,0.5553
1787918233.280429,0.680823,1.333647,1.766582,0.2121,0.5553
1787918233.286688,0.680729,1.334956,1.769059,0.2109,0.5553
1787918233.293453,0.680113,1.336581,1.771008,0.2237,0.5357
1787918233.299985,0.679548,1.337536,1.772572,0.2047,0.5357
1787918233.306725,0.679556,1.338875,1.775144,0.2016,0.5357
1787918233.313114,0.679332,1.340303,1.777168,0.2089,0.5357
1787918233.319551,0.678278,1.341449,1.777297,0.2086,0.5357
1787918233.326787,0.677522,1.342587,1.778177,0.1986,0.5357
1787918233.334809,0.677481,1.343891,1.780529,0.1871,0.5357
1787918233.340276,0.677293,1.345256,1.782645,0.2064,0.5357
1787918233.347246,0.676732,1.346456,1.783429,0.2000,0.5357
1787918233.353638,0.676351,1.347879,1.784891,0.2091,0.5357
1787918233.360280,0.676248,1.349079,1.786900,0.2003,0.5357
1787918233.368753,0.675715,1.350148,1.788238,0.1812,0.5357
1787918233.373518,0.675532,1.351444,1.790258,0.2090,0.5357
1787918233.380197,0.674885,1.352646,1.791282,0.2054,0.5357
1787918233.386447,0.674415,1.353896,1.793083,0.2072,0.5357
1787918233.393085,0.674592,1.355218,1.795013,0.2015,0.5357
1787918233.400287,0.674318,1.356266,1.797109,0.1862,0.5125
1787918233.406815,0.673610,1.357485,1.798063,0.1923,0.5125
1787918233.413315,0.673142,1.358508,1.799384,0.1854,0.5125
1787918233.420398,0.673079,1.359742,1.801457,0.1813,0.5125
1787918233.426168,0.672385,1.360950,1.802731,0.1964,0.5125
1787918233.434606,0.672107,1.362168,1.804415,0.1819,0.5125
1787918233.440000,0.671642,1.363345,1.805741,0.1969,0.5125
1787918233.447519,0.671128,1.364524,1.807331,0.1884,0.5125
1787918233.453449,0.670522,1.365705,1.807983,0.1972,0.5125
1787918233.460021,0.670526,1.367032,1.810742,0.1968,0.5125
1787918233.466395,0.669495,1.368069,1.811364,0.1967,0.5125
1787918233.473040,0.669862,1.369590,1.814283,0.2004,0.5125
1787918233.480537,0.669432,1.370865,1.816070,0.1939,0.5125
1787918233.486746,0.668511,1.372035,1.817508,0.2015,0.5125
1787918233.493384,0.668303,1.373515,1.820159,0.2081,0.5891
1787918233.499619,0.668625,1.375117,1.823069,0.2165,0.5891
1787918233.508013,0.667769,1.376093,1.824826,0.1930,0.5891
1787918233.513889,0.667224,1.377264,1.826337,0.2000,0.5891
1787918233.519665,0.666698,1.378877,1.828130,0.2279,0.5891
1787918233.527964,0.666064,1.380130,1.830198,0.2092,0.5891
1787918233.533310,0.666107,1.381487,1.833050,0.2194,0.5891
1787918233.540532,0.665046,1.382830,1.834956,0.2189,0.5891
1787918233.549017,0.664607,1.384000,1.836768,0.1973,0.5891
1787918233.553295,0.663857,1.385356,1.838590,0.2437,0.5891
1787918233.561360,0.663177,1.386826,1.839907,0.2300,0.5891
1787918233.566379,0.662442,1.388282,1.841648,0.2566,0.5891
1787918233.573481,0.662302,1.389471,1.844021,0.2296,0.5891
1787918233.580577,0.661966,1.390914,1.846762,0.2233,0.5891
1787918233.586398,0.661934,1.392592,1.848813,0.2399,0.5891
1787918233.593483,0.660944,1.394059,1.850024,0.2392,0.5622
1787918233.599904,0.660807,1.395224,1.852350,0.2215,0.5622
1787918233.606285,0.659955,1.396335,1.852782,0.2164,0.5622
1787918233.613598,0.659886,1.397846,1.854958,0.2118,0.5622
1787918233.619899,0.659016,1.398970,1.856039,0.2112,0.5622
1787918233.626544,0.658171,1.400452,1.857569,0.2228,0.5622
1787918233.633483,0.657612,1.401645,1.859378,0.2123,0.5622
1787918233.642285,0.657118,1.402711,1.861255,0.1883,0.5622
1787918233.647019,0.656440,1.404014,1.862411,0.2232,0.5622
1787918233.653170,0.656323,1.405048,1.864771,0.2062,0.5622
1787918233.660030,0.655874,1.406275,1.866186,0.2014,0.5622
1787918233.666620,0.655167,1.407389,1.867353,0.1989,0.5622
1787918233.676243,0.655324,1.408745,1.869859,0.1781,0.5622
1787918233.680091,0.654619,1.409891,1.871410,0.2264,0.5622
1787918233.687178,0.654432,1.410792,1.873791,0.1972,0.5622
1787918233.693010,0.654168,1.411911,1.875916,0.1971,0.5462
1787918233.700004,0.653941,1.412970,1.877900,0.1842,0.5462
1787918233.706854,0.653113,1.414207,1.879295,0.1915,0.5462
1787918233.713434,0.652985,1.415186,1.881101,0.1783,0.5462
1787918233.720210,0.652944,1.416356,1.883869,0.1747,0.5462
1787918233.726390,0.652751,1.417499,1.885645,0.1779,0.5462
1787918233.733536,0.652104,1.418602,1.887164,0.1770,0.5462
1787918233.740003,0.651400,1.419611,1.888370,0.1786,0.5462
1787918233.746757,0.651069,1.420639,1.890802,0.1730,0.5462
1787918233.753376,0.650168,1.421496,1.892054,0.1708,0.5462
1787918233.759567,0.650313,1.422745,1.893976,0.1747,0.5462
1787918233.767059,0.649805,1.424033,1.895922,0.1777,0.5462
1787918233.773900,0.649289,1.425115,1.897442,0.1766,0.5462
1787918233.780895,0.648754,1.426075,1.899432,0.1700,0.5462
1787918233.786550,0.648237,1.427044,1.901136,0.1765,0.5462
1787918233.793386,0.648132,1.428253,1.902854,0.1752,0.5462
1787918233.801362,0.647387,1.429457,1.904070,0.1746,0.5213
1787918233.806668,0.646822,1.430290,1.905099,0.1772,0.5213
1787918233.815159,0.646270,1.431430,1.906340,0.1685,0.5213
1787918233.819941,0.646035,1.432466,1.908448,0.1842,0.5213
1787918233.826530,0.645175,1.433560,1.909204,0.1889,0.5213
1787918233.835320,0.644677,1.434397,1.911159,0.1648,0.5213
1787918233.840058,0.644614,1.435328,1.912851,0.1722,0.5213
1787918233.846746,0.643863,1.436635,1.913822,0.1871,0.5213
1787918233.853061,0.643771,1.437530,1.915705,0.1725,0.5213
1787918233.860340,0.642597,1.438332,1.915920,0.1682,0.5213
1787918233.866424,0.642397,1.439346,1.917725,0.1681,0.5213
1787918233.873499,0.642033,1.440400,1.919475,0.1650,0.5213
1787918233.880217,0.641684,1.441192,1.921037,0.1540,0.5213
1787918233.886674,0.641011,1.442314,1.922176,0.1675,0.5213
1787918233.894008,0.640672,1.443140,1.923871,0.1538,0.5126
1787918233.900171,0.640374,1.444182,1.925777,0.1603,0.5126
1787918233.906426,0.639756,1.444927,1.927105,0.1560,0.5126
1787918233.913156,0.639387,1.445868,1.928583,0.1543,0.5126
1787918233.919615,0.638660,1.446817,1.929327,0.1611,0.5126
1787918233.927100,0.638019,1.447602,1.930212,0.1513,0.5126
1787918233.933428,0.638267,1.448697,1.932291,0.1503,0.5126
1787918233.940617,0.637575,1.449469,1.933134,0.1455,0.5126
1787918233.949093,0.637322,1.450693,1.934838,0.1456,0.5126
1787918233.952997,0.636621,1.451283,1.935389,0.1634,0.5126
1787918233.960234,0.636025,1.451924,1.936869,0.1481,0.5126
1787918233.967343,0.635790,1.453075,1.938056,0.1525,0.5126
1787918233.973015,0.635523,1.454049,1.939309,0.1599,0.5126
1787918233.982413,0.635057,1.454609,1.940450,0.1340,0.5126
1787918233.986812,0.634734,1.455322,1.941909,0.1471,0.5126
1787918233.993299,0.634033,1.456343,1.942132,0.1587,0.5126
1787918234.000320,0.633933,1.457403,1.944012,0.1549,0.4962
1787918234.007082,0.633431,1.458308,1.944975,0.1539,0.4962
1787918234.012884,0.632931,1.458971,1.946174,0.1491,0.4962
1787918234.020305,0.632098,1.459616,1.946776,0.1410,0.4962
1787918234.026448,0.632350,1.460523,1.948889,0.1353,0.4962
1787918234.033606,0.631883,1.461306,1.949832,0.1324,0.4962
1787918234.040420,0.631192,1.462228,1.950614,0.1417,0.4962
1787918234.046499,0.630755,1.463105,1.951570,0.1474,0.4962
1787918234.054292,0.630393,1.463761,1.952758,0.1318,0.4962
1787918234.059863,0.629901,1.464542,1.953604,0.1412,0.4962
1787918234.066421,0.629398,1.465331,1.954437,0.1409,0.4962
1787918234.073646,0.629212,1.466243,1.955501,0.1366,0.4962
1787918234.079833,0.628668,1.467192,1.956277,0.1482,0.4962
1787918234.087043,0.628647,1.467931,1.958141,0.1325,0.4962
1787918234.093709,0.627722,1.468694,1.958609,0.1403,0.4962
1787918234.100029,0.627692,1.469505,1.960382,0.1344,0.4868
1787918234.106740,0.627209,1.470444,1.960938,0.1411,0.4868
1787918234.113313,0.626617,1.471145,1.962126,0.1386,0.4868
1787918234.122387,0.625949,1.471755,1.962674,0.1241,0.4868
1787918234.127135,0.625648,1.472901,1.963943,0.1610,0.4868
1787918234.133046,0.625567,1.473784,1.965693,0.1557,0.4868
1787918234.140010,0.625022,1.474293,1.966766,0.1383,0.4868
1787918234.146979,0.624606,1.475281,1.968097,0.1430,0.4868
1787918234.154350,0.624216,1.476076,1.968867,0.1360,0.4868
1787918234.160198,0.623943,1.477021,1.970371,0.1454,0.4868
1787918234.166704,0.623467,1.477728,1.971418,0.1403,0.4868
1787918234.173034,0.623037,1.478592,1.972610,0.1439,0.4868
1787918234.180806,0.622684,1.479185,1.973463,0.1271,0.4868
1787918234.188237,0.622116,1.479945,1.974302,0.1262,0.4868
1787918234.193898,0.621560,1.480899,1.975166,0.1464,0.4742
1787918234.200379,0.621396,1.481738,1.976311,0.1411,0.4742
1787918234.206551,0.620837,1.482698,1.977220,0.1524,0.4742
1787918234.213525,0.620408,1.483261,1.978456,0.1362,0.4742
1787918234.219899,0.619753,1.483987,1.978831,0.1390,0.4742
1787918234.226568,0.619564,1.484860,1.979967,0.1367,0.4742
1787918234.234181,0.618939,1.485642,1.980725,0.1338,0.4742
1787918234.239628,0.618703,1.486462,1.981757,0.1402,0.4742
1787918234.246686,0.618546,1.487130,1.983257,0.1269,0.4742
1787918234.253771,0.617865,1.487877,1.983540,0.1294,0.4742
1787918234.260641,0.617292,1.488505,1.983989,0.1257,0.4742
1787918234.266526,0.617213,1.489201,1.986070,0.1221,0.4742
1787918234.273751,0.616955,1.489803,1.987228,0.1126,0.4742
1787918234.279750,0.616555,1.490680,1.988464,0.1271,0.4742
1787918234.289562,0.616039,1.491447,1.988910,0.1168,0.4742
1787918234.293141,0.615622,1.492205,1.989354,0.1541,0.4742
1787918234.300099,0.614512,1.492728,1.989270,0.1479,0.4668
1787918234.306875,0.614281,1.493453,1.990608,0.1370,0.4668
1787918234.313045,0.614556,1.494421,1.992339,0.1334,0.4668
1787918234.320042,0.613689,1.494919,1.992740,0.1281,0.4668
1787918234.327183,0.613676,1.495938,1.993816,0.1289,0.4668
1787918234.332987,0.612891,1.496393,1.994004,0.1284,0.4668
1787918234.340173,0.612095,1.497121,1.994268,0.1312,0.4668
1787918234.347697,0.611876,1.497814,1.995071,0.1206,0.4668
1787918234.353801,0.611904,1.498408,1.996601,0.1105,0.4668
1787918234.360077,0.611534,1.499163,1.997479,0.1175,0.4668
1787918234.366669,0.611015,1.499984,1.997658,0.1260,0.4668
1787918234.373430,0.610175,1.500681,1.998409,0.1318,0.4668
1787918234.380019,0.609973,1.501339,1.999097,0.1233,0.4668
1787918234.386866,0.609286,1.501910,1.999768,0.1216,0.4668
1787918234.393549,0.609118,1.502633,2.000880,0.1178,0.4668
1787918234.399879,0.608963,1.503510,2.001979,0.1233,0.4563
1787918234.407152,0.608498,1.503940,2.002828,0.1105,0.4563
1787918234.413528,0.608096,1.504590,2.003876,0.1130,0.4563
1787918234.419954,0.607773,1.505224,2.004861,0.1123,0.4563
1787918234.426911,0.607024,1.505861,2.005299,0.1171,0.4563
1787918234.433525,0.606615,1.506624,2.006004,0.1212,0.4563
1787918234.439945,0.606365,1.507592,2.006846,0.1308,0.4563
1787918234.446917,0.605970,1.508465,2.007863,0.1327,0.4563
1787918234.453187,0.605645,1.509069,2.009003,0.1257,0.4563
1787918234.461066,0.605489,1.509680,2.010358,0.1116,0.4563
1787918234.466478,0.604973,1.510586,2.010214,0.1357,0.4563
1787918234.472993,0.604136,1.511393,2.010375,0.1450,0.4563
1787918234.480038,0.603530,1.511918,2.011170,0.1328,0.4563
1787918234.487080,0.603524,1.512531,2.012728,0.1166,0.4563
1787918234.494773,0.602938,1.513528,2.013389,0.1266,0.4470
1787918234.500385,0.602558,1.514130,2.014420,0.1264,0.4470
1787918234.506228,0.602256,1.514580,2.015072,0.1160,0.4470
1787918234.513486,0.602116,1.515387,2.016253,0.1138,0.4470
1787918234.520100,0.601443,1.516051,2.016758,0.1200,0.4470
1787918234.526641,0.600950,1.516694,2.017715,0.1204,0.4470
1787918234.533163,0.600978,1.517303,2.019786,0.1089,0.4470
1787918234.540484,0.600775,1.518076,2.021225,0.1084,0.4470
1787918234.546225,0.599867,1.518613,2.021287,0.1218,0.4470
1787918234.553294,0.599827,1.519357,2.022479,0.1144,0.4470
1787918234.560349,0.599353,1.519877,2.022961,0.1088,0.4470
1787918234.566561,0.598415,1.520242,2.023113,0.1118,0.4470
1787918234.573155,0.597920,1.520929,2.023293,0.1162,0.4470
1787918234.579887,0.597603,1.521775,2.024680,0.1215,0.4470
1787918234.586363,0.597378,1.522143,2.025604,0.1049,0.4470
1787918234.596966,0.597307,1.522791,2.027687,0.0908,0.4263
1787918234.599770,0.596631,1.523651,2.028096,0.1780,0.4263
1787918234.606604,0.596051,1.524178,2.028576,0.1566,0.4263
1787918234.613555,0.595574,1.524897,2.028977,0.1466,0.4263
1787918234.621162,0.595893,1.526047,2.030292,0.1377,0.4263
1787918234.626531,0.595208,1.526708,2.030766,0.1464,0.4263
1787918234.634449,0.594867,1.527370,2.031477,0.1307,0.4263
1787918234.639559,0.594068,1.528030,2.031847,0.1471,0.4263
1787918234.646465,0.593875,1.528869,2.033050,0.1393,0.4263
1787918234.654203,0.593883,1.529628,2.034447,0.1237,0.4263
1787918234.659684,0.593417,1.530468,2.034763,0.1391,0.4263
1787918234.667151,0.592705,1.531066,2.034886,0.1317,0.4263
1787918234.673326,0.592800,1.532182,2.036213,0.1386,0.4263
1787918234.679692,0.592438,1.532835,2.037554,0.1322,0.4263
1787918234.686837,0.591504,1.533145,2.037440,0.1218,0.4263
1787918234.693975,0.590987,1.533899,2.038523,0.1233,0.4263
1787918234.700784,0.590903,1.534488,2.040146,0.1112,0.4263
1787918234.706157,0.590157,1.534972,2.040796,0.1208,0.4263
1787918234.713646,0.590022,1.535585,2.041664,0.1089,0.4263
1787918234.719817,0.589520,1.536431,2.042683,0.1239,0.4263
1787918234.726598,0.588795,1.537223,2.042202,0.1325,0.4263
1787918234.733596,0.588804,1.537989,2.043780,0.1218,0.4263
1787918234.740499,0.588380,1.538486,2.044464,0.1129,0.4263
1787918234.746774,0.587713,1.539087,2.044674,0.1192,0.4263
1787918234.753088,0.587084,1.539819,2.045269,0.1280,0.4263
1787918234.760058,0.586552,1.540322,2.045427,0.1193,0.4263
1787918234.768600,0.586036,1.541117,2.045772,0.1166,0.4263
1787918234.773967,0.585761,1.541943,2.046744,0.1298,0.4263
1787918234.780195,0.585285,1.542422,2.046907,0.1218,0.4263
1787918234.786320,0.584757,1.543193,2.047495,0.1307,0.4263
1787918234.792837,0.584563,1.543730,2.048104,0.1176,0.4263
1787918234.802600,0.583651,1.544323,2.047945,0.1114,0.4135
1787918234.807398,0.583484,1.545151,2.048698,0.1287,0.4135
1787918234.813758,0.583144,1.545918,2.049387,0.1296,0.4135
1787918234.820375,0.582949,1.546808,2.050610,0.1306,0.4135
1787918234.826580,0.582346,1.547366,2.051096,0.1288,0.4135
1787918234.833505,0.581978,1.547749,2.051542,0.1122,0.4135
1787918234.839896,0.581380,1.548400,2.051684,0.1186,0.4135
1787918234.847665,0.580653,1.548836,2.052062,0.1110,0.4135
1787918234.853356,0.581048,1.549760,2.054628,0.1111,0.4135
1787918234.860209,0.581011,1.550344,2.056143,0.1012,0.4135
1787918234.866287,0.580323,1.551025,2.056197,0.1164,0.4135
1787918234.873418,0.579895,1.551873,2.057008,0.1214,0.4135
1787918234.879679,0.579178,1.552056,2.057544,0.1088,0.4135
1787918234.887123,0.579185,1.552866,2.058807,0.1049,0.4135
1787918234.893081,0.578565,1.553337,2.059391,0.1090,0.4135
1787918234.899665,0.578257,1.553899,2.059772,0.1055,0.5482
1787918234.906493,0.578129,1.554684,2.061050,0.1069,0.5482
1787918234.913131,0.577541,1.555172,2.061161,0.1068,0.5482
1787918234.920230,0.576954,1.555757,2.061283,0.1083,0.5482
1787918234.926650,0.576400,1.556489,2.061429,0.1182,0.5482
1787918234.932950,0.576050,1.557034,2.062241,0.1135,0.5482
1787918234.944871,0.575652,1.557565,2.062655,0.0959,0.5482
1787918234.946219,0.575214,1.558137,2.063328,0.2254,0.5482
1787918234.953538,0.574779,1.558651,2.063749,0.1848,0.5482
1787918234.962150,0.575098,1.559758,2.065397,0.1580,0.5482
1787918234.966335,0.573949,1.559909,2.064755,0.1592,0.5482
1787918234.973830,0.573589,1.560571,2.065354,0.1416,0.5482
1787918234.980610,0.572865,1.560946,2.065531,0.1289,0.5482
1787918234.986710,0.572426,1.561385,2.065836,0.1195,0.5482
1787918234.993984,0.571991,1.562153,2.065819,0.1200,0.5482
1787918234.999571,0.571850,1.562896,2.066021,0.1227,0.5347
1787918235.007672,0.571523,1.563437,2.066617,0.1093,0.5347
1787918235.013669,0.571043,1.564177,2.066462,0.1205,0.5347
1787918235.019888,0.570242,1.564734,2.066206,0.1264,0.5347
1787918235.026573,0.570264,1.565545,2.067059,0.1200,0.5347
1787918235.034275,0.570061,1.565963,2.068096,0.1021,0.5347
1787918235.039927,0.569710,1.566498,2.068768,0.1053,0.5347
1787918235.047570,0.569704,1.567292,2.069898,0.1012,0.5347
1787918235.053210,0.569538,1.568175,2.070501,0.1163,0.5347
1787918235.059942,0.569036,1.568809,2.071170,0.1169,0.5347
1787918235.066499,0.568768,1.569470,2.072340,0.1143,0.5347
1787918235.075608,0.568660,1.569931,2.073584,0.0950,0.5347
1787918235.080112,0.568030,1.570612,2.074164,0.1265,0.5347
1787918235.086920,0.567919,1.571367,2.075666,0.1200,0.5347
1787918235.094631,0.567705,1.571837,2.076852,0.1040,0.5347
1787918235.100415,0.567518,1.572457,2.078433,0.1057,0.5417
1787918235.109118,0.567221,1.573071,2.079212,0.0974,0.5417
1787918235.112951,0.566680,1.573474,2.080130,0.1164,0.5417
1787918235.119955,0.565905,1.574171,2.080183,0.1237,0.5417
1787918235.126486,0.565703,1.574796,2.081177,0.1162,0.5417
1787918235.133917,0.565531,1.575170,2.082878,0.0979,0.5417
1787918235.139977,0.565304,1.575753,2.083476,0.0992,0.5417
1787918235.147232,0.564640,1.576209,2.083904,0.0994,0.5417
1787918235.153690,0.564313,1.576720,2.084395,0.0977,0.5417
1787918235.160118,0.563813,1.577330,2.085151,0.1046,0.5417
1787918235.166778,0.563387,1.577732,2.085834,0.0985,0.5417
1787918235.173313,0.563447,1.578466,2.087098,0.0969,0.5417
1787918235.180433,0.562914,1.578784,2.087446,0.0905,0.5417
1787918235.186933,0.562488,1.579167,2.087830,0.0885,0.5417
1787918235.193174,0.562352,1.579837,2.088615,0.0931,0.5220
1787918235.199822,0.561622,1.580262,2.088847,0.0982,0.5220
1787918235.206595,0.561089,1.580736,2.089291,0.0986,0.5220
1787918235.213083,0.560912,1.581325,2.090296,0.0968,0.5220
1787918235.220360,0.560733,1.582095,2.091181,0.0989,0.5220
1787918235.226645,0.559886,1.582383,2.091311,0.1013,0.5220
1787918235.233035,0.559827,1.582936,2.092412,0.0948,0.5220
1787918235.240024,0.559698,1.583446,2.093236,0.0881,0.5220
1787918235.248756,0.559545,1.583872,2.094275,0.0770,0.5220
1787918235.253110,0.559363,1.584411,2.095200,0.0923,0.5220
1787918235.260244,0.559183,1.585082,2.096420,0.0928,0.5220
1787918235.266470,0.558381,1.585251,2.096310,0.0914,0.5220
1787918235.273345,0.557794,1.585711,2.096348,0.0942,0.5220
1787918235.280346,0.557437,1.586192,2.097074,0.0914,0.5220
1787918235.288718,0.557486,1.586869,2.098145,0.0841,0.5220
1787918235.293008,0.557061,1.587299,2.098588,0.0998,0.5220
1787918235.299815,0.556468,1.587501,2.098839,0.0907,0.5072
1787918235.306368,0.556360,1.587987,2.100133,0.0852,0.5072
1787918235.315033,0.556313,1.588642,2.100968,0.0800,0.5072
1787918235.321124,0.555858,1.589128,2.101124,0.0880,0.5072
1787918235.326963,0.555387,1.589455,2.101716,0.0884,0.5072
1787918235.333895,0.555017,1.589948,2.102583,0.0884,0.5072
1787918235.340257,0.554766,1.590369,2.103382,0.0850,0.5072
1787918235.346605,0.554681,1.590998,2.104505,0.0871,0.5072
1787918235.353684,0.554102,1.591481,2.104931,0.0911,0.5072
1787918235.360332,0.553703,1.592114,2.105496,0.0975,0.5072
1787918235.366805,0.553435,1.592502,2.106114,0.0901,0.5072
1787918235.372906,0.553011,1.592960,2.106633,0.0930,0.5072
1787918235.382719,0.553089,1.593569,2.107761,0.0799,0.5072
1787918235.386959,0.552652,1.593992,2.108034,0.0975,0.5072
1787918235.393239,0.552100,1.594622,2.107914,0.1075,0.4979
1787918235.399810,0.551478,1.594975,2.108498,0.1037,0.4979
1787918235.406613,0.551252,1.595458,2.109360,0.0960,0.4979
1787918235.415879,0.551068,1.595787,2.110618,0.0794,0.4979
1787918235.419857,0.550710,1.596425,2.111158,0.1107,0.4979
1787918235.426810,0.550599,1.596921,2.111958,0.0983,0.4979
1787918235.433046,0.550507,1.597588,2.112801,0.0986,0.4979
1787918235.440254,0.549939,1.598120,2.113365,0.1002,0.4979
1787918235.447074,0.549683,1.598519,2.113932,0.0910,0.4979
1787918235.454272,0.549063,1.598811,2.114612,0.0875,0.4979
1787918235.461100,0.548953,1.599439,2.115400,0.0874,0.4979
1787918235.466290,0.548332,1.599614,2.116280,0.0884,0.4979
1787918235.473702,0.547781,1.600196,2.116456,0.0936,0.4979
1787918235.480095,0.547411,1.600463,2.117146,0.0852,0.4979
1787918235.488103,0.547058,1.600861,2.117704,0.0793,0.4979
1787918235.493475,0.546596,1.601449,2.118425,0.0970,0.4781
1787918235.499735,0.546419,1.601749,2.119047,0.0846,0.4781
1787918235.506428,0.546438,1.602149,2.120279,0.0740,0.4781
1787918235.513562,0.546115,1.602646,2.121074,0.0767,0.4781
1787918235.519901,0.545492,1.603071,2.121302,0.0863,0.4781
1787918235.526963,0.545144,1.603691,2.121983,0.0906,0.4781
1787918235.533237,0.544864,1.604212,2.123013,0.0917,0.4781
1787918235.540208,0.544665,1.604570,2.123658,0.0818,0.4781
1787918235.546662,0.544080,1.604827,2.124270,0.0817,0.4781
1787918235.553267,0.544272,1.605229,2.126154,0.0681,0.4781
1787918235.560261,0.543437,1.605590,2.125612,0.0797,0.4781
1787918235.566712,0.542740,1.606063,2.125914,0.0916,0.4781
1787918235.573706,0.542823,1.606734,2.127564,0.0867,0.4781
1787918235.580460,0.542794,1.607470,2.128496,0.0891,0.4781
1787918235.587651,0.541799,1.607928,2.128551,0.1005,0.4781
1787918235.593248,0.541864,1.608630,2.130151,0.1004,0.4781
1787918235.600768,0.541659,1.609222,2.131064,0.0946,0.4646
1787918235.606604,0.541478,1.609776,2.131636,0.0954,0.4646
1787918235.613028,0.541287,1.610227,2.132474,0.0893,0.4646
1787918235.620754,0.539897,1.610250,2.131812,0.0920,0.4646
1787918235.626648,0.540041,1.611134,2.133532,0.0985,0.4646
1787918235.633642,0.539979,1.611611,2.134955,0.0877,0.4646
1787918235.640261,0.539598,1.612159,2.135437,0.0916,0.4646
1787918235.646567,0.538967,1.612719,2.135586,0.1027,0.4646
1787918235.653740,0.538919,1.613314,2.136644,0.0940,0.4646
1787918235.660999,0.538900,1.613783,2.137501,0.0826,0.4646
1787918235.667927,0.538401,1.614003,2.138023,0.0775,0.4646
1787918235.675229,0.538204,1.614454,2.138905,0.0742,0.4646
1787918235.679936,0.537999,1.615009,2.139990,0.0887,0.4646
1787918235.686467,0.537261,1.615494,2.139875,0.0992,0.4646
1787918235.694245,0.536865,1.615978,2.140884,0.0934,0.4646
1787918235.700655,0.536401,1.616613,2.141238,0.1021,0.4522
1787918235.706505,0.536223,1.617010,2.141804,0.0935,0.4522
1787918235.713777,0.536264,1.617451,2.143131,0.0799,0.4522
1787918235.719485,0.535805,1.617790,2.143259,0.0840,0.4522
1787918235.726963,0.535792,1.618431,2.144636,0.0806,0.4522
1787918235.733462,0.536114,1.619021,2.146164,0.0712,0.4522
1787918235.740012,0.535391,1.619429,2.146212,0.0835,0.4522
1787918235.746263,0.534703,1.619734,2.146452,0.0887,0.4522
1787918235.752978,0.534144,1.620234,2.146813,0.0945,0.4522
1787918235.760800,0.533587,1.620673,2.147086,0.0919,0.4522
1787918235.766524,0.533370,1.621068,2.147812,0.0878,0.4522
1787918235.772985,0.532934,1.621618,2.148055,0.0939,0.4522
1787918235.780921,0.532573,1.622136,2.148270,0.0896,0.4522
1787918235.786451,0.532111,1.622622,2.148600,0.0985,0.4522
1787918235.794293,0.531794,1.623076,2.149378,0.0901,0.4522
1787918235.799670,0.531731,1.623732,2.150419,0.0956,0.4435
1787918235.806890,0.531550,1.624197,2.151267,0.0872,0.4435
1787918235.813266,0.531527,1.625019,2.152479,0.0939,0.4435
1787918235.819806,0.531112,1.625501,2.153052,0.0947,0.4435
1787918235.826886,0.530736,1.625684,2.153514,0.0815,0.4435
1787918235.833727,0.530397,1.626250,2.153991,0.0860,0.4435
1787918235.840350,0.530230,1.626566,2.154667,0.0763,0.4435
1787918235.846711,0.530020,1.627390,2.155907,0.0913,0.4435
1787918235.853424,0.529417,1.627839,2.155995,0.0955,0.4435
1787918235.860184,0.529422,1.628117,2.156822,0.0770,0.4435
1787918235.866539,0.528860,1.628680,2.157101,0.0907,0.4435
1787918235.873372,0.528715,1.629144,2.157633,0.0840,0.4435
1787918235.880012,0.527836,1.629576,2.157387,0.0970,0.4435
1787918235.887740,0.527786,1.630106,2.158448,0.0861,0.4435
1787918235.894853,0.527447,1.630299,2.159093,0.0750,0.4435
1787918235.899745,0.526682,1.630925,2.159389,0.1105,0.5588
1787918235.906881,0.526451,1.631205,2.159882,0.0925,0.5588
1787918235.913741,0.525842,1.631527,2.160274,0.0913,0.5588
1787918235.919884,0.525511,1.631874,2.161259,0.0870,0.5588
1787918235.927943,0.524985,1.632346,2.161195,0.0864,0.5588
1787918235.933179,0.524904,1.632773,2.162193,0.0834,0.5588
1787918235.940311,0.524526,1.633161,2.162637,0.0808,0.5588
1787918235.946598,0.523783,1.633521,2.162744,0.0906,0.5588
1787918235.954022,0.523354,1.634100,2.163220,0.0925,0.5588
1787918235.960091,0.522748,1.634476,2.163663,0.0969,0.5588
1787918235.966623,0.522572,1.635033,2.164121,0.0936,0.5588
1787918235.973328,0.522778,1.635885,2.165221,0.0919,0.5588
1787918235.980021,0.522210,1.636143,2.165216,0.0881,0.5588
1787918235.986771,0.521866,1.636641,2.165168,0.0886,0.5588
1787918235.993380,0.521174,1.636663,2.164680,0.0805,0.5588
1787918236.000033,0.520623,1.636812,2.164194,0.0758,0.5453
1787918236.006495,0.519832,1.637060,2.163645,0.0831,0.5453
1787918236.013624,0.519980,1.637748,2.164457,0.0787,0.5453
1787918236.019783,0.519504,1.638227,2.164165,0.0874,0.5453
1787918236.026339,0.519202,1.638835,2.164876,0.0920,0.5453
1787918236.033859,0.518592,1.639286,2.164672,0.0929,0.5453
1787918236.040015,0.518247,1.639607,2.165555,0.0874,0.5453
1787918236.046739,0.517638,1.639964,2.165064,0.0896,0.5453
1787918236.053034,0.517351,1.640563,2.166003,0.0940,0.5453
1787918236.060433,0.516662,1.640742,2.166121,0.0875,0.5453
1787918236.067995,0.516585,1.641284,2.166979,0.0808,0.5453
1787918236.073085,0.516238,1.641948,2.167858,0.1004,0.5453
1787918236.079849,0.515974,1.642372,2.168669,0.0924,0.5453
1787918236.087844,0.516462,1.643509,2.171322,0.0895,0.5453
1787918236.093454,0.515352,1.643598,2.170858,0.1001,0.5453
1787918236.100660,0.515524,1.644313,2.172802,0.0906,0.5325
1787918236.107044,0.514916,1.644690,2.173064,0.0942,0.5325
1787918236.113062,0.514937,1.645281,2.174057,0.0896,0.5325
1787918236.120800,0.514267,1.645476,2.174679,0.0837,0.5325
1787918236.126687,0.513755,1.645809,2.175409,0.0874,0.5325
1787918236.133312,0.513756,1.646463,2.176830,0.0855,0.5325
1787918236.140289,0.513252,1.647038,2.177305,0.0925,0.5325
1787918236.146183,0.512947,1.647401,2.178033,0.0888,0.5325
1787918236.153585,0.512568,1.647837,2.178896,0.0854,0.5325
1787918236.159991,0.512210,1.648264,2.179965,0.0858,0.5325
1787918236.166623,0.511878,1.648414,2.180879,0.0742,0.5325
1787918236.173474,0.511685,1.649046,2.181607,0.0795,0.5325
1787918236.180150,0.511125,1.649328,2.181702,0.0804,0.5325
1787918236.186560,0.511215,1.650222,2.183309,0.0881,0.5325
1787918236.193769,0.510474,1.650474,2.183299,0.0880,0.5200
1787918236.201887,0.510106,1.650875,2.184020,0.0816,0.5200
1787918236.206894,0.509238,1.651117,2.183915,0.0989,0.5200
1787918236.213101,0.509083,1.651366,2.184789,0.0834,0.5200
1787918236.220466,0.508784,1.651855,2.185336,0.0816,0.5200
1787918236.226578,0.508144,1.652194,2.185442,0.0889,0.5200
1787918236.235216,0.507728,1.652387,2.186234,0.0760,0.5200
1787918236.239981,0.507345,1.652972,2.187147,0.0972,0.5200
1787918236.246573,0.507141,1.653592,2.188302,0.0964,0.5200
1787918236.253663,0.506671,1.653987,2.189125,0.0927,0.5200
1787918236.260028,0.506540,1.654627,2.190429,0.0930,0.5200
1787918236.267190,0.506139,1.655030,2.191246,0.0886,0.5200
1787918236.273435,0.505634,1.655472,2.191706,0.0934,0.5200
1787918236.280148,0.505440,1.655940,2.192759,0.0874,0.5200
1787918236.286437,0.505097,1.656709,2.194566,0.1005,0.5200
1787918236.293630,0.504595,1.657020,2.195255,0.0932,0.4914
1787918236.300907,0.504147,1.657634,2.195925,0.0965,0.4914
1787918236.307971,0.503978,1.658161,2.197014,0.0899,0.4914
1787918236.313969,0.503509,1.658506,2.197691,0.0907,0.4914
1787918236.319636,0.503068,1.658929,2.198378,0.0953,0.4914
1787918236.326443,0.502578,1.659566,2.198922,0.1021,0.4914
1787918236.333802,0.502365,1.660102,2.200041,0.0943,0.4914
1787918236.340017,0.501929,1.660603,2.200344,0.0979,0.4914
1787918236.346480,0.501760,1.661123,2.201905,0.0927,0.4914
1787918236.353393,0.501189,1.661729,2.202448,0.1007,0.4914
1787918236.359604,0.500752,1.662104,2.203374,0.0976,0.4914
1787918236.367009,0.500815,1.662814,2.205101,0.0900,0.4914
1787918236.375265,0.500298,1.663084,2.205479,0.0820,0.4914
1787918236.379827,0.499732,1.663490,2.205856,0.1010,0.4914
1787918236.386618,0.499082,1.663949,2.206651,0.1041,0.4914
1787918236.395551,0.498827,1.664549,2.208047,0.0941,0.4692
1787918236.400190,0.498190,1.664930,2.208610,0.1102,0.4692
1787918236.407206,0.498072,1.665626,2.209662,0.1041,0.4692
1787918236.412815,0.497715,1.666303,2.210555,0.1133,0.4692
1787918236.420380,0.496740,1.666420,2.210362,0.1061,0.4692
1787918236.427028,0.496482,1.666770,2.211584,0.0939,0.4692
1787918236.433295,0.496327,1.667445,2.212940,0.0960,0.4692
1787918236.442235,0.496126,1.668346,2.214554,0.0955,0.4692
1787918236.446475,0.495418,1.668711,2.214780,0.1176,0.4692
1787918236.453258,0.495141,1.669300,2.215917,0.1105,0.4692
1787918236.459958,0.495028,1.669833,2.217638,0.0994,0.4692
1787918236.466197,0.494631,1.670141,2.218503,0.0929,0.4692
1787918236.473480,0.494401,1.670784,2.219618,0.0919,0.4692
1787918236.480042,0.493402,1.670912,2.219500,0.0966,0.4692
1787918236.486631,0.492955,1.671461,2.220355,0.0998,0.4692
1787918236.494049,0.492522,1.671858,2.220783,0.0933,0.4692
1787918236.499601,0.492059,1.672189,2.221325,0.0947,0.4450
1787918236.509259,0.491666,1.672961,2.221955,0.0927,0.4450
1787918236.513595,0.491624,1.673680,2.223198,0.1062,0.4450
1787918236.519875,0.491095,1.674013,2.223647,0.1023,0.4450
1787918236.526700,0.490647,1.674739,2.224153,0.1089,0.4450
1787918236.533112,0.490316,1.675242,2.224715,0.1044,0.4450
1787918236.543189,0.489951,1.675757,2.225624,0.0918,0.4450
1787918236.546694,0.489267,1.675983,2.225494,0.1153,0.4450
1787918236.553561,0.488532,1.676482,2.226152,0.1175,0.4450
1787918236.559987,0.488159,1.676734,2.226819,0.1022,0.4450
1787918236.566551,0.487963,1.677083,2.227838,0.0896,0.4450
1787918236.573032,0.487296,1.677438,2.228172,0.0946,0.4450
1787918236.581266,0.486797,1.677780,2.229107,0.0872,0.4450
1787918236.586401,0.486780,1.678552,2.230278,0.0973,0.4450
1787918236.593325,0.486111,1.678846,2.230261,0.0960,0.4450
1787918236.600238,0.485821,1.679515,2.230832,0.0978,0.4272
1787918236.606672,0.485116,1.679968,2.230990,0.1053,0.4272
1787918236.614370,0.485579,1.680854,2.232764,0.0899,0.4272
1787918236.620295,0.484674,1.680999,2.232685,0.0969,0.4272
1787918236.626464,0.484294,1.681408,2.233171,0.0948,0.4272
1787918236.633053,0.483710,1.681760,2.233459,0.0954,0.4272
1787918236.639617,0.483436,1.682155,2.234424,0.0887,0.4272
1787918236.647282,0.482978,1.682598,2.234455,0.0868,0.4272
1787918236.652980,0.482732,1.683047,2.235283,0.0874,0.4272
1787918236.659932,0.482209,1.683466,2.235873,0.0893,0.4272
1787918236.666882,0.481673,1.683702,2.235969,0.0848,0.4272
1787918236.672962,0.481449,1.684312,2.236845,0.0898,0.4272
1787918236.679683,0.480867,1.684652,2.236965,0.0909,0.4272
1787918236.686939,0.480391,1.685187,2.237104,0.0932,0.4272
1787918236.693099,0.480165,1.685853,2.238099,0.0975,0.4272
1787918236.700161,0.479823,1.686411,2.238936,0.0959,0.4104
1787918236.706334,0.479607,1.687075,2.239911,0.0989,0.4104
1787918236.714035,0.479580,1.687411,2.241229,0.0802,0.4104
1787918236.720629,0.478510,1.687356,2.240850,0.0844,0.4104
1787918236.727484,0.478437,1.688049,2.241486,0.0848,0.4104
1787918236.733934,0.477698,1.688517,2.241385,0.0978,0.4104
1787918236.740269,0.477394,1.688918,2.241963,0.0923,0.4104
1787918236.747131,0.476592,1.689064,2.241584,0.0914,0.4104
1787918236.753957,0.476449,1.689532,2.242724,0.0840,0.4104
1787918236.759758,0.476071,1.690214,2.243386,0.0985,0.4104
1787918236.766441,0.475820,1.690919,2.244042,0.1008,0.4104
1787918236.773422,0.475846,1.691366,2.245236,0.0848,0.4104
1787918236.780096,0.474881,1.691598,2.244483,0.0946,0.4104
1787918236.786667,0.474480,1.692093,2.245392,0.0953,0.4104
1787918236.794118,0.474308,1.692462,2.246338,0.0826,-0.0000
1787918236.799645,0.473886,1.692837,2.246843,0.0881,-0.0000
1787918236.806616,0.473485,1.693378,2.247216,0.0906,-0.0000
1787918236.813374,0.473313,1.693959,2.248253,0.0883,-0.0000
1787918236.820054,0.472801,1.694080,2.248633,0.0805,-0.0000
1787918236.827492,0.472306,1.694404,2.248966,0.0790,-0.0000
1787918236.833836,0.472320,1.694886,2.250482,0.0726,-0.0000
1787918236.839795,0.472595,1.695405,2.251834,0.0624,-0.0000
1787918236.849476,0.472408,1.695670,2.252335,0.0537,-0.0000
1787918236.853142,0.472143,1.695979,2.252808,0.0709,-0.0000
1787918236.859742,0.472028,1.696423,2.253743,0.0686,-0.0000
1787918236.866821,0.471833,1.696295,2.253721,0.0490,-0.0000
1787918236.873444,0.471650,1.696494,2.253975,0.0465,-0.0000
1787918236.879853,0.471515,1.696463,2.254105,0.0354,-0.0000
1787918236.887243,0.471459,1.696456,2.254312,0.0261,-0.0000
1787918236.893254,0.471253,1.696282,2.254088,0.0180,-0.0000
1787918236.900777,0.471294,1.696181,2.253957,0.0084,-0.0000
1787918236.907435,0.471193,1.696160,2.253781,0.0081,-0.0000
1787918236.913067,0.471594,1.696134,2.253955,-0.0089,-0.0000
1787918236.920545,0.471879,1.696110,2.255333,-0.0142,-0.0000
1787918236.926584,0.471840,1.696105,2.255832,-0.0090,-0.0000
1787918236.933352,0.472031,1.695782,2.256414,-0.0227,-0.0000
1787918236.940379,0.472280,1.695852,2.257074,-0.0203,-0.0000
1787918236.946364,0.472337,1.695868,2.257528,-0.0154,-0.0000
1787918236.953312,0.472791,1.695842,2.258366,-0.0241,-0.0000
1787918236.960104,0.473202,1.695974,2.259131,-0.0239,-0.0000
1787918236.966940,0.472967,1.695533,2.258123,-0.0251,-0.0000
1787918236.973551,0.473210,1.695597,2.257872,-0.0223,-0.0000
1787918236.981441,0.473045,1.695400,2.256823,-0.0175,-0.0000
1787918236.986259,0.472757,1.695239,2.255332,-0.0087,-0.0000
1787918236.993052,0.472660,1.695120,2.253949,-0.0074,-0.0000
1787918237.000147,0.472372,1.695070,2.251989,0.0008,-0.0000
1787918237.006459,0.472107,1.694981,2.250390,0.0052,-0.0000
1787918237.013204,0.471792,1.694904,2.248894,0.0098,-0.0000
1787918237.021128,0.471576,1.694806,2.248019,0.0090,-0.0000
1787918237.026403,0.471330,1.694940,2.247636,0.0211,-0.0000
1787918237.033425,0.471444,1.695135,2.248269,0.0182,-0.0000
1787918237.039682,0.471683,1.695497,2.249418,0.0190,-0.0000
1787918237.047415,0.471604,1.695738,2.249953,0.0225,-0.0000
1787918237.054229,0.471700,1.696003,2.250992,0.0222,-0.0000
1787918237.060063,0.471760,1.696102,2.251499,0.0175,-0.0000
1787918237.066382,0.471645,1.696380,2.251802,0.0260,-0.0000
1787918237.073555,0.471752,1.696375,2.252354,0.0152,-0.0000
1787918237.079632,0.471736,1.696510,2.252614,0.0163,-0.0000
1787918237.086438,0.471800,1.696644,2.252845,0.0142,-0.0000
1787918237.094149,0.471971,1.696679,2.253067,0.0068,-0.0000
1787918237.100026,0.471868,1.696383,2.252385,-0.0036,-0.0000
1787918237.106611,0.471826,1.696468,2.251945,0.0016,-0.0000
1787918237.113854,0.471894,1.696317,2.251577,-0.0055,-0.0000
1787918237.119951,0.471914,1.696243,2.250987,-0.0073,-0.0000
1787918237.126807,0.471570,1.696072,2.250167,-0.0015,-0.0000
1787918237.133110,0.471673,1.695922,2.250225,-0.0096,-0.0000
1787918237.140331,0.471714,1.695903,2.250571,-0.0084,-0.0000
1787918237.146522,0.471636,1.695759,2.250349,-0.0090,-0.0000
1787918237.153183,0.471623,1.695677,2.250767,-0.0088,-0.0000
1787918237.159947,0.471680,1.695759,2.251120,-0.0049,-0.0000
1787918237.166975,0.471747,1.695667,2.251714,-0.0083,-0.0000
1787918237.172893,0.471771,1.695895,2.251733,0.0024,-0.0000
1787918237.179742,0.471594,1.695670,2.251741,-0.0011,-0.0000
1787918237.186778,0.471716,1.695840,2.251905,0.0016,-0.0000
1787918237.194527,0.471835,1.695754,2.251925,-0.0044,-0.0000
1787918237.199862,0.471694,1.695861,2.251678,0.0066,-0.0000
1787918237.206280,0.471446,1.695671,2.251189,0.0050,-0.0000
1787918237.214657,0.471572,1.695815,2.251211,0.0047,-0.0000
1787918237.220355,0.471537,1.695765,2.251004,0.0024,-0.0000
1787918237.226774,0.471549,1.695755,2.250860,0.0009,-0.0000
1787918237.233863,0.471456,1.695822,2.250640,0.0053,-0.0000
1787918237.241116,0.471587,1.695961,2.250748,0.0048,-0.0000
1787918237.246616,0.471583,1.695948,2.250799,0.0030,-0.0000
1787918237.253541,0.471555,1.696005,2.250991,0.0047,-0.0000
1787918237.261279,0.471613,1.696015,2.250919,0.0022,-0.0000
1787918237.268053,0.471692,1.696146,2.251547,0.0038,-0.0000
1787918237.274071,0.471513,1.696119,2.251295,0.0073,-0.0000
1787918237.279728,0.471550,1.696055,2.251300,0.0012,-0.0000
1787918237.286657,0.471786,1.696130,2.251864,-0.0030,-0.0000
1787918237.294101,0.471719,1.695972,2.251419,-0.0054,-0.0000
1787918237.300653,0.471609,1.696040,2.251291,0.0018,-0.0000
1787918237.306694,0.471495,1.695958,2.250943,0.0017,-0.0000
1787918237.313727,0.471662,1.695931,2.251267,-0.0042,-0.0000
1787918237.319940,0.471553,1.695981,2.250863,0.0022,-0.0000
1787918237.328778,0.471295,1.695900,2.250385,0.0049,-0.0000
1787918237.333213,0.471776,1.695886,2.251089,-0.0178,-0.0000
1787918237.339561,0.471897,1.696013,2.251155,-0.0114,-0.0000
1787918237.346843,0.471672,1.695815,2.250972,-0.0085,-0.0000
1787918237.352941,0.471599,1.695710,2.250928,-0.0077,-0.0000
1787918237.362785,0.471570,1.695683,2.251081,-0.0055,-0.0000
1787918237.366899,0.471725,1.695958,2.251229,0.0047,-0.0000
1787918237.373039,0.471455,1.695624,2.251011,-0.0011,-0.0000
1787918237.380402,0.471520,1.695904,2.251036,0.0064,-0.0000
1787918237.386353,0.471541,1.695883,2.251102,0.0030,-0.0000
1787918237.393767,0.471608,1.695912,2.251297,0.0013,-0.0000
1787918237.399970,0.471477,1.695867,2.250796,0.0032,-0.0000
1787918237.407357,0.471477,1.695885,2.250904,0.0028,-0.0000
1787918237.413955,0.471583,1.695945,2.251011,0.0011,-0.0000
1787918237.420642,0.471588,1.695935,2.250921,0.0002,-0.0000
1787918237.426749,0.471565,1.695943,2.250809,0.0012,-0.0000
1787918237.433470,0.471605,1.696014,2.250934,0.0022,-0.0000
1787918237.439645,0.471857,1.696166,2.251398,-0.0004,-0.0000
1787918237.446295,0.471494,1.695873,2.250638,-0.0003,-0.0000
1787918237.453529,0.471693,1.696019,2.251232,-0.0007,-0.0000
1787918237.459928,0.471778,1.696063,2.251367,-0.0014,-0.0000
1787918237.466500,0.471756,1.696037,2.251372,-0.0013,-0.0000
1787918237.473654,0.471683,1.695947,2.251239,-0.0019,-0.0000
1787918237.479673,0.471520,1.695914,2.250889,0.0025,-0.0000
1787918237.486612,0.471570,1.695977,2.250657,0.0025,-0.0000
1787918237.493674,0.471779,1.695943,2.251281,-0.0050,-0.0000
1787918237.501611,0.471641,1.695905,2.250913,-0.0013,-0.0000
1787918237.506770,0.471379,1.695709,2.250521,-0.0002,-0.0000
1787918237.514415,0.471753,1.695922,2.251255,-0.0028,-0.0000
1787918237.521865,0.471416,1.695692,2.250948,-0.0007,-0.0000
1787918237.526680,0.471370,1.695719,2.250370,0.0027,-0.0000
1787918237.534238,0.471691,1.695939,2.250979,0.0006,-0.0000
1787918237.540236,0.471701,1.696178,2.251362,0.0094,-0.0000
1787918237.546622,0.471341,1.695712,2.250505,0.0002,-0.0000
1787918237.553132,0.471633,1.696082,2.251189,0.0049,-0.0000
1787918237.560240,0.471646,1.696050,2.251070,0.0021,-0.0000
1787918237.567786,0.471547,1.695972,2.251129,0.0015,-0.0000
1787918237.573659,0.471485,1.695929,2.251056,0.0013,-0.0000
1787918237.580307,0.471457,1.695819,2.250788,-0.0021,-0.0000
1787918237.586265,0.471487,1.695970,2.251078,0.0034,-0.0000
1787918237.593786,0.471499,1.695911,2.250938,0.0003,-0.0000
1787918237.600163,0.471537,1.696009,2.250981,0.0027,-0.0000
1787918237.608001,0.471527,1.695868,2.250824,-0.0021,-0.0000
1787918237.613708,0.471694,1.696036,2.251213,-0.0001,-0.0000
1787918237.620005,0.471491,1.695810,2.250713,-0.0024,-0.0000
1787918237.626411,0.471465,1.695879,2.250796,0.0016,-0.0000
1787918237.635646,0.471692,1.696019,2.251062,0.0000,-0.0000
1787918237.639750,0.471715,1.696038,2.251345,0.0001,-0.0000
1787918237.647191,0.471231,1.695764,2.250375,0.0037,-0.0000
1787918237.654531,0.471614,1.696008,2.250998,0.0005,-0.0000
1787918237.660446,0.471683,1.695957,2.251099,-0.0039,-0.0000
1787918237.668717,0.471520,1.696041,2.251016,0.0034,-0.0000
1787918237.673780,0.471566,1.695805,2.250940,-0.0102,-0.0000
1787918237.681926,0.471440,1.695820,2.250812,-0.0038,-0.0000
1787918237.687160,0.471569,1.695976,2.251171,-0.0004,-0.0000
1787918237.694051,0.471686,1.695911,2.250926,-0.0057,-0.0000
1787918237.699816,0.471497,1.695869,2.250960,0.0005,-0.0000
1787918237.706895,0.471823,1.696095,2.251392,-0.0009,-0.0000
1787918237.713116,0.471573,1.695876,2.250960,-0.0012,-0.0000
1787918237.720985,0.471664,1.695952,2.251253,-0.0008,-0.0000
1787918237.729415,0.471486,1.695907,2.250763,0.0022,-0.0000
1787918237.733116,0.471558,1.695811,2.251082,-0.0082,-0.0000
1787918237.740834,0.471550,1.696009,2.250971,0.0005,-0.0000
1787918237.746281,0.471552,1.696006,2.250968,0.0001,-0.0000
1787918237.753174,0.471581,1.695930,2.250860,-0.0033,-0.0000
1787918237.759731,0.471602,1.695882,2.251166,-0.0046,-0.0000
1787918237.766452,0.471481,1.695760,2.250797,-0.0041,-0.0000
1787918237.774123,0.471538,1.695831,2.250676,-0.0021,-0.0000
1787918237.779827,0.471464,1.695887,2.250746,0.0033,-0.0000
1787918237.786546,0.471524,1.695865,2.250776,-0.0002,-0.0000
1787918237.793391,0.471666,1.696017,2.251035,0.0012,-0.0000
1787918237.799692,0.471492,1.695894,2.250707,0.0015,-0.0000
1787918237.808245,0.471569,1.696000,2.251009,0.0022,-0.0000
1787918237.813167,0.471574,1.695928,2.250841,-0.0020,-0.0000
1787918237.819810,0.471613,1.695931,2.251064,-0.0025,-0.0000
1787918237.826666,0.471459,1.695987,2.250814,0.0045,-0.0000
1787918237.833259,0.471564,1.695932,2.250778,-0.0019,-0.0000
1787918237.841145,0.471495,1.695947,2.250774,0.0008,-0.0000
1787918237.846736,0.471347,1.695828,2.250821,0.0006,-0.0000
1787918237.853534,0.471601,1.695962,2.250775,-0.0020,-0.0000
1787918237.859974,0.471551,1.695911,2.250904,-0.0018,-0.0000
1787918237.866891,0.471509,1.695771,2.250723,-0.0049,-0.0000
1787918237.873479,0.471450,1.695826,2.250758,0.0003,-0.0000
1787918237.879683,0.471579,1.695830,2.250761,-0.0036,-0.0000
1787918237.887239,0.471627,1.696012,2.250939,0.0019,-0.0000
1787918237.893063,0.471454,1.695917,2.250894,0.0031,-0.0000
1787918237.899904,0.471540,1.695927,2.250957,0.0002,-0.0000
1787918237.906595,0.471471,1.695990,2.250749,0.0043,-0.0000
1787918237.913101,0.471624,1.696046,2.251237,0.0005,-0.0000
1787918237.919949,0.471653,1.695996,2.251024,-0.0021,-0.0000
1787918237.926619,0.471393,1.695951,2.250784,0.0043,-0.0000
1787918237.933367,0.471572,1.695880,2.250861,-0.0045,-0.0000
1787918237.942836,0.471655,1.696038,2.251191,-0.0009,-0.0000
1787918237.946286,0.471506,1.695909,2.250762,-0.0012,-0.0000
1787918237.953366,0.471564,1.696012,2.250941,0.0010,-0.0000
1787918237.959394,0.471487,1.695879,2.251010,-0.0020,-0.0000
1787918237.966472,0.471564,1.696037,2.250810,0.0017,-0.0000
1787918237.977079,0.471652,1.695883,2.250887,-0.0037,-0.0000
1787918237.980360,0.471470,1.695897,2.251062,0.0089,-0.0000
1787918237.986236,0.471405,1.695885,2.250497,0.0078,-0.0000
1787918237.993769,0.471396,1.695780,2.250564,0.0025,-0.0000
1787918237.999716,0.471569,1.695890,2.251092,0.0005,-0.0000
1787918238.006788,0.471558,1.695944,2.250736,0.0025,-0.0000
1787918238.013590,0.471548,1.695987,2.250745,0.0035,-0.0000
1787918238.021645,0.471500,1.695882,2.251048,0.0005,-0.0000
1787918238.026898,0.471584,1.696034,2.250946,0.0041,-0.0000
1787918238.035316,0.471392,1.695935,2.250696,0.0044,-0.0000
1787918238.040380,0.471441,1.695776,2.250655,-0.0060,-0.0000
1787918238.047319,0.471393,1.695880,2.250640,0.0006,-0.0000
1787918238.053282,0.471383,1.695760,2.250465,-0.0040,-0.0000
1787918238.060842,0.471315,1.695834,2.250448,0.0012,-0.0000
1787918238.066536,0.471654,1.696122,2.251036,0.0014,-0.0000
1787918238.074560,0.471390,1.695740,2.250713,-0.0039,-0.0000
1787918238.079918,0.471442,1.695849,2.250895,0.0002,-0.0000
1787918238.087082,0.471375,1.695898,2.250632,0.0035,-0.0000
1787918238.093317,0.471574,1.695937,2.250813,-0.0021,-0.0000
1787918238.100004,0.471386,1.695794,2.250610,-0.0012,-0.3000
1787918238.106748,0.471396,1.695824,2.250569,-0.0001,-0.3000
1787918238.113088,0.471444,1.695933,2.250885,0.0025,-0.3000
1787918238.120031,0.471542,1.695991,2.250831,0.0011,-0.3000
1787918238.127066,0.471399,1.695806,2.250628,-0.0015,-0.3000
1787918238.133212,0.471531,1.695875,2.250849,-0.0025,-0.3000
1787918238.139964,0.471449,1.695917,2.251048,0.0020,-0.3000
1787918238.148460,0.471490,1.695947,2.250704,0.0013,-0.3000
1787918238.153793,0.471451,1.695882,2.250804,-0.0006,-0.3000
1787918238.159881,0.471410,1.695850,2.250755,-0.0004,-0.3000
1787918238.166569,0.471473,1.695910,2.250874,0.0001,-0.3000
1787918238.172918,0.471516,1.695891,2.250780,-0.0019,-0.3000
1787918238.180992,0.471752,1.696183,2.251212,0.0016,-0.3000
1787918238.186655,0.471599,1.696032,2.251681,-0.0000,-0.3000
1787918238.193081,0.471651,1.696116,2.252334,0.0015,-0.3000
1787918238.200261,0.471697,1.696244,2.253276,0.0040,-0.6000
1787918238.206399,0.471583,1.696258,2.253500,0.0069,-0.6000
1787918238.213323,0.471861,1.696576,2.254265,0.0079,-0.6000
1787918238.220483,0.471719,1.696215,2.254010,-0.0025,-0.6000
1787918238.227651,0.471508,1.696185,2.252662,0.0029,-0.6000
1787918238.233483,0.471532,1.696308,2.252780,0.0062,-0.6000
1787918238.239937,0.471617,1.696381,2.252195,0.0045,-0.6000
1787918238.246267,0.471593,1.696289,2.251443,0.0004,-0.6000
1787918238.253146,0.471444,1.696288,2.250223,0.0043,-0.6000
1787918238.259838,0.471340,1.696197,2.249112,0.0028,-0.6000
1787918238.266695,0.471167,1.696189,2.247741,0.0064,-0.6000
1787918238.273288,0.470835,1.695955,2.246529,0.0056,-0.6000
1787918238.283593,0.470743,1.695760,2.245442,0.0012,-0.6000
1787918238.287747,0.470699,1.695969,2.245111,0.0146,-0.6000
1787918238.294177,0.470963,1.696013,2.245488,0.0041,-0.6000
1787918238.299733,0.470802,1.696093,2.245647,0.0117,-0.7000
1787918238.306710,0.470928,1.696253,2.246139,0.0102,-0.7000
1787918238.313936,0.471224,1.696435,2.246772,0.0053,-0.7000
1787918238.321109,0.471119,1.696464,2.246481,0.0074,-0.7000
1787918238.326545,0.471138,1.696433,2.246414,0.0032,-0.7000
1787918238.334049,0.471102,1.696471,2.245777,0.0043,-0.7000
1787918238.341103,0.471376,1.696571,2.245928,-0.0009,-0.7000
1787918238.346807,0.470980,1.696244,2.244455,-0.0011,-0.7000
1787918238.353863,0.471188,1.696469,2.244107,0.0012,-0.7000
1787918238.359967,0.470936,1.696197,2.242307,-0.0019,-0.7000
1787918238.366360,0.471020,1.696249,2.241587,-0.0019,-0.7000
1787918238.372913,0.470863,1.695966,2.239584,-0.0070,-0.7000
1787918238.380216,0.470862,1.695959,2.238637,-0.0051,-0.7000
1787918238.388749,0.471066,1.695709,2.237263,-0.0149,-0.7000
1787918238.393077,0.470804,1.695521,2.235864,-0.0095,-0.7000
1787918238.399813,0.470908,1.695584,2.235062,-0.0073,-0.7000
1787918238.406965,0.470537,1.695274,2.233028,-0.0058,-0.7000
1787918238.413148,0.470458,1.695326,2.232726,0.0003,-0.7000
1787918238.423584,0.470463,1.695094,2.231955,-0.0051,-0.7000
1787918238.426598,0.470356,1.695131,2.231273,0.0059,-0.7000
1787918238.433250,0.470179,1.695140,2.231120,0.0093,-0.7000
1787918238.440389,0.470490,1.695334,2.231623,0.0049,-0.7000
1787918238.446595,0.470467,1.695652,2.232167,0.0163,-0.7000
1787918238.454749,0.470092,1.695262,2.231778,0.0085,-0.7000
1787918238.460259,0.470655,1.695788,2.233038,0.0097,-0.7000
1787918238.466455,0.470483,1.695892,2.233225,0.0159,-0.7000
1787918238.473588,0.470473,1.695745,2.233394,0.0065,-0.7000
1787918238.480097,0.470457,1.695830,2.233455,0.0081,-0.7000
1787918238.488148,0.470359,1.696020,2.233730,0.0135,-0.7000
1787918238.493252,0.470663,1.695956,2.233886,-0.0045,-0.7000
1787918238.499917,0.470153,1.695668,2.233112,0.0007,-0.7000
1787918238.506850,0.470337,1.695808,2.232913,0.0004,-0.7000
1787918238.513394,0.470125,1.695465,2.232636,-0.0062,-0.7000
1787918238.519657,0.470277,1.695614,2.232799,-0.0031,-0.7000
1787918238.526295,0.470096,1.695386,2.232210,-0.0053,-0.7000
1787918238.533766,0.470165,1.695283,2.232270,-0.0087,-0.7000
1787918238.539891,0.470143,1.695047,2.232198,-0.0145,-0.7000
1787918238.546788,0.470120,1.695067,2.232252,-0.0089,-0.7000
1787918238.553668,0.470088,1.694983,2.232160,-0.0083,-0.7000
1787918238.559796,0.470241,1.694624,2.232621,-0.0242,-0.7000
1787918238.566799,0.470726,1.694657,2.234169,-0.0286,-0.7000
1787918238.572931,0.470576,1.694208,2.234673,-0.0328,-0.7000
1787918238.580530,0.471265,1.694189,2.236862,-0.0404,-0.7000
1787918238.586624,0.471352,1.693865,2.238554,-0.0434,-0.7000
1787918238.596131,0.472096,1.693618,2.240667,-0.0511,-0.7000
1787918238.599885,0.472028,1.693333,2.241613,-0.0502,-0.7000
1787918238.606109,0.472245,1.692589,2.242778,-0.0697,-0.7000
1787918238.613642,0.472818,1.692202,2.244537,-0.0751,-0.7000
1787918238.620208,0.473506,1.691617,2.246623,-0.0931,-0.7000
1787918238.628066,0.473693,1.691051,2.247737,-0.0865,-0.7000
1787918238.634230,0.474097,1.690453,2.249528,-0.0955,-0.7000
1787918238.640053,0.474910,1.689662,2.251629,-0.1249,-0.7000
1787918238.648246,0.475560,1.689283,2.253532,-0.1132,-0.7000
1787918238.653348,0.475675,1.688084,2.253892,-0.1382,-0.7000
1787918238.660630,0.476317,1.687122,2.255479,-0.1442,-0.7000
1787918238.666277,0.476896,1.686602,2.256156,-0.1418,-0.7000
1787918238.673701,0.477103,1.685413,2.256919,-0.1417,-0.7000
1787918238.679643,0.477829,1.684527,2.257619,-0.1570,-0.7000
1787918238.686580,0.478603,1.683941,2.259219,-0.1508,-0.7000
1787918238.694196,0.478941,1.682776,2.260129,-0.1494,-0.7000
1787918238.699982,0.479090,1.681698,2.260417,-0.1526,-0.7000
1787918238.706740,0.479996,1.681400,2.262799,-0.1427,-0.7000
1787918238.713428,0.480352,1.680123,2.263460,-0.1542,-0.7000
1787918238.719836,0.480820,1.679275,2.265081,-0.1524,-0.7000
1787918238.726833,0.481222,1.678156,2.266617,-0.1546,-0.7000
1787918238.733148,0.482112,1.677613,2.268555,-0.1552,-0.7000
1787918238.740132,0.482458,1.676531,2.270556,-0.1537,-0.7000
1787918238.746567,0.483186,1.675772,2.272497,-0.1565,-0.7000
1787918238.754329,0.483861,1.675111,2.274801,-0.1459,-0.7000
1787918238.762041,0.484360,1.673925,2.276947,-0.1499,-0.7000
1787918238.766476,0.485248,1.673318,2.279082,-0.1751,-0.7000
1787918238.773602,0.485841,1.672590,2.281350,-0.1621,-0.7000
1787918238.779991,0.486464,1.671652,2.283476,-0.1660,-0.7000
1787918238.787134,0.486904,1.670814,2.284937,-0.1548,-0.7000
1787918238.795888,0.488185,1.670035,2.288093,-0.1574,-0.7000
1787918238.799640,0.488229,1.668756,2.289129,-0.1895,-0.7000
1787918238.806666,0.489107,1.667971,2.291784,-0.1826,-0.7000
1787918238.813415,0.490269,1.667064,2.294612,-0.1922,-0.7000
1787918238.820327,0.490473,1.665782,2.295902,-0.1820,-0.7000
1787918238.826789,0.491459,1.665381,2.299022,-0.1718,-0.7000
1787918238.833452,0.491628,1.663696,2.299741,-0.1819,-0.7000
1787918238.841347,0.492977,1.663421,2.303626,-0.1694,-0.7000
1787918238.847563,0.493606,1.662264,2.305457,-0.1803,-0.7000
1787918238.853327,0.493801,1.661017,2.306770,-0.1812,-0.7000
1787918238.859859,0.494768,1.660539,2.309317,-0.1730,-0.7000
1787918238.866834,0.495472,1.659457,2.311440,-0.1759,-0.7000
1787918238.873187,0.495830,1.658266,2.312486,-0.1760,-0.7000
1787918238.879916,0.496449,1.657570,2.314679,-0.1647,-0.7000
1787918238.887019,0.497359,1.656830,2.316309,-0.1643,-0.7000
1787918238.893575,0.497869,1.655863,2.318075,-0.1633,-0.7000
1787918238.900644,0.498158,1.654768,2.318708,-0.1568,-0.7000
1787918238.906359,0.498684,1.653877,2.320406,-0.1628,-0.7000
1787918238.913766,0.499254,1.653078,2.322295,-0.1534,-0.7000
1787918238.919823,0.499867,1.652491,2.323421,-0.1493,-0.7000
1787918238.926500,0.500500,1.651695,2.325081,-0.1501,-0.7000
1787918238.935309,0.500815,1.650737,2.326504,-0.1361,-0.7000
1787918238.939924,0.501402,1.650331,2.327689,-0.1407,-0.7000
1787918238.947956,0.501872,1.649600,2.329466,-0.1304,-0.7000
1787918238.955267,0.502316,1.648817,2.330872,-0.1271,-0.7000
1787918238.959820,0.502974,1.648281,2.332598,-0.1444,-0.7000
1787918238.967796,0.503470,1.647958,2.334328,-0.1228,-0.7000
1787918238.973715,0.503863,1.647163,2.335653,-0.1288,-0.7000
1787918238.980004,0.504494,1.646325,2.337167,-0.1398,-0.7000
1787918238.986496,0.504881,1.645851,2.338739,-0.1261,-0.7000
1787918238.993928,0.505715,1.645616,2.341203,-0.1185,-0.7000
1787918239.000753,0.506067,1.644697,2.342281,-0.1227,-0.7000
1787918239.006859,0.506918,1.644246,2.344493,-0.1310,-0.7000
1787918239.013032,0.507444,1.643680,2.346517,-0.1292,-0.7000
1787918239.019950,0.508185,1.643289,2.349182,-0.1251,-0.7000
1787918239.026653,0.509047,1.642378,2.351029,-0.1437,-0.7000
1787918239.044516,0.509464,1.641950,2.353110,-0.1106,-0.7000
1787918239.047992,0.509857,1.640947,2.355064,-0.1626,-0.7000
1787918239.049710,0.511031,1.640373,2.357778,-0.3297,-0.7000
1787918239.053239,0.511504,1.639571,2.360030,-0.3074,-0.7000
1787918239.060276,0.512397,1.638829,2.362595,-0.2645,-0.7000
1787918239.066455,0.513070,1.637987,2.365137,-0.2371,-0.7000
1787918239.073220,0.514220,1.637308,2.368487,-0.2235,-0.7000
1787918239.080753,0.515039,1.636382,2.370627,-0.2056,-0.7000
1787918239.086405,0.515351,1.635251,2.372161,-0.1975,-0.7000
1787918239.092802,0.516933,1.634787,2.376009,-0.2068,-0.7000
1787918239.103133,0.517218,1.633528,2.376858,-0.1761,-0.7000
1787918239.106334,0.517960,1.632731,2.379070,-0.2252,-0.7000
1787918239.113361,0.519117,1.631815,2.381526,-0.2203,-0.7000
1787918239.119736,0.519753,1.630797,2.383496,-0.2089,-0.7000
1787918239.127109,0.520609,1.629839,2.385968,-0.1983,-0.7000
1787918239.133565,0.521337,1.628763,2.387956,-0.1977,-0.7000
1787918239.140246,0.521932,1.627570,2.389824,-0.1945,-0.7000
1787918239.147403,0.522787,1.626585,2.391836,-0.1905,-0.7000
1787918239.153514,0.523625,1.625672,2.395181,-0.1940,-0.7000
1787918239.160699,0.524372,1.624774,2.397028,-0.1841,-0.7000
1787918239.166859,0.525392,1.623638,2.400413,-0.2029,-0.7000
1787918239.173795,0.526022,1.622761,2.402922,-0.1877,-0.7000
1787918239.182049,0.527159,1.622017,2.405969,-0.1802,-0.7000
1787918239.186493,0.527716,1.620869,2.407891,-0.2060,-0.7000
1787918239.193537,0.528631,1.620196,2.410100,-0.1923,-0.7000
1787918239.199785,0.529492,1.619252,2.413120,-0.1956,-0.7000
1787918239.206604,0.530171,1.618252,2.414612,-0.1885,-0.7000
1787918239.213580,0.530745,1.617346,2.417108,-0.1763,-0.7000
1787918239.219934,0.531759,1.616574,2.419202,-0.1834,-0.7000
1787918239.226599,0.532335,1.615884,2.421522,-0.1683,-0.7000
1787918239.233047,0.532562,1.614643,2.421999,-0.1639,-0.7000
1787918239.240177,0.533788,1.614174,2.424577,-0.1665,-0.7000
1787918239.246379,0.534263,1.613433,2.426531,-0.1575,-0.7000
1787918239.253232,0.534604,1.612208,2.427192,-0.1566,-0.7000
1787918239.260429,0.535693,1.611873,2.429775,-0.1531,-0.7000
1787918239.266236,0.536339,1.611056,2.431926,-0.1600,-0.7000
1787918239.274454,0.536979,1.610125,2.433527,-0.1519,-0.7000
1787918239.280081,0.537779,1.609770,2.436008,-0.1511,-0.7000
1787918239.286967,0.538362,1.609088,2.437559,-0.1443,-0.7000
1787918239.293046,0.538980,1.608432,2.439542,-0.1452,-0.7000
1787918239.300667,0.539608,1.607360,2.441338,-0.1477,-0.7000
1787918239.307836,0.540454,1.607190,2.443494,-0.1351,-0.7000
1787918239.313171,0.541082,1.606421,2.445512,-0.1494,-0.7000
1787918239.320114,0.542221,1.605524,2.448505,-0.1672,-0.7000
1787918239.326413,0.542590,1.604968,2.450410,-0.1475,-0.7000
1787918239.333146,0.543728,1.604450,2.453153,-0.1570,-0.7000
1787918239.340274,0.544413,1.603211,2.455093,-0.1653,-0.7000
1787918239.346152,0.545315,1.602963,2.457876,-0.1594,-0.7000
1787918239.353330,0.545916,1.602134,2.460160,-0.1529,-0.7000
1787918239.359829,0.547103,1.601189,2.462108,-0.1771,-0.7000
1787918239.367420,0.547989,1.601014,2.465045,-0.1556,-0.7000
1787918239.373331,0.548748,1.599636,2.467208,-0.1827,-0.7000
1787918239.379742,0.549519,1.598990,2.469038,-0.1749,-0.7000
1787918239.386629,0.550430,1.597980,2.471836,-0.1809,-0.7000
1787918239.393383,0.551339,1.597311,2.473899,-0.1767,-0.7000
1787918239.400346,0.552005,1.596241,2.475968,-0.1747,-0.7000
1787918239.409441,0.553233,1.595966,2.478787,-0.1598,-0.7000
1787918239.413274,0.554209,1.594914,2.480957,-0.2228,-0.7000
1787918239.419966,0.555113,1.593792,2.483003,-0.2188,-0.7000
1787918239.426466,0.555698,1.592863,2.484974,-0.2007,-0.7000
1787918239.433088,0.556582,1.591973,2.487491,-0.1968,-0.7000
1787918239.439877,0.557634,1.591116,2.490076,-0.1977,-0.7000
1787918239.447324,0.558443,1.590194,2.492746,-0.1868,-0.7000
1787918239.452951,0.559326,1.589333,2.494749,-0.1960,-0.7000
1787918239.460015,0.560628,1.589061,2.497846,-0.1883,-0.7000
1787918239.467821,0.561228,1.587767,2.499592,-0.1801,-0.7000
1787918239.472983,0.561783,1.587036,2.500845,-0.1773,-0.7000
1787918239.480549,0.563105,1.586418,2.504464,-0.1808,-0.7000
1787918239.486745,0.563819,1.585415,2.505233,-0.1833,-0.7000
1787918239.493770,0.564233,1.584441,2.506932,-0.1672,-0.7000
1787918239.499618,0.565482,1.584023,2.509566,-0.1814,-0.7000
1787918239.506584,0.565969,1.582946,2.510999,-0.1713,-0.7000
1787918239.513413,0.566849,1.582160,2.513212,-0.1715,-0.7000
1787918239.520010,0.567910,1.581604,2.515586,-0.1739,-0.7000
1787918239.527471,0.568660,1.581210,2.517457,-0.1555,-0.7000
1787918239.532921,0.569188,1.580072,2.518921,-0.1690,-0.7000
1787918239.540660,0.569810,1.579329,2.520339,-0.1547,-0.7000
1787918239.546510,0.570534,1.578820,2.522382,-0.1537,-0.7000
1787918239.553356,0.571807,1.578467,2.524946,-0.1620,-0.7000
1787918239.559897,0.572176,1.577614,2.526262,-0.1498,-0.7000
1787918239.566329,0.573176,1.577099,2.528717,-0.1568,-0.7000
1787918239.573614,0.574210,1.576528,2.530915,-0.1582,-0.7000
1787918239.581213,0.574613,1.575752,2.532172,-0.1413,-0.7000
1787918239.586586,0.575398,1.575208,2.534531,-0.1523,-0.7000
1787918239.593342,0.576474,1.574493,2.536318,-0.1639,-0.7000
1787918239.599494,0.577405,1.574005,2.538515,-0.1656,-0.6975
1787918239.606732,0.578037,1.573448,2.540576,-0.1506,-0.6975
1787918239.614571,0.578987,1.572601,2.542368,-0.1537,-0.6975
1787918239.619630,0.579947,1.572281,2.545054,-0.1654,-0.6975
1787918239.626272,0.580678,1.571699,2.546591,-0.1578,-0.6975
1787918239.634233,0.581591,1.570905,2.548633,-0.1557,-0.6975
1787918239.639519,0.582168,1.570166,2.550197,-0.1596,-0.6975
1787918239.646602,0.583244,1.569571,2.553308,-0.1636,-0.6975
1787918239.654029,0.584304,1.568969,2.556065,-0.1637,-0.6975
1787918239.660020,0.585252,1.568588,2.557603,-0.1647,-0.6975
1787918239.666992,0.585919,1.567750,2.559722,-0.1591,-0.6975
1787918239.673533,0.587128,1.566974,2.561525,-0.1772,-0.6975
1787918239.679766,0.587836,1.566151,2.563617,-0.1742,-0.6975
1787918239.686977,0.588633,1.565564,2.565026,-0.1631,-0.6975
1787918239.694181,0.589704,1.564776,2.566982,-0.1694,-0.6883
1787918239.700171,0.590525,1.564131,2.568793,-0.1707,-0.6883
1787918239.706577,0.591471,1.563356,2.570552,-0.1764,-0.6883
1787918239.716705,0.591972,1.562828,2.571479,-0.1444,-0.6883
1787918239.720131,0.592722,1.561650,2.572678,-0.2120,-0.6883
1787918239.726836,0.593656,1.561457,2.574963,-0.1883,-0.6883
1787918239.733397,0.594385,1.560580,2.575950,-0.1814,-0.6883
1787918239.740005,0.595221,1.560056,2.577889,-0.1718,-0.6883
1787918239.746738,0.595835,1.559398,2.579394,-0.1590,-0.6883
1787918239.754532,0.596991,1.559094,2.581878,-0.1553,-0.6883
1787918239.759707,0.597683,1.558225,2.583560,-0.1694,-0.6883
1787918239.766453,0.598147,1.557781,2.585114,-0.1465,-0.6883
1787918239.774288,0.599144,1.557471,2.587612,-0.1413,-0.6883
1787918239.780249,0.599927,1.556983,2.589333,-0.1453,-0.6883
1787918239.786609,0.600614,1.556471,2.591320,-0.1420,-0.6883
1787918239.794024,0.601422,1.555931,2.593526,-0.1387,-0.6883
1787918239.799766,0.601908,1.555563,2.595349,-0.1288,-0.6870
1787918239.806520,0.602534,1.555081,2.596546,-0.1250,-0.6870
1787918239.813338,0.603676,1.554585,2.599246,-0.1418,-0.6870
1787918239.820111,0.604286,1.553905,2.601061,-0.1379,-0.6870
1787918239.826729,0.604866,1.553322,2.602402,-0.1327,-0.6870
1787918239.833472,0.605714,1.553190,2.604658,-0.1283,-0.6870
1787918239.841673,0.606642,1.552569,2.607126,-0.1306,-0.6870
1787918239.846683,0.607357,1.551920,2.608638,-0.1480,-0.6870
1787918239.853250,0.607973,1.551718,2.610771,-0.1326,-0.6870
1787918239.859918,0.608778,1.550652,2.611748,-0.1483,-0.6870
1787918239.866210,0.609602,1.550513,2.613686,-0.1411,-0.6870
1787918239.873061,0.610607,1.549981,2.615367,-0.1485,-0.6870
1787918239.880007,0.611211,1.549310,2.616567,-0.1411,-0.6870
1787918239.888492,0.611964,1.549173,2.618978,-0.1242,-0.6870
1787918239.893595,0.612630,1.548539,2.620489,-0.1395,-0.6870
1787918239.899786,0.613024,1.547702,2.621803,-0.1344,-0.6907
1787918239.906262,0.614281,1.547766,2.624336,-0.1432,-0.6907
1787918239.913689,0.614895,1.547239,2.626025,-0.1323,-0.6907
1787918239.921566,0.615908,1.546715,2.628001,-0.1360,-0.6907
1787918239.926906,0.616389,1.546208,2.629207,-0.1328,-0.6907
1787918239.933277,0.617382,1.545805,2.631493,-0.1430,-0.6907
1787918239.940361,0.618242,1.545208,2.632873,-0.1442,-0.6907
1787918239.947582,0.619066,1.545140,2.634841,-0.1323,-0.6907
1787918239.953184,0.619539,1.544379,2.636577,-0.1345,-0.6907
1787918239.960647,0.620154,1.543580,2.637519,-0.1313,-0.6907
1787918239.966512,0.621213,1.543667,2.639946,-0.1372,-0.6907
1787918239.973306,0.621777,1.542989,2.641308,-0.1323,-0.6907
1787918239.981650,0.622651,1.542471,2.643578,-0.1291,-0.6907
1787918239.986509,0.623373,1.541867,2.644991,-0.1473,-0.6907
1787918239.993484,0.624049,1.541477,2.647548,-0.1367,-0.6907
1787918240.000066,0.625050,1.541181,2.649493,-0.1422,-0.6773
1787918240.006510,0.626406,1.541216,2.652426,-0.1545,-0.6773
1787918240.013281,0.627088,1.540350,2.653801,-0.1529,-0.6773
1787918240.024096,0.627871,1.540042,2.656291,-0.1302,-0.6773
1787918240.026146,0.628983,1.539567,2.657882,-0.2676,-0.6773
1787918240.034078,0.629510,1.538802,2.659587,-0.2184,-0.6773
1787918240.040575,0.630287,1.538444,2.661039,-0.1923,-0.6773
1787918240.047206,0.631058,1.537651,2.662717,-0.1821,-0.6773
1787918240.053493,0.631621,1.537128,2.664060,-0.1628,-0.6773
1787918240.061634,0.632724,1.536790,2.666094,-0.1558,-0.6773
1787918240.066860,0.633426,1.536266,2.667965,-0.1586,-0.6773
1787918240.073430,0.633738,1.535729,2.668823,-0.1349,-0.6773
1787918240.079776,0.634461,1.535177,2.670328,-0.1367,-0.6773
1787918240.086488,0.635199,1.534552,2.672004,-0.1377,-0.6773
1787918240.094207,0.636097,1.534514,2.673980,-0.1283,-0.6632
1787918240.099818,0.636493,1.533994,2.674994,-0.1212,-0.6632
1787918240.106681,0.636959,1.533227,2.676009,-0.1181,-0.6632
1787918240.113587,0.637731,1.533066,2.678255,-0.1158,-0.6632
1787918240.120504,0.638564,1.532837,2.680112,-0.1178,-0.6632
1787918240.127907,0.639110,1.532594,2.681958,-0.1067,-0.6632
1787918240.133247,0.639566,1.532260,2.683421,-0.1060,-0.6632
1787918240.141822,0.640124,1.531705,2.685029,-0.1003,-0.6632
1787918240.146589,0.640455,1.531203,2.686223,-0.1028,-0.6632
1787918240.152768,0.641160,1.530812,2.687719,-0.1110,-0.6632
1787918240.160691,0.641743,1.530366,2.689158,-0.1050,-0.6632
1787918240.166805,0.642443,1.530418,2.691112,-0.1033,-0.6632
1787918240.173824,0.643047,1.530104,2.692805,-0.1014,-0.6632
1787918240.180027,0.643508,1.529542,2.693498,-0.1029,-0.6632
1787918240.186590,0.644320,1.529171,2.694887,-0.1128,-0.6632
1787918240.195622,0.644901,1.529030,2.696381,-0.0984,-0.6559
1787918240.199852,0.645668,1.528975,2.698312,-0.1197,-0.6559
1787918240.206369,0.645948,1.528362,2.698721,-0.1075,-0.6559
1787918240.213509,0.646309,1.528052,2.699685,-0.0945,-0.6559
1787918240.219620,0.647015,1.527594,2.700753,-0.1071,-0.6559
1787918240.228667,0.647329,1.527514,2.701861,-0.0856,-0.6559
1787918240.233783,0.647885,1.527084,2.702585,-0.1001,-0.6559
1787918240.239543,0.648628,1.526858,2.704041,-0.1101,-0.6559
1787918240.246966,0.649186,1.526574,2.705247,-0.1024,-0.6559
1787918240.253553,0.649731,1.526521,2.706253,-0.0952,-0.6559
1787918240.261190,0.650237,1.525973,2.707234,-0.0937,-0.6559
1787918240.267119,0.650831,1.525586,2.708608,-0.1011,-0.6559
1787918240.273221,0.651396,1.525352,2.710132,-0.1008,-0.6559
1787918240.279510,0.651705,1.524744,2.710540,-0.0961,-0.6559
1787918240.287027,0.652329,1.524977,2.712527,-0.0860,-0.6559
1787918240.293293,0.652991,1.524421,2.713509,-0.1001,-0.6559
1787918240.301177,0.653632,1.524000,2.714642,-0.0989,-0.6625
1787918240.307228,0.654273,1.524241,2.716778,-0.0933,-0.6625
1787918240.312807,0.654655,1.523576,2.717523,-0.0987,-0.6625
1787918240.319896,0.655502,1.523715,2.719245,-0.0994,-0.6625
1787918240.326545,0.655972,1.522991,2.720299,-0.1023,-0.6625
1787918240.333618,0.656716,1.522873,2.721227,-0.1024,-0.6625
1787918240.340101,0.657422,1.522632,2.723019,-0.1061,-0.6625
1787918240.346446,0.657980,1.521995,2.723852,-0.1106,-0.6625
1787918240.353427,0.658477,1.521866,2.725032,-0.0992,-0.6625
1787918240.360158,0.659014,1.521629,2.726000,-0.0956,-0.6625
1787918240.366305,0.659484,1.521402,2.727988,-0.0924,-0.6625
1787918240.373333,0.660046,1.521012,2.729177,-0.0933,-0.6625
1787918240.380597,0.660528,1.520460,2.730118,-0.0927,-0.6625
1787918240.391809,0.661153,1.520456,2.731870,-0.0803,-0.6625
1787918240.394685,0.661742,1.520117,2.733110,-0.1266,-0.6625
1787918240.401567,0.662480,1.519679,2.734711,-0.1257,-0.6468
1787918240.406512,0.662915,1.519392,2.735780,-0.1191,-0.6468
1787918240.413142,0.663490,1.519096,2.736598,-0.1126,-0.6468
1787918240.420689,0.664098,1.518579,2.738221,-0.1091,-0.6468
1787918240.426570,0.664605,1.518557,2.739299,-0.1006,-0.6468
1787918240.433526,0.665439,1.518379,2.740930,-0.1066,-0.6468
1787918240.440250,0.666252,1.518129,2.743059,-0.1123,-0.6468
1787918240.449238,0.666678,1.517796,2.744343,-0.0960,-0.6468
1787918240.454427,0.667184,1.517468,2.745433,-0.1015,-0.6468
1787918240.460577,0.667770,1.516770,2.746590,-0.1106,-0.6468
1787918240.466678,0.668442,1.516607,2.747837,-0.1110,-0.6468
1787918240.475049,0.669033,1.516326,2.749252,-0.1011,-0.6468
1787918240.480003,0.669695,1.516253,2.749956,-0.1095,-0.6468
1787918240.486466,0.670422,1.516119,2.751598,-0.1102,-0.6468
1787918240.492821,0.670967,1.515816,2.752653,-0.1064,-0.6468
1787918240.503536,0.671379,1.515297,2.754016,-0.0907,-0.6431
1787918240.506938,0.672103,1.515295,2.755669,-0.1226,-0.6431
1787918240.514348,0.672797,1.515105,2.757317,-0.1148,-0.6431
1787918240.519763,0.673497,1.514714,2.758878,-0.1244,-0.6431
1787918240.526624,0.673988,1.514664,2.760579,-0.1078,-0.6431
1787918240.536077,0.674439,1.513836,2.761693,-0.0985,-0.6431
1787918240.540009,0.675016,1.513346,2.762797,-0.1237,-0.6431
1787918240.546535,0.675860,1.513381,2.765039,-0.1221,-0.6431
1787918240.553699,0.676429,1.513194,2.766648,-0.1105,-0.6431
1787918240.560014,0.677328,1.512785,2.768106,-0.1242,-0.6431
1787918240.567770,0.677886,1.512559,2.769569,-0.1103,-0.6431
1787918240.573952,0.678553,1.512004,2.770874,-0.1171,-0.6431
1787918240.579683,0.679028,1.511559,2.771756,-0.1136,-0.6431
1787918240.587041,0.679547,1.511270,2.773379,-0.1035,-0.6431
1787918240.593450,0.680194,1.511160,2.774909,-0.1026,-0.6337
1787918240.599802,0.680711,1.510641,2.775941,-0.1033,-0.6337
1787918240.607007,0.681556,1.510645,2.777313,-0.1052,-0.6337
1787918240.613015,0.681950,1.510231,2.778089,-0.0993,-0.6337
1787918240.620096,0.682568,1.509895,2.779700,-0.0990,-0.6337
1787918240.626820,0.682848,1.509667,2.780820,-0.0846,-0.6337
1787918240.633144,0.683378,1.509264,2.781629,-0.0895,-0.6337
1787918240.640116,0.683957,1.508685,2.782316,-0.0947,-0.6337
1787918240.646463,0.684459,1.508715,2.783752,-0.0881,-0.6337
1787918240.653034,0.684933,1.508317,2.784252,-0.0883,-0.6337
1787918240.660265,0.685894,1.508521,2.786249,-0.0962,-0.6337
1787918240.666135,0.686226,1.507896,2.786791,-0.0944,-0.6337
1787918240.672941,0.686655,1.507969,2.788491,-0.0827,-0.6337
1787918240.680207,0.687258,1.507556,2.788877,-0.0871,-0.6337
1787918240.686777,0.687565,1.507317,2.790224,-0.0779,-0.6337
1787918240.692910,0.688203,1.506800,2.791723,-0.0925,-0.6337
1787918240.700170,0.688718,1.506939,2.793331,-0.0828,-0.6325
1787918240.708889,0.689033,1.506734,2.794023,-0.0706,-0.6325
1787918240.713718,0.689421,1.506414,2.794837,-0.0788,-0.6325
1787918240.719859,0.689937,1.505890,2.795908,-0.0876,-0.6325
1787918240.726461,0.690235,1.505981,2.796809,-0.0726,-0.6325
1787918240.733613,0.690778,1.505610,2.797253,-0.0775,-0.6325
1787918240.741023,0.691168,1.505056,2.798066,-0.0767,-0.6325
1787918240.746806,0.691863,1.505039,2.799319,-0.0879,-0.6325
1787918240.753329,0.692242,1.504941,2.800287,-0.0795,-0.6325
1787918240.761218,0.692801,1.504879,2.801481,-0.0765,-0.6325
1787918240.766790,0.693489,1.504948,2.803177,-0.0872,-0.6325
1787918240.773347,0.694061,1.504630,2.803932,-0.0906,-0.6325
1787918240.779736,0.694640,1.504816,2.805105,-0.0862,-0.6325
1787918240.786659,0.694792,1.504302,2.805774,-0.0739,-0.6325
1787918240.793456,0.695448,1.504012,2.806810,-0.0833,-0.6335
1787918240.800246,0.695844,1.503503,2.807837,-0.0822,-0.6335
1787918240.806544,0.696595,1.503383,2.809494,-0.0932,-0.6335
1787918240.813027,0.697161,1.503230,2.810932,-0.0923,-0.6335
1787918240.819910,0.697698,1.502823,2.811868,-0.0925,-0.6335
1787918240.826945,0.698314,1.503256,2.813810,-0.0837,-0.6335
1787918240.833401,0.698677,1.502756,2.813958,-0.0820,-0.6335
1787918240.843348,0.699107,1.502236,2.814664,-0.0747,-0.6335
1787918240.846389,0.699636,1.502173,2.815736,-0.1038,-0.6335
1787918240.852942,0.700109,1.502165,2.816890,-0.0933,-0.6335
1787918240.860355,0.700818,1.502112,2.818106,-0.0932,-0.6335
1787918240.866168,0.701416,1.501859,2.819328,-0.0986,-0.6335
1787918240.873494,0.701960,1.501549,2.820323,-0.0942,-0.6335
1787918240.880991,0.702388,1.501154,2.821084,-0.0872,-0.6335
1787918240.886255,0.702968,1.501113,2.822372,-0.0931,-0.6335
1787918240.893416,0.703339,1.500845,2.823779,-0.0835,-0.6335
1787918240.900996,0.703910,1.500082,2.824655,-0.0893,-0.6248
1787918240.906421,0.704463,1.500207,2.826489,-0.0894,-0.6248
1787918240.913908,0.704900,1.500244,2.827159,-0.0788,-0.6248
1787918240.920440,0.705552,1.499716,2.828683,-0.0911,-0.6248
1787918240.926158,0.706364,1.499506,2.829597,-0.1077,-0.6248
1787918240.933579,0.707015,1.499345,2.831252,-0.1024,-0.6248
1787918240.939810,0.707474,1.498506,2.831917,-0.1051,-0.6248
1787918240.948703,0.707923,1.498430,2.832968,-0.0888,-0.6248
1787918240.953697,0.708363,1.498260,2.833727,-0.0904,-0.6248
1787918240.960045,0.708812,1.497782,2.834593,-0.0903,-0.6248
1787918240.966942,0.709480,1.497842,2.836312,-0.0902,-0.6248
1787918240.973336,0.710267,1.497716,2.837697,-0.1001,-0.6248
1787918240.979680,0.710651,1.497522,2.838959,-0.0901,-0.6248
1787918240.987505,0.711300,1.497330,2.840031,-0.0891,-0.6248
1787918240.993321,0.712054,1.497147,2.841484,-0.1023,-0.7000
1787918240.999717,0.712662,1.496884,2.842346,-0.1025,-0.7000
1787918241.006569,0.713162,1.496643,2.843749,-0.0957,-0.7000
1787918241.015411,0.713926,1.496323,2.845116,-0.0950,-0.7000
1787918241.019906,0.714605,1.496251,2.846284,-0.1112,-0.7000
1787918241.026610,0.715082,1.496353,2.848036,-0.0970,-0.7000
1787918241.033143,0.715902,1.496138,2.848989,-0.1068,-0.7000
1787918241.040071,0.716376,1.495708,2.850230,-0.0998,-0.7000
1787918241.048016,0.716953,1.495412,2.851182,-0.0939,-0.7000
1787918241.053004,0.717818,1.495356,2.852539,-0.1166,-0.7000
1787918241.060396,0.718285,1.494734,2.853185,-0.1069,-0.7000
1787918241.066140,0.718722,1.494591,2.854618,-0.0989,-0.7000
1787918241.073654,0.719514,1.494590,2.856005,-0.0996,-0.7000
1787918241.079911,0.720133,1.494411,2.857257,-0.1006,-0.7000
1787918241.087870,0.720636,1.494188,2.858435,-0.0909,-0.7000
1787918241.093226,0.721055,1.493881,2.859566,-0.0910,-0.7000
1787918241.100209,0.721602,1.493173,2.860313,-0.0947,-0.6942
1787918241.106895,0.722129,1.493333,2.861676,-0.0870,-0.6942
1787918241.113122,0.722648,1.492858,2.862888,-0.0913,-0.6942
1787918241.120104,0.723358,1.492659,2.864533,-0.0956,-0.6942
1787918241.126354,0.724130,1.492386,2.866033,-0.1061,-0.6942
1787918241.132885,0.724694,1.492503,2.867759,-0.0978,-0.6942
1787918241.140728,0.725444,1.492446,2.869520,-0.0966,-0.6942
1787918241.146523,0.726054,1.491961,2.870715,-0.1048,-0.6942
1787918241.153390,0.726933,1.491613,2.872200,-0.1144,-0.6942
1787918241.159677,0.727436,1.491442,2.873189,-0.1054,-0.6942
1787918241.166587,0.728109,1.491200,2.874729,-0.1047,-0.6942
1787918241.173520,0.728686,1.490623,2.876046,-0.1040,-0.6942
1787918241.181015,0.729161,1.490317,2.877277,-0.0943,-0.6942
1787918241.188238,0.729594,1.490423,2.878459,-0.0822,-0.6942
1787918241.192969,0.730300,1.490188,2.879785,-0.1047,-0.6942
1787918241.200859,0.730894,1.489875,2.880722,-0.0982,-0.6875
1787918241.207788,0.731449,1.489328,2.882354,-0.0980,-0.6875
1787918241.212744,0.732341,1.489288,2.883768,-0.1214,-0.6875
1787918241.221050,0.732969,1.488773,2.884921,-0.1117,-0.6875
1787918241.226814,0.733493,1.488748,2.886891,-0.1049,-0.6875
1787918241.233297,0.733949,1.488064,2.886903,-0.1018,-0.6875
1787918241.240705,0.734610,1.488305,2.888827,-0.0948,-0.6875
1787918241.246218,0.735390,1.488179,2.890217,-0.1091,-0.6875
1787918241.253463,0.735677,1.488169,2.891785,-0.0880,-0.6875
1787918241.260422,0.736179,1.487677,2.892628,-0.0878,-0.6875
1787918241.266967,0.736796,1.487462,2.893458,-0.0913,-0.6875
1787918241.273783,0.737462,1.487556,2.894939,-0.0913,-0.6875
1787918241.280169,0.738091,1.487346,2.895551,-0.0950,-0.6875
1787918241.286797,0.738485,1.487107,2.896700,-0.0864,-0.6875
1787918241.293834,0.739136,1.487197,2.898457,-0.0865,-0.6781
1787918241.299955,0.739538,1.486720,2.898997,-0.0853,-0.6781
1787918241.306441,0.740282,1.486603,2.899420,-0.0944,-0.6781
1787918241.313669,0.740717,1.486423,2.900895,-0.0854,-0.6781
1787918241.322002,0.741318,1.486112,2.901992,-0.0835,-0.6781
1787918241.326823,0.741826,1.486053,2.902870,-0.0900,-0.6781
1787918241.333975,0.742297,1.486137,2.904053,-0.0814,-0.6781
1787918241.342340,0.742858,1.485967,2.905421,-0.0780,-0.6781
1787918241.346692,0.743221,1.485726,2.906334,-0.0827,-0.6781
1787918241.355078,0.743815,1.485526,2.907386,-0.0803,-0.6781
1787918241.360063,0.744263,1.485277,2.908567,-0.0859,-0.6781
1787918241.366657,0.745031,1.485367,2.909976,-0.0932,-0.6781
1787918241.373083,0.745536,1.485308,2.911187,-0.0888,-0.6781
1787918241.380241,0.746165,1.484971,2.912211,-0.0911,-0.6781
1787918241.386551,0.746713,1.484612,2.913191,-0.0930,-0.6781
1787918241.393552,0.747293,1.484487,2.914435,-0.0905,-0.6781
1787918241.399686,0.747988,1.484549,2.915071,-0.0958,-0.6698
1787918241.406867,0.748631,1.484584,2.916372,-0.0929,-0.6698
1787918241.413889,0.749378,1.484573,2.917719,-0.0962,-0.6698
1787918241.420539,0.749823,1.484122,2.918829,-0.0915,-0.6698
1787918241.426810,0.750419,1.483907,2.919726,-0.0941,-0.6698
1787918241.433981,0.750985,1.483896,2.921405,-0.0890,-0.6698
1787918241.440088,0.751596,1.483346,2.921788,-0.0975,-0.6698
1787918241.446520,0.752103,1.483478,2.923432,-0.0900,-0.6698
1787918241.458348,0.752586,1.483542,2.924690,-0.0746,-0.6698
1787918241.460914,0.753291,1.483068,2.925348,-0.1447,-0.6698
1787918241.466445,0.753825,1.482949,2.926612,-0.1309,-0.6698
1787918241.473294,0.754477,1.482627,2.927566,-0.1226,-0.6698
1787918241.479681,0.755020,1.482467,2.927825,-0.1123,-0.6698
1787918241.487720,0.755597,1.482482,2.929245,-0.0996,-0.6698
1787918241.495317,0.756052,1.482250,2.930579,-0.0892,-0.6635
1787918241.499780,0.756644,1.481871,2.931169,-0.1067,-0.6635
1787918241.506400,0.757190,1.482242,2.933155,-0.0954,-0.6635
1787918241.513190,0.757946,1.481824,2.934165,-0.1033,-0.6635
1787918241.520267,0.758387,1.481839,2.935636,-0.0905,-0.6635
1787918241.527889,0.759052,1.481507,2.936562,-0.0916,-0.6635
1787918241.533553,0.759517,1.481084,2.937357,-0.0928,-0.6635
1787918241.540257,0.760148,1.480896,2.938408,-0.0943,-0.6635
1787918241.546891,0.760792,1.480875,2.939836,-0.0947,-0.6635
1787918241.553665,0.761324,1.480748,2.941150,-0.0905,-0.6635
1787918241.562051,0.761988,1.480533,2.942454,-0.0882,-0.6635
1787918241.566676,0.762482,1.480334,2.943468,-0.0957,-0.6635
1787918241.574382,0.763094,1.480453,2.944644,-0.0894,-0.6635
1787918241.580428,0.763450,1.479843,2.945241,-0.0858,-0.6635
1787918241.586410,0.764174,1.479988,2.946683,-0.0943,-0.6635
1787918241.598933,0.764752,1.479685,2.947807,-0.0810,-0.6541
1787918241.605773,0.765274,1.479348,2.948627,-0.0820,-0.6541
1787918241.609717,0.765851,1.479354,2.949488,-0.1004,-0.6541
1787918241.613413,0.766540,1.479165,2.950633,-0.1281,-0.6541
1787918241.619735,0.767467,1.478919,2.952010,-0.1351,-0.6541
1787918241.626560,0.768061,1.479273,2.954173,-0.1173,-0.6541
1787918241.633603,0.768668,1.478977,2.955774,-0.1098,-0.6541
1787918241.639797,0.769188,1.478824,2.957167,-0.1030,-0.6541
1787918241.646661,0.769802,1.478875,2.958688,-0.0981,-0.6541
1787918241.652817,0.770262,1.478417,2.959276,-0.0948,-0.6541
1787918241.662483,0.770744,1.478260,2.960688,-0.0819,-0.6541
1787918241.666600,0.771455,1.478018,2.961623,-0.1115,-0.6541
1787918241.673227,0.772136,1.478002,2.962908,-0.1085,-0.6541
1787918241.679855,0.772740,1.477907,2.964253,-0.1036,-0.6541
1787918241.686897,0.773303,1.477743,2.965480,-0.0974,-0.6541
1787918241.693644,0.774069,1.477692,2.967115,-0.1021,-0.6541
1787918241.700773,0.774639,1.477390,2.967697,-0.0973,-0.6446
1787918241.707174,0.775307,1.477497,2.969548,-0.0981,-0.6446
1787918241.712807,0.775895,1.477004,2.970450,-0.1040,-0.6446
1787918241.720503,0.776432,1.476759,2.971567,-0.0950,-0.6446
1787918241.726851,0.777178,1.476794,2.973264,-0.1010,-0.6446
1787918241.735481,0.777613,1.476545,2.973939,-0.0871,-0.6446
1787918241.740377,0.778414,1.476297,2.975033,-0.1119,-0.6446
1787918241.746112,0.779077,1.476218,2.976537,-0.1132,-0.6446
1787918241.753084,0.779578,1.475928,2.977314,-0.1025,-0.6446
1787918241.760031,0.780155,1.475664,2.978150,-0.0982,-0.6446
1787918241.767108,0.780795,1.475542,2.979469,-0.0964,-0.6446
1787918241.773269,0.781374,1.475334,2.980521,-0.0969,-0.6446
1787918241.779692,0.781915,1.474982,2.981501,-0.0954,-0.6446
1787918241.786864,0.782724,1.474925,2.983040,-0.1006,-0.6446
1787918241.793550,0.783222,1.474757,2.984591,-0.0937,-0.6451
1787918241.799581,0.783763,1.474529,2.985559,-0.0939,-0.6451
1787918241.806524,0.784384,1.474433,2.986903,-0.0929,-0.6451
1787918241.812969,0.784920,1.474251,2.988131,-0.0910,-0.6451
1787918241.820160,0.785372,1.474061,2.989461,-0.0835,-0.6451
1787918241.826453,0.785826,1.474161,2.991100,-0.0791,-0.6451
1787918241.834245,0.786464,1.474428,2.992639,-0.0782,-0.6451
1787918241.840516,0.787029,1.473982,2.993342,-0.0846,-0.6451
1787918241.846626,0.787454,1.473777,2.994531,-0.0813,-0.6451
1787918241.852991,0.788233,1.473598,2.995494,-0.0945,-0.6451
1787918241.860041,0.788866,1.473363,2.996399,-0.0943,-0.6451
1787918241.867145,0.789614,1.473771,2.998293,-0.0948,-0.6451
1787918241.873223,0.790065,1.473556,2.999186,-0.0899,-0.6451
1787918241.879613,0.790610,1.473303,3.000087,-0.0899,-0.6451
1787918241.886532,0.791151,1.473257,3.001331,-0.0864,-0.6451
1787918241.893057,0.791671,1.472849,3.002413,-0.0868,-0.6451
1787918241.900071,0.792072,1.472555,3.003093,-0.0795,-0.6336
1787918241.906225,0.792793,1.472728,3.004470,-0.0893,-0.6336
1787918241.913251,0.793365,1.472635,3.005699,-0.0873,-0.6336
1787918241.919609,0.794128,1.472728,3.007821,-0.0962,-0.6336
1787918241.927039,0.794910,1.472737,3.008636,-0.0986,-0.6336
1787918241.933183,0.795238,1.472357,3.009332,-0.0873,-0.6336
1787918241.940145,0.795980,1.472244,3.010184,-0.0935,-0.6336
1787918241.946879,0.796729,1.472310,3.011627,-0.0981,-0.6336
1787918241.953140,0.797368,1.472004,3.012201,-0.1009,-0.6336
1787918241.960406,0.797950,1.471730,3.013002,-0.0959,-0.6336
1787918241.969767,0.798465,1.471615,3.014684,-0.0840,-0.6336
1787918241.973355,0.799256,1.471561,3.015775,-0.1250,-0.6336
1787918241.980336,0.799706,1.470946,3.016171,-0.1100,-0.6336
1787918241.986235,0.800260,1.471356,3.017715,-0.1024,-0.6336
1787918241.993263,0.800964,1.471202,3.018540,-0.1023,-0.6313
1787918241.999625,0.801438,1.471419,3.020485,-0.0925,-0.6313
1787918242.007329,0.802037,1.471349,3.021332,-0.0883,-0.6313
1787918242.013257,0.802685,1.471198,3.022550,-0.0953,-0.6313
1787918242.020386,0.803314,1.470607,3.023441,-0.0959,-0.6313
1787918242.027090,0.803759,1.470329,3.023738,-0.0884,-0.6313
1787918242.033317,0.804283,1.470076,3.025200,-0.0884,-0.6313
1787918242.040880,0.804634,1.470137,3.026363,-0.0754,-0.6313
1787918242.046688,0.805273,1.470227,3.027748,-0.0850,-0.6313
1787918242.053321,0.805863,1.470325,3.028894,-0.0855,-0.6313
1787918242.060598,0.806637,1.470722,3.031027,-0.0898,-0.6313
1787918242.067657,0.807201,1.470213,3.031370,-0.0891,-0.6313
1787918242.073236,0.807704,1.469972,3.032378,-0.0906,-0.6313
1787918242.080070,0.808283,1.469837,3.033741,-0.0894,-0.6313
1787918242.086708,0.808903,1.469565,3.034757,-0.0917,-0.6313
1787918242.093074,0.809505,1.469391,3.035789,-0.0933,-0.6313
1787918242.099948,0.810195,1.469301,3.036978,-0.0956,-0.6992
1787918242.106463,0.810819,1.469356,3.038050,-0.0953,-0.6992
1787918242.112835,0.811350,1.469455,3.039803,-0.0911,-0.6992
1787918242.120155,0.812010,1.469279,3.040891,-0.0914,-0.6992
1787918242.126742,0.812640,1.469070,3.041575,-0.0935,-0.6992
1787918242.132918,0.813370,1.469065,3.042734,-0.1007,-0.6992
1787918242.142938,0.813816,1.468784,3.043409,-0.0846,-0.6992
1787918242.146620,0.814527,1.468650,3.045031,-0.1180,-0.6992
1787918242.153553,0.814816,1.468725,3.046145,-0.0947,-0.6992
1787918242.159606,0.815477,1.468334,3.046549,-0.1008,-0.6992
1787918242.167251,0.815963,1.468365,3.047854,-0.0894,-0.6992
1787918242.175801,0.816731,1.468222,3.048942,-0.0899,-0.6992
1787918242.180432,0.817419,1.468020,3.050207,-0.1084,-0.6992
1787918242.186799,0.817887,1.468170,3.051529,-0.0973,-0.6992
1787918242.193096,0.818566,1.468047,3.053087,-0.1008,-0.6992
1787918242.200681,0.819053,1.468151,3.054612,-0.0894,-0.6872
1787918242.206650,0.819379,1.467913,3.055459,-0.0800,-0.6872
1787918242.212904,0.819956,1.467735,3.056197,-0.0842,-0.6872
1787918242.220944,0.820633,1.467608,3.057306,-0.0846,-0.6872
1787918242.226779,0.820949,1.467240,3.057625,-0.0770,-0.6872
1787918242.233012,0.821659,1.467244,3.058614,-0.0879,-0.6872
1787918242.239974,0.822222,1.467184,3.059692,-0.0859,-0.6872
1787918242.247010,0.822640,1.467273,3.060785,-0.0776,-0.6872
1787918242.252990,0.823283,1.467346,3.061757,-0.0862,-0.6872
1787918242.260021,0.823693,1.467380,3.062627,-0.0777,-0.6872
1787918242.266296,0.824087,1.467625,3.063973,-0.0722,-0.6872
1787918242.273039,0.824839,1.466965,3.064460,-0.0862,-0.6872
1787918242.280391,0.825339,1.466739,3.065652,-0.0814,-0.6872
1787918242.286530,0.825831,1.466589,3.066350,-0.0815,-0.6872
1787918242.293254,0.826509,1.466680,3.067509,-0.0869,-0.6811
1787918242.299947,0.827214,1.466821,3.069212,-0.0919,-0.6811
1787918242.306118,0.827662,1.466937,3.070283,-0.0856,-0.6811
1787918242.314567,0.828354,1.466532,3.071483,-0.0855,-0.6811
1787918242.319932,0.828831,1.466587,3.072420,-0.0862,-0.6811
1787918242.326296,0.829376,1.466680,3.073700,-0.0857,-0.6811
1787918242.335342,0.829841,1.466460,3.074808,-0.0759,-0.6811
1787918242.340847,0.830425,1.466446,3.075967,-0.0849,-0.6811
1787918242.346985,0.830973,1.466193,3.077049,-0.0869,-0.6811
1787918242.353870,0.831490,1.466154,3.077610,-0.0835,-0.6811
1787918242.359682,0.832082,1.465922,3.078319,-0.0897,-0.6811
1787918242.366625,0.832693,1.466275,3.079859,-0.0882,-0.6811
1787918242.373397,0.833314,1.466011,3.080889,-0.0899,-0.6811
1787918242.379989,0.833822,1.465873,3.081667,-0.0864,-0.6811
1787918242.386563,0.834484,1.465705,3.082743,-0.0911,-0.6811
1787918242.393683,0.834986,1.465881,3.084180,-0.0845,-0.6811
1787918242.399646,0.835573,1.465601,3.085436,-0.0894,-0.6678
1787918242.406727,0.836080,1.465400,3.086089,-0.0845,-0.6678
1787918242.413025,0.836617,1.465139,3.086721,-0.0854,-0.6678
1787918242.420133,0.837075,1.465191,3.087676,-0.0789,-0.6678
1787918242.426872,0.837751,1.465277,3.088869,-0.0851,-0.6678
1787918242.433518,0.838221,1.465263,3.090403,-0.0808,-0.6678
1787918242.443713,0.838966,1.465192,3.091651,-0.0785,-0.6678
1787918242.449834,0.839520,1.465200,3.092796,-0.0821,-0.6678
1787918242.453146,0.840095,1.465342,3.094081,-0.1089,-0.6678
1787918242.460671,0.840688,1.465168,3.094998,-0.1002,-0.6678
1787918242.466551,0.841247,1.465409,3.096376,-0.0980,-0.6678
1787918242.473447,0.841624,1.465058,3.097247,-0.0857,-0.6678
1787918242.483707,0.842136,1.464634,3.097674,-0.0755,-0.6678
1787918242.486982,0.842672,1.464574,3.098727,-0.1022,-0.6678
1787918242.493167,0.843326,1.464494,3.099707,-0.1034,-0.6678
1787918242.500694,0.843827,1.464672,3.101002,-0.0920,-0.6593
1787918242.506543,0.844474,1.464650,3.102147,-0.0976,-0.6593
1787918242.513299,0.845002,1.464602,3.103452,-0.0918,-0.6593
1787918242.519551,0.845664,1.464755,3.104960,-0.0958,-0.6593
1787918242.526524,0.846223,1.464562,3.105975,-0.0914,-0.6593
1787918242.533606,0.846670,1.464273,3.106915,-0.0833,-0.6593
1787918242.541135,0.847269,1.464099,3.107467,-0.0824,-0.6593
1787918242.546432,0.847935,1.463981,3.108437,-0.0956,-0.6593
1787918242.553461,0.848447,1.463895,3.109170,-0.0889,-0.6593
1787918242.560649,0.849145,1.464095,3.110426,-0.0911,-0.6593
1787918242.566439,0.849840,1.464493,3.112246,-0.0991,-0.6593
1787918242.572975,0.850405,1.464462,3.113366,-0.0954,-0.6593
1787918242.580021,0.850776,1.464196,3.113940,-0.0829,-0.6593
1787918242.586270,0.851292,1.464178,3.115508,-0.0828,-0.6593
1787918242.593661,0.851880,1.464309,3.116954,-0.0817,-0.6593
1787918242.599619,0.852612,1.463846,3.117726,-0.0946,-0.6423
1787918242.606494,0.853280,1.463726,3.118924,-0.0955,-0.6423
1787918242.613257,0.853740,1.463784,3.120249,-0.0871,-0.6423
1787918242.621925,0.854352,1.463865,3.121793,-0.0822,-0.6423
1787918242.626848,0.854960,1.463760,3.122680,-0.0946,-0.6423
1787918242.633149,0.855676,1.463950,3.124492,-0.1002,-0.6423
1787918242.639774,0.856193,1.463648,3.125320,-0.0937,-0.6423
1787918242.646729,0.856737,1.463707,3.126882,-0.0891,-0.6423
1787918242.653207,0.857299,1.463569,3.128038,-0.0885,-0.6423
1787918242.659983,0.857986,1.463371,3.128902,-0.0924,-0.6423
1787918242.666445,0.858703,1.463451,3.130245,-0.0980,-0.6423
1787918242.673232,0.859204,1.463360,3.131089,-0.0908,-0.6423
1787918242.680214,0.859774,1.463293,3.132505,-0.0881,-0.6423
1787918242.687900,0.860446,1.463416,3.133905,-0.0878,-0.6423
1787918242.694553,0.860935,1.463229,3.135169,-0.0836,-0.6324
1787918242.701160,0.861624,1.463408,3.136456,-0.0898,-0.6324
1787918242.706987,0.862290,1.463549,3.137910,-0.0971,-0.6324
1787918242.713406,0.862897,1.463676,3.139792,-0.0963,-0.6324
1787918242.719613,0.863491,1.463268,3.140134,-0.0962,-0.6324
1787918242.726438,0.863944,1.463141,-3.141468,-0.0872,-0.6324
1787918242.733361,0.864647,1.462807,-3.140758,-0.0915,-0.6324
1787918242.740010,0.865276,1.462900,-3.139142,-0.0925,-0.6324
1787918242.747257,0.865902,1.462845,-3.137802,-0.0906,-0.6324
1787918242.755548,0.866498,1.462884,-3.136541,-0.0850,-0.6324
1787918242.760648,0.866960,1.463062,-3.134640,-0.0867,-0.6324
1787918242.767107,0.867551,1.463082,-3.133277,-0.0882,-0.6324
1787918242.773171,0.867959,1.462887,-3.132216,-0.0818,-0.6324
1787918242.781862,0.868559,1.462289,-3.132241,-0.0778,-0.6324
1787918242.790429,0.869066,1.462320,-3.130989,-0.0722,-0.6324
1787918242.792982,0.869675,1.462376,-3.129794,-0.1221,-0.6324
1787918242.800176,0.870332,1.462565,-3.128247,-0.1130,-0.6240
1787918242.806507,0.870821,1.462724,-3.126959,-0.1024,-0.6240
1787918242.812989,0.871390,1.462321,-3.125809,-0.0977,-0.6240
1787918242.820047,0.871906,1.462024,-3.124621,-0.0901,-0.6240
1787918242.826560,0.872612,1.462043,-3.123552,-0.0956,-0.6240
1787918242.833541,0.872941,1.462292,-3.122285,-0.0813,-0.6240
1787918242.840205,0.873408,1.461698,-3.121634,-0.0774,-0.6240
1787918242.846408,0.873869,1.462247,-3.119600,-0.0770,-0.6240
1787918242.853159,0.874400,1.462074,-3.118682,-0.0773,-0.6240
1787918242.860190,0.875061,1.461852,-3.117713,-0.0821,-0.6240
1787918242.866182,0.875662,1.461887,-3.116438,-0.0876,-0.6240
1787918242.873452,0.876348,1.462275,-3.115174,-0.0900,-0.6240
1787918242.879628,0.876655,1.462381,-3.114286,-0.0781,-0.6240
1787918242.886602,0.877279,1.462500,-3.113105,-0.0816,-0.6240
1787918242.893606,0.877722,1.461938,-3.112514,-0.0754,-0.6240
1787918242.899818,0.878112,1.462086,-3.111177,-0.0718,-0.6008
1787918242.906290,0.878606,1.462263,-3.110175,-0.0734,-0.6008
1787918242.913090,0.879251,1.462353,-3.108898,-0.0800,-0.6008
1787918242.919583,0.880012,1.461950,-3.107490,-0.0905,-0.6008
1787918242.928990,0.880441,1.462069,-3.106711,-0.0772,-0.6008
1787918242.933112,0.880745,1.462178,-3.105532,-0.0764,-0.6008
1787918242.941066,0.881523,1.462039,-3.105112,-0.0826,-0.6008
1787918242.946550,0.881903,1.462037,-3.104114,-0.0786,-0.6008
1787918242.952919,0.882322,1.462131,-3.103234,-0.0749,-0.6008
1787918242.961665,0.882853,1.462101,-3.102555,-0.0706,-0.6008
1787918242.966615,0.883261,1.462264,-3.101122,-0.0745,-0.6008
1787918242.973552,0.883582,1.462101,-3.100657,-0.0657,-0.6008
1787918242.980044,0.884010,1.462052,-3.099929,-0.0657,-0.6008
1787918242.986570,0.884799,1.461694,-3.099157,-0.0815,-0.6008
1787918242.994264,0.885363,1.462142,-3.097727,-0.0798,-0.6008
1787918243.000336,0.885919,1.461639,-3.098143,-0.0823,-0.6024
1787918243.006850,0.886254,1.461854,-3.097037,-0.0734,-0.6024
1787918243.013495,0.886726,1.461939,-3.096488,-0.0728,-0.6024
1787918243.019933,0.887120,1.461816,-3.095447,-0.0691,-0.6024
1787918243.026463,0.887563,1.461656,-3.094734,-0.0684,-0.6024
1787918243.033350,0.888137,1.461733,-3.093947,-0.0730,-0.6024
1787918243.040085,0.888612,1.461802,-3.092860,-0.0724,-0.6024
1787918243.046471,0.889043,1.461674,-3.092431,-0.0706,-0.6024
1787918243.053200,0.889579,1.461847,-3.091176,-0.0736,-0.6024
1787918243.059528,0.890327,1.461648,-3.090743,-0.0865,-0.6024
1787918243.066720,0.890659,1.462065,-3.088877,-0.0753,-0.6024
1787918243.073462,0.891171,1.462292,-3.087546,-0.0760,-0.6024
1787918243.079634,0.891562,1.462403,-3.086460,-0.0725,-0.6024
1787918243.086995,0.892157,1.462190,-3.085622,-0.0745,-0.6024
1787918243.096017,0.892579,1.462477,-3.084212,-0.0667,-0.5849
1787918243.100213,0.892927,1.462726,-3.083023,-0.0725,-0.5849
1787918243.106778,0.893407,1.462612,-3.082335,-0.0724,-0.5849
1787918243.113961,0.894240,1.462602,-3.080992,-0.0854,-0.5849
1787918243.120025,0.894766,1.462701,-3.080029,-0.0861,-0.5849
1787918243.126420,0.895250,1.462647,-3.079269,-0.0827,-0.5849
1787918243.134061,0.895707,1.462678,-3.078233,-0.0759,-0.5849
1787918243.140514,0.896236,1.462761,-3.076895,-0.0779,-0.5849
1787918243.146664,0.896911,1.462380,-3.075530,-0.0862,-0.5849
1787918243.153820,0.897330,1.462569,-3.074439,-0.0784,-0.5849
1787918243.160272,0.897830,1.462451,-3.073749,-0.0777,-0.5849
1787918243.167397,0.898430,1.462368,-3.072574,-0.0793,-0.5849
1787918243.173080,0.899133,1.462531,-3.071551,-0.0932,-0.5849
1787918243.180540,0.899509,1.462578,-3.070179,-0.0804,-0.5849
1787918243.187907,0.900133,1.462311,-3.069849,-0.0809,-0.5849
1787918243.193509,0.900726,1.462393,-3.068572,-0.0886,-0.5849
1787918243.199486,0.901205,1.462312,-3.067862,-0.0857,-0.5726
1787918243.206332,0.901674,1.462291,-3.066824,-0.0804,-0.5726
1787918243.213577,0.902189,1.462008,-3.066605,-0.0767,-0.5726
1787918243.219935,0.902789,1.462301,-3.064777,-0.0829,-0.5726
1787918243.226442,0.903239,1.462422,-3.063662,-0.0792,-0.5726
1787918243.233485,0.903619,1.462552,-3.062231,-0.0720,-0.5726
1787918243.239420,0.904355,1.462462,-3.061458,-0.0871,-0.5726
1787918243.246614,0.904766,1.462432,-3.060048,-0.0780,-0.5726
1787918243.253241,0.905386,1.462421,-3.059562,-0.0825,-0.5726
1787918243.260045,0.905902,1.462268,-3.058675,-0.0799,-0.5726
1787918243.267936,0.906381,1.462275,-3.057687,-0.0741,-0.5726
1787918243.273698,0.906814,1.462347,-3.056618,-0.0746,-0.5726
1787918243.279881,0.907223,1.462323,-3.055670,-0.0719,-0.5726
1787918243.286950,0.907742,1.462387,-3.055035,-0.0725,-0.5726
1787918243.292820,0.908259,1.462461,-3.054220,-0.0774,-0.5726
1787918243.301370,0.908819,1.462278,-3.053866,-0.0732,-0.5738
1787918243.306790,0.909218,1.462428,-3.053027,-0.0740,-0.5738
1787918243.313092,0.909719,1.462441,-3.051663,-0.0756,-0.5738
1787918243.321036,0.910233,1.462514,-3.050064,-0.0725,-0.5738
1787918243.332079,0.910719,1.462794,-3.048818,-0.0646,-0.5738
1787918243.334044,0.911284,1.462864,-3.047697,-0.1322,-0.5738
1787918243.340103,0.911913,1.462691,-3.046598,-0.1227,-0.5738
1787918243.346544,0.912475,1.462828,-3.045025,-0.1126,-0.5738
1787918243.353125,0.912948,1.462663,-3.043978,-0.0995,-0.5738
1787918243.359835,0.913556,1.462510,-3.043018,-0.0960,-0.5738
1787918243.367124,0.914185,1.462741,-3.041876,-0.0939,-0.5738
1787918243.373218,0.914865,1.462769,-3.040879,-0.0992,-0.5738
1787918243.379914,0.915299,1.462499,-3.040277,-0.0876,-0.5738
1787918243.386639,0.915796,1.462743,-3.038647,-0.0845,-0.5738
1787918243.393159,0.916362,1.463028,-3.037199,-0.0864,-0.3477
1787918243.403097,0.917012,1.462978,-3.036020,-0.0798,-0.3477
1787918243.406553,0.917644,1.462924,-3.035237,-0.1099,-0.3477
1787918243.413346,0.917991,1.462872,-3.033894,-0.0920,-0.3477
1787918243.420251,0.918701,1.462582,-3.033098,-0.0936,-0.3477
1787918243.426635,0.919043,1.462708,-3.031883,-0.0822,-0.3477
1787918243.433486,0.919620,1.463015,-3.030540,-0.0841,-0.3477
1787918243.441014,0.920343,1.462431,-3.030566,-0.0850,-0.3477
1787918243.447549,0.920866,1.463008,-3.028825,-0.0863,-0.3477
1787918243.453034,0.921283,1.462552,-3.028566,-0.0802,-0.3477
1787918243.460689,0.921670,1.462257,-3.027629,-0.0699,-0.3477
1787918243.466437,0.922098,1.462273,-3.026912,-0.0712,-0.3477
1787918243.473502,0.922651,1.462729,-3.025216,-0.0754,-0.3477
1787918243.480167,0.923048,1.462657,-3.024507,-0.0702,-0.3477
1787918243.486733,0.923470,1.462884,-3.023837,-0.0695,-0.3477
1787918243.493402,0.923918,1.462779,-3.023510,-0.0681,-0.3477
1787918243.499744,0.924298,1.462617,-3.022943,-0.0646,-0.3203
1787918243.506761,0.924810,1.462633,-3.022156,-0.0670,-0.3203
1787918243.513390,0.925410,1.462593,-3.021491,-0.0737,-0.3203
1787918243.521897,0.925823,1.462203,-3.021716,-0.0644,-0.3203
1787918243.526951,0.926211,1.462417,-3.021145,-0.0694,-0.3203
1787918243.532899,0.926678,1.462605,-3.020618,-0.0732,-0.3203
1787918243.539871,0.927089,1.462392,-3.019614,-0.0676,-0.3203
1787918243.547131,0.927470,1.462830,-3.017998,-0.0652,-0.3203
1787918243.553304,0.927793,1.463040,-3.016246,-0.0625,-0.3203
1787918243.560004,0.928217,1.462993,-3.014910,-0.0623,-0.3203
1787918243.566421,0.928679,1.462990,-3.013527,-0.0650,-0.3203
1787918243.575143,0.929028,1.462851,-3.013016,-0.0568,-0.3203
1787918243.579780,0.929522,1.462703,-3.012771,-0.0702,-0.3203
1787918243.586503,0.929946,1.463322,-3.010859,-0.0715,-0.3203
1787918243.593439,0.930606,1.463437,-3.010034,-0.0790,-0.2915
1787918243.599426,0.931003,1.463530,-3.008768,-0.0756,-0.2915
1787918243.608012,0.931408,1.463690,-3.007781,-0.0677,-0.2915
1787918243.612809,0.931931,1.463608,-3.007059,-0.0791,-0.2915
1787918243.620701,0.932476,1.463551,-3.006147,-0.0756,-0.2915
1787918243.626793,0.933021,1.463560,-3.006005,-0.0796,-0.2915
1787918243.633228,0.933436,1.463843,-3.004657,-0.0767,-0.2915
1787918243.640445,0.934205,1.463666,-3.003670,-0.0843,-0.2915
1787918243.646559,0.934570,1.463958,-3.002451,-0.0788,-0.2915
1787918243.653548,0.935045,1.464015,-3.001667,-0.0756,-0.2915
1787918243.661251,0.935558,1.463905,-3.001391,-0.0721,-0.2915
1787918243.666645,0.936241,1.463995,-3.000467,-0.0888,-0.2915
1787918243.672911,0.936922,1.464129,-2.999217,-0.0954,-0.2915
1787918243.680099,0.937554,1.463867,-2.998718,-0.0913,-0.2915
1787918243.688908,0.937792,1.464003,-2.997591,-0.0726,-0.2915
1787918243.693260,0.938578,1.464302,-2.995871,-0.1074,-0.2915
1787918243.700309,0.939113,1.464323,-2.995262,-0.0979,0.0000
1787918243.706762,0.939539,1.464490,-2.993975,-0.0892,0.0000
1787918243.713112,0.940077,1.464463,-2.993331,-0.0874,0.0000
1787918243.719794,0.940719,1.464240,-2.992283,-0.0882,0.0000
1787918243.726590,0.941242,1.464376,-2.991192,-0.0855,0.0000
1787918243.732895,0.941674,1.464400,-2.990253,-0.0803,0.0000
1787918243.739619,0.942271,1.464401,-2.989407,-0.0826,0.0000
1787918243.748174,0.942664,1.464552,-2.988370,-0.0722,0.0000
1787918243.753173,0.943005,1.464614,-2.987636,-0.0714,0.0000
1787918243.760060,0.943529,1.464164,-2.986809,-0.0695,0.0000
1787918243.768783,0.943752,1.464454,-2.985605,-0.0578,0.0000
1787918243.773180,0.943982,1.464623,-2.984071,-0.0577,0.0000
1787918243.780792,0.944264,1.464340,-2.984050,-0.0496,0.0000
1787918243.786491,0.944497,1.464526,-2.983643,-0.0484,0.0000
1787918243.794065,0.944651,1.464423,-2.984006,-0.0393,0.0000
1787918243.799809,0.944805,1.464147,-2.984560,-0.0332,0.0000
1787918243.806305,0.944829,1.464128,-2.984329,-0.0242,0.0000
1787918243.813615,0.944788,1.463879,-2.984328,-0.0137,0.0000
1787918243.819821,0.944972,1.463849,-2.983912,-0.0181,0.0000
1787918243.827008,0.944621,1.464040,-2.982783,0.0005,0.0000
1787918243.833112,0.944638,1.464087,-2.982072,-0.0008,0.0000
1787918243.840429,0.944599,1.464311,-2.980829,-0.0005,0.0000
1787918243.846423,0.944278,1.464553,-2.979250,0.0136,0.0000
1787918243.853147,0.944338,1.464777,-2.978001,0.0052,0.0000
1787918243.859761,0.944272,1.464935,-2.976928,0.0055,0.0000
1787918243.866439,0.944125,1.465262,-2.975416,0.0079,0.0000
1787918243.873183,0.944065,1.465303,-2.974410,0.0079,0.0000
1787918243.882046,0.943857,1.465490,-2.973738,0.0114,0.0000
1787918243.886656,0.943810,1.465649,-2.973303,0.0092,0.0000
1787918243.893018,0.943695,1.465736,-2.973170,0.0111,0.0000
1787918243.899887,0.943796,1.465678,-2.974133,0.0039,0.0000
1787918243.906481,0.943673,1.465458,-2.975021,0.0099,0.0000
1787918243.915125,0.943713,1.465310,-2.975784,0.0064,0.0000
1787918243.919637,0.943778,1.465182,-2.976767,0.0016,0.0000
1787918243.926496,0.943683,1.465345,-2.976932,0.0041,0.0000
1787918243.933389,0.943862,1.464934,-2.978049,-0.0019,0.0000
1787918243.939910,0.943757,1.465048,-2.977995,0.0025,0.0000
1787918243.946086,0.943839,1.465203,-2.978128,-0.0033,0.0000
1787918243.953451,0.943881,1.465030,-2.978101,-0.0029,0.0000
1787918243.960012,0.943866,1.465127,-2.977501,-0.0020,0.0000
1787918243.967201,0.943808,1.465344,-2.976982,-0.0006,0.0000
1787918243.973645,0.943793,1.465347,-2.976484,0.0003,0.0000
1787918243.980300,0.943887,1.465486,-2.975619,-0.0050,0.0000
1787918243.987083,0.943935,1.465658,-2.975303,-0.0069,0.0000
1787918243.993323,0.943896,1.465758,-2.974774,-0.0038,0.0000
1787918243.999619,0.943950,1.465666,-2.975012,-0.0044,0.0000
1787918244.006227,0.943886,1.465601,-2.975393,0.0003,0.0000
1787918244.013490,0.943920,1.465694,-2.975272,-0.0018,0.0000
1787918244.020198,0.944002,1.465551,-2.975839,-0.0039,0.0000
1787918244.026647,0.944034,1.465500,-2.976160,-0.0038,0.0000
1787918244.033721,0.943995,1.465431,-2.976609,-0.0005,0.0000
1787918244.039551,0.944062,1.465418,-2.976524,-0.0036,0.0000
1787918244.046810,0.944262,1.465075,-2.977079,-0.0084,0.0000
1787918244.055366,0.944102,1.465463,-2.976505,-0.0026,0.0000
1787918244.059896,0.943971,1.465320,-2.976567,0.0083,0.0000
1787918244.066905,0.944047,1.465608,-2.975856,0.0006,0.0000
1787918244.073122,0.944132,1.465313,-2.975977,-0.0013,0.0000
1787918244.079808,0.943984,1.465530,-2.975635,0.0040,0.0000
1787918244.087459,0.943943,1.465626,-2.975545,0.0038,0.0000
1787918244.092921,0.944092,1.465682,-2.975396,-0.0059,0.0000
1787918244.100248,0.943987,1.465449,-2.975807,0.0017,0.0000
1787918244.106361,0.943906,1.465661,-2.975517,0.0034,0.0000
1787918244.115146,0.943907,1.465477,-2.975950,0.0034,0.0000
1787918244.121395,0.944116,1.465457,-2.976321,-0.0074,0.0000
1787918244.127180,0.943872,1.465380,-2.976013,0.0079,0.0000
1787918244.133354,0.943879,1.465573,-2.976217,0.0037,0.0000
1787918244.139728,0.943970,1.465376,-2.976222,-0.0001,0.0000
1787918244.146296,0.943904,1.465482,-2.976077,0.0021,0.0000
1787918244.154015,0.943973,1.465447,-2.976379,-0.0010,0.0000
1787918244.159706,0.943982,1.465505,-2.976190,-0.0016,0.0000
1787918244.166637,0.943953,1.465568,-2.975697,-0.0003,0.0000
1787918244.173002,0.943947,1.465423,-2.975958,0.0012,0.0000
1787918244.181223,0.944018,1.465558,-2.975764,-0.0026,0.0000
1787918244.189685,0.943924,1.465611,-2.975630,0.0012,0.0000
1787918244.193491,0.943873,1.465628,-2.975504,0.0045,0.0000
1787918244.200031,0.944078,1.465359,-2.976101,-0.0040,0.0000
1787918244.206882,0.943883,1.465570,-2.975555,0.0041,0.0000
1787918244.212801,0.943959,1.465507,-2.976007,-0.0004,0.0000
1787918244.222325,0.944013,1.465555,-2.975986,-0.0022,0.0000
1787918244.226916,0.944033,1.465413,-2.976247,-0.0013,0.0000
1787918244.234139,0.943955,1.465571,-2.975870,0.0012,0.0000
1787918244.240362,0.943985,1.465437,-2.976127,0.0005,0.0000
1787918244.246325,0.944053,1.465537,-2.975924,-0.0039,0.0000
1787918244.252786,0.943910,1.465515,-2.975958,0.0040,0.0000
1787918244.260107,0.944082,1.465448,-2.976072,-0.0037,0.0000
1787918244.266361,0.943896,1.465656,-2.975686,0.0046,0.0000
1787918244.273591,0.944023,1.465480,-2.975965,-0.0008,0.0000
1787918244.280253,0.943943,1.465462,-2.975814,0.0031,0.0000
1787918244.287302,0.943992,1.465458,-2.975904,0.0002,0.0000
1787918244.294223,0.944065,1.465568,-2.975933,-0.0038,0.0000
1787918244.299710,0.943904,1.465543,-2.975670,0.0063,0.0000
1787918244.306506,0.944124,1.465545,-2.975872,-0.0052,0.0000
1787918244.313705,0.943958,1.465550,-2.976182,0.0031,0.0000
1787918244.319586,0.944048,1.465544,-2.976061,-0.0022,0.0000
1787918244.326922,0.943962,1.465542,-2.975837,0.0019,0.0000
1787918244.333318,0.944087,1.465543,-2.976104,-0.0044,0.0000
1787918244.339680,0.944055,1.465465,-2.975997,-0.0010,0.0000
1787918244.346653,0.943998,1.465549,-2.975683,0.0011,0.0000
1787918244.353129,0.943956,1.465460,-2.975636,0.0034,0.0000
1787918244.359971,0.943980,1.465497,-2.975832,0.0010,0.0000
1787918244.366898,0.944004,1.465490,-2.975762,-0.0003,0.0000
1787918244.373014,0.944066,1.465566,-2.975978,-0.0038,0.0000
1787918244.380050,0.943990,1.465534,-2.975721,0.0008,0.0000
1787918244.386196,0.944034,1.465394,-2.976316,-0.0005,0.0000
1787918244.394066,0.944101,1.465466,-2.976042,-0.0033,0.0000
1787918244.400102,0.943976,1.465535,-2.976073,0.0033,0.0000
1787918244.406652,0.943861,1.465569,-2.975888,0.0072,0.0000
1787918244.412980,0.944080,1.465426,-2.975863,-0.0041,0.0000
1787918244.420132,0.943927,1.465481,-2.975806,0.0031,0.0000
1787918244.427231,0.944083,1.465525,-2.975896,-0.0046,0.0000
1787918244.433719,0.943982,1.465496,-2.975748,0.0016,0.0000
1787918244.439909,0.944009,1.465484,-2.975762,-0.0001,0.0000
1787918244.446464,0.944017,1.465600,-2.976036,-0.0013,0.0000
1787918244.453111,0.944023,1.465417,-2.975898,0.0002,0.0000
1787918244.460484,0.943932,1.465587,-2.975685,0.0027,0.0000
1787918244.466541,0.944071,1.465597,-2.975948,-0.0050,0.0000
1787918244.473348,0.944069,1.465448,-2.975738,-0.0024,0.0000
1787918244.479732,0.944091,1.465454,-2.976171,-0.0027,0.0000
1787918244.486825,0.944007,1.465294,-2.976311,0.0027,0.0000
1787918244.493217,0.944029,1.465521,-2.975705,-0.0008,0.0000
1787918244.499761,0.943996,1.465556,-2.975812,0.0006,0.0000
1787918244.506636,0.944020,1.465258,-2.976213,0.0016,0.0000
1787918244.513025,0.944125,1.465369,-2.975857,-0.0047,0.0000
1787918244.520591,0.943946,1.465480,-2.975844,0.0030,0.0000
1787918244.529848,0.944157,1.465259,-2.975929,-0.0035,0.0000
1787918244.533048,0.944039,1.465551,-2.975863,0.0040,0.0000
1787918244.540844,0.943927,1.465527,-2.975565,0.0072,0.0000
1787918244.546387,0.943974,1.465438,-2.975825,0.0033,0.0000
1787918244.553097,0.944036,1.465435,-2.976173,-0.0004,0.0000
1787918244.559942,0.943907,1.465349,-2.975725,0.0059,0.0000
1787918244.567578,0.944054,1.465575,-2.976079,-0.0030,0.0000
1787918244.573189,0.944013,1.465593,-2.975473,-0.0001,0.0000
1787918244.579916,0.944079,1.465443,-2.976052,-0.0019,0.0000
1787918244.587294,0.943940,1.465443,-2.975817,0.0043,0.0000
1787918244.593383,0.944031,1.465483,-2.975658,-0.0018,0.0000
1787918244.600058,0.943989,1.465436,-2.975972,0.0010,0.0000
1787918244.606645,0.944212,1.465158,-2.976097,-0.0073,0.0000
1787918244.613226,0.943982,1.465588,-2.975550,0.0020,0.0000
1787918244.620224,0.944107,1.465307,-2.975858,-0.0019,0.0000
1787918244.626521,0.944072,1.465592,-2.975862,-0.0019,0.0000
1787918244.633516,0.943964,1.465509,-2.975715,0.0038,0.0000
1787918244.640625,0.944031,1.465277,-2.976122,0.0015,0.0000
1787918244.646843,0.944011,1.465673,-2.975743,-0.0012,0.0000
1787918244.653271,0.944003,1.465387,-2.975952,0.0018,0.0000
1787918244.661747,0.943979,1.465449,-2.975688,0.0017,0.0000
1787918244.666653,0.944122,1.465564,-2.975914,-0.0085,0.0000
1787918244.672930,0.943971,1.465623,-2.975617,0.0006,0.0000
1787918244.679966,0.944039,1.465403,-2.975949,-0.0009,0.0000
1787918244.686821,0.944054,1.465476,-2.975878,-0.0017,0.0000
1787918244.693771,0.944015,1.465421,-2.975938,0.0008,0.0000
