timestamp,x,y,yaw,velocity,steering
1787918778.494562,-0.183272,-2.733377,1.908362,0.0000,0.0000
1787918778.500969,-0.183088,-2.733265,1.908815,0.0021,0.0000
1787918778.507681,-0.182981,-2.733172,1.908938,0.0038,0.0000
1787918778.515742,-0.183226,-2.733295,1.908625,0.0014,0.0000
1787918778.521457,-0.183059,-2.733400,1.908734,-0.0072,0.0000
1787918778.527890,-0.183908,-2.733604,1.907098,-0.0009,0.0000
1787918778.534268,-0.183026,-2.733262,1.908979,0.0008,0.0000
1787918778.540970,-0.183449,-2.733410,1.908312,0.0005,0.0000
1787918778.548373,-0.183449,-2.733319,1.908221,0.0039,0.0000
1787918778.554669,-0.183407,-2.733395,1.908348,-0.0014,0.0000
1787918778.561031,-0.183710,-2.733507,1.907572,-0.0012,0.0000
1787918778.567991,-0.183137,-2.733376,1.908750,-0.0037,0.0000
1787918778.574619,-0.183190,-2.733312,1.908668,0.0009,0.0000
1787918778.580929,-0.183752,-2.733497,1.907564,0.0012,0.0000
1787918778.587665,-0.182912,-2.733243,1.909172,-0.0009,0.0000
1787918778.594524,-0.183441,-2.733375,1.908178,0.0016,0.0000
1787918778.602485,-0.183349,-2.733446,1.908357,-0.0026,0.0000
1787918778.608192,-0.183143,-2.733295,1.908659,0.0021,0.0000
1787918778.614217,-0.183321,-2.733556,1.908419,-0.0079,0.0000
1787918778.621020,-0.183471,-2.733454,1.907976,0.0009,0.0000
1787918778.628136,-0.182867,-2.733093,1.909129,0.0065,0.0000
1787918778.634428,-0.184113,-2.733756,1.906760,-0.0056,0.0000
1787918778.641398,-0.183184,-2.733348,1.908534,-0.0006,0.0000
1787918778.649174,-0.183206,-2.733371,1.908593,-0.0010,0.0000
1787918778.654591,-0.183480,-2.733442,1.907803,0.0006,0.0000
1787918778.661346,-0.183121,-2.733439,1.908812,-0.0047,0.0000
1787918778.667493,-0.182710,-2.733067,1.909634,0.0071,0.0000
1787918778.674511,-0.183343,-2.733290,1.908276,0.0050,0.0000
1787918778.681476,-0.183301,-2.733471,1.908384,-0.0045,0.0000
1787918778.687927,-0.183285,-2.733231,1.908431,0.0071,0.0000
1787918778.741353,-0.183476,-2.733264,1.908003,0.0052,0.0000
1787918778.743518,-0.183309,-2.733491,1.908588,-0.0336,0.0000
1787918778.745338,-0.183368,-2.733158,1.908365,0.0314,0.0000
1787918778.747085,-0.183740,-2.733495,1.907433,-0.0115,0.0000
1787918778.748907,-0.183276,-2.733578,1.908502,-0.0462,0.0000
1787918778.750745,-0.183062,-2.733260,1.908595,0.0050,0.0000
1787918778.752455,-0.182933,-2.733166,1.909187,0.0115,0.0000
1787918778.754107,-0.183743,-2.733517,1.907698,-0.0034,0.0000
1787918778.755843,-0.183428,-2.733415,1.908051,-0.0037,0.0000
1787918778.757570,-0.183833,-2.733479,1.907429,0.0101,0.0000
1787918778.761184,-0.183534,-2.733526,1.908084,-0.0048,0.0000
1787918778.767885,-0.183032,-2.733151,1.909037,0.0050,0.0000
1787918778.774754,-0.183362,-2.733262,1.908150,0.0037,0.0000
1787918778.780958,-0.183349,-2.733407,1.908369,-0.0042,0.0000
1787918778.787415,-0.183299,-2.733405,1.908494,-0.0037,0.0000
1787918778.795961,-0.182710,-2.733266,1.909588,-0.0048,0.0000
1787918778.801657,-0.183847,-2.733576,1.907384,0.0010,0.0000
1787918778.807932,-0.183500,-2.733455,1.907890,0.0007,0.0000
1787918778.814717,-0.183420,-2.733294,1.908156,0.0060,0.0000
1787918778.823973,-0.183390,-2.733454,1.908243,-0.0010,0.0000
1787918778.827529,-0.183028,-2.733248,1.908943,0.0056,0.0000
1787918778.834546,-0.183282,-2.733378,1.908283,0.0022,0.0000
1787918778.840755,-0.183254,-2.733360,1.908548,0.0019,0.0000
1787918778.848597,-0.183297,-2.733453,1.908296,-0.0015,0.0000
1787918778.857021,-0.183642,-2.733333,1.907792,0.0071,0.0000
1787918778.860917,-0.183934,-2.733598,1.907216,-0.0069,0.0000
1787918778.867555,-0.183444,-2.733518,1.908120,-0.0087,0.0000
1787918778.874231,-0.183255,-2.733260,1.908561,0.0020,0.0000
1787918778.881134,-0.183441,-2.733452,1.908226,-0.0038,0.0000
1787918778.887935,-0.183588,-2.733522,1.907870,-0.0034,0.0000
1787918778.895178,-0.183459,-2.733347,1.908159,0.0027,0.0000
1787918778.901406,-0.183165,-2.733259,1.908655,0.0012,0.0000
1787918778.907425,-0.183817,-2.733604,1.907322,-0.0047,0.0000
1787918778.914585,-0.183266,-2.733220,1.908271,0.0042,0.0000
1787918778.921369,-0.183403,-2.733486,1.908343,-0.0061,0.0000
1787918778.928522,-0.183602,-2.733572,1.907648,-0.0049,0.0000
1787918778.934718,-0.183523,-2.733441,1.908064,0.0013,0.0000
1787918778.941411,-0.183666,-2.733483,1.907542,0.0012,0.0000
1787918778.947752,-0.183786,-2.733479,1.907320,0.0029,0.0000
1787918778.956432,-0.183278,-2.733350,1.908398,0.0004,0.0000
1787918778.960889,-0.183516,-2.733344,1.908010,0.0060,0.0000
1787918778.967837,-0.183098,-2.733303,1.908947,-0.0001,0.0000
1787918778.974419,-0.183523,-2.733251,1.908068,0.0086,0.0000
1787918778.981923,-0.183792,-2.733523,1.907337,-0.0007,0.0000
1787918778.989653,-0.182826,-2.733278,1.909525,-0.0040,0.0000
1787918778.994708,-0.183404,-2.733516,1.908080,-0.0048,0.0000
1787918779.000867,-0.183685,-2.733578,1.907633,-0.0017,0.0000
1787918779.036529,-0.183237,-2.733353,1.908360,-0.0006,0.0000
1787918779.038654,-0.183047,-2.733227,1.908881,0.0074,0.0000
1787918779.040537,-0.183399,-2.733445,1.907912,-0.0090,0.0000
1787918779.042359,-0.183387,-2.733350,1.908247,0.0078,0.0000
1787918779.044127,-0.183595,-2.733229,1.907828,0.0366,0.0000
1787918779.048246,-0.183461,-2.733476,1.907964,0.0054,0.0000
1787918779.050056,-0.182985,-2.733284,1.908859,0.0076,0.0000
1787918779.054264,-0.183880,-2.733424,1.907305,0.0170,0.0000
1787918779.062287,-0.182903,-2.733168,1.909056,0.0088,0.0000
1787918779.067658,-0.183424,-2.733399,1.908129,0.0036,0.0000
1787918779.074372,-0.183141,-2.733202,1.908723,0.0066,0.0000
1787918779.080775,-0.183826,-2.733716,1.907447,-0.0075,0.0000
1787918779.087977,-0.183478,-2.733362,1.908141,0.0039,0.0000
1787918779.093956,-0.183547,-2.733560,1.907770,-0.0055,0.0000
1787918779.101123,-0.183527,-2.733365,1.907982,0.0036,0.0000
1787918779.108027,-0.183427,-2.733397,1.908109,-0.0003,0.0000
1787918779.114127,-0.183294,-2.733349,1.908247,-0.0001,0.0000
1787918779.121344,-0.183418,-2.733350,1.908189,0.0016,0.0000
1787918779.130030,-0.183272,-2.733362,1.908561,-0.0010,0.0000
1787918779.134190,-0.183813,-2.733482,1.907475,0.0041,0.0000
1787918779.141481,-0.183140,-2.733383,1.908570,-0.0025,0.0000
1787918779.147460,-0.183154,-2.733325,1.908673,0.0013,0.0000
1787918779.154562,-0.183462,-2.733510,1.907982,-0.0022,0.0000
1787918779.161464,-0.183503,-2.733340,1.907755,0.0060,0.0000
1787918779.168526,-0.183405,-2.733221,1.907975,0.0076,0.0000
1787918779.174543,-0.183444,-2.733382,1.908080,-0.0016,0.0000
1787918779.180992,-0.183595,-2.733380,1.907985,0.0013,0.0000
1787918779.187829,-0.183459,-2.733400,1.908231,-0.0019,0.0000
1787918779.194063,-0.183024,-2.733201,1.909015,0.0008,0.0000
1787918779.202451,-0.183598,-2.733462,1.907913,-0.0015,0.0000
1787918779.208346,-0.183829,-2.733684,1.907216,-0.0078,0.0000
1787918779.214482,-0.183024,-2.733377,1.908843,-0.0044,0.0000
1787918779.221275,-0.183357,-2.733418,1.908080,0.0001,0.0000
1787918779.227276,-0.183673,-2.733422,1.907644,0.0051,0.0000
1787918779.234761,-0.183812,-2.733490,1.907470,0.0029,0.0000
1787918779.241072,-0.183350,-2.733495,1.908316,-0.0055,0.0000
1787918779.247938,-0.183189,-2.733246,1.908641,0.0041,0.0000
1787918779.254511,-0.183250,-2.733342,1.908465,-0.0004,0.0000
1787918779.263674,-0.183415,-2.733354,1.908236,0.0012,0.0000
1787918779.267511,-0.183482,-2.733624,1.907976,-0.0174,0.0000
1787918779.275547,-0.182996,-2.733209,1.909133,-0.0036,0.0000
1787918779.280792,-0.183978,-2.733647,1.906864,-0.0076,0.0000
1787918779.287818,-0.183565,-2.733362,1.907990,0.0003,0.0000
1787918779.294623,-0.183254,-2.733275,1.908526,-0.0007,0.0000
1787918779.300972,-0.183332,-2.733457,1.908183,-0.0074,0.0000
1787918779.307953,-0.184025,-2.733552,1.906882,0.0008,0.0000
1787918779.323597,-0.182936,-2.733308,1.909060,-0.0020,0.0000
1787918779.324588,-0.183441,-2.733334,1.908389,0.0417,0.0000
1787918779.328324,-0.183371,-2.733352,1.907863,0.0260,0.0000
1787918779.334785,-0.183743,-2.733442,1.907605,0.0200,0.0000
1787918779.340963,-0.183129,-2.733182,1.908781,0.0160,0.0000
1787918779.347562,-0.183391,-2.733443,1.908419,0.0039,0.0000
1787918779.354372,-0.183316,-2.733282,1.908364,0.0084,0.0000
1787918779.360912,-0.183246,-2.733525,1.908291,-0.0058,0.0000
1787918779.367729,-0.183178,-2.733270,1.908701,0.0056,0.0000
1787918779.374629,-0.183317,-2.733338,1.908175,0.0031,0.0000
1787918779.381200,-0.183717,-2.733445,1.907529,0.0036,0.0000
1787918779.387697,-0.183091,-2.733077,1.908831,0.0090,0.0000
1787918779.394337,-0.183762,-2.733387,1.907446,0.0031,0.0000
1787918779.401006,-0.183393,-2.733490,1.908243,-0.0077,0.0000
1787918779.407862,-0.183221,-2.733246,1.908384,0.0022,0.0000
1787918779.414583,-0.182651,-2.733126,1.909905,-0.0019,0.0000
1787918779.421469,-0.182964,-2.733175,1.909130,0.0012,0.0000
1787918779.427791,-0.183139,-2.733261,1.908454,-0.0002,0.0000
1787918779.437101,-0.183388,-2.733278,1.908228,0.0020,0.0000
1787918779.445630,-0.183191,-2.733303,1.908619,-0.0018,0.0000
1787918779.454059,-0.183092,-2.733192,1.908669,0.0013,0.0000
1787918779.456382,-0.182938,-2.733205,1.909041,-0.0073,0.0000
1787918779.462358,-0.183669,-2.733347,1.907758,0.0003,0.0000
1787918779.469512,-0.183014,-2.733183,1.908994,-0.0024,0.0000
1787918779.474367,-0.183354,-2.733385,1.908285,-0.0065,0.0000
1787918779.481093,-0.183522,-2.733474,1.907844,-0.0058,0.0000
1787918779.490070,-0.183410,-2.733161,1.908430,0.0045,0.0000
1787918779.494354,-0.183190,-2.733112,1.908739,0.0013,0.0000
1787918779.504887,-0.183505,-2.733456,1.908008,-0.0053,0.0000
1787918779.507556,-0.183179,-2.733249,1.908808,0.0060,0.0000
1787918779.515591,-0.183716,-2.733499,1.907688,0.0020,0.0000
1787918779.520926,-0.183231,-2.733343,1.908641,0.0007,0.0000
1787918779.528438,-0.183676,-2.733506,1.907513,0.0002,0.0000
1787918779.534296,-0.183341,-2.733358,1.908371,0.0016,0.0000
1787918779.540998,-0.183152,-2.733226,1.908757,0.0039,0.0000
1787918779.548043,-0.183788,-2.733452,1.907388,0.0026,0.0000
1787918779.554224,-0.183288,-2.733192,1.908369,0.0057,0.0000
1787918779.561304,-0.183180,-2.733315,1.908773,-0.0024,0.0000
1787918779.572058,-0.183711,-2.733486,1.907627,-0.0013,0.0000
1787918779.574541,-0.183823,-2.733551,1.907227,-0.0038,0.0000
1787918779.581424,-0.183169,-2.733240,1.908491,0.0007,0.0000
1787918779.587696,-0.183556,-2.733400,1.908004,-0.0006,0.0000
1787918779.595815,-0.183280,-2.733282,1.908273,0.0003,0.0000
1787918779.601784,-0.183703,-2.733466,1.907720,-0.0015,0.0000
1787918779.607758,-0.183223,-2.733210,1.908441,0.0031,0.0000
1787918779.614078,-0.183711,-2.733457,1.907737,-0.0012,0.0000
1787918779.643791,-0.182863,-2.733058,1.909405,0.0001,0.0000
1787918779.645095,-0.183547,-2.733375,1.907928,-0.0167,0.0000
1787918779.646132,-0.183228,-2.733270,1.908684,-0.0134,0.0000
1787918779.648157,-0.183642,-2.733498,1.907782,-0.0210,0.0000
1787918779.659777,-0.183488,-2.733437,1.908127,-0.0145,0.0022
1787918779.661405,-0.183767,-2.733385,1.907583,0.0160,0.0022
1787918779.662266,-0.183609,-2.733466,1.907675,-0.0337,0.0022
1787918779.668517,-0.183252,-2.733192,1.908484,-0.0169,0.0022
1787918779.675036,-0.183710,-2.733520,1.907401,-0.0191,0.0022
1787918779.680886,-0.183099,-2.733242,1.908840,-0.0103,0.0022
1787918779.688054,-0.183941,-2.733719,1.907163,-0.0144,0.0022
1787918779.694342,-0.183513,-2.733356,1.908090,-0.0005,0.0022
1787918779.701231,-0.183182,-2.733277,1.908533,-0.0019,0.0022
1787918779.708049,-0.183379,-2.733262,1.908068,0.0022,0.0022
1787918779.714170,-0.183464,-2.733338,1.908077,-0.0006,0.0022
1787918779.720999,-0.183773,-2.733485,1.907460,-0.0020,0.0022
1787918779.730039,-0.183225,-2.733303,1.908370,-0.0017,0.0022
1787918779.734387,-0.183502,-2.733358,1.907963,0.0015,0.0022
1787918779.740816,-0.182925,-2.733155,1.909217,0.0010,0.0022
1787918779.747767,-0.183517,-2.733407,1.907904,-0.0011,0.0022
1787918779.754430,-0.184105,-2.733459,1.906677,0.0058,0.0022
1787918779.761065,-0.183745,-2.733480,1.907608,-0.0022,0.0027
1787918779.767476,-0.183309,-2.733203,1.908376,0.0039,0.0027
1787918779.776860,-0.183306,-2.733488,1.908317,-0.0059,0.0027
1787918779.780605,-0.183590,-2.733307,1.907872,0.0171,0.0027
1787918779.787998,-0.183089,-2.733207,1.908871,0.0090,0.0027
1787918779.794363,-0.184057,-2.733692,1.906945,-0.0002,0.0027
1787918779.800709,-0.183018,-2.733222,1.908741,0.0045,0.0027
1787918779.807570,-0.183427,-2.733338,1.908198,0.0043,0.0027
1787918779.814191,-0.183726,-2.733377,1.907513,0.0058,0.0027
1787918779.822818,-0.183116,-2.733347,1.908809,-0.0020,0.0027
1787918779.827863,-0.183451,-2.733274,1.908024,0.0093,0.0027
1787918779.835783,-0.183375,-2.733448,1.908210,-0.0007,0.0027
1787918779.840663,-0.183990,-2.733614,1.907014,0.0024,0.0027
1787918779.848203,-0.183718,-2.733557,1.907518,0.0002,0.0027
1787918779.854277,-0.183119,-2.733223,1.908577,0.0059,0.0027
1787918779.861031,-0.183404,-2.733396,1.908270,0.0011,0.0023
1787918779.867368,-0.183421,-2.733313,1.908141,0.0047,0.0023
1787918779.878356,-0.182976,-2.733167,1.908810,0.0031,0.0023
1787918779.881322,-0.183597,-2.733416,1.907895,-0.0009,0.0023
1787918779.887731,-0.183678,-2.733462,1.907664,-0.0014,0.0023
1787918779.894766,-0.183554,-2.733605,1.907862,-0.0085,0.0023
1787918779.900704,-0.183377,-2.733219,1.908188,0.0095,0.0023
1787918779.907530,-0.184035,-2.733671,1.906730,-0.0026,0.0023
1787918779.914908,-0.183480,-2.733401,1.908061,0.0011,0.0023
1787918779.920856,-0.183562,-2.733501,1.907753,-0.0027,0.0023
1787918779.928122,-0.183704,-2.733519,1.907840,-0.0006,0.0023
1787918779.934209,-0.183381,-2.733339,1.908396,0.0027,0.0023
1787918779.940861,-0.183456,-2.733441,1.908260,-0.0014,0.0023
1787918779.949180,-0.183304,-2.733245,1.908325,0.0039,0.0023
1787918779.954390,-0.183506,-2.733556,1.908001,-0.0103,0.0023
1787918779.960910,-0.183522,-2.733457,1.908008,-0.0027,0.0030
1787918779.967961,-0.183252,-2.733421,1.908537,-0.0042,0.0030
1787918779.976758,-0.183742,-2.733448,1.907526,0.0017,0.0030
1787918779.981355,-0.183076,-2.733242,1.908635,-0.0005,0.0030
1787918779.987626,-0.183210,-2.733265,1.908598,0.0007,0.0030
1787918779.994377,-0.182974,-2.733154,1.908823,0.0017,0.0030
1787918780.000937,-0.183083,-2.733361,1.908705,-0.0061,0.0030
1787918780.008025,-0.183251,-2.733294,1.908312,0.0007,0.0030
1787918780.014292,-0.183545,-2.733437,1.907963,-0.0013,0.0030
1787918780.021252,-0.183417,-2.733351,1.908230,0.0008,0.0030
1787918780.028419,-0.183151,-2.733232,1.908742,0.0015,0.0030
1787918780.035442,-0.183329,-2.733358,1.908371,-0.0015,0.0030
1787918780.040858,-0.183613,-2.733426,1.907759,0.0006,0.0030
1787918780.048009,-0.183434,-2.733456,1.908147,-0.0032,0.0030
1787918780.053909,-0.183237,-2.733192,1.908535,0.0071,0.0030
1787918780.061685,-0.183484,-2.733445,1.908050,-0.0011,0.0024
1787918780.068190,-0.183638,-2.733430,1.907640,0.0022,0.0024
1787918780.074411,-0.183268,-2.733199,1.908717,0.0061,0.0024
1787918780.083380,-0.183600,-2.733326,1.908055,0.0040,0.0024
1787918780.087540,-0.183526,-2.733180,1.908156,0.0110,0.0024
1787918780.094365,-0.183584,-2.733106,1.908640,0.0116,0.0024
1787918780.106647,-0.184028,-2.733073,1.907753,0.0124,0.0024
1787918780.109347,-0.183758,-2.732719,1.908303,0.0359,0.0024
1787918780.121935,-0.183670,-2.732366,1.909082,0.0324,0.0024
1787918780.123703,-0.183880,-2.731930,1.908844,0.1043,0.0024
1787918780.131414,-0.183997,-2.731381,1.908620,0.0947,0.0024
1787918780.134248,-0.184242,-2.730828,1.908079,0.1302,0.0024
1787918780.140594,-0.184819,-2.730087,1.906884,0.1331,0.0024
1787918780.148733,-0.185060,-2.729427,1.906712,0.1191,0.0024
1787918780.154834,-0.185232,-2.728490,1.907434,0.1297,0.0050
1787918780.162170,-0.185635,-2.727824,1.907111,0.1219,0.0050
1787918780.167762,-0.186175,-2.726817,1.906502,0.1459,0.0050
1787918780.174080,-0.186617,-2.725621,1.906414,0.1627,0.0050
1787918780.181505,-0.187297,-2.724908,1.905789,0.1501,0.0050
1787918780.187912,-0.187043,-2.723517,1.907182,0.1627,0.0050
1787918780.194786,-0.187550,-2.722820,1.906824,0.1499,0.0050
1787918780.201773,-0.188009,-2.721831,1.906808,0.1515,0.0050
1787918780.208351,-0.188488,-2.720761,1.906785,0.1593,0.0050
1787918780.214029,-0.188332,-2.719649,1.907851,0.1642,0.0050
1787918780.220836,-0.188686,-2.718765,1.907639,0.1569,0.0050
1787918780.228209,-0.189140,-2.718083,1.907528,0.1421,0.0050
1787918780.242106,-0.189284,-2.717149,1.907917,0.1195,0.0050
1787918780.258397,-0.189711,-2.716131,1.908012,0.1040,0.0022
1787918780.260467,-0.189977,-2.715200,1.908488,0.2128,0.0022
1787918780.262337,-0.190598,-2.714405,1.907687,0.3023,0.0022
1787918780.266154,-0.190656,-2.713494,1.908286,0.2807,0.0022
1787918780.267713,-0.191343,-2.712882,1.907229,0.3513,0.0022
1787918780.274832,-0.191332,-2.711699,1.908132,0.2928,0.0022
1787918780.281152,-0.191313,-2.710806,1.908865,0.2446,0.0022
1787918780.288681,-0.191990,-2.709905,1.908070,0.2141,0.0022
1787918780.294502,-0.192529,-2.709024,1.907756,0.2019,0.0022
1787918780.301397,-0.192613,-2.707959,1.908160,0.1862,0.0022
1787918780.307614,-0.192554,-2.706874,1.908918,0.1788,0.0022
1787918780.314706,-0.193395,-2.706005,1.907991,0.1716,0.0022
1787918780.321786,-0.193588,-2.704871,1.908487,0.1682,0.0022
1787918780.327868,-0.193742,-2.703724,1.908706,0.1736,0.0022
1787918780.334763,-0.194525,-2.702740,1.908003,0.1732,0.0022
1787918780.341046,-0.195141,-2.701678,1.907485,0.1788,0.0022
1787918780.347503,-0.195127,-2.700289,1.908183,0.1858,0.0022
1787918780.354847,-0.195656,-2.699276,1.908104,0.1763,0.0019
1787918780.360982,-0.195953,-2.698283,1.907734,0.1741,0.0019
1787918780.368001,-0.196437,-2.696907,1.907810,0.1842,0.0019
1787918780.374544,-0.196448,-2.695728,1.908806,0.1801,0.0019
1787918780.381421,-0.197161,-2.694829,1.907931,0.1733,0.0019
1787918780.390059,-0.197431,-2.693326,1.908010,0.1737,0.0019
1787918780.394434,-0.198197,-2.692143,1.907774,0.2155,0.0019
1787918780.401671,-0.198459,-2.691064,1.907692,0.1967,0.0019
1787918780.407619,-0.198711,-2.689701,1.907537,0.2067,0.0019
1787918780.414033,-0.199087,-2.688721,1.907927,0.1938,0.0019
1787918780.421321,-0.200243,-2.687532,1.906466,0.1975,0.0019
1787918780.427308,-0.200566,-2.686296,1.906562,0.2021,0.0019
1787918780.437948,-0.200347,-2.684833,1.907832,0.1784,0.0019
1787918780.441857,-0.200809,-2.683698,1.907911,0.2188,0.0019
1787918780.451560,-0.202022,-2.682814,1.906415,0.1913,0.0019
1787918780.454213,-0.201742,-2.681094,1.907928,0.3071,0.0019
1787918780.462415,-0.202909,-2.680018,1.906145,0.2662,0.0019
1787918780.467721,-0.203155,-2.678939,1.906258,0.2485,0.0019
1787918780.474369,-0.203787,-2.677600,1.906422,0.2404,0.0019
1787918780.480900,-0.204578,-2.676653,1.905305,0.2213,0.0019
1787918780.488244,-0.205144,-2.675221,1.904928,0.2177,0.0019
1787918780.494353,-0.205449,-2.674009,1.905537,0.2136,0.0019
1787918780.500971,-0.205518,-2.672687,1.906571,0.2071,0.0019
1787918780.507637,-0.206205,-2.671360,1.905459,0.2116,0.0019
1787918780.514216,-0.207052,-2.670007,1.905061,0.2190,0.0019
1787918780.521299,-0.207320,-2.668682,1.905500,0.2101,0.0019
1787918780.527955,-0.208190,-2.667382,1.904396,0.2152,0.0019
1787918780.535385,-0.208169,-2.665954,1.905093,0.2049,0.0019
1787918780.567569,-0.209160,-2.664654,1.904293,0.1579,0.0034
1787918780.569582,-0.209265,-2.663258,1.905193,0.3122,0.0034
1787918780.571364,-0.209615,-2.661527,1.905637,0.5131,0.0034
1787918780.573174,-0.210383,-2.660257,1.904679,0.5998,0.0034
1787918780.575016,-0.210452,-2.658631,1.905660,0.6737,0.0034
1787918780.583952,-0.211269,-2.657443,1.904473,0.5183,0.0034
1787918780.585835,-0.211177,-2.655900,1.906031,0.5900,0.0034
1787918780.590051,-0.212000,-2.654329,1.904986,0.5378,0.0034
1787918780.595435,-0.212805,-2.653185,1.904315,0.4514,0.0034
1787918780.601112,-0.213168,-2.651507,1.904602,0.4060,0.0034
1787918780.608113,-0.214246,-2.650535,1.903116,0.3387,0.0034
1787918780.614458,-0.214283,-2.648773,1.903880,0.3164,0.0034
1787918780.621496,-0.215065,-2.647379,1.903063,0.2885,0.0034
1787918780.629505,-0.215337,-2.645776,1.903605,0.2620,0.0034
1787918780.634735,-0.215945,-2.644292,1.903434,0.2753,0.0034
1787918780.640671,-0.216765,-2.642920,1.902365,0.2717,0.0034
1787918780.647593,-0.216907,-2.641524,1.903180,0.2494,0.0034
1787918780.655424,-0.217710,-2.639940,1.902502,0.2420,-0.1436
1787918780.660999,-0.218088,-2.638376,1.902421,0.2556,-0.1436
1787918780.667882,-0.218827,-2.637224,1.901780,0.2368,-0.1436
1787918780.674546,-0.219294,-2.635627,1.901549,0.2406,-0.1436
1787918780.682464,-0.220087,-2.634320,1.900893,0.2250,-0.1436
1787918780.688767,-0.220691,-2.632725,1.900231,0.2387,-0.1436
1787918780.697253,-0.221579,-2.631394,1.899704,0.2217,-0.1436
1787918780.702590,-0.221787,-2.629865,1.900103,0.2403,-0.1436
1787918780.707801,-0.222624,-2.628379,1.898957,0.2648,-0.1436
1787918780.714349,-0.222681,-2.626637,1.899809,0.2617,-0.1436
1787918780.721088,-0.223737,-2.625254,1.898923,0.2566,-0.1436
1787918780.727746,-0.224112,-2.623643,1.898972,0.2538,-0.1436
1787918780.734795,-0.224589,-2.621914,1.899105,0.2539,-0.1436
1787918780.746215,-0.224590,-2.620289,1.900917,0.2181,-0.1436
1787918780.748500,-0.225192,-2.618906,1.900967,0.3500,-0.1436
1787918780.754265,-0.225977,-2.617057,1.900836,0.3493,-0.1436
1787918780.760933,-0.226332,-2.615603,1.900419,0.3116,-0.1453
1787918780.769697,-0.227204,-2.613703,1.899747,0.2893,-0.1453
1787918780.774412,-0.227363,-2.612175,1.900508,0.2978,-0.1453
1787918780.782252,-0.228050,-2.610563,1.899489,0.2753,-0.1453
1787918780.787456,-0.228698,-2.609006,1.899086,0.2897,-0.1453
1787918780.794188,-0.229463,-2.607388,1.898042,0.2820,-0.1453
1787918780.800902,-0.230312,-2.605818,1.896943,0.2760,-0.1453
1787918780.807826,-0.230878,-2.604076,1.895919,0.2726,-0.1453
1787918780.813987,-0.232055,-2.602981,1.893661,0.2596,-0.1453
1787918780.821215,-0.232309,-2.601082,1.893740,0.2598,-0.1453
1787918780.827386,-0.232834,-2.599413,1.892746,0.2669,-0.1453
1787918780.834599,-0.233206,-2.597859,1.892148,0.2530,-0.1453
1787918780.841508,-0.234488,-2.596402,1.889627,0.2546,-0.1453
1787918780.855768,-0.235186,-2.594934,1.888567,0.2122,-0.1403
1787918780.856875,-0.235383,-2.593260,1.887840,0.5962,-0.1403
1787918780.863978,-0.236385,-2.591693,1.886048,0.4934,-0.1403
1787918780.867544,-0.236791,-2.589841,1.885579,0.5041,-0.1403
1787918780.878532,-0.237339,-2.588460,1.884898,0.3933,-0.1403
1787918780.881191,-0.237532,-2.586667,1.884469,0.4744,-0.1403
1787918780.887887,-0.238326,-2.585047,1.883447,0.4121,-0.1403
1787918780.897037,-0.238419,-2.583365,1.883222,0.3419,-0.1403
1787918780.904399,-0.239611,-2.581985,1.881004,0.3077,-0.1403
1787918780.907686,-0.239780,-2.580036,1.880830,0.3895,-0.1403
1787918780.914183,-0.239758,-2.578462,1.881160,0.3415,-0.1403
1787918780.921213,-0.239955,-2.576663,1.880910,0.3147,-0.1403
1787918780.927440,-0.241390,-2.575220,1.878153,0.3075,-0.1403
1787918780.934390,-0.240887,-2.573139,1.879078,0.2943,-0.1403
1787918780.940961,-0.241873,-2.571698,1.876708,0.2823,-0.1403
1787918780.949421,-0.241965,-2.569797,1.876838,0.2629,-0.1403
1787918780.954530,-0.241939,-2.567664,1.877133,0.3030,-0.1403
1787918780.962047,-0.242862,-2.566656,1.874747,0.2615,-0.1152
1787918780.967705,-0.243430,-2.564635,1.873882,0.2943,-0.1152
1787918780.974933,-0.243436,-2.562850,1.874709,0.2768,-0.1152
1787918780.980793,-0.244193,-2.561627,1.872697,0.2650,-0.1152
1787918780.987227,-0.244927,-2.560067,1.871072,0.2651,-0.1152
1787918780.994037,-0.245640,-2.558209,1.870226,0.2731,-0.1152
1787918781.004942,-0.246345,-2.556769,1.868067,0.2347,-0.1152
1787918781.007541,-0.246558,-2.554756,1.867656,0.3937,-0.1152
1787918781.014377,-0.246625,-2.553114,1.867820,0.3454,-0.1152
1787918781.021325,-0.247910,-2.551501,1.864706,0.3245,-0.1152
1787918781.027831,-0.248540,-2.549991,1.863502,0.3022,-0.1152
1787918781.034676,-0.249027,-2.548377,1.862533,0.2854,-0.1152
1787918781.041970,-0.250115,-2.546868,1.860276,0.2721,-0.1152
1787918781.047808,-0.250326,-2.545214,1.860046,0.2750,-0.1152
1787918781.054097,-0.250267,-2.543317,1.860425,0.2784,-0.1152
1787918781.061009,-0.251720,-2.541928,1.857956,0.2706,-0.0937
1787918781.067815,-0.251264,-2.540078,1.858454,0.2619,-0.0937
1787918781.075826,-0.252412,-2.538635,1.856586,0.2473,-0.0937
1787918781.081405,-0.252795,-2.536990,1.855798,0.2638,-0.0937
1787918781.087537,-0.253522,-2.535184,1.854309,0.2794,-0.0937
1787918781.094601,-0.253951,-2.533457,1.853967,0.2711,-0.0937
1787918781.101016,-0.254068,-2.531835,1.854183,0.2641,-0.0937
1787918781.108301,-0.255062,-2.530052,1.852623,0.2668,-0.0937
1787918781.113772,-0.255420,-2.528596,1.852277,0.2689,-0.0937
1787918781.120937,-0.255539,-2.526467,1.852333,0.2753,-0.0937
1787918781.128160,-0.256396,-2.524986,1.850812,0.2616,-0.0937
1787918781.134114,-0.256761,-2.523424,1.850447,0.2639,-0.0937
1787918781.141442,-0.257193,-2.521661,1.850034,0.2590,-0.0937
1787918781.147488,-0.257623,-2.520115,1.849776,0.2609,-0.0937
1787918781.169106,-0.258133,-2.518502,1.848321,0.2061,-0.2146
1787918781.170136,-0.258762,-2.516998,1.847525,0.6155,-0.2146
1787918781.196020,-0.259257,-2.515121,1.847012,0.4533,-0.2146
1787918781.197048,-0.259930,-2.513357,1.845859,0.8661,-0.2146
1787918781.197866,-0.260234,-2.511590,1.845419,1.2597,-0.2146
1787918781.199985,-0.261072,-2.510049,1.844225,1.1239,-0.2146
1787918781.201677,-0.261156,-2.508371,1.844287,1.0772,-0.2146
1787918781.204873,-0.262459,-2.507073,1.841717,0.9042,-0.2146
1787918781.210617,-0.262802,-2.505314,1.841603,0.7263,-0.2146
1787918781.214573,-0.262789,-2.503626,1.841941,0.6314,-0.2146
1787918781.220950,-0.263257,-2.502247,1.841943,0.5104,-0.2146
1787918781.227665,-0.264012,-2.500475,1.841122,0.4426,-0.2146
1787918781.234139,-0.264423,-2.498823,1.840975,0.3887,-0.2146
1787918781.241490,-0.264478,-2.497476,1.841361,0.3256,-0.2146
1787918781.247384,-0.265148,-2.495736,1.840668,0.3224,-0.2146
1787918781.256349,-0.265708,-2.494128,1.840362,0.2825,-0.2133
1787918781.260837,-0.266062,-2.492311,1.840296,0.3211,-0.2133
1787918781.269559,-0.266338,-2.490696,1.840010,0.2809,-0.2133
1787918781.274559,-0.266731,-2.489009,1.839987,0.3004,-0.2133
1787918781.280962,-0.266905,-2.487564,1.839701,0.2777,-0.2133
1787918781.287669,-0.267988,-2.486233,1.837494,0.2646,-0.2133
1787918781.294220,-0.268982,-2.484474,1.835956,0.2749,-0.2133
1787918781.301915,-0.269119,-2.482929,1.835573,0.2520,-0.2133
1787918781.307731,-0.269554,-2.481271,1.834453,0.2648,-0.2133
1787918781.314443,-0.270044,-2.479652,1.833135,0.2609,-0.2133
1787918781.320897,-0.270450,-2.477975,1.831669,0.2628,-0.2133
1787918781.327895,-0.271380,-2.476438,1.829846,0.2579,-0.2133
1787918781.334819,-0.272202,-2.474842,1.828042,0.2565,-0.2133
1787918781.340880,-0.272145,-2.473103,1.827976,0.2621,-0.2133
1787918781.347813,-0.272547,-2.471561,1.827004,0.2524,-0.2133
1787918781.354352,-0.271568,-2.470838,1.829305,0.1972,-0.2133
1787918781.360963,-0.271680,-2.469680,1.829070,0.1902,-0.2034
1787918781.367662,-0.271513,-2.468264,1.828906,0.1925,-0.2034
1787918781.374337,-0.271726,-2.467080,1.828700,0.1887,-0.2034
1787918781.382875,-0.271524,-2.465472,1.828962,0.1849,-0.2034
1787918781.387300,-0.272039,-2.464286,1.827741,0.2160,-0.2034
1787918781.395583,-0.272182,-2.462466,1.827162,0.2163,-0.2034
1787918781.400930,-0.273148,-2.461016,1.825403,0.2438,-0.2034
1787918781.408156,-0.273150,-2.459353,1.824875,0.2375,-0.2034
1787918781.414902,-0.273624,-2.457641,1.823938,0.2453,-0.2034
1787918781.421335,-0.274383,-2.456064,1.822459,0.2517,-0.2034
1787918781.427918,-0.274505,-2.454180,1.821502,0.2608,-0.2034
1787918781.435092,-0.275124,-2.452673,1.820497,0.2500,-0.2034
1787918781.441531,-0.275918,-2.451097,1.818317,0.2552,-0.2034
1787918781.447525,-0.276358,-2.449455,1.816800,0.2637,-0.2034
1787918781.454809,-0.276577,-2.447805,1.816342,0.2527,-0.1857
1787918781.510682,-0.276924,-2.446211,1.814990,0.1857,-0.1857
1787918781.511934,-0.277533,-2.444603,1.813526,0.5389,-0.1857
1787918781.512867,-0.278181,-2.443107,1.811468,0.8941,-0.1857
1787918781.514462,-0.279216,-2.441446,1.809054,0.9755,-0.1857
1787918781.516054,-0.279207,-2.440036,1.809258,0.9405,-0.1857
1787918781.517761,-0.279390,-2.438326,1.808814,0.9580,-0.1857
1787918781.519068,-0.280165,-2.436801,1.806730,1.0526,-0.1857
1787918781.519856,-0.279931,-2.434965,1.807261,1.3952,-0.1857
1787918781.520630,-0.280662,-2.433530,1.805792,1.5834,-0.1857
1787918781.522240,-0.281160,-2.432008,1.804157,1.4058,-0.1857
1787918781.527800,-0.281528,-2.430219,1.803494,1.0826,-0.1857
1787918781.534622,-0.281761,-2.428757,1.802860,0.8227,-0.1857
1787918781.541177,-0.282358,-2.427156,1.801223,0.6535,-0.1857
1787918781.548437,-0.282401,-2.425420,1.801208,0.5277,-0.1857
1787918781.554752,-0.282910,-2.423877,1.799297,0.4462,-0.2850
1787918781.563586,-0.283137,-2.422673,1.798927,0.3539,-0.2850
1787918781.568380,-0.283142,-2.420833,1.798418,0.3600,-0.2850
1787918781.576851,-0.283849,-2.419127,1.796759,0.3165,-0.2850
1787918781.580990,-0.284732,-2.417806,1.794894,0.3291,-0.2850
1787918781.587805,-0.285018,-2.416205,1.793842,0.3019,-0.2850
1787918781.594793,-0.284967,-2.414216,1.793701,0.2941,-0.2850
1787918781.601654,-0.285653,-2.412612,1.792011,0.2809,-0.2850
1787918781.607541,-0.285312,-2.410646,1.791998,0.2906,-0.2850
1787918781.614687,-0.285943,-2.408926,1.790641,0.2797,-0.2850
1787918781.621564,-0.285669,-2.407033,1.791302,0.2737,-0.2850
1787918781.627882,-0.285829,-2.405363,1.789763,0.2707,-0.2850
1787918781.634798,-0.285845,-2.403440,1.789309,0.2710,-0.2850
1787918781.640860,-0.285985,-2.401635,1.788650,0.2784,-0.2850
1787918781.647844,-0.286702,-2.399932,1.786224,0.2729,-0.2850
1787918781.654229,-0.286129,-2.398227,1.787576,0.2635,-0.2850
1787918781.662189,-0.286966,-2.396674,1.785658,0.2484,-0.2711
1787918781.667669,-0.287311,-2.394866,1.784240,0.2746,-0.2711
1787918781.674183,-0.287507,-2.393114,1.783421,0.2730,-0.2711
1787918781.681215,-0.288304,-2.391529,1.781550,0.2643,-0.2711
1787918781.689964,-0.288825,-2.389639,1.779384,0.2521,-0.2711
1787918781.694437,-0.289086,-2.387987,1.777983,0.2885,-0.2711
1787918781.701347,-0.289584,-2.386469,1.776485,0.2709,-0.2711
1787918781.707313,-0.290743,-2.384969,1.772935,0.2752,-0.2711
1787918781.714805,-0.290961,-2.383408,1.771252,0.2556,-0.2711
1787918781.721432,-0.291547,-2.381919,1.769253,0.2503,-0.2711
1787918781.728245,-0.291473,-2.380243,1.767981,0.2469,-0.2711
1787918781.733995,-0.292055,-2.378725,1.765973,0.2564,-0.2711
1787918781.741290,-0.292350,-2.377344,1.763959,0.2376,-0.2711
1787918781.747404,-0.293052,-2.375839,1.761545,0.2453,-0.2711
1787918781.754401,-0.293276,-2.374539,1.760153,0.2283,-0.2499
1787918781.761007,-0.293685,-2.373133,1.758181,0.2260,-0.2499
1787918781.784528,-0.293400,-2.371550,1.758063,0.1773,-0.2499
1787918781.786085,-0.293944,-2.370212,1.756250,0.3969,-0.2499
1787918781.787269,-0.294345,-2.368742,1.754101,0.6627,-0.2499
1787918781.788453,-0.294502,-2.367325,1.753170,0.8240,-0.2499
1787918781.796540,-0.294663,-2.365867,1.752057,0.6311,-0.2499
1787918781.802155,-0.295252,-2.364565,1.749970,0.5158,-0.2499
1787918781.807669,-0.295850,-2.363121,1.747930,0.4441,-0.2499
1787918781.816553,-0.295821,-2.361580,1.747012,0.3619,-0.2499
1787918781.823943,-0.295635,-2.359753,1.746448,0.3251,-0.2499
1787918781.828713,-0.296111,-2.358435,1.744439,0.3143,-0.2499
1787918781.834500,-0.296253,-2.356982,1.743186,0.2955,-0.2499
1787918781.841172,-0.297153,-2.355653,1.740649,0.2726,-0.2499
1787918781.848087,-0.297151,-2.354033,1.739978,0.2601,-0.2499
1787918781.854256,-0.297556,-2.352351,1.738155,0.2660,-0.2232
1787918781.860704,-0.297545,-2.350864,1.736983,0.2543,-0.2232
1787918781.867814,-0.297149,-2.349311,1.736633,0.2399,-0.2232
1787918781.874413,-0.297295,-2.347392,1.735527,0.2551,-0.2232
1787918781.880815,-0.298070,-2.345866,1.732800,0.2550,-0.2232
1787918781.888019,-0.298240,-2.344203,1.730917,0.2480,-0.2232
1787918781.894780,-0.298726,-2.342586,1.729438,0.2478,-0.2232
1787918781.901542,-0.298686,-2.340903,1.728777,0.2470,-0.2232
1787918781.907583,-0.298734,-2.339180,1.727481,0.2577,-0.2232
1787918781.914412,-0.301119,-2.338116,1.722018,0.2424,-0.2232
1787918781.920984,-0.302796,-2.336812,1.717424,0.2398,-0.2232
1787918781.928881,-0.303735,-2.335605,1.714632,0.2183,-0.2232
1787918781.934936,-0.304246,-2.334201,1.712122,0.2253,-0.2232
1787918781.941333,-0.304406,-2.332535,1.711107,0.2361,-0.2232
1787918781.948553,-0.304376,-2.330749,1.709911,0.2386,-0.2232
1787918781.954392,-0.301983,-2.328892,1.713346,0.2440,-0.2232
1787918781.960764,-0.301293,-2.327121,1.713795,0.2487,-0.3073
1787918781.967636,-0.300884,-2.325670,1.713404,0.2343,-0.3073
1787918781.975015,-0.300261,-2.324075,1.713502,0.2245,-0.3073
1787918781.981244,-0.300047,-2.322333,1.713298,0.2388,-0.3073
1787918781.987679,-0.299552,-2.320872,1.713366,0.2313,-0.3073
1787918781.997101,-0.299397,-2.319532,1.713001,0.2034,-0.3073
1787918782.000928,-0.299071,-2.317835,1.712850,0.2705,-0.3073
1787918782.007962,-0.299579,-2.316228,1.711043,0.2602,-0.3073
1787918782.014140,-0.299649,-2.314760,1.711275,0.2532,-0.3073
1787918782.021480,-0.299815,-2.313350,1.710047,0.2353,-0.3073
1787918782.029402,-0.299886,-2.311910,1.709269,0.2191,-0.3073
1787918782.034817,-0.300250,-2.310446,1.707801,0.2365,-0.3073
1787918782.040662,-0.300245,-2.308770,1.707210,0.2507,-0.3073
1787918782.047415,-0.300450,-2.307405,1.705783,0.2368,-0.3073
1787918782.055162,-0.300523,-2.305953,1.704510,0.2219,-0.2857
1787918782.061012,-0.300829,-2.304496,1.703001,0.2314,-0.2857
1787918782.068392,-0.300882,-2.302994,1.701729,0.2228,-0.2857
1787918782.094243,-0.301487,-2.301687,1.699395,0.1719,-0.2857
1787918782.095610,-0.301872,-2.300157,1.697147,0.4640,-0.2857
1787918782.096638,-0.301695,-2.298460,1.696841,0.8097,-0.2857
1787918782.098418,-0.302026,-2.296990,1.694786,0.8196,-0.2857
1787918782.119633,-0.302462,-2.295460,1.692994,0.5960,-0.2857
1787918782.120601,-0.302675,-2.293893,1.691082,0.9071,-0.2857
1787918782.121471,-0.303193,-2.292221,1.689000,1.2287,-0.2857
1787918782.123831,-0.303641,-2.290567,1.686802,1.0754,-0.2857
1787918782.131082,-0.303710,-2.289040,1.685037,0.8159,-0.2857
1787918782.135204,-0.303642,-2.287425,1.683810,0.6874,-0.2857
1787918782.141202,-0.304235,-2.285751,1.681408,0.5677,-0.2857
1787918782.147492,-0.306682,-2.284043,1.674666,0.4905,-0.2857
1787918782.154406,-0.307383,-2.282343,1.671373,0.4198,-0.2857
1787918782.161372,-0.308334,-2.280758,1.668550,0.3658,-0.2640
1787918782.167446,-0.308804,-2.279184,1.666376,0.3356,-0.2640
1787918782.174300,-0.309131,-2.277537,1.663513,0.3081,-0.2640
1787918782.180867,-0.309822,-2.275836,1.661316,0.2959,-0.2640
1787918782.187286,-0.310535,-2.274138,1.658235,0.2891,-0.2640
1787918782.194651,-0.310656,-2.272600,1.656657,0.2652,-0.2640
1787918782.202017,-0.310799,-2.270999,1.655315,0.2511,-0.2640
1787918782.207573,-0.310932,-2.269426,1.654062,0.2610,-0.2640
1787918782.214390,-0.311180,-2.267958,1.651806,0.2480,-0.2640
1787918782.220675,-0.311227,-2.266506,1.650591,0.2428,-0.2640
1787918782.227345,-0.311410,-2.265008,1.649200,0.2378,-0.2640
1787918782.235973,-0.311550,-2.263679,1.647500,0.2129,-0.2640
1787918782.241499,-0.311216,-2.262094,1.646692,0.2335,-0.2640
1787918782.248654,-0.311074,-2.260936,1.646249,0.2114,-0.2640
1787918782.254190,-0.311325,-2.259029,1.644175,0.2520,-0.2640
1787918782.261103,-0.311379,-2.257653,1.642644,0.2362,-0.2373
1787918782.267370,-0.311535,-2.256416,1.641177,0.2249,-0.2373
1787918782.275389,-0.311574,-2.255032,1.639561,0.2092,-0.2373
1787918782.281136,-0.311642,-2.253507,1.638608,0.2261,-0.2373
1787918782.287472,-0.311730,-2.251855,1.637279,0.2366,-0.2373
1787918782.294591,-0.312079,-2.250483,1.635427,0.2243,-0.2373
1787918782.301229,-0.311928,-2.249192,1.635045,0.2148,-0.2373
1787918782.307394,-0.312044,-2.247685,1.633691,0.2239,-0.2373
1787918782.314649,-0.312164,-2.246160,1.632517,0.2200,-0.2373
1787918782.320980,-0.312531,-2.244694,1.630146,0.2244,-0.2373
1787918782.327714,-0.312699,-2.243166,1.628758,0.2255,-0.2373
1787918782.335611,-0.312759,-2.241732,1.627491,0.2123,-0.2373
1787918782.341685,-0.312545,-2.240212,1.626458,0.2230,-0.2373
1787918782.348577,-0.312599,-2.238671,1.624834,0.2232,-0.2373
1787918782.354280,-0.312658,-2.237214,1.623473,0.2329,-0.2373
1787918782.360822,-0.313153,-2.235521,1.621668,0.2417,-0.3052
1787918782.368605,-0.313312,-2.234166,1.619899,0.2217,-0.3052
1787918782.374210,-0.312745,-2.232644,1.619897,0.2351,-0.3052
1787918782.382775,-0.313233,-2.231134,1.617785,0.2182,-0.3052
1787918782.387529,-0.313406,-2.229460,1.616428,0.2588,-0.3052
1787918782.395451,-0.312901,-2.228001,1.616672,0.2354,-0.3052
1787918782.400845,-0.313119,-2.226365,1.615362,0.2563,-0.3052
1787918782.407927,-0.313168,-2.224666,1.614017,0.2514,-0.3052
1787918782.414165,-0.313062,-2.223333,1.613244,0.2398,-0.3052
1787918782.421507,-0.313229,-2.221781,1.612096,0.2315,-0.3052
1787918782.427579,-0.313415,-2.220094,1.610401,0.2457,-0.3052
1787918782.434505,-0.313035,-2.218604,1.610381,0.2358,-0.3052
1787918782.440697,-0.313116,-2.217249,1.609442,0.2308,-0.3052
1787918782.447995,-0.312739,-2.215786,1.609085,0.2211,-0.3052
1787918782.455259,-0.313272,-2.213961,1.606877,0.2309,-0.2861
1787918782.461354,-0.313112,-2.212558,1.606387,0.2303,-0.2861
1787918782.467594,-0.313169,-2.211209,1.604781,0.2261,-0.2861
1787918782.474075,-0.312972,-2.209728,1.603969,0.2265,-0.2861
1787918782.482145,-0.313293,-2.208208,1.602010,0.2154,-0.2861
1787918782.487468,-0.313376,-2.206708,1.600779,0.2355,-0.2861
1787918782.494211,-0.313457,-2.205393,1.599907,0.2234,-0.2861
1787918782.501444,-0.313547,-2.203867,1.598236,0.2197,-0.2861
1787918782.509142,-0.313538,-2.202406,1.597496,0.2107,-0.2861
1787918782.514372,-0.313510,-2.200930,1.596305,0.2321,-0.2861
1787918782.520905,-0.313444,-2.199661,1.594814,0.2207,-0.2861
1787918782.528007,-0.313929,-2.198187,1.591698,0.2172,-0.2861
1787918782.535012,-0.314133,-2.196807,1.590040,0.2113,-0.2861
1787918782.543325,-0.313979,-2.195554,1.588527,0.1930,-0.2861
1787918782.547719,-0.313737,-2.194052,1.587396,0.2374,-0.2861
1787918782.554507,-0.313874,-2.192726,1.585900,0.2248,-0.2861
1787918782.561135,-0.313570,-2.191368,1.585269,0.2186,-0.2643
1787918782.567600,-0.313798,-2.190094,1.583430,0.2123,-0.2643
1787918782.574118,-0.313273,-2.188759,1.582708,0.2098,-0.2643
1787918782.581545,-0.313430,-2.187374,1.581072,0.2029,-0.2643
1787918782.588206,-0.313565,-2.185783,1.579370,0.2137,-0.2643
1787918782.595085,-0.313795,-2.184419,1.577631,0.2091,-0.2643
1787918782.600789,-0.313310,-2.182963,1.577052,0.2228,-0.2643
1787918782.607717,-0.313621,-2.181634,1.575029,0.2136,-0.2643
1787918782.614610,-0.313556,-2.180068,1.574016,0.2177,-0.2643
1787918782.621174,-0.313229,-2.178643,1.573396,0.2174,-0.2643
1787918782.627747,-0.313399,-2.177218,1.570966,0.2172,-0.2643
1787918782.634261,-0.313422,-2.175905,1.569844,0.2125,-0.2643
1787918782.643426,-0.313460,-2.174562,1.568281,0.1927,-0.2643
1787918782.647465,-0.313449,-2.172990,1.566930,0.2517,-0.2643
1787918782.654842,-0.313004,-2.171592,1.566051,0.2331,-0.2382
1787918782.661565,-0.313481,-2.170185,1.563664,0.2258,-0.2382
1787918782.667828,-0.313129,-2.168763,1.563154,0.2263,-0.2382
1787918782.674549,-0.313121,-2.167330,1.561768,0.2224,-0.2382
1787918782.680577,-0.313207,-2.165927,1.559727,0.2254,-0.2382
1787918782.735945,-0.313018,-2.164362,1.558817,0.1663,-0.2382
1787918782.737479,-0.313314,-2.162837,1.557167,0.4139,-0.2382
1787918782.739323,-0.313577,-2.161485,1.555371,0.5090,-0.2382
1787918782.740124,-0.313443,-2.160177,1.554085,0.8470,-0.2382
1787918782.740850,-0.313095,-2.158766,1.553646,1.1779,-0.2382
1787918782.741649,-0.313274,-2.157154,1.551713,1.4288,-0.2382
1787918782.743414,-0.313402,-2.155625,1.549965,1.2595,-0.2382
1787918782.745190,-0.313280,-2.154225,1.549169,1.1186,-0.2382
1787918782.746551,-0.313343,-2.152630,1.547729,1.1340,-0.2382
1787918782.747482,-0.313129,-2.151270,1.546929,1.2339,-0.2382
1787918782.754455,-0.312969,-2.149862,1.545595,0.9244,-0.2382
1787918782.761151,-0.313469,-2.148439,1.543382,0.7102,-0.2999
1787918782.767461,-0.313600,-2.147040,1.542370,0.5635,-0.2999
1787918782.774790,-0.313563,-2.145774,1.541097,0.4463,-0.2999
1787918782.781130,-0.313267,-2.144253,1.540529,0.3848,-0.2999
1787918782.787730,-0.312951,-2.142846,1.539707,0.3337,-0.2999
1787918782.794199,-0.313226,-2.141401,1.538639,0.3001,-0.2999
1787918782.801309,-0.313650,-2.139890,1.536714,0.2732,-0.2999
1787918782.807430,-0.313376,-2.138400,1.535775,0.2647,-0.2999
1787918782.816279,-0.313097,-2.136950,1.534919,0.2348,-0.2999
1787918782.820714,-0.313341,-2.135518,1.534307,0.2605,-0.2999
1787918782.827227,-0.313552,-2.134000,1.532883,0.2519,-0.2999
1787918782.835556,-0.313642,-2.132579,1.531374,0.2273,-0.2999
1787918782.840915,-0.313548,-2.131232,1.530984,0.2346,-0.2999
1787918782.849219,-0.313019,-2.129688,1.530948,0.2208,-0.2999
1787918782.854193,-0.313349,-2.128189,1.529195,0.2440,-0.2999
1787918782.860925,-0.312944,-2.126785,1.528664,0.2341,-0.2853
1787918782.867636,-0.312856,-2.125581,1.527719,0.2178,-0.2853
1787918782.874569,-0.312689,-2.124243,1.527172,0.2106,-0.2853
1787918782.880786,-0.313056,-2.122429,1.524683,0.2341,-0.2853
1787918782.888221,-0.314177,-2.121188,1.522060,0.2117,-0.2853
1787918782.894985,-0.313581,-2.119714,1.521974,0.2148,-0.2853
1787918782.900884,-0.314514,-2.118221,1.518614,0.2236,-0.2853
1787918782.907726,-0.314136,-2.116719,1.517801,0.2232,-0.2853
1787918782.914162,-0.314207,-2.115316,1.515805,0.2214,-0.2853
1787918782.920729,-0.314232,-2.113894,1.514156,0.2197,-0.2853
1787918782.927991,-0.313916,-2.112335,1.512591,0.2189,-0.2853
1787918782.939449,-0.314405,-2.110897,1.510149,0.1900,-0.2853
1787918782.941294,-0.314013,-2.109638,1.509516,0.3413,-0.2853
1787918782.953188,-0.313790,-2.108047,1.508843,0.2793,-0.2853
1787918782.954355,-0.313573,-2.106550,1.506984,0.5829,-0.2664
1787918782.962943,-0.313764,-2.105289,1.505403,0.4516,-0.2664
1787918782.968354,-0.313290,-2.104093,1.504910,0.3840,-0.2664
1787918782.977491,-0.313156,-2.102708,1.503462,0.3144,-0.2664
1787918782.982445,-0.313004,-2.101296,1.502250,0.3061,-0.2664
1787918782.988753,-0.312939,-2.099740,1.500995,0.2883,-0.2664
1787918782.996259,-0.312876,-2.098521,1.499851,0.2506,-0.2664
1787918783.000922,-0.312581,-2.097005,1.498802,0.2740,-0.2664
1787918783.012328,-0.312675,-2.095606,1.497207,0.2283,-0.2664
1787918783.014914,-0.312521,-2.094433,1.496297,0.2969,-0.2664
1787918783.023067,-0.312235,-2.093107,1.495394,0.2573,-0.2664
1787918783.028382,-0.311876,-2.091732,1.494190,0.2590,-0.2664
1787918783.034131,-0.311937,-2.090412,1.492713,0.2498,-0.2664
1787918783.041085,-0.311731,-2.088903,1.492226,0.2404,-0.2664
1787918783.047595,-0.311600,-2.087505,1.490637,0.2330,-0.2664
1787918783.055299,-0.311210,-2.086085,1.490335,0.2194,-0.2427
1787918783.060816,-0.310845,-2.084894,1.489582,0.2198,-0.2427
1787918783.067573,-0.310850,-2.083456,1.488384,0.2174,-0.2427
1787918783.074756,-0.310374,-2.082258,1.487452,0.2037,-0.2427
1787918783.080625,-0.310032,-2.080863,1.486364,0.2151,-0.2427
1787918783.088431,-0.310295,-2.079431,1.484610,0.2046,-0.2427
1787918783.094484,-0.310450,-2.077977,1.482974,0.2143,-0.2427
1787918783.101147,-0.309881,-2.076562,1.482333,0.2157,-0.2427
1787918783.107833,-0.309568,-2.074967,1.481219,0.2236,-0.2427
1787918783.114165,-0.309548,-2.073635,1.479768,0.2194,-0.2427
1787918783.124112,-0.309533,-2.072320,1.478191,0.1931,-0.2427
1787918783.128752,-0.309437,-2.070829,1.476363,0.2317,-0.2427
1787918783.134835,-0.309328,-2.069353,1.474693,0.2352,-0.2427
1787918783.141095,-0.309421,-2.067832,1.473141,0.2368,-0.2427
1787918783.148000,-0.309010,-2.066302,1.471862,0.2336,-0.2427
1787918783.154827,-0.308702,-2.064799,1.471108,0.2306,-0.2144
1787918783.161093,-0.308723,-2.063567,1.469066,0.2200,-0.2144
1787918783.167825,-0.308499,-2.062039,1.468163,0.2228,-0.2144
1787918783.174400,-0.308089,-2.060650,1.467417,0.2209,-0.2144
1787918783.181222,-0.308080,-2.059114,1.465550,0.2219,-0.2144
1787918783.188581,-0.307696,-2.057782,1.464945,0.2109,-0.2144
1787918783.194631,-0.307758,-2.056221,1.462971,0.2243,-0.2144
1787918783.203103,-0.307456,-2.054518,1.461966,0.2181,-0.2144
1787918783.207502,-0.307272,-2.052953,1.460802,0.2601,-0.2144
1787918783.214809,-0.307080,-2.051520,1.459560,0.2414,-0.2144
1787918783.221212,-0.306867,-2.050081,1.458732,0.2371,-0.2144
1787918783.227606,-0.306673,-2.048716,1.457234,0.2306,-0.2144
1787918783.234587,-0.306460,-2.047302,1.456001,0.2229,-0.2144
1787918783.240861,-0.306465,-2.045862,1.454463,0.2243,-0.2144
1787918783.248014,-0.306241,-2.044244,1.453301,0.2255,-0.2144
1787918783.257223,-0.306175,-2.042872,1.452209,0.2025,-0.2627
1787918783.261573,-0.305573,-2.041697,1.451803,0.2272,-0.2627
1787918783.267478,-0.305384,-2.040193,1.450275,0.2360,-0.2627
1787918783.274552,-0.305186,-2.038783,1.449269,0.2256,-0.2627
1787918783.281261,-0.305395,-2.037312,1.447304,0.2221,-0.2627
1787918783.287652,-0.305025,-2.035871,1.446860,0.2247,-0.2627
1787918783.294801,-0.304458,-2.034449,1.446622,0.2194,-0.2627
1787918783.301030,-0.304728,-2.032940,1.444715,0.2241,-0.2627
1787918783.307622,-0.304227,-2.031466,1.444097,0.2263,-0.2627
1787918783.314206,-0.304060,-2.030103,1.443545,0.2210,-0.2627
1787918783.321167,-0.304132,-2.028759,1.442198,0.2117,-0.2627
1787918783.328501,-0.304063,-2.027326,1.441409,0.2067,-0.2627
1787918783.334359,-0.303522,-2.025957,1.441300,0.2178,-0.2627
1787918783.341459,-0.303130,-2.024544,1.440396,0.2138,-0.2627
1787918783.348730,-0.302964,-2.023215,1.439365,0.2049,-0.2627
1787918783.355240,-0.302882,-2.021698,1.437906,0.2132,-0.2479
1787918783.361662,-0.302448,-2.020351,1.437420,0.2143,-0.2479
1787918783.368052,-0.302714,-2.018908,1.435099,0.2155,-0.2479
1787918783.374731,-0.302420,-2.017318,1.434370,0.2234,-0.2479
1787918783.380973,-0.301786,-2.015963,1.433728,0.2251,-0.2479
1787918783.388168,-0.302022,-2.014483,1.431658,0.2173,-0.2479
1787918783.394329,-0.301586,-2.013133,1.431083,0.2201,-0.2479
1787918783.400843,-0.301614,-2.011533,1.429169,0.2269,-0.2479
1787918783.408271,-0.301399,-2.010033,1.428146,0.2200,-0.2479
1787918783.414199,-0.301284,-2.008522,1.426885,0.2305,-0.2479
1787918783.421249,-0.300910,-2.007208,1.425648,0.2190,-0.2479
1787918783.427626,-0.300879,-2.005686,1.423986,0.2243,-0.2479
1787918783.434790,-0.300756,-2.004086,1.422406,0.2241,-0.2479
1787918783.441091,-0.300189,-2.002558,1.421617,0.2328,-0.2479
1787918783.447722,-0.299862,-2.000966,1.420442,0.2364,-0.2479
1787918783.455616,-0.299810,-1.999408,1.418625,0.2243,-0.2207
1787918783.462962,-0.299492,-1.997907,1.417513,0.2196,-0.2207
1787918783.468215,-0.299333,-1.996576,1.416189,0.2302,-0.2207
1787918783.474416,-0.299101,-1.995065,1.414924,0.2351,-0.2207
1787918783.481354,-0.298783,-1.993427,1.413661,0.2367,-0.2207
1787918783.487527,-0.298547,-1.992018,1.411872,0.2351,-0.2207
1787918783.494491,-0.298169,-1.990561,1.410919,0.2291,-0.2207
1787918783.501383,-0.298109,-1.988891,1.408994,0.2325,-0.2207
1787918783.509250,-0.298147,-1.987513,1.407316,0.2144,-0.2207
1787918783.514642,-0.297615,-1.985911,1.406430,0.2428,-0.2207
1787918783.521414,-0.297255,-1.984479,1.404844,0.2352,-0.2207
1787918783.528680,-0.297175,-1.982980,1.403474,0.2262,-0.2207
1787918783.534228,-0.296705,-1.981634,1.402575,0.2344,-0.2207
1787918783.540861,-0.296530,-1.979901,1.401029,0.2427,-0.2207
1787918783.548428,-0.296395,-1.978483,1.399628,0.2262,-0.2207
1787918783.554065,-0.296240,-1.977255,1.398806,0.2241,-0.2207
1787918783.564351,-0.295699,-1.975785,1.398074,0.2018,-0.1961
1787918783.568016,-0.295777,-1.974325,1.396324,0.2578,-0.1961
1787918783.575263,-0.295023,-1.973033,1.396297,0.2386,-0.1961
1787918783.581529,-0.295065,-1.971553,1.394716,0.2364,-0.1961
1787918783.587821,-0.294914,-1.970029,1.393218,0.2383,-0.1961
1787918783.594657,-0.294259,-1.968520,1.392801,0.2371,-0.1961
1787918783.601430,-0.294035,-1.967130,1.391686,0.2283,-0.1961
1787918783.607629,-0.293746,-1.965513,1.390729,0.2393,-0.1961
1787918783.617501,-0.293281,-1.964002,1.389842,0.2152,-0.1961
1787918783.626632,-0.292963,-1.962802,1.388971,0.1913,-0.1961
1787918783.630168,-0.293003,-1.961350,1.387311,0.2544,-0.1961
1787918783.639519,-0.293313,-1.959782,1.385110,0.2257,-0.1961
1787918783.641314,-0.292988,-1.958193,1.383952,0.4290,-0.1961
1787918783.657331,-0.292504,-1.956882,1.383597,0.3261,-0.1783
1787918783.658288,-0.292298,-1.955217,1.382533,0.7531,-0.1783
1787918783.661445,-0.292031,-1.953559,1.380848,0.6867,-0.1783
1787918783.671379,-0.291941,-1.952321,1.379741,0.5179,-0.1783
1787918783.675510,-0.291452,-1.950829,1.378674,0.4757,-0.1783
1787918783.680903,-0.291550,-1.949358,1.376873,0.4122,-0.1783
1787918783.688814,-0.291235,-1.947734,1.375736,0.3513,-0.1783
1787918783.694467,-0.290988,-1.946306,1.374084,0.3228,-0.1783
1787918783.701768,-0.290500,-1.944810,1.373279,0.2902,-0.1783
1787918783.708065,-0.290036,-1.943097,1.372442,0.2875,-0.1783
1787918783.715111,-0.290296,-1.941582,1.370592,0.2623,-0.1783
1787918783.723911,-0.289291,-1.940137,1.370627,0.2387,-0.1783
1787918783.727850,-0.289522,-1.938554,1.368557,0.2816,-0.1783
1787918783.734794,-0.289652,-1.936769,1.366504,0.2715,-0.1783
1787918783.743446,-0.288757,-1.935249,1.366643,0.2480,-0.1783
1787918783.747669,-0.288339,-1.933781,1.365772,0.2817,-0.1783
1787918783.754827,-0.287758,-1.931987,1.365033,0.2758,-0.2055
1787918783.760859,-0.287341,-1.930410,1.364347,0.2741,-0.2055
1787918783.772180,-0.286729,-1.928868,1.363747,0.2352,-0.2055
1787918783.774725,-0.286040,-1.927407,1.363942,0.3499,-0.2055
1787918783.781020,-0.285634,-1.925842,1.363136,0.3219,-0.2055
1787918783.787846,-0.285319,-1.924364,1.362147,0.2917,-0.2055
1787918783.794058,-0.284695,-1.923098,1.361844,0.2703,-0.2055
1787918783.801169,-0.284058,-1.921694,1.361845,0.2527,-0.2055
1787918783.807965,-0.283619,-1.920105,1.360746,0.2495,-0.2055
1787918783.816096,-0.283076,-1.918424,1.360348,0.2395,-0.2055
1787918783.820819,-0.282819,-1.916899,1.359909,0.2658,-0.2055
1787918783.829451,-0.282454,-1.915340,1.358998,0.2417,-0.2055
1787918783.834216,-0.282096,-1.913848,1.358278,0.2658,-0.2055
1787918783.841416,-0.281854,-1.912239,1.357147,0.2537,-0.2055
1787918783.848313,-0.281488,-1.910530,1.356234,0.2536,-0.2055
1787918783.854326,-0.280989,-1.909000,1.355791,0.2574,-0.2055
1787918783.860884,-0.280957,-1.907479,1.353954,0.2484,-0.1881
1787918783.867676,-0.280301,-1.906135,1.353955,0.2381,-0.1881
1787918783.874831,-0.279986,-1.904742,1.353158,0.2266,-0.1881
1787918783.881119,-0.279849,-1.903295,1.351703,0.2274,-0.1881
1787918783.888489,-0.279360,-1.901898,1.350909,0.2190,-0.1881
1787918783.894368,-0.278601,-1.900656,1.351091,0.2236,-0.1881
1787918783.900992,-0.278285,-1.899041,1.350346,0.2310,-0.1881
1787918783.907929,-0.278026,-1.897581,1.348354,0.2258,-0.1881
1787918783.914006,-0.277538,-1.896062,1.348437,0.2365,-0.1881
1787918783.945053,-0.276850,-1.894675,1.348371,0.1801,-0.1881
1787918783.947617,-0.276997,-1.892964,1.346400,0.3175,-0.1881
1787918783.949778,-0.276432,-1.891458,1.345277,0.4434,-0.1881
1787918783.950756,-0.276106,-1.890016,1.344286,0.7640,-0.1881
1787918783.951982,-0.275676,-1.888581,1.343771,0.9008,-0.1881
1787918783.954149,-0.275817,-1.886805,1.341704,0.8655,-0.1881
1787918783.962475,-0.275536,-1.885230,1.340753,0.6634,-0.1709
1787918783.968426,-0.274935,-1.883827,1.340513,0.5402,-0.1709
1787918783.975559,-0.274553,-1.882385,1.339153,0.4408,-0.1709
1787918783.981820,-0.274302,-1.880944,1.337871,0.3785,-0.1709
1787918783.988253,-0.273654,-1.879424,1.337035,0.3409,-0.1709
1787918783.994506,-0.273460,-1.877819,1.335773,0.3157,-0.1709
1787918784.000914,-0.273009,-1.876402,1.334665,0.2904,-0.1709
1787918784.007522,-0.272564,-1.874875,1.333541,0.2754,-0.1709
1787918784.014503,-0.271814,-1.873491,1.333348,0.2582,-0.1709
1787918784.022044,-0.271812,-1.871725,1.331461,0.2490,-0.1709
1787918784.027554,-0.271669,-1.870105,1.329795,0.2618,-0.1709
1787918784.034009,-0.270905,-1.868700,1.329017,0.2552,-0.1709
1787918784.040483,-0.270901,-1.867053,1.327372,0.2527,-0.1709
1787918784.048245,-0.270645,-1.865444,1.326191,0.2397,-0.1709
1787918784.053940,-0.270070,-1.863992,1.325299,0.2493,-0.1709
1787918784.060895,-0.270091,-1.862538,1.323691,0.2351,-0.1499
1787918784.067269,-0.269601,-1.860921,1.322704,0.2440,-0.1499
1787918784.076983,-0.269448,-1.859343,1.320939,0.2192,-0.1499
1787918784.081186,-0.268992,-1.857932,1.319757,0.2591,-0.1499
1787918784.088715,-0.268413,-1.856420,1.319190,0.2455,-0.1499
1787918784.094533,-0.268372,-1.854768,1.317609,0.2548,-0.1499
1787918784.100753,-0.267990,-1.853339,1.316778,0.2497,-0.1499
1787918784.107780,-0.267476,-1.852036,1.316442,0.2342,-0.1499
1787918784.114583,-0.267044,-1.850417,1.315508,0.2378,-0.1499
1787918784.120892,-0.266845,-1.849032,1.314954,0.2326,-0.1499
1787918784.128251,-0.266177,-1.847730,1.314136,0.2210,-0.1499
1787918784.134261,-0.266051,-1.846116,1.313132,0.2342,-0.1499
1787918784.140833,-0.265672,-1.844559,1.312119,0.2371,-0.1499
1787918784.148074,-0.265545,-1.842787,1.310980,0.2383,-0.1499
1787918784.154650,-0.264854,-1.841257,1.310727,0.2424,-0.1830
1787918784.160892,-0.264454,-1.839667,1.310234,0.2484,-0.1830
1787918784.167610,-0.264326,-1.838178,1.309084,0.2396,-0.1830
1787918784.174721,-0.263855,-1.836724,1.307970,0.2321,-0.1830
1787918784.181774,-0.263485,-1.835163,1.307357,0.2307,-0.1830
1787918784.187531,-0.262839,-1.833771,1.307316,0.2403,-0.1830
1787918784.194352,-0.262535,-1.832178,1.306507,0.2393,-0.1830
1787918784.201052,-0.262228,-1.830753,1.305451,0.2327,-0.1830
1787918784.209221,-0.261550,-1.829184,1.305089,0.2250,-0.1830
1787918784.214407,-0.261175,-1.827620,1.304539,0.2505,-0.1830
1787918784.221715,-0.260765,-1.826186,1.304106,0.2366,-0.1830
1787918784.250485,-0.259893,-1.824817,1.304800,0.1818,-0.1830
1787918784.261704,-0.259775,-1.823010,1.303680,0.1747,-0.1753
1787918784.262794,-0.259070,-1.821431,1.303565,0.5928,-0.1753
1787918784.263721,-0.258750,-1.819977,1.302724,0.8963,-0.1753
1787918784.265542,-0.258178,-1.818394,1.302266,0.9037,-0.1753
1787918784.266747,-0.258158,-1.816653,1.300665,1.0517,-0.1753
1787918784.267812,-0.257712,-1.815155,1.300402,1.1766,-0.1753
1787918784.274432,-0.257185,-1.813714,1.299887,0.8929,-0.1753
1787918784.283827,-0.256587,-1.812233,1.299278,0.6757,-0.1753
1787918784.287489,-0.256213,-1.810558,1.298281,0.6134,-0.1753
1787918784.293726,-0.255838,-1.809020,1.297315,0.5055,-0.1753
1787918784.301383,-0.255435,-1.807506,1.296311,0.4152,-0.1753
1787918784.307564,-0.255087,-1.805851,1.295432,0.3726,-0.1753
1787918784.314956,-0.254996,-1.804358,1.293577,0.3201,-0.1753
1787918784.322067,-0.254054,-1.802852,1.293317,0.2960,-0.1753
1787918784.329238,-0.253876,-1.801205,1.292229,0.2755,-0.1753
1787918784.334415,-0.253606,-1.799625,1.290903,0.2852,-0.1753
1787918784.343452,-0.253277,-1.798054,1.289137,0.2528,-0.1753
1787918784.347265,-0.252735,-1.796588,1.288852,0.2996,-0.1753
1787918784.354244,-0.252501,-1.794906,1.287770,0.2820,-0.1753
1787918784.361134,-0.252314,-1.793252,1.286230,0.2688,-0.1581
1787918784.367575,-0.251660,-1.791741,1.285589,0.2642,-0.1581
1787918784.375480,-0.251507,-1.790130,1.284298,0.2453,-0.1581
1787918784.383575,-0.251151,-1.788447,1.283030,0.2352,-0.1581
1787918784.387885,-0.250300,-1.786876,1.282854,0.2863,-0.1581
1787918784.394018,-0.249882,-1.785315,1.282285,0.2795,-0.1581
1787918784.400477,-0.249432,-1.783864,1.281278,0.2662,-0.1581
1787918784.409376,-0.248812,-1.782498,1.280563,0.2364,-0.1581
1787918784.414106,-0.248045,-1.781144,1.280632,0.2617,-0.1581
1787918784.421194,-0.247592,-1.779384,1.280094,0.2601,-0.1581
1787918784.427301,-0.247401,-1.777879,1.278685,0.2555,-0.1581
1787918784.433939,-0.246766,-1.776558,1.278371,0.2443,-0.1581
1787918784.441127,-0.246480,-1.774939,1.276976,0.2391,-0.1581
1787918784.447900,-0.246080,-1.773356,1.276169,0.2396,-0.1581
1787918784.456162,-0.245232,-1.771825,1.276028,0.2299,-0.1434
1787918784.461495,-0.244736,-1.770294,1.275432,0.2514,-0.1434
1787918784.468018,-0.244539,-1.768445,1.273862,0.2600,-0.1434
1787918784.474761,-0.244250,-1.767010,1.273091,0.2468,-0.1434
1787918784.480913,-0.243360,-1.765532,1.273111,0.2544,-0.1434
1787918784.488100,-0.243196,-1.764023,1.271836,0.2403,-0.1434
1787918784.494686,-0.242453,-1.762727,1.271445,0.2346,-0.1434
1787918784.501278,-0.241801,-1.761207,1.270683,0.2391,-0.1434
1787918784.507762,-0.241129,-1.759776,1.270295,0.2398,-0.1434
1787918784.514220,-0.240691,-1.758171,1.269094,0.2451,-0.1434
1787918784.521244,-0.240098,-1.756602,1.268196,0.2431,-0.1434
1787918784.527555,-0.239918,-1.755121,1.266639,0.2399,-0.1434
1787918784.536218,-0.239529,-1.753309,1.265207,0.2318,-0.1434
1787918784.581872,-0.239010,-1.751714,1.264662,0.1733,-0.1904
1787918784.583125,-0.238216,-1.750160,1.264359,0.5336,-0.1904
1787918784.584164,-0.237906,-1.748558,1.263090,0.8413,-0.1904
1787918784.585928,-0.237393,-1.746944,1.262065,0.8769,-0.1904
1787918784.587697,-0.236940,-1.745277,1.261428,0.9067,-0.1904
1787918784.589414,-0.236633,-1.743818,1.260392,0.8937,-0.1904
1787918784.590449,-0.235889,-1.742397,1.260138,1.0836,-0.1904
1787918784.591329,-0.235501,-1.740925,1.258824,1.2765,-0.1904
1787918784.594973,-0.234900,-1.739275,1.258529,1.0381,-0.1904
1787918784.601408,-0.234070,-1.737995,1.258406,0.7953,-0.1904
1787918784.607834,-0.233733,-1.736208,1.256503,0.6409,-0.1904
1787918784.614017,-0.233290,-1.734711,1.255992,0.5244,-0.1904
1787918784.620948,-0.232342,-1.733313,1.256238,0.4373,-0.1904
1787918784.627441,-0.231779,-1.731738,1.255406,0.3834,-0.1904
1787918784.635738,-0.231322,-1.730126,1.254643,0.3289,-0.1904
1787918784.641431,-0.231099,-1.728513,1.253477,0.3146,-0.1904
1787918784.648902,-0.230266,-1.727164,1.253021,0.2822,-0.1904
1787918784.654112,-0.229557,-1.725573,1.252489,0.2973,-0.1904
1787918784.661078,-0.229322,-1.723907,1.251788,0.2794,-0.1737
1787918784.667405,-0.228811,-1.722370,1.250451,0.2724,-0.1737
1787918784.674115,-0.228200,-1.721043,1.250115,0.2556,-0.1737
1787918784.681469,-0.227599,-1.719380,1.249344,0.2510,-0.1737
1787918784.692449,-0.227326,-1.717790,1.248092,0.2193,-0.1737
1787918784.694664,-0.226650,-1.716172,1.246986,0.3904,-0.1737
1787918784.701038,-0.226037,-1.714622,1.246447,0.3516,-0.1737
1787918784.707268,-0.225651,-1.713107,1.245460,0.3212,-0.1737
1787918784.714533,-0.224906,-1.711579,1.244814,0.2945,-0.1737
1787918784.721242,-0.224414,-1.710006,1.243454,0.2798,-0.1737
1787918784.727928,-0.223966,-1.708460,1.242930,0.2680,-0.1737
1787918784.734335,-0.223492,-1.706856,1.242022,0.2658,-0.1737
1787918784.741180,-0.223199,-1.705286,1.240491,0.2553,-0.1737
1787918784.747251,-0.222242,-1.703861,1.241489,0.2607,-0.1737
1787918784.754548,-0.222132,-1.702226,1.239553,0.2475,-0.1737
1787918784.761940,-0.221316,-1.700594,1.239045,0.2466,-0.1600
1787918784.767477,-0.221036,-1.699241,1.238141,0.2469,-0.1600
1787918784.774500,-0.220483,-1.697410,1.237498,0.2545,-0.1600
1787918784.781120,-0.220011,-1.695684,1.236093,0.2590,-0.1600
1787918784.787832,-0.219382,-1.694151,1.234944,0.2553,-0.1600
1787918784.794461,-0.218939,-1.692706,1.234075,0.2471,-0.1600
1787918784.800992,-0.218383,-1.691154,1.233294,0.2486,-0.1600
1787918784.808251,-0.217810,-1.689607,1.232282,0.2422,-0.1600
1787918784.815505,-0.217459,-1.687899,1.230707,0.2410,-0.1600
1787918784.821208,-0.217026,-1.686357,1.229574,0.2528,-0.1600
1787918784.827697,-0.216701,-1.684817,1.228213,0.2490,-0.1600
1787918784.834575,-0.216381,-1.683068,1.226423,0.2508,-0.1600
1787918784.842768,-0.215509,-1.681492,1.226341,0.2407,-0.1600
1787918784.857052,-0.214970,-1.679723,1.225395,0.2073,-0.1437
1787918784.858090,-0.214519,-1.678219,1.224303,0.5983,-0.1437
1787918784.861232,-0.214116,-1.676610,1.223252,0.5763,-0.1437
1787918784.867849,-0.213826,-1.674833,1.221575,0.4837,-0.1437
1787918784.874102,-0.212964,-1.673356,1.221486,0.4193,-0.1437
1787918784.881122,-0.212450,-1.671885,1.220254,0.3601,-0.1437
1787918784.888427,-0.211692,-1.670167,1.220204,0.3290,-0.1437
1787918784.896298,-0.211240,-1.668592,1.219225,0.2926,-0.1437
1787918784.901055,-0.210504,-1.667054,1.218551,0.3119,-0.1437
1787918784.907794,-0.210211,-1.665344,1.217087,0.2942,-0.1437
1787918784.914745,-0.209221,-1.663905,1.217302,0.2790,-0.1437
1787918784.922262,-0.208937,-1.662290,1.215895,0.2597,-0.1437
1787918784.927707,-0.208409,-1.660571,1.214648,0.2807,-0.1437
1787918784.934611,-0.208013,-1.659062,1.213766,0.2639,-0.1437
1787918784.942799,-0.207283,-1.657418,1.213079,0.2505,-0.1437
1787918784.947377,-0.206872,-1.655669,1.211891,0.2921,-0.1437
1787918784.955971,-0.206066,-1.654002,1.211638,0.2689,-0.2030
1787918784.960911,-0.205473,-1.652406,1.210579,0.2916,-0.2030
1787918784.967757,-0.205010,-1.650783,1.209936,0.2778,-0.2030
1787918784.974281,-0.204142,-1.649238,1.210075,0.2750,-0.2030
1787918784.982227,-0.204057,-1.647428,1.208153,0.2576,-0.2030
1787918784.988455,-0.203357,-1.646013,1.207391,0.2560,-0.2030
1787918784.994470,-0.202617,-1.644330,1.207267,0.2708,-0.2030
1787918785.003431,-0.201960,-1.642900,1.206960,0.2421,-0.2030
1787918785.009861,-0.201288,-1.641239,1.205971,0.2531,-0.2030
1787918785.014002,-0.200546,-1.639539,1.205696,0.3114,-0.2030
1787918785.021325,-0.199916,-1.637989,1.205894,0.2865,-0.2030
1787918785.027566,-0.199118,-1.636247,1.205530,0.2924,-0.2030
1787918785.034042,-0.198315,-1.634777,1.205411,0.2816,-0.2030
1787918785.040890,-0.198241,-1.633072,1.203784,0.2680,-0.2030
1787918785.047707,-0.197505,-1.631452,1.203386,0.2658,-0.2030
1787918785.054270,-0.196803,-1.629881,1.202851,0.2646,-0.2030
1787918785.061574,-0.196259,-1.628266,1.202687,0.2552,-0.1955
1787918785.069186,-0.195608,-1.626383,1.201384,0.2571,-0.1955
1787918785.074206,-0.195017,-1.625022,1.200727,0.2685,-0.1955
1787918785.081452,-0.194861,-1.623031,1.198624,0.2671,-0.1955
1787918785.087676,-0.194050,-1.621379,1.198069,0.2754,-0.1955
1787918785.094631,-0.193526,-1.620039,1.197319,0.2548,-0.1955
1787918785.101126,-0.193036,-1.618524,1.196005,0.2518,-0.1955
1787918785.107668,-0.192134,-1.616768,1.195081,0.2664,-0.1955
1787918785.114142,-0.191619,-1.615290,1.194002,0.2589,-0.1955
1787918785.121219,-0.191062,-1.613626,1.192904,0.2555,-0.1955
1787918785.127776,-0.190068,-1.612194,1.192679,0.2565,-0.1955
1787918785.134228,-0.189815,-1.610560,1.191068,0.2545,-0.1955
1787918785.141348,-0.188960,-1.609194,1.191123,0.2450,-0.1955
1787918785.175364,-0.188468,-1.607327,1.189669,0.1884,-0.1849
1787918785.176562,-0.187400,-1.605871,1.189314,0.5700,-0.1849
1787918785.177536,-0.187337,-1.604334,1.187817,0.8448,-0.1849
1787918785.179354,-0.186435,-1.602840,1.187363,0.8759,-0.1849
1787918785.181103,-0.185830,-1.601264,1.186539,0.9025,-0.1849
1787918785.188282,-0.184785,-1.599861,1.186281,0.7025,-0.1849
1787918785.189127,-0.183948,-1.598356,1.185639,1.0991,-0.1849
1787918785.194955,-0.183587,-1.596818,1.184474,0.8497,-0.1849
1787918785.207752,-0.182786,-1.595292,1.183617,0.6350,-0.1849
1787918785.209185,-0.182398,-1.593895,1.182031,0.7457,-0.1849
1787918785.213961,-0.181471,-1.592590,1.182073,0.6200,-0.1849
1787918785.221312,-0.180941,-1.590729,1.180059,0.5125,-0.1849
1787918785.227930,-0.180194,-1.589346,1.179354,0.4296,-0.1849
1787918785.235288,-0.179651,-1.587771,1.177847,0.3685,-0.1849
1787918785.241127,-0.178976,-1.586090,1.176649,0.3510,-0.1849
1787918785.247490,-0.177997,-1.584576,1.176043,0.3293,-0.1849
1787918785.254176,-0.177597,-1.583038,1.174964,0.3011,-0.1849
1787918785.263063,-0.176270,-1.581890,1.175778,0.2638,-0.1644
1787918785.268006,-0.176223,-1.580034,1.173210,0.2896,-0.1644
1787918785.274788,-0.175386,-1.578608,1.173049,0.2752,-0.1644
1787918785.281250,-0.174939,-1.577097,1.171600,0.2654,-0.1644
1787918785.287725,-0.174155,-1.575477,1.170810,0.2690,-0.1644
1787918785.295023,-0.173343,-1.574038,1.170372,0.2558,-0.1644
1787918785.300694,-0.173071,-1.572605,1.169038,0.2545,-0.1644
1787918785.307476,-0.172354,-1.570961,1.167394,0.2575,-0.1644
1787918785.314924,-0.171614,-1.569579,1.167008,0.2431,-0.1644
1787918785.320730,-0.171114,-1.567915,1.165415,0.2594,-0.1644
1787918785.328060,-0.170199,-1.566491,1.165085,0.2499,-0.1644
1787918785.334254,-0.169763,-1.564804,1.163166,0.2583,-0.1644
1787918785.340945,-0.168930,-1.563479,1.162870,0.2501,-0.1644
1787918785.347743,-0.168161,-1.561828,1.162223,0.2554,-0.1644
1787918785.354410,-0.167739,-1.560298,1.160647,0.2496,-0.1644
1787918785.361173,-0.166974,-1.559118,1.160506,0.2362,-0.1975
1787918785.367987,-0.166393,-1.557437,1.159268,0.2434,-0.1975
1787918785.377506,-0.165525,-1.556089,1.159205,0.2203,-0.1975
1787918785.381541,-0.164880,-1.554527,1.158024,0.2798,-0.1975
1787918785.387403,-0.164354,-1.553020,1.157026,0.2773,-0.1975
1787918785.394677,-0.163881,-1.551224,1.154999,0.2698,-0.1975
1787918785.401036,-0.163107,-1.549752,1.153626,0.2671,-0.1975
1787918785.408444,-0.162575,-1.548221,1.152631,0.2524,-0.1975
1787918785.414300,-0.161899,-1.546609,1.151688,0.2662,-0.1975
1787918785.421257,-0.161383,-1.544869,1.149836,0.2639,-0.1975
1787918785.427966,-0.160341,-1.543559,1.149924,0.2572,-0.1975
1787918785.434536,-0.159842,-1.541854,1.149229,0.2604,-0.1975
1787918785.440506,-0.159066,-1.540454,1.148549,0.2625,-0.1975
1787918785.447329,-0.158354,-1.538943,1.147376,0.2571,-0.1975
1787918785.454835,-0.157874,-1.537423,1.146528,0.2433,-0.1815
1787918785.487474,-0.156955,-1.535995,1.146333,0.1857,-0.1815
1787918785.489615,-0.156192,-1.534447,1.145455,0.3717,-0.1815
1787918785.491228,-0.155683,-1.532763,1.144175,0.5845,-0.1815
1787918785.492089,-0.155142,-1.531093,1.142990,1.0167,-0.1815
1787918785.493490,-0.153908,-1.529765,1.143139,1.0802,-0.1815
1787918785.495176,-0.153469,-1.527940,1.141642,1.0839,-0.1815
1787918785.501132,-0.152525,-1.526486,1.141315,0.8451,-0.1815
1787918785.510576,-0.151883,-1.525159,1.140422,0.6384,-0.1815
1787918785.514297,-0.151250,-1.523450,1.138700,0.5934,-0.1815
1787918785.521447,-0.150731,-1.522204,1.137496,0.4719,-0.1815
1787918785.528082,-0.150371,-1.520478,1.136032,0.4080,-0.1815
1787918785.534833,-0.149358,-1.519133,1.135160,0.3588,-0.1815
1787918785.540689,-0.148865,-1.517459,1.133877,0.3395,-0.1815
1787918785.548464,-0.148523,-1.515867,1.132255,0.2989,-0.1815
1787918785.554233,-0.147583,-1.514290,1.131734,0.3042,-0.1815
1787918785.560862,-0.146975,-1.512757,1.131012,0.2875,-0.1668
1787918785.570745,-0.145874,-1.511193,1.130356,0.2584,-0.1668
1787918785.574283,-0.145199,-1.510095,1.129907,0.2895,-0.1668
1787918785.581515,-0.144618,-1.508306,1.128190,0.2801,-0.1668
1787918785.588215,-0.143952,-1.506565,1.127392,0.2792,-0.1668
1787918785.594366,-0.143277,-1.505297,1.126300,0.2655,-0.1668
1787918785.602755,-0.142532,-1.503767,1.125378,0.2467,-0.1668
1787918785.607939,-0.141951,-1.502241,1.124442,0.2668,-0.1668
1787918785.615131,-0.141159,-1.500956,1.123533,0.2494,-0.1668
1787918785.621013,-0.140710,-1.499304,1.122159,0.2605,-0.1668
1787918785.627427,-0.139964,-1.497836,1.121171,0.2593,-0.1668
1787918785.634691,-0.139241,-1.496347,1.120354,0.2499,-0.1668
1787918785.640759,-0.138368,-1.494797,1.119643,0.2627,-0.1668
1787918785.647655,-0.137685,-1.493282,1.118592,0.2561,-0.1668
1787918785.654365,-0.136815,-1.491990,1.118388,0.2483,-0.1668
1787918785.661134,-0.135841,-1.490431,1.118289,0.2548,-0.1507
1787918785.667667,-0.135354,-1.488893,1.116672,0.2516,-0.1507
1787918785.674965,-0.134611,-1.487470,1.115824,0.2421,-0.1507
1787918785.680649,-0.134108,-1.485772,1.114288,0.2616,-0.1507
1787918785.687917,-0.133495,-1.484311,1.113579,0.2484,-0.1507
1787918785.694525,-0.132596,-1.482712,1.112641,0.2571,-0.1507
1787918785.700919,-0.131941,-1.481333,1.111795,0.2515,-0.1507
1787918785.708054,-0.131285,-1.479763,1.110685,0.2475,-0.1507
1787918785.716429,-0.130342,-1.478260,1.110104,0.2365,-0.1507
1787918785.720842,-0.129543,-1.476796,1.109319,0.2788,-0.1507
1787918785.728484,-0.128726,-1.475319,1.108529,0.2614,-0.1507
1787918785.734416,-0.127847,-1.473851,1.108272,0.2692,-0.1507
1787918785.741366,-0.127058,-1.472256,1.107448,0.2653,-0.1507
1787918785.748118,-0.126238,-1.470939,1.107132,0.2543,-0.1507
1787918785.755064,-0.125437,-1.469431,1.106624,0.2518,-0.1639
1787918785.762958,-0.124667,-1.467812,1.105687,0.2443,-0.1639
1787918785.796309,-0.123844,-1.466453,1.104950,0.1853,-0.1639
1787918785.797540,-0.122964,-1.465054,1.104318,0.5307,-0.1639
1787918785.798480,-0.122310,-1.463412,1.103530,0.9336,-0.1639
1787918785.800294,-0.121719,-1.461732,1.101834,0.9454,-0.1639
1787918785.801592,-0.120798,-1.460375,1.101279,1.0379,-0.1639
1787918785.802420,-0.119871,-1.458969,1.101409,1.3325,-0.1639
1787918785.807408,-0.118913,-1.457426,1.100596,1.0416,-0.1639
1787918785.818596,-0.118420,-1.455833,1.098758,0.7732,-0.1639
1787918785.821221,-0.117350,-1.454530,1.098720,0.7295,-0.1639
1787918785.827458,-0.116775,-1.452905,1.097984,0.5928,-0.1639
1787918785.834421,-0.115680,-1.451484,1.097235,0.4909,-0.1639
1787918785.840705,-0.115176,-1.450078,1.096390,0.4143,-0.1639
1787918785.847980,-0.114292,-1.448701,1.096121,0.3572,-0.1639
1787918785.854095,-0.113840,-1.446950,1.094518,0.3365,-0.1639
1787918785.861290,-0.112984,-1.445561,1.093683,0.3035,-0.1476
1787918785.867849,-0.112114,-1.444109,1.093122,0.2897,-0.1476
1787918785.874987,-0.111324,-1.442570,1.092777,0.2755,-0.1476
1787918785.880689,-0.110442,-1.440984,1.091465,0.2883,-0.1476
1787918785.888633,-0.109838,-1.439512,1.090319,0.2616,-0.1476
1787918785.894930,-0.108964,-1.438090,1.089622,0.2625,-0.1476
1787918785.900734,-0.108105,-1.436384,1.088589,0.2825,-0.1476
1787918785.907432,-0.107313,-1.435075,1.087501,0.2661,-0.1476
1787918785.914047,-0.106675,-1.433420,1.086379,0.2661,-0.1476
1787918785.921123,-0.105809,-1.431897,1.085579,0.2606,-0.1476
1787918785.927932,-0.105239,-1.430328,1.084107,0.2553,-0.1476
1787918785.934251,-0.104448,-1.428843,1.083119,0.2586,-0.1476
1787918785.941533,-0.104003,-1.427184,1.081427,0.2499,-0.1476
1787918785.947797,-0.102698,-1.425695,1.081658,0.2672,-0.1476
1787918785.954248,-0.102156,-1.424124,1.080178,0.2634,-0.1476
1787918785.960933,-0.101082,-1.422555,1.079589,0.2692,-0.1313
1787918785.967598,-0.100277,-1.420861,1.078727,0.2728,-0.1313
1787918785.974043,-0.099251,-1.419470,1.078523,0.2706,-0.1313
1787918785.981684,-0.098409,-1.417829,1.077846,0.2618,-0.1313
1787918785.990782,-0.097584,-1.416370,1.077197,0.2385,-0.1313
1787918785.994694,-0.096691,-1.414709,1.076239,0.3115,-0.1313
1787918786.000767,-0.096075,-1.413265,1.075156,0.2953,-0.1313
1787918786.007710,-0.094937,-1.411701,1.074781,0.2896,-0.1313
1787918786.014832,-0.094226,-1.410301,1.074163,0.2688,-0.1313
1787918786.022291,-0.093198,-1.408747,1.073639,0.2628,-0.1313
1787918786.028225,-0.092471,-1.407296,1.073048,0.2660,-0.1313
1787918786.034323,-0.091728,-1.405477,1.071319,0.2823,-0.1313
1787918786.040872,-0.090879,-1.404008,1.070302,0.2753,-0.1313
1787918786.047889,-0.089941,-1.402441,1.069624,0.2707,-0.1313
1787918786.053975,-0.088827,-1.401010,1.069081,0.2778,-0.1313
1787918786.061322,-0.088380,-1.399333,1.067679,0.2632,-0.1150
1787918786.069554,-0.087636,-1.397662,1.066577,0.2507,-0.1150
1787918786.113106,-0.086479,-1.396416,1.066359,0.1868,-0.1150
1787918786.115250,-0.085836,-1.394828,1.065440,0.3687,-0.1150
1787918786.117058,-0.085169,-1.393173,1.064406,0.5520,-0.1150
1787918786.118812,-0.084477,-1.391629,1.063588,0.6747,-0.1150
1787918786.120483,-0.083412,-1.390350,1.063194,0.7659,-0.1150
1787918786.122195,-0.082832,-1.388744,1.062307,0.8316,-0.1150
1787918786.124001,-0.081851,-1.387170,1.061787,0.8897,-0.1150
1787918786.125798,-0.081012,-1.385702,1.061069,0.9050,-0.1150
1787918786.127943,-0.080287,-1.384118,1.059684,0.8764,-0.1150
1787918786.134349,-0.079326,-1.382633,1.058666,0.6961,-0.1150
1787918786.141204,-0.078895,-1.380975,1.057227,0.5598,-0.1150
1787918786.147285,-0.077611,-1.379595,1.057327,0.4823,-0.1150
1787918786.155049,-0.077344,-1.378038,1.055575,0.3950,-0.1171
1787918786.161118,-0.076223,-1.376496,1.055632,0.3702,-0.1171
1787918786.167568,-0.075648,-1.374823,1.054363,0.3400,-0.1171
1787918786.174450,-0.074563,-1.373450,1.054183,0.3134,-0.1171
1787918786.181255,-0.073967,-1.371649,1.052687,0.3014,-0.1171
1787918786.188448,-0.073093,-1.370026,1.052279,0.2878,-0.1171
1787918786.195975,-0.072397,-1.368244,1.051111,0.2769,-0.1171
1787918786.201640,-0.071092,-1.366950,1.051315,0.2876,-0.1171
1787918786.207758,-0.070408,-1.365289,1.050110,0.2887,-0.1171
1787918786.214911,-0.069528,-1.363611,1.049601,0.2815,-0.1171
1787918786.220728,-0.068458,-1.362044,1.049112,0.2946,-0.1171
1787918786.230020,-0.067624,-1.360438,1.048904,0.2646,-0.1171
1787918786.234714,-0.066800,-1.359023,1.048462,0.2898,-0.1171
1787918786.240684,-0.065620,-1.357306,1.047717,0.3072,-0.1171
1787918786.247799,-0.064950,-1.355883,1.047546,0.2812,-0.1171
1787918786.254143,-0.064276,-1.354072,1.046585,0.2869,-0.1171
1787918786.260992,-0.063155,-1.352656,1.046643,0.2791,-0.1081
1787918786.267981,-0.062201,-1.350934,1.046460,0.2799,-0.1081
1787918786.274736,-0.061288,-1.349515,1.046137,0.2707,-0.1081
1787918786.281492,-0.060405,-1.347750,1.044924,0.2770,-0.1081
1787918786.287990,-0.059634,-1.346142,1.044115,0.2760,-0.1081
1787918786.294135,-0.058401,-1.344649,1.044232,0.2864,-0.1081
1787918786.300952,-0.057711,-1.343276,1.043260,0.2680,-0.1081
1787918786.307587,-0.056500,-1.341673,1.043500,0.2778,-0.1081
1787918786.314698,-0.055730,-1.340107,1.042518,0.2679,-0.1081
1787918786.320706,-0.054794,-1.338480,1.042230,0.2812,-0.1081
1787918786.329805,-0.053974,-1.337141,1.041695,0.2486,-0.1081
1787918786.335281,-0.053048,-1.335589,1.041300,0.2730,-0.1081
1787918786.341176,-0.052068,-1.334182,1.040992,0.2781,-0.1081
1787918786.347756,-0.051363,-1.332573,1.040230,0.2742,-0.1081
1787918786.354371,-0.050416,-1.331180,1.040012,0.2682,-0.1081
1787918786.361586,-0.049544,-1.329508,1.039445,0.2661,-0.1006
1787918786.367720,-0.048254,-1.328089,1.039339,0.2780,-0.1006
1787918786.376161,-0.047616,-1.326561,1.038340,0.2529,-0.1006
1787918786.381014,-0.046383,-1.325124,1.038490,0.2923,-0.1006
1787918786.387360,-0.045476,-1.323405,1.037951,0.2964,-0.1006
1787918786.394516,-0.044580,-1.322024,1.037173,0.2764,-0.1006
1787918786.401049,-0.043933,-1.320405,1.036112,0.2726,-0.1006
1787918786.407944,-0.042761,-1.318807,1.036568,0.2766,-0.1006
1787918786.413877,-0.042004,-1.317145,1.034800,0.2855,-0.1006
1787918786.421249,-0.041321,-1.315570,1.033943,0.2691,-0.1006
1787918786.427621,-0.040372,-1.314188,1.033675,0.2671,-0.1006
1787918786.436162,-0.039168,-1.312657,1.033438,0.2548,-0.1006
1787918786.440470,-0.038724,-1.310977,1.031235,0.2946,-0.1006
1787918786.447801,-0.037381,-1.309712,1.032022,0.2789,-0.1006
1787918786.454496,-0.036402,-1.308116,1.031218,0.2791,-0.1025
1787918786.460953,-0.035358,-1.306569,1.031052,0.2820,-0.1025
1787918786.467784,-0.034818,-1.304965,1.029758,0.2700,-0.1025
1787918786.474586,-0.033470,-1.303697,1.030407,0.2675,-0.1025
1787918786.481144,-0.032860,-1.301950,1.028368,0.2701,-0.1025
1787918786.488722,-0.031763,-1.300490,1.028363,0.2610,-0.1025
1787918786.494542,-0.030853,-1.298914,1.027935,0.2765,-0.1025
1787918786.502989,-0.029670,-1.297465,1.028046,0.2593,-0.1025
1787918786.507457,-0.028831,-1.295982,1.027385,0.2958,-0.1025
1787918786.514956,-0.027704,-1.294448,1.027259,0.2829,-0.1025
1787918786.521383,-0.026904,-1.292914,1.026289,0.2787,-0.1025
1787918786.527490,-0.025950,-1.291280,1.025708,0.2880,-0.1025
1787918786.536011,-0.025024,-1.290000,1.025581,0.2570,-0.1025
1787918786.541717,-0.024012,-1.288546,1.025028,0.2729,-0.1025
1787918786.548373,-0.022932,-1.287283,1.025310,0.2649,-0.1025
1787918786.554805,-0.022409,-1.285701,1.024037,0.2612,-0.0902
1787918786.560928,-0.021381,-1.284180,1.024089,0.2726,-0.0902
1787918786.567519,-0.020552,-1.282745,1.023109,0.2663,-0.0902
1787918786.574112,-0.019632,-1.281270,1.022530,0.2655,-0.0902
1787918786.582472,-0.018719,-1.279794,1.022460,0.2481,-0.0902
1787918786.589271,-0.017723,-1.278196,1.021969,0.2568,-0.0902
1787918786.594754,-0.016841,-1.276861,1.021342,0.2672,-0.0902
1787918786.600744,-0.015791,-1.275311,1.021707,0.2807,-0.0902
1787918786.607818,-0.015006,-1.273821,1.021289,0.2678,-0.0902
1787918786.614791,-0.014025,-1.272406,1.020624,0.2614,-0.0902
1787918786.621242,-0.012984,-1.271018,1.020941,0.2633,-0.0902
1787918786.627533,-0.012216,-1.269477,1.020162,0.2661,-0.0902
1787918786.636424,-0.011227,-1.268248,1.019894,0.2391,-0.0902
1787918786.641199,-0.010332,-1.266656,1.019084,0.2820,-0.0902
1787918786.647603,-0.009186,-1.265276,1.019353,0.2806,-0.0902
1787918786.655500,-0.008825,-1.263560,1.018034,0.2591,-0.0841
1787918786.661335,-0.007672,-1.262168,1.017538,0.2734,-0.0841
1787918786.667229,-0.006573,-1.260634,1.017425,0.2872,-0.0841
1787918786.676296,-0.005712,-1.259099,1.016794,0.2592,-0.0841
1787918786.681020,-0.004787,-1.257625,1.016618,0.2920,-0.0841
1787918786.707938,-0.003578,-1.256138,1.016257,0.2256,-0.0841
1787918786.729459,-0.002767,-1.254410,1.015725,0.1843,-0.0841
1787918786.730728,-0.002157,-1.252875,1.014193,0.5134,-0.0841
1787918786.732569,-0.000872,-1.251508,1.014379,0.6591,-0.0841
1787918786.733599,-0.000064,-1.249925,1.013796,0.9774,-0.0841
1787918786.734422,0.001014,-1.248655,1.013275,1.2849,-0.0841
1787918786.735603,0.001636,-1.246776,1.011609,1.3876,-0.0841
1787918786.737208,0.002709,-1.245308,1.011311,1.3104,-0.0841
1787918786.741350,0.003444,-1.243812,1.010462,1.0374,-0.0841
1787918786.748340,0.004569,-1.242339,1.010293,0.8054,-0.0841
1787918786.754621,0.005519,-1.240642,1.009362,0.6565,-0.0737
1787918786.760662,0.006318,-1.239311,1.008988,0.5366,-0.0737
1787918786.767899,0.007139,-1.237642,1.008001,0.4523,-0.0737
1787918786.775143,0.008505,-1.236463,1.009096,0.3881,-0.0737
1787918786.784058,0.009323,-1.234849,1.007914,0.3323,-0.0737
1787918786.787755,0.010401,-1.233735,1.008537,0.3557,-0.0737
1787918786.793918,0.011390,-1.232178,1.008149,0.3388,-0.0737
1787918786.800873,0.012442,-1.230829,1.007854,0.3106,-0.0737
1787918786.810431,0.013023,-1.229286,1.006923,0.2681,-0.0737
1787918786.814154,0.014189,-1.227882,1.006715,0.3334,-0.0737
1787918786.821228,0.015104,-1.226238,1.006491,0.3131,-0.0737
1787918786.827219,0.015879,-1.224948,1.005710,0.2945,-0.0737
1787918786.834627,0.016914,-1.223364,1.005339,0.2828,-0.0737
1787918786.841676,0.017726,-1.221797,1.004385,0.2727,-0.0737
1787918786.847821,0.018453,-1.220293,1.003040,0.2719,-0.0737
1787918786.854537,0.019155,-1.218741,1.002235,0.2657,-0.0793
1787918786.861050,0.020480,-1.217398,1.003048,0.2709,-0.0793
1787918786.867829,0.021015,-1.215695,1.001070,0.2659,-0.0793
1787918786.874580,0.022073,-1.214471,1.001111,0.2573,-0.0793
1787918786.880708,0.023256,-1.212920,1.001244,0.2753,-0.0793
1787918786.888503,0.024075,-1.211236,1.000161,0.2643,-0.0793
1787918786.894333,0.024733,-1.209465,0.998658,0.2799,-0.0793
1787918786.901177,0.025688,-1.207946,0.998021,0.2746,-0.0793
1787918786.908608,0.026546,-1.206205,0.997270,0.2700,-0.0793
1787918786.914747,0.027611,-1.204808,0.996945,0.2746,-0.0793
1787918786.920635,0.028279,-1.203077,0.995804,0.2848,-0.0793
1787918786.928021,0.029301,-1.201508,0.995848,0.2754,-0.0793
1787918786.934138,0.030080,-1.199863,0.994395,0.2812,-0.0793
1787918786.944514,0.030964,-1.198358,0.994136,0.2473,-0.0793
1787918786.948817,0.031885,-1.196760,0.993545,0.3016,-0.0793
1787918786.954624,0.032899,-1.195370,0.993210,0.2998,-0.0729
1787918786.961055,0.033987,-1.193907,0.993006,0.2948,-0.0729
1787918786.970926,0.034777,-1.192094,0.992085,0.2656,-0.0729
1787918786.979050,0.035959,-1.190655,0.992196,0.2543,-0.0729
1787918786.981521,0.036890,-1.189195,0.991770,0.3882,-0.0729
1787918786.988098,0.037800,-1.187560,0.991511,0.3569,-0.0729
1787918787.047287,0.039011,-1.186226,0.991728,0.2588,-0.0729
1787918787.048551,0.039984,-1.184642,0.991217,0.6225,-0.0729
1787918787.050527,0.040885,-1.183084,0.990800,0.7085,-0.0729
1787918787.052216,0.041860,-1.181460,0.990174,0.8322,-0.0729
1787918787.053054,0.042598,-1.179855,0.989239,1.2079,-0.0729
1787918787.054538,0.044019,-1.178388,0.989336,1.2512,-0.0692
1787918787.056615,0.044650,-1.176822,0.988357,1.1149,-0.0692
1787918787.057529,0.045793,-1.175276,0.987935,1.4101,-0.0692
1787918787.058718,0.046708,-1.174000,0.987646,1.3830,-0.0692
1787918787.060578,0.047986,-1.172516,0.987646,1.2815,-0.0692
1787918787.062562,0.048794,-1.170987,0.986893,1.1572,-0.0692
1787918787.067407,0.049876,-1.169290,0.986510,0.9346,-0.0692
1787918787.074653,0.050615,-1.167877,0.985336,0.7199,-0.0692
1787918787.080832,0.051703,-1.166249,0.985318,0.5990,-0.0692
1787918787.087769,0.052890,-1.164865,0.984846,0.4976,-0.0692
1787918787.094751,0.053858,-1.163444,0.984467,0.4221,-0.0692
1787918787.101154,0.054654,-1.161719,0.983595,0.3835,-0.0692
1787918787.109488,0.055737,-1.160343,0.983548,0.3313,-0.0692
1787918787.117527,0.056894,-1.158756,0.982666,0.3051,-0.0692
1787918787.121197,0.057721,-1.157300,0.982265,0.3500,-0.0692
1787918787.127570,0.058587,-1.155657,0.981445,0.3320,-0.0692
1787918787.134402,0.059763,-1.154265,0.981077,0.3119,-0.0692
1787918787.140673,0.060629,-1.152520,0.979850,0.3107,-0.0692
1787918787.149004,0.061746,-1.151129,0.979971,0.2815,-0.0692
1787918787.154681,0.062769,-1.149610,0.979270,0.2938,-0.0562
1787918787.160822,0.063637,-1.148258,0.978237,0.2842,-0.0562
1787918787.167925,0.065027,-1.146593,0.978826,0.2901,-0.0562
1787918787.173951,0.065579,-1.144952,0.977291,0.2861,-0.0562
1787918787.181078,0.066976,-1.143597,0.977330,0.2805,-0.0562
1787918787.187849,0.067823,-1.141992,0.976746,0.2762,-0.0562
1787918787.195778,0.069091,-1.140280,0.976335,0.2739,-0.0562
1787918787.201542,0.070109,-1.138847,0.975987,0.2832,-0.0562
1787918787.208728,0.071019,-1.137201,0.975340,0.2765,-0.0562
1787918787.214701,0.072246,-1.135400,0.974966,0.3029,-0.0562
1787918787.221473,0.073292,-1.134200,0.974881,0.2821,-0.0562
1787918787.227450,0.074167,-1.132216,0.973745,0.3045,-0.0562
1787918787.234347,0.075517,-1.130885,0.973990,0.2940,-0.0562
1787918787.240857,0.076484,-1.129238,0.973557,0.2937,-0.0562
1787918787.250753,0.077698,-1.127781,0.973183,0.2628,-0.0562
1787918787.254554,0.078777,-1.126059,0.972859,0.3442,-0.0562
1787918787.261109,0.079708,-1.124619,0.972605,0.3194,-0.0613
1787918787.267658,0.080754,-1.122867,0.971653,0.3169,-0.0613
1787918787.274147,0.081958,-1.121436,0.971473,0.3078,-0.0613
1787918787.280937,0.083205,-1.120245,0.971471,0.2900,-0.0613
1787918787.289304,0.084120,-1.118338,0.970424,0.2780,-0.0613
1787918787.294419,0.085438,-1.116915,0.970179,0.3071,-0.0613
1787918787.312803,0.086109,-1.115342,0.969385,0.2424,-0.0613
1787918787.314631,0.086964,-1.113646,0.968871,0.4783,-0.0613
1787918787.316155,0.088479,-1.112397,0.969177,0.7064,-0.0613
1787918787.322883,0.089400,-1.110724,0.968457,0.5792,-0.0613
1787918787.327590,0.090267,-1.109110,0.968065,0.5215,-0.0613
1787918787.334169,0.091643,-1.107589,0.968288,0.4578,-0.0613
1787918787.340800,0.092699,-1.106201,0.967824,0.3993,-0.0613
1787918787.348644,0.093316,-1.104253,0.966127,0.3542,-0.0613
1787918787.355051,0.094631,-1.102884,0.966305,0.3357,-0.0528
1787918787.361495,0.095364,-1.101166,0.965022,0.3201,-0.0528
1787918787.367353,0.096571,-1.099752,0.964974,0.3188,-0.0528
1787918787.374378,0.097775,-1.098146,0.964694,0.3088,-0.0528
1787918787.381154,0.098728,-1.096724,0.964125,0.2920,-0.0528
1787918787.387595,0.099812,-1.094998,0.963367,0.2992,-0.0528
1787918787.394473,0.100909,-1.093471,0.963657,0.2914,-0.0528
1787918787.401711,0.101767,-1.091758,0.962564,0.2826,-0.0528
1787918787.408030,0.102755,-1.090240,0.962078,0.2838,-0.0528
1787918787.414233,0.104017,-1.088751,0.962105,0.2926,-0.0528
1787918787.424468,0.104995,-1.087200,0.961348,0.2585,-0.0528
1787918787.427660,0.105965,-1.085579,0.960899,0.3580,-0.0528
1787918787.434200,0.107080,-1.083831,0.960463,0.3456,-0.0528
1787918787.441237,0.108030,-1.082136,0.959941,0.3244,-0.0528
1787918787.447734,0.109250,-1.080391,0.959941,0.3254,-0.0528
1787918787.458000,0.110329,-1.078920,0.959728,0.2811,-0.0475
1787918787.462067,0.111541,-1.077362,0.959827,0.3422,-0.0475
1787918787.467569,0.112722,-1.075675,0.959893,0.3518,-0.0475
1787918787.474699,0.113729,-1.073988,0.959404,0.3287,-0.0475
1787918787.480696,0.115055,-1.072635,0.960038,0.3235,-0.0475
1787918787.487699,0.116150,-1.070783,0.959560,0.3184,-0.0475
1787918787.494114,0.117183,-1.069135,0.958907,0.3137,-0.0475
1787918787.501795,0.118287,-1.067608,0.958875,0.2932,-0.0475
1787918787.508378,0.119450,-1.066186,0.958644,0.2887,-0.0475
1787918787.515934,0.120398,-1.064333,0.957868,0.2840,-0.0475
1787918787.520775,0.121661,-1.062975,0.958198,0.3126,-0.0475
1787918787.529289,0.122640,-1.061349,0.957558,0.2855,-0.0475
1787918787.533961,0.123726,-1.059795,0.957069,0.3216,-0.0475
1787918787.541060,0.125004,-1.058268,0.957520,0.3090,-0.0475
1787918787.547408,0.125765,-1.056577,0.956225,0.3023,-0.0475
1787918787.554265,0.127116,-1.055167,0.956494,0.2961,-0.0475
1787918787.560883,0.128059,-1.053681,0.956520,0.2870,-0.0441
1787918787.567811,0.129049,-1.051999,0.955478,0.2851,-0.0441
1787918787.574286,0.130108,-1.050443,0.954870,0.2867,-0.0441
1787918787.581255,0.131154,-1.048915,0.954968,0.2804,-0.0441
1787918787.587472,0.132157,-1.047399,0.953997,0.2840,-0.0441
1787918787.594641,0.133279,-1.045866,0.953734,0.2783,-0.0441
1787918787.600609,0.134113,-1.044253,0.953093,0.2852,-0.0441
1787918787.640973,0.135167,-1.042663,0.952541,0.2138,-0.0441
1787918787.642087,0.136458,-1.041033,0.952122,0.7087,-0.0441
1787918787.643044,0.137645,-1.039736,0.952275,1.0432,-0.0441
1787918787.644664,0.138702,-1.038322,0.952242,1.0570,-0.0441
1787918787.646253,0.139654,-1.036633,0.951221,1.1039,-0.0441
1787918787.647936,0.140973,-1.035175,0.951685,1.1208,-0.0441
1787918787.650522,0.141827,-1.033659,0.950931,0.9853,-0.0441
1787918787.654086,0.143126,-1.032131,0.950561,0.8579,-0.0441
1787918787.661962,0.144258,-1.030557,0.950509,0.6744,-0.0375
1787918787.667642,0.145404,-1.029142,0.950669,0.5681,-0.0375
1787918787.674297,0.146419,-1.027455,0.949690,0.4861,-0.0375
1787918787.680504,0.147898,-1.026214,0.950461,0.4307,-0.0375
1787918787.687912,0.148557,-1.024138,0.949100,0.3853,-0.0375
1787918787.695276,0.150374,-1.023149,0.950180,0.3456,-0.0375
1787918787.702398,0.151188,-1.021509,0.949432,0.3180,-0.0375
1787918787.710297,0.151966,-1.019731,0.948300,0.2947,-0.0375
1787918787.714181,0.153390,-1.018280,0.948336,0.3615,-0.0375
1787918787.721311,0.154400,-1.016789,0.947789,0.3288,-0.0375
1787918787.727594,0.155436,-1.015224,0.947349,0.3197,-0.0375
1787918787.734295,0.156730,-1.013829,0.947393,0.3083,-0.0375
1787918787.740668,0.157577,-1.012153,0.946278,0.3032,-0.0375
1787918787.747208,0.158687,-1.010744,0.945989,0.2944,-0.0375
1787918787.754388,0.159671,-1.009059,0.945337,0.2872,-0.0375
1787918787.763791,0.160752,-1.007754,0.945015,0.2550,-0.0284
1787918787.770018,0.161981,-1.006070,0.944915,0.2789,-0.0284
1787918787.774851,0.163063,-1.004625,0.944944,0.3073,-0.0284
1787918787.781626,0.164228,-1.003271,0.944896,0.2939,-0.0284
1787918787.787915,0.165334,-1.001807,0.944642,0.2933,-0.0284
1787918787.794296,0.166376,-1.000373,0.944305,0.2886,-0.0284
1787918787.800689,0.167223,-0.998522,0.943352,0.2957,-0.0284
1787918787.809785,0.168239,-0.997272,0.942618,0.2600,-0.0284
1787918787.814393,0.169465,-0.995617,0.942961,0.3161,-0.0284
1787918787.822990,0.170540,-0.994221,0.942349,0.2827,-0.0284
1787918787.827485,0.171737,-0.992863,0.942023,0.3182,-0.0284
1787918787.834550,0.172693,-0.991301,0.941582,0.3002,-0.0284
1787918787.841105,0.173549,-0.989569,0.940406,0.2973,-0.0284
1787918787.847529,0.174567,-0.988108,0.940018,0.2912,-0.0284
1787918787.854120,0.175874,-0.986788,0.940607,0.2875,-0.0284
1787918787.860950,0.176593,-0.985183,0.939624,0.2768,-0.0211
1787918787.867940,0.177866,-0.983595,0.939237,0.2810,-0.0211
1787918787.874540,0.178763,-0.982008,0.938921,0.2790,-0.0211
1787918787.880792,0.179930,-0.980428,0.938556,0.2896,-0.0211
1787918787.887420,0.180782,-0.978981,0.937854,0.2783,-0.0211
1787918787.894278,0.182122,-0.977191,0.937934,0.2926,-0.0211
1787918787.900642,0.183100,-0.975672,0.937484,0.2898,-0.0211
1787918787.909666,0.184558,-0.974460,0.938198,0.2641,-0.0211
1787918787.918886,0.185625,-0.972727,0.937784,0.2508,-0.0211
1787918787.923189,0.186859,-0.971398,0.937946,0.3012,-0.0211
1787918787.930762,0.188010,-0.969955,0.937770,0.2839,-0.0211
1787918787.937031,0.188975,-0.968314,0.937685,0.2894,-0.0211
1787918787.940591,0.190226,-0.966970,0.937444,0.3562,-0.0211
1787918787.947874,0.191272,-0.965505,0.936907,0.3235,-0.0211
1787918787.954438,0.192316,-0.963921,0.936485,0.3130,-0.0211
1787918787.960622,0.193236,-0.962434,0.935417,0.3037,0.0088
1787918787.968408,0.194298,-0.960788,0.934727,0.2879,0.0088
1787918787.974057,0.195288,-0.959303,0.934725,0.2962,0.0088
1787918787.980801,0.196405,-0.957765,0.934465,0.2919,0.0088
1787918787.988378,0.197596,-0.956419,0.934295,0.2752,0.0088
1787918787.994038,0.198543,-0.954731,0.933590,0.2944,0.0088
1787918788.000978,0.199374,-0.953217,0.932682,0.2801,0.0088
1787918788.008071,0.200449,-0.951679,0.932009,0.2754,0.0088
1787918788.015362,0.201386,-0.950010,0.931607,0.2709,0.0088
1787918788.021158,0.202934,-0.948704,0.931776,0.2917,0.0088
1787918788.027901,0.203830,-0.947412,0.931098,0.2741,0.0088
1787918788.034434,0.204586,-0.945552,0.929874,0.2811,0.0088
1787918788.041214,0.205894,-0.944296,0.929867,0.2759,0.0088
1787918788.048779,0.207007,-0.942915,0.929712,0.2634,0.0088
1787918788.054615,0.207870,-0.941252,0.928641,0.2794,0.0088
1787918788.061694,0.208877,-0.939754,0.928338,0.2720,0.0199
1787918788.071043,0.210302,-0.938395,0.928580,0.2527,0.0199
1787918788.074563,0.211152,-0.936765,0.928075,0.3315,0.0199
1787918788.080538,0.212158,-0.935246,0.927606,0.3234,0.0199
1787918788.088420,0.213034,-0.933643,0.926944,0.2952,0.0199
1787918788.094424,0.214224,-0.931889,0.926980,0.3124,0.0199
1787918788.100954,0.215296,-0.930265,0.926668,0.3079,0.0199
1787918788.107811,0.216636,-0.928939,0.927301,0.2971,0.0199
1787918788.114486,0.217487,-0.927240,0.926831,0.2920,0.0199
1787918788.121109,0.218967,-0.925885,0.927398,0.2937,0.0199
1787918788.127414,0.219988,-0.924379,0.927345,0.2921,0.0199
1787918788.134420,0.221123,-0.922884,0.927446,0.2848,0.0199
1787918788.141335,0.221899,-0.921080,0.926362,0.2822,0.0199
1787918788.147164,0.223503,-0.919781,0.927497,0.3006,0.0199
1787918788.155242,0.224454,-0.918193,0.926789,0.2787,0.0224
1787918788.160757,0.225518,-0.916664,0.926892,0.2964,0.0224
1787918788.167599,0.226535,-0.914743,0.926070,0.3016,0.0224
1787918788.174907,0.227915,-0.913455,0.926839,0.2874,0.0224
1787918788.181334,0.228541,-0.911862,0.925915,0.2782,0.0224
1787918788.187507,0.230042,-0.910349,0.926730,0.2973,0.0224
1787918788.194590,0.231005,-0.908567,0.926025,0.2930,0.0224
1787918788.200560,0.231761,-0.907092,0.925906,0.2872,0.0224
1787918788.207753,0.233084,-0.905666,0.925881,0.2817,0.0224
1787918788.215842,0.234097,-0.904159,0.925902,0.2644,0.0224
1787918788.225575,0.235165,-0.902596,0.925989,0.2434,0.0224
1787918788.260077,0.236629,-0.901337,0.926779,0.1868,0.0218
1787918788.262392,0.237514,-0.899702,0.925866,0.3690,0.0218
1787918788.264150,0.238596,-0.898203,0.926280,0.5737,0.0218
1787918788.265940,0.239871,-0.896701,0.926450,0.7311,0.0218
1787918788.267724,0.241038,-0.895298,0.926760,0.8183,0.0218
1787918788.269488,0.241923,-0.893591,0.926355,0.8954,0.0218
1787918788.271397,0.243302,-0.892311,0.927022,0.9178,0.0218
1787918788.277700,0.244414,-0.890660,0.926795,0.7371,0.0218
1787918788.281392,0.245526,-0.889202,0.926963,0.6649,0.0218
1787918788.287498,0.246509,-0.887635,0.926535,0.5560,0.0218
1787918788.294848,0.247646,-0.885914,0.926529,0.4732,0.0218
1787918788.301322,0.248804,-0.884440,0.926493,0.4181,0.0218
1787918788.307944,0.249934,-0.883027,0.926595,0.3746,0.0218
1787918788.314743,0.250784,-0.881142,0.925770,0.3512,0.0218
1787918788.322199,0.252286,-0.879964,0.926549,0.3201,0.0218
1787918788.327455,0.253063,-0.878314,0.925842,0.3260,0.0218
1787918788.334721,0.254525,-0.876722,0.926080,0.3170,0.0218
1787918788.342374,0.255399,-0.875169,0.925734,0.2912,0.0218
1787918788.347651,0.256964,-0.873667,0.926635,0.3255,0.0218
1787918788.354450,0.258264,-0.872185,0.926388,0.3146,0.0748
1787918788.360546,0.259336,-0.870677,0.926577,0.3112,0.0748
1787918788.367611,0.260390,-0.868743,0.925984,0.3104,0.0748
1787918788.378080,0.261733,-0.867307,0.926133,0.2733,0.0748
1787918788.381163,0.262619,-0.865637,0.925450,0.3730,0.0748
1787918788.388071,0.263945,-0.863855,0.925554,0.3576,0.0748
1787918788.394461,0.265227,-0.862510,0.925840,0.3369,0.0748
1787918788.401007,0.266235,-0.860802,0.925497,0.3262,0.0748
1787918788.407977,0.267508,-0.859196,0.925795,0.3165,0.0748
1787918788.414421,0.268442,-0.857478,0.925052,0.3116,0.0748
1787918788.421406,0.269954,-0.855923,0.925346,0.3105,0.0748
1787918788.427588,0.270829,-0.854150,0.924098,0.3116,0.0748
1787918788.434001,0.271996,-0.852644,0.924656,0.3073,0.0748
1787918788.442803,0.273256,-0.850922,0.923999,0.2878,0.0748
1787918788.448581,0.274338,-0.849660,0.924298,0.2876,0.0748
1787918788.454278,0.275355,-0.847897,0.924339,0.3077,0.0748
1787918788.461237,0.276816,-0.846503,0.924345,0.3013,0.0831
1787918788.467796,0.277853,-0.844995,0.924348,0.2945,0.0831
1787918788.475120,0.279111,-0.843502,0.924822,0.2860,0.0831
1787918788.481181,0.280511,-0.841938,0.924955,0.3038,0.0831
1787918788.488222,0.281620,-0.840467,0.925311,0.2911,0.0831
1787918788.494528,0.282881,-0.838885,0.925608,0.3000,0.0831
1787918788.502343,0.283971,-0.837208,0.925328,0.2866,0.0831
1787918788.507442,0.285008,-0.835723,0.925442,0.3071,0.0831
1787918788.514464,0.286052,-0.834149,0.924941,0.2955,0.0831
1787918788.520730,0.287101,-0.832355,0.924301,0.3057,0.0831
1787918788.571879,0.288108,-0.831030,0.924537,0.2237,0.0863
1787918788.574233,0.289528,-0.829529,0.924869,0.4183,0.0863
1787918788.576350,0.290536,-0.827855,0.924424,0.5682,0.0863
1787918788.578189,0.291682,-0.826139,0.924253,0.7337,0.0863
1787918788.580120,0.292895,-0.824501,0.924625,0.8304,0.0863
1787918788.582047,0.294200,-0.823170,0.924828,0.8690,0.0863
1787918788.583861,0.295031,-0.821121,0.923816,0.9615,0.0863
1787918788.585841,0.296511,-0.819575,0.924397,0.9951,0.0863
1787918788.587777,0.297312,-0.817946,0.924023,0.9728,0.0863
1787918788.589655,0.298733,-0.816298,0.924660,1.0279,0.0863
1787918788.594458,0.299407,-0.814232,0.923180,0.8479,0.0863
1787918788.600610,0.300592,-0.812580,0.923115,0.6926,0.0863
1787918788.607727,0.301629,-0.810809,0.922977,0.5707,0.0863
1787918788.614363,0.303067,-0.809408,0.923678,0.4892,0.0863
1787918788.620806,0.304247,-0.807562,0.923958,0.4442,0.0863
1787918788.629619,0.305806,-0.806208,0.924762,0.3797,0.0863
1787918788.634361,0.306676,-0.804199,0.924356,0.4004,0.0863
1787918788.642094,0.307848,-0.802621,0.924764,0.3565,0.0863
1787918788.648302,0.309162,-0.801143,0.925342,0.3448,0.0863
1787918788.654542,0.310218,-0.799318,0.925419,0.3420,0.1437
1787918788.660682,0.311365,-0.797653,0.925276,0.3381,0.1437
1787918788.667670,0.312238,-0.796147,0.925285,0.3109,0.1437
1787918788.674689,0.313568,-0.794487,0.925415,0.3085,0.1437
1787918788.680763,0.314674,-0.793074,0.925972,0.3045,0.1437
1787918788.688401,0.315550,-0.791070,0.925090,0.2968,0.1437
1787918788.694286,0.316838,-0.789573,0.925434,0.3082,0.1437
1787918788.700939,0.318015,-0.787945,0.925568,0.3063,0.1437
1787918788.708158,0.319370,-0.786387,0.926283,0.3000,0.1437
1787918788.714607,0.320801,-0.784881,0.927011,0.3060,0.1437
1787918788.721341,0.321764,-0.783410,0.926934,0.2923,0.1437
1787918788.728718,0.322855,-0.781597,0.926385,0.2903,0.1437
1787918788.734011,0.323851,-0.780042,0.926566,0.3075,0.1437
1787918788.741489,0.325131,-0.778612,0.926364,0.2920,0.1437
1787918788.747952,0.326084,-0.776902,0.926205,0.2944,0.1437
1787918788.755845,0.327544,-0.775630,0.926914,0.2781,0.1459
1787918788.760996,0.328454,-0.773790,0.926415,0.3122,0.1459
1787918788.767973,0.329592,-0.771975,0.926491,0.3103,0.1459
1787918788.774203,0.330952,-0.770590,0.926820,0.3099,0.1459
1787918788.781156,0.332146,-0.768864,0.927047,0.3074,0.1459
1787918788.787899,0.333217,-0.767164,0.926932,0.3043,0.1459
1787918788.794830,0.334513,-0.765795,0.926864,0.2941,0.1459
1787918788.800758,0.335792,-0.764198,0.927493,0.3093,0.1459
1787918788.807511,0.337141,-0.762780,0.927928,0.3029,0.1459
1787918788.814887,0.338080,-0.761003,0.927412,0.2928,0.1459
1787918788.820914,0.339336,-0.759459,0.927633,0.3039,0.1459
1787918788.827487,0.340599,-0.757877,0.928255,0.3051,0.1459
1787918788.851355,0.341656,-0.756181,0.927800,0.2386,0.1459
1787918788.853498,0.342668,-0.754469,0.927955,0.4437,0.1459
1787918788.855773,0.344155,-0.752936,0.928418,0.5900,0.1535
1787918788.858174,0.345399,-0.751407,0.928755,0.6590,0.1535
1787918788.860951,0.346421,-0.749643,0.928648,0.6800,0.1535
1787918788.868010,0.347558,-0.748037,0.928418,0.5596,0.1535
1787918788.874368,0.348725,-0.746469,0.928594,0.4839,0.1535
1787918788.881191,0.349987,-0.744993,0.929325,0.4240,0.1535
1787918788.890378,0.351002,-0.743586,0.928899,0.3534,0.1535
1787918788.894391,0.352044,-0.741731,0.928920,0.4051,0.1535
1787918788.901061,0.353360,-0.740403,0.929793,0.3669,0.1535
1787918788.907569,0.354396,-0.738696,0.929399,0.3484,0.1535
1787918788.914304,0.355518,-0.737095,0.929714,0.3310,0.1535
1787918788.920616,0.356751,-0.735476,0.930173,0.3284,0.1535
1787918788.928141,0.357835,-0.733903,0.930324,0.3060,0.1535
1787918788.933892,0.358815,-0.732335,0.930629,0.3103,0.1535
1787918788.941123,0.360021,-0.730874,0.931059,0.2957,0.1535
1787918788.947320,0.361247,-0.729218,0.931314,0.3068,0.1535
1787918788.954294,0.362143,-0.727658,0.931645,0.2916,0.1535
1787918788.961311,0.363473,-0.726339,0.932360,0.2833,0.2016
1787918788.967497,0.364416,-0.724601,0.931743,0.2932,0.2016
1787918788.975228,0.365702,-0.723031,0.933020,0.2839,0.2016
1787918788.981185,0.367054,-0.721522,0.933318,0.3003,0.2016
1787918788.988071,0.368125,-0.719877,0.933699,0.2956,0.2016
1787918788.994374,0.369087,-0.718152,0.933884,0.3001,0.2016
1787918789.001294,0.370623,-0.716921,0.935186,0.2926,0.2016
1787918789.007931,0.371638,-0.715107,0.935297,0.2980,0.2016
1787918789.015729,0.372557,-0.713458,0.935013,0.2807,0.2016
1787918789.021044,0.373578,-0.711754,0.935367,0.3081,0.2016
1787918789.027573,0.374903,-0.710444,0.935892,0.3002,0.2016
1787918789.034780,0.376265,-0.708762,0.936139,0.3002,0.2016
1787918789.040804,0.376982,-0.706998,0.935540,0.3020,0.2016
1787918789.047898,0.378231,-0.705355,0.935513,0.2987,0.2016
1787918789.054482,0.379307,-0.703602,0.935705,0.3025,0.2016
1787918789.063504,0.380595,-0.702286,0.936433,0.2723,0.2053
1787918789.068135,0.381730,-0.700517,0.936297,0.3265,0.2053
1787918789.074480,0.382852,-0.698826,0.936759,0.3244,0.2053
1787918789.080661,0.383805,-0.697463,0.937175,0.3078,0.2053
1787918789.087781,0.384615,-0.695630,0.936319,0.2979,0.2053
1787918789.095053,0.385764,-0.694053,0.936758,0.2890,0.2053
1787918789.101744,0.387147,-0.692659,0.937854,0.2894,0.2053
1787918789.107429,0.388062,-0.690833,0.937289,0.3089,0.2053
1787918789.114137,0.389162,-0.689447,0.937888,0.2952,0.2053
1787918789.120728,0.389872,-0.687453,0.937324,0.2990,0.2053
1787918789.127456,0.391460,-0.686333,0.938965,0.2914,0.2053
1787918789.134923,0.392519,-0.684815,0.939481,0.2783,0.2053
1787918789.188510,0.393603,-0.683301,0.939948,0.2052,0.2098
1787918789.190847,0.394624,-0.681647,0.940384,0.3925,0.2098
1787918789.192742,0.395656,-0.680179,0.941356,0.5588,0.2098
1787918789.194579,0.396813,-0.678548,0.941868,0.7176,0.2098
1787918789.196390,0.397937,-0.677080,0.942704,0.8087,0.2098
1787918789.198168,0.399054,-0.675535,0.943157,0.8876,0.2098
1787918789.199972,0.400044,-0.673964,0.943684,0.9295,0.2098
1787918789.201691,0.401310,-0.672619,0.944706,0.9703,0.2098
1787918789.203480,0.402366,-0.670945,0.944833,1.0104,0.2098
1787918789.205192,0.403330,-0.669162,0.945012,1.0595,0.2098
1787918789.208666,0.404282,-0.667445,0.945442,0.9100,0.2098
1787918789.214656,0.405643,-0.665867,0.946545,0.7410,0.2098
1787918789.220961,0.406644,-0.664360,0.947267,0.6047,0.2098
1787918789.228670,0.407480,-0.662605,0.947152,0.4977,0.2098
1787918789.234461,0.408767,-0.661230,0.948557,0.4452,0.2098
1787918789.240980,0.408817,-0.658979,0.947473,0.3971,0.2098
1787918789.247756,0.409882,-0.657447,0.948175,0.3605,0.2098
1787918789.254364,0.410708,-0.655467,0.948168,0.3473,0.2098
1787918789.262488,0.411814,-0.653887,0.948782,0.3143,0.1964
1787918789.269084,0.412493,-0.651938,0.949020,0.3100,0.1964
1787918789.275253,0.413397,-0.650201,0.949071,0.3113,0.1964
1787918789.281104,0.414574,-0.648585,0.949860,0.3204,0.1964
1787918789.289045,0.415419,-0.646939,0.949535,0.2934,0.1964
1787918789.294756,0.416600,-0.645569,0.951223,0.3000,0.1964
1787918789.303890,0.417625,-0.643826,0.950952,0.2762,0.1964
1787918789.308256,0.418734,-0.642090,0.952160,0.3347,0.1964
1787918789.314553,0.419587,-0.640583,0.952275,0.3163,0.1964
1787918789.321167,0.420830,-0.639065,0.953456,0.3102,0.1964
1787918789.327872,0.421742,-0.637433,0.953758,0.3003,0.1964
1787918789.334665,0.422654,-0.635949,0.954277,0.2870,0.1964
1787918789.341124,0.423953,-0.634407,0.955188,0.2942,0.1964
1787918789.347409,0.424735,-0.632582,0.954995,0.2986,0.1964
1787918789.355154,0.425833,-0.631130,0.955988,0.2795,0.2483
1787918789.360935,0.426947,-0.629534,0.956571,0.2967,0.2483
1787918789.370043,0.427999,-0.627972,0.957474,0.2697,0.2483
1787918789.374856,0.428796,-0.627768,0.960439,0.2277,0.2483
1787918789.380681,0.429942,-0.626093,0.960765,0.2639,0.2483
1787918789.387693,0.430980,-0.624691,0.961740,0.2593,0.2483
1787918789.394599,0.431907,-0.622974,0.961849,0.2658,0.2483
1787918789.403321,0.433393,-0.621531,0.963237,0.2559,0.2483
1787918789.407811,0.434064,-0.619696,0.962286,0.3054,0.2483
1787918789.413968,0.435355,-0.618278,0.963173,0.3064,0.2483
1787918789.421169,0.436085,-0.616551,0.962423,0.2909,0.2483
1787918789.427624,0.437282,-0.614843,0.962994,0.3006,0.2483
1787918789.434237,0.438262,-0.613538,0.963294,0.2844,0.2483
1787918789.440886,0.439667,-0.612355,0.965363,0.2790,0.2483
1787918789.449990,0.440237,-0.610174,0.964260,0.2651,0.2483
1787918789.454232,0.441625,-0.608934,0.966083,0.3136,0.2483
1787918789.461418,0.442684,-0.607363,0.966550,0.2986,0.2401
1787918789.467605,0.443875,-0.605745,0.967267,0.3064,0.2401
1787918789.474792,0.444870,-0.604257,0.967952,0.2892,0.2401
1787918789.481130,0.446113,-0.602705,0.968902,0.2963,0.2401
1787918789.491009,0.447215,-0.601150,0.969483,0.2653,0.2401
1787918789.496439,0.448119,-0.599605,0.969158,0.2843,0.2401
1787918789.506225,0.449460,-0.597984,0.970731,0.2633,0.2401
1787918789.508303,0.450481,-0.596252,0.971227,0.4739,0.2401
1787918789.514451,0.451604,-0.594726,0.971956,0.4241,0.2401
1787918789.520621,0.452730,-0.593180,0.972869,0.3898,0.2401
1787918789.527937,0.453480,-0.591485,0.973001,0.3476,0.2401
1787918789.534459,0.454597,-0.589905,0.973784,0.3323,0.2401
1787918789.541353,0.455620,-0.588164,0.974050,0.3203,0.2401
1787918789.547596,0.456443,-0.586394,0.974580,0.3168,0.2401
1787918789.554564,0.459755,-0.585839,0.977733,0.3213,0.2401
1787918789.561139,0.461083,-0.584168,0.978097,0.3220,0.2450
1787918789.567717,0.461819,-0.582190,0.977533,0.3190,0.2450
1787918789.574992,0.462962,-0.580770,0.978262,0.2982,0.2450
1787918789.580632,0.463875,-0.578891,0.978287,0.3187,0.2450
1787918789.587643,0.465035,-0.577497,0.979602,0.3003,0.2450
1787918789.594793,0.466059,-0.575965,0.979949,0.2875,0.2450
1787918789.600854,0.466652,-0.574056,0.979540,0.2961,0.2450
1787918789.608058,0.467849,-0.572661,0.980768,0.2832,0.2450
1787918789.615447,0.468994,-0.571113,0.981845,0.2764,0.2450
1787918789.620977,0.470147,-0.569594,0.982335,0.2967,0.2450
1787918789.627601,0.471065,-0.567884,0.983260,0.2952,0.2450
1787918789.634246,0.471956,-0.566498,0.984195,0.2810,0.2450
1787918789.641109,0.472768,-0.564767,0.983417,0.2794,0.2450
1787918789.647360,0.473726,-0.563105,0.984464,0.2874,0.2450
1787918789.656230,0.474641,-0.561398,0.984806,0.2664,0.3166
1787918789.661051,0.475955,-0.560023,0.985940,0.3030,0.3166
1787918789.667088,0.476862,-0.558223,0.986090,0.3115,0.3166
1787918789.674368,0.477795,-0.556568,0.986714,0.2962,0.3166
1787918789.681873,0.478493,-0.554912,0.986802,0.2779,0.3166
1787918789.688104,0.479385,-0.553041,0.987060,0.2934,0.3166
1787918789.694418,0.480798,-0.551683,0.988574,0.2962,0.3166
1787918789.701952,0.481542,-0.549969,0.988783,0.2806,0.3166
1787918789.708971,0.482539,-0.548396,0.989065,0.2760,0.3166
1787918789.714470,0.483269,-0.546314,0.988077,0.3100,0.3166
1787918789.720726,0.484373,-0.544938,0.988740,0.3012,0.3166
1787918789.727268,0.485428,-0.543230,0.989609,0.3029,0.3166
1787918789.734835,0.486373,-0.541408,0.989884,0.2929,0.3166
1787918789.740748,0.487458,-0.539666,0.990901,0.3092,0.3166
1787918789.747609,0.488395,-0.538052,0.991951,0.2979,0.3166
1787918789.779846,0.489491,-0.536603,0.993282,0.2254,0.3260
1787918789.801825,0.490577,-0.534916,0.994335,0.1852,0.3260
1787918789.803840,0.491720,-0.533379,0.995853,0.4140,0.3260
1787918789.805726,0.492859,-0.531479,0.996687,0.6421,0.3260
1787918789.807625,0.493909,-0.530035,0.998251,0.7310,0.3260
1787918789.809862,0.494650,-0.528264,0.998747,0.7652,0.3260
1787918789.811926,0.495480,-0.526563,0.999697,0.8089,0.3260
1787918789.813746,0.496592,-0.524864,1.000782,0.9009,0.3260
1787918789.815543,0.497491,-0.523422,1.002210,0.9143,0.3260
1787918789.817302,0.498904,-0.521945,1.003841,0.9821,0.3260
1787918789.821434,0.499601,-0.520093,1.004386,0.8281,0.3260
1787918789.827723,0.500852,-0.518601,1.005915,0.6717,0.3260
1787918789.834201,0.501296,-0.516878,1.005999,0.5486,0.3260
1787918789.840904,0.502197,-0.515227,1.007116,0.4680,0.3260
1787918789.847480,0.503261,-0.513652,1.007982,0.4143,0.3260
1787918789.854353,0.504371,-0.511949,1.009075,0.3787,0.3260
1787918789.861428,0.505374,-0.510381,1.010427,0.3440,0.3117
1787918789.868680,0.505828,-0.508316,1.009837,0.3231,0.3117
1787918789.874547,0.506611,-0.506822,1.010978,0.3122,0.3117
1787918789.882711,0.506255,-0.503686,1.008544,0.3091,0.3117
1787918789.887350,0.507558,-0.502362,1.010318,0.3337,0.3117
1787918789.894196,0.508444,-0.500448,1.011116,0.3253,0.3117
1787918789.901119,0.509708,-0.498977,1.012648,0.3108,0.3117
1787918789.907904,0.510366,-0.497380,1.013776,0.2928,0.3117
1787918789.914580,0.511129,-0.495483,1.013793,0.2955,0.3117
1787918789.921377,0.511809,-0.493474,1.014614,0.2980,0.3117
1787918789.927574,0.512913,-0.491680,1.015374,0.3106,0.3117
1787918789.934126,0.513733,-0.490085,1.016789,0.2993,0.3117
1787918789.941619,0.514951,-0.488930,1.018536,0.2744,0.3117
1787918789.948245,0.515515,-0.486750,1.018394,0.2895,0.3117
1787918789.954131,0.516043,-0.485057,1.018895,0.2903,0.3117
1787918789.960765,0.517526,-0.483551,1.021042,0.2963,0.3022
1787918789.967960,0.518206,-0.481906,1.021495,0.2807,0.3022
1787918789.974250,0.519493,-0.480490,1.023620,0.2861,0.3022
1787918789.981309,0.519961,-0.478767,1.023607,0.2731,0.3022
1787918789.988165,0.521059,-0.477183,1.024909,0.2754,0.3022
1787918789.995101,0.521742,-0.475517,1.025419,0.2697,0.3022
1787918790.001168,0.522570,-0.473636,1.026011,0.2896,0.3022
1787918790.008802,0.523529,-0.472466,1.027530,0.2615,0.3022
1787918790.016700,0.524297,-0.470735,1.027393,0.2544,0.3022
1787918790.022947,0.525165,-0.469208,1.028133,0.2624,0.3022
1787918790.027791,0.525698,-0.467678,1.028829,0.2819,0.3022
1787918790.034738,0.526649,-0.466185,1.029387,0.2737,0.3022
1787918790.040571,0.527668,-0.464537,1.030690,0.2913,0.3022
1787918790.048010,0.528277,-0.462732,1.030653,0.2789,0.3022
1787918790.054116,0.529092,-0.461414,1.031915,0.2714,0.3022
1787918790.076453,0.530038,-0.460078,1.032988,0.2119,0.3702
1787918790.081189,0.530615,-0.458347,1.033336,0.2613,0.3702
1787918790.083084,0.531596,-0.456862,1.034450,0.4642,0.3702
1787918790.107215,0.532043,-0.455015,1.034460,0.3475,0.3702
1787918790.108932,0.532932,-0.453705,1.035615,0.5194,0.3702
1787918790.110868,0.533583,-0.452004,1.036118,0.6419,0.3702
1787918790.112715,0.534889,-0.450762,1.037952,0.7308,0.3702
1787918790.119088,0.535482,-0.449154,1.038567,0.5909,0.3702
1787918790.120802,0.536172,-0.447271,1.038717,0.7589,0.3702
1787918790.122548,0.536837,-0.445674,1.038835,0.8257,0.3702
1787918790.127343,0.537948,-0.444185,1.040017,0.6935,0.3702
1787918790.135091,0.538155,-0.442408,1.039465,0.5489,0.3702
1787918790.141182,0.539145,-0.441124,1.041067,0.4634,0.3702
1787918790.147547,0.540037,-0.439576,1.042043,0.4086,0.3702
1787918790.154884,0.540814,-0.437916,1.042707,0.3606,0.3719
1787918790.160561,0.541605,-0.436509,1.043593,0.3378,0.3719
1787918790.167826,0.542269,-0.434847,1.044237,0.3095,0.3719
1787918790.174025,0.543072,-0.433168,1.045007,0.3065,0.3719
1787918790.181317,0.544071,-0.431691,1.046295,0.2877,0.3719
1787918790.194263,0.544789,-0.430080,1.047116,0.2420,0.3719
1787918790.196135,0.545793,-0.428445,1.048487,0.4767,0.3719
1787918790.201588,0.546619,-0.427047,1.049448,0.4230,0.3719
1787918790.211818,0.547342,-0.425485,1.050377,0.3464,0.3719
1787918790.221128,0.548107,-0.423972,1.051849,0.2970,0.3719
1787918790.226871,0.549094,-0.422761,1.054123,0.2884,0.3719
1787918790.228857,0.549799,-0.420964,1.054757,0.4905,0.3719
1787918790.234389,0.550709,-0.419730,1.056403,0.4259,0.3719
1787918790.242150,0.551079,-0.418191,1.056879,0.3570,0.3719
1787918790.247359,0.552008,-0.416563,1.057801,0.3578,0.3719
1787918790.254092,0.552635,-0.415065,1.058556,0.3224,0.3719
1787918790.260907,0.553491,-0.413510,1.060224,0.3038,0.3626
1787918790.268027,0.554424,-0.411897,1.061178,0.2912,0.3626
1787918790.274665,0.554998,-0.410491,1.062218,0.2720,0.3626
1787918790.280975,0.555620,-0.408901,1.063045,0.2708,0.3626
1787918790.287532,0.556470,-0.407663,1.064179,0.2580,0.3626
1787918790.294551,0.556845,-0.405773,1.064466,0.2590,0.3626
1787918790.300639,0.557752,-0.404179,1.065569,0.2717,0.3626
1787918790.307637,0.558342,-0.402821,1.067129,0.2534,0.3626
1787918790.315007,0.558852,-0.401469,1.067327,0.2356,0.3626
1787918790.323477,0.559468,-0.399978,1.068697,0.2217,0.3626
1787918790.328113,0.560374,-0.398392,1.069517,0.2733,0.3626
1787918790.335010,0.560633,-0.396799,1.070026,0.2575,0.3626
1787918790.341735,0.561338,-0.395475,1.071389,0.2472,0.3626
1787918790.347848,0.562124,-0.393868,1.072363,0.2608,0.3626
1787918790.354110,0.562954,-0.392564,1.074106,0.2564,0.3626
1787918790.361037,0.563561,-0.390871,1.075163,0.2565,0.3499
1787918790.367160,0.564141,-0.389434,1.075930,0.2550,0.3499
1787918790.383328,0.564745,-0.387856,1.076849,0.2096,0.3499
1787918790.384415,0.565306,-0.386554,1.077961,0.5365,0.3499
1787918790.387707,0.566019,-0.385068,1.079545,0.5256,0.3499
1787918790.394798,0.566499,-0.383376,1.079879,0.4406,0.3499
1787918790.400589,0.567045,-0.382014,1.081118,0.3841,0.3499
1787918790.407934,0.567446,-0.380468,1.081799,0.3322,0.3499
1787918790.414766,0.568413,-0.379145,1.083460,0.3038,0.3499
1787918790.421415,0.569106,-0.377435,1.084261,0.2955,0.3499
1787918790.429656,0.570062,-0.376001,1.086142,0.2692,0.3499
1787918790.433941,0.570301,-0.374449,1.086624,0.2924,0.3499
1787918790.440971,0.571130,-0.372858,1.087668,0.2813,0.3499
1787918790.447680,0.571663,-0.371457,1.088587,0.2634,0.3499
1787918790.454369,0.572530,-0.369948,1.089769,0.2624,0.3499
1787918790.461314,0.573267,-0.368510,1.091188,0.2535,0.4187
1787918790.467177,0.573553,-0.366919,1.091836,0.2564,0.4187
1787918790.475405,0.574389,-0.365468,1.092931,0.2405,0.4187
1787918790.481033,0.574920,-0.363768,1.093592,0.2619,0.4187
1787918790.487795,0.575586,-0.362328,1.094685,0.2536,0.4187
1787918790.496818,0.576213,-0.360536,1.095387,0.2401,0.4187
1787918790.500900,0.577203,-0.359356,1.096651,0.2784,0.4187
1787918790.508701,0.577084,-0.357647,1.096867,0.2513,0.4187
1787918790.514555,0.578197,-0.356188,1.098381,0.2684,0.4187
1787918790.521336,0.578497,-0.354617,1.099055,0.2558,0.4187
1787918790.529870,0.579265,-0.353023,1.100378,0.2413,0.4187
1787918790.537646,0.580121,-0.351648,1.100922,0.2311,0.4187
1787918790.541670,0.580420,-0.350217,1.101360,0.2670,0.4187
1787918790.549869,0.581001,-0.348535,1.101502,0.2514,0.4187
1787918790.555006,0.581633,-0.346975,1.102823,0.2739,0.4128
1787918790.561009,0.582533,-0.345402,1.104234,0.2822,0.4128
1787918790.568308,0.583333,-0.343979,1.105721,0.2646,0.4128
1787918790.575167,0.583883,-0.342827,1.106984,0.2410,0.4128
1787918790.583007,0.584572,-0.341127,1.108097,0.2387,0.4128
1787918790.593620,0.585451,-0.339953,1.109544,0.2079,0.4128
1787918790.595656,0.585958,-0.338181,1.110176,0.4126,0.4128
1787918790.603811,0.586804,-0.336732,1.111761,0.3504,0.4128
1787918790.607714,0.587516,-0.335481,1.113716,0.3558,0.4128
1787918790.613791,0.587995,-0.333894,1.114472,0.3297,0.4128
1787918790.620937,0.588691,-0.332439,1.116180,0.2985,0.4128
1787918790.631352,0.589477,-0.330889,1.117769,0.2590,0.4128
1787918790.634840,0.589895,-0.329601,1.118907,0.2966,0.4128
1787918790.641909,0.590968,-0.328288,1.121415,0.2776,0.4128
1787918790.647672,0.591439,-0.326804,1.122496,0.2746,0.4128
1787918790.654008,0.591875,-0.325371,1.123669,0.2623,0.4128
1787918790.661320,0.592707,-0.323880,1.125309,0.2535,0.3966
1787918790.668176,0.593062,-0.322543,1.126586,0.2370,0.3966
1787918790.674160,0.593636,-0.321034,1.127766,0.2466,0.3966
1787918790.681020,0.594286,-0.319663,1.129354,0.2389,0.3966
1787918790.687390,0.594865,-0.318365,1.131135,0.2342,0.3966
1787918790.695110,0.595194,-0.316661,1.131839,0.2293,0.3966
1787918790.702093,0.595936,-0.315366,1.133732,0.2244,0.3966
1787918790.707453,0.596419,-0.313944,1.134992,0.2407,0.3966
1787918790.714616,0.596811,-0.312550,1.136154,0.2283,0.3966
1787918790.720629,0.597284,-0.310801,1.137590,0.2489,0.3966
1787918790.727445,0.597923,-0.309621,1.139223,0.2332,0.3966
1787918790.736172,0.598865,-0.308140,1.141334,0.2230,0.3966
1787918790.742161,0.598780,-0.306478,1.141572,0.2300,0.3966
1787918790.748626,0.599502,-0.304948,1.143011,0.2395,0.3966
1787918790.754248,0.600211,-0.303634,1.144550,0.2471,0.3966
1787918790.760796,0.600760,-0.302120,1.145987,0.2466,0.3778
1787918790.767617,0.601134,-0.300415,1.146601,0.2477,0.3778
1787918790.774439,0.602070,-0.299298,1.149075,0.2351,0.3778
1787918790.781021,0.601971,-0.297376,1.148941,0.2426,0.3778
1787918790.788062,0.602966,-0.296127,1.151072,0.2357,0.3778
1787918790.794418,0.603307,-0.294522,1.151618,0.2407,0.3778
1787918790.800529,0.603703,-0.292816,1.152798,0.2529,0.3778
1787918790.807691,0.604405,-0.291476,1.154218,0.2403,0.3778
1787918790.814228,0.604717,-0.289556,1.154719,0.2546,0.3778
1787918790.821738,0.605817,-0.288585,1.157427,0.2314,0.3778
1787918790.827818,0.605991,-0.286891,1.157683,0.2420,0.3778
1787918790.835630,0.606679,-0.285336,1.159106,0.2347,0.3778
1787918790.840916,0.607202,-0.283726,1.160282,0.2599,0.3778
1787918790.847919,0.607946,-0.282487,1.162277,0.2433,0.3778
1787918790.857742,0.608402,-0.280987,1.163380,0.2179,0.4156
1787918790.862753,0.608928,-0.279509,1.164718,0.2462,0.4156
1787918790.868481,0.609600,-0.278022,1.166191,0.2578,0.4156
1787918790.874018,0.610070,-0.276553,1.167253,0.2637,0.4156
1787918790.883425,0.610552,-0.275180,1.168762,0.2309,0.4156
1787918790.887305,0.611212,-0.273696,1.169692,0.2872,0.4156
1787918790.894859,0.611974,-0.272452,1.171694,0.2583,0.4156
1787918790.900920,0.612493,-0.270965,1.172617,0.2587,0.4156
1787918790.907925,0.613043,-0.269400,1.174053,0.2519,0.4156
1787918790.915000,0.613426,-0.267989,1.174759,0.2378,0.4156
1787918790.920577,0.614015,-0.266579,1.175555,0.2487,0.4156
1787918790.927772,0.614390,-0.265283,1.176533,0.2300,0.4156
1787918790.938951,0.614557,-0.263624,1.176716,0.2038,0.4156
1787918790.940820,0.615233,-0.262181,1.178397,0.3982,0.4156
1787918790.948063,0.615382,-0.260708,1.178863,0.3375,0.4156
1787918790.954061,0.616197,-0.259223,1.180590,0.3204,0.4156
1787918790.960691,0.617136,-0.258010,1.182452,0.2912,0.4085
1787918790.968838,0.617153,-0.256409,1.182872,0.2587,0.4085
1787918790.974654,0.617842,-0.255055,1.184435,0.2592,0.4085
1787918790.980691,0.618490,-0.253687,1.186142,0.2565,0.4085
1787918791.002640,0.618852,-0.252141,1.187228,0.2010,0.4085
1787918791.003657,0.619409,-0.250729,1.188647,0.5882,0.4085
1787918791.004580,0.619956,-0.249324,1.190139,0.9021,0.4085
1787918791.010977,0.620413,-0.247843,1.191714,0.7039,0.4085
1787918791.014158,0.620363,-0.246143,1.191780,0.6399,0.4085
1787918791.020610,0.620694,-0.244593,1.192976,0.5206,0.4085
1787918791.027910,0.621433,-0.243309,1.194806,0.4247,0.4085
1787918791.034084,0.622312,-0.241723,1.196658,0.3846,0.4085
1787918791.044122,0.622221,-0.240131,1.196755,0.3125,0.4085
1787918791.048629,0.622924,-0.238504,1.198875,0.3366,0.4085
1787918791.055931,0.623326,-0.237002,1.199615,0.2992,0.3938
1787918791.063329,0.623989,-0.235372,1.201561,0.2807,0.3938
1787918791.067737,0.624677,-0.233961,1.202735,0.3029,0.3938
1787918791.075501,0.624956,-0.232208,1.204034,0.2792,0.3938
1787918791.083203,0.625295,-0.230664,1.204837,0.2563,0.3938
1787918791.088742,0.625776,-0.229160,1.206435,0.2648,0.3938
1787918791.094572,0.626163,-0.227629,1.207562,0.2661,0.3938
1787918791.102202,0.626738,-0.225938,1.208848,0.2564,0.3938
1787918791.107193,0.627099,-0.224331,1.210302,0.2775,0.3938
1787918791.114426,0.627790,-0.222884,1.212246,0.2606,0.3938
1787918791.120924,0.627730,-0.221076,1.212479,0.2595,0.3938
1787918791.128461,0.628705,-0.219622,1.214625,0.2495,0.3938
1787918791.134812,0.629110,-0.218024,1.216133,0.2521,0.3938
1787918791.142807,0.629123,-0.216413,1.216345,0.2333,0.3938
1787918791.147222,0.629861,-0.214767,1.218286,0.2856,0.3938
1787918791.154878,0.630179,-0.213314,1.219510,0.2576,0.3763
1787918791.160881,0.630727,-0.211741,1.221268,0.2636,0.3763
1787918791.168949,0.631309,-0.210347,1.222339,0.2406,0.3763
1787918791.174657,0.631774,-0.208810,1.223361,0.2527,0.3763
1787918791.181173,0.632066,-0.207404,1.224460,0.2424,0.3763
1787918791.189384,0.632507,-0.205770,1.225555,0.2313,0.3763
1787918791.194701,0.632848,-0.204249,1.226555,0.2492,0.3763
1787918791.201982,0.633685,-0.202844,1.228655,0.2405,0.3763
1787918791.207412,0.633845,-0.201270,1.229100,0.2533,0.3763
1787918791.214599,0.634374,-0.199621,1.230726,0.2495,0.3763
1787918791.220860,0.634510,-0.197964,1.231009,0.2517,0.3763
1787918791.228296,0.634762,-0.196643,1.232212,0.2298,0.3763
1787918791.234625,0.635838,-0.195320,1.234450,0.2369,0.3763
1787918791.245486,0.635945,-0.193566,1.235054,0.2126,0.3763
1787918791.247700,0.636574,-0.192120,1.236500,0.3618,0.3763
1787918791.254211,0.636781,-0.190544,1.237363,0.3250,0.3763
1787918791.261130,0.637414,-0.189241,1.238773,0.2899,0.3959
1787918791.268268,0.637539,-0.187498,1.239045,0.2739,0.3959
1787918791.274173,0.638471,-0.185762,1.240556,0.2905,0.3959
1787918791.281047,0.638664,-0.184047,1.241368,0.2769,0.3959
1787918791.287865,0.638870,-0.182580,1.242088,0.2578,0.3959
1787918791.294622,0.639310,-0.180892,1.243066,0.2577,0.3959
1787918791.301137,0.639731,-0.179417,1.243875,0.2509,0.3959
1787918791.307486,0.639958,-0.177468,1.244233,0.2663,0.3959
1787918791.315576,0.640549,-0.176277,1.245855,0.2353,0.3959
1787918791.320822,0.640775,-0.174578,1.246257,0.2609,0.3959
1787918791.327785,0.641287,-0.173008,1.247521,0.2538,0.3959
1787918791.334228,0.641669,-0.171209,1.248013,0.2627,0.3959
1787918791.341772,0.642230,-0.169733,1.249778,0.2467,0.3959
1787918791.348095,0.642910,-0.168141,1.250126,0.2545,0.3959
1787918791.354712,0.643213,-0.166660,1.251231,0.2462,0.3850
1787918791.361103,0.643028,-0.164961,1.251501,0.2453,0.3850
1787918791.368261,0.643847,-0.163292,1.252777,0.2489,0.3850
1787918791.373938,0.644132,-0.161644,1.253737,0.2617,0.3850
1787918791.380778,0.644599,-0.160266,1.255186,0.2470,0.3850
1787918791.388099,0.645114,-0.158868,1.256559,0.2339,0.3850
1787918791.394474,0.645224,-0.157276,1.256752,0.2366,0.3850
1787918791.401061,0.645546,-0.155393,1.257734,0.2517,0.3850
1787918791.408050,0.646073,-0.154073,1.259076,0.2370,0.3850
1787918791.414709,0.647143,-0.152856,1.261888,0.2328,0.3850
1787918791.420752,0.646677,-0.151072,1.261120,0.2403,0.3850
1787918791.427728,0.647030,-0.149415,1.262530,0.2407,0.3850
1787918791.434076,0.647284,-0.148064,1.263250,0.2330,0.3850
1787918791.442532,0.648245,-0.146744,1.264994,0.2180,0.3850
1787918791.452922,0.648375,-0.145320,1.265530,0.1929,0.3850
1787918791.454235,0.648420,-0.143545,1.265749,0.5250,0.3850
1787918791.460883,0.649011,-0.141911,1.266869,0.4459,0.3714
1787918791.468799,0.648946,-0.140421,1.267027,0.3652,0.3714
1787918791.477659,0.649547,-0.138991,1.268340,0.3080,0.3714
1787918791.483006,0.649935,-0.137492,1.268685,0.3023,0.3714
1787918791.487791,0.650598,-0.136327,1.270476,0.2937,0.3714
1787918791.500488,0.650585,-0.134676,1.270618,0.2428,0.3714
1787918791.501695,0.650645,-0.132929,1.270459,0.5892,0.3714
1787918791.507114,0.651082,-0.131876,1.272582,0.4753,0.3714
1787918791.515100,0.651708,-0.130262,1.273129,0.3975,0.3714
1787918791.521107,0.652463,-0.128950,1.275227,0.3520,0.3714
1787918791.528366,0.651727,-0.126961,1.273960,0.3161,0.3714
1787918791.534321,0.652523,-0.125714,1.275605,0.2930,0.3714
1787918791.540826,0.652975,-0.124440,1.276928,0.2674,0.3714
1787918791.552519,0.653218,-0.122983,1.277936,0.2247,0.3714
1787918791.554770,0.653673,-0.121582,1.279388,0.3536,0.3714
1787918791.561173,0.653819,-0.119770,1.279832,0.3308,0.3633
1787918791.567775,0.653936,-0.118232,1.280640,0.3001,0.3633
1787918791.574261,0.654631,-0.117082,1.282204,0.2702,0.3633
1787918791.580678,0.654856,-0.115592,1.282900,0.2589,0.3633
1787918791.587538,0.654962,-0.114144,1.283166,0.2433,0.3633
1787918791.594064,0.655846,-0.112514,1.285102,0.2536,0.3633
1787918791.637878,0.655500,-0.111036,1.284978,0.1866,0.3633
1787918791.640122,0.656215,-0.109635,1.286583,0.3372,0.3633
1787918791.642040,0.656430,-0.108286,1.287459,0.4480,0.3633
1787918791.643919,0.657140,-0.106948,1.288764,0.5505,0.3633
1787918791.645786,0.657314,-0.105101,1.289246,0.6781,0.3633
1787918791.647710,0.657464,-0.103840,1.289723,0.6701,0.3633
1787918791.649945,0.657749,-0.102517,1.291042,0.6504,0.3633
1787918791.651781,0.658222,-0.101056,1.292089,0.7061,0.3633
1787918791.654639,0.658514,-0.099521,1.293046,0.6576,0.3633
1787918791.661205,0.658951,-0.097943,1.294015,0.5351,0.4135
1787918791.668090,0.659347,-0.096502,1.294966,0.4397,0.4135
1787918791.674237,0.659220,-0.094979,1.295315,0.3776,0.4135
1787918791.680529,0.659794,-0.093623,1.296711,0.3340,0.4135
1787918791.688059,0.660064,-0.092121,1.297405,0.2943,0.4135
1787918791.694001,0.661187,-0.090657,1.300226,0.2924,0.4135
1787918791.701777,0.661156,-0.089123,1.300251,0.2614,0.4135
1787918791.707734,0.662073,-0.087964,1.302724,0.2515,0.4135
1787918791.714265,0.661937,-0.086254,1.302817,0.2502,0.4135
1787918791.721124,0.662475,-0.084727,1.303574,0.2457,0.4135
1787918791.727582,0.662363,-0.083255,1.303854,0.2366,0.4135
1787918791.734040,0.662620,-0.081805,1.304369,0.2337,0.4135
1787918791.740902,0.662959,-0.080620,1.306073,0.2175,0.4135
1787918791.747190,0.662775,-0.078781,1.306091,0.2346,0.4135
1787918791.757770,0.663294,-0.077385,1.307391,0.2063,0.4076
1787918791.760978,0.663354,-0.075777,1.307972,0.2911,0.4076
1787918791.768630,0.663948,-0.074564,1.309387,0.2557,0.4076
1787918791.774344,0.664432,-0.072962,1.310997,0.2668,0.4076
1787918791.781470,0.664195,-0.071581,1.311133,0.2404,0.4076
1787918791.787788,0.664880,-0.070356,1.313585,0.2328,0.4076
1787918791.794060,0.664808,-0.068722,1.313938,0.2376,0.4076
1787918791.800934,0.665680,-0.067468,1.316446,0.2289,0.4076
1787918791.807855,0.665684,-0.066068,1.317134,0.2190,0.4076
1787918791.813837,0.665746,-0.064699,1.318050,0.2206,0.4076
1787918791.821136,0.665962,-0.063154,1.319459,0.2181,0.4076
1787918791.828586,0.666176,-0.061646,1.319874,0.2137,0.4076
1787918791.834667,0.666819,-0.060318,1.322554,0.2208,0.4076
1787918791.841074,0.666634,-0.058777,1.322643,0.2224,0.4076
1787918791.847533,0.667001,-0.057169,1.323833,0.2323,0.4076
1787918791.854166,0.666977,-0.055517,1.324357,0.2348,0.4076
1787918791.860809,0.667383,-0.054295,1.326020,0.2224,0.3852
1787918791.867733,0.667579,-0.052705,1.326960,0.2245,0.3852
1787918791.874655,0.667905,-0.051379,1.328280,0.2164,0.3852
1787918791.880711,0.668243,-0.049685,1.329787,0.2369,0.3852
1787918791.887516,0.668295,-0.048049,1.330398,0.2364,0.3852
1787918791.895437,0.668646,-0.046582,1.332046,0.2226,0.3852
1787918791.901025,0.669144,-0.045016,1.333428,0.2439,0.3852
1787918791.907640,0.669532,-0.043674,1.335266,0.2340,0.3852
1787918791.915020,0.669464,-0.041745,1.336022,0.2394,0.3852
1787918791.920969,0.669928,-0.040523,1.337607,0.2330,0.3852
1787918791.930098,0.670203,-0.038840,1.339239,0.2190,0.3852
1787918791.934534,0.670821,-0.037275,1.341371,0.2658,0.3852
1787918791.941121,0.670749,-0.035517,1.342203,0.2633,0.3852
1787918791.947820,0.670984,-0.034197,1.343689,0.2443,0.3852
1787918791.955012,0.671369,-0.032636,1.345410,0.2381,0.3658
1787918791.962948,0.671926,-0.031119,1.347053,0.2272,0.3658
1787918791.967754,0.671723,-0.029433,1.347835,0.2589,0.3658
1787918791.974630,0.672270,-0.027966,1.349790,0.2489,0.3658
1787918791.980560,0.672341,-0.026502,1.350983,0.2473,0.3658
1787918791.987438,0.672672,-0.025058,1.352445,0.2377,0.3658
1787918791.995438,0.673271,-0.023233,1.353897,0.2381,0.3658
1787918792.000765,0.673446,-0.021843,1.355056,0.2452,0.3658
1787918792.008664,0.673512,-0.020320,1.356221,0.2287,0.3658
1787918792.014400,0.674052,-0.019071,1.358017,0.2299,0.3658
1787918792.021101,0.674400,-0.017275,1.359248,0.2428,0.3658
1787918792.027991,0.674560,-0.015916,1.360142,0.2293,0.3658
1787918792.034137,0.674730,-0.014336,1.361562,0.2377,0.3658
1787918792.040628,0.674968,-0.012967,1.362425,0.2306,0.3658
1787918792.047549,0.675289,-0.011274,1.363587,0.2361,0.3658
1787918792.053838,0.675748,-0.009790,1.365285,0.2390,0.3452
1787918792.064857,0.676090,-0.008288,1.366458,0.2092,0.3452
1787918792.067690,0.676693,-0.006581,1.366626,0.3364,0.3452
1787918792.074614,0.676585,-0.005037,1.367289,0.3001,0.3452
1787918792.081089,0.676990,-0.003416,1.368117,0.2874,0.3452
1787918792.088336,0.676968,-0.001838,1.368787,0.2650,0.3452
1787918792.094385,0.677796,-0.000300,1.370677,0.2684,0.3452
1787918792.101980,0.677482,0.001373,1.371156,0.2502,0.3452
1787918792.107903,0.677978,0.002946,1.372548,0.2582,0.3452
1787918792.114408,0.677274,0.004839,1.373483,0.2600,0.3452
1787918792.121412,0.678174,0.006191,1.375234,0.2463,0.3452
1787918792.127426,0.678188,0.008068,1.376163,0.2644,0.3452
1787918792.135029,0.678427,0.009597,1.377291,0.2461,0.3452
1787918792.140618,0.678598,0.011475,1.377905,0.2730,0.3452
1787918792.147590,0.679305,0.012901,1.379699,0.2571,0.3452
1787918792.154431,0.679574,0.014608,1.380741,0.2557,0.3452
1787918792.161247,0.680114,0.016086,1.382498,0.2474,0.4385
1787918792.168562,0.680260,0.018014,1.383074,0.2519,0.4385
1787918792.173853,0.679781,0.019593,1.383948,0.2593,0.4385
1787918792.181965,0.680506,0.021123,1.385742,0.2421,0.4385
1787918792.187263,0.680647,0.022798,1.386992,0.2641,0.4385
1787918792.194457,0.680962,0.024422,1.388036,0.2539,0.4385
1787918792.201535,0.681373,0.026180,1.389264,0.2541,0.4385
1787918792.207532,0.681080,0.027718,1.389516,0.2510,0.4385
1787918792.240983,0.681439,0.029293,1.391121,0.1901,0.4385
1787918792.242764,0.681216,0.031073,1.390813,0.4214,0.4385
1787918792.243656,0.681633,0.032697,1.392659,0.8580,0.4385
1787918792.245629,0.681812,0.034211,1.392915,0.8320,0.4385
1787918792.246883,0.682034,0.035651,1.394688,0.9306,0.4385
1787918792.253498,0.681935,0.037415,1.393951,0.7294,0.4385
1787918792.255359,0.682164,0.039072,1.395149,0.7800,0.4223
1787918792.261753,0.682376,0.040654,1.395468,0.6208,0.4223
1787918792.269205,0.682559,0.042227,1.396617,0.4982,0.4223
1787918792.274202,0.682822,0.043827,1.397738,0.4461,0.4223
1787918792.281312,0.682728,0.045473,1.398887,0.3800,0.4223
1787918792.287884,0.683307,0.046942,1.400775,0.3365,0.4223
1787918792.294232,0.683235,0.048690,1.401449,0.3164,0.4223
1787918792.301907,0.683469,0.050227,1.402724,0.2823,0.4223
1787918792.308170,0.683473,0.051931,1.403693,0.2781,0.4223
1787918792.316660,0.684242,0.053405,1.406518,0.2505,0.4223
1787918792.323618,0.684619,0.055137,1.407619,0.2517,0.4223
1787918792.330663,0.685018,0.056601,1.409797,0.2404,0.4223
1787918792.334556,0.685052,0.058255,1.410782,0.2945,0.4223
1787918792.341618,0.685272,0.059929,1.412844,0.2779,0.4223
1787918792.347317,0.685565,0.061424,1.414129,0.2746,0.4223
1787918792.354204,0.685999,0.062986,1.416200,0.2624,0.4223
1787918792.361762,0.685552,0.064828,1.416189,0.2532,0.4162
1787918792.372470,0.685838,0.066349,1.418445,0.2206,0.4162
1787918792.375215,0.685678,0.068143,1.418636,0.3456,0.4162
1787918792.381687,0.686166,0.069712,1.420425,0.3172,0.4162
1787918792.387445,0.685973,0.071453,1.420862,0.3102,0.4162
1787918792.393911,0.686250,0.073093,1.422588,0.2943,0.4162
1787918792.400754,0.686233,0.074812,1.423327,0.2805,0.4162
1787918792.410087,0.686431,0.076459,1.424894,0.2496,0.4162
1787918792.414648,0.686680,0.078057,1.426428,0.2811,0.4162
1787918792.421085,0.686591,0.079563,1.427287,0.2657,0.4162
1787918792.427997,0.686589,0.081330,1.428406,0.2618,0.4162
1787918792.434122,0.686895,0.083012,1.429708,0.2670,0.4162
1787918792.441963,0.686954,0.084540,1.431396,0.2451,0.4162
1787918792.449583,0.686702,0.086169,1.432057,0.2337,0.4162
1787918792.454246,0.686301,0.087977,1.433354,0.2753,0.3941
1787918792.460919,0.686613,0.089695,1.434995,0.2711,0.3941
1787918792.468258,0.686898,0.091166,1.436720,0.2509,0.3941
1787918792.476242,0.686631,0.092888,1.437862,0.2385,0.3941
1787918792.480823,0.686663,0.094611,1.439239,0.2790,0.3941
1787918792.487347,0.687052,0.096183,1.441433,0.2693,0.3941
1787918792.494079,0.687010,0.097818,1.442300,0.2605,0.3941
1787918792.501031,0.687256,0.099391,1.443988,0.2510,0.3941
1787918792.507404,0.687096,0.101140,1.444769,0.2565,0.3941
1787918792.514425,0.686912,0.102843,1.445840,0.2508,0.3941
1787918792.521262,0.687257,0.104339,1.447695,0.2425,0.3941
1787918792.565398,0.687505,0.106183,1.449419,0.1824,0.4656
1787918792.566619,0.687428,0.107855,1.450434,0.5333,0.4656
1787918792.567867,0.687791,0.109427,1.452301,0.7590,0.4656
1787918792.569677,0.688011,0.110819,1.453793,0.7648,0.4656
1787918792.571475,0.687807,0.112748,1.454556,0.8510,0.4656
1787918792.572411,0.687915,0.114424,1.455843,1.1335,0.4656
1787918792.573173,0.688399,0.115942,1.457910,1.4083,0.4656
1787918792.576384,0.688242,0.117617,1.458944,1.1397,0.4656
1787918792.581087,0.688521,0.119216,1.459940,0.9012,0.4656
1787918792.587788,0.688303,0.121131,1.460836,0.7150,0.4656
1787918792.594105,0.688532,0.122524,1.462263,0.5674,0.4656
1787918792.600553,0.688418,0.124196,1.463421,0.4739,0.4656
1787918792.608389,0.688785,0.126018,1.464549,0.4026,0.4656
1787918792.614777,0.689040,0.127800,1.466538,0.3663,0.4656
1787918792.621064,0.689074,0.129305,1.467204,0.3280,0.4656
1787918792.628456,0.688733,0.131021,1.467586,0.2975,0.4656
1787918792.635864,0.688720,0.132707,1.468219,0.2761,0.4656
1787918792.641553,0.689104,0.134695,1.469554,0.2996,0.4656
1787918792.648173,0.689018,0.136277,1.470555,0.2806,0.4656
1787918792.654735,0.689011,0.137795,1.471945,0.2655,0.4473
1787918792.661310,0.688981,0.139713,1.472658,0.2728,0.4473
1787918792.667305,0.689335,0.141438,1.474617,0.2786,0.4473
1787918792.674256,0.689714,0.143227,1.476229,0.2734,0.4473
1787918792.680391,0.689295,0.144860,1.476943,0.2690,0.4473
1787918792.687878,0.689376,0.146537,1.479046,0.2555,0.4473
1787918792.693944,0.689858,0.148313,1.480642,0.2685,0.4473
1787918792.700515,0.690330,0.149990,1.482606,0.2661,0.4473
1787918792.708396,0.689883,0.151656,1.483623,0.2479,0.4473
1787918792.714252,0.689877,0.153210,1.485450,0.2529,0.4473
1787918792.720717,0.689896,0.155116,1.486408,0.2652,0.4473
1787918792.727177,0.690305,0.156650,1.489294,0.2582,0.4473
1787918792.734509,0.690058,0.158430,1.490381,0.2525,0.4473
1787918792.740668,0.690069,0.159879,1.492481,0.2472,0.4473
1787918792.749246,0.690155,0.161787,1.493130,0.2398,0.4473
1787918792.754898,0.690372,0.163345,1.495490,0.2511,0.4373
1787918792.760719,0.689942,0.164887,1.496597,0.2534,0.4373
1787918792.767939,0.690069,0.166446,1.498388,0.2424,0.4373
1787918792.774026,0.689867,0.168215,1.499822,0.2559,0.4373
1787918792.781317,0.690215,0.169907,1.501208,0.2496,0.4373
1787918792.787888,0.690136,0.171373,1.502846,0.2413,0.4373
1787918792.794270,0.689871,0.172964,1.503850,0.2426,0.4373
1787918792.800633,0.690045,0.174460,1.505876,0.2408,0.4373
1787918792.807668,0.690030,0.176266,1.507552,0.2454,0.4373
1787918792.814370,0.689865,0.177722,1.509083,0.2363,0.4373
1787918792.821292,0.689451,0.179477,1.509998,0.2403,0.4373
1787918792.827830,0.689565,0.181208,1.511867,0.2478,0.4373
1787918792.834889,0.689534,0.182569,1.513336,0.2311,0.4373
1787918792.840995,0.689411,0.184245,1.514855,0.2437,0.4373
1787918792.847439,0.689446,0.185852,1.516399,0.2454,0.4373
1787918792.854175,0.689598,0.187384,1.518869,0.2402,0.4373
1787918792.860890,0.689228,0.189135,1.519196,0.2454,0.4086
1787918792.867803,0.689461,0.190526,1.521610,0.2326,0.4086
1787918792.874273,0.688961,0.192236,1.521914,0.2409,0.4086
1787918792.883462,0.689282,0.193978,1.524036,0.2259,0.4086
1787918792.887344,0.688669,0.195435,1.524311,0.2684,0.4086
1787918792.894552,0.689758,0.197106,1.528077,0.2593,0.4086
1787918792.900933,0.689359,0.198693,1.528458,0.2552,0.4086
1787918792.907261,0.689086,0.200441,1.529501,0.2609,0.4086
1787918792.914762,0.688794,0.201842,1.530029,0.2382,0.4086
1787918792.920852,0.689170,0.203451,1.532413,0.2466,0.4086
1787918792.930290,0.689431,0.205040,1.534208,0.2234,0.4086
1787918792.934407,0.689199,0.206774,1.535133,0.2820,0.4086
1787918792.941395,0.688868,0.208332,1.536054,0.2638,0.4086
1787918792.948567,0.689294,0.209881,1.537920,0.2500,0.4086
1787918792.958445,0.689317,0.211524,1.539349,0.2249,0.4518
1787918792.965544,0.689225,0.213015,1.540458,0.2203,0.4518
1787918792.971505,0.688967,0.214524,1.541922,0.2297,0.4518
1787918792.974957,0.688687,0.216237,1.542491,0.3090,0.4518
1787918792.981212,0.688961,0.217960,1.544018,0.2992,0.4518
1787918792.988149,0.688688,0.219550,1.545030,0.2779,0.4518
1787918792.993983,0.688775,0.221016,1.546432,0.2700,0.4518
1787918793.000641,0.688135,0.222775,1.546570,0.2676,0.4518
1787918793.008253,0.688748,0.224165,1.548785,0.2426,0.4518
1787918793.014227,0.688122,0.225976,1.549329,0.2600,0.4518
1787918793.020931,0.687989,0.227471,1.550316,0.2488,0.4518
1787918793.027947,0.687771,0.229067,1.551351,0.2422,0.4518
1787918793.034438,0.687999,0.230593,1.552972,0.2402,0.4518
1787918793.040935,0.687699,0.232202,1.553666,0.2422,0.4518
1787918793.047823,0.687535,0.233893,1.554738,0.2431,0.4518
1787918793.056416,0.687844,0.235373,1.556782,0.2220,0.4393
1787918793.060921,0.687155,0.237107,1.557221,0.2702,0.4393
1787918793.067760,0.687771,0.238484,1.560253,0.2498,0.4393
1787918793.074028,0.687317,0.240314,1.560830,0.2622,0.4393
1787918793.081018,0.687468,0.241849,1.562458,0.2495,0.4393
1787918793.088667,0.687192,0.243416,1.563979,0.2360,0.4393
1787918793.094768,0.687236,0.244969,1.565558,0.2416,0.4393
1787918793.101053,0.687008,0.246650,1.566500,0.2493,0.4393
1787918793.107414,0.686992,0.248296,1.568203,0.2522,0.4393
1787918793.113897,0.686791,0.249789,1.569797,0.2456,0.4393
1787918793.121085,0.686525,0.251492,1.571111,0.2430,0.4393
1787918793.127555,0.686600,0.253053,1.572910,0.2425,0.4393
1787918793.139296,0.686455,0.254869,1.574221,0.2161,0.4393
1787918793.142050,0.686222,0.256182,1.576118,0.2944,0.4393
1787918793.162303,0.685758,0.258094,1.576755,0.2344,0.4247
1787918793.164294,0.686467,0.259380,1.579916,0.3569,0.4247
1787918793.165410,0.685873,0.261146,1.580194,0.7262,0.4247
1787918793.168125,0.685818,0.262456,1.582277,0.6532,0.4247
1787918793.174478,0.684833,0.264239,1.582085,0.5419,0.4247
1787918793.181006,0.685270,0.265764,1.584450,0.4492,0.4247
1787918793.190629,0.684638,0.267350,1.585191,0.3641,0.4247
1787918793.194390,0.684456,0.268815,1.586909,0.3720,0.4247
1787918793.200948,0.683814,0.270364,1.587478,0.3317,0.4247
1787918793.207706,0.684118,0.271992,1.589558,0.3042,0.4247
1787918793.214489,0.684006,0.273735,1.591226,0.2901,0.4247
1787918793.220808,0.683784,0.275210,1.593042,0.2733,0.4247
1787918793.227642,0.683091,0.276701,1.593825,0.2575,0.4247
1787918793.234466,0.683961,0.278494,1.597262,0.2580,0.4247
1787918793.241133,0.683287,0.279974,1.597960,0.2480,0.4247
1787918793.248156,0.683105,0.281519,1.599856,0.2398,0.4247
1787918793.254353,0.682610,0.283019,1.600804,0.2412,0.4247
1787918793.261267,0.682783,0.284808,1.602931,0.2462,0.3969
1787918793.267603,0.682680,0.286331,1.604407,0.2445,0.3969
1787918793.274525,0.682418,0.287950,1.606288,0.2417,0.3969
1787918793.280782,0.681936,0.289627,1.607067,0.2504,0.3969
1787918793.287665,0.682416,0.291482,1.609466,0.2553,0.3969
1787918793.294258,0.681683,0.293085,1.609813,0.2528,0.3969
1787918793.301238,0.681914,0.294842,1.612394,0.2520,0.3969
1787918793.307587,0.681434,0.296455,1.613701,0.2536,0.3969
1787918793.314224,0.681881,0.298239,1.616480,0.2571,0.3969
1787918793.320875,0.681678,0.299679,1.618718,0.2453,0.3969
1787918793.327325,0.681704,0.301594,1.620485,0.2606,0.3969
1787918793.334786,0.681460,0.303149,1.622445,0.2454,0.3969
1787918793.341398,0.681767,0.304883,1.624705,0.2496,0.3969
1787918793.349223,0.680773,0.306328,1.625319,0.2321,0.3969
1787918793.354559,0.680933,0.308397,1.626671,0.2781,0.4281
1787918793.360462,0.680894,0.310050,1.628685,0.2787,0.4281
1787918793.368086,0.680406,0.311654,1.629515,0.2592,0.4281
1787918793.374510,0.680211,0.313442,1.631200,0.2653,0.4281
1787918793.380699,0.680098,0.315297,1.632259,0.2758,0.4281
1787918793.387616,0.679935,0.317008,1.633870,0.2676,0.4281
1787918793.395609,0.679749,0.318724,1.635142,0.2520,0.4281
1787918793.401197,0.679229,0.320397,1.635676,0.2679,0.4281
1787918793.407655,0.679524,0.322223,1.637199,0.2712,0.4281
1787918793.414588,0.678983,0.323761,1.637792,0.2578,0.4281
1787918793.420939,0.678454,0.325186,1.638408,0.2493,0.4281
1787918793.427310,0.678055,0.327044,1.639428,0.2631,0.4281
1787918793.434331,0.677924,0.328691,1.640185,0.2548,0.4281
1787918793.442575,0.677674,0.330306,1.641790,0.2376,0.4281
1787918793.448380,0.677639,0.331767,1.643212,0.2418,0.4281
1787918793.455409,0.676913,0.333616,1.643577,0.2502,0.4115
1787918793.462570,0.677487,0.335187,1.645995,0.2390,0.4115
1787918793.467909,0.677070,0.336732,1.647335,0.2556,0.4115
1787918793.475468,0.676663,0.338429,1.648081,0.2473,0.4115
1787918793.481284,0.676479,0.340067,1.649827,0.2581,0.4115
1787918793.487708,0.676605,0.341774,1.651341,0.2597,0.4115
1787918793.497546,0.676196,0.343230,1.652514,0.2270,0.4115
1787918793.501074,0.676076,0.344992,1.653751,0.3091,0.4115
1787918793.507819,0.675549,0.346804,1.654764,0.2986,0.4115
1787918793.514666,0.675865,0.348287,1.656959,0.2726,0.4115
1787918793.524542,0.675804,0.350176,1.658936,0.2481,0.4115
1787918793.540769,0.675048,0.351567,1.659058,0.2006,0.4115
1787918793.545095,0.675107,0.353488,1.660908,0.2726,0.4115
1787918793.547330,0.675316,0.355066,1.663164,0.3992,0.4115
1787918793.549213,0.674740,0.356751,1.663750,0.5551,0.4115
1787918793.554575,0.674942,0.358338,1.666321,0.4760,0.4115
1787918793.561418,0.674307,0.360244,1.666890,0.4190,0.3990
1787918793.569915,0.674845,0.361805,1.669871,0.3463,0.3990
1787918793.577758,0.673944,0.363561,1.670153,0.3126,0.3990
1787918793.580727,0.674133,0.365266,1.672266,0.3883,0.3990
1787918793.587462,0.673093,0.366974,1.672302,0.3522,0.3990
1787918793.594464,0.673710,0.368764,1.675434,0.3201,0.3990
1787918793.600656,0.672935,0.370512,1.676042,0.3122,0.3990
1787918793.607433,0.672893,0.372310,1.677969,0.2979,0.3990
1787918793.614131,0.672549,0.374045,1.679324,0.2874,0.3990
1787918793.621322,0.672126,0.375644,1.680594,0.2694,0.3990
1787918793.627295,0.672061,0.377190,1.682391,0.2661,0.3990
1787918793.634496,0.671659,0.378999,1.683454,0.2631,0.3990
1787918793.640783,0.671491,0.380890,1.684873,0.2747,0.3990
1787918793.647686,0.670921,0.382296,1.686006,0.2558,0.3990
1787918793.654457,0.671031,0.384130,1.687492,0.2592,0.3990
1787918793.660645,0.670500,0.385834,1.688216,0.2665,0.3785
1787918793.667835,0.670094,0.387459,1.689275,0.2559,0.3785
1787918793.674244,0.669840,0.389106,1.690903,0.2571,0.3785
1787918793.681269,0.669423,0.390595,1.691847,0.2452,0.3785
1787918793.687922,0.669173,0.392501,1.693192,0.2584,0.3785
1787918793.694390,0.668649,0.394118,1.693872,0.2583,0.3785
1787918793.704592,0.667996,0.395615,1.694771,0.2269,0.3785
1787918793.707523,0.668288,0.397507,1.697128,0.3471,0.3785
1787918793.715411,0.667447,0.398977,1.697519,0.3025,0.3785
1787918793.721165,0.667496,0.400572,1.700117,0.2939,0.3785
1787918793.727506,0.666467,0.402133,1.699404,0.2852,0.3785
1787918793.733908,0.666484,0.404065,1.701396,0.2893,0.3785
1787918793.741231,0.665975,0.405512,1.702085,0.2640,0.3785
1787918793.749435,0.665644,0.407094,1.703648,0.2437,0.3785
1787918793.793152,0.665844,0.408812,1.705340,0.1821,0.4263
1787918793.795570,0.665607,0.410603,1.707010,0.3517,0.4263
1787918793.797426,0.665169,0.412279,1.708083,0.5241,0.4263
1787918793.799249,0.664940,0.413857,1.710094,0.6293,0.4263
1787918793.800810,0.664423,0.415866,1.710347,0.8367,0.4263
1787918793.801650,0.663992,0.417553,1.711829,1.2039,0.4263
1787918793.802500,0.663713,0.419185,1.713503,1.4267,0.4263
1787918793.805140,0.663411,0.421037,1.714774,1.2119,0.4263
1787918793.807589,0.663233,0.422801,1.716696,1.0653,0.4263
1787918793.814136,0.663280,0.424795,1.718068,0.8358,0.4263
1787918793.821165,0.662554,0.426216,1.718831,0.6496,0.4263
1787918793.827623,0.662360,0.428120,1.719994,0.5436,0.4263
1787918793.834442,0.662026,0.430020,1.721154,0.4653,0.4263
1787918793.842031,0.661009,0.431795,1.720699,0.4011,0.4263
1787918793.847261,0.660976,0.433565,1.722599,0.3814,0.4263
1787918793.854273,0.660350,0.435418,1.723193,0.3494,0.4263
1787918793.861229,0.660207,0.437214,1.724819,0.3221,0.4135
1787918793.868352,0.659994,0.438960,1.726091,0.2995,0.4135
1787918793.875927,0.659479,0.440718,1.727165,0.2816,0.4135
1787918793.880662,0.659375,0.442402,1.728440,0.3035,0.4135
1787918793.887541,0.658679,0.444252,1.729302,0.2969,0.4135
1787918793.894345,0.658797,0.445987,1.730762,0.2825,0.4135
1787918793.901003,0.658237,0.447591,1.731979,0.2732,0.4135
1787918793.909390,0.658067,0.449507,1.732946,0.2598,0.4135
1787918793.913994,0.657830,0.451211,1.734138,0.2940,0.4135
1787918793.920603,0.657255,0.452863,1.735119,0.2840,0.4135
1787918793.928187,0.657168,0.454409,1.736249,0.2597,0.4135
1787918793.935754,0.656523,0.456116,1.737128,0.2528,0.4135
1787918793.941353,0.656222,0.457812,1.737932,0.2692,0.4135
1787918793.947547,0.655886,0.459273,1.739752,0.2609,0.4135
1787918793.954719,0.655445,0.461139,1.740520,0.2627,0.4049
1787918793.961015,0.655113,0.462660,1.741649,0.2580,0.4049
1787918793.967597,0.654588,0.464232,1.742481,0.2553,0.4049
1787918793.974520,0.654413,0.465856,1.743772,0.2493,0.4049
1787918793.981278,0.653997,0.467583,1.744651,0.2532,0.4049
1787918793.987696,0.653128,0.468997,1.745335,0.2494,0.4049
1787918793.995858,0.652711,0.470880,1.745953,0.2454,0.4049
1787918794.001982,0.652446,0.472442,1.747822,0.2494,0.4049
1787918794.009862,0.651987,0.474173,1.748728,0.2425,0.4049
1787918794.013934,0.651048,0.475512,1.749448,0.2791,0.4049
1787918794.020731,0.650876,0.477361,1.750885,0.2771,0.4049
1787918794.027251,0.650460,0.478903,1.752424,0.2672,0.4049
1787918794.034356,0.650247,0.480752,1.753904,0.2654,0.4049
1787918794.040728,0.649268,0.482266,1.754785,0.2643,0.4049
1787918794.048490,0.648963,0.483832,1.756104,0.2467,0.4049
1787918794.056650,0.648787,0.485653,1.757355,0.2396,0.3950
1787918794.099385,0.648314,0.487310,1.759121,0.1798,0.3950
1787918794.101530,0.647964,0.489037,1.760659,0.3723,0.3950
1787918794.102433,0.647565,0.490699,1.762459,0.8279,0.3950
1787918794.103308,0.647328,0.492537,1.763793,1.2139,0.3950
1787918794.104973,0.646637,0.494113,1.765447,1.1524,0.3950
1787918794.106206,0.645624,0.495581,1.765419,1.2046,0.3950
1787918794.107027,0.645490,0.497309,1.767693,1.4721,0.3950
1787918794.112746,0.645248,0.499159,1.769143,1.1281,0.3950
1787918794.114400,0.644353,0.500854,1.770112,1.1231,0.3950
1787918794.120664,0.644691,0.502538,1.772947,0.8619,0.3950
1787918794.127921,0.643734,0.504123,1.773333,0.6755,0.3950
1787918794.133943,0.643609,0.505863,1.774969,0.5589,0.3950
1787918794.140727,0.643018,0.507511,1.776373,0.4680,0.3950
1787918794.148277,0.642606,0.509039,1.777611,0.3903,0.3950
1787918794.154666,0.642293,0.510732,1.778953,0.3541,0.4465
1787918794.160741,0.641883,0.512331,1.780427,0.3293,0.4465
1787918794.167292,0.641308,0.514092,1.780655,0.3149,0.4465
1787918794.175383,0.640963,0.515311,1.782185,0.2673,0.4465
1787918794.183118,0.640432,0.517106,1.782775,0.2595,0.4465
1787918794.187450,0.639944,0.518653,1.783986,0.2935,0.4465
1787918794.194013,0.639822,0.520437,1.785733,0.2863,0.4465
1787918794.201298,0.639245,0.521816,1.786785,0.2610,0.4465
1787918794.208382,0.638721,0.523461,1.787597,0.2555,0.4465
1787918794.216078,0.638099,0.525089,1.788036,0.2460,0.4465
1787918794.221008,0.637953,0.526508,1.789396,0.2585,0.4465
1787918794.227110,0.636865,0.527992,1.789063,0.2637,0.4465
1787918794.235158,0.636729,0.529632,1.790701,0.2454,0.4465
1787918794.241392,0.635870,0.531088,1.791166,0.2492,0.4465
1787918794.247754,0.635633,0.532604,1.792548,0.2466,0.4465
1787918794.253774,0.635244,0.534105,1.793837,0.2499,0.4465
1787918794.261452,0.634745,0.535422,1.794807,0.2294,0.4419
1787918794.268185,0.634503,0.537130,1.796593,0.2372,0.4419
1787918794.274177,0.634140,0.538697,1.797813,0.2466,0.4419
1787918794.282181,0.634030,0.540399,1.799653,0.2357,0.4419
1787918794.287729,0.633208,0.541649,1.800517,0.2409,0.4419
1787918794.294113,0.632806,0.543423,1.801939,0.2541,0.4419
1787918794.302073,0.632545,0.545091,1.803414,0.2413,0.4419
1787918794.308253,0.632178,0.546592,1.805258,0.2439,0.4419
1787918794.316625,0.631401,0.548196,1.806466,0.2331,0.4419
1787918794.321335,0.631222,0.549849,1.808794,0.2682,0.4419
1787918794.328450,0.630750,0.551545,1.810623,0.2619,0.4419
1787918794.334400,0.630567,0.553128,1.812905,0.2631,0.4419
1787918794.340733,0.629486,0.554666,1.813782,0.2672,0.4419
1787918794.347324,0.629456,0.556290,1.816395,0.2590,0.4419
1787918794.354647,0.628650,0.557985,1.817109,0.2567,0.4269
1787918794.360828,0.628496,0.559488,1.819459,0.2523,0.4269
1787918794.367884,0.627362,0.560854,1.820177,0.2448,0.4269
1787918794.374071,0.627026,0.562533,1.821627,0.2543,0.4269
1787918794.381642,0.626526,0.564188,1.823123,0.2464,0.4269
1787918794.387572,0.626184,0.565760,1.824494,0.2538,0.4269
1787918794.395159,0.625255,0.567093,1.825689,0.2379,0.4269
1787918794.401024,0.624596,0.568674,1.826301,0.2533,0.4269
1787918794.408487,0.624560,0.570169,1.829126,0.2358,0.4269
1787918794.414253,0.623163,0.571569,1.828894,0.2540,0.4269
1787918794.421597,0.622855,0.573017,1.830508,0.2382,0.4269
1787918794.427334,0.621965,0.574335,1.831443,0.2453,0.4269
1787918794.434576,0.621725,0.575880,1.833406,0.2361,0.4269
1787918794.440922,0.621183,0.577494,1.834680,0.2456,0.4269
1787918794.447387,0.620468,0.578620,1.835833,0.2311,0.4269
1787918794.454388,0.619886,0.580132,1.836880,0.2308,0.4269
1787918794.461459,0.619566,0.581313,1.838459,0.2135,0.4066
1787918794.468786,0.618842,0.582884,1.839291,0.2193,0.4066
1787918794.474475,0.618199,0.584470,1.840238,0.2432,0.4066
1787918794.481360,0.617201,0.585674,1.841220,0.2324,0.4066
1787918794.490168,0.617153,0.587105,1.844179,0.2100,0.4066
1787918794.494337,0.616372,0.588711,1.844650,0.2735,0.4066
1787918794.500681,0.615882,0.590152,1.846264,0.2633,0.4066
1787918794.507987,0.615222,0.591657,1.847702,0.2512,0.4066
1787918794.514051,0.614899,0.593130,1.849378,0.2503,0.4066
1787918794.521213,0.614368,0.594620,1.851272,0.2413,0.4066
1787918794.528022,0.613890,0.596280,1.852746,0.2450,0.4066
1787918794.534643,0.613377,0.597714,1.855231,0.2404,0.4066
1787918794.541149,0.612845,0.599288,1.856511,0.2449,0.4066
1787918794.547715,0.612173,0.600825,1.858384,0.2474,0.4066
1787918794.554549,0.611453,0.602364,1.859015,0.2470,0.4667
1787918794.560989,0.611513,0.604204,1.861776,0.2542,0.4667
1787918794.568639,0.610559,0.605434,1.863132,0.2349,0.4667
1787918794.574181,0.609935,0.607148,1.864920,0.2630,0.4667
1787918794.581689,0.609289,0.608758,1.866179,0.2532,0.4667
1787918794.587587,0.609480,0.610551,1.868772,0.2616,0.4667
1787918794.594298,0.608275,0.611951,1.869781,0.2588,0.4667
1787918794.600637,0.608200,0.613704,1.872075,0.2614,0.4667
1787918794.607421,0.607705,0.615294,1.873723,0.2566,0.4667
1787918794.614215,0.607137,0.616822,1.874568,0.2515,0.4667
1787918794.624576,0.606386,0.618294,1.876093,0.2232,0.4667
1787918794.627922,0.605505,0.619811,1.875898,0.3098,0.4667
1787918794.634495,0.605663,0.621487,1.878481,0.2875,0.4667
1787918794.640864,0.604196,0.622755,1.877958,0.2791,0.4667
1787918794.647549,0.603507,0.624474,1.878905,0.2783,0.4667
1787918794.654675,0.602932,0.625814,1.880513,0.2559,0.4667
1787918794.660973,0.602466,0.627540,1.881819,0.2642,0.4536
1787918794.667197,0.602431,0.629116,1.884349,0.2577,0.4536
1787918794.719626,0.601178,0.630400,1.884566,0.1896,0.4536
1787918794.720740,0.600825,0.631984,1.886024,0.5679,0.4536
1787918794.721521,0.600523,0.633393,1.888210,0.9474,0.4536
1787918794.723447,0.600393,0.635081,1.890614,0.9191,0.4536
1787918794.725646,0.599106,0.636351,1.891117,0.8631,0.4536
1787918794.727169,0.598747,0.637997,1.892940,0.9342,0.4536
1787918794.728070,0.598176,0.639564,1.893900,1.2085,0.4536
1787918794.729907,0.597750,0.640988,1.896040,1.0887,0.4536
1787918794.731292,0.597168,0.642542,1.897462,1.1210,0.4536
1787918794.734206,0.596379,0.644087,1.898396,0.9615,0.4536
1787918794.741556,0.595988,0.645653,1.900253,0.7387,0.4536
1787918794.747507,0.595347,0.647352,1.901155,0.6086,0.4536
1787918794.753923,0.594593,0.648590,1.903109,0.4922,0.4536
1787918794.761549,0.593143,0.650243,1.902864,0.4247,0.4401
1787918794.767265,0.592730,0.651638,1.904891,0.3735,0.4401
1787918794.774642,0.592912,0.653162,1.908091,0.3175,0.4401
1787918794.780775,0.591847,0.654764,1.909056,0.3134,0.4401
1787918794.787446,0.591152,0.656055,1.910676,0.2846,0.4401
1787918794.797515,0.590668,0.657602,1.913191,0.2475,0.4401
1787918794.800726,0.590175,0.659087,1.914247,0.3194,0.4401
1787918794.807354,0.589706,0.660528,1.916992,0.2921,0.4401
1787918794.814101,0.588654,0.662057,1.918245,0.2844,0.4401
1787918794.821051,0.588730,0.663642,1.921059,0.2622,0.4401
1787918794.828596,0.587386,0.665133,1.921797,0.2576,0.4401
1787918794.834801,0.587090,0.666764,1.923623,0.2592,0.4401
1787918794.840674,0.586210,0.668205,1.924725,0.2661,0.4401
1787918794.847850,0.585690,0.669606,1.926754,0.2488,0.4401
1787918794.854335,0.584641,0.671128,1.927434,0.2570,0.4401
1787918794.860888,0.584259,0.672762,1.929237,0.2561,0.4126
1787918794.867775,0.583422,0.674056,1.930429,0.2449,0.4126
1787918794.875883,0.582973,0.675451,1.932307,0.2256,0.4126
1787918794.880638,0.581841,0.676722,1.933181,0.2582,0.4126
1787918794.888402,0.581353,0.678165,1.934944,0.2396,0.4126
1787918794.894697,0.581143,0.679710,1.937490,0.2400,0.4126
1787918794.901056,0.580143,0.681101,1.937963,0.2462,0.4126
1787918794.907739,0.579312,0.682646,1.939009,0.2504,0.4126
1787918794.914370,0.578903,0.684068,1.940655,0.2420,0.4126
1787918794.921805,0.577894,0.685200,1.941654,0.2268,0.4126
1787918794.931172,0.577164,0.686942,1.942629,0.2192,0.4126
1787918794.934975,0.576618,0.688405,1.944396,0.2765,0.4126
1787918794.940589,0.576222,0.689769,1.946202,0.2692,0.4126
1787918794.947744,0.575275,0.691160,1.946900,0.2572,0.4126
1787918794.954587,0.574483,0.692503,1.947640,0.2476,0.4126
1787918794.961663,0.573682,0.694060,1.948693,0.2472,0.4866
1787918794.967803,0.573478,0.695445,1.951380,0.2396,0.4866
1787918794.974501,0.572625,0.696760,1.952496,0.2366,0.4866
1787918795.020220,0.572113,0.698306,1.953801,0.1763,0.4866
1787918795.021288,0.571155,0.699716,1.955101,0.5912,0.4866
1787918795.022199,0.570652,0.701202,1.956600,0.9296,0.4866
1787918795.024136,0.569873,0.702639,1.957793,0.9023,0.4866
1787918795.025166,0.569167,0.704006,1.959045,1.0782,0.4866
1787918795.026007,0.568623,0.705550,1.960801,1.3374,0.4866
1787918795.027692,0.567651,0.706941,1.961149,1.2311,0.4866
1787918795.029335,0.567036,0.708531,1.962105,1.1729,0.4866
1787918795.034288,0.566164,0.709782,1.963017,0.9113,0.4866
1787918795.040718,0.565451,0.711009,1.964093,0.7035,0.4866
1787918795.047830,0.564494,0.712579,1.965187,0.5691,0.4866
1787918795.054203,0.563705,0.714069,1.966187,0.4774,0.4866
1787918795.060582,0.563453,0.715552,1.968523,0.4031,0.4762
1787918795.067461,0.562808,0.716960,1.969922,0.3497,0.4762
1787918795.074325,0.561893,0.718324,1.971384,0.3152,0.4762
1787918795.081124,0.561413,0.719854,1.973366,0.2911,0.4762
1787918795.087365,0.560665,0.721380,1.974460,0.2854,0.4762
1787918795.094834,0.560081,0.722767,1.976231,0.2602,0.4762
1787918795.100905,0.559221,0.724112,1.977685,0.2600,0.4762
1787918795.107307,0.558729,0.725595,1.979548,0.2549,0.4762
1787918795.114340,0.558370,0.727315,1.981744,0.2518,0.4762
1787918795.121148,0.557512,0.728666,1.983336,0.2460,0.4762
1787918795.127842,0.556708,0.729982,1.984596,0.2407,0.4762
1787918795.135890,0.556211,0.731425,1.986440,0.2252,0.4762
1787918795.140973,0.555369,0.732753,1.988236,0.2494,0.4762
1787918795.147378,0.554741,0.734195,1.989923,0.2482,0.4762
1787918795.154403,0.553784,0.735527,1.990988,0.2424,0.4762
1787918795.161081,0.553152,0.736739,1.993027,0.2310,0.4608
1787918795.167536,0.552651,0.738300,1.994717,0.2374,0.4608
1787918795.174722,0.551683,0.739599,1.995715,0.2322,0.4608
1787918795.183083,0.551258,0.741084,1.998198,0.2174,0.4608
1787918795.187371,0.550048,0.742339,1.999011,0.2672,0.4608
1787918795.196251,0.549612,0.743927,2.000621,0.2419,0.4608
1787918795.200626,0.548711,0.745259,2.001787,0.2782,0.4608
1787918795.207948,0.547746,0.746544,2.003115,0.2591,0.4608
1787918795.214023,0.547201,0.747939,2.005012,0.2552,0.4608
1787918795.221279,0.546530,0.749537,2.006814,0.2502,0.4608
1787918795.227882,0.545417,0.750658,2.008271,0.2427,0.4608
1787918795.238140,0.544902,0.752197,2.010373,0.2170,0.4608
1787918795.240895,0.543802,0.753725,2.011238,0.3535,0.4608
1787918795.247809,0.543005,0.754961,2.012773,0.3107,0.4608
1787918795.254706,0.542064,0.756321,2.014629,0.2885,0.4416
1787918795.261461,0.541330,0.757929,2.015707,0.2804,0.4416
1787918795.267195,0.540601,0.759340,2.018203,0.2794,0.4416
1787918795.274551,0.539770,0.760861,2.019320,0.2661,0.4416
1787918795.284580,0.539004,0.762243,2.020571,0.2335,0.4416
1787918795.312280,0.538537,0.763679,2.022948,0.1796,0.4416
1787918795.313303,0.537154,0.765141,2.023420,0.6889,0.4416
1787918795.314404,0.536905,0.766487,2.025725,0.8416,0.4416
1787918795.316556,0.535567,0.767826,2.026521,0.8388,0.4416
1787918795.317582,0.535155,0.769521,2.028237,1.0853,0.4416
1787918795.320838,0.534198,0.770951,2.029539,0.9168,0.4416
1787918795.328361,0.533147,0.772223,2.030759,0.7058,0.4416
1787918795.333810,0.532303,0.773547,2.032254,0.5800,0.4416
1787918795.340979,0.531875,0.775111,2.034199,0.4726,0.4416
1787918795.348083,0.531473,0.776565,2.036475,0.3933,0.4416
1787918795.354382,0.530581,0.777861,2.037983,0.3496,0.4416
1787918795.360712,0.529438,0.779233,2.038462,0.3271,0.5223
1787918795.367193,0.529203,0.780540,2.040695,0.2879,0.5223
1787918795.374782,0.528460,0.781957,2.042449,0.2647,0.5223
1787918795.380747,0.527151,0.783141,2.042404,0.2683,0.5223
1787918795.388001,0.526382,0.784655,2.043820,0.2580,0.5223
1787918795.394260,0.526115,0.785991,2.046365,0.2434,0.5223
1787918795.401007,0.524987,0.787475,2.046994,0.2520,0.5223
1787918795.408266,0.524009,0.788772,2.048287,0.2426,0.5223
1787918795.413882,0.522911,0.789967,2.048936,0.2534,0.5223
1787918795.420912,0.522408,0.791198,2.050338,0.2339,0.5223
1787918795.427471,0.521291,0.792573,2.051086,0.2432,0.5223
1787918795.434116,0.519937,0.793725,2.051546,0.2446,0.5223
1787918795.442735,0.518995,0.795101,2.052387,0.2288,0.5223
1787918795.448855,0.518513,0.796461,2.054574,0.2302,0.5223
1787918795.454325,0.517852,0.797538,2.055604,0.2303,0.5223
1787918795.460631,0.516937,0.799238,2.056864,0.2531,0.5114
1787918795.467598,0.515744,0.800345,2.057732,0.2433,0.5114
1787918795.473960,0.515102,0.801707,2.059613,0.2412,0.5114
1787918795.481170,0.514552,0.802948,2.061321,0.2252,0.5114
1787918795.487503,0.513640,0.804554,2.062945,0.2451,0.5114
1787918795.494976,0.513037,0.806192,2.064774,0.2410,0.5114
1787918795.502811,0.511859,0.807197,2.066498,0.2240,0.5114
1787918795.507571,0.511107,0.808554,2.067915,0.2546,0.5114
1787918795.514233,0.510409,0.810279,2.070579,0.2614,0.5114
1787918795.521247,0.509516,0.811663,2.072407,0.2533,0.5114
1787918795.527386,0.509042,0.812968,2.075091,0.2443,0.5114
1787918795.534613,0.508327,0.814488,2.077265,0.2406,0.5114
1787918795.541015,0.507278,0.815678,2.078189,0.2411,0.5114
1787918795.549136,0.506311,0.817052,2.080242,0.2305,0.5114
1787918795.554136,0.505358,0.818756,2.080858,0.2785,0.5114
1787918795.561350,0.504806,0.819870,2.083921,0.2465,0.4950
1787918795.567646,0.503581,0.821102,2.084859,0.2524,0.4950
1787918795.575033,0.502569,0.822568,2.086283,0.2487,0.4950
1787918795.582097,0.501442,0.823771,2.087418,0.2422,0.4950
1787918795.587427,0.501092,0.825187,2.089477,0.2485,0.4950
1787918795.640327,0.499982,0.826014,2.090974,0.1812,0.4950
1787918795.642391,0.498837,0.827349,2.092094,0.3780,0.4950
1787918795.644124,0.498240,0.828779,2.093951,0.5306,0.4950
1787918795.645832,0.497480,0.829840,2.095558,0.5998,0.4950
1787918795.647559,0.496263,0.830715,2.096468,0.6573,0.4950
1787918795.649173,0.495759,0.832069,2.098141,0.7248,0.4950
1787918795.650859,0.494860,0.833160,2.099673,0.7557,0.4950
1787918795.652548,0.494119,0.834337,2.101411,0.7758,0.4950
1787918795.654218,0.493298,0.835387,2.103003,0.7805,0.4822
1787918795.655961,0.492428,0.836188,2.104842,0.7412,0.4822
1787918795.660957,0.491473,0.837408,2.106073,0.6111,0.4822
1787918795.669647,0.490922,0.838511,2.108106,0.4702,0.4822
1787918795.674222,0.489519,0.838781,2.108966,0.3915,0.4822
1787918795.681225,0.489069,0.840169,2.111479,0.3350,0.4822
1787918795.687735,0.488074,0.841299,2.112795,0.3027,0.4822
1787918795.696137,0.487227,0.842448,2.113692,0.2627,0.4822
1787918795.701993,0.486722,0.843708,2.116305,0.2524,0.4822
1787918795.708455,0.485393,0.844714,2.117549,0.2487,0.4822
1787918795.714092,0.484837,0.846077,2.119532,0.2514,0.4822
1787918795.721334,0.483961,0.847088,2.120640,0.2307,0.4822
1787918795.727599,0.482652,0.848129,2.121848,0.2367,0.4822
1787918795.735326,0.482122,0.849456,2.124392,0.2203,0.4822
1787918795.741039,0.481450,0.850585,2.126333,0.2232,0.4822
1787918795.750522,0.479952,0.851552,2.126791,0.2073,0.4822
1787918795.754941,0.479264,0.853014,2.128934,0.2540,0.5617
1787918795.761326,0.478233,0.854241,2.130590,0.2524,0.5617
1787918795.767787,0.476992,0.855670,2.131476,0.2635,0.5617
1787918795.773932,0.476530,0.857255,2.134284,0.2619,0.5617
1787918795.780838,0.475035,0.858434,2.135328,0.2614,0.5617
1787918795.787903,0.474518,0.859895,2.137993,0.2471,0.5617
1787918795.794459,0.473892,0.861411,2.140144,0.2468,0.5617
1787918795.800828,0.473032,0.862537,2.142312,0.2393,0.5617
1787918795.807289,0.472282,0.863905,2.144053,0.2398,0.5617
1787918795.814429,0.470905,0.865053,2.144974,0.2398,0.5617
1787918795.821446,0.470208,0.866451,2.146591,0.2342,0.5617
1787918795.827473,0.468632,0.867206,2.146842,0.2382,0.5617
1787918795.834878,0.468118,0.868659,2.149246,0.2274,0.5617
1787918795.842014,0.466781,0.869579,2.150191,0.2223,0.5617
1787918795.847472,0.466029,0.870847,2.151255,0.2366,0.5617
1787918795.854460,0.464998,0.872330,2.153644,0.2431,0.5617
1787918795.860831,0.464378,0.873542,2.155578,0.2339,0.5511
1787918795.867466,0.463316,0.874571,2.156907,0.2290,0.5511
1787918795.874741,0.462725,0.875686,2.158966,0.2121,0.5511
1787918795.880640,0.461487,0.876918,2.159884,0.2355,0.5511
1787918795.888827,0.460861,0.878190,2.161563,0.2164,0.5511
1787918795.894131,0.459803,0.878966,2.163026,0.2213,0.5511
1787918795.918034,0.459266,0.880441,2.165385,0.1740,0.5511
1787918795.919974,0.458239,0.881395,2.166774,0.3331,0.5511
1787918795.921855,0.457348,0.882926,2.168429,0.5149,0.5511
1787918795.923694,0.456837,0.883732,2.170056,0.5161,0.5511
1787918795.928443,0.455772,0.884600,2.171690,0.4445,0.5511
1787918795.934125,0.455113,0.885942,2.173714,0.3892,0.5511
1787918795.941131,0.453773,0.886716,2.174597,0.3323,0.5511
1787918795.947598,0.452954,0.887791,2.176673,0.2953,0.5511
1787918795.955143,0.451938,0.888522,2.178268,0.2536,0.5347
1787918795.961101,0.451740,0.889898,2.180851,0.2400,0.5347
1787918795.967797,0.450862,0.890996,2.183119,0.2309,0.5347
1787918795.976040,0.449702,0.891902,2.184328,0.2129,0.5347
1787918795.981099,0.448983,0.893209,2.187219,0.2369,0.5347
1787918795.987374,0.448112,0.893737,2.188890,0.2106,0.5347
1787918795.994349,0.447193,0.895171,2.191183,0.2205,0.5347
1787918796.002232,0.446333,0.896227,2.193432,0.2061,0.5347
1787918796.007812,0.444949,0.897155,2.194319,0.2282,0.5347
1787918796.014895,0.445207,0.898608,2.198817,0.2031,0.5347
1787918796.021761,0.444537,0.899627,2.201476,0.1954,0.5347
1787918796.027388,0.443729,0.901063,2.203611,0.2240,0.5347
1787918796.034770,0.442501,0.902108,2.205379,0.2206,0.5347
1787918796.041059,0.441393,0.903455,2.207493,0.2375,0.5347
1787918796.048127,0.440589,0.904301,2.209844,0.2154,0.5347
1787918796.057609,0.439718,0.905448,2.212248,0.1964,0.5031
1787918796.061462,0.438665,0.907009,2.214528,0.2838,0.5031
1787918796.067210,0.437215,0.907808,2.215116,0.2775,0.5031
1787918796.074438,0.436558,0.908846,2.218057,0.2451,0.5031
1787918796.081116,0.435451,0.910039,2.220056,0.2443,0.5031
1787918796.088174,0.434818,0.911193,2.222323,0.2263,0.5031
1787918796.094687,0.433157,0.912098,2.222920,0.2380,0.5031
1787918796.101045,0.432609,0.913392,2.225521,0.2307,0.5031
1787918796.107611,0.431500,0.914590,2.227309,0.2358,0.5031
1787918796.114835,0.430556,0.915264,2.229119,0.2112,0.5031
1787918796.120760,0.429477,0.916487,2.231293,0.2303,0.5031
1787918796.129768,0.428702,0.917662,2.233538,0.2079,0.5031
1787918796.134651,0.427628,0.918556,2.234443,0.2295,0.5031
1787918796.141126,0.426709,0.919639,2.236768,0.2264,0.5031
1787918796.147961,0.425992,0.920686,2.238555,0.2140,0.5031
1787918796.154162,0.424575,0.921737,2.239063,0.2322,0.5031
1787918796.160749,0.424055,0.922589,2.241448,0.2077,0.4801
1787918796.169155,0.423166,0.923826,2.242878,0.1997,0.4801
1787918796.173919,0.422086,0.924862,2.245026,0.2332,0.4801
1787918796.181385,0.421257,0.925619,2.246346,0.2078,0.4801
1787918796.187756,0.420156,0.926769,2.247860,0.2201,0.4801
1787918796.194151,0.419546,0.928068,2.249724,0.2195,0.4801
1787918796.201209,0.418648,0.928999,2.251624,0.2084,0.4801
1787918796.208268,0.417597,0.929914,2.252422,0.2043,0.4801
1787918796.249781,0.416918,0.930993,2.254833,0.1521,0.4801
1787918796.251083,0.415787,0.932051,2.256302,0.4600,0.4801
1787918796.252844,0.414802,0.933032,2.257533,0.5578,0.4801
1787918796.255080,0.413976,0.934264,2.259433,0.5885,0.5858
1787918796.255963,0.413063,0.935333,2.260988,0.8898,0.5858
1787918796.256741,0.412419,0.936449,2.263427,1.1124,0.5858
1787918796.258708,0.411164,0.937409,2.264143,1.0136,0.5858
1787918796.263006,0.410267,0.938453,2.266004,0.8056,0.5858
1787918796.267898,0.408887,0.939732,2.266824,0.6783,0.5858
1787918796.274344,0.408181,0.940507,2.268572,0.5236,0.5858
1787918796.280622,0.406982,0.941667,2.270317,0.4458,0.5858
1787918796.287906,0.406089,0.942631,2.272394,0.3662,0.5858
1787918796.294701,0.405307,0.944116,2.274143,0.3286,0.5858
1787918796.300697,0.404425,0.945288,2.276328,0.3033,0.5858
1787918796.309745,0.403149,0.946255,2.277456,0.2641,0.5858
1787918796.314218,0.402386,0.947463,2.279738,0.2797,0.5858
1787918796.322686,0.400110,0.946341,2.280378,0.2182,0.5858
1787918796.327999,0.399349,0.947787,2.282557,0.2426,0.5858
1787918796.334065,0.397465,0.948468,2.281786,0.2561,0.5858
1787918796.340761,0.396405,0.949318,2.282941,0.2392,0.5858
1787918796.347421,0.395176,0.950194,2.283825,0.2335,0.5858
1787918796.355451,0.394647,0.951540,2.285916,0.2144,0.5600
1787918796.365187,0.393051,0.952346,2.285967,0.2010,0.5600
1787918796.367483,0.391992,0.953691,2.287906,0.3642,0.5600
1787918796.374414,0.391146,0.954456,2.289626,0.3040,0.5600
1787918796.381649,0.390578,0.955818,2.292570,0.2707,0.5600
1787918796.387665,0.389080,0.957101,2.293058,0.2869,0.5600
1787918796.394244,0.388256,0.958267,2.295831,0.2655,0.5600
1787918796.400675,0.387091,0.958938,2.296940,0.2453,0.5600
1787918796.407323,0.386584,0.960231,2.300251,0.2305,0.5600
1787918796.414341,0.385085,0.961112,2.301195,0.2321,0.5600
1787918796.420663,0.384071,0.961871,2.303093,0.2215,0.5600
1787918796.427573,0.383117,0.963056,2.305237,0.2210,0.5600
1787918796.435581,0.382442,0.964233,2.308305,0.2043,0.5600
1787918796.441086,0.381865,0.965342,2.310708,0.2089,0.5600
1787918796.447588,0.380509,0.965737,2.311917,0.2019,0.5600
1787918796.454203,0.379340,0.966553,2.313400,0.2044,0.5600
1787918796.460925,0.378487,0.967782,2.315008,0.2092,0.5445
1787918796.467704,0.377045,0.968340,2.316403,0.2079,0.5445
1787918796.475675,0.376456,0.969325,2.318847,0.1878,0.5445
1787918796.482885,0.375818,0.970311,2.321528,0.1796,0.5445
1787918796.487141,0.374506,0.971273,2.322772,0.2384,0.5445
1787918796.495694,0.373803,0.972493,2.325609,0.2149,0.5445
1787918796.501294,0.371904,0.972658,2.325710,0.2266,0.5445
1787918796.508426,0.371710,0.973912,2.329091,0.2025,0.5445
1787918796.518679,0.370758,0.975062,2.331309,0.1853,0.5445
1787918796.521050,0.369315,0.975606,2.331928,0.3056,0.5445
1787918796.527665,0.368583,0.977082,2.334385,0.2852,0.5445
1787918796.538683,0.367187,0.977814,2.336112,0.2404,0.5445
1787918796.541873,0.366544,0.978731,2.338430,0.2723,0.5445
1787918796.552176,0.365764,0.979412,2.341147,0.2207,0.5445
1787918796.556797,0.364175,0.980487,2.342078,0.2764,0.5259
1787918796.564916,0.363169,0.981407,2.344466,0.2438,0.5259
1787918796.569363,0.362377,0.982612,2.346937,0.2661,0.5259
1787918796.574840,0.361722,0.984005,2.349702,0.2658,0.5259
1787918796.580578,0.360391,0.984519,2.351316,0.2541,0.5259
1787918796.587514,0.359039,0.985517,2.352541,0.2497,0.5259
1787918796.594207,0.357941,0.986452,2.354566,0.2392,0.5259
1787918796.600666,0.356795,0.987116,2.355893,0.2269,0.5259
1787918796.607710,0.355987,0.988171,2.357934,0.2149,0.5259
1787918796.613648,0.354924,0.989217,2.360429,0.2258,0.5259
1787918796.621760,0.353750,0.990094,2.361596,0.2117,0.5259
1787918796.629416,0.353176,0.991555,2.364248,0.2044,0.5259
1787918796.634334,0.351696,0.991908,2.364983,0.2226,0.5259
1787918796.641998,0.350674,0.993185,2.366710,0.2193,0.5259
1787918796.648345,0.349826,0.994014,2.368960,0.2096,0.5259
1787918796.654620,0.348467,0.994662,2.369992,0.2149,0.4995
1787918796.660856,0.347570,0.995912,2.372148,0.2233,0.4995
1787918796.667839,0.346529,0.996846,2.373699,0.2163,0.4995
1787918796.674711,0.345458,0.997787,2.375876,0.2136,0.4995
1787918796.680717,0.344224,0.998349,2.377473,0.2134,0.4995
1787918796.687514,0.343240,0.999144,2.379099,0.2051,0.4995
1787918796.693971,0.342224,1.000387,2.380626,0.2176,0.4995
1787918796.702237,0.341077,1.001108,2.382817,0.2005,0.4995
1787918796.708377,0.340117,1.002397,2.384588,0.2177,0.4995
1787918796.714447,0.339081,1.002873,2.386228,0.2058,0.4995
1787918796.720947,0.337909,1.004123,2.388397,0.2230,0.4995
1787918796.727490,0.336818,1.004890,2.389721,0.2166,0.4995
1787918796.734432,0.335901,1.005780,2.391873,0.2068,0.4995
1787918796.743651,0.334680,1.006633,2.393745,0.1928,0.4995
1787918796.747351,0.333456,1.007406,2.395003,0.2503,0.4995
1787918796.754520,0.332456,1.008229,2.397150,0.2294,0.4995
1787918796.761356,0.331297,1.009153,2.399266,0.2255,0.5840
1787918796.768576,0.330409,1.010092,2.400944,0.2114,0.5840
1787918796.774860,0.328957,1.010879,2.402069,0.2245,0.5840
1787918796.780468,0.328013,1.012058,2.404307,0.2369,0.5840
1787918796.787645,0.326551,1.012628,2.405095,0.2271,0.5840
1787918796.794303,0.325954,1.013772,2.407773,0.2135,0.5840
1787918796.800640,0.324547,1.014503,2.408904,0.2221,0.5840
1787918796.807388,0.323831,1.015717,2.410732,0.2152,0.5840
1787918796.814982,0.321717,1.015720,2.410662,0.2129,0.5840
1787918796.820666,0.320798,1.017017,2.412626,0.2308,0.5840
1787918796.834455,0.320097,1.018219,2.414671,0.1903,0.5840
1787918796.835562,0.318873,1.018843,2.415923,0.4935,0.5840
1787918796.840482,0.317330,1.019494,2.416989,0.4423,0.5840
1787918796.847671,0.316279,1.020436,2.419027,0.3685,0.5840
1787918796.854053,0.315330,1.021274,2.420451,0.3174,0.5840
1787918796.863083,0.314030,1.022152,2.421646,0.2739,0.5693
1787918796.867610,0.313092,1.022807,2.423169,0.2671,0.5693
1787918796.876669,0.312267,1.023842,2.425825,0.2301,0.5693
1787918796.883046,0.311226,1.024612,2.427274,0.2218,0.5693
1787918796.888468,0.309909,1.025648,2.428020,0.2479,0.5693
1787918796.894041,0.308732,1.026190,2.429486,0.2405,0.5693
1787918796.903109,0.307763,1.026940,2.431484,0.2088,0.5693
1787918796.908073,0.307288,1.028049,2.434247,0.2115,0.5693
1787918796.914080,0.306119,1.028825,2.435738,0.2177,0.5693
1787918796.924181,0.304775,1.029293,2.436501,0.1918,0.5693
1787918796.927678,0.304249,1.030210,2.439414,0.2195,0.5693
1787918796.934093,0.303261,1.031118,2.441075,0.2164,0.5693
1787918796.947912,0.302481,1.032002,2.443373,0.1768,0.5693
1787918796.949708,0.301463,1.032606,2.444813,0.3188,0.5693
1787918796.956283,0.300283,1.032999,2.446060,0.2760,0.5585
1787918796.963280,0.299520,1.033672,2.447934,0.2368,0.5585
1787918796.967969,0.298093,1.034093,2.448315,0.2532,0.5585
1787918796.974378,0.297383,1.035311,2.450262,0.2392,0.5585
1787918796.980748,0.296195,1.035731,2.451731,0.2232,0.5585
1787918796.987502,0.295011,1.036203,2.452790,0.2101,0.5585
1787918796.994482,0.294229,1.037032,2.454697,0.1957,0.5585
1787918797.001252,0.293270,1.037709,2.456213,0.1889,0.5585
1787918797.007928,0.292012,1.038217,2.456866,0.1905,0.5585
1787918797.015203,0.290954,1.038798,2.457735,0.1823,0.5585
1787918797.023947,0.290671,1.039916,2.460587,0.1593,0.5585
1787918797.027912,0.289298,1.040659,2.461572,0.2276,0.5585
1787918797.034404,0.288007,1.041155,2.462750,0.2201,0.5585
1787918797.042873,0.287324,1.041982,2.465158,0.1913,0.5585
1787918797.054974,0.286258,1.042435,2.466858,0.1616,0.5403
1787918797.056864,0.285574,1.043110,2.468815,0.2647,0.5403
1787918797.060519,0.284549,1.044001,2.470397,0.2967,0.5403
1787918797.067892,0.283547,1.044553,2.471955,0.2536,0.5403
1787918797.074465,0.282731,1.045112,2.473971,0.2225,0.5403
1787918797.083456,0.281410,1.045356,2.475090,0.1955,0.5403
1787918797.090181,0.280450,1.046401,2.476981,0.1993,0.5403
1787918797.095065,0.279160,1.046522,2.477883,0.2065,0.5403
1787918797.101621,0.278506,1.047335,2.480401,0.1910,0.5403
1787918797.107579,0.277881,1.048285,2.482834,0.1878,0.5403
1787918797.114061,0.276645,1.048937,2.483975,0.1952,0.5403
1787918797.120721,0.275711,1.049530,2.485743,0.1863,0.5403
1787918797.128986,0.274632,1.050190,2.487887,0.1761,0.5403
1787918797.133982,0.273915,1.050855,2.490269,0.1817,0.5403
1787918797.141569,0.272680,1.051303,2.491805,0.1768,0.5403
1787918797.148830,0.272225,1.052101,2.493170,0.1586,0.5403
1787918797.154600,0.271492,1.052870,2.494735,0.1656,0.5238
1787918797.161078,0.270509,1.053316,2.496360,0.1647,0.5238
1787918797.167490,0.268885,1.053196,2.496426,0.1726,0.5238
1787918797.174702,0.268113,1.054026,2.497953,0.1672,0.5238
1787918797.183664,0.267172,1.054352,2.499006,0.1488,0.5238
1787918797.187176,0.266050,1.054987,2.500240,0.2134,0.5238
1787918797.194496,0.264743,1.055340,2.501013,0.2010,0.5238
1787918797.200950,0.264485,1.055981,2.503031,0.1681,0.5238
1787918797.208163,0.263576,1.056698,2.504548,0.1658,0.5238
1787918797.214199,0.262797,1.057399,2.505846,0.1679,0.5238
1787918797.220460,0.261830,1.057782,2.507014,0.1657,0.5238
1787918797.227846,0.260735,1.058235,2.507478,0.1627,0.5238
1787918797.234480,0.259804,1.058778,2.508658,0.1624,0.5238
1787918797.241086,0.258642,1.059157,2.508643,0.1664,0.5238
1787918797.248439,0.257860,1.059985,2.509972,0.1622,0.5238
1787918797.254789,0.257272,1.060583,2.511420,0.1526,0.5351
1787918797.260900,0.256375,1.060952,2.512071,0.1531,0.5351
1787918797.267317,0.255595,1.061179,2.513422,0.1429,0.5351
1787918797.274405,0.251842,1.061397,2.507115,0.2334,0.5351
1787918797.280975,0.251432,1.062018,2.509392,0.1953,0.5351
1787918797.287779,0.250598,1.062483,2.510169,0.1785,0.5351
1787918797.294144,0.249250,1.062713,2.510435,0.1826,0.5351
1787918797.300608,0.248808,1.063259,2.512392,0.1593,0.5351
1787918797.308246,0.248366,1.063988,2.514107,0.1424,0.5351
1787918797.314566,0.247515,1.064434,2.515513,0.1448,0.5351
1787918797.320919,0.246721,1.065172,2.517065,0.1522,0.5351
1787918797.327694,0.245630,1.065311,2.517748,0.1493,0.5351
1787918797.334542,0.244538,1.065532,2.518537,0.1490,0.5351
1787918797.340974,0.244068,1.066253,2.520304,0.1417,0.5351
1787918797.347522,0.243344,1.067193,2.522028,0.1512,0.5351
1787918797.358149,0.242643,1.067605,2.523381,0.1287,0.5296
1787918797.361755,0.241760,1.068030,2.524674,0.1705,0.5296
1787918797.367900,0.241063,1.068761,2.526143,0.1677,0.5296
1787918797.395131,0.240089,1.069135,2.527454,0.1286,0.5296
1787918797.397412,0.239226,1.069529,2.528862,0.2126,0.5296
1787918797.399350,0.238186,1.069611,2.529215,0.2878,0.5296
1787918797.401120,0.237201,1.070254,2.530073,0.4008,0.5296
1787918797.404074,0.236639,1.070885,2.531970,0.3640,0.5296
1787918797.407816,0.236223,1.071405,2.533414,0.3060,0.5296
1787918797.416845,0.234986,1.071518,2.533901,0.2501,0.5296
1787918797.421125,0.234373,1.072153,2.536059,0.2357,0.5296
1787918797.430277,0.233318,1.072549,2.536643,0.2008,0.5296
1787918797.435927,0.232786,1.073202,2.538222,0.1835,0.5296
1787918797.440586,0.232125,1.073587,2.539642,0.1776,0.5296
1787918797.448753,0.230983,1.073728,2.540232,0.1618,0.5296
1787918797.454187,0.230130,1.074157,2.541243,0.1655,0.4938
1787918797.461003,0.229549,1.074760,2.543369,0.1519,0.4938
1787918797.467255,0.229195,1.075402,2.545185,0.1377,0.4938
1787918797.474375,0.228586,1.076101,2.546702,0.1342,0.4938
1787918797.481047,0.227850,1.076295,2.547536,0.1262,0.4938
1787918797.490766,0.227218,1.076615,2.548736,0.1100,0.4938
1787918797.494542,0.226156,1.076901,2.549326,0.1598,0.4938
1787918797.501365,0.225547,1.077272,2.550846,0.1432,0.4938
1787918797.507356,0.224873,1.077722,2.552222,0.1408,0.4938
1787918797.514050,0.223955,1.077831,2.552658,0.1355,0.4938
1787918797.520462,0.223496,1.078135,2.554325,0.1206,0.4938
1787918797.527772,0.222689,1.078578,2.555218,0.1221,0.4938
1787918797.534382,0.221933,1.079103,2.556202,0.1272,0.4938
1787918797.541514,0.221620,1.079629,2.558056,0.1122,0.4938
1787918797.547891,0.220960,1.080057,2.558688,0.1156,0.4938
1787918797.554018,0.220242,1.080117,2.559031,0.1119,0.4938
1787918797.563614,0.219547,1.080433,2.560161,0.1019,0.4835
1787918797.568283,0.218653,1.080769,2.560801,0.1312,0.4835
1787918797.574830,0.218158,1.081328,2.562061,0.1249,0.4835
1787918797.582155,0.217317,1.081254,2.562480,0.1146,0.4835
1787918797.587941,0.216873,1.081682,2.563254,0.1116,0.4835
1787918797.595527,0.216018,1.081932,2.564259,0.1119,0.4835
1787918797.601623,0.215474,1.082246,2.564421,0.1091,0.4835
1787918797.608179,0.214746,1.082760,2.565323,0.1172,0.4835
1787918797.614239,0.214334,1.083214,2.566919,0.1113,0.4835
1787918797.623910,0.214176,1.083714,2.568597,0.0905,0.4835
1787918797.627655,0.213373,1.084158,2.568793,0.1366,0.4835
1787918797.636450,0.212880,1.084411,2.570098,0.1145,0.4835
1787918797.641722,0.211924,1.084242,2.569961,0.1207,0.4835
1787918797.647504,0.211294,1.084819,2.570536,0.1282,0.4835
1787918797.654944,0.210548,1.085206,2.570899,0.1234,0.4741
1787918797.660873,0.210269,1.085603,2.572646,0.1091,0.4741
1787918797.667245,0.209541,1.085913,2.572909,0.1131,0.4741
1787918797.673926,0.208883,1.086372,2.573632,0.1152,0.4741
1787918797.681055,0.208461,1.086462,2.574942,0.0977,0.4741
1787918797.687683,0.207886,1.086756,2.575328,0.0975,0.4741
1787918797.696073,0.207106,1.086962,2.575533,0.0957,0.4741
1787918797.700928,0.206794,1.087512,2.576377,0.1014,0.4741
1787918797.707210,0.206153,1.087862,2.576823,0.1058,0.4741
1787918797.714259,0.205350,1.088257,2.577164,0.1119,0.4741
1787918797.721582,0.204307,1.088110,2.576902,0.1112,0.4741
1787918797.727505,0.203976,1.088862,2.578218,0.1124,0.4741
1787918797.734353,0.203284,1.088785,2.578776,0.1025,0.4741
1787918797.740593,0.202758,1.089129,2.579770,0.1020,0.4741
1787918797.747255,0.201938,1.089198,2.580339,0.1043,0.4741
1787918797.756201,0.201918,1.089981,2.582356,0.0875,0.4749
1787918797.760995,0.201474,1.090482,2.583386,0.1014,0.4749
1787918797.767698,0.200879,1.091094,2.583957,0.1081,0.4749
1787918797.775584,0.200126,1.091136,2.584427,0.1008,0.4749
1787918797.780629,0.199501,1.091369,2.585105,0.1094,0.4749
1787918797.787628,0.199138,1.091545,2.585991,0.0938,0.4749
1787918797.794018,0.198212,1.091473,2.585715,0.1008,0.4749
1787918797.800652,0.197608,1.092074,2.587187,0.1081,0.4749
1787918797.807545,0.197226,1.092375,2.588220,0.0967,0.4749
1787918797.814075,0.196235,1.092421,2.588099,0.1075,0.4749
1787918797.820593,0.196011,1.093073,2.589627,0.0998,0.4749
1787918797.827845,0.195299,1.093371,2.589966,0.1014,0.4749
1787918797.834143,0.194590,1.093275,2.590743,0.0973,0.4749
1787918797.840846,0.194265,1.093805,2.591775,0.0930,0.4749
1787918797.847509,0.193573,1.094006,2.592173,0.0964,0.4749
1787918797.853669,0.193079,1.094303,2.593002,0.0955,0.4749
1787918797.861452,0.192475,1.094471,2.593465,0.0901,0.4719
1787918797.869318,0.192068,1.095228,2.594466,0.0914,0.4719
1787918797.874115,0.191488,1.095566,2.595169,0.1059,0.4719
1787918797.880781,0.191179,1.096203,2.596523,0.1009,0.4719
1787918797.887611,0.190438,1.095983,2.596978,0.0935,0.4719
1787918797.894367,0.189729,1.096356,2.597822,0.1009,0.4719
1787918797.902278,0.189163,1.096513,2.598666,0.0921,0.4719
1787918797.907345,0.188581,1.096827,2.599520,0.1036,0.4719
1787918797.914152,0.188043,1.096989,2.600320,0.0965,0.4719
1787918797.921315,0.187768,1.097799,2.601422,0.0949,0.4719
1787918797.927414,0.187174,1.098053,2.601850,0.0979,0.4719
1787918797.934198,0.186608,1.098194,2.602023,0.0932,0.4719
1787918797.941126,0.186031,1.098527,2.602867,0.0941,0.4719
1787918797.950570,0.185142,1.098619,2.602741,0.0916,0.4719
1787918797.954374,0.184680,1.099262,2.603982,0.1214,0.4719
1787918797.960650,0.184345,1.099722,2.605082,0.1100,0.4579
1787918797.967778,0.183453,1.099649,2.605268,0.1077,0.4579
1787918797.974443,0.182712,1.099855,2.605936,0.1088,0.4579
1787918797.981434,0.181981,1.100049,2.606581,0.1074,0.4579
1787918797.987555,0.181719,1.100585,2.607649,0.0996,0.4579
1787918797.994180,0.181127,1.100823,2.608410,0.0983,0.4579
1787918798.003395,0.180681,1.101071,2.608697,0.0854,0.4579
1787918798.007771,0.179908,1.101238,2.609672,0.1113,0.4579
1787918798.014445,0.179242,1.101486,2.610435,0.1093,0.4579
1787918798.020672,0.178660,1.101579,2.611281,0.1030,0.4579
1787918798.027551,0.178102,1.101784,2.611940,0.0976,0.4579
1787918798.034105,0.177557,1.102235,2.612804,0.1003,0.4579
1787918798.041967,0.177135,1.102546,2.613800,0.0901,0.4579
1787918798.075390,0.176336,1.102734,2.613976,0.0701,0.5848
1787918798.077584,0.175984,1.103000,2.614619,0.1089,0.5848
1787918798.079518,0.175519,1.103391,2.615884,0.1690,0.5848
1787918798.081299,0.174996,1.103756,2.616410,0.2254,0.5848
1787918798.083101,0.174365,1.103962,2.616993,0.2660,0.5848
1787918798.093586,0.173976,1.104120,2.617683,0.1981,0.5848
1787918798.095441,0.173523,1.104398,2.618093,0.2247,0.5848
1787918798.097216,0.173196,1.104849,2.619008,0.2431,0.5848
1787918798.101013,0.172665,1.105078,2.619399,0.2155,0.5848
1787918798.107294,0.172119,1.105339,2.620345,0.1797,0.5848
1787918798.114036,0.171406,1.105649,2.620710,0.1602,0.5848
1787918798.121015,0.171055,1.105915,2.621597,0.1309,0.5848
1787918798.127438,0.170517,1.106472,2.622066,0.1264,0.5848
1787918798.134038,0.169678,1.106476,2.621608,0.1216,0.5848
1787918798.141707,0.169052,1.106335,2.621021,0.1036,0.5848
1787918798.147871,0.168407,1.106509,2.621316,0.1040,0.5848
1787918798.154865,0.167708,1.106694,2.621274,0.1028,0.5793
1787918798.160533,0.167197,1.106948,2.621775,0.1021,0.5793
1787918798.167681,0.166734,1.107546,2.622839,0.1008,0.5793
1787918798.176452,0.165820,1.107686,2.622801,0.1001,0.5793
1787918798.182000,0.165765,1.108309,2.624367,0.0893,0.5793
1787918798.187939,0.165575,1.108810,2.625227,0.0833,0.5793
1787918798.193949,0.165048,1.108863,2.625714,0.0825,0.5793
1787918798.200785,0.164393,1.109030,2.626219,0.0864,0.5793
1787918798.208099,0.163956,1.109317,2.627246,0.0819,0.5793
1787918798.214030,0.163181,1.109537,2.627875,0.0969,0.5793
1787918798.221251,0.165808,1.112164,2.634366,0.0255,0.5793
1787918798.227723,0.165178,1.112507,2.634834,0.0511,0.5793
1787918798.234008,0.164647,1.112806,2.635729,0.0648,0.5793
1787918798.241081,0.164509,1.112961,2.636268,0.0537,0.5793
1787918798.247497,0.163919,1.113242,2.636486,0.0681,0.5793
1787918798.255162,0.163318,1.113178,2.636778,0.0670,0.5910
1787918798.260679,0.162744,1.113256,2.637144,0.0763,0.5910
1787918798.267963,0.162215,1.113484,2.637848,0.0770,0.5910
1787918798.274205,0.161697,1.113839,2.638241,0.0839,0.5910
1787918798.280958,0.161180,1.113750,2.638611,0.0770,0.5910
1787918798.287384,0.161242,1.114577,2.640153,0.0699,0.5910
1787918798.294061,0.160666,1.114590,2.640139,0.0719,0.5910
1787918798.300922,0.160204,1.114852,2.640676,0.0735,0.5910
1787918798.309970,0.159750,1.114813,2.640929,0.0641,0.5910
1787918798.314329,0.158835,1.114824,2.641016,0.1005,0.5910
1787918798.320508,0.158466,1.115027,2.641730,0.0908,0.5910
1787918798.327853,0.158133,1.115313,2.642336,0.0811,0.5910
1787918798.334287,0.157731,1.115621,2.643420,0.0801,0.5910
1787918798.342409,0.157537,1.116060,2.644583,0.0701,0.5910
1787918798.347040,0.156977,1.116148,2.645346,0.0837,0.5910
1787918798.354002,0.156452,1.116471,2.646016,0.0851,0.5910
1787918798.361959,0.155636,1.116150,2.646165,0.0809,0.5809
1787918798.367532,0.155190,1.116596,2.647138,0.0891,0.5809
1787918798.374385,0.154643,1.116587,2.647679,0.0833,0.5809
1787918798.381904,0.154027,1.116607,2.648088,0.0803,0.5809
1787918798.387415,0.153553,1.116840,2.648969,0.0850,0.5809
1787918798.393901,0.153063,1.117297,2.649570,0.0894,0.5809
1787918798.400564,0.152746,1.117545,2.650314,0.0804,0.5809
1787918798.408115,0.152193,1.117876,2.650939,0.0819,0.5809
1787918798.413940,0.151503,1.117788,2.651243,0.0865,0.5809
1787918798.421004,0.150977,1.117985,2.651519,0.0842,0.5809
1787918798.427201,0.150591,1.118363,2.652638,0.0841,0.5809
1787918798.434260,0.150436,1.118603,2.653821,0.0694,0.5809
1787918798.441232,0.150068,1.118902,2.654753,0.0686,0.5809
1787918798.447473,0.149195,1.118869,2.654839,0.0844,0.5809
1787918798.454612,0.149076,1.119528,2.656286,0.0764,0.5809
1787918798.461331,0.148625,1.119638,2.657067,0.0736,0.5664
1787918798.467595,0.148014,1.119510,2.657270,0.0746,0.5664
1787918798.474272,0.147656,1.119935,2.658297,0.0753,0.5664
1787918798.485049,0.147299,1.120290,2.659263,0.0661,0.5664
1787918798.488289,0.146680,1.120383,2.659382,0.1010,0.5664
1787918798.494617,0.146077,1.120486,2.660268,0.0983,0.5664
1787918798.501211,0.145716,1.120523,2.660906,0.0842,0.5664
1787918798.507575,0.145214,1.120697,2.661678,0.0837,0.5664
1787918798.515680,0.144817,1.121106,2.662480,0.0786,0.5664
1787918798.520429,0.144287,1.121078,2.663230,0.0840,0.5664
1787918798.527406,0.143758,1.121238,2.663399,0.0821,0.5664
1787918798.535036,0.143566,1.121823,2.665197,0.0748,0.5664
1787918798.540725,0.142919,1.121686,2.665415,0.0793,0.5664
1787918798.547727,0.142631,1.122181,2.666844,0.0762,0.5664
1787918798.553956,0.141721,1.122092,2.666866,0.0904,0.5664
1787918798.562376,0.141432,1.122159,2.667601,0.0735,0.5551
1787918798.567643,0.140955,1.122581,2.668849,0.0866,0.5551
1787918798.574707,0.140572,1.122792,2.669800,0.0792,0.5551
1787918798.580994,0.140064,1.123333,2.670190,0.0887,0.5551
1787918798.587327,0.139390,1.123450,2.671217,0.0931,0.5551
1787918798.593845,0.138994,1.123613,2.671720,0.0848,0.5551
1787918798.600896,0.138085,1.123406,2.673987,0.0899,0.5551
1787918798.608371,0.137843,1.123801,2.674631,0.0788,0.5551
1787918798.617132,0.137156,1.123948,2.675576,0.0784,0.5551
1787918798.620614,0.136594,1.123977,2.676676,0.0994,0.5551
1787918798.627805,0.136004,1.124274,2.677172,0.0971,0.5551
1787918798.634509,0.135861,1.124700,2.678758,0.0822,0.5551
1787918798.640596,0.135114,1.124475,2.679065,0.0855,0.5551
1787918798.647899,0.134492,1.124796,2.679672,0.0886,0.5551
1787918798.653940,0.133744,1.125131,2.680379,0.1027,0.5551
1787918798.660953,0.133278,1.125254,2.681225,0.0921,0.5321
1787918798.688694,0.132499,1.125413,2.681773,0.0728,0.5321
1787918798.690904,0.132062,1.125641,2.682557,0.1179,0.5321
1787918798.702250,0.131646,1.125978,2.683879,0.0963,0.5321
1787918798.704193,0.131084,1.126323,2.684574,0.1688,0.5321
1787918798.705984,0.130572,1.126680,2.685617,0.2215,0.5321
1787918798.707778,0.130172,1.127003,2.686574,0.2390,0.5321
1787918798.709561,0.129559,1.127128,2.686907,0.2691,0.5321
1787918798.714285,0.128729,1.127048,2.687656,0.2335,0.5321
1787918798.720901,0.128360,1.127196,2.688236,0.1815,0.5321
1787918798.728027,0.127474,1.127616,2.689296,0.1683,0.5321
1787918798.734363,0.127311,1.128096,2.690842,0.1346,0.5321
1787918798.741398,0.126694,1.128143,2.691775,0.1188,0.5321
1787918798.747355,0.126278,1.128526,2.692939,0.1104,0.5321
1787918798.754108,0.125808,1.128650,2.693728,0.0985,0.5321
1787918798.760887,0.125461,1.128729,2.694544,0.0843,0.5192
1787918798.767791,0.124641,1.128682,2.694860,0.0903,0.5192
1787918798.773906,0.123803,1.128879,2.694887,0.1044,0.5192
1787918798.781109,0.123520,1.129136,2.695886,0.0884,0.5192
1787918798.787561,0.123335,1.129653,2.697163,0.0799,0.5192
1787918798.794343,0.122815,1.129865,2.697755,0.0808,0.5192
1787918798.800920,0.122262,1.129772,2.697732,0.0775,0.5192
1787918798.807755,0.121678,1.130067,2.698689,0.0829,0.5192
1787918798.814192,0.121345,1.130199,2.699369,0.0747,0.5192
1787918798.824514,0.120728,1.130183,2.699910,0.0683,0.5192
1787918798.827610,0.120070,1.130460,2.700626,0.1169,0.5192
1787918798.833962,0.119629,1.130612,2.701356,0.1037,0.5192
1787918798.840799,0.119105,1.130606,2.701757,0.0933,0.5192
1787918798.847928,0.118833,1.130777,2.702908,0.0787,0.5192
1787918798.854194,0.118443,1.131122,2.703585,0.0790,0.5192
1787918798.861398,0.117865,1.131020,2.704313,0.0753,0.5007
1787918798.869548,0.117205,1.131382,2.704813,0.0804,0.5007
1787918798.874074,0.116486,1.131356,2.705291,0.0987,0.5007
1787918798.882541,0.116232,1.131737,2.706779,0.0830,0.5007
1787918798.887644,0.115784,1.132226,2.707671,0.0940,0.5007
1787918798.894108,0.115315,1.132529,2.708396,0.0915,0.5007
1787918798.901452,0.114828,1.132838,2.709043,0.0874,0.5007
1787918798.907937,0.114382,1.132983,2.709652,0.0827,0.5007
1787918798.914616,0.113964,1.133271,2.710493,0.0804,0.5007
1787918798.920627,0.113167,1.133468,2.710660,0.0965,0.5007
1787918798.928526,0.112935,1.133805,2.711877,0.0809,0.5007
1787918798.934083,0.112425,1.133728,2.712297,0.0799,0.5007
1787918798.940624,0.111881,1.133906,2.713194,0.0820,0.5007
1787918798.947588,0.111479,1.134224,2.713920,0.0789,0.5007
1787918798.954337,0.110934,1.134300,2.714333,0.0786,0.5007
1787918798.961447,0.110523,1.134632,2.715410,0.0766,0.4940
1787918798.967975,0.109903,1.134597,2.715379,0.0789,0.4940
1787918799.009350,0.109352,1.134715,2.716075,0.0592,0.4940
1787918799.012178,0.109119,1.134678,2.716905,0.0624,0.4940
1787918799.014514,0.108728,1.135094,2.717795,0.1114,0.4940
1787918799.016466,0.108150,1.134963,2.717401,0.1506,0.4940
1787918799.018302,0.107607,1.135187,2.717899,0.2014,0.4940
1787918799.020162,0.107363,1.135821,2.718918,0.2188,0.4940
1787918799.021946,0.106625,1.135873,2.719196,0.2699,0.4940
1787918799.024632,0.106016,1.136035,2.719879,0.2584,0.4940
1787918799.028000,0.105673,1.136319,2.720597,0.2191,0.4940
1787918799.035511,0.105420,1.136458,2.721550,0.1649,0.4940
1787918799.040970,0.105087,1.136627,2.722404,0.1359,0.4940
1787918799.047302,0.104390,1.136767,2.722545,0.1280,0.4940
1787918799.055073,0.104162,1.137255,2.723994,0.1053,0.4840
1787918799.064255,0.103622,1.137149,2.724314,0.0884,0.4840
1787918799.067259,0.103101,1.137388,2.725197,0.1192,0.4840
1787918799.076060,0.102417,1.137663,2.725307,0.1085,0.4840
1787918799.081610,0.102012,1.137827,2.726181,0.0996,0.4840
1787918799.087577,0.101520,1.137952,2.726847,0.0949,0.4840
1787918799.095161,0.101047,1.138360,2.727506,0.0900,0.4840
1787918799.100553,0.100643,1.138239,2.727689,0.0809,0.4840
1787918799.107751,0.100050,1.138234,2.727982,0.0792,0.4840
1787918799.113811,0.099402,1.138292,2.728654,0.0859,0.4840
1787918799.121582,0.098746,1.138304,2.729139,0.0836,0.4840
1787918799.143991,0.098129,1.138719,2.729519,0.0683,0.4840
1787918799.146085,0.097523,1.138925,2.730261,0.1392,0.4840
1787918799.148062,0.097032,1.139159,2.731030,0.1799,0.4840
1787918799.149909,0.096625,1.139694,2.731809,0.2211,0.4840
1787918799.154088,0.096222,1.140189,2.732989,0.1955,0.4840
1787918799.161182,0.095761,1.140373,2.733998,0.1578,0.4761
1787918799.167257,0.095194,1.140157,2.734623,0.1320,0.4761
1787918799.174129,0.094686,1.140476,2.735296,0.1183,0.4761
1787918799.181330,0.094101,1.140513,2.736137,0.1058,0.4761
1787918799.189248,0.093442,1.140655,2.736738,0.0991,0.4761
1787918799.194281,0.092876,1.140770,2.737140,0.1031,0.4761
1787918799.200676,0.092309,1.141053,2.737426,0.1019,0.4761
1787918799.207411,0.092212,1.141666,2.738748,0.0860,0.4761
1787918799.214922,0.091427,1.141774,2.738968,0.0907,0.4761
1787918799.220806,0.090929,1.141876,2.739500,0.0889,0.4761
1787918799.227278,0.090392,1.141976,2.740012,0.0869,0.4761
1787918799.234469,0.089797,1.142262,2.740559,0.0883,0.4761
1787918799.240418,0.089297,1.142492,2.741222,0.0896,0.4761
1787918799.248170,0.088647,1.142664,2.741644,0.0885,0.4761
1787918799.253874,0.088043,1.142799,2.742132,0.0940,0.4761
1787918799.261594,0.087768,1.143094,2.743065,0.0801,0.6257
1787918799.267440,0.087147,1.143230,2.742971,0.0881,0.6257
1787918799.274197,0.086773,1.143434,2.744140,0.0805,0.6257
1787918799.305059,0.086007,1.143446,2.744473,0.0633,0.6257
1787918799.307298,0.085424,1.143334,2.745173,0.1106,0.6257
1787918799.309153,0.084834,1.143725,2.745962,0.1898,0.6257
1787918799.310605,0.084379,1.144046,2.746857,0.2452,0.6257
1787918799.311395,0.083899,1.144306,2.747706,0.3777,0.6257
1787918799.314086,0.083362,1.144559,2.748283,0.3305,0.6257
1787918799.320532,0.082882,1.145057,2.749396,0.2609,0.6257
1787918799.327768,0.082200,1.145127,2.748777,0.2098,0.6257
1787918799.334329,0.081546,1.145054,2.748567,0.1732,0.6257
1787918799.341051,0.080943,1.145212,2.748795,0.1488,0.6257
1787918799.347413,0.080590,1.145477,2.749214,0.1243,0.6257
1787918799.354523,0.080100,1.145660,2.749704,0.1091,0.6257
1787918799.360858,0.079522,1.145639,2.749919,0.1013,0.6207
1787918799.367602,0.079039,1.145863,2.749952,0.0946,0.6207
1787918799.373875,0.078185,1.146345,2.750303,0.1127,0.6207
1787918799.382016,0.077642,1.146170,2.751141,0.0950,0.6207
1787918799.387560,0.077252,1.146635,2.751714,0.0955,0.6207
1787918799.394104,0.076717,1.147038,2.752703,0.0966,0.6207
1787918799.400885,0.076053,1.147153,2.753280,0.0967,0.6207
1787918799.408343,0.075670,1.147568,2.755164,0.0883,0.6207
1787918799.414478,0.075000,1.147523,2.755851,0.0913,0.6207
1787918799.420785,0.074363,1.147735,2.757228,0.0958,0.6207
1787918799.428527,0.073610,1.147845,2.758040,0.0957,0.6207
1787918799.436404,0.073181,1.148277,2.759358,0.0883,0.6207
1787918799.440602,0.073011,1.148677,2.761274,0.0837,0.6207
1787918799.448124,0.072333,1.149015,2.762151,0.0887,0.6207
1787918799.454530,0.071917,1.149263,2.763040,0.0845,0.6207
1787918799.460762,0.071589,1.149445,2.764603,0.0771,0.6119
1787918799.468493,0.070987,1.149812,2.765661,0.0809,0.6119
1787918799.474818,0.070160,1.149590,2.765659,0.0892,0.6119
1787918799.481258,0.069722,1.149832,2.766537,0.0856,0.6119
1787918799.487518,0.069340,1.150040,2.767629,0.0806,0.6119
1787918799.494251,0.068809,1.150031,2.768006,0.0783,0.6119
1787918799.500613,0.068524,1.150448,2.769191,0.0745,0.6119
1787918799.507902,0.067784,1.150441,2.769885,0.0804,0.6119
1787918799.514105,0.067366,1.150595,2.770442,0.0778,0.6119
1787918799.521799,0.067032,1.150730,2.771181,0.0685,0.6119
1787918799.527963,0.066502,1.150905,2.772161,0.0751,0.6119
1787918799.533907,0.065842,1.150674,2.772455,0.0794,0.6119
1787918799.540930,0.065289,1.150912,2.773196,0.0813,0.6119
1787918799.547747,0.064540,1.150842,2.773599,0.0866,0.6119
1787918799.554354,0.064089,1.151006,2.774711,0.0824,0.6119
1787918799.561125,0.063822,1.151457,2.776071,0.0759,0.5889
1787918799.568039,0.063395,1.151560,2.776864,0.0720,0.5889
1787918799.574685,0.062585,1.151240,2.776835,0.0794,0.5889
1787918799.594986,0.062272,1.151487,2.777817,0.0612,0.5889
1787918799.610448,0.062016,1.151639,2.778992,0.0485,0.5889
1787918799.612652,0.061464,1.151919,2.779980,0.1177,0.5889
1787918799.613558,0.060980,1.152001,2.780838,0.2421,0.5889
1787918799.617084,0.060587,1.152206,2.781875,0.2069,0.5889
1787918799.618930,0.060135,1.152554,2.782987,0.2334,0.5889
1787918799.630670,0.059674,1.152535,2.783794,0.1743,0.5889
1787918799.631834,0.059183,1.152697,2.784230,0.2550,0.5889
1787918799.634400,0.058827,1.152863,2.785376,0.2243,0.5889
1787918799.641224,0.058406,1.152915,2.785892,0.1751,0.5889
1787918799.647844,0.057654,1.152927,2.786002,0.1548,0.5889
1787918799.654501,0.057263,1.153295,2.787372,0.1306,0.5889
1787918799.660866,0.056905,1.153455,2.788124,0.1099,0.5686
1787918799.667811,0.056631,1.153598,2.788727,0.0902,0.5686
1787918799.674606,0.056025,1.153679,2.789621,0.0894,0.5686
1787918799.680916,0.055793,1.153675,2.790348,0.0729,0.5686
1787918799.688757,0.055392,1.153832,2.790991,0.0675,0.5686
1787918799.694199,0.054842,1.153585,2.791052,0.0711,0.5686
1787918799.701218,0.054498,1.153939,2.792046,0.0687,0.5686
1787918799.707519,0.054016,1.153909,2.792548,0.0692,0.5686
1787918799.714477,0.053485,1.153895,2.792988,0.0698,0.5686
1787918799.720692,0.053235,1.154191,2.794035,0.0650,0.5686
1787918799.727677,0.052602,1.154339,2.794529,0.0732,0.5686
1787918799.733948,0.052303,1.154614,2.795443,0.0692,0.5686
1787918799.744469,0.051810,1.154785,2.796563,0.0633,0.5686
1787918799.748188,0.051346,1.154965,2.797039,0.0845,0.5686
1787918799.754590,0.051018,1.155181,2.797698,0.0770,0.5686
1787918799.760864,0.050632,1.155292,2.798318,0.0731,0.5528
1787918799.767180,0.050019,1.155195,2.798546,0.0770,0.5528
1787918799.773886,0.049760,1.155361,2.799188,0.0673,0.5528
1787918799.781286,0.049441,1.155410,2.800290,0.0600,0.5528
1787918799.787526,0.049027,1.155530,2.800640,0.0627,0.5528
1787918799.794330,0.048517,1.155683,2.801084,0.0673,0.5528
1787918799.800982,0.048227,1.155899,2.802195,0.0627,0.5528
1787918799.808144,0.047854,1.156126,2.803076,0.0618,0.5528
1787918799.814821,0.047369,1.156265,2.803943,0.0659,0.5528
1787918799.820837,0.046984,1.156480,2.804692,0.0678,0.5528
1787918799.827551,0.046387,1.156502,2.805213,0.0729,0.5528
1787918799.834056,0.045985,1.156701,2.806163,0.0716,0.5528
1787918799.841052,0.045658,1.156512,2.806922,0.0607,0.5528
1787918799.847182,0.044831,1.156804,2.806993,0.0854,0.5528
1787918799.854446,0.044550,1.156805,2.807853,0.0708,0.5528
1787918799.861083,0.044018,1.157200,2.808658,0.0781,0.5371
1787918799.867308,0.043491,1.156893,2.808639,0.0739,0.5371
1787918799.875392,0.042957,1.157137,2.809525,0.0734,0.5371
1787918799.880721,0.042539,1.157038,2.809699,0.0718,0.5371
1787918799.887271,0.042034,1.157309,2.810539,0.0761,0.5371
1787918799.910740,0.041679,1.157431,2.810662,0.0581,0.5371
1787918799.912802,0.041308,1.157475,2.811421,0.0938,0.5371
1787918799.914677,0.040994,1.157811,2.811968,0.1306,0.5371
1787918799.917830,0.040399,1.157843,2.812326,0.1460,0.5371
1787918799.920603,0.039811,1.157729,2.812721,0.1584,0.5371
1787918799.927402,0.039029,1.157842,2.812952,0.1451,0.5371
1787918799.934712,0.038993,1.158279,2.814283,0.1088,0.5371
1787918799.940536,0.038490,1.158133,2.814530,0.0982,0.5371
1787918799.948421,0.038065,1.158257,2.815455,0.0856,0.5371
1787918799.955199,0.037746,1.158420,2.815892,0.0756,0.5193
1787918799.960739,0.037176,1.158523,2.816254,0.0840,0.5193
1787918799.967996,0.036742,1.158466,2.816948,0.0750,0.5193
1787918799.974239,0.036221,1.158766,2.817911,0.0808,0.5193
1787918799.980886,0.035782,1.158765,2.818485,0.0754,0.5193
1787918799.987747,0.035421,1.159056,2.819548,0.0717,0.5193
1787918799.996054,0.034650,1.158894,2.819232,0.0748,0.5193
1787918800.000600,0.034550,1.159229,2.820680,0.0656,0.5193
1787918800.008284,0.034264,1.159451,2.821930,0.0592,0.5193
1787918800.014570,0.033820,1.159701,2.823065,0.0653,0.5193
1787918800.020751,0.033490,1.159869,2.823314,0.0635,0.5193
1787918800.027497,0.032712,1.159727,2.823377,0.0753,0.5193
1787918800.034136,0.032263,1.159808,2.824149,0.0731,0.5193
1787918800.040540,0.031835,1.159904,2.824872,0.0716,0.5193
1787918800.051059,0.031385,1.159942,2.825637,0.0627,0.5193
1787918800.054471,0.030935,1.160307,2.826195,0.0915,0.5193
1787918800.061357,0.030505,1.160646,2.826869,0.0864,0.5009
1787918800.067661,0.030034,1.160900,2.827399,0.0855,0.5009
1787918800.074015,0.029432,1.160553,2.827368,0.0819,0.5009
1787918800.081130,0.029301,1.161135,2.828791,0.0701,0.5009
1787918800.087625,0.028872,1.161183,2.829576,0.0686,0.5009
1787918800.094385,0.028274,1.161059,2.829599,0.0716,0.5009
1787918800.101269,0.027817,1.161159,2.830261,0.0704,0.5009
1787918800.107299,0.027210,1.161206,2.830626,0.0788,0.5009
1787918800.114251,0.026610,1.161285,2.831473,0.0808,0.5009
1787918800.122600,0.026240,1.161286,2.832014,0.0693,0.5009
1787918800.127618,0.025686,1.161325,2.832796,0.0807,0.5009
1787918800.134355,0.025293,1.161522,2.833419,0.0758,0.5009
1787918800.141767,0.024873,1.161824,2.834246,0.0730,0.5009
1787918800.147215,0.024404,1.161774,2.834443,0.0749,0.5009
1787918800.156288,0.023998,1.162128,2.835893,0.0687,0.4884
1787918800.160941,0.023346,1.162119,2.836313,0.0880,0.4884
1787918800.167557,0.022968,1.162382,2.837333,0.0815,0.4884
1787918800.174360,0.022391,1.162660,2.838166,0.0850,0.4884
1787918800.180601,0.021928,1.162638,2.839004,0.0805,0.4884
1787918800.187653,0.021325,1.162673,2.839575,0.0813,0.4884
1787918800.194275,0.020847,1.162900,2.840226,0.0806,0.4884
1787918800.225129,0.020554,1.163060,2.840950,0.0596,0.4884
1787918800.227120,0.020262,1.163442,2.842079,0.1007,0.4884
1787918800.228914,0.019753,1.163487,2.842620,0.1541,0.4884
1787918800.230697,0.019043,1.163288,2.842784,0.2122,0.4884
1787918800.232445,0.018746,1.163497,2.843711,0.2078,0.4884
1787918800.242522,0.018280,1.163478,2.844327,0.1586,0.4884
1787918800.244332,0.017568,1.163374,2.845175,0.2187,0.4884
1787918800.247765,0.016961,1.163760,2.845911,0.2137,0.4884
1787918800.256593,0.016187,1.164019,2.845855,0.1773,0.4709
1787918800.261203,0.015975,1.164208,2.847080,0.1409,0.4709
1787918800.267340,0.015597,1.164542,2.848460,0.1210,0.4709
1787918800.274053,0.015136,1.164531,2.848251,0.1043,0.4709
1787918800.280938,0.014660,1.164653,2.848894,0.0944,0.4709
1787918800.287819,0.014128,1.164734,2.849866,0.0893,0.4709
1787918800.295263,0.013554,1.164889,2.850209,0.0865,0.4709
1787918800.301110,0.013012,1.164813,2.850991,0.0861,0.4709
1787918800.307436,0.012351,1.164977,2.851113,0.0925,0.4709
1787918800.313893,0.012014,1.165387,2.852233,0.0852,0.4709
1787918800.320781,0.011365,1.165216,2.852698,0.0846,0.4709
1787918800.327788,0.010923,1.165427,2.852653,0.0799,0.4709
1787918800.333935,0.010421,1.165424,2.853906,0.0794,0.4709
1787918800.340723,0.009849,1.165784,2.854014,0.0844,0.4709
1787918800.348689,0.009295,1.165895,2.854356,0.0802,0.4709
1787918800.354162,0.008760,1.166120,2.855163,0.0878,0.4709
1787918800.360941,0.008287,1.166173,2.856087,0.0822,0.4657
1787918800.367398,0.007699,1.166079,2.856157,0.0825,0.4657
1787918800.374798,0.007186,1.166255,2.856722,0.0797,0.4657
1787918800.381293,0.006587,1.166154,2.857090,0.0810,0.4657
1787918800.387241,0.006214,1.166469,2.858397,0.0793,0.4657
1787918800.394441,0.005570,1.166659,2.859035,0.0834,0.4657
1787918800.400410,0.005144,1.166759,2.859889,0.0804,0.4657
1787918800.407681,0.004524,1.167066,2.860698,0.0843,0.4657
1787918800.414712,0.004071,1.167182,2.861755,0.0790,0.4657
1787918800.421387,0.003604,1.167266,2.862455,0.0765,0.4657
1787918800.429285,0.003160,1.167426,2.862366,0.0715,0.4657
1787918800.434144,0.002441,1.167437,2.863213,0.0929,0.4657
1787918800.440772,0.002054,1.167417,2.863829,0.0816,0.4657
1787918800.447787,0.001505,1.167503,2.864002,0.0807,0.4657
1787918800.454105,0.000940,1.167724,2.864894,0.0852,0.4657
1787918800.461266,0.000353,1.167815,2.865237,0.0843,0.4476
1787918800.467734,-0.000095,1.167970,2.865921,0.0810,0.4476
1787918800.476709,-0.000614,1.167937,2.866395,0.0731,0.4476
1787918800.480737,-0.001238,1.168054,2.867173,0.0983,0.4476
1787918800.487494,-0.001858,1.168304,2.867420,0.0983,0.4476
1787918800.494033,-0.002506,1.168367,2.867829,0.0982,0.4476
1787918800.500695,-0.002983,1.168335,2.868554,0.0890,0.4476
1787918800.532069,-0.003588,1.168694,2.869114,0.0688,0.4476
1787918800.553615,-0.004024,1.168666,2.869695,0.0539,0.4476
1787918800.555686,-0.004667,1.168870,2.870861,0.1353,-0.0000
1787918800.557493,-0.005475,1.168927,2.871169,0.2266,-0.0000
1787918800.559247,-0.005868,1.168972,2.871632,0.2253,-0.0000
1787918800.561095,-0.006385,1.169183,2.872267,0.2479,-0.0000
1787918800.562886,-0.006860,1.169049,2.873044,0.2443,-0.0000
1787918800.564802,-0.007425,1.168914,2.872995,0.2506,-0.0000
1787918800.567043,-0.007811,1.169254,2.873686,0.2374,-0.0000
1787918800.568871,-0.008112,1.169337,2.873911,0.2173,-0.0000
1787918800.574358,-0.008628,1.169320,2.874089,0.1791,-0.0000
1787918800.581242,-0.008834,1.169511,2.874684,0.1362,-0.0000
1787918800.587843,-0.009089,1.169533,2.874855,0.1068,-0.0000
1787918800.594197,-0.009199,1.169994,2.875440,0.0855,-0.0000
1787918800.601168,-0.009527,1.169440,2.875052,0.0672,-0.0000
1787918800.607467,-0.009486,1.169642,2.875560,0.0477,-0.0000
1787918800.614063,-0.009588,1.169469,2.875327,0.0358,-0.0000
1787918800.620653,-0.009644,1.169193,2.875136,0.0242,-0.0000
1787918800.627814,-0.009523,1.169279,2.874902,0.0130,-0.0000
1787918800.634057,-0.009529,1.168939,2.874725,0.0051,-0.0000
1787918800.641406,-0.009335,1.168945,2.874580,-0.0041,-0.0000
1787918800.649411,-0.009177,1.168676,2.874181,-0.0112,-0.0000
1787918800.654186,-0.009109,1.168856,2.874166,-0.0090,-0.0000
1787918800.660909,-0.008817,1.168808,2.875131,-0.0194,-0.0000
1787918800.667456,-0.008618,1.169296,2.876681,-0.0165,-0.0000
1787918800.674114,-0.008480,1.169449,2.877363,-0.0158,-0.0000
1787918800.680904,-0.008355,1.169406,2.877664,-0.0169,-0.0000
1787918800.687190,-0.008229,1.169923,2.878998,-0.0112,-0.0000
1787918800.694193,-0.007864,1.169944,2.880254,-0.0227,-0.0000
1787918800.701310,-0.007759,1.170319,2.881110,-0.0161,-0.0000
1787918800.707340,-0.007790,1.170523,2.881111,-0.0072,-0.0000
1787918800.714642,-0.007802,1.170387,2.880692,-0.0060,-0.0000
1787918800.720544,-0.007745,1.170363,2.880225,-0.0073,-0.0000
1787918800.727874,-0.007947,1.170231,2.878904,0.0014,-0.0000
1787918800.736407,-0.008029,1.170291,2.878246,0.0044,-0.0000
1787918800.740939,-0.008194,1.169939,2.876578,0.0075,-0.0000
1787918800.747191,-0.008496,1.169841,2.875153,0.0180,-0.0000
1787918800.755123,-0.008703,1.169708,2.873329,0.0188,-0.0000
1787918800.760658,-0.008931,1.169183,2.872015,0.0175,-0.0000
1787918800.768157,-0.009055,1.169017,2.871274,0.0153,-0.0000
1787918800.775632,-0.009549,1.168800,2.870254,0.0274,-0.0000
1787918800.780767,-0.009599,1.169023,2.871203,0.0255,-0.0000
1787918800.787632,-0.009861,1.169059,2.871306,0.0293,-0.0000
1787918800.794124,-0.009929,1.169313,2.871885,0.0267,-0.0000
1787918800.801544,-0.010143,1.169104,2.871942,0.0248,-0.0000
1787918800.807945,-0.010263,1.169270,2.872424,0.0248,-0.0000
1787918800.834241,-0.010414,1.169412,2.872629,0.0195,-0.0000
1787918800.836373,-0.010471,1.169370,2.872895,0.0199,-0.0000
1787918800.838211,-0.010430,1.169340,2.873102,0.0061,-0.0000
1787918800.840058,-0.010369,1.169677,2.873750,0.0093,-0.0000
1787918800.841817,-0.010284,1.169675,2.873967,-0.0076,-0.0000
1787918800.847574,-0.010191,1.169611,2.873876,-0.0109,-0.0000
1787918800.853916,-0.010146,1.169634,2.874072,-0.0094,-0.0000
1787918800.860907,-0.010016,1.169474,2.873690,-0.0138,-0.0000
1787918800.869984,-0.009956,1.169534,2.873448,-0.0110,-0.0000
1787918800.874041,-0.009884,1.169461,2.873153,-0.0142,-0.0000
1787918800.881204,-0.009666,1.169358,2.873176,-0.0199,-0.0000
1787918800.887338,-0.009446,1.169441,2.873335,-0.0233,-0.0000
1787918800.894207,-0.009374,1.169479,2.873037,-0.0189,-0.0000
1787918800.901535,-0.009270,1.169468,2.873226,-0.0174,-0.0000
1787918800.907623,-0.009187,1.169740,2.873569,-0.0126,-0.0000
1787918800.914427,-0.009102,1.169708,2.874014,-0.0128,-0.0000
1787918800.920660,-0.009166,1.169477,2.873584,-0.0089,-0.0000
1787918800.927855,-0.009047,1.169793,2.874021,-0.0076,-0.0000
1787918800.934257,-0.009077,1.169758,2.873977,-0.0044,-0.0000
1787918800.941767,-0.009091,1.169730,2.874178,-0.0028,-0.0000
1787918800.947994,-0.009137,1.169833,2.873979,0.0015,-0.0000
1787918800.954973,-0.009184,1.169794,2.873853,0.0025,-0.0000
1787918800.960990,-0.009184,1.169684,2.873830,0.0004,-0.0000
1787918800.967485,-0.009337,1.169516,2.873705,0.0050,-0.0000
1787918800.974615,-0.009407,1.169597,2.873336,0.0073,-0.0000
1787918800.981040,-0.009393,1.169625,2.873613,0.0048,-0.0000
1787918800.987238,-0.009344,1.169631,2.873452,0.0011,-0.0000
1787918800.994606,-0.009545,1.169477,2.873364,0.0070,-0.0000
1787918801.000952,-0.009522,1.169554,2.873588,0.0048,-0.0000
1787918801.007564,-0.009840,1.169498,2.873171,0.0166,-0.0000
1787918801.014564,-0.009692,1.169527,2.873397,0.0059,-0.0000
1787918801.020921,-0.009704,1.169548,2.873448,0.0049,-0.0000
1787918801.027363,-0.009792,1.169461,2.873325,0.0063,-0.0000
1787918801.034268,-0.009824,1.169586,2.873332,0.0072,-0.0000
1787918801.040332,-0.009609,1.169551,2.873442,-0.0057,-0.0000
1787918801.047362,-0.009671,1.169526,2.873589,-0.0017,-0.0000
1787918801.054057,-0.009614,1.169574,2.873532,-0.0031,-0.0000
1787918801.060545,-0.009545,1.169658,2.873692,-0.0042,-0.0000
1787918801.067469,-0.009513,1.169699,2.873578,-0.0038,-0.0000
1787918801.075261,-0.009515,1.169676,2.873550,-0.0028,-0.0000
1787918801.080781,-0.009598,1.169528,2.873357,0.0003,-0.0000
1787918801.087776,-0.009427,1.169550,2.873429,-0.0066,-0.0000
1787918801.095671,-0.009361,1.169772,2.873841,-0.0048,-0.0000
1787918801.100728,-0.009429,1.169602,2.873301,-0.0022,-0.0000
1787918801.107641,-0.009435,1.169787,2.873742,0.0008,-0.0000
1787918801.113888,-0.009384,1.169803,2.873745,-0.0016,-0.0000
1787918801.139067,-0.009385,1.169568,2.873738,-0.0018,-0.0000
1787918801.141114,-0.009419,1.169726,2.873756,0.0097,-0.0000
1787918801.142892,-0.009476,1.169645,2.873580,0.0123,-0.0000
1787918801.144608,-0.009343,1.169712,2.873883,-0.0106,-0.0000
1787918801.153306,-0.009461,1.169678,2.873747,-0.0038,-0.0000
1787918801.155149,-0.009508,1.169719,2.873512,0.0065,-0.0000
1787918801.160726,-0.009503,1.169551,2.873592,0.0018,-0.0000
1787918801.167470,-0.009373,1.169679,2.873720,-0.0028,-0.0000
1787918801.177814,-0.009657,1.169482,2.873348,0.0045,-0.0000
1787918801.181204,-0.009605,1.169473,2.873230,-0.0015,-0.0000
1787918801.187985,-0.009568,1.169593,2.873602,-0.0012,-0.0000
1787918801.194027,-0.009567,1.169663,2.873571,0.0000,-0.0000
1787918801.200884,-0.009731,1.169394,2.873180,0.0038,-0.0000
1787918801.207801,-0.009589,1.169565,2.873401,-0.0013,-0.0000
1787918801.213786,-0.009616,1.169532,2.873580,-0.0000,-0.0000
1787918801.221317,-0.009655,1.169588,2.873406,0.0020,-0.0000
1787918801.227697,-0.009625,1.169632,2.873636,0.0006,-0.0000
1787918801.237514,-0.009598,1.169511,2.873494,-0.0013,-0.0000
1787918801.241613,-0.009600,1.169506,2.873561,-0.0009,-0.0000
1787918801.248450,-0.009519,1.169601,2.873372,-0.0030,-0.0000
1787918801.254564,-0.009650,1.169474,2.873161,0.0025,-0.0000
1787918801.260864,-0.009562,1.169515,2.873317,-0.0018,-0.0000
1787918801.267269,-0.009349,1.169646,2.873765,-0.0092,-0.0000
1787918801.274785,-0.009432,1.169848,2.873738,-0.0012,-0.0000
1787918801.280863,-0.009443,1.169722,2.873601,-0.0019,-0.0000
1787918801.287355,-0.009503,1.169566,2.873324,-0.0006,-0.0000
1787918801.294331,-0.009565,1.169630,2.873166,0.0029,-0.0000
1787918801.300663,-0.009531,1.169401,2.873145,-0.0024,-0.0000
1787918801.306962,-0.009436,1.169612,2.873479,-0.0034,-0.0000
1787918801.314603,-0.009466,1.169599,2.873404,-0.0014,-0.0000
1787918801.320495,-0.009450,1.169643,2.873381,-0.0011,-0.0000
1787918801.328254,-0.009456,1.169458,2.873542,-0.0025,-0.0000
1787918801.333908,-0.009525,1.169661,2.873307,0.0047,-0.0000
1787918801.340703,-0.009535,1.169650,2.873397,0.0036,-0.0000
1787918801.347285,-0.009438,1.169511,2.873682,-0.0035,-0.0000
1787918801.354373,-0.009583,1.169620,2.873231,0.0047,-0.0000
1787918801.360965,-0.009509,1.169712,2.873549,0.0011,-0.0000
1787918801.367798,-0.009391,1.169833,2.873852,-0.0028,-0.0000
1787918801.374553,-0.009596,1.169600,2.873441,0.0041,-0.0000
1787918801.383253,-0.009640,1.169748,2.873470,0.0057,-0.0000
1787918801.387360,-0.009512,1.169693,2.873747,-0.0061,-0.0000
1787918801.394722,-0.009577,1.169571,2.873339,-0.0030,-0.0000
1787918801.401730,-0.009567,1.169364,2.873280,-0.0049,-0.0000
1787918801.407532,-0.009525,1.169586,2.873403,-0.0025,-0.0000
1787918801.413821,-0.009542,1.169645,2.873347,-0.0002,-0.0000
1787918801.421193,-0.009473,1.169531,2.873514,-0.0041,-0.0000
1787918801.432015,-0.009497,1.169445,2.873244,-0.0028,-0.0000
1787918801.434628,-0.009564,1.169570,2.873333,0.0092,-0.0000
1787918801.441925,-0.009546,1.169574,2.873364,0.0058,-0.0000
1787918801.447137,-0.009560,1.169363,2.873135,0.0016,-0.0000
1787918801.454778,-0.009676,1.169483,2.873271,0.0068,-0.0000
1787918801.460601,-0.009510,1.169573,2.873383,-0.0023,-0.0000
1787918801.467360,-0.009455,1.169568,2.873403,-0.0040,-0.0000
1787918801.474400,-0.009606,1.169797,2.873664,0.0060,-0.0000
1787918801.480690,-0.009500,1.169479,2.873534,-0.0047,-0.0000
1787918801.487854,-0.009462,1.169705,2.873638,-0.0023,-0.0000
1787918801.494221,-0.009627,1.169512,2.872790,0.0035,-0.0000
1787918801.500697,-0.009572,1.169492,2.873529,-0.0003,-0.0000
1787918801.507092,-0.009556,1.169533,2.873179,-0.0004,-0.0000
1787918801.514018,-0.009590,1.169482,2.873079,0.0005,-0.0000
1787918801.521063,-0.009466,1.169580,2.873331,-0.0036,-0.0000
1787918801.528210,-0.009512,1.169570,2.873192,-0.0008,-0.0000
1787918801.534075,-0.009487,1.169734,2.873617,0.0004,-0.0000
1787918801.540714,-0.009589,1.169558,2.873256,0.0027,-0.0000
1787918801.547686,-0.009586,1.169490,2.873146,0.0009,-0.0000
1787918801.555754,-0.009602,1.169724,2.873435,0.0035,-0.0000
1787918801.561018,-0.009617,1.169722,2.873472,0.0033,-0.0000
1787918801.567487,-0.009487,1.169692,2.873757,-0.0039,-0.0000
1787918801.574873,-0.009502,1.169610,2.873552,-0.0030,-0.0000
1787918801.581232,-0.009617,1.169662,2.873426,0.0038,-0.0000
1787918801.587851,-0.009526,1.169598,2.873396,-0.0021,-0.0000
1787918801.596764,-0.009579,1.169525,2.873137,-0.0004,-0.0000
1787918801.600997,-0.009599,1.169459,2.873112,-0.0001,-0.0000
1787918801.607096,-0.009660,1.169543,2.873204,0.0039,-0.0000
1787918801.614525,-0.009565,1.169520,2.873360,-0.0012,-0.0000
1787918801.621137,-0.009453,1.169572,2.873410,-0.0051,-0.0000
1787918801.628659,-0.009473,1.169653,2.873763,-0.0020,-0.0000
1787918801.634380,-0.009502,1.169681,2.873552,0.0005,-0.0000
1787918801.640685,-0.009640,1.169513,2.873447,0.0046,-0.0000
1787918801.647352,-0.009407,1.169807,2.873507,-0.0034,-0.0000
1787918801.653976,-0.009762,1.169647,2.873019,0.0112,-0.0000
1787918801.661132,-0.009632,1.169678,2.873446,0.0029,-0.0000
1787918801.667245,-0.009508,1.169782,2.873626,-0.0025,-0.0000
1787918801.674229,-0.009729,1.169543,2.873172,0.0047,-0.0000
1787918801.680691,-0.009563,1.169604,2.873517,-0.0034,-0.0000
1787918801.689298,-0.009550,1.169574,2.873389,-0.0031,-0.0000
1787918801.693972,-0.009619,1.169589,2.873512,0.0024,-0.0000
1787918801.700729,-0.009695,1.169384,2.872915,0.0025,-0.0000
1787918801.707860,-0.009682,1.169654,2.873732,0.0042,-0.0000
1787918801.714796,-0.009653,1.169579,2.873299,0.0009,-0.0000
1787918801.720837,-0.009601,1.169493,2.873309,-0.0030,-0.0000
1787918801.727334,-0.009783,1.169539,2.873120,0.0066,-0.0000
1787918801.734057,-0.009528,1.169634,2.873258,-0.0052,-0.0000
1787918801.744450,-0.009633,1.169597,2.872959,-0.0010,-0.0000
1787918801.782976,-0.009452,1.169789,2.873548,-0.0017,-0.0000
1787918801.785213,-0.009589,1.169801,2.873474,0.0169,-0.0000
1787918801.787152,-0.009515,1.169664,2.873566,-0.0047,-0.0000
1787918801.788937,-0.009526,1.169550,2.873431,-0.0067,-0.0000
1787918801.790747,-0.009505,1.169836,2.873676,0.0046,-0.0000
1787918801.792422,-0.009486,1.169569,2.873616,-0.0127,-0.0000
1787918801.793966,-0.009415,1.169634,2.873789,-0.0190,-0.0000
1787918801.795467,-0.009600,1.169590,2.873515,0.0200,-0.0000
1787918801.800984,-0.009524,1.169553,2.873144,0.0095,-0.0000
1787918801.807451,-0.009452,1.169792,2.873506,0.0064,-0.0000
1787918801.814137,-0.009553,1.169658,2.873412,0.0073,-0.0000
1787918801.820949,-0.009621,1.169507,2.873179,0.0062,-0.0000
1787918801.827400,-0.009474,1.169653,2.873504,-0.0005,-0.0000
1787918801.834974,-0.009589,1.169575,2.873175,0.0032,-0.0000
1787918801.841008,-0.009630,1.169490,2.873121,0.0031,-0.0000
1787918801.847539,-0.009527,1.169619,2.873528,-0.0008,-0.0000
1787918801.854437,-0.009523,1.169699,2.873396,0.0002,-0.0000
1787918801.862796,-0.009478,1.169585,2.873417,-0.0025,-0.0000
1787918801.867468,-0.009517,1.169693,2.873401,0.0025,-0.0000
1787918801.874341,-0.009637,1.169719,2.873476,0.0071,-0.0000
1787918801.881261,-0.009533,1.169641,2.873349,-0.0003,-0.0000
1787918801.887681,-0.009458,1.169694,2.873781,-0.0029,-0.0000
1787918801.894993,-0.009539,1.169745,2.873465,0.0017,-0.0000
1787918801.900607,-0.009548,1.169564,2.873397,-0.0009,-0.0000
1787918801.907771,-0.009541,1.169528,2.873405,-0.0013,-0.0000
1787918801.914018,-0.009596,1.169577,2.873419,0.0023,-0.0000
1787918801.920713,-0.009533,1.169426,2.873254,-0.0030,-0.0000
1787918801.928252,-0.009551,1.169617,2.873474,0.0006,-0.0000
1787918801.934046,-0.009578,1.169710,2.873404,0.0031,-0.0000
1787918801.941916,-0.009571,1.169675,2.873409,0.0016,-0.0000
1787918801.947333,-0.009506,1.169677,2.873556,-0.0024,-0.0000
1787918801.954434,-0.009458,1.169664,2.873370,-0.0038,-0.0000
1787918801.961087,-0.009612,1.169748,2.873462,0.0051,-0.0000
1787918801.967817,-0.009638,1.169663,2.873421,0.0037,-0.0000
1787918801.974212,-0.009577,1.169792,2.873462,0.0014,-0.0000
1787918801.980981,-0.009744,1.169518,2.873331,0.0049,-0.0000
1787918801.987308,-0.009503,1.169557,2.873468,-0.0071,-0.0000
1787918801.996398,-0.009676,1.169489,2.873342,-0.0001,-0.0000
1787918802.001441,-0.009532,1.169396,2.873349,-0.0097,-0.0000
1787918802.007926,-0.009696,1.169323,2.873118,-0.0004,-0.0000
1787918802.015068,-0.009572,1.169554,2.873559,-0.0027,-0.0000
1787918802.022031,-0.009613,1.169370,2.873189,-0.0023,-0.0000
1787918802.032076,-0.009625,1.169532,2.872945,0.0000,-0.0000
1787918802.035140,-0.009550,1.169735,2.873637,-0.0018,-0.0000
1787918802.041339,-0.009562,1.169626,2.873306,-0.0021,-0.0000
1787918802.089806,-0.009550,1.169698,2.873187,-0.0014,-0.3000
1787918802.091954,-0.009535,1.169778,2.873766,-0.0000,-0.3000
1787918802.093791,-0.009616,1.169517,2.873223,0.0014,-0.3000
1787918802.095522,-0.009392,1.169664,2.873833,-0.0297,-0.3000
1787918802.097186,-0.009583,1.169701,2.873363,0.0141,-0.3000
1787918802.098885,-0.009573,1.169609,2.873531,0.0039,-0.3000
1787918802.100532,-0.009685,1.169586,2.873356,0.0214,-0.3000
1787918802.102231,-0.009570,1.169753,2.873404,0.0032,-0.3000
1787918802.103999,-0.009539,1.169492,2.872949,-0.0146,-0.3000
1787918802.107403,-0.009652,1.169533,2.873112,0.0003,-0.3000
1787918802.114105,-0.009690,1.169317,2.873176,-0.0007,-0.3000
1787918802.120529,-0.009589,1.169522,2.873779,-0.0025,-0.3000
1787918802.127543,-0.009620,1.169709,2.874243,0.0016,-0.3000
1787918802.134416,-0.009677,1.169859,2.874512,0.0053,-0.3000
1787918802.146673,-0.009593,1.169893,2.875091,0.0019,-0.3000
1787918802.148352,-0.009795,1.169852,2.874711,0.0342,-0.3000
1787918802.153773,-0.009676,1.169990,2.875377,0.0196,-0.3000
1787918802.160539,-0.009619,1.169843,2.875446,0.0096,-0.6000
1787918802.170030,-0.009751,1.170003,2.875771,0.0121,-0.6000
1787918802.174494,-0.009862,1.169812,2.875434,0.0123,-0.6000
1787918802.181483,-0.009804,1.169735,2.875364,0.0053,-0.6000
1787918802.187781,-0.009932,1.169480,2.874487,0.0064,-0.6000
1787918802.196118,-0.009921,1.169388,2.873362,0.0032,-0.6000
1787918802.202701,-0.010036,1.169184,2.872284,0.0048,-0.6000
1787918802.207675,-0.010001,1.169163,2.871386,0.0010,-0.6000
1787918802.214105,-0.010160,1.168969,2.870411,0.0054,-0.6000
1787918802.221141,-0.010134,1.168833,2.869706,0.0012,-0.6000
1787918802.227721,-0.010217,1.168749,2.868617,0.0034,-0.6000
1787918802.234339,-0.010372,1.168617,2.867542,0.0076,-0.6000
1787918802.241418,-0.010374,1.168398,2.866641,0.0029,-0.6000
1787918802.248810,-0.010290,1.168785,2.866485,0.0030,-0.6000
1787918802.254213,-0.010549,1.168446,2.865326,0.0108,-0.6000
1787918802.261086,-0.010565,1.168521,2.864791,0.0091,-0.7000
1787918802.267345,-0.010559,1.168665,2.864728,0.0080,-0.7000
1787918802.274554,-0.010526,1.168610,2.864173,0.0036,-0.7000
1787918802.280514,-0.010559,1.168873,2.863786,0.0078,-0.7000
1787918802.287381,-0.010591,1.168719,2.863224,0.0050,-0.7000
1787918802.293983,-0.010649,1.168633,2.862420,0.0049,-0.7000
1787918802.303915,-0.010509,1.168723,2.862013,0.0001,-0.7000
1787918802.308162,-0.010436,1.168865,2.861331,-0.0021,-0.7000
1787918802.314210,-0.010596,1.168607,2.859950,0.0026,-0.7000
1787918802.320565,-0.010387,1.168877,2.859270,-0.0041,-0.7000
1787918802.327826,-0.010605,1.168483,2.857767,0.0012,-0.7000
1787918802.337015,-0.010586,1.168673,2.856444,0.0020,-0.7000
1787918802.341249,-0.010593,1.168340,2.855360,-0.0048,-0.7000
1787918802.347353,-0.010794,1.168216,2.853621,0.0044,-0.7000
1787918802.366357,-0.010851,1.167967,2.852395,0.0028,-0.7000
1787918802.368524,-0.010704,1.167993,2.851899,-0.0165,-0.7000
1787918802.370750,-0.010696,1.167891,2.850845,-0.0166,-0.7000
1787918802.375637,-0.010747,1.167877,2.850210,-0.0088,-0.7000
1787918802.380651,-0.010852,1.167836,2.850146,-0.0008,-0.7000
1787918802.387942,-0.010829,1.167889,2.850257,-0.0009,-0.7000
1787918802.395002,-0.010806,1.168196,2.850790,0.0022,-0.7000
1787918802.401233,-0.010830,1.168152,2.851106,0.0020,-0.7000
1787918802.407628,-0.010801,1.168237,2.851767,0.0013,-0.7000
1787918802.413908,-0.010846,1.168259,2.852009,0.0032,-0.7000
1787918802.421156,-0.010820,1.168531,2.852221,0.0044,-0.7000
1787918802.427325,-0.010830,1.168459,2.852614,0.0026,-0.7000
1787918802.434256,-0.010948,1.168402,2.852620,0.0060,-0.7000
1787918802.440884,-0.011023,1.168265,2.852454,0.0057,-0.7000
1787918802.448473,-0.010917,1.168183,2.852289,-0.0010,-0.7000
1787918802.454459,-0.010954,1.168306,2.852200,0.0028,-0.7000
1787918802.460784,-0.011066,1.167984,2.851301,0.0027,-0.7000
1787918802.467189,-0.010812,1.168095,2.851282,-0.0080,-0.7000
1787918802.474464,-0.010884,1.168028,2.850699,-0.0035,-0.7000
1787918802.480392,-0.010820,1.167572,2.849911,-0.0122,-0.7000
1787918802.487474,-0.010853,1.167322,2.849577,-0.0103,-0.7000
1787918802.494121,-0.010614,1.167189,2.849356,-0.0192,-0.7000
1787918802.500826,-0.010577,1.167252,2.849605,-0.0143,-0.7000
1787918802.508969,-0.010325,1.167113,2.850297,-0.0203,-0.7000
1787918802.514655,-0.009857,1.167085,2.851871,-0.0383,-0.7000
1787918802.520622,-0.009232,1.167315,2.854047,-0.0537,-0.7000
1787918802.527961,-0.008996,1.167301,2.855325,-0.0470,-0.7000
1787918802.533925,-0.008412,1.167246,2.856887,-0.0619,-0.7000
1787918802.540731,-0.007595,1.167336,2.859196,-0.0768,-0.7000
1787918802.548153,-0.006875,1.167122,2.861304,-0.0841,-0.7000
1787918802.555992,-0.006249,1.167147,2.862857,-0.0816,-0.7000
1787918802.560465,-0.005339,1.166903,2.864618,-0.1204,-0.7000
1787918802.568653,-0.004522,1.166856,2.866560,-0.1135,-0.7000
1787918802.574176,-0.003615,1.166684,2.868282,-0.1294,-0.7000
1787918802.580646,-0.002869,1.165862,2.869175,-0.1342,-0.7000
1787918802.588248,-0.001769,1.165650,2.870178,-0.1380,-0.7000
1787918802.594074,-0.001263,1.165035,2.870727,-0.1301,-0.7000
1787918802.600525,-0.000203,1.164138,2.871598,-0.1497,-0.7000
1787918802.610863,0.000931,1.164082,2.872335,-0.1370,-0.7000
1787918802.614997,0.001851,1.163971,2.873637,-0.1624,-0.7000
1787918802.620916,0.003131,1.163662,2.875383,-0.1804,-0.7000
1787918802.627810,0.003720,1.162808,2.875098,-0.1608,-0.7000
1787918802.636742,0.004442,1.162507,2.876165,-0.1386,-0.7000
1787918802.641329,0.005187,1.161720,2.876787,-0.1575,-0.7000
1787918802.647693,0.006261,1.161537,2.878885,-0.1614,-0.7000
1787918802.654148,0.007334,1.161747,2.880558,-0.1586,-0.7000
1787918802.684696,0.008322,1.161284,2.881704,-0.1216,-0.7000
1787918802.686962,0.009185,1.161080,2.883222,-0.2024,-0.7000
1787918802.688848,0.009877,1.161009,2.884609,-0.2510,-0.7000
1787918802.690651,0.010854,1.160367,2.886086,-0.3600,-0.7000
1787918802.694278,0.011736,1.159806,2.887367,-0.3343,-0.7000
1787918802.702657,0.012456,1.159539,2.888477,-0.2614,-0.7000
1787918802.705136,0.013501,1.159457,2.890177,-0.3080,-0.7000
1787918802.709122,0.014493,1.159161,2.891388,-0.2934,-0.7000
1787918802.715747,0.015454,1.158874,2.893093,-0.2508,-0.7000
1787918802.720935,0.016134,1.158504,2.894076,-0.2189,-0.7000
1787918802.727581,0.017246,1.158248,2.895437,-0.2047,-0.7000
1787918802.734002,0.018292,1.158361,2.897661,-0.1894,-0.7000
1787918802.740822,0.018983,1.157718,2.897802,-0.1690,-0.7000
1787918802.747445,0.019777,1.157162,2.899491,-0.1592,-0.7000
1787918802.753964,0.020800,1.157189,2.901366,-0.1569,-0.7000
1787918802.761997,0.021531,1.156822,2.902441,-0.1396,-0.7000
1787918802.767668,0.022468,1.156445,2.903602,-0.1506,-0.7000
1787918802.774001,0.023454,1.156422,2.905262,-0.1511,-0.7000
1787918802.780903,0.024737,1.156243,2.907071,-0.1618,-0.7000
1787918802.787452,0.025461,1.155610,2.907669,-0.1523,-0.7000
1787918802.793949,0.026490,1.155404,2.909206,-0.1550,-0.7000
1787918802.801465,0.027379,1.155059,2.910377,-0.1462,-0.7000
1787918802.807358,0.028119,1.154439,2.911615,-0.1462,-0.7000
1787918802.815611,0.029081,1.154507,2.913128,-0.1358,-0.7000
1787918802.820916,0.030347,1.154295,2.915340,-0.1675,-0.7000
1787918802.827226,0.030871,1.153964,2.916428,-0.1451,-0.7000
1787918802.833880,0.031776,1.153526,2.917921,-0.1457,-0.7000
1787918802.840752,0.032982,1.153396,2.920082,-0.1546,-0.7000
1787918802.847438,0.033558,1.153008,2.921533,-0.1373,-0.7000
1787918802.853775,0.034545,1.152578,2.923769,-0.1461,-0.7000
1787918802.863195,0.035547,1.152260,2.925206,-0.1356,-0.7000
1787918802.867230,0.036883,1.152405,2.927928,-0.1897,-0.7000
1787918802.876275,0.037656,1.152387,2.930584,-0.1580,-0.7000
1787918802.880723,0.038476,1.152045,2.932541,-0.1695,-0.7000
1787918802.887331,0.039570,1.151569,2.934632,-0.1717,-0.7000
1787918802.894372,0.040595,1.151358,2.936830,-0.1648,-0.7000
1787918802.900454,0.041517,1.150725,2.938508,-0.1662,-0.7000
1787918802.907601,0.042687,1.150709,2.940945,-0.1646,-0.7000
1787918802.914099,0.043937,1.150536,2.943019,-0.1734,-0.7000
1787918802.920563,0.044916,1.150275,2.944782,-0.1683,-0.7000
1787918802.927861,0.045773,1.149905,2.946935,-0.1553,-0.7000
1787918802.934227,0.046678,1.149178,2.948295,-0.1572,-0.7000
1787918802.940747,0.048072,1.149250,2.951020,-0.1724,-0.7000
1787918802.947515,0.049088,1.148983,2.952899,-0.1671,-0.7000
1787918802.954364,0.049851,1.148531,2.953774,-0.1535,-0.7000
1787918802.960581,0.051337,1.148551,2.956692,-0.1778,-0.7000
1787918802.997156,0.052385,1.148237,2.958637,-0.1334,-0.7000
1787918802.998359,0.053002,1.147919,2.959420,-0.2589,-0.7000
1787918803.002796,0.054339,1.147088,2.961717,-0.2803,-0.7000
1787918803.004236,0.055085,1.146959,2.963551,-0.3539,-0.7000
1787918803.005996,0.056140,1.146799,2.966151,-0.4295,-0.7000
1787918803.006963,0.057586,1.146689,2.968848,-0.7486,-0.7000
1787918803.007789,0.058478,1.146427,2.970621,-0.8595,-0.7000
1787918803.014148,0.059412,1.145945,2.972795,-0.6489,-0.7000
1787918803.021530,0.060507,1.145573,2.974104,-0.5006,-0.7000
1787918803.027355,0.061346,1.145637,2.976741,-0.3925,-0.7000
1787918803.033929,0.062253,1.145307,2.978302,-0.3181,-0.7000
1787918803.040725,0.063646,1.145462,2.981176,-0.2822,-0.7000
1787918803.047758,0.064856,1.144988,2.983320,-0.2517,-0.7000
1787918803.054363,0.065669,1.144534,2.984296,-0.2159,-0.7000
1787918803.060620,0.066756,1.144291,2.986763,-0.2044,-0.7000
1787918803.068010,0.067897,1.144112,2.988940,-0.1900,-0.7000
1787918803.074165,0.068748,1.143949,2.990666,-0.1752,-0.7000
1787918803.080683,0.069838,1.143649,2.992790,-0.1743,-0.7000
1787918803.088074,0.070966,1.143065,2.994354,-0.1707,-0.7000
1787918803.094299,0.072090,1.143107,2.996301,-0.1729,-0.7000
1787918803.100992,0.073054,1.142756,2.998326,-0.1660,-0.7000
1787918803.107439,0.073805,1.142356,2.999873,-0.1534,-0.7000
1787918803.113775,0.075331,1.142495,3.002193,-0.1780,-0.7000
1787918803.123088,0.076425,1.142630,3.005368,-0.1590,-0.7000
1787918803.129068,0.077509,1.142227,3.006830,-0.1679,-0.7000
1787918803.133753,0.078211,1.141612,3.007557,-0.1673,-0.7000
1787918803.140955,0.079638,1.141909,3.010659,-0.1744,-0.7000
1787918803.147322,0.080558,1.141156,3.012014,-0.1697,-0.7000
1787918803.154015,0.081705,1.141036,3.014521,-0.1705,-0.7000
1787918803.162564,0.082979,1.141205,3.016665,-0.1629,-0.7000
1787918803.167428,0.084108,1.141008,3.019696,-0.1846,-0.7000
1787918803.174099,0.085022,1.140458,3.021629,-0.1730,-0.7000
1787918803.180446,0.086448,1.140367,3.024303,-0.1886,-0.7000
1787918803.189152,0.087650,1.140291,3.027986,-0.1734,-0.7000
1787918803.195118,0.088824,1.140280,3.030426,-0.1801,-0.7000
1787918803.200921,0.090105,1.140021,3.033446,-0.1934,-0.7000
1787918803.207837,0.091058,1.139758,3.035116,-0.1777,-0.7000
1787918803.213579,0.092599,1.139601,3.038602,-0.2053,-0.7000
1787918803.220885,0.093770,1.139250,3.040259,-0.1930,-0.7000
1787918803.228498,0.094932,1.139149,3.043023,-0.1811,-0.7000
1787918803.234236,0.096207,1.139076,3.045577,-0.1935,-0.7000
1787918803.240958,0.097408,1.138483,3.047647,-0.1913,-0.7000
1787918803.247160,0.098599,1.138256,3.050593,-0.1923,-0.7000
1787918803.254238,0.099797,1.137963,3.052203,-0.1863,-0.7000
1787918803.260675,0.100857,1.137491,3.054103,-0.1815,-0.7000
1787918803.267405,0.101984,1.137140,3.056433,-0.1784,-0.7000
1787918803.297182,0.103004,1.136969,3.058324,-0.1353,-0.7000
1787918803.298451,0.104573,1.136869,3.060810,-0.4662,-0.7000
1787918803.300436,0.105376,1.136424,3.062912,-0.4526,-0.7000
1787918803.301604,0.106459,1.135952,3.064919,-0.6036,-0.7000
1787918803.302431,0.107479,1.135451,3.066080,-0.8047,-0.7000
1787918803.307417,0.108562,1.135740,3.068619,-0.6271,-0.7000
1787918803.313967,0.109648,1.135505,3.069936,-0.4893,-0.7000
1787918803.320530,0.110810,1.135479,3.071848,-0.3956,-0.7000
1787918803.328350,0.111637,1.135448,3.073836,-0.3086,-0.7000
1787918803.334358,0.112563,1.134796,3.074638,-0.2644,-0.7000
1787918803.340819,0.113452,1.134609,3.076048,-0.2268,-0.7000
1787918803.347709,0.114518,1.134467,3.078038,-0.2055,-0.7000
1787918803.353881,0.115194,1.134326,3.079320,-0.1771,-0.7000
1787918803.361103,0.116413,1.134304,3.081913,-0.1745,-0.7000
1787918803.367960,0.117393,1.134635,3.085021,-0.1642,-0.7000
1787918803.375538,0.118148,1.133881,3.085878,-0.1464,-0.7000
1787918803.381052,0.119239,1.133648,3.087701,-0.1625,-0.7000
1787918803.388021,0.119995,1.133690,3.089932,-0.1461,-0.7000
1787918803.394166,0.121094,1.133961,3.092516,-0.1552,-0.7000
1787918803.401011,0.122360,1.134042,3.094650,-0.1639,-0.7000
1787918803.407411,0.123269,1.134310,3.097125,-0.1567,-0.7000
1787918803.414074,0.124274,1.133896,3.098935,-0.1557,-0.7000
1787918803.420948,0.125288,1.133977,3.101113,-0.1531,-0.7000
1787918803.430013,0.126248,1.133770,3.102941,-0.1392,-0.7000
1787918803.434402,0.127399,1.134075,3.106060,-0.1753,-0.7000
1787918803.441063,0.128451,1.133625,3.106994,-0.1708,-0.7000
1787918803.447340,0.129612,1.134155,3.110897,-0.1742,-0.7000
1787918803.454384,0.130864,1.133903,3.112795,-0.1755,-0.7000
1787918803.460953,0.131913,1.133603,3.114519,-0.1711,-0.7000
1787918803.467257,0.133012,1.133810,3.117625,-0.1719,-0.7000
1787918803.475688,0.134480,1.133973,3.120548,-0.1724,-0.7000
1787918803.480582,0.135412,1.133607,3.122545,-0.1783,-0.7000
1787918803.487703,0.136700,1.133621,3.125483,-0.1790,-0.7000
1787918803.494558,0.138022,1.133420,3.127625,-0.1833,-0.7000
1787918803.501331,0.139331,1.133045,3.129775,-0.1865,-0.7000
1787918803.507617,0.140698,1.133307,3.132530,-0.1956,-0.7000
1787918803.513968,0.141930,1.133323,3.135062,-0.1951,-0.7000
1787918803.520763,0.143015,1.132919,3.137617,-0.1846,-0.7000
1787918803.527944,0.144569,1.132782,3.140411,-0.1941,-0.7000
1787918803.534560,0.145624,1.132458,-3.140879,-0.1837,-0.7000
1787918803.541065,0.147151,1.132780,-3.137667,-0.1991,-0.7000
1787918803.548061,0.148548,1.132644,-3.135128,-0.1992,-0.7000
1787918803.554162,0.149585,1.132592,-3.133247,-0.1904,-0.7000
1787918803.560793,0.150904,1.131734,-3.131403,-0.1925,-0.7000
1787918803.567313,0.152206,1.131911,-3.129054,-0.1948,-0.7000
1787918803.574239,0.153561,1.131987,-3.126325,-0.1951,-0.7000
1787918803.583625,0.154764,1.131360,-3.126001,-0.1747,-0.7000
1787918803.604903,0.155756,1.131688,-3.122122,-0.1364,-0.7000
1787918803.606000,0.156980,1.131272,-3.120342,-0.4279,-0.7000
1787918803.606977,0.158249,1.131201,-3.117206,-0.6883,-0.7000
1787918803.624685,0.159193,1.131404,-3.115053,-0.4979,-0.7000
1787918803.625732,0.160664,1.131406,-3.112718,-0.7697,-0.7000
1787918803.627590,0.161489,1.131132,-3.110523,-0.6706,-0.7000
1787918803.629253,0.162388,1.130640,-3.109477,-0.6287,-0.7000
1787918803.635565,0.163510,1.130457,-3.107740,-0.4931,-0.7000
1787918803.640721,0.164670,1.130607,-3.106020,-0.4129,-0.7000
1787918803.647425,0.165667,1.130422,-3.104017,-0.3333,-0.7000
1787918803.654587,0.166712,1.130417,-3.102535,-0.2770,-0.7000
1787918803.660731,0.167595,1.130465,-3.100624,-0.2371,-0.7000
1787918803.667379,0.168443,1.130026,-3.099186,-0.2034,-0.7000
1787918803.674025,0.169084,1.129772,-3.097587,-0.1708,-0.7000
1787918803.682438,0.170109,1.129985,-3.095242,-0.1564,-0.7000
1787918803.687741,0.171169,1.130003,-3.093292,-0.1694,-0.7000
1787918803.694864,0.172249,1.130118,-3.091262,-0.1643,-0.7000
1787918803.703322,0.173147,1.130439,-3.088616,-0.1474,-0.7000
1787918803.707723,0.173909,1.130469,-3.086223,-0.1552,-0.7000
1787918803.714437,0.175136,1.130655,-3.083900,-0.1638,-0.7000
1787918803.720648,0.176091,1.130522,-3.081691,-0.1603,-0.7000
1787918803.727633,0.177025,1.130235,-3.080197,-0.1515,-0.7000
1787918803.738338,0.177943,1.130355,-3.077592,-0.1320,-0.7000
1787918803.741393,0.178911,1.130767,-3.074401,-0.1900,-0.7000
1787918803.747339,0.180093,1.130774,-3.072194,-0.1925,-0.7000
1787918803.755561,0.181379,1.130658,-3.070206,-0.1812,-0.6820
1787918803.760817,0.182508,1.131071,-3.067369,-0.1929,-0.6820
1787918803.767188,0.183967,1.131367,-3.064997,-0.2046,-0.6820
1787918803.774981,0.185081,1.131393,-3.062665,-0.1860,-0.6820
1787918803.780690,0.186239,1.131425,-3.060311,-0.1910,-0.6820
1787918803.788101,0.187361,1.131202,-3.057813,-0.1782,-0.6820
1787918803.794465,0.188735,1.131645,-3.055064,-0.1911,-0.6820
1787918803.801373,0.189953,1.131676,-3.052124,-0.1866,-0.6820
1787918803.808476,0.191289,1.131933,-3.048933,-0.1878,-0.6820
1787918803.813734,0.192579,1.131628,-3.046068,-0.2030,-0.6820
1787918803.820615,0.194047,1.131448,-3.043652,-0.2051,-0.6820
1787918803.830376,0.195306,1.131600,-3.040895,-0.1825,-0.6820
1787918803.833927,0.196555,1.132034,-3.038352,-0.2365,-0.6820
1787918803.841748,0.197818,1.131511,-3.036497,-0.2116,-0.6820
1787918803.847370,0.199267,1.131857,-3.033521,-0.2270,-0.6820
1787918803.853927,0.200631,1.131796,-3.030854,-0.2206,-0.6820
1787918803.860994,0.201785,1.131483,-3.029335,-0.2016,-0.6519
1787918803.867193,0.203090,1.131688,-3.026293,-0.2050,-0.6519
1787918803.874078,0.204621,1.131526,-3.024034,-0.2089,-0.6519
1787918803.880672,0.205926,1.131237,-3.021639,-0.2036,-0.6519
1787918803.903829,0.207035,1.131569,-3.018966,-0.1573,-0.6519
1787918803.906645,0.208234,1.131529,-3.016699,-0.2364,-0.6519
1787918803.908590,0.209463,1.131347,-3.015067,-0.3498,-0.6519
1787918803.910361,0.210662,1.131105,-3.013537,-0.4412,-0.6519
1787918803.914381,0.212010,1.131575,-3.011000,-0.4131,-0.6519
1787918803.920923,0.212853,1.131301,-3.009277,-0.3258,-0.6519
1787918803.927384,0.214170,1.131152,-3.007406,-0.2878,-0.6519
1787918803.934297,0.215274,1.131204,-3.005249,-0.2492,-0.6519
1787918803.941932,0.216468,1.130888,-3.003247,-0.2192,-0.6519
1787918803.947612,0.217505,1.130900,-3.000840,-0.2078,-0.6519
1787918803.954142,0.218758,1.131083,-2.998988,-0.2036,-0.6519
1787918803.961367,0.219500,1.130800,-2.997583,-0.1714,-0.6404
1787918803.967670,0.220683,1.130478,-2.995309,-0.1734,-0.6404
1787918803.974016,0.221636,1.131255,-2.992929,-0.1714,-0.6404
1787918803.980976,0.222632,1.131639,-2.990325,-0.1649,-0.6404
1787918803.989658,0.223527,1.131690,-2.987826,-0.1462,-0.6404
1787918803.994015,0.224603,1.131723,-2.985580,-0.1760,-0.6404
1787918804.002362,0.225495,1.131802,-2.983660,-0.1553,-0.6404
1787918804.008565,0.226382,1.131894,-2.981571,-0.1518,-0.6404
1787918804.014057,0.227411,1.131979,-2.979446,-0.1624,-0.6404
1787918804.020806,0.228432,1.132345,-2.976772,-0.1612,-0.6404
1787918804.027413,0.229567,1.132238,-2.975000,-0.1628,-0.6404
1787918804.034260,0.230547,1.132443,-2.972746,-0.1578,-0.6404
1787918804.040755,0.231904,1.132623,-2.969685,-0.1736,-0.6404
1787918804.048273,0.233240,1.132580,-2.967786,-0.1737,-0.6404
1787918804.053886,0.234204,1.133130,-2.964577,-0.1775,-0.6404
1787918804.060911,0.235079,1.133269,-2.962542,-0.1621,-0.6237
1787918804.067273,0.236518,1.133198,-2.959703,-0.1796,-0.6237
1787918804.074016,0.237421,1.133522,-2.956902,-0.1679,-0.6237
1787918804.081260,0.238766,1.134027,-2.954377,-0.1761,-0.6237
1787918804.087431,0.240059,1.133942,-2.952364,-0.1842,-0.6237
1787918804.094057,0.241134,1.134049,-2.949953,-0.1777,-0.6237
1787918804.100918,0.242638,1.134413,-2.947241,-0.1919,-0.6237
1787918804.107070,0.243913,1.134662,-2.945372,-0.1977,-0.6237
1787918804.115602,0.245453,1.134340,-2.943224,-0.1893,-0.6237
1787918804.120479,0.246494,1.134785,-2.940347,-0.2007,-0.6237
1787918804.127375,0.247683,1.134913,-2.938338,-0.1923,-0.6237
1787918804.134347,0.249016,1.135069,-2.935877,-0.1921,-0.6237
1787918804.140970,0.250190,1.135332,-2.933649,-0.1890,-0.6237
1787918804.148299,0.251310,1.135322,-2.931143,-0.1770,-0.6237
1787918804.154505,0.252794,1.135252,-2.929744,-0.1933,-0.5905
1787918804.160633,0.254104,1.135624,-2.926780,-0.2019,-0.5905
1787918804.167480,0.255077,1.135728,-2.923775,-0.1839,-0.5905
1787918804.174424,0.256423,1.136168,-2.921023,-0.1897,-0.5905
1787918804.180662,0.257927,1.136319,-2.918850,-0.2049,-0.5905
1787918804.187316,0.258971,1.136577,-2.916111,-0.1919,-0.5905
1787918804.194424,0.260003,1.136364,-2.914332,-0.1748,-0.5905
1787918804.239009,0.261286,1.136430,-2.912339,-0.1308,-0.5905
1787918804.240860,0.262291,1.136895,-2.910362,-0.2674,-0.5905
1787918804.242908,0.263608,1.136649,-2.908664,-0.3666,-0.5905
1787918804.244119,0.264849,1.137271,-2.905936,-0.5917,-0.5905
1787918804.244932,0.265762,1.137121,-2.904336,-0.7283,-0.5905
1787918804.246243,0.267111,1.137313,-2.901779,-0.8202,-0.5905
1787918804.248096,0.268598,1.137235,-2.899855,-0.8049,-0.5905
1787918804.250165,0.269321,1.138032,-2.897148,-0.6931,-0.5905
1787918804.254451,0.270581,1.138026,-2.894790,-0.5706,-0.5654
1787918804.260658,0.271492,1.138648,-2.892565,-0.4495,-0.5654
1787918804.267864,0.272841,1.139015,-2.890209,-0.3729,-0.5654
1787918804.273864,0.273963,1.139259,-2.887705,-0.3184,-0.5654
1787918804.280903,0.275067,1.139244,-2.885644,-0.2682,-0.5654
1787918804.290072,0.276230,1.139514,-2.883353,-0.2268,-0.5654
1787918804.297448,0.277308,1.139992,-2.880439,-0.2061,-0.5654
1787918804.301046,0.278628,1.140191,-2.877940,-0.2549,-0.5654
1787918804.307361,0.279783,1.140434,-2.875936,-0.2344,-0.5654
1787918804.313795,0.280741,1.140988,-2.872874,-0.2140,-0.5654
1787918804.320991,0.282063,1.141181,-2.870511,-0.2050,-0.5654
1787918804.327630,0.283317,1.141470,-2.868752,-0.2017,-0.5654
1787918804.333799,0.284693,1.141693,-2.865954,-0.2085,-0.5654
1787918804.340347,0.285586,1.142261,-2.863374,-0.1924,-0.5654
1787918804.347794,0.287390,1.142451,-2.860746,-0.2066,-0.5654
1787918804.354335,0.288738,1.142566,-2.858130,-0.2055,-0.5654
1787918804.360911,0.289828,1.142993,-2.855761,-0.1970,-0.5447
1787918804.366907,0.291223,1.143019,-2.853362,-0.2052,-0.5447
1787918804.374361,0.292428,1.143419,-2.851260,-0.1947,-0.5447
1787918804.381118,0.293752,1.143586,-2.849553,-0.1947,-0.5447
1787918804.387210,0.295104,1.143690,-2.847542,-0.2015,-0.5447
1787918804.394063,0.296359,1.143917,-2.845382,-0.1965,-0.5447
1787918804.400255,0.297730,1.143954,-2.843463,-0.2016,-0.5447
1787918804.407946,0.299110,1.143874,-2.841792,-0.1916,-0.5447
1787918804.413975,0.299931,1.144773,-2.839057,-0.1864,-0.5447
1787918804.422877,0.301141,1.144467,-2.837590,-0.1664,-0.5447
1787918804.427647,0.302188,1.145230,-2.835337,-0.1937,-0.5447
1787918804.433844,0.303392,1.145464,-2.833393,-0.1946,-0.5447
1787918804.441893,0.304934,1.145412,-2.831169,-0.1903,-0.5447
1787918804.447607,0.305947,1.145684,-2.829383,-0.1882,-0.5447
1787918804.454920,0.306948,1.146164,-2.826685,-0.1769,-0.5015
1787918804.460636,0.308216,1.146852,-2.823987,-0.1983,-0.5015
1787918804.469029,0.309213,1.146921,-2.821884,-0.1734,-0.5015
1787918804.474431,0.310033,1.147197,-2.819247,-0.1695,-0.5015
1787918804.480916,0.311061,1.147516,-2.816796,-0.1684,-0.5015
1787918804.487737,0.312252,1.147932,-2.814480,-0.1734,-0.5015
1787918804.494191,0.313490,1.148078,-2.812815,-0.1780,-0.5015
1787918804.501525,0.314187,1.148678,-2.810463,-0.1595,-0.5015
1787918804.507300,0.315422,1.148755,-2.808546,-0.1736,-0.5015
1787918804.515002,0.316734,1.148979,-2.807427,-0.1727,-0.5015
1787918804.550641,0.317973,1.149098,-2.805037,-0.1310,-0.5015
1787918804.551900,0.319097,1.149511,-2.802754,-0.3772,-0.5015
1787918804.553129,0.320129,1.149830,-2.800877,-0.5275,-0.5015
1787918804.554916,0.321424,1.149986,-2.798772,-0.5828,-0.5015
1787918804.556657,0.322414,1.150949,-2.795470,-0.6248,-0.4811
1787918804.557889,0.323782,1.151057,-2.793656,-0.7592,-0.4811
1787918804.560880,0.324879,1.151292,-2.791603,-0.6429,-0.4811
1787918804.567615,0.326087,1.151759,-2.788224,-0.5077,-0.4811
1787918804.573871,0.327229,1.152356,-2.785848,-0.4167,-0.4811
1787918804.580827,0.328525,1.152888,-2.783499,-0.3521,-0.4811
1787918804.587814,0.329718,1.153100,-2.780589,-0.2976,-0.4811
1787918804.593781,0.331170,1.153896,-2.778008,-0.2908,-0.4811
1787918804.600464,0.332211,1.154073,-2.775263,-0.2500,-0.4811
1787918804.607316,0.333582,1.154586,-2.772579,-0.2391,-0.4811
1787918804.614350,0.334816,1.154968,-2.770002,-0.2223,-0.4811
1787918804.620776,0.336366,1.155287,-2.767842,-0.2284,-0.4811
1787918804.628829,0.337605,1.155637,-2.765683,-0.2076,-0.4811
1787918804.634208,0.338766,1.156074,-2.762867,-0.2145,-0.4811
1787918804.641544,0.340365,1.156413,-2.760889,-0.2160,-0.4811
1787918804.647819,0.341722,1.156773,-2.758221,-0.2178,-0.4811
1787918804.654240,0.343088,1.157210,-2.755104,-0.2193,-0.4811
1787918804.664145,0.344500,1.157262,-2.754049,-0.1937,-0.4254
1787918804.671949,0.346045,1.157559,-2.752286,-0.1949,-0.4254
1787918804.674158,0.347058,1.158161,-2.750151,-0.2947,-0.4254
1787918804.680914,0.348493,1.158177,-2.748134,-0.2655,-0.4254
1787918804.687619,0.349809,1.158675,-2.746220,-0.2487,-0.4254
1787918804.693955,0.350707,1.159520,-2.742978,-0.2288,-0.4254
1787918804.700907,0.352321,1.159675,-2.741787,-0.2270,-0.4254
1787918804.707277,0.353503,1.159598,-2.740416,-0.2087,-0.4254
1787918804.714231,0.354363,1.160515,-2.737550,-0.1957,-0.4254
1787918804.720645,0.355843,1.160596,-2.735932,-0.2021,-0.4254
1787918804.730532,0.357014,1.160566,-2.734421,-0.1738,-0.4254
1787918804.734396,0.357923,1.161043,-2.732589,-0.2011,-0.4254
1787918804.740871,0.359330,1.161356,-2.730884,-0.2063,-0.4254
1787918804.748147,0.360496,1.161666,-2.729434,-0.1936,-0.4254
1787918804.754469,0.361379,1.162151,-2.727906,-0.1831,-0.4254
1787918804.762122,0.362417,1.162272,-2.726147,-0.1673,-0.4130
1787918804.767236,0.363835,1.162867,-2.724092,-0.2073,-0.4130
1787918804.774659,0.364934,1.163367,-2.721707,-0.1939,-0.4130
1787918804.780709,0.365697,1.163997,-2.719214,-0.1831,-0.4130
1787918804.787721,0.366925,1.163980,-2.718134,-0.1757,-0.4130
1787918804.794010,0.368247,1.164653,-2.715529,-0.1937,-0.4130
1787918804.800459,0.369202,1.165209,-2.713403,-0.1868,-0.4130
1787918804.808829,0.370006,1.165976,-2.711098,-0.1684,-0.4130
1787918804.827035,0.371396,1.166242,-2.709364,-0.1405,-0.4130
1787918804.828286,0.372705,1.166779,-2.707006,-0.4375,-0.4130
1787918804.830165,0.373503,1.167546,-2.704892,-0.4734,-0.4130
1787918804.834476,0.374621,1.168156,-2.702636,-0.4199,-0.4130
1787918804.841324,0.376027,1.168633,-2.700781,-0.3585,-0.4130
1787918804.848328,0.377386,1.168931,-2.699267,-0.3090,-0.4130
1787918804.854564,0.378330,1.169908,-2.696632,-0.2776,-0.4130
1787918804.863570,0.379527,1.170405,-2.694768,-0.2374,-0.3752
1787918804.867166,0.380870,1.170700,-2.692499,-0.2778,-0.3752
1787918804.874116,0.382233,1.171888,-2.690248,-0.2698,-0.3752
1787918804.881091,0.383439,1.172127,-2.688021,-0.2400,-0.3752
1787918804.887637,0.384986,1.172356,-2.685784,-0.2362,-0.3752
1787918804.893916,0.386009,1.173725,-2.683235,-0.2382,-0.3752
1787918804.900959,0.388042,1.173395,-2.682844,-0.2381,-0.3752
1787918804.907620,0.389156,1.174223,-2.680239,-0.2282,-0.3752
1787918804.914031,0.390569,1.175011,-2.677744,-0.2354,-0.3752
1787918804.920859,0.392214,1.175311,-2.676417,-0.2353,-0.3752
1787918804.927388,0.393285,1.175827,-2.673732,-0.2193,-0.3752
1787918804.934817,0.394569,1.176186,-2.672227,-0.2063,-0.3752
1787918804.940815,0.396142,1.177167,-2.669581,-0.2368,-0.3752
1787918804.947761,0.397290,1.177403,-2.667797,-0.2145,-0.3752
1787918804.953974,0.398457,1.177895,-2.666067,-0.2112,-0.3752
1787918804.960875,0.399785,1.178615,-2.663335,-0.2134,-0.2802
1787918804.967741,0.401154,1.179227,-2.661279,-0.2148,-0.2802
1787918804.974270,0.401876,1.179526,-2.659437,-0.1862,-0.2802
1787918804.980463,0.403627,1.179577,-2.658786,-0.2066,-0.2802
1787918804.987250,0.404781,1.180543,-2.656484,-0.2097,-0.2802
1787918804.994082,0.405378,1.181365,-2.654077,-0.1868,-0.2802
1787918805.000825,0.406832,1.181532,-2.652507,-0.1914,-0.2802
1787918805.007488,0.408144,1.181937,-2.650806,-0.1946,-0.2802
1787918805.014914,0.408990,1.182892,-2.649329,-0.1846,-0.2802
1787918805.021096,0.409996,1.183318,-2.647331,-0.1820,-0.2802
1787918805.027732,0.411465,1.183695,-2.646605,-0.1939,-0.2802
1787918805.033861,0.412557,1.184240,-2.644756,-0.1955,-0.2802
1787918805.040927,0.413397,1.184813,-2.643084,-0.1798,-0.2802
1787918805.047238,0.414845,1.185092,-2.642267,-0.1926,-0.2802
1787918805.053673,0.415941,1.185723,-2.640262,-0.1938,-0.2802
1787918805.061579,0.416868,1.186060,-2.638540,-0.1727,-0.2507
1787918805.068756,0.417736,1.187378,-2.635450,-0.1793,-0.2507
1787918805.074637,0.419074,1.187688,-2.633435,-0.1928,-0.2507
1787918805.080601,0.420321,1.187846,-2.631794,-0.1936,-0.2507
1787918805.088380,0.420919,1.189072,-2.628791,-0.1788,-0.2507
1787918805.094481,0.422473,1.189732,-2.627179,-0.2076,-0.2507
1787918805.100803,0.423610,1.190204,-2.625816,-0.2033,-0.2507
1787918805.107298,0.424781,1.190548,-2.623761,-0.1972,-0.2507
1787918805.156883,0.425590,1.191947,-2.621096,-0.1465,-0.2200
1787918805.158180,0.426942,1.192491,-2.619473,-0.4363,-0.2200
1787918805.160834,0.428227,1.192969,-2.617616,-0.4582,-0.2200
1787918805.162883,0.429365,1.193676,-2.615171,-0.5167,-0.2200
1787918805.164719,0.431208,1.194006,-2.614595,-0.6494,-0.2200
1787918805.166544,0.432273,1.194685,-2.612299,-0.6619,-0.2200
1787918805.168237,0.433185,1.195403,-2.610217,-0.6670,-0.2200
1787918805.169955,0.435100,1.195840,-2.609395,-0.7938,-0.2200
1787918805.171911,0.435978,1.196921,-2.607166,-0.7562,-0.2200
1787918805.173877,0.437151,1.197310,-2.605920,-0.7134,-0.2200
1787918805.181268,0.438519,1.198319,-2.604427,-0.5681,-0.2200
1787918805.188197,0.439769,1.199028,-2.602665,-0.4599,-0.2200
1787918805.194304,0.441110,1.199310,-2.601483,-0.3855,-0.2200
1787918805.201310,0.442725,1.200324,-2.599830,-0.3515,-0.2200
1787918805.207520,0.443870,1.200933,-2.597897,-0.3086,-0.2200
1787918805.214803,0.445091,1.201441,-2.596903,-0.2699,-0.2200
1787918805.220610,0.446535,1.202277,-2.595230,-0.2751,-0.2200
1787918805.227766,0.447720,1.202911,-2.593917,-0.2488,-0.2200
1787918805.234479,0.449057,1.203774,-2.592342,-0.2453,-0.2200
1787918805.244223,0.450288,1.204302,-2.591019,-0.2125,-0.2200
1787918805.247463,0.451667,1.204937,-2.589573,-0.2883,-0.2200
1787918805.254084,0.452624,1.205964,-2.587432,-0.2632,-0.2200
1787918805.260970,0.454176,1.206456,-2.586689,-0.2530,-0.1730
1787918805.267706,0.455565,1.207153,-2.584460,-0.2460,-0.1730
1787918805.275065,0.456493,1.208216,-2.582299,-0.2273,-0.1730
1787918805.280993,0.457657,1.208452,-2.580349,-0.2153,-0.1730
1787918805.287015,0.459072,1.209608,-2.578292,-0.2411,-0.1730
1787918805.293909,0.459814,1.210545,-2.577238,-0.2178,-0.1730
1787918805.301019,0.461573,1.211075,-2.576226,-0.2271,-0.1730
1787918805.307408,0.462463,1.212138,-2.574617,-0.2211,-0.1730
1787918805.316642,0.463044,1.213714,-2.573851,-0.1982,-0.1730
1787918805.322336,0.464683,1.214238,-2.573406,-0.2264,-0.1730
1787918805.328898,0.465689,1.215266,-2.571259,-0.2226,-0.1730
1787918805.334491,0.467035,1.215915,-2.571114,-0.2354,-0.1730
1787918805.340702,0.468113,1.216899,-2.568794,-0.2343,-0.1730
1787918805.347412,0.469750,1.217238,-2.568605,-0.2337,-0.1730
1787918805.354105,0.470954,1.217966,-2.566863,-0.2266,-0.1730
1787918805.360316,0.471883,1.218791,-2.564744,-0.2180,-0.1376
1787918805.367451,0.473652,1.219657,-2.563290,-0.2348,-0.1376
1787918805.375911,0.474523,1.220610,-2.561388,-0.2087,-0.1376
1787918805.381744,0.475780,1.221328,-2.560144,-0.2204,-0.1376
1787918805.387478,0.477564,1.222083,-2.559449,-0.2540,-0.1376
1787918805.394071,0.478362,1.223153,-2.556859,-0.2349,-0.1376
1787918805.401438,0.479906,1.223333,-2.556444,-0.2209,-0.1376
1787918805.407575,0.481281,1.224494,-2.554735,-0.2420,-0.1376
1787918805.413782,0.482445,1.225276,-2.553131,-0.2372,-0.1376
1787918805.420583,0.483717,1.225956,-2.552259,-0.2293,-0.1376
1787918805.427555,0.485162,1.226737,-2.551528,-0.2309,-0.1376
1787918805.436816,0.486565,1.227390,-2.550777,-0.2112,-0.1376
1787918805.440270,0.487665,1.227946,-2.549830,-0.2540,-0.1376
1787918805.447640,0.489164,1.228761,-2.548638,-0.2470,-0.1376
1787918805.454650,0.490419,1.229571,-2.547650,-0.2368,0.0108
1787918805.460756,0.491481,1.230643,-2.546210,-0.2385,0.0108
1787918805.467654,0.493043,1.231294,-2.545484,-0.2390,0.0108
1787918805.474041,0.494322,1.232164,-2.543929,-0.2400,0.0108
1787918805.480554,0.495323,1.233224,-2.542317,-0.2336,0.0108
1787918805.487939,0.496603,1.233871,-2.541623,-0.2213,0.0108
1787918805.494257,0.498167,1.235026,-2.540274,-0.2472,0.0108
1787918805.501009,0.499037,1.236100,-2.538629,-0.2319,0.0108
1787918805.507163,0.500532,1.236179,-2.538935,-0.2246,0.0108
1787918805.516207,0.501846,1.237523,-2.537527,-0.2184,0.0108
1787918805.520935,0.503308,1.238170,-2.537123,-0.2525,0.0108
1787918805.527344,0.504179,1.238907,-2.536159,-0.2300,0.0108
1787918805.533941,0.505917,1.239771,-2.535772,-0.2483,0.0108
1787918805.540643,0.507255,1.240345,-2.535395,-0.2377,0.0108
1787918805.550406,0.508268,1.241344,-2.534040,-0.2094,0.0108
1787918805.554207,0.509575,1.242456,-2.533091,-0.2814,0.0108
1787918805.560796,0.510902,1.243001,-2.532375,-0.2608,0.0396
1787918805.567539,0.512204,1.244253,-2.530665,-0.2619,0.0396
1787918805.574819,0.512959,1.245276,-2.528742,-0.2331,0.0396
1787918805.582154,0.514634,1.246067,-2.527435,-0.2378,0.0396
1787918805.587678,0.516048,1.247019,-2.526392,-0.2590,0.0396
1787918805.594148,0.516941,1.248186,-2.524694,-0.2464,0.0396
1787918805.600430,0.518458,1.249190,-2.523282,-0.2593,0.0396
1787918805.607439,0.519717,1.249652,-2.522766,-0.2369,0.0396
1787918805.614188,0.520649,1.251119,-2.521383,-0.2374,0.0396
1787918805.621019,0.521969,1.251923,-2.520408,-0.2339,0.0396
1787918805.628091,0.523516,1.252836,-2.519536,-0.2396,0.0396
1787918805.633948,0.524628,1.253749,-2.518772,-0.2413,0.0396
1787918805.640628,0.525833,1.254717,-2.518049,-0.2382,0.0396
1787918805.648447,0.527515,1.255463,-2.518154,-0.2358,0.0396
1787918805.654362,0.528831,1.256507,-2.517440,-0.2502,0.0396
1787918805.660916,0.529859,1.257364,-2.516988,-0.2363,0.0752
1787918805.667187,0.531393,1.258586,-2.516202,-0.2591,0.0752
1787918805.674278,0.532194,1.259655,-2.515014,-0.2353,0.0752
1787918805.682885,0.534118,1.260074,-2.515692,-0.2277,0.0752
1787918805.688972,0.534823,1.261637,-2.514014,-0.2327,0.0752
1787918805.694367,0.536441,1.262130,-2.514256,-0.2518,0.0752
1787918805.701349,0.537418,1.263420,-2.512979,-0.2428,0.0752
1787918805.707452,0.539015,1.264185,-2.512605,-0.2556,0.0752
1787918805.714198,0.540471,1.265048,-2.511982,-0.2539,0.0752
1787918805.720689,0.541497,1.266349,-2.511162,-0.2514,0.0752
1787918805.727792,0.543037,1.267259,-2.511085,-0.2512,0.0752
1787918805.780179,0.544279,1.268355,-2.510420,-0.1853,0.0965
1787918805.782358,0.545550,1.268977,-2.510096,-0.3216,0.0965
1787918805.784227,0.546896,1.270390,-2.509124,-0.5334,0.0965
1787918805.785996,0.548485,1.271203,-2.508376,-0.6722,0.0965
1787918805.787805,0.549995,1.271799,-2.509011,-0.7309,0.0965
1787918805.789696,0.551023,1.273049,-2.507844,-0.7606,0.0965
1787918805.791670,0.552411,1.274001,-2.507473,-0.7880,0.0965
1787918805.793455,0.553699,1.275111,-2.506503,-0.8366,0.0965
1787918805.795385,0.554865,1.276078,-2.506571,-0.8205,0.0965
1787918805.797160,0.556412,1.277243,-2.505800,-0.9018,0.0965
1787918805.800723,0.557670,1.278035,-2.505500,-0.7561,0.0965
1787918805.807466,0.558994,1.279177,-2.505242,-0.6068,0.0965
1787918805.814104,0.560111,1.280305,-2.504889,-0.4957,0.0965
1787918805.820708,0.561644,1.281251,-2.504672,-0.4285,0.0965
1787918805.827586,0.562616,1.282336,-2.503588,-0.3622,0.0965
1787918805.833779,0.563923,1.283613,-2.503226,-0.3412,0.0965
1787918805.841075,0.565670,1.284249,-2.503873,-0.3122,0.0965
1787918805.847603,0.566709,1.285342,-2.502767,-0.2868,0.0965
1787918805.856767,0.568041,1.286278,-2.502370,-0.2540,0.1237
1787918805.861054,0.569607,1.287260,-2.502351,-0.3068,0.1237
1787918805.868019,0.570646,1.288495,-2.501848,-0.2824,0.1237
1787918805.874232,0.571916,1.289451,-2.501522,-0.2744,0.1237
1787918805.881202,0.573643,1.290519,-2.501098,-0.2792,0.1237
1787918805.888858,0.574875,1.291136,-2.501507,-0.2486,0.1237
1787918805.893868,0.576131,1.292561,-2.500921,-0.2853,0.1237
1787918805.900545,0.577559,1.293245,-2.500562,-0.2695,0.1237
1787918805.907185,0.579002,1.294469,-2.499637,-0.2740,0.1237
1787918805.914167,0.580140,1.295294,-2.499578,-0.2522,0.1237
1787918805.920685,0.581689,1.296349,-2.499643,-0.2627,0.1237
1787918805.927593,0.583049,1.297466,-2.499514,-0.2602,0.1237
1787918805.935302,0.584621,1.298131,-2.500097,-0.2467,0.1237
1787918805.940330,0.585874,1.299394,-2.500613,-0.2777,0.1237
1787918805.948604,0.587568,1.300292,-2.500252,-0.2631,0.1237
1787918805.953973,0.588531,1.301537,-2.499912,-0.2689,0.1237
1787918805.961298,0.590279,1.302433,-2.500043,-0.2675,0.3041
1787918805.967672,0.591585,1.303471,-2.499881,-0.2657,0.3041
1787918805.973647,0.592536,1.305027,-2.498932,-0.2711,0.3041
1787918805.982526,0.594225,1.305742,-2.499184,-0.2499,0.3041
1787918805.990073,0.596172,1.306753,-2.499834,-0.2610,0.3041
1787918805.994641,0.597465,1.307778,-2.499406,-0.2910,0.3041
1787918806.000882,0.598552,1.309151,-2.498636,-0.2851,0.3041
1787918806.007370,0.600779,1.309567,-2.500207,-0.2936,0.3041
1787918806.014410,0.601146,1.311190,-2.498652,-0.2595,0.3041
1787918806.021172,0.602706,1.312239,-2.499202,-0.2649,0.3041
1787918806.027189,0.604511,1.313053,-2.500375,-0.2819,0.3041
1787918806.034266,0.605503,1.314260,-2.500012,-0.2616,0.3041
1787918806.046249,0.606800,1.315354,-2.500317,-0.2255,0.3041
1787918806.047930,0.608544,1.316308,-2.501176,-0.5093,0.3041
1787918806.054397,0.609708,1.317485,-2.501138,-0.4324,0.3041
1787918806.061676,0.611220,1.318445,-2.500806,-0.3763,0.3218
1787918806.082121,0.612771,1.319628,-2.500997,-0.2920,0.3218
1787918806.083313,0.614138,1.320633,-2.500645,-0.6319,0.3218
1787918806.084258,0.615010,1.322174,-2.499303,-0.9569,0.3218
1787918806.087398,0.616811,1.322864,-2.499357,-0.8471,0.3218
1787918806.093752,0.617702,1.324675,-2.497265,-0.6779,0.3218
1787918806.100788,0.619067,1.325408,-2.497937,-0.5399,0.3218
1787918806.108042,0.620204,1.326746,-2.497689,-0.4487,0.3218
1787918806.113995,0.621423,1.328140,-2.497200,-0.4054,0.3218
1787918806.121108,0.623186,1.328694,-2.498124,-0.3573,0.3218
1787918806.128946,0.624274,1.329942,-2.498338,-0.3121,0.3218
1787918806.145098,0.626130,1.330598,-2.499742,-0.2534,0.3218
1787918806.146029,0.627494,1.331608,-2.500218,-0.7246,0.3218
1787918806.147942,0.628725,1.332836,-2.500671,-0.7772,0.3218
1787918806.154150,0.630214,1.333588,-2.501679,-0.6234,0.3218
1787918806.160802,0.631413,1.334761,-2.502015,-0.5114,0.3481
1787918806.167989,0.632931,1.335450,-2.503474,-0.4260,0.3481
1787918806.174850,0.634320,1.336457,-2.504288,-0.3732,0.3481
1787918806.180874,0.635525,1.337686,-2.504977,-0.3459,0.3481
1787918806.187216,0.636922,1.338614,-2.506863,-0.3214,0.3481
1787918806.194873,0.638286,1.339873,-2.507264,-0.2972,0.3481
1787918806.201113,0.639608,1.340646,-2.508580,-0.2813,0.3481
1787918806.207791,0.640965,1.341674,-2.509365,-0.2733,0.3481
1787918806.214234,0.642012,1.342951,-2.509512,-0.2658,0.3481
1787918806.220598,0.643582,1.343355,-2.510841,-0.2571,0.3481
1787918806.227557,0.644628,1.344716,-2.511117,-0.2510,0.3481
1787918806.233752,0.646251,1.345321,-2.512757,-0.2565,0.3481
1787918806.243031,0.647147,1.346588,-2.512712,-0.2271,0.3481
1787918806.248307,0.648305,1.347454,-2.513434,-0.2411,0.3481
1787918806.255168,0.649550,1.348492,-2.514056,-0.2395,0.3445
1787918806.261097,0.650639,1.349560,-2.514632,-0.2440,0.3445
1787918806.267068,0.651969,1.350568,-2.515872,-0.2546,0.3445
1787918806.274041,0.653190,1.351503,-2.516888,-0.2444,0.3445
1787918806.281231,0.654370,1.352395,-2.517868,-0.2327,0.3445
1787918806.287454,0.655319,1.353845,-2.517617,-0.2409,0.3445
1787918806.297268,0.656705,1.354640,-2.518971,-0.2172,0.3445
1787918806.300970,0.658013,1.355765,-2.519480,-0.2914,0.3445
1787918806.307376,0.659135,1.356776,-2.519907,-0.2742,0.3445
1787918806.314267,0.660506,1.357523,-2.521108,-0.2595,0.3445
1787918806.320540,0.661778,1.358639,-2.521580,-0.2621,0.3445
1787918806.327500,0.662861,1.359901,-2.521959,-0.2531,0.3445
1787918806.334130,0.664489,1.360487,-2.524007,-0.2526,0.3445
1787918806.341832,0.665391,1.361841,-2.524156,-0.2360,0.3445
1787918806.358510,0.667059,1.362844,-2.525544,-0.2001,0.4197
1787918806.359671,0.667967,1.363686,-2.526473,-0.4575,0.4197
1787918806.361640,0.669436,1.364753,-2.527533,-0.5967,0.4197
1787918806.368513,0.670801,1.365829,-2.528983,-0.4935,0.4197
1787918806.374422,0.671776,1.366670,-2.529192,-0.4105,0.4197
1787918806.380911,0.673162,1.367797,-2.529871,-0.3697,0.4197
1787918806.387648,0.674362,1.368617,-2.531463,-0.3235,0.4197
1787918806.393969,0.675357,1.369620,-2.531654,-0.2924,0.4197
1787918806.403747,0.676990,1.370698,-2.532960,-0.2647,0.4197
1787918806.407431,0.677914,1.371706,-2.533714,-0.2940,0.4197
1787918806.414188,0.679485,1.372089,-2.535356,-0.2728,0.4197
1787918806.421186,0.680612,1.373329,-2.536234,-0.2609,0.4197
1787918806.427531,0.681799,1.374227,-2.537104,-0.2530,0.4197
1787918806.434199,0.683024,1.375200,-2.537930,-0.2473,0.4197
1787918806.440769,0.684513,1.376035,-2.539007,-0.2507,0.4197
1787918806.447592,0.685579,1.377208,-2.539453,-0.2433,0.4197
1787918806.454601,0.686552,1.378169,-2.540195,-0.2280,0.4252
1787918806.460839,0.687947,1.379087,-2.540247,-0.2399,0.4252
1787918806.467098,0.688888,1.380157,-2.540572,-0.2341,0.4252
1787918806.473784,0.690164,1.380924,-2.541531,-0.2306,0.4252
1787918806.481180,0.691174,1.382070,-2.541881,-0.2214,0.4252
1787918806.487428,0.692189,1.383232,-2.542133,-0.2267,0.4252
1787918806.494334,0.693455,1.383973,-2.543319,-0.2223,0.4252
1787918806.502001,0.694586,1.384561,-2.544197,-0.2051,0.4252
1787918806.507109,0.695662,1.385757,-2.544879,-0.2354,0.4252
1787918806.514589,0.696596,1.386673,-2.545190,-0.2164,0.4252
1787918806.520764,0.697949,1.387351,-2.546867,-0.2244,0.4252
1787918806.527480,0.698809,1.388393,-2.547071,-0.2149,0.4252
1787918806.534153,0.699976,1.389011,-2.547871,-0.2095,0.4252
1787918806.540473,0.701181,1.389571,-2.549206,-0.2089,0.4252
1787918806.549951,0.702334,1.390762,-2.550023,-0.1976,0.4252
1787918806.554128,0.703248,1.391190,-2.550518,-0.2099,0.4252
1787918806.562654,0.704488,1.391688,-2.552357,-0.1930,0.4407
1787918806.567368,0.705430,1.393070,-2.552730,-0.2338,0.4407
1787918806.574129,0.706220,1.393960,-2.552974,-0.2148,0.4407
1787918806.580447,0.707340,1.394556,-2.553437,-0.2103,0.4407
1787918806.587375,0.708143,1.395410,-2.554033,-0.1966,0.4407
1787918806.594460,0.709298,1.396309,-2.554619,-0.1994,0.4407
1787918806.600578,0.710319,1.397085,-2.555095,-0.2024,0.4407
1787918806.607727,0.711176,1.397924,-2.555337,-0.1911,0.4407
1787918806.613836,0.712397,1.398388,-2.557180,-0.1964,0.4407
1787918806.620595,0.713285,1.399420,-2.557572,-0.1956,0.4407
1787918806.628720,0.714330,1.400056,-2.558026,-0.1820,0.4407
1787918806.633837,0.715217,1.400816,-2.558669,-0.1954,0.4407
1787918806.641125,0.716634,1.401418,-2.560229,-0.1991,0.4407
1787918806.647135,0.717401,1.402302,-2.560735,-0.1956,0.4407
1787918806.665200,0.718395,1.402951,-2.561230,-0.1566,0.4617
1787918806.666266,0.719525,1.403557,-2.562408,-0.4691,0.4617
1787918806.667268,0.720502,1.404383,-2.563051,-0.7087,0.4617
1787918806.677501,0.721515,1.404892,-2.564194,-0.5291,0.4617
1787918806.697611,0.722665,1.405421,-2.565591,-0.3891,0.4617
1787918806.698923,0.723431,1.406421,-2.566188,-0.5437,0.4617
1787918806.700797,0.724246,1.407358,-2.566799,-0.5716,0.4617
1787918806.701692,0.725378,1.407833,-2.567927,-0.8050,0.4617
1787918806.707991,0.726304,1.408671,-2.568572,-0.6222,0.4617
1787918806.713711,0.727309,1.409238,-2.569933,-0.4960,0.4617
1787918806.720856,0.728242,1.410182,-2.570632,-0.4016,0.4617
1787918806.727296,0.729171,1.410860,-2.572211,-0.3346,0.4617
1787918806.734192,0.730161,1.411519,-2.573168,-0.2859,0.4617
1787918806.741224,0.731096,1.412452,-2.573686,-0.2552,0.4617
1787918806.747149,0.732036,1.413016,-2.574744,-0.2341,0.4617
1787918806.755316,0.732993,1.413853,-2.575499,-0.2100,0.4782
1787918806.760751,0.733720,1.414887,-2.575872,-0.2115,0.4782
1787918806.767239,0.734542,1.415241,-2.577309,-0.1889,0.4782
1787918806.773907,0.735741,1.415621,-2.578522,-0.1870,0.4782
1787918806.782029,0.736648,1.416368,-2.579276,-0.1740,0.4782
1787918806.787220,0.737648,1.416970,-2.580152,-0.1892,0.4782
1787918806.793847,0.738366,1.418123,-2.581090,-0.1877,0.4782
1787918806.800623,0.739384,1.418264,-2.582333,-0.1729,0.4782
1787918806.809294,0.740363,1.418719,-2.583545,-0.1581,0.4782
1787918806.814346,0.740885,1.419777,-2.583820,-0.1703,0.4782
1787918806.820605,0.741809,1.420399,-2.585034,-0.1725,0.4782
1787918806.827767,0.742451,1.421025,-2.585788,-0.1575,0.4782
1787918806.834024,0.743303,1.421735,-2.586619,-0.1629,0.4782
1787918806.840549,0.743940,1.422611,-2.586770,-0.1601,0.4782
1787918806.847617,0.744896,1.422932,-2.588105,-0.1538,0.4782
1787918806.858902,0.745808,1.423405,-2.589541,-0.1349,0.6239
1787918806.861048,0.746562,1.423939,-2.590084,-0.2233,0.6239
1787918806.867131,0.747217,1.424995,-2.589897,-0.2111,0.6239
1787918806.874238,0.747875,1.425531,-2.590168,-0.1833,0.6239
1787918806.881109,0.748677,1.425846,-2.591527,-0.1653,0.6239
1787918806.887305,0.749497,1.426424,-2.591972,-0.1642,0.6239
1787918806.893877,0.750175,1.427218,-2.592421,-0.1603,0.6239
1787918806.900652,0.751100,1.427797,-2.593163,-0.1605,0.6239
1787918806.907831,0.751818,1.428221,-2.593970,-0.1472,0.6239
1787918806.914204,0.752356,1.428967,-2.594336,-0.1429,0.6239
1787918806.920876,0.753437,1.429248,-2.595722,-0.1481,0.6239
1787918806.927276,0.754208,1.430007,-2.597057,-0.1531,0.6239
1787918806.933945,0.754993,1.430369,-2.598090,-0.1458,0.6239
1787918806.941725,0.755779,1.430533,-2.599806,-0.1313,0.6239
1787918806.947450,0.756557,1.431063,-2.600818,-0.1411,0.6239
1787918806.953886,0.757291,1.431935,-2.601947,-0.1490,0.6239
1787918806.993533,0.757956,1.432008,-2.603173,-0.1089,0.6323
1787918806.994772,0.758746,1.432545,-2.604112,-0.3074,0.6323
1787918806.995903,0.759556,1.433296,-2.604202,-0.5017,0.6323
1787918806.997849,0.760211,1.434048,-2.604016,-0.4972,0.6323
1787918806.998707,0.760996,1.434601,-2.604464,-0.6828,0.6323
1787918806.999487,0.761628,1.435261,-2.604430,-0.8167,0.6323
1787918807.001067,0.762409,1.435747,-2.605119,-0.7463,0.6323
1787918807.007108,0.763154,1.436307,-2.605560,-0.5685,0.6323
1787918807.014690,0.763768,1.437284,-2.605927,-0.4385,0.6323
1787918807.021748,0.764757,1.437901,-2.606858,-0.3565,0.6323
1787918807.027268,0.765394,1.438404,-2.607260,-0.2933,0.6323
1787918807.033875,0.766027,1.439009,-2.608167,-0.2440,0.6323
1787918807.040285,0.766886,1.439468,-2.609170,-0.2164,0.6323
1787918807.047584,0.767637,1.439912,-2.610140,-0.1873,0.6323
1787918807.054198,0.768410,1.440296,-2.611461,-0.1702,0.6323
1787918807.061690,0.768977,1.440828,-2.612754,-0.1495,0.6557
1787918807.067484,0.769898,1.441244,-2.614054,-0.1566,0.6557
1787918807.074612,0.770827,1.441950,-2.615253,-0.1584,0.6557
1787918807.081072,0.771338,1.442527,-2.616110,-0.1449,0.6557
1787918807.087427,0.772149,1.442547,-2.618344,-0.1350,0.6557
1787918807.095026,0.772714,1.443448,-2.618811,-0.1316,0.6557
1787918807.101370,0.773452,1.443969,-2.619616,-0.1346,0.6557
1787918807.107069,0.774234,1.444638,-2.620408,-0.1475,0.6557
1787918807.116396,0.774838,1.444951,-2.621949,-0.1251,0.6557
1787918807.120689,0.775408,1.445522,-2.622726,-0.1420,0.6557
1787918807.127230,0.776336,1.446052,-2.623900,-0.1484,0.6557
1787918807.134574,0.777200,1.446438,-2.625416,-0.1423,0.6557
1787918807.141295,0.777912,1.446883,-2.626440,-0.1371,0.6557
1787918807.148133,0.778548,1.447345,-2.628068,-0.1302,0.6557
1787918807.154438,0.779254,1.448176,-2.628758,-0.1398,0.6557
1787918807.160353,0.779934,1.448556,-2.629803,-0.1374,0.6585
1787918807.167211,0.780620,1.449194,-2.630953,-0.1360,0.6585
1787918807.177018,0.781386,1.449686,-2.632508,-0.1230,0.6585
1787918807.180669,0.781796,1.450312,-2.633226,-0.1405,0.6585
1787918807.187593,0.782360,1.450964,-2.634161,-0.1335,0.6585
1787918807.197802,0.783058,1.451419,-2.634875,-0.1178,0.6585
1787918807.201437,0.783750,1.451629,-2.636354,-0.1409,0.6585
1787918807.208945,0.784415,1.452120,-2.637256,-0.1313,0.6585
1787918807.214051,0.784784,1.452855,-2.637970,-0.1318,0.6585
1787918807.222909,0.785326,1.453454,-2.638194,-0.1181,0.6585
1787918807.228929,0.785788,1.453810,-2.638368,-0.1114,0.6585
1787918807.234536,0.786466,1.454061,-2.639716,-0.1162,0.6585
1787918807.240847,0.787013,1.454884,-2.640572,-0.1230,0.6585
1787918807.247187,0.787613,1.455133,-2.641456,-0.1167,0.6585
1787918807.254216,0.788036,1.455833,-2.641476,-0.1118,0.6585
1787918807.260740,0.788697,1.456289,-2.642340,-0.1150,0.6781
1787918807.268306,0.789544,1.456053,-2.644068,-0.1056,0.6781
1787918807.274453,0.789933,1.456684,-2.645071,-0.1052,0.6781
1787918807.280257,0.790603,1.456947,-2.646646,-0.1106,0.6781
1787918807.290121,0.791097,1.457653,-2.646912,-0.1008,0.6781
1787918807.294207,0.791838,1.457893,-2.647790,-0.1268,0.6781
1787918807.300467,0.792321,1.458458,-2.648608,-0.1220,0.6781
1787918807.307549,0.792987,1.458829,-2.649757,-0.1177,0.6781
1787918807.314177,0.793374,1.459523,-2.650836,-0.1126,0.6781
1787918807.322124,0.794085,1.459790,-2.651336,-0.1073,0.6781
1787918807.328249,0.794523,1.460293,-2.651676,-0.1056,0.6781
1787918807.333787,0.795158,1.460521,-2.652633,-0.1101,0.6781
1787918807.340977,0.795654,1.460979,-2.653467,-0.1043,0.6781
1787918807.347212,0.796043,1.461897,-2.653600,-0.1103,0.6781
1787918807.354366,0.796701,1.462080,-2.654565,-0.1051,0.6781
1787918807.360616,0.797173,1.462465,-2.655148,-0.1023,0.6963
1787918807.368965,0.797695,1.462776,-2.655774,-0.0934,0.6963
1787918807.374124,0.798098,1.463490,-2.656170,-0.1055,0.6963
1787918807.381277,0.798846,1.463455,-2.657522,-0.1009,0.6963
1787918807.387209,0.799428,1.463886,-2.658778,-0.1068,0.6963
1787918807.395004,0.799892,1.464476,-2.659140,-0.1011,0.6963
1787918807.401568,0.800397,1.464874,-2.659864,-0.0997,0.6963
1787918807.407304,0.800856,1.465141,-2.660719,-0.0975,0.6963
1787918807.414941,0.801184,1.466017,-2.660724,-0.0956,0.6963
1787918807.424514,0.801754,1.466303,-2.661388,-0.0869,0.6963
1787918807.427607,0.802113,1.466856,-2.662007,-0.1165,0.6963
1787918807.435980,0.802704,1.467027,-2.663438,-0.1031,0.6963
1787918807.441683,0.803319,1.467080,-2.664598,-0.1023,0.6963
1787918807.447872,0.803719,1.467594,-2.664663,-0.1003,0.6963
1787918807.454833,0.804195,1.467924,-2.665479,-0.0949,0.7000
1787918807.461730,0.805021,1.468168,-2.666605,-0.1032,0.7000
1787918807.467923,0.805598,1.468669,-2.667692,-0.1082,0.7000
1787918807.474600,0.805990,1.469230,-2.668340,-0.1029,0.7000
1787918807.480818,0.806347,1.469603,-2.669216,-0.0956,0.7000
1787918807.487769,0.806962,1.469870,-2.670323,-0.0958,0.7000
1787918807.494824,0.807474,1.470359,-2.670581,-0.0959,0.7000
1787918807.503999,0.808270,1.470676,-2.671863,-0.0950,0.7000
1787918807.509056,0.808852,1.471225,-2.673119,-0.1120,0.7000
1787918807.514227,0.809340,1.471576,-2.673898,-0.1128,0.7000
1787918807.520688,0.809908,1.471977,-2.674520,-0.1110,0.7000
1787918807.527909,0.810344,1.472641,-2.674812,-0.1063,0.7000
1787918807.533846,0.811015,1.473028,-2.675888,-0.1134,0.7000
1787918807.540941,0.811679,1.472945,-2.677379,-0.1029,0.7000
1787918807.551064,0.812054,1.473651,-2.677862,-0.0914,0.7000
1787918807.554113,0.812594,1.474104,-2.678632,-0.1314,0.7000
1787918807.560930,0.813264,1.474313,-2.679736,-0.1225,0.7000
1787918807.567645,0.813729,1.474929,-2.679886,-0.1166,0.7000
1787918807.614865,0.814290,1.475670,-2.680942,-0.0869,0.7000
1787918807.616103,0.814903,1.475727,-2.682008,-0.1999,0.7000
1787918807.617333,0.815446,1.476275,-2.682907,-0.3179,0.7000
1787918807.619085,0.816062,1.476611,-2.683827,-0.3425,0.7000
1787918807.620080,0.816767,1.476712,-2.685074,-0.4442,0.7000
1787918807.620843,0.817163,1.476992,-2.685929,-0.4993,0.7000
1787918807.621842,0.817681,1.477552,-2.686831,-0.5631,0.7000
1787918807.623582,0.818367,1.477786,-2.688282,-0.5182,0.7000
1787918807.628753,0.818920,1.478358,-2.688944,-0.4061,0.7000
1787918807.634476,0.819408,1.478635,-2.689803,-0.3136,0.7000
1787918807.640381,0.820223,1.478529,-2.691395,-0.2545,0.7000
1787918807.647601,0.820580,1.479067,-2.691501,-0.2012,0.7000
1787918807.654375,0.821086,1.479454,-2.692513,-0.1685,0.7000
1787918807.661001,0.821821,1.479752,-2.693666,-0.1538,0.7000
1787918807.667166,0.822458,1.480244,-2.694234,-0.1460,0.7000
1787918807.676382,0.822941,1.480399,-2.694993,-0.1185,0.7000
1787918807.680483,0.823595,1.481013,-2.695706,-0.1455,0.7000
1787918807.688837,0.824127,1.481317,-2.696683,-0.1238,0.7000
1787918807.693908,0.824671,1.481806,-2.697249,-0.1281,0.7000
1787918807.700877,0.825251,1.482373,-2.697158,-0.1227,0.7000
1787918807.707090,0.825885,1.482536,-2.698194,-0.1170,0.7000
1787918807.714538,0.826507,1.482548,-2.699218,-0.1047,0.7000
1787918807.720816,0.827028,1.482961,-2.699820,-0.1042,0.7000
1787918807.727132,0.827477,1.483739,-2.700245,-0.1080,0.7000
1787918807.734404,0.828071,1.484185,-2.701020,-0.1056,0.7000
1787918807.740594,0.828695,1.484375,-2.702108,-0.1053,0.7000
1787918807.747476,0.829029,1.484947,-2.702336,-0.0974,0.7000
1787918807.754297,0.829526,1.485082,-2.703353,-0.0905,0.7000
1787918807.761245,0.830249,1.485081,-2.704806,-0.0916,0.7000
1787918807.767581,0.830791,1.485826,-2.705200,-0.1023,0.7000
1787918807.773867,0.831400,1.486260,-2.705890,-0.1067,0.7000
1787918807.780987,0.831903,1.486483,-2.706944,-0.0979,0.7000
1787918807.788281,0.832528,1.486600,-2.707939,-0.0939,0.7000
1787918807.794051,0.832832,1.487269,-2.708481,-0.0946,0.7000
1787918807.802889,0.833493,1.487480,-2.709886,-0.0896,0.7000
1787918807.807271,0.834191,1.487875,-2.710584,-0.1175,0.7000
1787918807.813709,0.834430,1.488441,-2.711324,-0.1033,0.7000
1787918807.820319,0.834951,1.488649,-2.712143,-0.0978,0.7000
1787918807.827427,0.835510,1.488935,-2.712981,-0.0949,0.7000
1787918807.834441,0.836024,1.489060,-2.714468,-0.0886,0.7000
1787918807.841217,0.836868,1.489378,-2.715710,-0.1019,0.7000
1787918807.847378,0.837273,1.489921,-2.716145,-0.1002,0.7000
1787918807.853971,0.837765,1.490353,-2.716585,-0.0986,0.7000
1787918807.860722,0.838323,1.490555,-2.717731,-0.0953,0.7000
1787918807.867608,0.838714,1.490911,-2.718310,-0.0887,0.7000
1787918807.873907,0.839205,1.491432,-2.718470,-0.0936,0.7000
1787918807.880877,0.839821,1.491483,-2.719805,-0.0906,0.7000
1787918807.887877,0.840329,1.491946,-2.720532,-0.0914,0.7000
1787918807.893973,0.840906,1.492330,-2.720924,-0.0976,0.7000
1787918807.901250,0.841582,1.492253,-2.722088,-0.0925,0.7000
1787918807.907632,0.841912,1.492963,-2.722341,-0.0925,0.7000
1787918807.913768,0.842580,1.493147,-2.723601,-0.0982,0.7000
1787918807.920917,0.843081,1.493280,-2.723913,-0.0902,0.7000
1787918807.929132,0.843512,1.493880,-2.724611,-0.0864,0.7000
1787918807.935622,0.843974,1.494451,-2.725564,-0.0907,0.7000
1787918807.941279,0.844659,1.494362,-2.726495,-0.0948,0.7000
1787918807.949901,0.845156,1.494769,-2.726900,-0.0879,0.7000
1787918807.954607,0.845689,1.495230,-2.727586,-0.1045,0.7000
1787918807.961253,0.846306,1.495436,-2.728251,-0.1024,0.7000
1787918807.967513,0.846604,1.495826,-2.728988,-0.0923,0.7000
1787918807.974817,0.846975,1.496282,-2.729314,-0.0860,0.7000
1787918807.980555,0.847590,1.496447,-2.730437,-0.0931,0.7000
1787918807.987559,0.848262,1.496583,-2.731564,-0.0939,0.7000
1787918807.996106,0.848768,1.496854,-2.732306,-0.0858,0.7000
1787918808.001064,0.849285,1.497230,-2.733118,-0.0979,0.7000
1787918808.007625,0.849559,1.497745,-2.733801,-0.0893,0.7000
1787918808.014037,0.850164,1.498115,-2.735011,-0.0954,0.7000
1787918808.020464,0.850709,1.498562,-2.735782,-0.0984,0.7000
1787918808.028088,0.850889,1.498948,-2.736273,-0.0814,0.7000
1787918808.034095,0.851612,1.499225,-2.737468,-0.0956,0.7000
1787918808.043160,0.852199,1.499373,-2.738454,-0.0867,0.7000
1787918808.048306,0.852689,1.499436,-2.739534,-0.0884,0.7000
1787918808.054020,0.852979,1.500103,-2.739754,-0.0896,0.7000
1787918808.061098,0.853527,1.500533,-2.740477,-0.0912,0.7000
1787918808.067305,0.854122,1.500977,-2.741353,-0.0987,0.7000
1787918808.074540,0.854528,1.501094,-2.742316,-0.0865,0.7000
1787918808.080695,0.855249,1.501396,-2.743383,-0.0987,0.7000
1787918808.087562,0.855790,1.501457,-2.744824,-0.0919,0.7000
1787918808.094123,0.856149,1.502181,-2.744634,-0.0923,0.7000
1787918808.100244,0.856849,1.502267,-2.746061,-0.0979,0.7000
1787918808.109319,0.857290,1.502729,-2.746521,-0.0878,0.7000
1787918808.114212,0.857904,1.502936,-2.747156,-0.1011,0.7000
1787918808.121241,0.858380,1.503480,-2.747348,-0.0985,0.7000
1787918808.127362,0.859128,1.503698,-2.748748,-0.1069,0.7000
1787918808.133988,0.859635,1.503994,-2.749133,-0.1012,0.7000
1787918808.140809,0.860260,1.504150,-2.750131,-0.0988,0.7000
1787918808.147472,0.860817,1.504418,-2.750898,-0.0970,0.7000
1787918808.153677,0.861344,1.504607,-2.752012,-0.0949,0.7000
1787918808.160841,0.861930,1.504886,-2.752544,-0.0936,0.7000
1787918808.167331,0.862438,1.505116,-2.752952,-0.0913,0.7000
1787918808.173825,0.862975,1.505862,-2.753218,-0.0999,0.7000
1787918808.180936,0.863527,1.505896,-2.754163,-0.0920,0.7000
1787918808.188220,0.864014,1.506426,-2.754841,-0.0912,0.7000
1787918808.194225,0.864618,1.506796,-2.755826,-0.0988,0.7000
1787918808.200660,0.865247,1.506896,-2.756759,-0.0980,0.7000
1787918808.207644,0.865707,1.507160,-2.757602,-0.0912,0.7000
1787918808.214389,0.866269,1.507178,-2.758976,-0.0873,0.7000
1787918808.220964,0.866976,1.507294,-2.759968,-0.0930,0.7000
1787918808.227217,0.867454,1.507714,-2.760580,-0.0939,0.7000
1787918808.234233,0.867846,1.507838,-2.761695,-0.0833,0.7000
1787918808.243148,0.868550,1.508214,-2.762958,-0.0850,0.7000
1787918808.247223,0.868915,1.508680,-2.762801,-0.0972,0.7000
1787918808.254236,0.869479,1.509002,-2.763743,-0.0955,0.7000
1787918808.260654,0.869967,1.509400,-2.764553,-0.0949,0.7000
1787918808.267530,0.870477,1.509392,-2.765609,-0.0870,0.7000
1787918808.273926,0.870941,1.509550,-2.766433,-0.0839,0.7000
1787918808.280714,0.871542,1.509610,-2.767600,-0.0844,0.7000
1787918808.290564,0.871923,1.510339,-2.768037,-0.0780,0.7000
1787918808.294297,0.872672,1.510612,-2.768586,-0.1187,0.7000
1787918808.329803,0.873430,1.510673,-2.769508,-0.0892,0.7000
1787918808.331965,0.873647,1.511050,-2.769868,-0.1094,0.7000
1787918808.333752,0.874227,1.511349,-2.770510,-0.1856,0.7000
1787918808.334910,0.874609,1.511696,-2.771023,-0.2546,0.7000
1787918808.335696,0.874904,1.512232,-2.771175,-0.3573,0.7000
1787918808.337043,0.875527,1.512479,-2.771788,-0.3994,0.7000
1787918808.341293,0.876088,1.512876,-2.772516,-0.3266,0.7000
1787918808.347943,0.876865,1.512821,-2.773030,-0.2604,0.7000
1787918808.354225,0.877145,1.513138,-2.773097,-0.2002,0.7000
1787918808.360608,0.877672,1.513308,-2.773991,-0.1661,0.7000
1787918808.367534,0.878116,1.513806,-2.774689,-0.1420,0.7000
1787918808.373794,0.878634,1.514215,-2.775217,-0.1296,0.7000
1787918808.381014,0.879140,1.514247,-2.776214,-0.1108,0.7000
1787918808.387292,0.880049,1.514566,-2.777660,-0.1236,0.7000
1787918808.394387,0.880509,1.514642,-2.778304,-0.1058,0.7000
1787918808.400760,0.881088,1.514730,-2.779307,-0.1011,0.7000
1787918808.407552,0.881288,1.514966,-2.779946,-0.0827,0.7000
1787918808.416426,0.881863,1.515372,-2.780543,-0.0809,0.7000
1787918808.420739,0.882357,1.515352,-2.781755,-0.0883,0.7000
1787918808.427455,0.882754,1.516014,-2.781628,-0.0888,0.7000
1787918808.433794,0.883437,1.515951,-2.783120,-0.0914,0.7000
1787918808.441196,0.883873,1.516334,-2.783712,-0.0860,0.7000
1787918808.447862,0.884444,1.516578,-2.784350,-0.0881,0.7000
1787918808.454631,0.884751,1.517009,-2.785321,-0.0811,0.7000
1787918808.460951,0.885198,1.517207,-2.785765,-0.0799,0.7000
1787918808.467214,0.885649,1.517308,-2.786822,-0.0779,0.7000
1787918808.473726,0.886210,1.517734,-2.787115,-0.0855,0.7000
1787918808.480866,0.886777,1.517617,-2.787958,-0.0805,0.7000
1787918808.487295,0.887379,1.517600,-2.789316,-0.0825,0.7000
1787918808.496171,0.887767,1.518106,-2.789797,-0.0760,0.7000
1787918808.501371,0.887995,1.518466,-2.790467,-0.0726,0.7000
1787918808.508674,0.888294,1.518715,-2.790821,-0.0659,0.7000
1787918808.514895,0.888725,1.519318,-2.791622,-0.0756,0.7000
1787918808.521526,0.889403,1.519428,-2.792755,-0.0835,0.7000
1787918808.528296,0.889707,1.519789,-2.792914,-0.0765,0.7000
1787918808.534749,0.890285,1.519744,-2.793922,-0.0781,0.7000
1787918808.542450,0.890895,1.519795,-2.795013,-0.0777,0.7000
1787918808.553330,0.891434,1.520153,-2.795506,-0.0717,0.7000
1787918808.555506,0.891829,1.520248,-2.796333,-0.1060,0.7000
1787918808.560710,0.892109,1.520765,-2.796294,-0.0994,0.7000
1787918808.568931,0.892618,1.520870,-2.797279,-0.0884,0.7000
1787918808.574284,0.892841,1.521667,-2.797143,-0.0887,0.7000
1787918808.581981,0.893436,1.521827,-2.797420,-0.0860,0.7000
1787918808.587385,0.894009,1.521884,-2.798734,-0.0913,0.7000
1787918808.593702,0.894272,1.522178,-2.798800,-0.0803,0.7000
1787918808.601092,0.894925,1.522383,-2.799339,-0.0840,0.7000
1787918808.607524,0.895203,1.522754,-2.799860,-0.0768,0.7000
1787918808.613622,0.895858,1.522794,-2.801601,-0.0848,0.7000
1787918808.621230,0.896359,1.522991,-2.801879,-0.0806,0.7000
1787918808.627311,0.896984,1.523182,-2.803052,-0.0886,0.7000
1787918808.634020,0.897574,1.523257,-2.804409,-0.0880,0.7000
1787918808.640933,0.898009,1.523414,-2.805111,-0.0817,0.7000
1787918808.647055,0.898405,1.523834,-2.805498,-0.0823,0.7000
1787918808.654617,0.898946,1.523979,-2.805981,-0.0798,0.7000
1787918808.660661,0.899438,1.524217,-2.807108,-0.0828,0.7000
1787918808.667293,0.899928,1.524509,-2.807283,-0.0832,0.7000
1787918808.674503,0.900481,1.524988,-2.807909,-0.0865,0.7000
1787918808.680974,0.901164,1.524779,-2.809242,-0.0873,0.7000
1787918808.687325,0.901515,1.525034,-2.809913,-0.0807,0.7000
1787918808.694375,0.901990,1.525281,-2.810607,-0.0790,0.7000
1787918808.701061,0.902515,1.525609,-2.811068,-0.0824,0.7000
1787918808.706813,0.903047,1.526082,-2.811655,-0.0919,0.7000
1787918808.714378,0.903648,1.526416,-2.812279,-0.0912,0.7000
1787918808.720826,0.904226,1.526582,-2.812914,-0.0918,0.7000
1787918808.727162,0.904775,1.526897,-2.813756,-0.0937,0.7000
1787918808.734196,0.905296,1.526852,-2.815059,-0.0860,0.7000
1787918808.740611,0.905644,1.526981,-2.815812,-0.0775,0.7000
1787918808.747190,0.906084,1.527373,-2.816695,-0.0790,0.7000
1787918808.757884,0.906704,1.528083,-2.816875,-0.0781,0.7000
1787918808.760805,0.907218,1.528062,-2.817450,-0.1040,0.7000
1787918808.767470,0.907627,1.528427,-2.818261,-0.0955,0.7000
1787918808.774215,0.908139,1.528667,-2.818581,-0.0919,0.7000
1787918808.780465,0.908658,1.528823,-2.819372,-0.0903,0.7000
1787918808.788355,0.909003,1.529065,-2.820091,-0.0785,0.7000
1787918808.794212,0.909531,1.529321,-2.820812,-0.0848,0.7000
1787918808.802837,0.910024,1.529496,-2.821337,-0.0776,0.7000
1787918808.807569,0.910542,1.529843,-2.821898,-0.0924,0.7000
1787918808.815781,0.910973,1.530338,-2.822142,-0.0853,0.7000
1787918808.820897,0.911559,1.530454,-2.822928,-0.0944,0.7000
1787918808.827668,0.912182,1.530427,-2.824102,-0.0920,0.7000
1787918808.834362,0.912609,1.530498,-2.824949,-0.0836,0.7000
1787918808.840937,0.912968,1.530888,-2.825568,-0.0796,0.7000
1787918808.847072,0.913450,1.531209,-2.826073,-0.0830,0.7000
1787918808.858476,0.913932,1.531553,-2.826455,-0.0730,0.7000
1787918808.861102,0.914479,1.531539,-2.827696,-0.1100,0.7000
1787918808.867472,0.914856,1.532136,-2.827865,-0.1026,0.7000
1787918808.874409,0.915493,1.532281,-2.828683,-0.1000,0.7000
1787918808.880650,0.915881,1.532227,-2.829634,-0.0869,0.7000
1787918808.887331,0.916475,1.532241,-2.830915,-0.0864,0.7000
1787918808.893844,0.917046,1.532455,-2.831360,-0.0885,0.7000
1787918808.901032,0.917555,1.532382,-2.832205,-0.0813,0.7000
1787918808.907095,0.917937,1.533059,-2.832353,-0.0851,0.7000
1787918808.914248,0.918237,1.533481,-2.832876,-0.0769,0.7000
1787918808.920400,0.918901,1.533570,-2.833368,-0.0861,0.7000
1787918808.928528,0.919179,1.533844,-2.833697,-0.0731,0.7000
1787918808.934690,0.919689,1.533914,-2.834731,-0.0758,0.7000
1787918808.940784,0.920178,1.534071,-2.835475,-0.0784,0.7000
1787918808.948334,0.920775,1.534349,-2.836115,-0.0808,0.7000
1787918808.954345,0.921274,1.534462,-2.837087,-0.0820,0.7000
1787918808.961715,0.921711,1.534779,-2.837622,-0.0783,0.7000
1787918808.967684,0.922068,1.534989,-2.838675,-0.0750,0.7000
1787918808.974227,0.922557,1.535044,-2.839213,-0.0747,0.7000
1787918808.980633,0.922827,1.535062,-2.840308,-0.0646,0.7000
1787918808.987326,0.923290,1.535417,-2.840845,-0.0698,0.7000
1787918808.993761,0.923755,1.535738,-2.841391,-0.0739,0.7000
1787918809.000568,0.924285,1.535935,-2.842049,-0.0767,0.7000
1787918809.007669,0.924705,1.536339,-2.841831,-0.0757,0.7000
1787918809.013707,0.925204,1.536371,-2.842710,-0.0771,0.7000
1787918809.020586,0.925766,1.536563,-2.843243,-0.0799,0.7000
1787918809.027207,0.926115,1.536852,-2.843835,-0.0748,0.7000
1787918809.033914,0.926566,1.536842,-2.844521,-0.0716,0.7000
1787918809.040445,0.927075,1.536788,-2.845129,-0.0718,0.7000
1787918809.047292,0.927652,1.537046,-2.845928,-0.0777,0.7000
1787918809.054236,0.927961,1.537671,-2.845889,-0.0750,0.7000
1787918809.063036,0.928585,1.537907,-2.845908,-0.0752,0.7000
1787918809.067042,0.928961,1.538227,-2.846405,-0.0865,0.7000
1787918809.073851,0.929432,1.538456,-2.846951,-0.0834,0.7000
1787918809.080905,0.929992,1.538289,-2.848033,-0.0791,0.7000
1787918809.088695,0.930327,1.538637,-2.848744,-0.0716,0.7000
1787918809.093729,0.930921,1.538511,-2.849713,-0.0819,0.7000
1787918809.100631,0.931593,1.538680,-2.850782,-0.0874,0.7000
1787918809.150548,0.932069,1.539130,-2.850906,-0.0647,0.7000
1787918809.151954,0.932463,1.539484,-2.851368,-0.1475,0.7000
1787918809.153901,0.932946,1.539550,-2.851961,-0.1775,0.7000
1787918809.155328,0.933340,1.539911,-2.852485,-0.2253,0.7000
1787918809.156195,0.933900,1.540168,-2.853245,-0.3686,0.7000
1787918809.157268,0.934213,1.540296,-2.853900,-0.3521,0.7000
1787918809.159256,0.934860,1.540633,-2.854221,-0.3545,0.7000
1787918809.160380,0.935340,1.540881,-2.854719,-0.3898,0.7000
1787918809.161391,0.936067,1.540825,-2.855681,-0.4753,0.7000
1787918809.167909,0.936349,1.541030,-2.856326,-0.3478,0.7000
1787918809.174423,0.936862,1.541185,-2.856892,-0.2681,0.7000
1787918809.180581,0.937238,1.541504,-2.857263,-0.2096,0.7000
1787918809.187558,0.937610,1.541675,-2.857937,-0.1642,0.7000
1787918809.194160,0.938070,1.542148,-2.857890,-0.1410,0.7000
1787918809.202846,0.938490,1.542171,-2.858807,-0.1128,0.7000
1787918809.207561,0.939120,1.542456,-2.859083,-0.1225,0.7000
1787918809.214063,0.939771,1.542137,-2.860474,-0.1106,0.7000
1787918809.221252,0.940225,1.542215,-2.861320,-0.0965,0.7000
1787918809.228050,0.940675,1.542386,-2.862194,-0.0887,0.7000
1787918809.235655,0.941122,1.542658,-2.863101,-0.0820,0.7000
1787918809.240602,0.941607,1.542800,-2.863837,-0.0880,0.7000
1787918809.247522,0.942073,1.543244,-2.863817,-0.0864,0.7000
1787918809.254518,0.942336,1.543446,-2.864059,-0.0736,0.0000
1787918809.261445,0.942788,1.543377,-2.864994,-0.0696,0.0000
1787918809.267852,0.943095,1.543843,-2.865172,-0.0685,0.0000
1787918809.274395,0.943702,1.543806,-2.865772,-0.0743,0.0000
1787918809.280506,0.944033,1.544151,-2.865798,-0.0722,0.0000
1787918809.287599,0.944202,1.544131,-2.866528,-0.0572,0.0000
1787918809.294011,0.944519,1.544342,-2.866816,-0.0570,0.0000
1787918809.300916,0.944782,1.544373,-2.867243,-0.0512,0.0000
1787918809.307214,0.944899,1.544597,-2.867601,-0.0441,0.0000
1787918809.314499,0.945101,1.544718,-2.868014,-0.0403,0.0000
1787918809.335355,0.945090,1.544560,-2.868964,-0.0274,0.0000
1787918809.338989,0.945216,1.544571,-2.869200,-0.0295,0.0000
1787918809.341032,0.945192,1.544786,-2.869624,-0.0258,0.0000
1787918809.341869,0.945179,1.544495,-2.870168,0.0145,0.0000
1787918809.347623,0.945126,1.544608,-2.869817,0.0112,0.0000
1787918809.353997,0.945010,1.544757,-2.868820,0.0113,0.0000
1787918809.360647,0.944898,1.544757,-2.867784,0.0127,0.0000
1787918809.369558,0.944804,1.544819,-2.866955,0.0114,0.0000
1787918809.374238,0.944603,1.544667,-2.866180,0.0230,0.0000
1787918809.380543,0.944495,1.544747,-2.865115,0.0200,0.0000
1787918809.387084,0.944236,1.545073,-2.863906,0.0213,0.0000
1787918809.396025,0.944214,1.544732,-2.863867,0.0188,0.0000
1787918809.400545,0.943982,1.544947,-2.862965,0.0240,0.0000
1787918809.407313,0.943998,1.545015,-2.862382,0.0153,0.0000
1787918809.414101,0.943899,1.544555,-2.862849,0.0205,0.0000
1787918809.420485,0.943777,1.544303,-2.863183,0.0231,0.0000
1787918809.427628,0.943958,1.543824,-2.864132,0.0144,0.0000
1787918809.434068,0.943759,1.543696,-2.864675,0.0207,0.0000
1787918809.441807,0.943794,1.543448,-2.865265,0.0158,0.0000
1787918809.447382,0.943832,1.543276,-2.865517,0.0116,0.0000
1787918809.455010,0.943809,1.543384,-2.865124,0.0078,0.0000
1787918809.461065,0.943925,1.542979,-2.865960,0.0054,0.0000
1787918809.467356,0.943937,1.542981,-2.865629,0.0032,0.0000
1787918809.474022,0.944049,1.542894,-2.865700,-0.0015,0.0000
1787918809.480837,0.944331,1.542878,-2.865933,-0.0128,0.0000
1787918809.488191,0.944358,1.542895,-2.866100,-0.0102,0.0000
1787918809.493839,0.944441,1.543018,-2.865864,-0.0132,0.0000
1787918809.500882,0.944668,1.543080,-2.865904,-0.0192,0.0000
1787918809.507028,0.944758,1.543115,-2.865847,-0.0182,0.0000
1787918809.513887,0.944882,1.543315,-2.865634,-0.0203,0.0000
1787918809.521052,0.945201,1.542994,-2.866245,-0.0234,0.0000
1787918809.527209,0.945170,1.543354,-2.865833,-0.0197,0.0000
1787918809.536060,0.945454,1.543286,-2.866294,-0.0224,0.0000
1787918809.543205,0.945490,1.543326,-2.866474,-0.0176,0.0000
1787918809.547162,0.945614,1.543471,-2.866503,-0.0244,0.0000
1787918809.554521,0.945667,1.543368,-2.867210,-0.0180,0.0000
1787918809.560364,0.945858,1.543373,-2.867768,-0.0221,0.0000
1787918809.567317,0.945661,1.543586,-2.867596,-0.0098,0.0000
1787918809.574229,0.945929,1.543425,-2.868349,-0.0162,0.0000
1787918809.580912,0.945825,1.543565,-2.868279,-0.0085,0.0000
1787918809.587464,0.945818,1.543709,-2.868337,-0.0075,0.0000
1787918809.593979,0.945786,1.543546,-2.868576,-0.0017,0.0000
1787918809.601579,0.945824,1.543568,-2.868763,-0.0029,0.0000
1787918809.607500,0.945732,1.543695,-2.868705,0.0007,0.0000
1787918809.614164,0.945637,1.543729,-2.868664,0.0042,0.0000
1787918809.621716,0.945658,1.543538,-2.868941,0.0042,0.0000
1787918809.628112,0.945630,1.543733,-2.868459,0.0017,0.0000
1787918809.634172,0.945660,1.543641,-2.868638,0.0010,0.0000
1787918809.640708,0.945537,1.543660,-2.868468,0.0059,0.0000
1787918809.648016,0.945456,1.543833,-2.868049,0.0054,0.0000
1787918809.654189,0.945436,1.543777,-2.868014,0.0055,0.0000
1787918809.660900,0.945444,1.543511,-2.868458,0.0067,0.0000
1787918809.666999,0.945435,1.543677,-2.867781,0.0029,0.0000
1787918809.676498,0.945479,1.543702,-2.867835,0.0005,0.0000
1787918809.681056,0.945450,1.543458,-2.868273,0.0065,0.0000
1787918809.687848,0.945462,1.543488,-2.868206,0.0037,0.0000
1787918809.694648,0.945392,1.543457,-2.868110,0.0059,0.0000
1787918809.700759,0.945611,1.543236,-2.868489,-0.0033,0.0000
1787918809.707200,0.945576,1.543347,-2.868368,-0.0021,0.0000
1787918809.714523,0.945512,1.543471,-2.868178,-0.0003,0.0000
1787918809.720472,0.945631,1.543271,-2.868509,-0.0033,0.0000
1787918809.748557,0.945576,1.543462,-2.868237,-0.0023,0.0000
1787918809.749855,0.945557,1.543526,-2.868232,-0.0015,0.0000
1787918809.766096,0.945653,1.543283,-2.868835,-0.0016,0.0000
1787918809.767164,0.945663,1.543516,-2.868705,-0.0214,0.0000
1787918809.770874,0.945632,1.543607,-2.868599,-0.0146,0.0000
1787918809.773002,0.945694,1.543493,-2.868716,-0.0143,0.0000
1787918809.774130,0.945613,1.543744,-2.868239,-0.0072,0.0000
1787918809.780068,0.945665,1.543641,-2.868440,-0.0062,0.0000
1787918809.783171,0.945808,1.543530,-2.868709,-0.0148,0.0000
1787918809.788364,0.945640,1.543545,-2.868839,-0.0012,0.0000
1787918809.794218,0.945638,1.543760,-2.868532,-0.0037,0.0000
1787918809.802835,0.945736,1.543436,-2.869034,-0.0028,0.0000
1787918809.807008,0.945707,1.543546,-2.869014,-0.0021,0.0000
1787918809.813944,0.945571,1.543813,-2.868440,0.0011,0.0000
1787918809.820571,0.945802,1.543317,-2.869308,-0.0033,0.0000
1787918809.827188,0.945693,1.543771,-2.868447,-0.0031,0.0000
1787918809.834273,0.945758,1.543393,-2.869160,-0.0005,0.0000
1787918809.840660,0.945629,1.543536,-2.868737,0.0037,0.0000
1787918809.847064,0.945667,1.543452,-2.868866,0.0019,0.0000
1787918809.854683,0.945516,1.543694,-2.868446,0.0045,0.0000
1787918809.860713,0.945709,1.543378,-2.869132,-0.0019,0.0000
1787918809.867198,0.945543,1.543464,-2.868886,0.0050,0.0000
1787918809.874465,0.945604,1.543418,-2.868886,0.0016,0.0000
1787918809.882736,0.945699,1.543265,-2.868937,-0.0007,0.0000
1787918809.887827,0.945688,1.543443,-2.869015,-0.0027,0.0000
1787918809.894185,0.945667,1.543401,-2.868941,-0.0004,0.0000
1787918809.901275,0.945755,1.543407,-2.868957,-0.0039,0.0000
1787918809.907099,0.945607,1.543383,-2.868839,0.0049,0.0000
1787918809.914152,0.945679,1.543589,-2.868552,-0.0019,0.0000
1787918809.921177,0.945724,1.543347,-2.869158,-0.0004,0.0000
1787918809.929037,0.945659,1.543625,-2.868549,-0.0007,0.0000
1787918809.934221,0.945704,1.543679,-2.868525,-0.0039,0.0000
1787918809.941567,0.945815,1.543398,-2.869224,-0.0040,0.0000
1787918809.946841,0.945704,1.543543,-2.868764,0.0011,0.0000
1787918809.954237,0.945704,1.543682,-2.868755,-0.0008,0.0000
1787918809.960562,0.945727,1.543375,-2.869140,0.0023,0.0000
1787918809.967427,0.945572,1.543617,-2.868840,0.0053,0.0000
1787918809.974041,0.945737,1.543493,-2.868971,-0.0020,0.0000
1787918809.983694,0.945756,1.543556,-2.868769,-0.0025,0.0000
1787918809.987464,0.945631,1.543473,-2.869177,0.0096,0.0000
1787918809.994019,0.945684,1.543573,-2.868830,0.0032,0.0000
1787918810.000617,0.945797,1.543411,-2.869139,-0.0008,0.0000
1787918810.007603,0.945720,1.543510,-2.868792,0.0015,0.0000
1787918810.016408,0.945748,1.543435,-2.869066,0.0008,0.0000
1787918810.021589,0.945685,1.543513,-2.869042,0.0029,0.0000
1787918810.027782,0.945584,1.543546,-2.868660,0.0063,0.0000
1787918810.059569,0.945653,1.543562,-2.868789,0.0037,0.0000
1787918810.061688,0.945764,1.543358,-2.869148,-0.0047,0.0000
1787918810.063638,0.945711,1.543536,-2.868891,-0.0029,0.0000
1787918810.065426,0.945652,1.543691,-2.868792,0.0006,0.0000
1787918810.071724,0.945682,1.543325,-2.869063,0.0037,0.0000
1787918810.073563,0.945652,1.543376,-2.869018,0.0052,0.0000
1787918810.074674,0.945658,1.543564,-2.868870,-0.0117,0.0000
1787918810.080432,0.945707,1.543385,-2.869173,-0.0081,0.0000
1787918810.087610,0.945640,1.543663,-2.868714,-0.0061,0.0000
1787918810.093868,0.945731,1.543578,-2.868910,-0.0074,0.0000
1787918810.101339,0.945733,1.543572,-2.868765,-0.0052,0.0000
1787918810.107356,0.945691,1.543377,-2.869156,0.0010,0.0000
1787918810.113836,0.945689,1.543479,-2.869183,-0.0005,0.0000
1787918810.120422,0.945718,1.543504,-2.869001,-0.0019,0.0000
1787918810.127061,0.945768,1.543501,-2.869022,-0.0035,0.0000
1787918810.134790,0.945751,1.543484,-2.869062,-0.0016,0.0000
1787918810.140838,0.945626,1.543430,-2.869283,0.0056,0.0000
1787918810.147029,0.945719,1.543498,-2.869188,-0.0013,0.0000
1787918810.154492,0.945683,1.543418,-2.869047,0.0013,0.0000
1787918810.160484,0.945703,1.543495,-2.869160,-0.0011,0.0000
1787918810.167310,0.945707,1.543476,-2.869082,-0.0007,0.0000
1787918810.174289,0.945697,1.543519,-2.868955,-0.0006,0.0000
1787918810.180753,0.945698,1.543326,-2.869205,0.0020,0.0000
1787918810.188670,0.945768,1.543421,-2.869175,-0.0021,0.0000
1787918810.194521,0.945773,1.543384,-2.869341,-0.0012,0.0000
1787918810.201062,0.945712,1.543530,-2.869030,0.0000,0.0000
1787918810.207605,0.945710,1.543552,-2.869049,-0.0002,0.0000
1787918810.213788,0.945819,1.543467,-2.869266,-0.0041,0.0000
1787918810.220878,0.945730,1.543344,-2.869224,0.0021,0.0000
1787918810.227223,0.945723,1.543547,-2.869010,-0.0008,0.0000
1787918810.236135,0.945693,1.543669,-2.868925,-0.0007,0.0000
1787918810.240990,0.945746,1.543407,-2.869255,0.0008,0.0000
1787918810.248514,0.945659,1.543459,-2.868940,0.0033,0.0000
1787918810.254058,0.945728,1.543707,-2.868954,-0.0049,0.0000
