timestamp,x,y,yaw,velocity,steering
1787920365.899003,-0.149449,-2.635999,0.465296,0.0000,0.0000
1787920365.907332,-0.149529,-2.635790,0.465141,0.0008,0.0000
1787920365.913116,-0.149411,-2.636102,0.465708,-0.0012,0.0000
1787920365.921599,-0.149495,-2.636042,0.465474,-0.0026,0.0000
1787920365.926239,-0.149712,-2.635810,0.464670,-0.0076,0.0000
1787920365.932611,-0.149675,-2.636125,0.465266,-0.0104,0.0000
1787920365.939646,-0.149692,-2.635957,0.464963,-0.0047,0.0000
1787920365.946339,-0.149513,-2.636154,0.465223,-0.0001,0.0000
1787920365.952819,-0.149609,-2.635878,0.465109,0.0017,0.0000
1787920365.959480,-0.149585,-2.636107,0.465156,-0.0025,0.0000
1787920365.966034,-0.149500,-2.636042,0.465377,0.0031,0.0000
1787920365.973005,-0.149569,-2.635969,0.464849,0.0009,0.0000
1787920365.979505,-0.149497,-2.635673,0.464840,0.0097,0.0000
1787920365.985859,-0.149633,-2.636011,0.465100,-0.0061,0.0000
1787920365.992762,-0.149549,-2.635894,0.465044,0.0013,0.0000
1787920365.999292,-0.149642,-2.635926,0.464970,-0.0036,0.0000
1787920366.006359,-0.149619,-2.635943,0.465034,-0.0020,0.0000
1787920366.012847,-0.149523,-2.636191,0.465644,-0.0026,0.0000
1787920366.019281,-0.149603,-2.636071,0.465246,-0.0026,0.0000
1787920366.025965,-0.149646,-2.636007,0.465256,-0.0023,0.0000
1787920366.033186,-0.149653,-2.635997,0.465048,-0.0017,0.0000
1787920366.059212,-0.149629,-2.635975,0.465010,-0.0008,0.0000
1787920366.075582,-0.149702,-2.635778,0.464691,-0.0001,0.0000
1787920366.076526,-0.149642,-2.635656,0.464338,0.0344,0.0000
1787920366.077317,-0.149557,-2.635876,0.465154,0.0154,0.0000
1787920366.078837,-0.149527,-2.635996,0.465421,0.0055,0.0000
1787920366.080463,-0.149529,-2.635974,0.465208,0.0053,0.0000
1787920366.081266,-0.149582,-2.636026,0.465207,-0.0228,0.0000
1787920366.086044,-0.149606,-2.635989,0.465146,-0.0162,0.0000
1787920366.092642,-0.149567,-2.636243,0.465339,-0.0150,0.0000
1787920366.099271,-0.149645,-2.636068,0.464882,-0.0101,0.0000
1787920366.105834,-0.149693,-2.635881,0.464929,-0.0052,0.0000
1787920366.113328,-0.149463,-2.636010,0.465498,0.0023,0.0000
1787920366.119381,-0.149636,-2.635730,0.464891,0.0002,0.0000
1787920366.127318,-0.149601,-2.635982,0.465234,-0.0030,0.0000
1787920366.135515,-0.149630,-2.635970,0.465055,-0.0028,0.0000
1787920366.139690,-0.149601,-2.635809,0.464837,0.0051,0.0000
1787920366.146106,-0.149470,-2.635901,0.464981,0.0071,0.0000
1787920366.152726,-0.149610,-2.635914,0.465131,-0.0009,0.0000
1787920366.161404,-0.149519,-2.635965,0.465129,0.0013,0.0000
1787920366.165862,-0.149549,-2.636076,0.465108,-0.0042,0.0000
1787920366.172775,-0.149551,-2.635990,0.465103,-0.0013,0.0000
1787920366.180582,-0.149725,-2.635983,0.464684,-0.0068,0.0000
1787920366.185682,-0.149567,-2.635965,0.465132,0.0040,0.0000
1787920366.192866,-0.149622,-2.635925,0.464750,0.0015,0.0000
1787920366.199657,-0.149515,-2.636198,0.465534,-0.0001,0.0000
1787920366.206157,-0.149547,-2.636048,0.465264,0.0017,0.0000
1787920366.213102,-0.149544,-2.636144,0.465717,-0.0006,0.0000
1787920366.219477,-0.149365,-2.636014,0.465386,0.0099,0.0000
1787920366.225776,-0.149469,-2.635861,0.465197,0.0057,0.0000
1787920366.233228,-0.149598,-2.635932,0.465300,-0.0019,0.0000
1787920366.240466,-0.149539,-2.636090,0.465498,-0.0021,0.0000
1787920366.246121,-0.149584,-2.636120,0.465341,-0.0043,0.0000
1787920366.252649,-0.149624,-2.636072,0.465113,-0.0037,0.0000
1787920366.259372,-0.149620,-2.636147,0.465065,-0.0039,0.0000
1787920366.266247,-0.149715,-2.635686,0.464480,0.0026,0.0000
1787920366.273292,-0.149513,-2.636194,0.465637,-0.0002,0.0000
1787920366.279398,-0.149492,-2.636179,0.465479,0.0011,0.0000
1787920366.286450,-0.149577,-2.635970,0.464968,0.0015,0.0000
1787920366.292242,-0.149568,-2.635969,0.465237,0.0015,0.0000
1787920366.299541,-0.149392,-2.636078,0.465556,0.0055,0.0000
1787920366.306137,-0.149627,-2.635871,0.465036,-0.0015,0.0000
1787920366.315103,-0.149590,-2.636124,0.465395,-0.0037,0.0000
1787920366.319429,-0.149684,-2.635835,0.464735,0.0006,0.0000
1787920366.325848,-0.149581,-2.636153,0.465698,-0.0020,0.0000
1787920366.333048,-0.149735,-2.635772,0.464683,-0.0000,0.0000
1787920366.342282,-0.149557,-2.636189,0.465684,-0.0009,0.0000
1787920366.366531,-0.149641,-2.636078,0.465112,-0.0010,0.0000
1787920366.378189,-0.149705,-2.635780,0.464508,0.0013,0.0000
1787920366.379143,-0.149662,-2.635898,0.464917,-0.0037,0.0000
1787920366.379970,-0.149508,-2.635981,0.464934,0.0338,0.0000
1787920366.381619,-0.149698,-2.635664,0.464468,0.0187,0.0000
1787920366.383390,-0.149540,-2.635932,0.465025,0.0166,0.0000
1787920366.385993,-0.149552,-2.636031,0.465483,0.0052,0.0000
1787920366.392905,-0.149559,-2.635861,0.464806,0.0067,0.0000
1787920366.399557,-0.149572,-2.635904,0.465107,0.0033,0.0000
1787920366.407295,-0.149631,-2.636081,0.465307,-0.0028,0.0000
1787920366.413055,-0.149627,-2.636211,0.465377,-0.0048,0.0000
1787920366.419225,-0.149666,-2.636053,0.465076,-0.0016,0.0000
1787920366.425693,-0.149518,-2.636115,0.465642,0.0037,0.0000
1787920366.433687,-0.149536,-2.635763,0.464996,0.0079,0.0000
1787920366.443056,-0.149448,-2.636034,0.465646,0.0042,0.0000
1787920366.446353,-0.149515,-2.635960,0.465210,0.0005,0.0000
1787920366.452470,-0.149550,-2.635932,0.464959,-0.0006,0.0000
1787920366.459333,-0.149559,-2.636052,0.465107,-0.0031,0.0000
1787920366.468649,-0.149663,-2.635817,0.464600,-0.0018,0.0000
1787920366.472719,-0.149492,-2.636208,0.465624,-0.0029,0.0000
1787920366.480585,-0.149573,-2.635959,0.464989,-0.0006,0.0000
1787920366.486241,-0.149597,-2.636018,0.465060,-0.0029,0.0000
1787920366.492624,-0.149642,-2.635897,0.464859,-0.0014,0.0000
1787920366.499614,-0.149590,-2.636094,0.464968,-0.0028,0.0000
1787920366.505941,-0.149618,-2.636024,0.465119,-0.0016,0.0000
1787920366.512691,-0.149596,-2.635840,0.464959,0.0034,0.0000
1787920366.519902,-0.149522,-2.635963,0.465341,0.0028,0.0000
1787920366.526046,-0.149619,-2.635853,0.464969,0.0001,0.0000
1787920366.532657,-0.149438,-2.636088,0.465417,0.0027,0.0000
1787920366.539788,-0.149587,-2.635851,0.465118,0.0007,0.0000
1787920366.546199,-0.149505,-2.635934,0.464800,0.0022,0.0000
1787920366.553700,-0.149516,-2.636137,0.465308,-0.0025,0.0000
1787920366.559070,-0.149655,-2.635972,0.464827,-0.0046,0.0000
1787920366.566040,-0.149645,-2.636161,0.465155,-0.0065,0.0000
1787920366.573217,-0.149590,-2.636102,0.465258,-0.0014,0.0000
1787920366.579530,-0.149633,-2.636014,0.465016,-0.0009,0.0000
1787920366.586043,-0.149586,-2.635845,0.464778,0.0048,0.0000
1787920366.594548,-0.149547,-2.635939,0.465209,0.0031,0.0000
1787920366.600055,-0.149563,-2.635786,0.464863,0.0051,0.0000
1787920366.606663,-0.149619,-2.635937,0.464875,-0.0017,0.0000
1787920366.612602,-0.149578,-2.636156,0.465385,-0.0043,0.0000
1787920366.620070,-0.149620,-2.635988,0.465025,-0.0015,0.0000
1787920366.626294,-0.149527,-2.636073,0.465383,0.0011,0.0000
1787920366.632550,-0.149514,-2.636044,0.465489,0.0019,0.0000
1787920366.639493,-0.149522,-2.636419,0.465862,-0.0062,0.0000
1787920366.647555,-0.149681,-2.635872,0.464753,-0.0005,0.0000
1787920366.692794,-0.149568,-2.636163,0.465242,-0.0006,0.0000
1787920366.693831,-0.149677,-2.635910,0.464713,0.0044,0.0000
1787920366.694709,-0.149573,-2.636000,0.465018,0.0207,0.0000
1787920366.696417,-0.149592,-2.635743,0.464968,0.0318,0.0000
1787920366.698111,-0.149523,-2.635923,0.465186,0.0190,0.0000
1787920366.699728,-0.149526,-2.636162,0.465644,-0.0071,0.0000
1787920366.700519,-0.149619,-2.636004,0.465271,-0.0096,0.0000
1787920366.701301,-0.149497,-2.635893,0.465045,0.0539,0.0000
1787920366.706024,-0.149695,-2.636037,0.464939,0.0224,0.0000
1787920366.713271,-0.149651,-2.636080,0.465085,0.0165,0.0000
1787920366.719141,-0.149688,-2.635869,0.464628,0.0147,0.0000
1787920366.726586,-0.149585,-2.635766,0.464755,0.0158,0.0000
1787920366.732995,-0.149639,-2.636240,0.465288,-0.0011,0.0000
1787920366.741998,-0.149571,-2.636074,0.465115,0.0037,0.0000
1787920366.750076,-0.149648,-2.635753,0.464571,0.0054,0.0000
1787920366.752675,-0.149446,-2.636067,0.465509,0.0083,0.0000
1787920366.759655,-0.149425,-2.636115,0.465654,0.0057,0.0000
1787920366.766431,-0.149409,-2.636166,0.465841,0.0036,0.0000
1787920366.776637,-0.149504,-2.636099,0.465409,0.0009,0.0000
1787920366.780010,-0.149539,-2.636129,0.465448,-0.0034,0.0000
1787920366.786003,-0.149649,-2.635848,0.464469,-0.0010,0.0000
1787920366.794005,-0.149713,-2.635888,0.464550,-0.0035,0.0000
1787920366.799499,-0.149509,-2.635931,0.465080,0.0065,0.0000
1787920366.805901,-0.149731,-2.635771,0.464258,-0.0014,0.0000
1787920366.812703,-0.149571,-2.635945,0.465035,0.0019,0.0000
1787920366.819471,-0.149640,-2.636097,0.465296,-0.0044,0.0000
1787920366.826659,-0.149555,-2.636047,0.464942,0.0010,0.0000
1787920366.832926,-0.149528,-2.636109,0.465533,0.0005,0.0000
1787920366.839285,-0.149591,-2.635899,0.464975,0.0021,0.0000
1787920366.846466,-0.149552,-2.635822,0.465025,0.0044,0.0000
1787920366.853177,-0.149595,-2.636049,0.465335,-0.0032,0.0000
1787920366.859404,-0.149663,-2.635987,0.465126,-0.0038,0.0000
1787920366.866225,-0.149674,-2.635761,0.464662,0.0013,0.0000
1787920366.873300,-0.149494,-2.636036,0.465281,0.0025,0.0000
1787920366.879645,-0.149734,-2.635868,0.464525,-0.0048,0.0000
1787920366.886838,-0.149512,-2.636192,0.465299,-0.0011,0.0000
1787920366.895434,-0.149561,-2.636162,0.465162,-0.0019,0.0000
1787920366.901382,-0.149568,-2.635928,0.464965,0.0036,0.0000
1787920366.906089,-0.149426,-2.636037,0.465305,0.0075,0.0000
1787920366.912389,-0.149498,-2.635906,0.465243,0.0050,0.0000
1787920366.920022,-0.149469,-2.635837,0.465115,0.0057,0.0000
1787920366.926068,-0.149494,-2.636023,0.465465,-0.0012,0.0000
1787920366.932855,-0.149664,-2.635836,0.464929,-0.0038,0.0000
1787920366.939664,-0.149611,-2.636001,0.465137,-0.0039,0.0000
1787920366.946129,-0.149583,-2.635923,0.465197,0.0000,0.0000
1787920366.999349,-0.149714,-2.636028,0.464973,-0.0009,0.0000
1787920367.000629,-0.149582,-2.636036,0.465160,0.0262,0.0000
1787920367.001507,-0.149585,-2.635890,0.464955,0.0397,0.0000
1787920367.002970,-0.149659,-2.635773,0.464337,0.0248,0.0000
1787920367.004301,-0.149441,-2.636251,0.465333,0.0130,0.0000
1787920367.005649,-0.149603,-2.635761,0.464732,0.0257,0.0000
1787920367.007200,-0.149498,-2.635949,0.465251,0.0198,0.0000
1787920367.008702,-0.149434,-2.636063,0.465515,0.0153,0.0000
1787920367.010189,-0.149542,-2.635804,0.465024,0.0145,0.0000
1787920367.013744,-0.149530,-2.635991,0.465336,0.0039,0.3000
1787920367.019594,-0.149611,-2.636086,0.465237,-0.0031,0.3000
1787920367.026104,-0.149665,-2.636042,0.465240,-0.0035,0.3000
1787920367.032729,-0.149604,-2.636164,0.465217,-0.0025,0.3000
1787920367.039706,-0.149556,-2.636110,0.465393,0.0012,0.3000
1787920367.047523,-0.149613,-2.635878,0.464692,0.0029,0.3000
1787920367.052385,-0.149535,-2.636093,0.465280,0.0004,0.3000
1787920367.059562,-0.149560,-2.636031,0.465241,0.0005,0.3000
1787920367.066357,-0.149529,-2.636025,0.464978,0.0017,0.3000
1787920367.072824,-0.149638,-2.635619,0.463771,0.0051,0.3000
1787920367.083313,-0.149768,-2.635544,0.463187,0.0012,0.3000
1787920367.086481,-0.149793,-2.635563,0.462099,-0.0020,0.3000
1787920367.092988,-0.149820,-2.635392,0.462109,0.0010,0.3000
1787920367.102355,-0.149677,-2.635770,0.462621,-0.0006,0.3000
1787920367.106544,-0.149667,-2.635675,0.461339,0.0032,0.3000
1787920367.112445,-0.149656,-2.635665,0.460025,0.0030,0.6000
1787920367.119473,-0.149598,-2.635902,0.459283,-0.0002,0.6000
1787920367.126202,-0.149943,-2.635328,0.457420,-0.0026,0.6000
1787920367.132430,-0.149789,-2.635367,0.456603,0.0040,0.6000
1787920367.139921,-0.149710,-2.635667,0.457109,0.0003,0.6000
1787920367.146381,-0.149787,-2.635754,0.457230,-0.0048,0.6000
1787920367.153923,-0.149616,-2.635819,0.457178,0.0016,0.6000
1787920367.159600,-0.149782,-2.635759,0.456129,-0.0053,0.6000
1787920367.167288,-0.149790,-2.635931,0.456196,-0.0070,0.6000
1787920367.172740,-0.149903,-2.635764,0.455278,-0.0064,0.6000
1787920367.179305,-0.149884,-2.636004,0.455463,-0.0085,0.6000
1787920367.186803,-0.150013,-2.636040,0.454967,-0.0112,0.6000
1787920367.193019,-0.150001,-2.635910,0.454396,-0.0046,0.6000
1787920367.199892,-0.150030,-2.636009,0.454079,-0.0062,0.6000
1787920367.209928,-0.150057,-2.635820,0.453599,-0.0026,0.6000
1787920367.212585,-0.150074,-2.635952,0.453283,-0.0101,0.6715
1787920367.220011,-0.149953,-2.636053,0.453185,-0.0044,0.6715
1787920367.226050,-0.150148,-2.635932,0.452511,-0.0092,0.6715
1787920367.232681,-0.150042,-2.636064,0.452702,-0.0048,0.6715
1787920367.239681,-0.150070,-2.636065,0.452684,-0.0044,0.6715
1787920367.246338,-0.150009,-2.636500,0.453804,-0.0092,0.6715
1787920367.252405,-0.149927,-2.636731,0.454272,-0.0078,0.6715
1787920367.261957,-0.149986,-2.636871,0.454826,-0.0091,0.6715
1787920367.288707,-0.150152,-2.637161,0.455159,-0.0094,0.6715
1787920367.293208,-0.150060,-2.637105,0.455233,0.0005,0.6715
1787920367.295057,-0.150074,-2.636975,0.455249,0.0076,0.6715
1787920367.296737,-0.149921,-2.637181,0.455792,0.0137,0.6715
1787920367.298523,-0.150090,-2.637136,0.455486,-0.0126,0.6715
1787920367.300010,-0.150192,-2.637015,0.454612,-0.0166,0.6715
1787920367.306119,-0.149980,-2.637397,0.455088,-0.0105,0.6715
1787920367.313179,-0.149973,-2.637210,0.455054,-0.0036,0.6730
1787920367.319036,-0.150138,-2.636754,0.453746,0.0001,0.6730
1787920367.326272,-0.150162,-2.636762,0.453932,-0.0009,0.6730
1787920367.332577,-0.150107,-2.637104,0.454486,-0.0054,0.6730
1787920367.339333,-0.150034,-2.637025,0.454378,0.0006,0.6730
1787920367.348753,-0.150017,-2.637168,0.454862,-0.0011,0.6730
1787920367.354801,-0.149975,-2.636972,0.454783,0.0054,0.6730
1787920367.364558,-0.149976,-2.636771,0.454732,0.0065,0.6730
1787920367.365899,-0.149992,-2.636793,0.455005,-0.0009,0.6730
1787920367.373386,-0.149910,-2.636875,0.455579,0.0009,0.6730
1787920367.379879,-0.150152,-2.636328,0.454355,0.0017,0.6730
1787920367.385811,-0.149887,-2.636494,0.454876,0.0095,0.6730
1787920367.393253,-0.150086,-2.636407,0.454582,0.0010,0.6730
1787920367.399524,-0.149864,-2.636873,0.455504,0.0004,0.6730
1787920367.406242,-0.149912,-2.636643,0.454646,0.0029,0.6730
1787920367.413176,-0.149804,-2.636879,0.455442,0.0017,0.6722
1787920367.419302,-0.149934,-2.636575,0.454789,0.0020,0.6722
1787920367.426468,-0.149978,-2.636402,0.454454,0.0030,0.6722
1787920367.432957,-0.149858,-2.636377,0.454719,0.0076,0.6722
1787920367.439226,-0.149820,-2.636437,0.454752,0.0056,0.6722
1787920367.445979,-0.149922,-2.635860,0.454143,0.0111,0.6722
1787920367.452683,-0.149645,-2.635842,0.454519,0.0193,0.6722
1787920367.459581,-0.149525,-2.635704,0.454818,0.0208,0.6722
1787920367.466808,-0.149308,-2.635727,0.455713,0.0222,0.6722
1787920367.473134,-0.148895,-2.635552,0.456454,0.0368,0.6722
1787920367.479385,-0.148461,-2.635506,0.458134,0.0454,0.6722
1787920367.486184,-0.147894,-2.635621,0.459927,0.0520,0.6722
1787920367.492576,-0.147437,-2.635761,0.461882,0.0526,0.6722
1787920367.499309,-0.146590,-2.635636,0.463488,0.0731,0.6722
1787920367.506880,-0.145878,-2.635517,0.465375,0.0785,0.6722
1787920367.513082,-0.145081,-2.635158,0.467506,0.0972,0.6619
1787920367.519215,-0.144160,-2.634933,0.469569,0.1132,0.6619
1787920367.526070,-0.143526,-2.634479,0.470675,0.1130,0.6619
1787920367.532429,-0.143043,-2.633818,0.471627,0.1136,0.6619
1787920367.539937,-0.142391,-2.633525,0.472895,0.1080,0.6619
1787920367.545989,-0.141795,-2.633418,0.474401,0.1043,0.6619
1787920367.553100,-0.141280,-2.632900,0.474865,0.1023,0.6619
1787920367.559500,-0.140496,-2.632274,0.475381,0.1177,0.6619
1787920367.609760,-0.139917,-2.631986,0.476031,0.0863,0.6619
1787920367.610883,-0.139227,-2.631591,0.476668,0.2726,0.6619
1787920367.611791,-0.138759,-2.630907,0.476739,0.4318,0.6619
1787920367.613551,-0.138181,-2.630541,0.477597,0.4184,0.6255
1787920367.615361,-0.137797,-2.630479,0.478883,0.3541,0.6255
1787920367.617087,-0.137332,-2.629823,0.479186,0.3722,0.6255
1787920367.618805,-0.136823,-2.629500,0.480488,0.3653,0.6255
1787920367.620539,-0.136351,-2.629241,0.481935,0.3489,0.6255
1787920367.621757,-0.136137,-2.628531,0.482222,0.3720,0.6255
1787920367.626466,-0.135374,-2.628491,0.484225,0.3046,0.6255
1787920367.633150,-0.134790,-2.628375,0.485787,0.2388,0.6255
1787920367.639832,-0.134140,-2.628125,0.487305,0.1982,0.6255
1787920367.646376,-0.133377,-2.628028,0.489099,0.1717,0.6255
1787920367.652433,-0.132806,-2.627733,0.490407,0.1521,0.6255
1787920367.659329,-0.131866,-2.627693,0.492588,0.1433,0.6255
1787920367.666427,-0.131552,-2.627234,0.493848,0.1212,0.6255
1787920367.672517,-0.130888,-2.626948,0.495561,0.1203,0.6255
1787920367.679483,-0.130135,-2.626726,0.497632,0.1173,0.6255
1787920367.686091,-0.129399,-2.626380,0.498951,0.1190,0.6255
1787920367.694122,-0.128902,-2.626116,0.499959,0.1043,0.6255
1787920367.700027,-0.128065,-2.625935,0.501695,0.1147,0.6255
1787920367.706539,-0.127296,-2.625524,0.503133,0.1205,0.6255
1787920367.713058,-0.126640,-2.625398,0.504803,0.1136,0.5792
1787920367.719219,-0.126054,-2.624824,0.505578,0.1180,0.5792
1787920367.726589,-0.125382,-2.624231,0.506671,0.1182,0.5792
1787920367.733199,-0.124974,-2.623732,0.507454,0.1100,0.5792
1787920367.739417,-0.124590,-2.623035,0.507840,0.1095,0.5792
1787920367.745622,-0.123835,-2.622377,0.509061,0.1240,0.5792
1787920367.752949,-0.123342,-2.621786,0.509771,0.1163,0.5792
1787920367.759181,-0.122642,-2.621317,0.511024,0.1218,0.5792
1787920367.766395,-0.122142,-2.620698,0.512457,0.1160,0.5792
1787920367.774038,-0.121319,-2.620327,0.513807,0.1165,0.5792
1787920367.779100,-0.120554,-2.620004,0.515069,0.1304,0.5792
1787920367.785733,-0.119683,-2.619686,0.516899,0.1327,0.5792
1787920367.793316,-0.118745,-2.619631,0.518718,0.1262,0.5792
1787920367.799795,-0.118364,-2.618951,0.519372,0.1192,0.5792
1787920367.806267,-0.117497,-2.618807,0.521199,0.1217,0.5792
1787920367.812499,-0.116879,-2.618423,0.523223,0.1202,0.5492
1787920367.819796,-0.116160,-2.618053,0.525149,0.1173,0.5492
1787920367.826524,-0.115615,-2.617216,0.525614,0.1219,0.5492
1787920367.832952,-0.114959,-2.616980,0.527404,0.1173,0.5492
1787920367.839330,-0.114275,-2.616073,0.528163,0.1314,0.5492
1787920367.846472,-0.113391,-2.615652,0.529563,0.1329,0.5492
1787920367.852923,-0.113014,-2.614771,0.529794,0.1289,0.5492
1787920367.859568,-0.112072,-2.614520,0.531843,0.1327,0.5492
1787920367.866438,-0.111493,-2.614309,0.533370,0.1193,0.5492
1787920367.876386,-0.110691,-2.613557,0.533922,0.1159,0.5492
1787920367.902791,-0.109919,-2.612961,0.535465,0.0921,0.5492
1787920367.920648,-0.108995,-2.612743,0.537536,0.0797,0.5211
1787920367.921707,-0.108538,-2.611986,0.538088,0.2768,0.5211
1787920367.922516,-0.107537,-2.611891,0.540437,0.5303,0.5211
1787920367.924105,-0.106639,-2.611371,0.541463,0.5671,0.5211
1787920367.925760,-0.105869,-2.611200,0.543442,0.5325,0.5211
1787920367.926728,-0.105151,-2.610512,0.544313,0.6736,0.5211
1787920367.927471,-0.104384,-2.609974,0.545274,0.8485,0.5211
1787920367.932515,-0.103941,-2.609317,0.546013,0.6368,0.5211
1787920367.939498,-0.103274,-2.608827,0.547152,0.4812,0.5211
1787920367.946673,-0.102425,-2.608518,0.548554,0.3738,0.5211
1787920367.952647,-0.101937,-2.607723,0.548638,0.3034,0.5211
1787920367.959234,-0.100965,-2.607420,0.550138,0.2573,0.5211
1787920367.966062,-0.100304,-2.607197,0.551601,0.2100,0.5211
1787920367.972331,-0.099730,-2.606415,0.552176,0.1900,0.5211
1787920367.980100,-0.099075,-2.605555,0.552850,0.1720,0.5211
1787920367.985980,-0.098546,-2.604993,0.553782,0.1584,0.5211
1787920367.993080,-0.097892,-2.604546,0.555119,0.1443,0.5211
1787920367.999159,-0.097384,-2.603917,0.556144,0.1387,0.5211
1787920368.007428,-0.096829,-2.603258,0.556663,0.1268,0.5211
1787920368.012493,-0.096063,-2.602837,0.558262,0.1405,0.4904
1787920368.019294,-0.095256,-2.602506,0.559485,0.1362,0.4904
1787920368.026582,-0.094516,-2.602044,0.560383,0.1313,0.4904
1787920368.032642,-0.093559,-2.601734,0.562283,0.1402,0.4904
1787920368.039327,-0.093008,-2.600938,0.563302,0.1381,0.4904
1787920368.045949,-0.092035,-2.600825,0.565826,0.1366,0.4904
1787920368.052535,-0.091699,-2.600031,0.566560,0.1280,0.4904
1787920368.060068,-0.090941,-2.599653,0.567846,0.1231,0.4904
1787920368.066261,-0.090084,-2.599262,0.569524,0.1314,0.4904
1787920368.072960,-0.089301,-2.598752,0.570910,0.1338,0.4904
1787920368.081526,-0.088612,-2.597897,0.571533,0.1301,0.4904
1787920368.086985,-0.087829,-2.597529,0.573077,0.1383,0.4904
1787920368.092908,-0.087243,-2.596979,0.574460,0.1368,0.4904
1787920368.099468,-0.086599,-2.596478,0.575772,0.1329,0.4904
1787920368.106996,-0.085694,-2.596199,0.577270,0.1293,0.4904
1787920368.112847,-0.085014,-2.595389,0.577931,0.1424,0.4557
1787920368.119719,-0.084210,-2.594885,0.579467,0.1412,0.4557
1787920368.126149,-0.083583,-2.594173,0.580389,0.1415,0.4557
1787920368.132739,-0.082681,-2.593699,0.582199,0.1452,0.4557
1787920368.139091,-0.081965,-2.593303,0.583659,0.1402,0.4557
1787920368.146156,-0.081392,-2.592260,0.584065,0.1428,0.4557
1787920368.153152,-0.080877,-2.591527,0.584947,0.1357,0.4557
1787920368.159459,-0.080258,-2.590777,0.585701,0.1393,0.4557
1787920368.166272,-0.079381,-2.590350,0.587620,0.1401,0.4557
1787920368.173677,-0.078606,-2.589594,0.589029,0.1412,0.4557
1787920368.180591,-0.077947,-2.588826,0.589704,0.1411,0.4557
1787920368.209461,-0.076818,-2.588391,0.591609,0.1110,0.4557
1787920368.224837,-0.076032,-2.587910,0.592972,0.0957,0.4339
1787920368.226783,-0.075049,-2.587525,0.594944,0.2258,0.4339
1787920368.228083,-0.074389,-2.586981,0.596295,0.3545,0.4339
1787920368.228902,-0.073452,-2.586619,0.597985,0.6066,0.4339
1787920368.230427,-0.072728,-2.585902,0.598844,0.6219,0.4339
1787920368.232378,-0.071718,-2.585448,0.600439,0.6027,0.4339
1787920368.233397,-0.071262,-2.584563,0.601034,0.6800,0.4339
1787920368.239109,-0.070437,-2.583930,0.602229,0.5306,0.4339
1787920368.246169,-0.069772,-2.583069,0.603631,0.4154,0.4339
1787920368.252910,-0.069131,-2.582366,0.604822,0.3320,0.4339
1787920368.259212,-0.068340,-2.581666,0.605765,0.2824,0.4339
1787920368.265645,-0.067538,-2.581050,0.607127,0.2448,0.4339
1787920368.272667,-0.066719,-2.580351,0.608085,0.2171,0.4339
1787920368.279910,-0.066048,-2.579574,0.609221,0.1932,0.4339
1787920368.287101,-0.065025,-2.579182,0.611162,0.1796,0.4339
1787920368.292953,-0.064013,-2.578631,0.613152,0.1844,0.4339
1787920368.299258,-0.063284,-2.577800,0.613746,0.1802,0.4339
1787920368.305957,-0.062429,-2.577033,0.614902,0.1772,0.4339
1787920368.312846,-0.061544,-2.576482,0.616030,0.1694,0.4032
1787920368.319183,-0.060547,-2.576109,0.618189,0.1673,0.4032
1787920368.327084,-0.059815,-2.575359,0.619454,0.1562,0.4032
1787920368.333251,-0.058894,-2.574598,0.620639,0.1674,0.4032
1787920368.339691,-0.058307,-2.573743,0.621523,0.1626,0.4032
1787920368.345734,-0.057565,-2.573150,0.622809,0.1609,0.4032
1787920368.352751,-0.056780,-2.572381,0.623505,0.1591,0.4032
1787920368.360048,-0.055906,-2.571957,0.625066,0.1507,0.4032
1787920368.365805,-0.055302,-2.571167,0.626051,0.1551,0.4032
1787920368.372617,-0.054421,-2.570531,0.627298,0.1564,0.4032
1787920368.379375,-0.053560,-2.569672,0.628145,0.1629,0.4032
1787920368.388568,-0.052870,-2.568915,0.629111,0.1467,0.4032
1787920368.392983,-0.051972,-2.568435,0.630454,0.1712,0.4032
1787920368.399361,-0.051102,-2.567859,0.632057,0.1689,0.4032
1787920368.407092,-0.050249,-2.567486,0.633239,0.1535,0.4032
1787920368.414988,-0.049670,-2.566404,0.633528,0.1495,0.3787
1787920368.419608,-0.048341,-2.566177,0.635712,0.1829,0.3787
1787920368.425977,-0.047925,-2.565268,0.635716,0.1692,0.3787
1787920368.432538,-0.047402,-2.564278,0.636284,0.1645,0.3787
1787920368.439762,-0.046397,-2.563948,0.637938,0.1569,0.3787
1787920368.446425,-0.045778,-2.563267,0.638822,0.1505,0.3787
1787920368.452458,-0.044950,-2.562395,0.639766,0.1643,0.3787
1787920368.459523,-0.044056,-2.561600,0.640749,0.1656,0.3787
1787920368.466115,-0.043195,-2.561201,0.642351,0.1582,0.3787
1787920368.472923,-0.042767,-2.560234,0.642944,0.1514,0.3787
1787920368.482613,-0.041759,-2.559921,0.644587,0.1367,0.3787
1787920368.486423,-0.041064,-2.559496,0.645702,0.1595,0.3787
1787920368.517385,-0.040442,-2.558489,0.645615,0.1224,0.3605
1787920368.518773,-0.039457,-2.557860,0.647009,0.3375,0.3605
1787920368.520118,-0.038682,-2.557149,0.647522,0.4698,0.3605
1787920368.522088,-0.038129,-2.556263,0.647983,0.4775,0.3605
1787920368.524022,-0.037174,-2.555877,0.649944,0.4883,0.3605
1787920368.525995,-0.036589,-2.555019,0.650406,0.4918,0.3605
1787920368.532859,-0.035794,-2.554377,0.651227,0.3889,0.3605
1787920368.539235,-0.034909,-2.553775,0.652264,0.3225,0.3605
1787920368.546497,-0.034031,-2.552974,0.653015,0.2747,0.3605
1787920368.552964,-0.033409,-2.552060,0.653187,0.2409,0.3605
1787920368.559016,-0.032586,-2.551454,0.654275,0.2193,0.3605
1787920368.566810,-0.031944,-2.550756,0.655410,0.1895,0.3605
1787920368.572904,-0.031100,-2.550074,0.656475,0.1860,0.3605
1787920368.579378,-0.030543,-2.549062,0.656631,0.1793,0.3605
1787920368.586138,-0.029700,-2.548482,0.657556,0.1708,0.3605
1787920368.593295,-0.028828,-2.547777,0.658453,0.1666,0.3605
1787920368.599678,-0.028285,-2.546951,0.659348,0.1606,0.3605
1787920368.606181,-0.027278,-2.546336,0.660762,0.1664,0.3605
1787920368.612504,-0.026735,-2.545334,0.661209,0.1660,0.3198
1787920368.619971,-0.026088,-2.544631,0.661843,0.1541,0.3198
1787920368.626135,-0.025072,-2.543915,0.663428,0.1683,0.3198
1787920368.632751,-0.024355,-2.543181,0.663972,0.1639,0.3198
1787920368.641719,-0.023427,-2.542802,0.665625,0.1470,0.3198
1787920368.646299,-0.022481,-2.542176,0.667375,0.1770,0.3198
1787920368.652370,-0.021830,-2.540992,0.667439,0.1853,0.3198
1787920368.659572,-0.020952,-2.540222,0.668666,0.1783,0.3198
1787920368.666386,-0.020016,-2.539284,0.670155,0.1827,0.3198
1787920368.672651,-0.019250,-2.538472,0.670949,0.1809,0.3198
1787920368.679969,-0.018330,-2.537991,0.672334,0.1684,0.3198
1787920368.685816,-0.017279,-2.537071,0.673486,0.1895,0.3198
1787920368.695699,-0.016570,-2.536322,0.674289,0.1636,0.3198
1787920368.699444,-0.015843,-2.535053,0.674804,0.2235,0.3198
1787920368.706005,-0.014805,-2.534643,0.677086,0.2052,0.3198
1787920368.712836,-0.013647,-2.534107,0.678351,0.1980,0.2920
1787920368.721396,-0.012691,-2.533388,0.679665,0.1805,0.2920
1787920368.726242,-0.011826,-2.532303,0.680178,0.2102,0.2920
1787920368.733358,-0.011183,-2.531268,0.680772,0.1957,0.2920
1787920368.739733,-0.010450,-2.530399,0.681605,0.1895,0.2920
1787920368.745860,-0.009454,-2.529926,0.682908,0.1851,0.2920
1787920368.752995,-0.008593,-2.528920,0.683354,0.1844,0.2920
1787920368.759086,-0.007835,-2.528077,0.683989,0.1842,0.2920
1787920368.765893,-0.006974,-2.527057,0.684668,0.1868,0.2920
1787920368.772866,-0.006302,-2.526327,0.685625,0.1730,0.2920
1787920368.779529,-0.005660,-2.525521,0.686764,0.1665,0.2920
1787920368.788247,-0.005028,-2.524311,0.686909,0.1598,0.2920
1787920368.792569,-0.004020,-2.523866,0.688029,0.1855,0.2920
1787920368.826025,-0.002938,-2.523053,0.688933,0.1420,0.2725
1787920368.827320,-0.002322,-2.522196,0.689396,0.3358,0.2725
1787920368.828419,-0.001436,-2.521440,0.690346,0.5529,0.2725
1787920368.830252,-0.000619,-2.520934,0.691913,0.5429,0.2725
1787920368.832213,0.000058,-2.519785,0.691794,0.5717,0.2725
1787920368.833752,0.001386,-2.519313,0.693197,0.6582,0.2725
1787920368.842896,0.002008,-2.518222,0.693027,0.4993,0.2725
1787920368.846133,0.002933,-2.517646,0.694464,0.4496,0.2725
1787920368.853818,0.003673,-2.516570,0.694616,0.3638,0.2725
1787920368.859616,0.004417,-2.515467,0.695151,0.3208,0.2725
1787920368.866007,0.005413,-2.514924,0.696126,0.2768,0.2725
1787920368.873101,0.006187,-2.513869,0.696595,0.2475,0.2725
1787920368.879896,0.007035,-2.512936,0.696867,0.2284,0.2725
1787920368.885978,0.007872,-2.512188,0.698054,0.2152,0.2725
1787920368.892736,0.008560,-2.511292,0.698784,0.1996,0.2725
1787920368.900440,0.009458,-2.510585,0.699593,0.1842,0.2725
1787920368.905964,0.010200,-2.509671,0.700225,0.1918,0.2725
1787920368.913183,0.011186,-2.508842,0.700661,0.1878,0.2489
1787920368.919197,0.012305,-2.508178,0.702325,0.1954,0.2489
1787920368.926459,0.013130,-2.507328,0.702751,0.1855,0.2489
1787920368.933473,0.013946,-2.506479,0.703376,0.1800,0.2489
1787920368.939383,0.014773,-2.505537,0.704161,0.1889,0.2489
1787920368.946160,0.015672,-2.504695,0.704967,0.1867,0.2489
1787920368.952780,0.016743,-2.503790,0.705922,0.1942,0.2489
1787920368.959038,0.017676,-2.503051,0.707016,0.1930,0.2489
1787920368.966060,0.018552,-2.502238,0.707999,0.1861,0.2489
1787920368.972481,0.019728,-2.501677,0.709666,0.1890,0.2489
1787920368.979301,0.020247,-2.500408,0.709248,0.1860,0.2489
1787920368.986161,0.021111,-2.499536,0.710217,0.1837,0.2489
1787920368.993113,0.022288,-2.499064,0.711916,0.1804,0.2489
1787920369.003757,0.023299,-2.498465,0.713021,0.1589,0.2489
1787920369.006269,0.024002,-2.497154,0.712854,0.2771,0.2489
1787920369.012435,0.024878,-2.496415,0.713869,0.2498,0.2308
1787920369.019534,0.025748,-2.495365,0.714440,0.2317,0.2308
1787920369.028748,0.026648,-2.494408,0.715266,0.2047,0.2308
1787920369.034493,0.027536,-2.493667,0.716016,0.2037,0.2308
1787920369.039236,0.028622,-2.493006,0.716933,0.2218,0.2308
1787920369.046122,0.029635,-2.492197,0.718326,0.2117,0.2308
1787920369.052357,0.030418,-2.491293,0.718781,0.2052,0.2308
1787920369.059804,0.031568,-2.490554,0.720197,0.1981,0.2308
1787920369.065973,0.032389,-2.489665,0.720860,0.1972,0.2308
1787920369.072684,0.033314,-2.488921,0.721797,0.1910,0.2308
1787920369.079193,0.034183,-2.487655,0.721944,0.2023,0.2308
1787920369.086218,0.035038,-2.486602,0.722132,0.1988,0.2308
1787920369.092937,0.036013,-2.485626,0.723104,0.2006,0.2308
1787920369.099413,0.036743,-2.484765,0.723510,0.1922,0.2308
1787920369.149345,0.037634,-2.483788,0.724018,0.1424,0.2119
1787920369.150648,0.038452,-2.482817,0.724081,0.3886,0.2119
1787920369.151915,0.039480,-2.482221,0.725316,0.5479,0.2119
1787920369.153708,0.040279,-2.480777,0.725219,0.6438,0.2119
1787920369.155480,0.041080,-2.480027,0.725717,0.6364,0.2119
1787920369.157212,0.042174,-2.479197,0.726971,0.6826,0.2119
1787920369.158953,0.043264,-2.478454,0.727672,0.7032,0.2119
1787920369.159888,0.044086,-2.477630,0.728263,0.8647,0.2119
1787920369.160621,0.045011,-2.476596,0.728655,1.1698,0.2119
1787920369.165895,0.045702,-2.475452,0.728459,0.8915,0.2119
1787920369.172546,0.046893,-2.474802,0.729988,0.6837,0.2119
1787920369.179514,0.047816,-2.474031,0.731069,0.5303,0.2119
1787920369.186213,0.048711,-2.473182,0.732087,0.4264,0.2119
1787920369.192323,0.049891,-2.472306,0.733104,0.3704,0.2119
1787920369.199419,0.050829,-2.471696,0.734207,0.3060,0.2119
1787920369.208015,0.051765,-2.470878,0.735082,0.2575,0.2119
1787920369.212489,0.052468,-2.469820,0.734971,0.2629,0.1783
1787920369.219384,0.053543,-2.468945,0.735973,0.2442,0.1783
1787920369.225818,0.054525,-2.467891,0.736555,0.2379,0.1783
1787920369.234264,0.055418,-2.466962,0.736539,0.2122,0.1783
1787920369.239022,0.056192,-2.465882,0.736423,0.2304,0.1783
1787920369.246712,0.057182,-2.464972,0.737109,0.2137,0.1783
1787920369.252867,0.058092,-2.463877,0.737334,0.2183,0.1783
1787920369.259380,0.059081,-2.463163,0.738563,0.2087,0.1783
1787920369.266526,0.060002,-2.462438,0.739354,0.1951,0.1783
1787920369.272556,0.060889,-2.461222,0.739191,0.2100,0.1783
1787920369.279592,0.061880,-2.460216,0.740258,0.2071,0.1783
1787920369.285998,0.062918,-2.459458,0.741139,0.2048,0.1783
1787920369.292678,0.063814,-2.458332,0.741471,0.2072,0.1783
1787920369.300056,0.064815,-2.457548,0.742435,0.1966,0.1783
1787920369.305581,0.065738,-2.456325,0.742383,0.2194,0.1783
1787920369.313041,0.066569,-2.455440,0.743304,0.2023,0.1673
1787920369.319187,0.068057,-2.454706,0.744511,0.2193,0.1673
1787920369.326642,0.069076,-2.453956,0.745489,0.2041,0.1673
1787920369.335895,0.070058,-2.452765,0.745476,0.1925,0.1673
1787920369.339790,0.070829,-2.451638,0.745877,0.2373,0.1673
1787920369.346137,0.072275,-2.451222,0.747717,0.2295,0.1673
1787920369.353020,0.073142,-2.450076,0.747437,0.2224,0.1673
1787920369.360137,0.074069,-2.448925,0.747810,0.2173,0.1673
1787920369.366058,0.075001,-2.448027,0.748422,0.2177,0.1673
1787920369.372633,0.075938,-2.446807,0.748689,0.2216,0.1673
1787920369.379260,0.077084,-2.445852,0.748997,0.2226,0.1673
1787920369.386574,0.077811,-2.444671,0.748609,0.2106,0.1673
1787920369.392577,0.079024,-2.443821,0.749877,0.2207,0.1673
1787920369.399204,0.079846,-2.442718,0.749441,0.2158,0.1673
1787920369.406639,0.080854,-2.441560,0.749768,0.2126,0.1673
1787920369.439157,0.081533,-2.440483,0.749130,0.1602,0.1550
1787920369.453540,0.082492,-2.439477,0.749516,0.1411,0.1550
1787920369.454854,0.083264,-2.438454,0.749634,0.3868,0.1550
1787920369.456062,0.084356,-2.437575,0.749399,0.6179,0.1550
1787920369.458034,0.085180,-2.436685,0.749376,0.6166,0.1550
1787920369.458987,0.086152,-2.435756,0.749170,0.8550,0.1550
1787920369.459774,0.087238,-2.434778,0.749468,1.1559,0.1550
1787920369.460835,0.088132,-2.433937,0.749613,1.1560,0.1550
1787920369.466344,0.088634,-2.432801,0.749356,0.8714,0.1550
1787920369.472565,0.089517,-2.431585,0.749124,0.6811,0.1550
1787920369.479139,0.090476,-2.430834,0.749619,0.5321,0.1550
1787920369.486804,0.091155,-2.429788,0.749444,0.4198,0.1550
1787920369.493606,0.092307,-2.429074,0.749976,0.3525,0.1550
1787920369.499756,0.092688,-2.427681,0.749265,0.3067,0.1550
1787920369.505805,0.093872,-2.426954,0.749855,0.2822,0.1550
1787920369.515106,0.094655,-2.426084,0.750238,0.2351,0.1505
1787920369.519722,0.095315,-2.425151,0.750232,0.2374,0.1505
1787920369.525975,0.096436,-2.424325,0.750699,0.2325,0.1505
1787920369.533176,0.097286,-2.423422,0.750825,0.2143,0.1505
1787920369.540648,0.098062,-2.422234,0.750884,0.2053,0.1505
1787920369.545813,0.099104,-2.421633,0.751754,0.2118,0.1505
1787920369.553099,0.100173,-2.420630,0.751978,0.2086,0.1505
1787920369.559198,0.101054,-2.419515,0.752064,0.2151,0.1505
1787920369.566403,0.101915,-2.418387,0.752007,0.2089,0.1505
1787920369.572731,0.102928,-2.417466,0.753020,0.2111,0.1505
1787920369.581302,0.103736,-2.416595,0.753681,0.1892,0.1505
1787920369.586105,0.104705,-2.415769,0.754218,0.2119,0.1505
1787920369.592884,0.105849,-2.414780,0.755039,0.2152,0.1505
1787920369.599634,0.106679,-2.413639,0.755013,0.2123,0.1505
1787920369.607477,0.107643,-2.412846,0.755938,0.1962,0.1505
1787920369.617440,0.108481,-2.411907,0.756679,0.1751,0.1399
1787920369.619829,0.109464,-2.411042,0.757265,0.2869,0.1399
1787920369.626540,0.110455,-2.410168,0.758012,0.2599,0.1399
1787920369.633766,0.111296,-2.409136,0.758215,0.2368,0.1399
1787920369.643961,0.112307,-2.408399,0.758898,0.2022,0.1399
1787920369.648394,0.112994,-2.407406,0.759128,0.2215,0.1399
1787920369.652520,0.114097,-2.406438,0.759783,0.2617,0.1399
1787920369.659451,0.115295,-2.405497,0.760473,0.2488,0.1399
1787920369.665935,0.116071,-2.404492,0.760644,0.2322,0.1399
1787920369.672975,0.116898,-2.403613,0.760962,0.2139,0.1399
1787920369.679085,0.117542,-2.402364,0.760485,0.2149,0.1399
1787920369.685942,0.118624,-2.401340,0.760978,0.2156,0.1399
1787920369.693223,0.119995,-2.400928,0.762806,0.2035,0.1399
1787920369.699552,0.120870,-2.399978,0.763411,0.2036,0.1399
1787920369.706092,0.121671,-2.398965,0.763533,0.2012,0.1399
1787920369.712842,0.122431,-2.397677,0.762990,0.2048,0.1139
1787920369.769561,0.123475,-2.397089,0.764061,0.1495,0.1139
1787920369.770852,0.124701,-2.396163,0.764425,0.4593,0.1139
1787920369.771830,0.125463,-2.395373,0.764750,0.6580,0.1139
1787920369.773915,0.126303,-2.394465,0.764804,0.6384,0.1139
1787920369.774957,0.127194,-2.393576,0.765158,0.8088,0.1139
1787920369.775817,0.128519,-2.392682,0.766355,1.1154,0.1139
1787920369.776641,0.129357,-2.391461,0.765794,1.3088,0.1139
1787920369.778391,0.130439,-2.390646,0.766372,1.1467,0.1139
1787920369.779765,0.131198,-2.389712,0.766054,1.0635,0.1139
1787920369.780538,0.132265,-2.388875,0.767094,1.2686,0.1139
1787920369.786391,0.133109,-2.387887,0.767010,0.9543,0.1139
1787920369.792680,0.134019,-2.386892,0.766793,0.7322,0.1139
1787920369.799585,0.135244,-2.385996,0.767391,0.5779,0.1139
1787920369.805960,0.136179,-2.384952,0.767460,0.4703,0.1139
1787920369.812578,0.137038,-2.384067,0.767668,0.3851,0.1100
1787920369.822135,0.137794,-2.382949,0.767334,0.3110,0.1100
1787920369.825864,0.138734,-2.382211,0.767907,0.3134,0.1100
1787920369.833437,0.139808,-2.381395,0.767867,0.2724,0.1100
1787920369.839497,0.140460,-2.380194,0.767386,0.2552,0.1100
1787920369.849464,0.141433,-2.379171,0.767625,0.2211,0.1100
1787920369.854363,0.142472,-2.378530,0.768138,0.2278,0.1100
1787920369.860039,0.143565,-2.377531,0.768481,0.2377,0.1100
1787920369.866416,0.144299,-2.376631,0.768594,0.2206,0.1100
1787920369.873103,0.145224,-2.375614,0.768719,0.2160,0.1100
1787920369.879339,0.146316,-2.374634,0.768843,0.2218,0.1100
1787920369.886190,0.147162,-2.373584,0.768652,0.2138,0.1100
1787920369.892957,0.148246,-2.372839,0.769205,0.2072,0.1100
1787920369.899249,0.148979,-2.371658,0.769137,0.2093,0.1100
1787920369.906104,0.149777,-2.370643,0.768800,0.2025,0.1100
1787920369.914475,0.150815,-2.369605,0.768646,0.1943,0.1078
1787920369.919924,0.151785,-2.368964,0.769430,0.1990,0.1078
1787920369.926915,0.152352,-2.367436,0.768137,0.2023,0.1078
1787920369.932702,0.153542,-2.366576,0.768716,0.2170,0.1078
1787920369.939694,0.154779,-2.365857,0.769792,0.2114,0.1078
1787920369.946204,0.155743,-2.364897,0.770137,0.2107,0.1078
1787920369.952724,0.156375,-2.363636,0.769206,0.2088,0.1078
1787920369.959762,0.157493,-2.362637,0.769156,0.2100,0.1078
1787920369.965985,0.158215,-2.361730,0.768869,0.2024,0.1078
1787920369.972475,0.159175,-2.360817,0.768868,0.2029,0.1078
1787920369.979814,0.160153,-2.359835,0.768831,0.1987,0.1078
1787920369.985921,0.160860,-2.358567,0.768521,0.2073,0.1078
1787920369.993371,0.162061,-2.357862,0.769090,0.1996,0.1078
1787920369.999270,0.162889,-2.356836,0.769028,0.2063,0.1078
1787920370.006055,0.163529,-2.355455,0.768086,0.2072,0.1078
1787920370.012674,0.164709,-2.354569,0.768465,0.2114,0.1100
1787920370.019155,0.165814,-2.353511,0.768438,0.2188,0.1100
1787920370.071990,0.166725,-2.352613,0.768851,0.1604,0.1100
1787920370.073129,0.167415,-2.351094,0.767898,0.5210,0.1100
1787920370.074017,0.168620,-2.350369,0.768613,0.8277,0.1100
1787920370.075743,0.169860,-2.349699,0.769590,0.8152,0.1100
1787920370.077412,0.170739,-2.348667,0.769901,0.8132,0.1100
1787920370.078339,0.171594,-2.347717,0.769822,0.9820,0.1100
1787920370.079170,0.172707,-2.346682,0.770256,1.2359,0.1100
1787920370.081455,0.173907,-2.345824,0.770692,1.0567,0.1100
1787920370.082612,0.174653,-2.344502,0.770254,1.1171,0.1100
1787920370.086467,0.175753,-2.343685,0.770564,0.8877,0.1100
1787920370.094533,0.176877,-2.342561,0.771192,0.6805,0.1100
1787920370.100005,0.178171,-2.341685,0.771303,0.5607,0.1100
1787920370.106169,0.179006,-2.340573,0.771064,0.4594,0.1100
1787920370.112987,0.179635,-2.339195,0.770050,0.3836,0.1081
1787920370.121211,0.180861,-2.338220,0.770778,0.3254,0.1081
1787920370.129459,0.181884,-2.337316,0.771162,0.2774,0.1081
1787920370.133175,0.183041,-2.336467,0.770857,0.3089,0.1081
1787920370.138999,0.183827,-2.335312,0.770858,0.2867,0.1081
1787920370.146005,0.185036,-2.334495,0.771298,0.2622,0.1081
1787920370.154977,0.185851,-2.333492,0.771273,0.2265,0.1081
1787920370.161042,0.186945,-2.332586,0.771275,0.2286,0.1081
1787920370.167591,0.187896,-2.331553,0.771068,0.2242,0.1081
1787920370.172775,0.189011,-2.330644,0.771329,0.2399,0.1081
1787920370.179466,0.189848,-2.329364,0.770977,0.2348,0.1081
1787920370.186240,0.191046,-2.328424,0.771110,0.2315,0.1081
1787920370.192500,0.191996,-2.327349,0.771012,0.2306,0.1081
1787920370.199345,0.192987,-2.326354,0.771452,0.2229,0.1081
1787920370.206353,0.194025,-2.325273,0.771295,0.2202,0.1081
1787920370.213039,0.194883,-2.324062,0.770830,0.2196,0.0938
1787920370.219643,0.195909,-2.323304,0.771367,0.2111,0.0938
1787920370.226174,0.196667,-2.322010,0.771094,0.2142,0.0938
1787920370.232423,0.197665,-2.321185,0.771943,0.2119,0.0938
1787920370.239619,0.198739,-2.320013,0.771478,0.2145,0.0938
1787920370.246259,0.199899,-2.319359,0.772119,0.2083,0.0938
1787920370.258932,0.200733,-2.317956,0.771817,0.1831,0.0938
1787920370.260486,0.201887,-2.316904,0.771994,0.4294,0.0938
1787920370.266332,0.203011,-2.315905,0.771946,0.3777,0.0938
1787920370.272753,0.203973,-2.314653,0.771788,0.3374,0.0938
1787920370.279989,0.204714,-2.313314,0.770770,0.2969,0.0938
1787920370.286107,0.205642,-2.312185,0.770827,0.2791,0.0938
1787920370.293242,0.206721,-2.311312,0.771292,0.2535,0.0938
1787920370.299371,0.207715,-2.310244,0.771756,0.2487,0.0938
1787920370.305840,0.208648,-2.308990,0.771441,0.2457,0.0938
1787920370.313813,0.209920,-2.308087,0.771865,0.2300,0.0895
1787920370.321091,0.211058,-2.307294,0.772651,0.2174,0.0895
1787920370.327410,0.211972,-2.305995,0.771994,0.2263,0.0895
1787920370.334129,0.212914,-2.304683,0.771421,0.2294,0.0895
1787920370.340701,0.213978,-2.303390,0.771030,0.2365,0.0895
1787920370.347060,0.215080,-2.302485,0.771044,0.2326,0.0895
1787920370.352599,0.215958,-2.301157,0.770328,0.2470,0.0895
1787920370.360464,0.216644,-2.300015,0.770137,0.2220,0.0895
1787920370.367624,0.218090,-2.299252,0.770937,0.2212,0.0895
1787920370.372570,0.218894,-2.298230,0.771087,0.2330,0.0895
1787920370.379454,0.220067,-2.297176,0.770936,0.2318,0.0895
1787920370.386778,0.220975,-2.296035,0.770523,0.2215,0.0895
1787920370.392790,0.222309,-2.295420,0.771690,0.2241,0.0895
1787920370.399616,0.223128,-2.293920,0.771066,0.2286,0.0895
1787920370.405921,0.224126,-2.292813,0.770998,0.2308,0.0895
1787920370.412746,0.225260,-2.291608,0.770847,0.2343,0.0916
1787920370.419819,0.226421,-2.290655,0.771538,0.2274,0.0916
1787920370.426589,0.227177,-2.289343,0.770890,0.2237,0.0916
1787920370.436845,0.228433,-2.288616,0.771532,0.1978,0.0916
1787920370.439913,0.229485,-2.287382,0.771002,0.2963,0.0916
1787920370.446200,0.230680,-2.286596,0.772085,0.2745,0.0916
1787920370.452982,0.231282,-2.285334,0.771513,0.2501,0.0916
1787920370.462274,0.232538,-2.284425,0.772023,0.2246,0.0916
1787920370.466594,0.233377,-2.283179,0.771422,0.2594,0.0916
1787920370.472466,0.234427,-2.282014,0.771390,0.2615,0.0916
1787920370.480224,0.235135,-2.280626,0.770553,0.2401,0.0916
1787920370.486062,0.235891,-2.279320,0.770108,0.2427,0.0916
1787920370.492676,0.237114,-2.278203,0.770055,0.2449,0.0916
1787920370.515279,0.237892,-2.276996,0.770126,0.1900,0.0906
1787920370.516314,0.239007,-2.275951,0.770275,0.5757,0.0906
1787920370.517139,0.240116,-2.275056,0.770398,0.9191,0.0906
1787920370.519636,0.241252,-2.274086,0.771139,0.8225,0.0906
1787920370.526063,0.242244,-2.273217,0.771314,0.6372,0.0906
1787920370.532778,0.243323,-2.272351,0.771726,0.5076,0.0906
1787920370.539744,0.244040,-2.270875,0.770731,0.4217,0.0906
1787920370.546368,0.245401,-2.269951,0.771220,0.3686,0.0906
1787920370.552925,0.246212,-2.268827,0.770942,0.3205,0.0906
1787920370.560263,0.247327,-2.267799,0.771027,0.2863,0.0906
1787920370.572387,0.248157,-2.266703,0.770958,0.2340,0.0906
1787920370.573896,0.249490,-2.265688,0.771539,0.4945,0.0906
1787920370.582929,0.250473,-2.264429,0.770901,0.3987,0.0906
1787920370.587449,0.251441,-2.263477,0.771277,0.3692,0.0906
1787920370.593311,0.252603,-2.262546,0.771619,0.3343,0.0906
1787920370.600089,0.253576,-2.261431,0.772161,0.2993,0.0906
1787920370.606212,0.254735,-2.260291,0.771698,0.2892,0.0906
1787920370.612672,0.255808,-2.259183,0.772117,0.2740,0.0904
1787920370.619486,0.256695,-2.258000,0.771540,0.2561,0.0904
1787920370.628338,0.258042,-2.257083,0.772072,0.2337,0.0904
1787920370.632656,0.258796,-2.255772,0.771850,0.2646,0.0904
1787920370.681333,0.259818,-2.254638,0.771391,0.1946,0.0904
1787920370.682429,0.260793,-2.253365,0.770953,0.5702,0.0904
1787920370.683372,0.261792,-2.252306,0.771289,0.8621,0.0904
1787920370.685079,0.263111,-2.251419,0.771669,0.8783,0.0904
1787920370.686846,0.264007,-2.250370,0.771534,0.8480,0.0904
1787920370.687813,0.265206,-2.249320,0.771766,1.0874,0.0904
1787920370.688568,0.266267,-2.247851,0.771216,1.4699,0.0904
1787920370.689299,0.267435,-2.247180,0.771816,1.5651,0.0904
1787920370.692657,0.268212,-2.245844,0.771052,1.2285,0.0904
1787920370.699427,0.269371,-2.244863,0.771739,0.9271,0.0904
1787920370.706513,0.270505,-2.243604,0.771468,0.7206,0.0904
1787920370.712593,0.271359,-2.242526,0.771281,0.5716,0.1041
1787920370.720866,0.272469,-2.241700,0.771393,0.4499,0.1041
1787920370.726679,0.273442,-2.240592,0.771364,0.3908,0.1041
1787920370.733963,0.274359,-2.239309,0.770859,0.3375,0.1041
1787920370.739395,0.275499,-2.238448,0.771277,0.3145,0.1041
1787920370.746428,0.276460,-2.237320,0.771006,0.2831,0.1041
1787920370.753042,0.277470,-2.236346,0.770940,0.2618,0.1041
1787920370.760298,0.278608,-2.235226,0.771191,0.2493,0.1041
1787920370.769744,0.279660,-2.234391,0.771044,0.2169,0.1041
1787920370.772910,0.280816,-2.233518,0.771954,0.2880,0.1041
1787920370.779159,0.281715,-2.232287,0.771272,0.2738,0.1041
1787920370.786462,0.283059,-2.231286,0.771603,0.2599,0.1041
1787920370.792807,0.283714,-2.229856,0.770332,0.2512,0.1041
1787920370.799101,0.285000,-2.228964,0.771351,0.2494,0.1041
1787920370.806388,0.285969,-2.227865,0.770907,0.2347,0.1041
1787920370.822006,0.287175,-2.226993,0.771485,0.1926,0.1079
1787920370.825374,0.288089,-2.225751,0.771179,0.2703,0.1079
1787920370.826825,0.289516,-2.225138,0.772169,0.4890,0.1079
1787920370.832384,0.290249,-2.223573,0.771261,0.4295,0.1079
1787920370.838997,0.291501,-2.223062,0.772633,0.3575,0.1079
1787920370.846735,0.292652,-2.222040,0.772556,0.3099,0.1079
1787920370.852781,0.293644,-2.220769,0.772055,0.2962,0.1079
1787920370.859337,0.294471,-2.219668,0.771854,0.2696,0.1079
1787920370.866929,0.295742,-2.218635,0.771782,0.2531,0.1079
1787920370.872924,0.296787,-2.217427,0.771567,0.2569,0.1079
1787920370.879755,0.297757,-2.216197,0.771356,0.2480,0.1079
1787920370.886087,0.298792,-2.215207,0.771391,0.2415,0.1079
1787920370.892627,0.299991,-2.214088,0.771732,0.2442,0.1079
1787920370.899250,0.301079,-2.213055,0.771694,0.2389,0.1079
1787920370.906060,0.301991,-2.212077,0.771978,0.2261,0.1079
1787920370.912957,0.302994,-2.211113,0.772419,0.2188,0.1110
1787920370.919074,0.304072,-2.209825,0.772002,0.2351,0.1110
1787920370.926265,0.305213,-2.209105,0.772667,0.2196,0.1110
1787920370.932349,0.306188,-2.207887,0.772633,0.2301,0.1110
1787920370.939842,0.307299,-2.206510,0.771851,0.2314,0.1110
1787920370.948983,0.308581,-2.205626,0.772689,0.2123,0.1110
1787920370.974467,0.309589,-2.204411,0.771740,0.1671,0.1110
1787920370.979963,0.310573,-2.203289,0.771487,0.1982,0.1110
1787920370.980908,0.311809,-2.202216,0.771615,0.6575,0.1110
1787920370.981728,0.312664,-2.200925,0.770941,1.0138,0.1110
1787920370.983404,0.314238,-2.200511,0.772287,0.9632,0.1110
1787920370.986642,0.315176,-2.199158,0.771933,0.8240,0.1110
1787920370.992591,0.316211,-2.198277,0.772275,0.6452,0.1110
1787920370.999153,0.317318,-2.197375,0.772033,0.5166,0.1110
1787920371.006082,0.318356,-2.196156,0.771848,0.4306,0.1110
1787920371.013998,0.318997,-2.195031,0.771579,0.3486,0.1194
1787920371.019152,0.320085,-2.193872,0.771504,0.3365,0.1194
1787920371.025930,0.321043,-2.193034,0.771303,0.2918,0.1194
1787920371.032985,0.322129,-2.191591,0.770828,0.2801,0.1194
1787920371.039137,0.322944,-2.190628,0.770344,0.2573,0.1194
1787920371.046295,0.323983,-2.189428,0.770341,0.2464,0.1194
1787920371.052659,0.325013,-2.188679,0.770200,0.2319,0.1194
1787920371.059159,0.325951,-2.187553,0.769826,0.2296,0.1194
1787920371.066812,0.326879,-2.186420,0.769748,0.2177,0.1194
1787920371.072961,0.327756,-2.185266,0.769249,0.2224,0.1194
1787920371.080099,0.328830,-2.184311,0.769116,0.2160,0.1194
1787920371.086019,0.329762,-2.183403,0.768889,0.2171,0.1194
1787920371.092254,0.330418,-2.181946,0.767649,0.2234,0.1194
1787920371.100370,0.331275,-2.181017,0.768073,0.2030,0.1194
1787920371.105906,0.332620,-2.180120,0.768416,0.2283,0.1194
1787920371.112590,0.333523,-2.179028,0.768175,0.2230,0.1581
1787920371.119514,0.334469,-2.178219,0.768228,0.2099,0.1581
1787920371.125679,0.335451,-2.177066,0.768477,0.2203,0.1581
1787920371.132627,0.336542,-2.176024,0.768564,0.2194,0.1581
1787920371.139208,0.337384,-2.174798,0.768309,0.2200,0.1581
1787920371.146889,0.338498,-2.173970,0.768571,0.2078,0.1581
1787920371.153969,0.339585,-2.172989,0.768725,0.2075,0.1581
1787920371.159013,0.340427,-2.171876,0.768406,0.2272,0.1581
1787920371.166232,0.341446,-2.170743,0.768511,0.2222,0.1581
1787920371.173002,0.342347,-2.169698,0.768044,0.2164,0.1581
1787920371.179255,0.343569,-2.168688,0.768476,0.2274,0.1581
1787920371.186732,0.344452,-2.167652,0.768126,0.2135,0.1581
1787920371.193305,0.345552,-2.166630,0.768585,0.2180,0.1581
1787920371.199081,0.346449,-2.165502,0.768408,0.2268,0.1581
1787920371.206367,0.347676,-2.164862,0.769354,0.2134,0.1581
1787920371.212348,0.348547,-2.163583,0.769053,0.2254,0.1614
1787920371.219688,0.349742,-2.162816,0.769934,0.2147,0.1614
1787920371.225965,0.350509,-2.161793,0.769644,0.2106,0.1614
1787920371.234616,0.351676,-2.160563,0.769641,0.2062,0.1614
1787920371.239624,0.352413,-2.159460,0.769649,0.2220,0.1614
1787920371.245915,0.353510,-2.158463,0.770028,0.2261,0.1614
1787920371.255712,0.354707,-2.157686,0.770425,0.2011,0.1614
1787920371.277102,0.355620,-2.156539,0.770145,0.1612,0.1614
1787920371.282889,0.356798,-2.155598,0.770797,0.1906,0.1614
1787920371.283877,0.357775,-2.154546,0.770799,0.5689,0.1614
1787920371.284682,0.358931,-2.153624,0.770709,0.9465,0.1614
1787920371.286562,0.359774,-2.152780,0.770722,0.8529,0.1614
1787920371.292849,0.361349,-2.152175,0.771959,0.6710,0.1614
1787920371.299767,0.362298,-2.151325,0.772442,0.5249,0.1614
1787920371.306390,0.363433,-2.150305,0.772909,0.4365,0.1614
1787920371.312927,0.364296,-2.149045,0.772253,0.3743,0.1688
1787920371.319744,0.365330,-2.148160,0.773004,0.3217,0.1688
1787920371.326369,0.366125,-2.146984,0.772043,0.2882,0.1688
1787920371.333849,0.366957,-2.145731,0.771390,0.2607,0.1688
1787920371.339358,0.368080,-2.144792,0.771292,0.2620,0.1688
1787920371.346006,0.369224,-2.143803,0.771703,0.2515,0.1688
1787920371.352513,0.370008,-2.142710,0.771121,0.2371,0.1688
1787920371.360916,0.370895,-2.141420,0.770854,0.2208,0.1688
1787920371.365850,0.372134,-2.140560,0.771102,0.2450,0.1688
1787920371.372276,0.373103,-2.139309,0.770534,0.2446,0.1688
1787920371.379975,0.374257,-2.138614,0.771445,0.2224,0.1688
1787920371.385794,0.374990,-2.137303,0.770562,0.2299,0.1688
1787920371.392691,0.376120,-2.136444,0.771081,0.2222,0.1688
1787920371.401433,0.377232,-2.135365,0.771310,0.2087,0.1688
1787920371.406395,0.378083,-2.134176,0.771147,0.2331,0.1688
1787920371.413197,0.379098,-2.133261,0.771452,0.2234,0.1702
1787920371.419294,0.380160,-2.132123,0.771382,0.2329,0.1702
1787920371.425752,0.381164,-2.131128,0.771433,0.2287,0.1702
1787920371.432747,0.381907,-2.129951,0.771055,0.2181,0.1702
1787920371.438942,0.383035,-2.128927,0.771370,0.2264,0.1702
1787920371.446392,0.384143,-2.128013,0.771602,0.2161,0.1702
1787920371.452585,0.385206,-2.127024,0.771925,0.2216,0.1702
1787920371.461777,0.386523,-2.126202,0.772641,0.2046,0.1702
1787920371.466093,0.387317,-2.124917,0.772439,0.2451,0.1702
1787920371.472564,0.388606,-2.124140,0.772783,0.2395,0.1702
1787920371.480288,0.389607,-2.123091,0.772862,0.2240,0.1702
1787920371.489344,0.390605,-2.122240,0.773194,0.2001,0.1702
1787920371.493686,0.391549,-2.120973,0.772818,0.2479,0.1702
1787920371.499520,0.392439,-2.119909,0.772840,0.2445,0.1702
1787920371.506271,0.393600,-2.118727,0.772819,0.2448,0.1702
1787920371.512764,0.394698,-2.117714,0.773292,0.2403,0.1782
1787920371.519157,0.395607,-2.116408,0.772726,0.2415,0.1782
1787920371.526620,0.396668,-2.115497,0.772786,0.2252,0.1782
1787920371.532789,0.397982,-2.114697,0.773578,0.2305,0.1782
1787920371.539274,0.398630,-2.113117,0.772161,0.2339,0.1782
1787920371.546080,0.399715,-2.112229,0.773067,0.2253,0.1782
1787920371.552967,0.400835,-2.111057,0.772844,0.2282,0.1782
1787920371.570602,0.402059,-2.110448,0.774061,0.1819,0.1782
1787920371.607969,0.402899,-2.108976,0.773204,0.1404,0.1782
1787920371.609117,0.404037,-2.107892,0.773919,0.5090,0.1782
1787920371.610204,0.404937,-2.106796,0.773588,0.7453,0.1782
1787920371.612081,0.406102,-2.105632,0.773641,0.7850,0.2009
1787920371.613020,0.406940,-2.104546,0.773508,0.9834,0.2009
1787920371.613863,0.408019,-2.103386,0.773560,1.2509,0.2009
1787920371.615489,0.408835,-2.101999,0.773024,1.1621,0.2009
1787920371.616565,0.409615,-2.100661,0.772381,1.2298,0.2009
1787920371.619453,0.410792,-2.099844,0.773155,1.0076,0.2009
1787920371.625902,0.411835,-2.098804,0.772873,0.7739,0.2009
1787920371.633686,0.412814,-2.097850,0.773383,0.5944,0.2009
1787920371.639044,0.413969,-2.096765,0.773155,0.5048,0.2009
1787920371.657433,0.415230,-2.095712,0.773301,0.3801,0.2009
1787920371.659280,0.416011,-2.094699,0.773364,0.4718,0.2009
1787920371.660111,0.417172,-2.093744,0.773541,0.8707,0.2009
1787920371.666856,0.418177,-2.092696,0.773428,0.6741,0.2009
1787920371.672776,0.419266,-2.091574,0.773491,0.5510,0.2009
1787920371.679378,0.420239,-2.090419,0.772720,0.4540,0.2009
1787920371.686162,0.421283,-2.089581,0.773223,0.3768,0.2009
1787920371.692852,0.422156,-2.088361,0.772435,0.3299,0.2009
1787920371.699967,0.423393,-2.087494,0.773008,0.2938,0.2009
1787920371.705997,0.424291,-2.086227,0.772816,0.2817,0.2009
1787920371.715162,0.425243,-2.085349,0.772790,0.2395,0.2093
1787920371.724887,0.426568,-2.084231,0.773233,0.2210,0.2093
1787920371.727939,0.427475,-2.083280,0.773098,0.2838,0.2093
1787920371.733714,0.428377,-2.082001,0.773176,0.2786,0.2093
1787920371.739858,0.429358,-2.080994,0.773164,0.2637,0.2093
1787920371.746014,0.430577,-2.079849,0.773580,0.2660,0.2093
1787920371.752791,0.431482,-2.078806,0.773437,0.2471,0.2093
1787920371.759034,0.432691,-2.078033,0.774711,0.2405,0.2093
1787920371.768071,0.433395,-2.076562,0.773903,0.2192,0.2093
1787920371.772501,0.434925,-2.075944,0.775234,0.2567,0.2093
1787920371.779977,0.435724,-2.074596,0.774409,0.2404,0.2093
1787920371.786260,0.436325,-2.073337,0.774360,0.2309,0.2093
1787920371.793484,0.437434,-2.072138,0.774681,0.2293,0.2093
1787920371.799444,0.438747,-2.071395,0.775604,0.2339,0.2093
1787920371.806342,0.439856,-2.070146,0.775455,0.2362,0.2093
1787920371.812874,0.440756,-2.068974,0.775520,0.2326,0.2120
1787920371.819442,0.441555,-2.067489,0.774683,0.2363,0.2120
1787920371.826615,0.443234,-2.066765,0.776278,0.2367,0.2120
1787920371.832942,0.444182,-2.065398,0.775833,0.2432,0.2120
1787920371.839858,0.445094,-2.063993,0.775505,0.2411,0.2120
1787920371.847782,0.446206,-2.062937,0.776077,0.2269,0.2120
1787920371.852889,0.447205,-2.062033,0.776657,0.2379,0.2120
1787920371.862530,0.448044,-2.060826,0.776659,0.2115,0.2120
1787920371.865950,0.449184,-2.059748,0.776961,0.2857,0.2120
1787920371.874693,0.450167,-2.058386,0.777002,0.2568,0.2120
1787920371.879650,0.451039,-2.057105,0.776621,0.2717,0.2120
1787920371.885978,0.452293,-2.056223,0.777430,0.2619,0.2120
1787920371.895835,0.453065,-2.054797,0.776505,0.2305,0.2120
1787920371.899004,0.454215,-2.053467,0.777003,0.3273,0.2120
1787920371.906286,0.455145,-2.052315,0.776691,0.2897,0.2120
1787920371.913696,0.456171,-2.051353,0.777570,0.2597,0.2162
1787920371.919398,0.457268,-2.050224,0.777759,0.2646,0.2162
1787920371.925938,0.458463,-2.049015,0.777922,0.2632,0.2162
1787920371.932886,0.459310,-2.047740,0.777680,0.2489,0.2162
1787920371.939280,0.460387,-2.046730,0.778586,0.2435,0.2162
1787920371.945811,0.461513,-2.045633,0.779193,0.2427,0.2162
1787920371.952804,0.462585,-2.044491,0.779184,0.2370,0.2162
1787920371.959093,0.463507,-2.043393,0.779623,0.2340,0.2162
1787920371.966424,0.464389,-2.042061,0.779560,0.2278,0.2162
1787920371.973323,0.465549,-2.040949,0.780084,0.2293,0.2162
1787920371.979689,0.466420,-2.039446,0.779085,0.2395,0.2162
1787920371.986524,0.467338,-2.037993,0.778748,0.2411,0.2162
1787920371.992845,0.468489,-2.036711,0.779087,0.2504,0.2162
1787920372.000396,0.469784,-2.035343,0.778821,0.2501,0.2162
1787920372.005948,0.470826,-2.034256,0.779241,0.2564,0.2162
1787920372.012804,0.472235,-2.033184,0.779764,0.2563,0.2194
1787920372.019163,0.472841,-2.031453,0.779354,0.2571,0.2194
1787920372.025799,0.474121,-2.030433,0.779527,0.2536,0.2194
1787920372.034751,0.475412,-2.029427,0.780661,0.2319,0.2194
1787920372.040380,0.476454,-2.027929,0.779995,0.2580,0.2194
1787920372.046689,0.477533,-2.026866,0.781008,0.2526,0.2194
1787920372.053748,0.478411,-2.025500,0.780888,0.2442,0.2194
1787920372.059460,0.479531,-2.024496,0.781520,0.2498,0.2194
1787920372.066486,0.480739,-2.023314,0.781557,0.2470,0.2194
1787920372.074993,0.481523,-2.021993,0.781921,0.2254,0.2194
1787920372.080359,0.482812,-2.020857,0.782651,0.2537,0.2194
1787920372.086187,0.483988,-2.020040,0.783604,0.2501,0.2194
1787920372.092571,0.485073,-2.018822,0.783634,0.2516,0.2194
1787920372.100968,0.486161,-2.017767,0.784739,0.2303,0.2194
1787920372.105878,0.487253,-2.016537,0.784934,0.2615,0.2194
1787920372.113201,0.488465,-2.015380,0.785878,0.2517,0.2136
1787920372.119591,0.489487,-2.014216,0.785793,0.2487,0.2136
1787920372.126104,0.490445,-2.013116,0.785991,0.2412,0.2136
1787920372.132635,0.491586,-2.011781,0.786502,0.2492,0.2136
1787920372.139274,0.492612,-2.010631,0.786473,0.2440,0.2136
1787920372.146202,0.493672,-2.009468,0.786800,0.2389,0.2136
1787920372.152900,0.494625,-2.008367,0.787352,0.2322,0.2136
1787920372.159037,0.495834,-2.007125,0.787708,0.2473,0.2136
1787920372.167258,0.496633,-2.005822,0.787555,0.2274,0.2136
1787920372.172605,0.497640,-2.004849,0.788006,0.2378,0.2136
1787920372.204061,0.498754,-2.003880,0.788977,0.1805,0.2136
1787920372.205992,0.499961,-2.002684,0.789412,0.3903,0.2136
1787920372.208034,0.500898,-2.001574,0.789620,0.4859,0.2136
1787920372.209826,0.502006,-2.000593,0.790927,0.5875,0.2136
1787920372.211647,0.503036,-1.999617,0.791242,0.6448,0.2140
1787920372.213156,0.504098,-1.998457,0.791548,0.7637,0.2140
1787920372.219671,0.505043,-1.997359,0.791286,0.6012,0.2140
1787920372.226036,0.506003,-1.996186,0.791870,0.4919,0.2140
1787920372.232399,0.506826,-1.994949,0.791746,0.4131,0.2140
1787920372.239768,0.508088,-1.993858,0.791971,0.3569,0.2140
1787920372.246096,0.509024,-1.992919,0.792053,0.3127,0.2140
1787920372.252635,0.509953,-1.991763,0.792331,0.2865,0.2140
1787920372.259615,0.510867,-1.990469,0.792853,0.2678,0.2140
1787920372.265793,0.511767,-1.988975,0.791925,0.2698,0.2140
1787920372.273079,0.512944,-1.988316,0.793057,0.2422,0.2140
1787920372.280539,0.513914,-1.987131,0.793473,0.2309,0.2140
1787920372.287300,0.514745,-1.985713,0.793201,0.2323,0.2140
1787920372.292402,0.515786,-1.984560,0.793493,0.2539,0.2140
1787920372.299585,0.516957,-1.983670,0.794129,0.2385,0.2140
1787920372.306897,0.517923,-1.982616,0.794728,0.2256,0.2140
1787920372.314361,0.519048,-1.981399,0.794875,0.2245,0.2113
1787920372.320135,0.520035,-1.980244,0.795145,0.2359,0.2113
1787920372.325974,0.521240,-1.979369,0.796159,0.2405,0.2113
1787920372.332793,0.522420,-1.978265,0.796663,0.2395,0.2113
1787920372.339964,0.523539,-1.977229,0.796969,0.2313,0.2113
1787920372.345925,0.524626,-1.976081,0.797245,0.2415,0.2113
1787920372.353071,0.525808,-1.975058,0.798078,0.2344,0.2113
1787920372.359540,0.526624,-1.973557,0.797373,0.2403,0.2113
1787920372.367128,0.527956,-1.972687,0.798538,0.2296,0.2113
1787920372.372522,0.529183,-1.971985,0.799560,0.2363,0.2113
1787920372.382126,0.530167,-1.970485,0.799476,0.2204,0.2113
1787920372.386068,0.530894,-1.969104,0.799036,0.2682,0.2113
1787920372.393988,0.532123,-1.968141,0.799816,0.2464,0.2113
1787920372.399428,0.532860,-1.966831,0.799615,0.2526,0.2113
1787920372.407851,0.533795,-1.965520,0.799961,0.2335,0.2113
1787920372.412690,0.534646,-1.964088,0.799452,0.2639,0.2602
1787920372.420481,0.536006,-1.963056,0.800251,0.2497,0.2602
1787920372.426514,0.536758,-1.961835,0.800157,0.2444,0.2602
1787920372.432794,0.537972,-1.960875,0.800952,0.2444,0.2602
1787920372.441834,0.538988,-1.959534,0.800803,0.2265,0.2602
1787920372.446054,0.540233,-1.958484,0.800975,0.2737,0.2602
1787920372.452514,0.541307,-1.957407,0.801708,0.2623,0.2602
1787920372.460502,0.542350,-1.956294,0.801908,0.2409,0.2602
1787920372.465973,0.543389,-1.955024,0.801871,0.2583,0.2602
1787920372.472815,0.544473,-1.954118,0.802153,0.2424,0.2602
1787920372.479551,0.545558,-1.952969,0.802284,0.2401,0.2602
1787920372.497755,0.546456,-1.951922,0.802123,0.1907,0.2602
1787920372.500396,0.547293,-1.950775,0.802072,0.2933,0.2602
1787920372.503715,0.548359,-1.949579,0.801827,0.3500,0.2602
1787920372.505859,0.549042,-1.948297,0.801249,0.4402,0.2602
1787920372.512914,0.550114,-1.947364,0.801537,0.3684,0.2690
1787920372.519424,0.550787,-1.945926,0.800930,0.3270,0.2690
1787920372.526298,0.551865,-1.945153,0.801561,0.2859,0.2690
1787920372.533764,0.552730,-1.944039,0.801400,0.2565,0.2690
1787920372.539617,0.553574,-1.942784,0.801500,0.2558,0.2690
1787920372.546237,0.554547,-1.941813,0.802281,0.2414,0.2690
1787920372.552937,0.555476,-1.940575,0.802415,0.2377,0.2690
1787920372.559196,0.556445,-1.939678,0.803172,0.2296,0.2690
1787920372.566963,0.557539,-1.938530,0.804228,0.2220,0.2690
1787920372.573578,0.558607,-1.937629,0.804709,0.2184,0.2690
1787920372.583101,0.559547,-1.936526,0.805144,0.1984,0.2690
1787920372.587829,0.560643,-1.935746,0.806051,0.2228,0.2690
1787920372.593458,0.561607,-1.934682,0.806941,0.2324,0.2690
1787920372.601437,0.562341,-1.933291,0.806749,0.2196,0.2690
1787920372.605947,0.563183,-1.931978,0.806799,0.2555,0.2690
1787920372.613599,0.564380,-1.931185,0.808046,0.2337,0.2676
1787920372.620206,0.565238,-1.930177,0.808595,0.2236,0.2676
1787920372.626113,0.566090,-1.928769,0.808854,0.2381,0.2676
1787920372.633408,0.566879,-1.927374,0.808821,0.2306,0.2676
1787920372.639313,0.568061,-1.926380,0.809635,0.2394,0.2676
1787920372.645898,0.568989,-1.925407,0.810195,0.2289,0.2676
1787920372.652809,0.569805,-1.924054,0.810626,0.2272,0.2676
1787920372.659051,0.571100,-1.923084,0.811763,0.2357,0.2676
1787920372.666341,0.572120,-1.922303,0.813331,0.2172,0.2676
1787920372.672889,0.573071,-1.921230,0.814089,0.2177,0.2676
1787920372.679831,0.574005,-1.919978,0.814449,0.2194,0.2676
1787920372.690077,0.574883,-1.918630,0.815016,0.1999,0.2676
1787920372.693963,0.575721,-1.917611,0.815921,0.2416,0.2676
1787920372.700006,0.576675,-1.916468,0.816377,0.2429,0.2676
1787920372.707806,0.577351,-1.915237,0.816532,0.2223,0.2676
1787920372.715109,0.578480,-1.914169,0.817514,0.2194,0.2605
1787920372.719271,0.579410,-1.913045,0.818297,0.2585,0.2605
1787920372.726606,0.580454,-1.912173,0.819502,0.2362,0.2605
1787920372.732727,0.581147,-1.910944,0.819828,0.2325,0.2605
1787920372.739946,0.582117,-1.909940,0.820415,0.2208,0.2605
1787920372.746039,0.583124,-1.908847,0.821063,0.2277,0.2605
1787920372.753443,0.584269,-1.907840,0.822051,0.2209,0.2605
1787920372.760098,0.585170,-1.906963,0.822834,0.2112,0.2605
1787920372.765873,0.585862,-1.905781,0.822803,0.2173,0.2605
1787920372.772791,0.586952,-1.904756,0.823573,0.2168,0.2605
1787920372.780023,0.588065,-1.903959,0.824770,0.2074,0.2605
1787920372.785979,0.588525,-1.902463,0.823916,0.2162,0.2605
1787920372.820404,0.589598,-1.901632,0.824571,0.1630,0.2538
1787920372.822508,0.590510,-1.900691,0.825481,0.3010,0.2538
1787920372.823799,0.591584,-1.899732,0.826148,0.5437,0.2538
1787920372.825561,0.592201,-1.898604,0.825773,0.5930,0.2538
1787920372.827660,0.593095,-1.897338,0.825649,0.6347,0.2538
1787920372.829682,0.594077,-1.896472,0.826438,0.6375,0.2538
1787920372.832977,0.595102,-1.895431,0.826920,0.5792,0.2538
1787920372.839756,0.595972,-1.894290,0.826850,0.4687,0.2538
1787920372.846550,0.596850,-1.893117,0.826784,0.3925,0.2538
1787920372.852614,0.597694,-1.892025,0.827014,0.3427,0.2538
1787920372.859688,0.598675,-1.891306,0.827976,0.2905,0.2538
1787920372.866245,0.599681,-1.890090,0.828307,0.2755,0.2538
1787920372.872795,0.600365,-1.888823,0.828259,0.2568,0.2538
1787920372.879857,0.601341,-1.887610,0.828584,0.2457,0.2538
1787920372.886412,0.602295,-1.886738,0.829551,0.2309,0.2538
1787920372.894920,0.603069,-1.885634,0.829961,0.2088,0.2538
1787920372.900112,0.604167,-1.884619,0.830433,0.2322,0.2538
1787920372.906130,0.604963,-1.883728,0.831163,0.2221,0.2538
1787920372.913288,0.605776,-1.882428,0.831040,0.2187,0.3359
1787920372.920985,0.606857,-1.881494,0.832296,0.2084,0.3359
1787920372.926626,0.607734,-1.880505,0.833024,0.2162,0.3359
1787920372.935292,0.608659,-1.879452,0.833662,0.1998,0.3359
1787920372.940222,0.609551,-1.878320,0.833801,0.2274,0.3359
1787920372.946007,0.610523,-1.877095,0.834188,0.2401,0.3359
1787920372.953151,0.611462,-1.876020,0.834775,0.2280,0.3359
1787920372.959153,0.612099,-1.874730,0.834333,0.2288,0.3359
1787920372.967010,0.612966,-1.873570,0.834272,0.2152,0.3359
1787920372.972659,0.613700,-1.872230,0.834254,0.2295,0.3359
1787920372.979324,0.614639,-1.871269,0.834529,0.2211,0.3359
1787920372.986612,0.615456,-1.870277,0.834809,0.2076,0.3359
1787920372.996632,0.616478,-1.869339,0.835307,0.1867,0.3359
1787920373.004271,0.617427,-1.868078,0.836071,0.1924,0.3359
1787920373.007357,0.617941,-1.866568,0.835052,0.2770,0.3359
1787920373.012552,0.619073,-1.865642,0.836274,0.2774,0.3394
1787920373.022540,0.619775,-1.864444,0.836094,0.2350,0.3394
1787920373.026183,0.620904,-1.863357,0.837154,0.2932,0.3394
1787920373.033150,0.621498,-1.861978,0.836737,0.2665,0.3394
1787920373.039254,0.622439,-1.860852,0.837353,0.2586,0.3394
1787920373.046349,0.623623,-1.860225,0.839137,0.2342,0.3394
1787920373.052586,0.624481,-1.858864,0.839372,0.2402,0.3394
1787920373.059917,0.625376,-1.857781,0.840602,0.2256,0.3394
1787920373.065660,0.626246,-1.856634,0.841161,0.2329,0.3394
1787920373.072891,0.627388,-1.855963,0.842803,0.2153,0.3394
1787920373.080303,0.628338,-1.854863,0.843733,0.2095,0.3394
1787920373.086449,0.629257,-1.853950,0.844645,0.2098,0.3394
1787920373.092986,0.630072,-1.852661,0.845076,0.2159,0.3394
1787920373.125105,0.630687,-1.851355,0.845298,0.1641,0.3393
1787920373.128387,0.631953,-1.850981,0.847253,0.2171,0.3393
1787920373.129901,0.632677,-1.849788,0.847897,0.4242,0.3393
1787920373.131064,0.633080,-1.848165,0.847174,0.6793,0.3393
1787920373.131968,0.633851,-1.846977,0.847728,0.9406,0.3393
1787920373.135712,0.634741,-1.846032,0.848408,0.7623,0.3393
1787920373.140508,0.635693,-1.845111,0.849583,0.6162,0.3393
1787920373.145685,0.636398,-1.843828,0.849639,0.5142,0.3393
1787920373.152922,0.636935,-1.842542,0.849801,0.4147,0.3393
1787920373.159517,0.638180,-1.841872,0.851130,0.3505,0.3393
1787920373.167845,0.639308,-1.841235,0.853104,0.2894,0.3393
1787920373.173035,0.639868,-1.839800,0.852669,0.2863,0.3393
1787920373.180422,0.640350,-1.838504,0.852427,0.2529,0.3393
1787920373.186665,0.641364,-1.837691,0.853700,0.2385,0.3393
1787920373.192455,0.642228,-1.836522,0.854205,0.2420,0.3393
1787920373.202999,0.643114,-1.835250,0.854863,0.2133,0.3393
1787920373.206374,0.643763,-1.834071,0.855850,0.2663,0.3393
1787920373.212210,0.644644,-1.832990,0.857094,0.2580,0.3243
1787920373.219028,0.645994,-1.832306,0.858523,0.2422,0.3243
1787920373.227053,0.646823,-1.831486,0.859786,0.2130,0.3243
1787920373.233171,0.647440,-1.830078,0.859458,0.2212,0.3243
1787920373.239099,0.648190,-1.828875,0.860226,0.2257,0.3243
1787920373.245889,0.648872,-1.827527,0.860700,0.2228,0.3243
1787920373.253031,0.650627,-1.827225,0.863349,0.2135,0.3243
1787920373.259331,0.650614,-1.825422,0.862730,0.2143,0.3243
1787920373.266446,0.651521,-1.824306,0.863112,0.2106,0.3243
1787920373.272630,0.652545,-1.823385,0.864762,0.2137,0.3243
1787920373.279325,0.653671,-1.822541,0.865951,0.2111,0.3243
1787920373.286372,0.654506,-1.821207,0.866414,0.2140,0.3243
1787920373.294206,0.655266,-1.820212,0.867215,0.1977,0.3243
1787920373.303687,0.656118,-1.819039,0.867681,0.1842,0.3243
1787920373.305849,0.656898,-1.818008,0.868422,0.3079,0.3243
1787920373.313214,0.657537,-1.816766,0.868998,0.2710,0.3203
1787920373.319601,0.658507,-1.815418,0.869536,0.2675,0.3203
1787920373.325875,0.659151,-1.814328,0.869890,0.2469,0.3203
1787920373.333145,0.659931,-1.813188,0.870504,0.2296,0.3203
1787920373.339530,0.660979,-1.812353,0.871898,0.2224,0.3203
1787920373.346905,0.661547,-1.810781,0.871888,0.2195,0.3203
1787920373.352610,0.662684,-1.809953,0.873183,0.2254,0.3203
1787920373.359737,0.663395,-1.808953,0.873723,0.2093,0.3203
1787920373.366909,0.664373,-1.808024,0.874764,0.2026,0.3203
1787920373.373435,0.664943,-1.806880,0.875188,0.1990,0.3203
1787920373.379302,0.666280,-1.806434,0.877362,0.2005,0.3203
1787920373.385888,0.667171,-1.805557,0.878040,0.1970,0.3203
1787920373.393059,0.667887,-1.804581,0.878936,0.1885,0.3203
1787920373.399285,0.668731,-1.803249,0.879900,0.2073,0.3203
1787920373.406514,0.669390,-1.802129,0.880273,0.1984,0.3203
1787920373.415587,0.671047,-1.801609,0.882568,0.1869,0.4117
1787920373.421126,0.671654,-1.800584,0.882832,0.1946,0.4117
1787920373.426891,0.672304,-1.799435,0.883744,0.2039,0.4117
1787920373.434275,0.672945,-1.798274,0.883901,0.1957,0.4117
1787920373.440579,0.673453,-1.796868,0.883313,0.2041,0.4117
1787920373.446846,0.674374,-1.795972,0.884696,0.2039,0.4117
1787920373.453451,0.675168,-1.794697,0.885298,0.2105,0.4117
1787920373.459248,0.676043,-1.793666,0.885683,0.2173,0.4117
1787920373.465792,0.676788,-1.792451,0.885461,0.2168,0.4117
1787920373.473141,0.677372,-1.791286,0.885527,0.2037,0.4117
1787920373.479575,0.678286,-1.790362,0.886405,0.2029,0.4117
1787920373.486168,0.679160,-1.789241,0.886522,0.2067,0.4117
1787920373.492880,0.679789,-1.788104,0.886660,0.2019,0.4117
1787920373.499466,0.680672,-1.787020,0.887481,0.2050,0.4117
1787920373.508515,0.681582,-1.786116,0.888431,0.1858,0.4117
1787920373.512736,0.682675,-1.784980,0.889586,0.2416,0.4115
1787920373.519070,0.683472,-1.783673,0.890550,0.2410,0.4115
1787920373.526230,0.684581,-1.782747,0.892405,0.2281,0.4115
1787920373.535409,0.685862,-1.782014,0.894504,0.2046,0.4115
1787920373.539528,0.686653,-1.780859,0.895154,0.2449,0.4115
1787920373.545865,0.687887,-1.779992,0.897041,0.2399,0.4115
1787920373.553953,0.688352,-1.778595,0.897638,0.2192,0.4115
1787920373.559316,0.689556,-1.777670,0.899997,0.2359,0.4115
1787920373.565744,0.690330,-1.776319,0.900965,0.2370,0.4115
1787920373.572664,0.691121,-1.775037,0.902137,0.2307,0.4115
1787920373.579455,0.692459,-1.774205,0.904619,0.2269,0.4115
1787920373.585977,0.692860,-1.772841,0.904303,0.2196,0.4115
1787920373.592942,0.694048,-1.771975,0.906510,0.2146,0.4115
1787920373.599063,0.694916,-1.770826,0.907860,0.2208,0.4115
1787920373.605987,0.695536,-1.769612,0.908663,0.2126,0.4115
1787920373.612542,0.696296,-1.768266,0.909207,0.2188,0.3983
1787920373.619415,0.696997,-1.767174,0.909923,0.2096,0.3983
1787920373.625850,0.697739,-1.766038,0.911289,0.2097,0.3983
1787920373.633008,0.698650,-1.765058,0.912285,0.2026,0.3983
1787920373.639047,0.699105,-1.763491,0.912462,0.2173,0.3983
1787920373.647105,0.700281,-1.762612,0.914437,0.2047,0.3983
1787920373.652281,0.700419,-1.761244,0.914140,0.2110,0.3983
1787920373.659478,0.701465,-1.760168,0.915367,0.2098,0.3983
1787920373.666517,0.701899,-1.758832,0.915695,0.2033,0.3983
1787920373.672607,0.702717,-1.757676,0.916990,0.2120,0.3983
1787920373.679428,0.703912,-1.756855,0.918987,0.2090,0.3983
1787920373.685920,0.704407,-1.755642,0.919334,0.2047,0.3983
1787920373.694200,0.705379,-1.754638,0.920920,0.1936,0.3983
1787920373.699613,0.706003,-1.753715,0.921925,0.1971,0.3983
1787920373.705716,0.706422,-1.752489,0.922451,0.1985,0.3983
1787920373.755452,0.707114,-1.751113,0.922779,0.1481,0.3846
1787920373.757903,0.707800,-1.749901,0.924260,0.2726,0.3846
1787920373.759768,0.708771,-1.748982,0.925871,0.4030,0.3846
1787920373.760627,0.709819,-1.748254,0.927592,0.7048,0.3846
1787920373.761405,0.710118,-1.746693,0.927734,1.0446,0.3846
1787920373.762180,0.710450,-1.745235,0.927561,1.2591,0.3846
1787920373.763907,0.711474,-1.744255,0.929342,1.1243,0.3846
1787920373.765668,0.712156,-1.743377,0.930470,0.9762,0.3846
1787920373.767056,0.712849,-1.742013,0.931135,1.0096,0.3846
1787920373.772461,0.713654,-1.741103,0.932393,0.7739,0.3846
1787920373.779477,0.714088,-1.739801,0.932982,0.5975,0.3846
1787920373.786003,0.714696,-1.738881,0.933597,0.4689,0.3846
1787920373.792844,0.716153,-1.738103,0.935699,0.3936,0.3846
1787920373.799290,0.716910,-1.736779,0.936801,0.3460,0.3846
1787920373.807283,0.717426,-1.735450,0.937141,0.2939,0.3846
1787920373.815718,0.717977,-1.734303,0.937409,0.2502,0.3675
1787920373.819750,0.718678,-1.733285,0.938166,0.2671,0.3675
1787920373.825713,0.719607,-1.732273,0.939389,0.2556,0.3675
1787920373.832879,0.720411,-1.731054,0.940513,0.2400,0.3675
1787920373.841474,0.721136,-1.730200,0.941023,0.2070,0.3675
1787920373.845745,0.721808,-1.729209,0.942414,0.2290,0.3675
1787920373.852649,0.722552,-1.728090,0.943187,0.2186,0.3675
1787920373.859718,0.723116,-1.726710,0.943576,0.2145,0.3675
1787920373.865710,0.723842,-1.725810,0.944427,0.2080,0.3675
1787920373.873088,0.724597,-1.724816,0.945484,0.1963,0.3675
1787920373.879158,0.725423,-1.723528,0.946220,0.2130,0.3675
1787920373.886941,0.726273,-1.722405,0.947447,0.2033,0.3675
1787920373.893057,0.727065,-1.721311,0.948315,0.2085,0.3675
1787920373.899894,0.728021,-1.720392,0.949534,0.2032,0.3675
1787920373.905789,0.728804,-1.719405,0.950522,0.2063,0.3675
1787920373.913086,0.729617,-1.718465,0.951802,0.1952,0.4727
1787920373.919857,0.729764,-1.717081,0.951330,0.1904,0.4727
1787920373.927184,0.730456,-1.715857,0.952565,0.1905,0.4727
1787920373.932686,0.731132,-1.714813,0.953053,0.2011,0.4727
1787920373.939220,0.731722,-1.713575,0.953054,0.2028,0.4727
1787920373.946034,0.732597,-1.712804,0.954198,0.1919,0.4727
1787920373.952999,0.733137,-1.711577,0.954153,0.1909,0.4727
1787920373.959200,0.733656,-1.710294,0.954305,0.1988,0.4727
1787920373.966200,0.734504,-1.709331,0.954719,0.1938,0.4727
1787920373.972616,0.734724,-1.707858,0.953358,0.1978,0.4727
1787920373.979516,0.735477,-1.707008,0.954057,0.1876,0.4727
1787920373.986255,0.735970,-1.705610,0.953970,0.1948,0.4727
1787920373.992646,0.736226,-1.704454,0.953727,0.1875,0.4727
1787920373.999104,0.737563,-1.703663,0.955346,0.1971,0.4727
1787920374.006269,0.737883,-1.702405,0.955070,0.1887,0.4727
1787920374.012735,0.738522,-1.701294,0.955870,0.1913,0.4732
1787920374.063721,0.739167,-1.700447,0.956609,0.1402,0.4732
1787920374.066145,0.739940,-1.699546,0.957754,0.2443,0.4732
1787920374.068205,0.740602,-1.698545,0.958749,0.3457,0.4732
1787920374.069397,0.741492,-1.697770,0.959954,0.5301,0.4732
1787920374.070197,0.742107,-1.696571,0.960563,0.8719,0.4732
1787920374.071416,0.742317,-1.695210,0.960720,0.9146,0.4732
1787920374.073270,0.743183,-1.694442,0.962175,0.8223,0.4732
1787920374.074215,0.743678,-1.693485,0.963135,0.9148,0.4732
1787920374.075055,0.744371,-1.692493,0.964243,1.0728,0.4732
1787920374.079274,0.744942,-1.691492,0.965438,0.8326,0.4732
1787920374.085634,0.745445,-1.690502,0.966495,0.6347,0.4732
1787920374.093328,0.745990,-1.689500,0.967330,0.4885,0.4732
1787920374.099579,0.746663,-1.688546,0.968178,0.3980,0.4732
1787920374.107545,0.747189,-1.687569,0.969553,0.3201,0.4732
1787920374.113362,0.747923,-1.686551,0.970691,0.2888,0.4632
1787920374.123097,0.748459,-1.685594,0.971729,0.2359,0.4632
1787920374.126431,0.749281,-1.684770,0.973177,0.2680,0.4632
1787920374.132632,0.749504,-1.683498,0.973378,0.2445,0.4632
1787920374.139431,0.749662,-1.682377,0.973567,0.2160,0.4632
1787920374.148639,0.749911,-1.681215,0.974440,0.1871,0.4632
1787920374.152904,0.750791,-1.680431,0.976504,0.2114,0.4632
1787920374.159141,0.751387,-1.679501,0.977690,0.2011,0.4632
1787920374.166766,0.751958,-1.678619,0.979104,0.1821,0.4632
1787920374.172495,0.752404,-1.677650,0.980068,0.1826,0.4632
1787920374.179163,0.752509,-1.676645,0.980661,0.1680,0.4632
1787920374.186091,0.752929,-1.675629,0.981477,0.1643,0.4632
1787920374.192876,0.753530,-1.674873,0.982751,0.1576,0.4632
1787920374.199275,0.754178,-1.673932,0.984039,0.1638,0.4632
1787920374.206284,0.754613,-1.672828,0.985237,0.1644,0.4632
1787920374.212767,0.755303,-1.671793,0.986971,0.1726,0.4539
1787920374.219725,0.755645,-1.670778,0.987932,0.1655,0.4539
1787920374.225840,0.756122,-1.669870,0.989075,0.1659,0.4539
1787920374.233225,0.756207,-1.668609,0.989252,0.1609,0.4539
1787920374.239081,0.757077,-1.667944,0.990942,0.1655,0.4539
1787920374.246289,0.757546,-1.667102,0.991629,0.1559,0.4539
1787920374.252587,0.757988,-1.665980,0.992627,0.1654,0.4539
1787920374.259471,0.758315,-1.664955,0.993763,0.1610,0.4539
1787920374.266021,0.758913,-1.664193,0.995001,0.1569,0.4539
1787920374.272520,0.759334,-1.663078,0.995930,0.1636,0.4539
1787920374.279443,0.760036,-1.662198,0.997366,0.1630,0.4539
1787920374.286252,0.760578,-1.661341,0.998657,0.1588,0.4539
1787920374.292604,0.761288,-1.660638,1.000314,0.1572,0.4539
1787920374.299736,0.761777,-1.659582,1.001371,0.1585,0.4539
1787920374.305848,0.762151,-1.658777,1.002442,0.1542,0.4539
1787920374.313776,0.762664,-1.657677,1.003347,0.1535,0.4396
1787920374.319203,0.763395,-1.656912,1.004942,0.1647,0.4396
1787920374.353881,0.763845,-1.656169,1.006109,0.1228,0.4396
1787920374.356322,0.764535,-1.655247,1.007563,0.2271,0.4396
1787920374.358434,0.764962,-1.654178,1.008400,0.3197,0.4396
1787920374.359712,0.765871,-1.653458,1.010190,0.4805,0.4396
1787920374.360459,0.766540,-1.652426,1.011337,0.8301,0.4396
1787920374.361536,0.766815,-1.651474,1.012194,0.8468,0.4396
1787920374.366627,0.767228,-1.650339,1.012238,0.6623,0.4396
1787920374.373038,0.767755,-1.649447,1.013112,0.5121,0.4396
1787920374.379585,0.768110,-1.648427,1.013538,0.4068,0.4396
1787920374.385747,0.768644,-1.647666,1.014723,0.3299,0.4396
1787920374.393512,0.769480,-1.646750,1.015919,0.2780,0.4396
1787920374.399292,0.769843,-1.645708,1.016510,0.2505,0.4396
1787920374.405831,0.770520,-1.644739,1.017966,0.2295,0.4396
1787920374.412599,0.770729,-1.643510,1.018236,0.2119,0.5354
1787920374.420695,0.771147,-1.642679,1.019323,0.1827,0.5354
1787920374.430557,0.771549,-1.641679,1.020238,0.1602,0.5354
1787920374.433245,0.771971,-1.640686,1.020954,0.2312,0.5354
1787920374.439353,0.772605,-1.639497,1.021992,0.2279,0.5354
1787920374.445802,0.773004,-1.638294,1.022608,0.2170,0.5354
1787920374.455849,0.773801,-1.637668,1.024283,0.1802,0.5354
1787920374.460556,0.774545,-1.636717,1.026105,0.2026,0.5354
1787920374.466129,0.774904,-1.635676,1.026368,0.1998,0.5354
1787920374.472993,0.775314,-1.634500,1.026588,0.1931,0.5354
1787920374.479104,0.776203,-1.633701,1.028372,0.1913,0.5354
1787920374.486752,0.776555,-1.632604,1.028634,0.1779,0.5354
1787920374.492613,0.776714,-1.631337,1.028456,0.1843,0.5354
1787920374.499421,0.777385,-1.630229,1.029637,0.1860,0.5354
1787920374.505587,0.778075,-1.629292,1.031142,0.1866,0.5354
1787920374.512496,0.778687,-1.628510,1.032421,0.1734,0.5280
1787920374.519817,0.779205,-1.627433,1.034001,0.1702,0.5280
1787920374.526224,0.779384,-1.626237,1.034327,0.1715,0.5280
1787920374.535256,0.780035,-1.625173,1.035341,0.1615,0.5280
1787920374.539335,0.780811,-1.624458,1.037415,0.1873,0.5280
1787920374.546037,0.781430,-1.623445,1.038987,0.1843,0.5280
1787920374.552843,0.782144,-1.622606,1.040741,0.1768,0.5280
1787920374.560051,0.782563,-1.621583,1.041853,0.1693,0.5280
1787920374.565890,0.783083,-1.620741,1.043162,0.1694,0.5280
1787920374.573756,0.783710,-1.619945,1.044947,0.1568,0.5280
1787920374.580793,0.784337,-1.618969,1.046238,0.1592,0.5280
1787920374.585876,0.784651,-1.617742,1.047401,0.1834,0.5280
1787920374.592921,0.785226,-1.616927,1.048683,0.1707,0.5280
1787920374.599040,0.785725,-1.615975,1.049653,0.1721,0.5280
1787920374.606366,0.786173,-1.615090,1.051099,0.1610,0.5280
1787920374.612940,0.786554,-1.614074,1.052094,0.1616,0.5150
1787920374.619610,0.787031,-1.613120,1.053772,0.1610,0.5150
1787920374.626595,0.787604,-1.612285,1.055021,0.1561,0.5150
1787920374.635693,0.788032,-1.611411,1.056027,0.1413,0.5150
1787920374.661900,0.788106,-1.610383,1.056733,0.1096,0.5150
1787920374.665403,0.788598,-1.609459,1.058240,0.1663,0.5150
1787920374.666248,0.788617,-1.608386,1.058625,0.4517,0.5150
1787920374.666986,0.788787,-1.607423,1.059535,0.6913,0.5150
1787920374.667944,0.788898,-1.606411,1.060137,0.7775,0.5150
1787920374.679265,0.789203,-1.605542,1.061259,0.5683,0.5150
1787920374.680194,0.789433,-1.604495,1.061971,0.7292,0.5150
1787920374.685976,0.789505,-1.603457,1.062487,0.5593,0.5150
1787920374.693155,0.790080,-1.602434,1.063924,0.4405,0.5150
1787920374.699320,0.790245,-1.601586,1.065028,0.3484,0.5150
1787920374.706429,0.790332,-1.600514,1.065652,0.2852,0.5150
1787920374.713214,0.790681,-1.599579,1.066691,0.2433,0.4943
1787920374.719454,0.790821,-1.598582,1.067350,0.2156,0.4943
1787920374.727459,0.791498,-1.597530,1.068691,0.1977,0.4943
1787920374.732705,0.791874,-1.596738,1.070132,0.1884,0.4943
1787920374.739791,0.792299,-1.595759,1.071224,0.1769,0.4943
1787920374.746212,0.792662,-1.594742,1.072603,0.1737,0.4943
1787920374.752730,0.793089,-1.593650,1.073463,0.1751,0.4943
1787920374.759349,0.793568,-1.592730,1.074982,0.1696,0.4943
1787920374.766388,0.794039,-1.591863,1.076357,0.1608,0.4943
1787920374.772484,0.794537,-1.591105,1.077711,0.1570,0.4943
1787920374.780073,0.794939,-1.590124,1.078675,0.1516,0.4943
1787920374.786390,0.795303,-1.589009,1.079542,0.1610,0.4943
1787920374.793419,0.795556,-1.588035,1.080124,0.1544,0.4943
1787920374.799423,0.795751,-1.587029,1.081064,0.1570,0.4943
1787920374.805974,0.796169,-1.586212,1.082164,0.1519,0.4943
1787920374.812635,0.796861,-1.585286,1.084122,0.1578,0.3466
1787920374.820145,0.797354,-1.584022,1.085100,0.1643,0.3466
1787920374.826068,0.797606,-1.583043,1.086009,0.1648,0.3466
1787920374.832778,0.797978,-1.582089,1.087221,0.1609,0.3466
1787920374.839811,0.798370,-1.581250,1.088278,0.1521,0.3466
1787920374.846155,0.799021,-1.580276,1.089484,0.1615,0.3466
1787920374.853669,0.799347,-1.579204,1.090346,0.1571,0.3466
1787920374.859888,0.799758,-1.578330,1.091635,0.1565,0.3466
1787920374.867425,0.800465,-1.577604,1.093376,0.1481,0.3466
1787920374.873044,0.800609,-1.576557,1.094328,0.1569,0.3466
1787920374.880617,0.801394,-1.575696,1.096160,0.1544,0.3466
1787920374.886443,0.801882,-1.574670,1.097768,0.1665,0.3466
1787920374.892298,0.802242,-1.573855,1.099032,0.1622,0.3466
1787920374.899301,0.802777,-1.572857,1.100488,0.1620,0.3466
1787920374.906163,0.803426,-1.572053,1.101986,0.1576,0.3466
1787920374.912736,0.803682,-1.570869,1.102871,0.1638,0.3302
1787920374.919941,0.804242,-1.570054,1.104444,0.1554,0.3302
1787920374.927309,0.804663,-1.569153,1.105698,0.1493,0.3302
1787920374.934065,0.804894,-1.568142,1.106672,0.1493,0.3302
1787920374.986439,0.805223,-1.567167,1.107380,0.1103,0.3302
1787920374.988532,0.805794,-1.566110,1.108452,0.2494,0.3302
1787920374.989887,0.806052,-1.565253,1.109404,0.3699,0.3302
1787920374.990803,0.806687,-1.564483,1.111014,0.5772,0.3302
1787920374.992051,0.806879,-1.563380,1.111381,0.6623,0.3302
1787920374.993680,0.807030,-1.562146,1.111432,0.6795,0.3302
1787920374.994578,0.807696,-1.561389,1.112576,0.8013,0.3302
1787920374.995436,0.808115,-1.560656,1.113383,0.8555,0.3302
1787920374.997203,0.808552,-1.559571,1.114063,0.7968,0.3302
1787920374.999336,0.809084,-1.558622,1.115161,0.7106,0.3302
1787920375.006416,0.809280,-1.557471,1.115903,0.5449,0.3302
1787920375.013005,0.809503,-1.556437,1.116014,0.4282,0.4503
1787920375.019408,0.809744,-1.555518,1.116326,0.3434,0.4503
1787920375.026152,0.810297,-1.554580,1.117899,0.2886,0.4503
1787920375.036690,0.810624,-1.553635,1.118611,0.2303,0.4503
1787920375.039017,0.810941,-1.552705,1.119074,0.2868,0.4503
1787920375.046274,0.811275,-1.551709,1.119650,0.2439,0.4503
1787920375.053526,0.811462,-1.550597,1.120332,0.2155,0.4503
1787920375.059344,0.811653,-1.549588,1.120439,0.2020,0.4503
1787920375.066441,0.812224,-1.548755,1.121504,0.1836,0.4503
1787920375.072475,0.812648,-1.547693,1.122205,0.1852,0.4503
1787920375.080198,0.813279,-1.546880,1.123478,0.1687,0.4503
1787920375.086821,0.813863,-1.546174,1.124360,0.1584,0.4503
1787920375.093443,0.814086,-1.545156,1.124628,0.1568,0.4503
1787920375.099486,0.814304,-1.543996,1.124750,0.1664,0.4503
1787920375.105967,0.814747,-1.543025,1.125339,0.1659,0.4503
1787920375.112398,0.814800,-1.541896,1.125926,0.1647,0.4435
1787920375.119416,0.815437,-1.540960,1.127166,0.1631,0.4435
1787920375.126153,0.815817,-1.540114,1.127962,0.1555,0.4435
1787920375.132505,0.816386,-1.539161,1.129046,0.1610,0.4435
1787920375.139609,0.816810,-1.538092,1.129989,0.1612,0.4435
1787920375.147451,0.816995,-1.537086,1.130526,0.1507,0.4435
1787920375.152615,0.817470,-1.536024,1.131628,0.1730,0.4435
1787920375.159407,0.817715,-1.535096,1.132258,0.1628,0.4435
1787920375.166605,0.818307,-1.534125,1.133334,0.1611,0.4435
1787920375.173284,0.818811,-1.533137,1.134420,0.1625,0.4435
1787920375.180566,0.818957,-1.532250,1.135182,0.1494,0.4435
1787920375.186661,0.819577,-1.531312,1.136653,0.1594,0.4435
1787920375.195065,0.819939,-1.530303,1.136999,0.1497,0.4435
1787920375.199254,0.819983,-1.529171,1.137085,0.1796,0.4435
1787920375.205635,0.820384,-1.528138,1.138520,0.1777,0.4435
1787920375.212797,0.820846,-1.527135,1.139632,0.1707,0.4322
1787920375.219251,0.821470,-1.526092,1.140695,0.1757,0.4322
1787920375.225977,0.821637,-1.524764,1.141164,0.1799,0.4322
1787920375.232814,0.821859,-1.523680,1.142285,0.1732,0.4322
1787920375.239569,0.822365,-1.522716,1.143489,0.1696,0.4322
1787920375.249389,0.822769,-1.521631,1.144098,0.1540,0.4322
1787920375.278560,0.823156,-1.520497,1.144867,0.1200,0.4322
1787920375.280546,0.823357,-1.519526,1.145828,0.2302,0.4322
1787920375.282830,0.823249,-1.518214,1.145851,0.3122,0.4322
1787920375.284699,0.824299,-1.517425,1.147822,0.4033,0.4322
1787920375.286534,0.824393,-1.516192,1.148449,0.4725,0.4322
1787920375.287531,0.824690,-1.515190,1.149517,0.6425,0.4322
1787920375.292724,0.824877,-1.513966,1.150228,0.5187,0.4322
1787920375.299498,0.825339,-1.513001,1.151375,0.4104,0.4322
1787920375.305630,0.825975,-1.512099,1.152944,0.3403,0.4322
1787920375.314390,0.826034,-1.510900,1.153253,0.2766,0.4183
1787920375.319915,0.826333,-1.509912,1.154450,0.2492,0.4183
1787920375.325953,0.826437,-1.508720,1.154855,0.2307,0.4183
1787920375.332484,0.826963,-1.507643,1.156180,0.2165,0.4183
1787920375.339935,0.827280,-1.506522,1.157263,0.1980,0.4183
1787920375.345748,0.827652,-1.505588,1.158315,0.1904,0.4183
1787920375.353124,0.828080,-1.504692,1.159492,0.1737,0.4183
1787920375.359556,0.828404,-1.503600,1.160512,0.1743,0.4183
1787920375.366194,0.828767,-1.502666,1.161392,0.1673,0.4183
1787920375.373295,0.829179,-1.501511,1.162458,0.1688,0.4183
1787920375.379192,0.829565,-1.500328,1.163518,0.1812,0.4183
1787920375.386758,0.829752,-1.499344,1.164011,0.1656,0.4183
1787920375.392920,0.830122,-1.498363,1.164992,0.1669,0.4183
1787920375.399535,0.830626,-1.497399,1.165865,0.1660,0.4183
1787920375.406168,0.830865,-1.496370,1.166625,0.1633,0.4183
1787920375.412382,0.831232,-1.495268,1.167643,0.1702,0.4054
1787920375.419576,0.831528,-1.494342,1.168573,0.1595,0.4054
1787920375.426342,0.831793,-1.493294,1.169306,0.1590,0.4054
1787920375.433027,0.832126,-1.492294,1.170034,0.1584,0.4054
1787920375.439165,0.832651,-1.491174,1.171124,0.1713,0.4054
1787920375.445970,0.832781,-1.490027,1.171946,0.1688,0.4054
1787920375.454195,0.833189,-1.489052,1.172648,0.1567,0.4054
1787920375.459172,0.833717,-1.488140,1.173984,0.1727,0.4054
1787920375.466045,0.833753,-1.487071,1.174369,0.1645,0.4054
1787920375.472425,0.834307,-1.486002,1.175254,0.1716,0.4054
1787920375.479884,0.834665,-1.484745,1.175904,0.1723,0.4054
1787920375.486635,0.835227,-1.483928,1.177398,0.1637,0.4054
1787920375.492546,0.835535,-1.482882,1.178272,0.1696,0.4054
1787920375.500048,0.835684,-1.481682,1.178536,0.1653,0.4054
1787920375.505686,0.836151,-1.480650,1.179651,0.1760,0.4054
1787920375.513084,0.836409,-1.479570,1.180457,0.1677,0.5227
1787920375.519664,0.836566,-1.478319,1.180952,0.1729,0.5227
1787920375.526078,0.837168,-1.477270,1.182117,0.1770,0.5227
1787920375.532855,0.837628,-1.476134,1.183140,0.1782,0.5227
1787920375.539267,0.838122,-1.475206,1.184746,0.1737,0.5227
1787920375.546834,0.838340,-1.473963,1.185167,0.1705,0.5227
1787920375.582359,0.838477,-1.472761,1.185316,0.1292,0.5227
1787920375.584149,0.838889,-1.471687,1.186084,0.2832,0.5227
1787920375.585946,0.839209,-1.470700,1.186646,0.3710,0.5227
1787920375.587738,0.839310,-1.469503,1.187079,0.4519,0.5227
1787920375.589485,0.839819,-1.468451,1.188023,0.5165,0.5227
1787920375.599614,0.840111,-1.467188,1.189086,0.3995,0.5227
1787920375.601502,0.840491,-1.466226,1.189817,0.4440,0.5227
1787920375.603520,0.840756,-1.465137,1.190430,0.4757,0.5227
1787920375.606182,0.841343,-1.464039,1.191596,0.4724,0.5227
1787920375.612509,0.841644,-1.462839,1.192267,0.3889,0.6031
1787920375.619616,0.842126,-1.461712,1.193764,0.3239,0.6031
1787920375.625734,0.842723,-1.460797,1.195509,0.2792,0.6031
1787920375.632431,0.842906,-1.459632,1.196435,0.2470,0.6031
1787920375.639375,0.843299,-1.458389,1.197633,0.2291,0.6031
1787920375.645643,0.843950,-1.457310,1.199806,0.2198,0.6031
1787920375.652508,0.844168,-1.456077,1.200531,0.2075,0.6031
1787920375.659996,0.844462,-1.454975,1.201701,0.1907,0.6031
1787920375.665989,0.845126,-1.454018,1.203194,0.1902,0.6031
1787920375.672585,0.845380,-1.452927,1.203714,0.1835,0.6031
1787920375.679443,0.845706,-1.451669,1.205103,0.1850,0.6031
1787920375.686115,0.846252,-1.450577,1.206939,0.1841,0.6031
1787920375.692738,0.846509,-1.449248,1.208025,0.1893,0.6031
1787920375.699744,0.846976,-1.448191,1.209224,0.1819,0.6031
1787920375.705857,0.847597,-1.447170,1.211333,0.1850,0.6031
1787920375.712572,0.847909,-1.446073,1.213039,0.1803,0.5879
1787920375.719369,0.848285,-1.444965,1.214502,0.1778,0.5879
1787920375.725817,0.848676,-1.443943,1.216051,0.1754,0.5879
1787920375.732971,0.849241,-1.442868,1.218072,0.1732,0.5879
1787920375.739721,0.849615,-1.441858,1.220301,0.1691,0.5879
1787920375.745975,0.849645,-1.440520,1.221159,0.1792,0.5879
1787920375.752455,0.849919,-1.439571,1.222339,0.1711,0.5879
1787920375.761414,0.850487,-1.438618,1.224463,0.1562,0.5879
1787920375.766274,0.850950,-1.437570,1.226365,0.1799,0.5879
1787920375.772463,0.851239,-1.436682,1.227570,0.1712,0.5879
1787920375.779874,0.851456,-1.435595,1.228746,0.1642,0.5879
1787920375.787136,0.851414,-1.434671,1.229602,0.1503,0.5879
1787920375.792812,0.851761,-1.433768,1.231168,0.1563,0.5879
1787920375.799894,0.851705,-1.432638,1.231720,0.1538,0.5879
1787920375.806676,0.852090,-1.431698,1.233322,0.1525,0.5879
1787920375.812732,0.852496,-1.430962,1.235107,0.1479,0.5675
1787920375.819192,0.852186,-1.429735,1.234949,0.1525,0.5675
1787920375.825980,0.852421,-1.428680,1.236363,0.1542,0.5675
1787920375.833054,0.852633,-1.427727,1.237560,0.1491,0.5675
1787920375.839139,0.852727,-1.426881,1.238977,0.1453,0.5675
1787920375.846290,0.853004,-1.425712,1.240198,0.1519,0.5675
1787920375.853681,0.852990,-1.424639,1.241040,0.1473,0.5675
1787920375.863758,0.853315,-1.423706,1.242722,0.1326,0.5675
1787920375.889789,0.853520,-1.422801,1.244482,0.1034,0.5675
1787920375.907671,0.853634,-1.421893,1.245537,0.0874,0.5675
1787920375.908694,0.854050,-1.420986,1.247424,0.3523,0.5675
1787920375.909856,0.854354,-1.420034,1.249138,0.5047,0.5675
1787920375.911736,0.854267,-1.419091,1.250472,0.4917,0.5675
1787920375.913250,0.854503,-1.418073,1.251922,0.5505,0.5516
1787920375.914157,0.854897,-1.417056,1.253740,0.7454,0.5516
1787920375.915288,0.855241,-1.416114,1.255935,0.7878,0.5516
1787920375.919554,0.855162,-1.414895,1.256727,0.6312,0.5516
1787920375.925982,0.855313,-1.414039,1.258346,0.4821,0.5516
1787920375.933408,0.855792,-1.413189,1.259982,0.3761,0.5516
1787920375.939442,0.856058,-1.412148,1.261769,0.3166,0.5516
1787920375.945989,0.856388,-1.410878,1.263514,0.2816,0.5516
1787920375.952763,0.856307,-1.409847,1.263756,0.2396,0.5516
1787920375.959624,0.856598,-1.408933,1.265268,0.2096,0.5516
1787920375.966555,0.857039,-1.407907,1.267051,0.1949,0.5516
1787920375.972867,0.856964,-1.406768,1.268070,0.1870,0.5516
1787920375.979425,0.857248,-1.405820,1.269440,0.1762,0.5516
1787920375.986713,0.857453,-1.404946,1.270601,0.1602,0.5516
1787920375.992912,0.857613,-1.404009,1.271995,0.1577,0.5516
1787920375.999265,0.857651,-1.402987,1.273035,0.1571,0.5516
1787920376.006188,0.857995,-1.401903,1.274556,0.1592,0.5516
1787920376.012886,0.858070,-1.400951,1.275580,0.1532,0.5287
1787920376.019512,0.858500,-1.400059,1.277428,0.1516,0.5287
1787920376.026434,0.858614,-1.399203,1.278693,0.1431,0.5287
1787920376.033795,0.858768,-1.398090,1.280020,0.1454,0.5287
1787920376.039226,0.858853,-1.397201,1.281141,0.1501,0.5287
1787920376.046752,0.859157,-1.396170,1.282495,0.1479,0.5287
1787920376.052491,0.859367,-1.395213,1.284090,0.1546,0.5287
1787920376.059100,0.859691,-1.394290,1.285874,0.1526,0.5287
1787920376.069121,0.859875,-1.393440,1.287213,0.1328,0.5287
1787920376.072708,0.859853,-1.392432,1.288340,0.1734,0.5287
1787920376.079815,0.860182,-1.391477,1.289574,0.1640,0.5287
1787920376.086100,0.860259,-1.390458,1.290670,0.1625,0.5287
1787920376.094203,0.860562,-1.389555,1.292204,0.1490,0.5287
1787920376.099726,0.860779,-1.388703,1.293659,0.1520,0.5287
1787920376.105941,0.860829,-1.387518,1.294581,0.1621,0.5287
1787920376.113165,0.860760,-1.386436,1.295213,0.1559,0.5105
1787920376.119436,0.861299,-1.385567,1.297114,0.1561,0.5105
1787920376.126046,0.861635,-1.384768,1.298983,0.1484,0.5105
1787920376.132577,0.861500,-1.383882,1.299679,0.1414,0.5105
1787920376.140160,0.861557,-1.382878,1.300598,0.1378,0.5105
1787920376.145895,0.861862,-1.381837,1.302022,0.1532,0.5105
1787920376.152530,0.861772,-1.380783,1.302857,0.1521,0.5105
1787920376.161370,0.862065,-1.380040,1.304700,0.1335,0.5105
1787920376.166061,0.862397,-1.378994,1.306195,0.1635,0.5105
1787920376.213876,0.862284,-1.377898,1.306951,0.1209,0.4996
1787920376.215327,0.862478,-1.377098,1.308262,0.2549,0.4996
1787920376.216349,0.862903,-1.376203,1.310243,0.4642,0.4996
1787920376.218050,0.863120,-1.375276,1.311468,0.4928,0.4996
1787920376.219500,0.863132,-1.374388,1.312207,0.5232,0.4996
1787920376.220370,0.863304,-1.373381,1.313368,0.7170,0.4996
1787920376.221299,0.863311,-1.372485,1.314419,0.7822,0.4996
1787920376.223057,0.863591,-1.371466,1.315610,0.7279,0.4996
1787920376.225805,0.863573,-1.370398,1.316575,0.6219,0.4996
1787920376.233016,0.863757,-1.369418,1.317645,0.4767,0.4996
1787920376.239667,0.863928,-1.368542,1.318937,0.3739,0.4996
1787920376.246353,0.863938,-1.367498,1.319799,0.3072,0.4996
1787920376.252525,0.864215,-1.366501,1.321096,0.2653,0.4996
1787920376.259280,0.864340,-1.365652,1.322093,0.2236,0.4996
1787920376.266041,0.864743,-1.364659,1.323939,0.2036,0.4996
1787920376.274499,0.864551,-1.363658,1.324393,0.1753,0.4996
1787920376.279438,0.865083,-1.362738,1.326286,0.1848,0.4996
1787920376.286428,0.865175,-1.361648,1.327147,0.1757,0.4996
1787920376.292994,0.865302,-1.360864,1.328436,0.1591,0.4996
1787920376.300254,0.865503,-1.359861,1.329677,0.1536,0.4996
1787920376.305869,0.865578,-1.358932,1.330506,0.1567,0.4996
1787920376.316305,0.865957,-1.357941,1.332250,0.1399,0.4846
1787920376.321088,0.866281,-1.356811,1.333732,0.1717,0.4846
1787920376.325923,0.866227,-1.356005,1.334522,0.1680,0.4846
1787920376.334066,0.866590,-1.355059,1.335929,0.1546,0.4846
1787920376.339614,0.866513,-1.353927,1.336857,0.1668,0.4846
1787920376.346090,0.866754,-1.352773,1.338090,0.1713,0.4846
1787920376.352838,0.866905,-1.351957,1.339058,0.1568,0.4846
1787920376.359691,0.866978,-1.351071,1.340109,0.1482,0.4846
1787920376.366579,0.867126,-1.350127,1.341408,0.1453,0.4846
1787920376.375865,0.867165,-1.349023,1.342298,0.1367,0.4846
1787920376.379655,0.867610,-1.347927,1.343662,0.1881,0.4846
1787920376.385946,0.867812,-1.347108,1.344887,0.1719,0.4846
1787920376.392865,0.868027,-1.346194,1.346079,0.1610,0.4846
1787920376.401458,0.867894,-1.345339,1.346331,0.1408,0.4846
1787920376.406228,0.867766,-1.344224,1.346822,0.1651,0.4846
1787920376.412683,0.868196,-1.343199,1.348252,0.1665,0.4607
1787920376.419262,0.868353,-1.342247,1.349161,0.1604,0.4607
1787920376.426480,0.868328,-1.341261,1.350137,0.1521,0.4607
1787920376.432511,0.868657,-1.340380,1.351632,0.1528,0.4607
1787920376.439035,0.868595,-1.339270,1.352466,0.1562,0.4607
1787920376.446332,0.868908,-1.338370,1.353526,0.1482,0.4607
1787920376.452178,0.869208,-1.337490,1.354898,0.1511,0.4607
1787920376.460109,0.869331,-1.336557,1.356034,0.1413,0.4607
1787920376.466031,0.869628,-1.335464,1.357529,0.1562,0.4607
1787920376.472631,0.869708,-1.334398,1.358464,0.1575,0.4607
1787920376.506855,0.869844,-1.333473,1.359540,0.1184,0.4607
1787920376.507876,0.870038,-1.332523,1.360927,0.3674,0.4607
1787920376.509040,0.870224,-1.331577,1.362013,0.5058,0.4607
1787920376.510893,0.870356,-1.330442,1.363166,0.5383,0.4607
1787920376.513021,0.870626,-1.329341,1.364562,0.5366,0.4507
1787920376.513863,0.870695,-1.328447,1.365313,0.6924,0.4507
1787920376.519976,0.871058,-1.327433,1.366628,0.5370,0.4507
1787920376.525798,0.870990,-1.326234,1.367073,0.4356,0.4507
1787920376.532628,0.870874,-1.325294,1.367778,0.3444,0.4507
1787920376.540064,0.871247,-1.324328,1.369236,0.2823,0.4507
1787920376.545713,0.871492,-1.323371,1.370343,0.2500,0.4507
1787920376.553022,0.871614,-1.322494,1.371332,0.2113,0.4507
1787920376.559347,0.871410,-1.321129,1.371770,0.2094,0.4507
1787920376.566034,0.871501,-1.320073,1.372851,0.1939,0.4507
1787920376.573065,0.871726,-1.319185,1.374103,0.1747,0.4507
1787920376.580962,0.872098,-1.318152,1.375742,0.1636,0.4507
1787920376.585983,0.872065,-1.317039,1.376318,0.1794,0.4507
1787920376.592554,0.872003,-1.315883,1.377152,0.1768,0.4507
1787920376.598949,0.872037,-1.314805,1.377831,0.1737,0.4507
1787920376.606918,0.872388,-1.313794,1.379124,0.1615,0.4507
1787920376.612439,0.872749,-1.312975,1.380712,0.1604,0.4387
1787920376.620989,0.872505,-1.311540,1.381258,0.1601,0.4387
1787920376.626009,0.872557,-1.310498,1.382079,0.1738,0.4387
1787920376.633395,0.872640,-1.309409,1.382902,0.1658,0.4387
1787920376.639509,0.872891,-1.308498,1.384031,0.1622,0.4387
1787920376.646034,0.873007,-1.307406,1.385093,0.1639,0.4387
1787920376.652488,0.873070,-1.306361,1.386177,0.1630,0.4387
1787920376.663862,0.873039,-1.305251,1.386430,0.1428,0.4387
1787920376.674056,0.872954,-1.304158,1.387242,0.1311,0.4387
1787920376.675081,0.873362,-1.303142,1.388735,0.4056,0.4387
1787920376.684244,0.873252,-1.302015,1.389456,0.3196,0.4387
1787920376.685837,0.873555,-1.301100,1.390617,0.4035,0.4387
1787920376.692692,0.873657,-1.300017,1.391991,0.3299,0.4387
1787920376.699661,0.873508,-1.298918,1.392393,0.2763,0.4387
1787920376.708638,0.873983,-1.298074,1.394159,0.2240,0.4387
1787920376.712698,0.874087,-1.296947,1.395285,0.2401,0.4220
1787920376.719021,0.874353,-1.295987,1.396427,0.2152,0.4220
1787920376.726163,0.873923,-1.294874,1.396671,0.1935,0.4220
1787920376.733087,0.874440,-1.293797,1.398272,0.1853,0.4220
1787920376.739301,0.874386,-1.292841,1.399083,0.1747,0.4220
1787920376.745603,0.874438,-1.291862,1.399767,0.1687,0.4220
1787920376.752850,0.874781,-1.290723,1.401462,0.1669,0.4220
1787920376.759429,0.874546,-1.289574,1.401556,0.1667,0.4220
1787920376.766008,0.874874,-1.288706,1.402926,0.1582,0.4220
1787920376.772640,0.875299,-1.287724,1.404555,0.1577,0.4220
1787920376.779606,0.875163,-1.286620,1.404842,0.1563,0.4220
1787920376.827843,0.875152,-1.285615,1.405458,0.1156,0.4120
1787920376.828977,0.875076,-1.284438,1.406326,0.3850,0.4120
1787920376.829943,0.875303,-1.283412,1.407157,0.5951,0.4120
1787920376.831679,0.875460,-1.282479,1.407885,0.5802,0.4120
1787920376.833418,0.875422,-1.281375,1.408765,0.5929,0.4120
1787920376.834338,0.875683,-1.280275,1.409909,0.7827,0.4120
1787920376.835124,0.875809,-1.279175,1.410778,0.9702,0.4120
1787920376.835915,0.875895,-1.278185,1.411572,1.0551,0.4120
1787920376.839701,0.876099,-1.277176,1.412713,0.8201,0.4120
1787920376.846175,0.876046,-1.276202,1.413572,0.6182,0.4120
1787920376.852337,0.876004,-1.274980,1.413865,0.4912,0.4120
1787920376.859530,0.875947,-1.273933,1.414436,0.3866,0.4120
1787920376.865707,0.876388,-1.272871,1.415836,0.3249,0.4120
1787920376.873295,0.876291,-1.271804,1.416392,0.2685,0.4120
1787920376.879531,0.876542,-1.270700,1.417505,0.2423,0.4120
1787920376.887895,0.876592,-1.269474,1.418502,0.2133,0.4120
1787920376.892709,0.876887,-1.268519,1.419441,0.2110,0.4120
1787920376.899405,0.877206,-1.267545,1.420829,0.1930,0.4120
1787920376.907670,0.877193,-1.266325,1.421652,0.1788,0.4120
1787920376.913402,0.877239,-1.265496,1.422510,0.1684,0.4793
1787920376.919089,0.877181,-1.264181,1.422727,0.1860,0.4793
1787920376.925727,0.877310,-1.263148,1.423430,0.1773,0.4793
1787920376.933156,0.877462,-1.262298,1.424385,0.1589,0.4793
1787920376.939445,0.877557,-1.261230,1.425518,0.1623,0.4793
1787920376.946262,0.877733,-1.259970,1.426271,0.1696,0.4793
1787920376.952747,0.877990,-1.258872,1.427286,0.1707,0.4793
1787920376.959269,0.877968,-1.257951,1.427953,0.1613,0.4793
1787920376.965764,0.878192,-1.256827,1.428804,0.1658,0.4793
1787920376.972807,0.877859,-1.255792,1.428527,0.1577,0.4793
1787920376.980551,0.878192,-1.254670,1.429203,0.1552,0.4793
1787920376.990233,0.878140,-1.253650,1.429592,0.1397,0.4793
1787920376.992584,0.878237,-1.252608,1.430408,0.2312,0.4793
1787920376.999688,0.878450,-1.251571,1.431417,0.2065,0.4793
1787920377.005876,0.878457,-1.250420,1.432109,0.1999,0.4793
1787920377.015792,0.878655,-1.249344,1.433276,0.1730,0.4755
1787920377.019875,0.878998,-1.248262,1.434571,0.2032,0.4755
1787920377.025824,0.879020,-1.247216,1.435507,0.1947,0.4755
1787920377.033017,0.879082,-1.246051,1.436362,0.1848,0.4755
1787920377.038958,0.879234,-1.245023,1.437218,0.1818,0.4755
1787920377.046403,0.879347,-1.243973,1.438448,0.1698,0.4755
1787920377.052754,0.879587,-1.242873,1.439477,0.1719,0.4755
1787920377.059592,0.879563,-1.241912,1.440245,0.1620,0.4755
1787920377.065561,0.879667,-1.240970,1.441317,0.1610,0.4755
1787920377.072774,0.879824,-1.239815,1.442390,0.1612,0.4755
1787920377.079426,0.879983,-1.238824,1.443413,0.1581,0.4755
1787920377.086491,0.879965,-1.237835,1.444289,0.1522,0.4755
1787920377.133476,0.879872,-1.236979,1.444966,0.1119,0.5060
1787920377.136221,0.880056,-1.236099,1.446190,0.1762,0.5060
1787920377.138065,0.879923,-1.234771,1.446573,0.3351,0.5060
1787920377.139901,0.880018,-1.233837,1.447854,0.3880,0.5060
1787920377.141384,0.880204,-1.232889,1.448953,0.4663,0.5060
1787920377.142200,0.879947,-1.231854,1.449720,0.6929,0.5060
1787920377.143156,0.879875,-1.230747,1.450557,0.8274,0.5060
1787920377.145186,0.879883,-1.229695,1.451559,0.7337,0.5060
1787920377.146550,0.879791,-1.228625,1.452388,0.7449,0.5060
1787920377.152881,0.879771,-1.227759,1.453089,0.5620,0.5060
1787920377.159371,0.879861,-1.226691,1.454000,0.4429,0.5060
1787920377.166401,0.879837,-1.225603,1.454947,0.3560,0.5060
1787920377.173132,0.879712,-1.224689,1.455617,0.2891,0.5060
1787920377.179246,0.879510,-1.223603,1.455633,0.2541,0.5060
1787920377.186266,0.879688,-1.222605,1.456997,0.2211,0.5060
1787920377.195173,0.879638,-1.221752,1.457917,0.1831,0.5060
1787920377.199209,0.879597,-1.220826,1.458874,0.1963,0.5060
1787920377.206095,0.879679,-1.219775,1.459690,0.1833,0.5060
1787920377.212489,0.880009,-1.218847,1.461202,0.1733,0.4897
1787920377.221357,0.879591,-1.217878,1.461473,0.1523,0.4897
1787920377.225621,0.879730,-1.216914,1.462793,0.1751,0.4897
1787920377.232454,0.879879,-1.215862,1.464211,0.1692,0.4897
1787920377.239477,0.879639,-1.214837,1.464625,0.1609,0.4897
1787920377.246222,0.879888,-1.213768,1.465989,0.1611,0.4897
1787920377.252584,0.879565,-1.212784,1.466529,0.1573,0.4897
1787920377.259147,0.879925,-1.211853,1.467983,0.1541,0.4897
1787920377.266385,0.879727,-1.210817,1.468868,0.1498,0.4897
1787920377.272856,0.879987,-1.209675,1.470442,0.1587,0.4897
1787920377.279343,0.879866,-1.208683,1.470814,0.1562,0.4897
1787920377.287576,0.880192,-1.207887,1.472149,0.1394,0.4897
1787920377.292391,0.880231,-1.206704,1.473418,0.1711,0.4897
1787920377.299545,0.880445,-1.205895,1.474744,0.1544,0.4897
1787920377.305715,0.880034,-1.204645,1.474983,0.1667,0.4897
1787920377.312446,0.880354,-1.203630,1.476452,0.1631,0.4751
1787920377.319474,0.880304,-1.202732,1.477957,0.1521,0.4751
1787920377.326478,0.880280,-1.201604,1.478853,0.1545,0.4751
1787920377.333003,0.880170,-1.200323,1.479684,0.1664,0.4751
1787920377.341185,0.879883,-1.199387,1.480254,0.1497,0.4751
1787920377.346166,0.880034,-1.198340,1.481693,0.1684,0.4751
1787920377.352513,0.879824,-1.197324,1.482246,0.1648,0.4751
1787920377.359405,0.879906,-1.196220,1.483482,0.1636,0.4751
1787920377.366336,0.879665,-1.195124,1.484175,0.1609,0.4751
1787920377.372608,0.879788,-1.194106,1.485467,0.1616,0.4751
1787920377.379456,0.880327,-1.193200,1.487506,0.1547,0.4751
1787920377.385693,0.880114,-1.191996,1.488531,0.1652,0.4751
1787920377.393195,0.880029,-1.190927,1.489537,0.1579,0.4751
1787920377.430704,0.879786,-1.189817,1.490064,0.1192,0.4334
1787920377.431951,0.880262,-1.188777,1.492399,0.3418,0.4334
1787920377.432875,0.879906,-1.187635,1.492947,0.6003,0.4334
1787920377.434587,0.880094,-1.186479,1.494412,0.6245,0.4334
1787920377.436154,0.879935,-1.185434,1.495122,0.6345,0.4334
1787920377.436939,0.879953,-1.184389,1.496357,0.8427,0.4334
1787920377.439521,0.879812,-1.183099,1.497253,0.7381,0.4334
1787920377.445904,0.879971,-1.182124,1.498858,0.5630,0.4334
1787920377.453291,0.879801,-1.180979,1.499936,0.4399,0.4334
1787920377.459189,0.879876,-1.179853,1.501297,0.3654,0.4334
1787920377.465855,0.879951,-1.178797,1.502839,0.3034,0.4334
1787920377.473350,0.879844,-1.177616,1.504398,0.2593,0.4334
1787920377.479557,0.880020,-1.176721,1.505799,0.2252,0.4334
1787920377.486265,0.880023,-1.175561,1.506756,0.2094,0.4334
1787920377.492554,0.880307,-1.174437,1.508873,0.2009,0.4334
1787920377.502331,0.880082,-1.173366,1.509432,0.1730,0.4334
1787920377.506117,0.880280,-1.172190,1.511151,0.2151,0.4334
1787920377.512599,0.880188,-1.170957,1.512307,0.2073,0.4400
1787920377.519361,0.880416,-1.169854,1.513600,0.1946,0.4400
1787920377.527891,0.880415,-1.168804,1.514793,0.1730,0.4400
1787920377.532735,0.879908,-1.167567,1.515203,0.1959,0.4400
1787920377.539421,0.880127,-1.166497,1.516339,0.1856,0.4400
1787920377.546450,0.880274,-1.165392,1.517513,0.1774,0.4400
1787920377.552855,0.880155,-1.164297,1.518175,0.1751,0.4400
1787920377.559354,0.879937,-1.163076,1.518578,0.1783,0.4400
1787920377.566390,0.880126,-1.161966,1.519857,0.1725,0.4400
1787920377.573025,0.880067,-1.160856,1.520592,0.1707,0.4400
1787920377.579647,0.880044,-1.159693,1.521468,0.1721,0.4400
1787920377.585710,0.880111,-1.158584,1.522448,0.1754,0.4400
1787920377.592800,0.880264,-1.157652,1.523555,0.1625,0.4400
1787920377.599588,0.880208,-1.156375,1.524228,0.1700,0.4400
1787920377.606984,0.879862,-1.155162,1.524398,0.1675,0.4400
1787920377.612732,0.880073,-1.154058,1.525465,0.1753,0.4382
1787920377.619108,0.880297,-1.152981,1.526908,0.1738,0.4382
1787920377.626086,0.880006,-1.151791,1.527520,0.1722,0.4382
1787920377.632965,0.880041,-1.150546,1.528394,0.1749,0.4382
1787920377.641963,0.880123,-1.149418,1.529432,0.1601,0.4382
1787920377.646051,0.880002,-1.148317,1.530449,0.1924,0.4382
1787920377.652390,0.879913,-1.147184,1.531026,0.1881,0.4382
1787920377.659433,0.879709,-1.145817,1.531377,0.1895,0.4382
1787920377.666105,0.879796,-1.144882,1.532498,0.1748,0.4382
1787920377.672757,0.879421,-1.143515,1.532996,0.1834,0.4382
1787920377.679631,0.879713,-1.142351,1.534138,0.1796,0.4382
1787920377.686169,0.879552,-1.141102,1.535035,0.1827,0.4382
1787920377.692607,0.879631,-1.140028,1.536312,0.1780,0.4382
1787920377.699390,0.879682,-1.138710,1.537339,0.1830,0.4382
1787920377.733049,0.879513,-1.137573,1.537995,0.1382,0.4286
1787920377.750504,0.879509,-1.136260,1.538812,0.1193,0.4286
1787920377.752519,0.879388,-1.135130,1.539665,0.2511,0.4286
1787920377.753428,0.879392,-1.134018,1.540901,0.5427,0.4286
1787920377.754279,0.879356,-1.132775,1.541792,0.8174,0.4286
1787920377.755856,0.879184,-1.131467,1.542772,0.8200,0.4286
1787920377.757214,0.879151,-1.130483,1.544190,0.7910,0.4286
1787920377.758071,0.879073,-1.129048,1.545251,1.0557,0.4286
1787920377.759579,0.878964,-1.127783,1.546212,0.9899,0.4286
1787920377.766045,0.879214,-1.126670,1.547912,0.7449,0.4286
1787920377.772657,0.878904,-1.125564,1.548808,0.5713,0.4286
1787920377.779438,0.879031,-1.124257,1.550146,0.4578,0.4286
1787920377.785681,0.878851,-1.123105,1.550431,0.3756,0.4286
1787920377.793222,0.878355,-1.121919,1.551113,0.3097,0.4286
1787920377.799380,0.878392,-1.120779,1.552485,0.2724,0.4286
1787920377.809480,0.878444,-1.119466,1.553583,0.2297,0.4286
1787920377.812955,0.878423,-1.118214,1.554883,0.2688,0.4067
1787920377.819363,0.878285,-1.117106,1.555577,0.2399,0.4067
1787920377.826091,0.877896,-1.115796,1.556267,0.2261,0.4067
1787920377.835359,0.878018,-1.114493,1.557508,0.2005,0.4067
1787920377.840355,0.877661,-1.113344,1.557687,0.2091,0.4067
1787920377.848683,0.877690,-1.112110,1.559165,0.1908,0.4067
1787920377.852369,0.877187,-1.110995,1.559451,0.2238,0.4067
1787920377.859476,0.877309,-1.109706,1.560602,0.2112,0.4067
1787920377.865854,0.877290,-1.108552,1.562241,0.2021,0.4067
1787920377.872664,0.877346,-1.107510,1.563516,0.1874,0.4067
1787920377.879480,0.877070,-1.106308,1.564284,0.1840,0.4067
1787920377.886323,0.877279,-1.104946,1.566085,0.1885,0.4067
1787920377.892320,0.877086,-1.104001,1.566780,0.1792,0.4067
1787920377.899418,0.876793,-1.102993,1.567484,0.1680,0.4067
1787920377.905654,0.876784,-1.101699,1.568281,0.1799,0.4067
1787920377.912788,0.876887,-1.100538,1.569529,0.1747,0.3908
1787920377.919546,0.876787,-1.099498,1.570361,0.1685,0.3908
1787920377.926851,0.876676,-1.098549,1.571214,0.1569,0.3908
1787920377.932705,0.876587,-1.097246,1.572024,0.1766,0.3908
1787920377.939278,0.876273,-1.096145,1.572496,0.1739,0.3908
1787920377.947139,0.876305,-1.095119,1.573286,0.1609,0.3908
1787920377.953418,0.875977,-1.093938,1.573542,0.1691,0.3908
1787920377.959441,0.875767,-1.092778,1.574240,0.1762,0.3908
1787920377.967885,0.875560,-1.091739,1.575072,0.1603,0.3908
1787920377.972529,0.875742,-1.090713,1.576290,0.1784,0.3908
1787920377.979806,0.875833,-1.089452,1.577411,0.1768,0.3908
1787920377.985951,0.875122,-1.088259,1.577652,0.1823,0.3908
1787920377.992626,0.875417,-1.087086,1.579405,0.1802,0.3908
1787920377.999121,0.875394,-1.086006,1.580241,0.1760,0.3908
1787920378.007224,0.875262,-1.084739,1.581103,0.1702,0.3908
1787920378.056554,0.875114,-1.083617,1.581872,0.1259,0.3697
1787920378.059083,0.875042,-1.082421,1.582938,0.2302,0.3697
1787920378.061306,0.875094,-1.081488,1.584187,0.2869,0.3697
1787920378.063351,0.874839,-1.080135,1.584701,0.3999,0.3697
1787920378.065229,0.874375,-1.078931,1.585152,0.4732,0.3697
1787920378.066718,0.874543,-1.077806,1.586410,0.5575,0.3697
1787920378.067671,0.874467,-1.076699,1.586935,0.7391,0.3697
1787920378.069779,0.874636,-1.075502,1.588911,0.6873,0.3697
1787920378.071635,0.874501,-1.074327,1.589508,0.6713,0.3697
1787920378.073006,0.874401,-1.073113,1.590136,0.7360,0.3697
1787920378.079779,0.874200,-1.071991,1.591041,0.5651,0.3697
1787920378.085932,0.873906,-1.070867,1.591102,0.4507,0.3697
1787920378.092527,0.873975,-1.069408,1.592294,0.3818,0.3697
1787920378.099388,0.873597,-1.068413,1.592841,0.3111,0.3697
1787920378.106797,0.873473,-1.067286,1.593737,0.2635,0.3697
1787920378.117133,0.873544,-1.066026,1.594822,0.2210,0.3813
1787920378.119580,0.873239,-1.064768,1.595730,0.3098,0.3813
1787920378.126028,0.873059,-1.063626,1.596496,0.2702,0.3813
1787920378.134830,0.872907,-1.062399,1.597378,0.2311,0.3813
1787920378.142451,0.873053,-1.061257,1.598809,0.2065,0.3813
1787920378.146945,0.872726,-1.059954,1.599379,0.2321,0.3813
1787920378.152871,0.872630,-1.058771,1.600274,0.2225,0.3813
1787920378.159592,0.872449,-1.057607,1.601210,0.2079,0.3813
1787920378.165719,0.872547,-1.056561,1.602130,0.1966,0.3813
1787920378.172616,0.872355,-1.055307,1.603238,0.1924,0.3813
1787920378.180562,0.872093,-1.054116,1.603711,0.1799,0.3813
1787920378.185637,0.872165,-1.052839,1.604809,0.2013,0.3813
1787920378.192466,0.871925,-1.051752,1.605224,0.1890,0.3813
1787920378.199727,0.871782,-1.050518,1.605924,0.1835,0.3813
1787920378.205729,0.871285,-1.049398,1.606107,0.1852,0.3813
1787920378.212760,0.871372,-1.048202,1.607191,0.1805,0.3702
1787920378.219759,0.871511,-1.047024,1.608368,0.1766,0.3702
1787920378.225573,0.871077,-1.045784,1.608831,0.1884,0.3702
1787920378.233308,0.870915,-1.044497,1.609618,0.1820,0.3702
1787920378.239091,0.870958,-1.043408,1.610539,0.1838,0.3702
1787920378.246021,0.870883,-1.042016,1.611776,0.1890,0.3702
1787920378.252901,0.870722,-1.040900,1.612472,0.1812,0.3702
1787920378.259331,0.870381,-1.039797,1.612659,0.1789,0.3702
1787920378.265980,0.870208,-1.038634,1.613738,0.1780,0.3702
1787920378.272707,0.870141,-1.037421,1.614574,0.1788,0.3702
1787920378.279567,0.870164,-1.036188,1.615622,0.1790,0.3702
1787920378.286469,0.870036,-1.035127,1.616411,0.1716,0.3702
1787920378.292920,0.869725,-1.033827,1.616544,0.1812,0.3702
1787920378.299155,0.869761,-1.032674,1.617342,0.1822,0.3702
1787920378.306104,0.869752,-1.031528,1.618354,0.1769,0.3702
1787920378.312994,0.869380,-1.030329,1.618770,0.1768,0.3604
1787920378.360765,0.869113,-1.029109,1.618741,0.1315,0.3604
1787920378.362961,0.869169,-1.028029,1.619851,0.2391,0.3604
1787920378.364124,0.869008,-1.026726,1.620599,0.5049,0.3604
1787920378.365285,0.868844,-1.025664,1.621427,0.6297,0.3604
1787920378.367117,0.868609,-1.024455,1.622006,0.6404,0.3604
1787920378.367954,0.868441,-1.023273,1.622822,0.8747,0.3604
1787920378.368810,0.868372,-1.022146,1.623646,1.0083,0.3604
1787920378.371397,0.868384,-1.020930,1.624888,0.8465,0.3604
1787920378.372550,0.868334,-1.019828,1.625695,0.8795,0.3604
1787920378.379346,0.868085,-1.018595,1.626288,0.6706,0.3604
1787920378.385982,0.868340,-1.017354,1.627686,0.5248,0.3604
1787920378.393442,0.868314,-1.016132,1.628932,0.4165,0.3604
1787920378.399006,0.867986,-1.015011,1.629071,0.3529,0.3604
1787920378.406204,0.867996,-1.013801,1.630324,0.2973,0.3604
1787920378.414060,0.867742,-1.012633,1.631063,0.2532,0.3426
1787920378.419333,0.867398,-1.011435,1.631416,0.2465,0.3426
1787920378.425824,0.867671,-1.010260,1.632664,0.2259,0.3426
1787920378.432872,0.867305,-1.008922,1.632901,0.2160,0.3426
1787920378.440130,0.867034,-1.007553,1.633197,0.2084,0.3426
1787920378.446001,0.867029,-1.006467,1.634146,0.2013,0.3426
1787920378.452665,0.866923,-1.005270,1.635229,0.1950,0.3426
1787920378.459715,0.866621,-1.004003,1.635743,0.1911,0.3426
1787920378.466529,0.866547,-1.002849,1.636598,0.1847,0.3426
1787920378.472490,0.866067,-1.001622,1.636793,0.1925,0.3426
1787920378.479285,0.866244,-1.000331,1.638288,0.1911,0.3426
1787920378.486301,0.865893,-0.999275,1.638715,0.1799,0.3426
1787920378.492480,0.866097,-0.997933,1.640206,0.1902,0.3426
1787920378.499238,0.865680,-0.996746,1.640415,0.1870,0.3426
1787920378.505798,0.865604,-0.995591,1.641344,0.1838,0.3426
1787920378.512847,0.865622,-0.994344,1.642355,0.1815,0.3341
1787920378.519261,0.865526,-0.993105,1.643285,0.1852,0.3341
1787920378.527008,0.865256,-0.991908,1.643956,0.1766,0.3341
1787920378.532893,0.865170,-0.990657,1.644944,0.1876,0.3341
1787920378.540143,0.865182,-0.989523,1.645718,0.1781,0.3341
1787920378.546723,0.865124,-0.988236,1.646814,0.1833,0.3341
1787920378.552952,0.864680,-0.987011,1.646820,0.1888,0.3341
1787920378.559198,0.864664,-0.985740,1.647607,0.1931,0.3341
1787920378.567446,0.864286,-0.984628,1.647740,0.1765,0.3341
1787920378.572561,0.864124,-0.983361,1.648639,0.1984,0.3341
1787920378.579261,0.863744,-0.982190,1.648700,0.1925,0.3341
1787920378.586148,0.863497,-0.980944,1.649365,0.1897,0.3341
1787920378.593976,0.863310,-0.979724,1.650014,0.1800,0.3341
1787920378.599209,0.863258,-0.978577,1.650847,0.1918,0.3341
1787920378.608103,0.862905,-0.977309,1.651258,0.1778,0.3341
1787920378.612733,0.862783,-0.976142,1.651770,0.2005,0.3232
1787920378.620314,0.862562,-0.974965,1.652402,0.1875,0.3232
1787920378.654532,0.862466,-0.973744,1.653177,0.1420,0.3232
1787920378.672825,0.862056,-0.972538,1.653128,0.1196,0.3232
1787920378.673826,0.861894,-0.971236,1.654004,0.4767,0.3232
1787920378.674712,0.861812,-0.970057,1.655198,0.7336,0.3232
1787920378.676329,0.861776,-0.968889,1.656178,0.7302,0.3232
1787920378.677731,0.861638,-0.967675,1.656788,0.7726,0.3232
1787920378.678600,0.861197,-0.966404,1.657090,0.9910,0.3232
1787920378.679874,0.861240,-0.965325,1.658509,0.9458,0.3232
1787920378.681639,0.861078,-0.964127,1.659006,0.8673,0.3232
1787920378.686055,0.859198,-0.962391,1.656921,0.7356,0.3232
1787920378.692649,0.859070,-0.961387,1.657715,0.5609,0.3232
1787920378.699681,0.858968,-0.960208,1.658634,0.4431,0.3232
1787920378.706527,0.858801,-0.958951,1.659318,0.3657,0.3232
1787920378.713286,0.858357,-0.957617,1.659502,0.3167,0.3486
1787920378.721598,0.858459,-0.956634,1.660429,0.2567,0.3486
1787920378.726203,0.858010,-0.955489,1.660984,0.2566,0.3486
1787920378.733983,0.856813,-0.954390,1.660803,0.2260,0.3486
1787920378.739133,0.857003,-0.953063,1.661837,0.2342,0.3486
1787920378.745791,0.856704,-0.952015,1.662607,0.2122,0.3486
1787920378.753007,0.856163,-0.950719,1.662673,0.2042,0.3486
1787920378.759108,0.856243,-0.949374,1.663425,0.2085,0.3486
1787920378.766114,0.856152,-0.948201,1.664228,0.1963,0.3486
1787920378.773561,0.856174,-0.946835,1.665690,0.1921,0.3486
1787920378.779311,0.855665,-0.945766,1.665436,0.1925,0.3486
1787920378.786423,0.855390,-0.944502,1.665984,0.1889,0.3486
1787920378.792890,0.855557,-0.943280,1.667221,0.1879,0.3486
1787920378.799265,0.855578,-0.942028,1.667961,0.1901,0.3486
1787920378.806415,0.855170,-0.941005,1.668035,0.1775,0.3486
1787920378.812563,0.854984,-0.939671,1.668498,0.1899,0.3486
1787920378.819317,0.854593,-0.938524,1.669000,0.1853,0.3353
1787920378.826189,0.854815,-0.937238,1.670069,0.1846,0.3353
1787920378.845299,0.854787,-0.936039,1.671111,0.1480,0.3353
1787920378.849759,0.854618,-0.934846,1.671658,0.1846,0.3353
1787920378.850693,0.854387,-0.933591,1.672244,0.5376,0.3353
1787920378.852556,0.854578,-0.932383,1.673432,0.5668,0.3353
1787920378.859622,0.853965,-0.931059,1.673410,0.4553,0.3353
1787920378.866257,0.853803,-0.929952,1.673833,0.3693,0.3353
1787920378.873303,0.853344,-0.928713,1.673998,0.3129,0.3353
1787920378.879465,0.853109,-0.927367,1.674848,0.2855,0.3353
1787920378.885917,0.853337,-0.926083,1.676070,0.2581,0.3353
1787920378.892586,0.853136,-0.925043,1.676560,0.2281,0.3353
1787920378.906613,0.851894,-0.923759,1.675933,0.1898,0.3353
1787920378.915528,0.852177,-0.922558,1.677186,0.1720,0.3290
1787920378.916856,0.851958,-0.921344,1.677724,0.3983,0.3290
1787920378.919643,0.851904,-0.920065,1.678641,0.4163,0.3290
1787920378.925837,0.851107,-0.919065,1.678482,0.3437,0.3290
1787920378.980548,0.851073,-0.917794,1.679151,0.2476,0.3290
1787920378.982002,0.850934,-0.916532,1.679861,0.4352,0.3290
1787920378.984127,0.850889,-0.915351,1.680740,0.4710,0.3290
1787920378.986271,0.850163,-0.914178,1.680216,0.5041,0.3290
1787920378.987233,0.849944,-0.912954,1.681107,0.7395,0.3290
1787920378.988415,0.850032,-0.911741,1.682004,0.8211,0.3290
1787920378.990443,0.850038,-0.910483,1.683150,0.7596,0.3290
1787920378.991324,0.849507,-0.909403,1.683282,0.9177,0.3290
1787920378.992135,0.849322,-0.908143,1.683911,1.1131,0.3290
1787920378.994531,0.849564,-0.906924,1.685290,0.9274,0.3290
1787920378.999323,0.849042,-0.905774,1.685597,0.7244,0.3290
1787920379.006209,0.848679,-0.904591,1.686160,0.5601,0.3290
1787920379.012464,0.848285,-0.903370,1.686237,0.4525,0.3171
1787920379.019550,0.848005,-0.902372,1.687074,0.3601,0.3171
1787920379.025775,0.848049,-0.900880,1.687742,0.3232,0.3171
1787920379.033243,0.847719,-0.899836,1.688073,0.2694,0.3171
1787920379.039823,0.847129,-0.898583,1.688212,0.2485,0.3171
1787920379.046042,0.847274,-0.897352,1.689439,0.2321,0.3171
1787920379.052717,0.847269,-0.896191,1.689882,0.2143,0.3171
1787920379.059253,0.846584,-0.894919,1.690249,0.2117,0.3171
1787920379.065851,0.846422,-0.893727,1.690812,0.2029,0.3171
1787920379.072757,0.846268,-0.892668,1.691185,0.1885,0.3171
1787920379.079003,0.846366,-0.891245,1.692576,0.1992,0.3171
1787920379.086150,0.845698,-0.890002,1.692201,0.1946,0.3171
1787920379.092842,0.845516,-0.888834,1.692749,0.1892,0.3171
1787920379.099203,0.845317,-0.887704,1.693709,0.1865,0.3171
1787920379.105937,0.845035,-0.886514,1.694388,0.1847,0.3171
1787920379.112559,0.844957,-0.885415,1.694899,0.1791,0.3073
1787920379.119642,0.844758,-0.883974,1.695637,0.1870,0.3073
1787920379.126488,0.844306,-0.882811,1.695898,0.1839,0.3073
1787920379.133049,0.844200,-0.881555,1.696713,0.1864,0.3073
1787920379.140444,0.843929,-0.880437,1.697201,0.1768,0.3073
1787920379.146077,0.843523,-0.879019,1.697704,0.2014,0.3073
1787920379.154055,0.843097,-0.877938,1.697849,0.1833,0.3073
1787920379.160112,0.843160,-0.876559,1.699255,0.1957,0.3073
1787920379.171237,0.842952,-0.875217,1.699620,0.1736,0.3073
1787920379.172607,0.842330,-0.873996,1.699944,0.4042,0.3073
1787920379.179570,0.842094,-0.872765,1.700721,0.3369,0.3073
1787920379.185987,0.842040,-0.871486,1.701810,0.2954,0.3073
1787920379.193251,0.842056,-0.870236,1.702806,0.2579,0.3073
1787920379.199651,0.841286,-0.868964,1.702749,0.2444,0.3073
1787920379.205935,0.840948,-0.867826,1.703315,0.2271,0.3073
1787920379.212637,0.840950,-0.866651,1.704163,0.2111,0.3639
1787920379.219601,0.840602,-0.865300,1.704882,0.2074,0.3639
1787920379.225870,0.840400,-0.864055,1.705749,0.2055,0.3639
1787920379.233592,0.839787,-0.862682,1.705444,0.1999,0.3639
1787920379.269127,0.839522,-0.861360,1.706247,0.1513,0.3639
1787920379.275686,0.839766,-0.860145,1.707689,0.1594,0.3639
1787920379.277413,0.839193,-0.858701,1.707930,0.3736,0.3639
1787920379.278606,0.838633,-0.857424,1.707991,0.5990,0.3639
1787920379.279433,0.838844,-0.856222,1.709405,0.8411,0.3639
1787920379.280738,0.839977,-0.854038,1.710473,1.0494,0.3639
1787920379.282119,0.839015,-0.852851,1.709934,1.0190,0.3639
1787920379.286376,0.838620,-0.851541,1.709687,0.8086,0.3639
1787920379.292586,0.839060,-0.849978,1.711322,0.6378,0.3639
1787920379.299314,0.838434,-0.848800,1.711291,0.5024,0.3639
1787920379.306663,0.838225,-0.847467,1.712148,0.4067,0.3639
1787920379.312412,0.837691,-0.846122,1.712599,0.3581,0.3693
1787920379.319031,0.837650,-0.844850,1.713667,0.3080,0.3693
1787920379.326545,0.837672,-0.843475,1.715176,0.2698,0.3693
1787920379.332609,0.837519,-0.842149,1.715870,0.2549,0.3693
1787920379.339597,0.837016,-0.840751,1.715991,0.2409,0.3693
1787920379.346349,0.836493,-0.839512,1.716517,0.2265,0.3693
1787920379.352936,0.836638,-0.838237,1.718135,0.2150,0.3693
1787920379.359560,0.836463,-0.836790,1.719029,0.2165,0.3693
1787920379.365986,0.835663,-0.835448,1.719090,0.2190,0.3693
1787920379.373128,0.835745,-0.834172,1.720732,0.2058,0.3693
1787920379.379295,0.835904,-0.832767,1.721801,0.2105,0.3693
1787920379.385714,0.835198,-0.831461,1.721805,0.2126,0.3693
1787920379.392719,0.835025,-0.830131,1.722796,0.2062,0.3693
1787920379.402408,0.835253,-0.828491,1.723011,0.1935,0.3693
1787920379.406560,0.834928,-0.827287,1.724005,0.2250,0.3693
1787920379.412655,0.834743,-0.825914,1.724480,0.2257,0.3580
1787920379.419976,0.834283,-0.824615,1.725097,0.2135,0.3580
1787920379.425814,0.833740,-0.823344,1.725442,0.2183,0.3580
1787920379.433269,0.833519,-0.822009,1.726216,0.2072,0.3580
1787920379.439161,0.833483,-0.820679,1.727389,0.2122,0.3580
1787920379.447958,0.832673,-0.819431,1.727465,0.1949,0.3580
1787920379.453199,0.832640,-0.817925,1.728301,0.2219,0.3580
1787920379.459401,0.832180,-0.816689,1.729262,0.2179,0.3580
1787920379.466184,0.831902,-0.815456,1.729993,0.2083,0.3580
1787920379.473432,0.831668,-0.813980,1.731061,0.2077,0.3580
1787920379.479475,0.831229,-0.812681,1.731857,0.2125,0.3580
1787920379.486515,0.831026,-0.811556,1.732698,0.1974,0.3580
1787920379.492416,0.830901,-0.810070,1.734193,0.2138,0.3580
1787920379.499262,0.830251,-0.808729,1.734385,0.2123,0.3580
1787920379.506000,0.830543,-0.807507,1.736086,0.2001,0.3580
1787920379.512543,0.829825,-0.806226,1.736233,0.2034,0.3449
1787920379.519455,0.829319,-0.804785,1.736316,0.2077,0.3449
1787920379.526190,0.828724,-0.803552,1.736782,0.2039,0.3449
1787920379.532524,0.828556,-0.802315,1.737962,0.2019,0.3449
1787920379.540317,0.828053,-0.801190,1.738447,0.1872,0.3449
1787920379.592719,0.827836,-0.799744,1.740103,0.1394,0.3449
1787920379.594014,0.827485,-0.798343,1.740388,0.4311,0.3449
1787920379.595813,0.827418,-0.796950,1.741787,0.5326,0.3449
1787920379.596849,0.826730,-0.795683,1.742148,0.7679,0.3449
1787920379.597602,0.826403,-0.794235,1.743208,1.1291,0.3449
1787920379.598476,0.826100,-0.792974,1.744300,1.2346,0.3449
1787920379.600186,0.825838,-0.791649,1.745183,1.1011,0.3449
1787920379.601037,0.825006,-0.790396,1.745372,1.2569,0.3449
1787920379.601821,0.824755,-0.788983,1.746447,1.4287,0.3449
1787920379.607096,0.824731,-0.787623,1.747228,1.0765,0.3449
1787920379.612596,0.824305,-0.786419,1.748321,0.8223,0.3326
1787920379.619575,0.823948,-0.785233,1.748534,0.6285,0.3326
1787920379.626476,0.823546,-0.783758,1.749504,0.5062,0.3326
1787920379.632920,0.823361,-0.782478,1.750278,0.4145,0.3326
1787920379.639258,0.823272,-0.781197,1.751452,0.3505,0.3326
1787920379.645812,0.822715,-0.779840,1.752545,0.3111,0.3326
1787920379.654457,0.822387,-0.778408,1.753225,0.2687,0.3326
1787920379.659152,0.821899,-0.777246,1.753791,0.2668,0.3326
1787920379.665512,0.821470,-0.775914,1.754709,0.2522,0.3326
1787920379.674748,0.820840,-0.774719,1.754632,0.2184,0.3326
1787920379.680481,0.820643,-0.773309,1.755856,0.2273,0.3326
1787920379.688582,0.820405,-0.772022,1.756893,0.2076,0.3326
1787920379.692236,0.820081,-0.770687,1.757743,0.2580,0.3326
1787920379.699358,0.820080,-0.769332,1.759376,0.2366,0.3326
1787920379.706425,0.819787,-0.767959,1.759981,0.2252,0.3326
1787920379.712734,0.819459,-0.766643,1.761069,0.2221,0.4043
1787920379.719094,0.819126,-0.765502,1.761840,0.2113,0.4043
1787920379.726740,0.818726,-0.764171,1.762323,0.2022,0.4043
1787920379.733118,0.818191,-0.762725,1.762907,0.2131,0.4043
1787920379.739284,0.817705,-0.761441,1.763314,0.2150,0.4043
1787920379.746616,0.817372,-0.760343,1.764336,0.1972,0.4043
1787920379.755057,0.817078,-0.758873,1.765230,0.1913,0.4043
1787920379.759261,0.816486,-0.757363,1.765527,0.2478,0.4043
1787920379.766065,0.816573,-0.756229,1.766987,0.2218,0.4043
1787920379.773331,0.815724,-0.754800,1.766401,0.2199,0.4043
1787920379.780937,0.815608,-0.753382,1.767231,0.2097,0.4043
1787920379.785695,0.815037,-0.752087,1.767374,0.2339,0.4043
1787920379.792816,0.814779,-0.750794,1.768272,0.2192,0.4043
1787920379.799487,0.814586,-0.749435,1.769533,0.2151,0.4043
1787920379.806985,0.813809,-0.748043,1.769925,0.2113,0.4043
1787920379.813050,0.813771,-0.746713,1.771087,0.2128,0.4010
1787920379.833905,0.813448,-0.745517,1.772383,0.1667,0.4010
1787920379.835255,0.812955,-0.744334,1.772805,0.3962,0.4010
1787920379.836377,0.812562,-0.742959,1.773862,0.6584,0.4010
1787920379.840281,0.812014,-0.741494,1.774738,0.5797,0.4010
1787920379.849370,0.811896,-0.740311,1.776259,0.4448,0.4010
1787920379.852505,0.811581,-0.738937,1.777412,0.4463,0.4010
1787920379.903430,0.811133,-0.737407,1.778171,0.3218,0.4010
1787920379.904692,0.810859,-0.736363,1.779562,0.4814,0.4010
1787920379.905668,0.810299,-0.735028,1.780378,0.7744,0.4010
1787920379.907493,0.810225,-0.733699,1.781661,0.7584,0.4010
1787920379.909269,0.809671,-0.732350,1.782474,0.7733,0.4010
1787920379.911053,0.809306,-0.731159,1.783324,0.7499,0.4010
1787920379.913336,0.808889,-0.729988,1.784442,0.6869,0.3841
1787920379.914294,0.808584,-0.728489,1.785731,0.9601,0.3841
1787920379.915773,0.808028,-0.727299,1.786447,0.9319,0.3841
1787920379.919268,0.807630,-0.726298,1.787562,0.7436,0.3841
1787920379.926440,0.807038,-0.725006,1.788174,0.5786,0.3841
1787920379.932940,0.806932,-0.723601,1.789630,0.4694,0.3841
1787920379.939340,0.806418,-0.722397,1.790253,0.3889,0.3841
1787920379.945803,0.805962,-0.721326,1.791110,0.3254,0.3841
1787920379.952742,0.805655,-0.720040,1.792464,0.2849,0.3841
1787920379.959993,0.805367,-0.718622,1.793504,0.2593,0.3841
1787920379.966411,0.804998,-0.717468,1.794489,0.2379,0.3841
1787920379.972803,0.804509,-0.716130,1.795527,0.2329,0.3841
1787920379.979363,0.803973,-0.714824,1.796080,0.2267,0.3841
1787920379.989350,0.803546,-0.713533,1.797250,0.1994,0.3841
1787920379.992766,0.802951,-0.712449,1.797462,0.2441,0.3841
1787920379.999356,0.802336,-0.711180,1.798144,0.2334,0.3841
1787920380.007090,0.802255,-0.710080,1.799745,0.2057,0.3841
1787920380.012609,0.801657,-0.708680,1.800056,0.2255,0.3682
1787920380.019390,0.801438,-0.707455,1.801448,0.2128,0.3682
1787920380.025881,0.801165,-0.706384,1.802446,0.2000,0.3682
1787920380.032377,0.800831,-0.705158,1.803176,0.1987,0.3682
1787920380.040451,0.800576,-0.703681,1.804787,0.1946,0.3682
1787920380.046609,0.799908,-0.702576,1.805370,0.1962,0.3682
1787920380.052353,0.799614,-0.701248,1.806423,0.2083,0.3682
1787920380.062280,0.799191,-0.700188,1.807578,0.1800,0.3682
1787920380.066042,0.798735,-0.698788,1.808452,0.2431,0.3682
1787920380.072653,0.798503,-0.697564,1.809623,0.2266,0.3682
1787920380.079405,0.798168,-0.696470,1.810812,0.2094,0.3682
1787920380.087798,0.797691,-0.695072,1.811423,0.1992,0.3682
1787920380.092764,0.797477,-0.693659,1.812913,0.2254,0.3682
1787920380.099499,0.797413,-0.692592,1.814180,0.2046,0.3682
1787920380.105759,0.796949,-0.691313,1.815591,0.2081,0.3682
1787920380.112990,0.796766,-0.690200,1.816286,0.1923,0.3522
1787920380.119691,0.796216,-0.688884,1.816936,0.1977,0.3522
1787920380.126012,0.795877,-0.687695,1.817708,0.1971,0.3522
1787920380.136655,0.795799,-0.686497,1.818562,0.1712,0.3522
1787920380.143533,0.795037,-0.685333,1.818882,0.1772,0.3522
1787920380.152076,0.794634,-0.684264,1.819534,0.1639,0.3522
1787920380.159175,0.794344,-0.682955,1.820431,0.1714,0.3522
1787920380.160381,0.794246,-0.681475,1.821928,0.4827,0.3522
1787920380.166243,0.793469,-0.680450,1.822307,0.3986,0.3522
1787920380.208916,0.793321,-0.678990,1.823534,0.2892,0.3522
1787920380.210121,0.792869,-0.677665,1.824483,0.5497,0.3522
1787920380.211380,0.792152,-0.676605,1.824783,0.6726,0.4540
1787920380.213252,0.791958,-0.675297,1.825990,0.6814,0.4540
1787920380.214211,0.791156,-0.674131,1.825897,0.8929,0.4540
1787920380.215122,0.790856,-0.673005,1.826538,1.0089,0.4540
1787920380.216158,0.790626,-0.671742,1.828054,1.0767,0.4540
1787920380.219506,0.790202,-0.670477,1.828529,0.8730,0.4540
1787920380.225786,0.789947,-0.669342,1.829699,0.6667,0.4540
1787920380.236011,0.789258,-0.668062,1.829689,0.5081,0.4540
1787920380.241455,0.789021,-0.666929,1.830839,0.4194,0.4540
1787920380.245992,0.788591,-0.665602,1.831688,0.3857,0.4540
1787920380.252540,0.788367,-0.664429,1.832523,0.3245,0.4540
1787920380.259365,0.787626,-0.663274,1.833036,0.2846,0.4540
1787920380.267175,0.787108,-0.662039,1.833347,0.2502,0.4540
1787920380.272735,0.786813,-0.660739,1.833683,0.2471,0.4540
1787920380.279138,0.787450,-0.660257,1.837362,0.1868,0.4540
1787920380.285951,0.786563,-0.658990,1.836821,0.1949,0.4540
1787920380.292910,0.786108,-0.657822,1.837071,0.1902,0.4540
1787920380.299209,0.786188,-0.656728,1.839145,0.1824,0.4540
1787920380.306448,0.785630,-0.655457,1.839142,0.1846,0.4540
1787920380.313043,0.785341,-0.654251,1.840473,0.1856,0.4468
1787920380.319324,0.784672,-0.653065,1.841225,0.1930,0.4468
1787920380.326147,0.784341,-0.651642,1.842064,0.1993,0.4468
1787920380.332595,0.784336,-0.650481,1.843773,0.1916,0.4468
1787920380.339859,0.783213,-0.649337,1.843597,0.1921,0.4468
1787920380.345814,0.783155,-0.647971,1.845345,0.2015,0.4468
1787920380.353399,0.782825,-0.646909,1.846431,0.1850,0.4468
1787920380.360353,0.782688,-0.645480,1.848451,0.1904,0.4468
1787920380.369538,0.782376,-0.644337,1.848999,0.1720,0.4468
1787920380.372587,0.781805,-0.643037,1.850552,0.2588,0.4468
1787920380.379229,0.781606,-0.641577,1.852074,0.2470,0.4468
1787920380.385698,0.780946,-0.640630,1.852716,0.2236,0.4468
1787920380.395038,0.780309,-0.639449,1.853734,0.1987,0.4468
1787920380.399338,0.780094,-0.638081,1.854830,0.2349,0.4468
1787920380.405952,0.779443,-0.636980,1.855713,0.2206,0.4468
1787920380.413307,0.779006,-0.635766,1.856971,0.2070,0.4299
1787920380.419014,0.778611,-0.634508,1.858230,0.2142,0.4299
1787920380.426001,0.778375,-0.633349,1.859806,0.2005,0.4299
1787920380.432790,0.778034,-0.632090,1.861163,0.1980,0.4299
1787920380.440025,0.777299,-0.630957,1.862069,0.1923,0.4299
1787920380.446062,0.776536,-0.629996,1.862576,0.1913,0.4299
1787920380.452465,0.776488,-0.628486,1.864203,0.2023,0.4299
1787920380.459735,0.775933,-0.627367,1.865267,0.1924,0.4299
1787920380.466093,0.775455,-0.626243,1.866196,0.1920,0.4299
1787920380.498936,0.774966,-0.625205,1.868075,0.1448,0.4299
1787920380.500185,0.774604,-0.623922,1.869037,0.4211,0.4299
1787920380.501714,0.774054,-0.622693,1.870051,0.5572,0.4299
1787920380.503829,0.773584,-0.621636,1.871511,0.5529,0.4299
1787920380.505722,0.773294,-0.620513,1.872369,0.5707,0.4299
1787920380.506771,0.773041,-0.619254,1.873547,0.7647,0.4299
1787920380.513351,0.772279,-0.618241,1.874234,0.5898,0.4148
1787920380.519138,0.771899,-0.617053,1.876073,0.4775,0.4148
1787920380.526531,0.771401,-0.616040,1.877580,0.3795,0.4148
1787920380.532807,0.770925,-0.614740,1.878652,0.3318,0.4148
1787920380.539884,0.770475,-0.613442,1.879606,0.2905,0.4148
1787920380.545976,0.770014,-0.612575,1.880843,0.2509,0.4148
1787920380.552553,0.769644,-0.611588,1.882444,0.2237,0.4148
1787920380.559250,0.769400,-0.610226,1.883634,0.2180,0.4148
1787920380.566005,0.769175,-0.608984,1.884876,0.2081,0.4148
1787920380.574697,0.768441,-0.608019,1.885766,0.1852,0.4148
1787920380.579389,0.768255,-0.606780,1.887366,0.2086,0.4148
1787920380.585929,0.767342,-0.605729,1.887608,0.2049,0.4148
1787920380.592901,0.767061,-0.604508,1.888749,0.1971,0.4148
1787920380.601722,0.766500,-0.603307,1.889744,0.1827,0.4148
1787920380.605753,0.765885,-0.602474,1.890223,0.2012,0.4148
1787920380.613008,0.765557,-0.601274,1.891696,0.1922,0.3971
1787920380.620164,0.765053,-0.599928,1.892525,0.1947,0.3971
1787920380.625795,0.764851,-0.598699,1.893810,0.2018,0.3971
1787920380.632815,0.764048,-0.597714,1.894503,0.1921,0.3971
1787920380.639138,0.763810,-0.596572,1.895464,0.1894,0.3971
1787920380.645869,0.762977,-0.595225,1.896172,0.2014,0.3971
1787920380.653203,0.762735,-0.593994,1.897552,0.1918,0.3971
1787920380.659331,0.761990,-0.592944,1.897864,0.1947,0.3971
1787920380.666538,0.761938,-0.591697,1.900084,0.1861,0.3971
1787920380.676648,0.761450,-0.590822,1.900510,0.1595,0.3971
1787920380.679142,0.760748,-0.589571,1.901037,0.2814,0.3971
1787920380.686273,0.760255,-0.588583,1.902105,0.2430,0.3971
1787920380.692478,0.759815,-0.587366,1.903168,0.2326,0.3971
1787920380.702330,0.759517,-0.586090,1.904128,0.2025,0.3971
1787920380.706359,0.758861,-0.585057,1.905235,0.2305,0.3971
1787920380.712504,0.758443,-0.583864,1.906578,0.2230,0.4859
1787920380.719410,0.758210,-0.582737,1.907996,0.2057,0.4859
1787920380.725940,0.757765,-0.581597,1.909354,0.2001,0.4859
1787920380.732328,0.756803,-0.580462,1.909419,0.2054,0.4859
1787920380.739445,0.756432,-0.579258,1.910545,0.1968,0.4859
1787920380.746092,0.756284,-0.578130,1.912726,0.1880,0.4859
1787920380.753110,0.755525,-0.576960,1.913222,0.1896,0.4859
1787920380.759437,0.754969,-0.575843,1.913753,0.1915,0.4859
1787920380.766039,0.754489,-0.574727,1.914553,0.1891,0.4859
1787920380.773138,0.753912,-0.573628,1.914532,0.1844,0.4859
1787920380.821752,0.753468,-0.572350,1.915461,0.1374,0.4894
1787920380.822980,0.752815,-0.571313,1.915873,0.3886,0.4894
1787920380.824129,0.751782,-0.570376,1.915763,0.5932,0.4894
1787920380.825896,0.751774,-0.569236,1.917869,0.5977,0.4894
1787920380.826869,0.751115,-0.568214,1.918792,0.7841,0.4894
1787920380.827654,0.750525,-0.567130,1.919432,1.0148,0.4894
1787920380.829531,0.750308,-0.565897,1.920988,0.9074,0.4894
1787920380.831466,0.749592,-0.564842,1.921824,0.8270,0.4894
1787920380.833756,0.749335,-0.563809,1.923216,0.7175,0.4894
1787920380.840308,0.748899,-0.562400,1.924175,0.5697,0.4894
1787920380.845841,0.748732,-0.561323,1.926135,0.4567,0.4894
1787920380.852650,0.747810,-0.560385,1.926745,0.3726,0.4894
1787920380.859247,0.747654,-0.558979,1.929011,0.3232,0.4894
1787920380.865507,0.746918,-0.558095,1.929614,0.2783,0.4894
1787920380.873788,0.746522,-0.556896,1.931466,0.2405,0.4894
1787920380.881852,0.745775,-0.555927,1.932094,0.2119,0.4894
1787920380.885770,0.745527,-0.554833,1.933859,0.2334,0.4894
1787920380.893142,0.745035,-0.553655,1.935060,0.2153,0.4894
1787920380.899647,0.744388,-0.552495,1.936520,0.2113,0.4894
1787920380.907350,0.743701,-0.551391,1.937283,0.1976,0.4894
1787920380.912567,0.743562,-0.550302,1.938934,0.1997,0.4692
1787920380.919564,0.742880,-0.549170,1.940343,0.1956,0.4692
1787920380.926231,0.742325,-0.547982,1.941302,0.1958,0.4692
1787920380.932535,0.741853,-0.546961,1.942925,0.1905,0.4692
1787920380.939905,0.741113,-0.545826,1.943756,0.1873,0.4692
1787920380.945865,0.740616,-0.544767,1.945073,0.1899,0.4692
1787920380.952830,0.740445,-0.543511,1.947268,0.1859,0.4692
1787920380.959219,0.739399,-0.542460,1.947790,0.1941,0.4692
1787920380.966275,0.739034,-0.541166,1.949756,0.1927,0.4692
1787920380.974124,0.738659,-0.540038,1.951332,0.1803,0.4692
1787920380.979484,0.738207,-0.538994,1.952769,0.1899,0.4692
1787920380.986040,0.737180,-0.537875,1.953163,0.1979,0.4692
1787920380.992536,0.736801,-0.536662,1.955056,0.1971,0.4692
1787920380.999016,0.736207,-0.535514,1.956453,0.1975,0.4692
1787920381.009493,0.735639,-0.534410,1.958133,0.1737,0.4692
1787920381.012635,0.735234,-0.533029,1.959700,0.2582,0.4396
1787920381.019136,0.734439,-0.531914,1.960851,0.2423,0.4396
1787920381.025652,0.733951,-0.530902,1.962059,0.2213,0.4396
1787920381.033766,0.733556,-0.529394,1.963453,0.2120,0.4396
1787920381.039502,0.732862,-0.528232,1.964722,0.2185,0.4396
1787920381.046602,0.732120,-0.527459,1.965952,0.1951,0.4396
1787920381.052303,0.731942,-0.526202,1.967622,0.2012,0.4396
1787920381.059757,0.731125,-0.525055,1.968771,0.1961,0.4396
1787920381.066275,0.730460,-0.523799,1.970192,0.2025,0.4396
1787920381.073510,0.730087,-0.522774,1.971501,0.1869,0.4396
1787920381.079523,0.729970,-0.521564,1.973827,0.1887,0.4396
1787920381.130925,0.728788,-0.520520,1.973490,0.1404,0.4345
1787920381.132296,0.728089,-0.519315,1.974145,0.4009,0.4345
1787920381.133602,0.727833,-0.518414,1.976012,0.4939,0.4345
1787920381.135476,0.727450,-0.517198,1.977123,0.5488,0.4345
1787920381.137258,0.726292,-0.516308,1.977282,0.5988,0.4345
1787920381.139103,0.726051,-0.515076,1.979318,0.6185,0.4345
1787920381.140063,0.725555,-0.514087,1.980828,0.7782,0.4345
1787920381.140843,0.725250,-0.512860,1.982441,1.0244,0.4345
1787920381.141702,0.724331,-0.511954,1.982950,1.1356,0.4345
1787920381.146240,0.724052,-0.510915,1.984544,0.8652,0.4345
1787920381.152614,0.723110,-0.509943,1.984822,0.6654,0.4345
1787920381.159261,0.722869,-0.508752,1.986687,0.5193,0.4345
1787920381.165921,0.722108,-0.507924,1.987416,0.4115,0.4345
1787920381.172297,0.721892,-0.506703,1.989232,0.3447,0.4345
1787920381.179375,0.721059,-0.505639,1.990106,0.2968,0.4345
1787920381.188637,0.720759,-0.504325,1.991437,0.2506,0.4345
1787920381.193067,0.720069,-0.503387,1.992263,0.2525,0.4345
1787920381.199293,0.719214,-0.502415,1.993035,0.2364,0.4345
1787920381.206102,0.718521,-0.501360,1.993921,0.2204,0.4345
1787920381.217374,0.718309,-0.500150,1.995332,0.1859,0.4044
1787920381.219652,0.718029,-0.498873,1.997022,0.2985,0.4044
1787920381.225742,0.717106,-0.497937,1.997693,0.2698,0.4044
1787920381.233088,0.716435,-0.496924,1.998501,0.2378,0.4044
1787920381.239568,0.715881,-0.495774,1.999808,0.2256,0.4044
1787920381.246700,0.715263,-0.494838,2.000760,0.2045,0.4044
1787920381.252898,0.715088,-0.493551,2.002994,0.2033,0.4044
1787920381.258909,0.714496,-0.492420,2.003932,0.2059,0.4044
1787920381.265877,0.713533,-0.491289,2.005492,0.2058,0.4044
1787920381.272906,0.713078,-0.490236,2.006464,0.1930,0.4044
1787920381.279126,0.712811,-0.489277,2.008455,0.1825,0.4044
1787920381.286108,0.711768,-0.487897,2.008827,0.2004,0.4044
1787920381.292741,0.710944,-0.486863,2.009635,0.1985,0.4044
1787920381.299132,0.710923,-0.485760,2.011557,0.1862,0.4044
1787920381.305960,0.710169,-0.484642,2.012186,0.1889,0.4044
1787920381.312739,0.709259,-0.483327,2.012619,0.2021,0.4637
1787920381.320192,0.708430,-0.482590,2.013508,0.1825,0.4637
1787920381.326602,0.708102,-0.481339,2.015187,0.1872,0.4637
1787920381.332888,0.707293,-0.480108,2.016679,0.2007,0.4637
1787920381.339523,0.706437,-0.478802,2.017279,0.2105,0.4637
1787920381.346119,0.706131,-0.477844,2.018410,0.1926,0.4637
1787920381.352535,0.705462,-0.476699,2.019283,0.1966,0.4637
1787920381.359172,0.704742,-0.475620,2.020378,0.1957,0.4637
1787920381.366240,0.704174,-0.474531,2.021278,0.1891,0.4637
1787920381.372881,0.703420,-0.473239,2.022003,0.1997,0.4637
1787920381.379348,0.702577,-0.472335,2.022301,0.1946,0.4637
1787920381.386056,0.702093,-0.471342,2.023662,0.1856,0.4637
1787920381.419610,0.701638,-0.470135,2.024863,0.1414,0.4512
1787920381.425362,0.700855,-0.468903,2.025680,0.1747,0.4512
1787920381.426188,0.700402,-0.467791,2.026744,0.5572,0.4512
1787920381.426935,0.699726,-0.466917,2.028332,0.8250,0.4512
1787920381.427783,0.698642,-0.465712,2.028665,1.1292,0.4512
1787920381.429501,0.698638,-0.464519,2.030556,0.9775,0.4512
1787920381.433130,0.697903,-0.463418,2.031225,0.7928,0.4512
1787920381.439445,0.697127,-0.462483,2.032585,0.6111,0.4512
1787920381.446051,0.696606,-0.461413,2.033591,0.4819,0.4512
1787920381.452511,0.696057,-0.460473,2.034676,0.3878,0.4512
1787920381.459585,0.695452,-0.459156,2.035678,0.3328,0.4512
1787920381.465993,0.694815,-0.458208,2.036830,0.2861,0.4512
1787920381.472729,0.694070,-0.457220,2.037968,0.2545,0.4512
1787920381.479844,0.693750,-0.456169,2.039965,0.2237,0.4512
1787920381.486842,0.692764,-0.455079,2.040148,0.2174,0.4512
1787920381.495883,0.692492,-0.453818,2.041866,0.1936,0.4512
1787920381.499267,0.691545,-0.453185,2.042434,0.2236,0.4512
1787920381.506414,0.691199,-0.451780,2.044384,0.2156,0.4512
1787920381.512628,0.690315,-0.450723,2.044547,0.2158,0.4363
1787920381.521459,0.689729,-0.449724,2.045983,0.1904,0.4363
1787920381.525775,0.689017,-0.448934,2.047213,0.2047,0.4363
1787920381.533586,0.688506,-0.447916,2.048496,0.1871,0.4363
1787920381.540052,0.687474,-0.446951,2.048952,0.1927,0.4363
1787920381.545659,0.687197,-0.445714,2.050857,0.2005,0.4363
1787920381.553175,0.686893,-0.444738,2.052679,0.1805,0.4363
1787920381.559281,0.685757,-0.443976,2.053130,0.1854,0.4363
1787920381.565817,0.685153,-0.442974,2.054291,0.1833,0.4363
1787920381.572827,0.684322,-0.441821,2.055212,0.1886,0.4363
1787920381.579154,0.683543,-0.440894,2.055805,0.1881,0.4363
1787920381.588593,0.683346,-0.439790,2.057998,0.1656,0.4363
1787920381.592721,0.682146,-0.438795,2.058146,0.2206,0.4363
1787920381.599042,0.681449,-0.437819,2.059383,0.2109,0.4363
1787920381.605935,0.680828,-0.436761,2.060806,0.2010,0.4363
1787920381.613395,0.680215,-0.435692,2.061902,0.1902,0.4182
1787920381.619743,0.679558,-0.434606,2.063167,0.1931,0.4182
1787920381.626114,0.678732,-0.433413,2.064361,0.2030,0.4182
1787920381.633587,0.677714,-0.432710,2.064572,0.1863,0.4182
1787920381.639213,0.677394,-0.431422,2.066459,0.1990,0.4182
1787920381.646102,0.676644,-0.430819,2.067575,0.1779,0.4182
1787920381.653491,0.676280,-0.429431,2.069550,0.1811,0.4182
1787920381.659271,0.675287,-0.428491,2.070119,0.1943,0.4182
1787920381.665697,0.674613,-0.427592,2.071326,0.1879,0.4182
1787920381.672352,0.674327,-0.426387,2.073139,0.1854,0.4182
1787920381.679554,0.673598,-0.425523,2.074343,0.1759,0.4182
1787920381.686246,0.672672,-0.424510,2.074777,0.1830,0.4182
1787920381.692584,0.671700,-0.423693,2.075411,0.1842,0.4182
1787920381.743178,0.671217,-0.422555,2.077006,0.1362,0.3970
1787920381.745432,0.670889,-0.421280,2.078976,0.2647,0.3970
1787920381.747463,0.669889,-0.420401,2.079244,0.3706,0.3970
1787920381.748892,0.669133,-0.419435,2.079944,0.5140,0.3970
1787920381.749666,0.668532,-0.418387,2.081381,0.8283,0.3970
1787920381.750735,0.668208,-0.417304,2.082503,0.8892,0.3970
1787920381.752603,0.667696,-0.416366,2.083784,0.7942,0.3970
1787920381.753938,0.666763,-0.415364,2.084420,0.8549,0.3970
1787920381.754889,0.666113,-0.414317,2.085315,0.9866,0.3970
1787920381.759652,0.665948,-0.413232,2.087155,0.7552,0.3970
1787920381.766121,0.665399,-0.412309,2.088412,0.5784,0.3970
1787920381.772333,0.664635,-0.411469,2.089412,0.4584,0.3970
1787920381.779902,0.663841,-0.410375,2.089992,0.3741,0.3970
1787920381.787154,0.663799,-0.409303,2.091959,0.3012,0.3970
1787920381.793389,0.662541,-0.408493,2.091749,0.2748,0.3970
1787920381.803125,0.662368,-0.407504,2.093643,0.2214,0.3970
1787920381.806110,0.661561,-0.406457,2.094221,0.2866,0.3970
1787920381.812487,0.661008,-0.405393,2.095068,0.2570,0.4257
1787920381.819149,0.660341,-0.404510,2.095362,0.2294,0.4257
1787920381.829047,0.659660,-0.403568,2.096671,0.1956,0.4257
1787920381.832522,0.659131,-0.402626,2.097595,0.2302,0.4257
1787920381.839851,0.658135,-0.401711,2.097639,0.2140,0.4257
1787920381.846552,0.657983,-0.400573,2.099288,0.1972,0.4257
1787920381.852428,0.657251,-0.399774,2.100261,0.1922,0.4257
1787920381.859462,0.656635,-0.398779,2.100682,0.1844,0.4257
1787920381.865539,0.656043,-0.397883,2.101931,0.1820,0.4257
1787920381.873583,0.655227,-0.396937,2.102299,0.1732,0.4257
1787920381.879535,0.654529,-0.396066,2.102978,0.1769,0.4257
1787920381.888400,0.653907,-0.395108,2.103695,0.1625,0.4257
1787920381.892862,0.653443,-0.394122,2.104957,0.1867,0.4257
1787920381.899203,0.652987,-0.393247,2.106235,0.1773,0.4257
1787920381.906256,0.652229,-0.392134,2.106743,0.1813,0.4257
1787920381.913273,0.651388,-0.391295,2.107336,0.1761,0.4169
1787920381.919569,0.650643,-0.390385,2.108036,0.1787,0.4169
1787920381.925865,0.650317,-0.389451,2.109596,0.1712,0.4169
1787920381.932539,0.649524,-0.388354,2.110442,0.1805,0.4169
1787920381.938965,0.648727,-0.387501,2.111421,0.1796,0.4169
1787920381.945849,0.648047,-0.386405,2.112241,0.1820,0.4169
1787920381.953207,0.647689,-0.385579,2.113495,0.1637,0.4169
1787920381.959074,0.646970,-0.384621,2.114487,0.1755,0.4169
1787920381.966245,0.646384,-0.383521,2.115540,0.1750,0.4169
1787920381.972531,0.645476,-0.382693,2.116034,0.1787,0.4169
1787920381.979144,0.645070,-0.381533,2.117508,0.1796,0.4169
1787920381.986042,0.644307,-0.380457,2.118394,0.1830,0.4169
1787920381.992726,0.643747,-0.379569,2.119074,0.1752,0.4169
1787920381.999583,0.642924,-0.378699,2.120058,0.1739,0.4169
1787920382.034351,0.642274,-0.377657,2.121246,0.1323,0.4085
1787920382.052140,0.641806,-0.376557,2.122492,0.1126,0.4085
1787920382.053178,0.640836,-0.375824,2.122963,0.4062,0.4085
1787920382.054025,0.640491,-0.374899,2.124599,0.6274,0.4085
1787920382.055805,0.639475,-0.373800,2.125163,0.6868,0.4085
1787920382.057481,0.638930,-0.372840,2.125957,0.6781,0.4085
1787920382.059186,0.638149,-0.372039,2.127488,0.6671,0.4085
1787920382.060411,0.637536,-0.371078,2.128306,0.7461,0.4085
1787920382.061168,0.637026,-0.369992,2.129129,0.9942,0.4085
1787920382.065773,0.636369,-0.368790,2.130075,0.7850,0.4085
1787920382.072565,0.635246,-0.368219,2.130046,0.5972,0.4085
1787920382.079226,0.634610,-0.367188,2.130971,0.4726,0.4085
1787920382.085704,0.633972,-0.366420,2.132277,0.3767,0.4085
1787920382.093030,0.633282,-0.365260,2.132936,0.3189,0.4085
1787920382.100356,0.632591,-0.364309,2.133289,0.2713,0.4085
1787920382.111766,0.631698,-0.363647,2.134182,0.2172,0.3939
1787920382.112710,0.631546,-0.362546,2.136147,0.4732,0.3939
1787920382.119365,0.630853,-0.361434,2.136792,0.3903,0.3939
1787920382.126534,0.630066,-0.360560,2.137312,0.3217,0.3939
1787920382.137276,0.628916,-0.360027,2.137234,0.2550,0.3939
1787920382.140089,0.628594,-0.358920,2.138354,0.2965,0.3939
1787920382.145993,0.628086,-0.358041,2.139506,0.2591,0.3939
1787920382.152940,0.627370,-0.357172,2.140335,0.2296,0.3939
1787920382.160082,0.626541,-0.356036,2.141178,0.2197,0.3939
1787920382.166179,0.625819,-0.355240,2.141912,0.2060,0.3939
1787920382.172810,0.625329,-0.354291,2.143348,0.1922,0.3939
1787920382.179237,0.624677,-0.353561,2.144217,0.1797,0.3939
1787920382.185616,0.624031,-0.352552,2.145203,0.1822,0.3939
1787920382.192632,0.623080,-0.351517,2.145443,0.1868,0.3939
1787920382.199336,0.622724,-0.350686,2.146626,0.1706,0.3939
1787920382.205969,0.622210,-0.349716,2.147422,0.1689,0.3939
1787920382.213441,0.621471,-0.348887,2.148248,0.1623,0.3838
1787920382.219907,0.620644,-0.348077,2.148663,0.1660,0.3838
1787920382.225816,0.620096,-0.347041,2.149443,0.1755,0.3838
1787920382.232553,0.619265,-0.346249,2.149996,0.1726,0.3838
1787920382.239468,0.618870,-0.345225,2.150759,0.1674,0.3838
1787920382.245988,0.618100,-0.344333,2.151685,0.1709,0.3838
1787920382.253327,0.616961,-0.343686,2.151087,0.1673,0.3838
1787920382.259290,0.616678,-0.342588,2.152603,0.1710,0.3838
1787920382.267039,0.615970,-0.341578,2.153173,0.1675,0.3838
1787920382.272529,0.615350,-0.340572,2.154341,0.1818,0.3838
1787920382.280105,0.614432,-0.339962,2.154652,0.1674,0.3838
1787920382.286239,0.614017,-0.339133,2.155971,0.1622,0.3838
1787920382.292652,0.613169,-0.338184,2.156487,0.1725,0.3838
1787920382.299438,0.612555,-0.337105,2.157485,0.1755,0.3838
1787920382.308016,0.612076,-0.336114,2.158990,0.1610,0.3838
1787920382.316397,0.611204,-0.335198,2.159414,0.1573,0.3754
1787920382.319237,0.610637,-0.334379,2.160218,0.2153,0.3754
1787920382.326745,0.609859,-0.333529,2.160994,0.1962,0.3754
1787920382.333493,0.609140,-0.332463,2.161746,0.1945,0.3754
1787920382.343019,0.608244,-0.331651,2.161938,0.1731,0.3754
1787920382.347921,0.607673,-0.330750,2.163218,0.1865,0.3754
1787920382.353501,0.607052,-0.329815,2.164201,0.1908,0.3754
1787920382.359786,0.606033,-0.328918,2.164257,0.1963,0.3754
1787920382.365888,0.605562,-0.327944,2.165380,0.1900,0.3754
1787920382.372855,0.604897,-0.326828,2.166416,0.1889,0.3754
1787920382.379309,0.604313,-0.326109,2.167354,0.1751,0.3754
1787920382.386563,0.603727,-0.325180,2.168074,0.1680,0.3754
1787920382.392909,0.602419,-0.324212,2.167807,0.1902,0.3754
1787920382.399415,0.601736,-0.323048,2.167809,0.1952,0.3754
1787920382.407733,0.601487,-0.321961,2.169686,0.1741,0.3754
1787920382.413024,0.600509,-0.321056,2.170085,0.1955,0.3754
1787920382.420146,0.599352,-0.320178,2.169894,0.1949,0.3838
1787920382.425867,0.598723,-0.319372,2.170743,0.1899,0.3838
1787920382.432980,0.598721,-0.318035,2.172771,0.1795,0.3838
1787920382.439489,0.597432,-0.317622,2.172360,0.1749,0.3838
1787920382.447085,0.596789,-0.316613,2.173437,0.1697,0.3838
1787920382.453231,0.595951,-0.315598,2.173781,0.1828,0.3838
1787920382.459690,0.595339,-0.314586,2.174721,0.1828,0.3838
1787920382.465755,0.594761,-0.313752,2.175603,0.1781,0.3838
1787920382.472823,0.594078,-0.312908,2.176678,0.1707,0.3838
1787920382.478998,0.593262,-0.311943,2.176973,0.1806,0.3838
1787920382.486425,0.592558,-0.310822,2.178344,0.1798,0.3838
1787920382.492384,0.591924,-0.309744,2.179114,0.1887,0.3838
1787920382.499196,0.590721,-0.309177,2.178632,0.1828,0.3838
1787920382.505794,0.590225,-0.308231,2.180256,0.1761,0.3838
1787920382.512982,0.589486,-0.307192,2.180715,0.1765,0.3730
1787920382.520737,0.588727,-0.306124,2.181579,0.1742,0.3730
1787920382.526373,0.587867,-0.305249,2.181989,0.1864,0.3730
1787920382.533206,0.587179,-0.304374,2.183783,0.1793,0.3730
1787920382.540060,0.586650,-0.303462,2.184477,0.1714,0.3730
1787920382.547210,0.585865,-0.302588,2.185284,0.1690,0.3730
1787920382.552259,0.584874,-0.301737,2.185523,0.1936,0.3730
1787920382.560098,0.584404,-0.300628,2.187242,0.1805,0.3730
1787920382.565836,0.583393,-0.299989,2.187187,0.1842,0.3730
1787920382.573194,0.582737,-0.299011,2.188408,0.1769,0.3730
1787920382.579627,0.581819,-0.298239,2.188778,0.1780,0.3730
1787920382.585678,0.581096,-0.297070,2.189705,0.1926,0.3730
1787920382.592970,0.580205,-0.296343,2.190081,0.1804,0.3730
1787920382.599270,0.580062,-0.295078,2.191760,0.1793,0.3730
1787920382.606083,0.579192,-0.294322,2.192762,0.1749,0.3730
1787920382.613073,0.578412,-0.293714,2.193126,0.1631,0.3578
1787920382.622290,0.577452,-0.292849,2.193657,0.1553,0.3578
1787920382.666684,0.576845,-0.291486,2.195141,0.1186,0.3578
1787920382.668718,0.576300,-0.290659,2.196065,0.2291,0.3578
1787920382.670289,0.575537,-0.289739,2.197073,0.3880,0.3578
1787920382.671793,0.574664,-0.288754,2.197550,0.5329,0.3578
1787920382.673346,0.573595,-0.288011,2.197568,0.6103,0.3578
1787920382.674232,0.573100,-0.286853,2.199014,0.8431,0.3578
1787920382.675157,0.571979,-0.286049,2.199353,1.0147,0.3578
1787920382.676710,0.571438,-0.285167,2.200280,0.9094,0.3578
1787920382.679464,0.570351,-0.284262,2.200682,0.7861,0.3578
1787920382.686254,0.569897,-0.283189,2.201531,0.6003,0.3578
1787920382.692821,0.569060,-0.282153,2.202334,0.4810,0.3578
1787920382.699647,0.568139,-0.281315,2.202695,0.3903,0.3578
1787920382.706163,0.567281,-0.280480,2.203268,0.3276,0.3578
1787920382.712768,0.566809,-0.279306,2.204768,0.2850,0.3451
1787920382.719193,0.565723,-0.278404,2.204861,0.2634,0.3451
1787920382.726449,0.565353,-0.277455,2.205983,0.2251,0.3451
1787920382.733885,0.564417,-0.276450,2.206593,0.2126,0.3451
1787920382.739821,0.563701,-0.275503,2.207337,0.2088,0.3451
1787920382.745730,0.562455,-0.274727,2.206863,0.2154,0.3451
1787920382.753424,0.561908,-0.273670,2.208419,0.1966,0.3451
1787920382.760709,0.561503,-0.272654,2.209738,0.1812,0.3451
1787920382.765635,0.560361,-0.271843,2.209789,0.2080,0.3451
1787920382.772568,0.559626,-0.270840,2.210748,0.1994,0.3451
1787920382.779570,0.558841,-0.269960,2.211439,0.1899,0.3451
1787920382.785959,0.558271,-0.269034,2.212393,0.1838,0.3451
1787920382.792902,0.557601,-0.268072,2.213382,0.1792,0.3451
1787920382.798999,0.556789,-0.267154,2.214347,0.1856,0.3451
1787920382.806078,0.555723,-0.266308,2.214438,0.1857,0.3451
1787920382.812913,0.555018,-0.265587,2.215035,0.1739,0.3384
1787920382.819258,0.554264,-0.264768,2.215960,0.1741,0.3384
1787920382.827111,0.553650,-0.263757,2.216612,0.1668,0.3384
1787920382.833454,0.552676,-0.262666,2.217493,0.1857,0.3384
1787920382.839608,0.551862,-0.261872,2.217730,0.1848,0.3384
1787920382.846717,0.551145,-0.260844,2.218958,0.1822,0.3384
1787920382.853238,0.550535,-0.260057,2.219590,0.1734,0.3384
1787920382.859147,0.549656,-0.259236,2.219976,0.1816,0.3384
1787920382.867772,0.548687,-0.258410,2.220251,0.1703,0.3384
1787920382.872601,0.547944,-0.257224,2.220894,0.2058,0.3384
1787920382.881985,0.547443,-0.256325,2.222237,0.1766,0.3384
1787920382.886863,0.546468,-0.255455,2.222809,0.2025,0.3384
1787920382.893509,0.545626,-0.254639,2.223140,0.1941,0.3384
1787920382.899602,0.544724,-0.253713,2.223885,0.1991,0.3384
1787920382.906519,0.544053,-0.252785,2.224906,0.1890,0.3384
1787920382.913688,0.543331,-0.251639,2.225948,0.1887,0.3294
1787920382.919411,0.542405,-0.250808,2.226074,0.1963,0.3294
1787920382.929589,0.542123,-0.249920,2.227782,0.1632,0.3294
1787920382.933781,0.541172,-0.248934,2.228072,0.2116,0.3294
1787920382.939310,0.539869,-0.248273,2.227627,0.2197,0.3294
1787920382.946199,0.539369,-0.247298,2.228987,0.2007,0.3294
1787920382.955342,0.539036,-0.246037,2.230764,0.1799,0.3294
1787920382.959181,0.538125,-0.245251,2.230724,0.2181,0.3294
1787920382.965983,0.537312,-0.244116,2.231668,0.2142,0.3294
1787920382.972977,0.535848,-0.243605,2.231305,0.2058,0.3294
1787920382.979482,0.535575,-0.242455,2.232994,0.1936,0.3294
1787920382.986151,0.534836,-0.241506,2.233679,0.1897,0.3294
1787920382.992535,0.533928,-0.240539,2.234252,0.1948,0.3294
1787920382.999340,0.532915,-0.239645,2.234220,0.1949,0.3294
1787920383.005925,0.532240,-0.238726,2.235489,0.1884,0.3294
1787920383.012519,0.531506,-0.237855,2.236292,0.1836,0.3145
1787920383.019563,0.530806,-0.236737,2.237038,0.1844,0.3145
1787920383.026093,0.529751,-0.236008,2.237454,0.1854,0.3145
1787920383.032808,0.528615,-0.235235,2.237121,0.1883,0.3145
1787920383.039809,0.528270,-0.233947,2.238796,0.1843,0.3145
1787920383.046117,0.527169,-0.233139,2.238927,0.1916,0.3145
1787920383.052251,0.526243,-0.232343,2.239628,0.1928,0.3145
1787920383.063729,0.525231,-0.231324,2.239430,0.1722,0.3145
1787920383.065969,0.524984,-0.230167,2.241479,0.2625,0.3145
1787920383.073644,0.524116,-0.229233,2.242597,0.2334,0.3145
1787920383.079687,0.523270,-0.228195,2.243114,0.2299,0.3145
1787920383.086212,0.522180,-0.227527,2.243379,0.2162,0.3145
1787920383.092291,0.521592,-0.226462,2.244403,0.2105,0.3145
1787920383.100422,0.520789,-0.225654,2.244895,0.1891,0.3145
1787920383.105527,0.519867,-0.224508,2.245106,0.2189,0.3145
1787920383.112730,0.519040,-0.223662,2.245808,0.2022,0.3067
1787920383.119183,0.518005,-0.222825,2.246483,0.2020,0.3067
1787920383.125887,0.517137,-0.221937,2.247128,0.1967,0.3067
1787920383.134722,0.516102,-0.221047,2.246722,0.1833,0.3067
1787920383.140220,0.515408,-0.219799,2.248039,0.2051,0.3067
1787920383.145437,0.514535,-0.219142,2.248781,0.2045,0.3067
1787920383.152792,0.513862,-0.218057,2.249367,0.1948,0.3067
1787920383.159857,0.512668,-0.217045,2.249512,0.2016,0.3067
1787920383.166132,0.512031,-0.216262,2.250253,0.1894,0.3067
1787920383.172752,0.511196,-0.215206,2.251072,0.1936,0.3067
1787920383.179303,0.510450,-0.214112,2.252304,0.1960,0.3067
1787920383.185858,0.509541,-0.213325,2.252720,0.1913,0.3067
1787920383.192205,0.508484,-0.212302,2.252855,0.2030,0.3067
1787920383.199386,0.507798,-0.211390,2.253435,0.1897,0.3067
1787920383.206300,0.507119,-0.210297,2.254650,0.1882,0.3067
1787920383.212490,0.505876,-0.209549,2.254842,0.1979,0.2979
1787920383.219510,0.504777,-0.208436,2.254841,0.2051,0.2979
1787920383.226673,0.504248,-0.207739,2.256176,0.1802,0.2979
1787920383.232712,0.503500,-0.206638,2.257155,0.1919,0.2979
1787920383.239579,0.502478,-0.205921,2.256955,0.1869,0.2979
1787920383.246947,0.501625,-0.204670,2.258540,0.1922,0.2979
1787920383.252481,0.500822,-0.203562,2.258432,0.2086,0.2979
1787920383.262246,0.499922,-0.202688,2.259308,0.1843,0.2979
1787920383.265707,0.498999,-0.201968,2.259670,0.2281,0.2979
1787920383.273138,0.498341,-0.200768,2.260748,0.2139,0.2979
1787920383.279578,0.497370,-0.199882,2.260833,0.2104,0.2979
1787920383.286097,0.496118,-0.199042,2.261356,0.2137,0.2979
1787920383.293017,0.495448,-0.197874,2.262277,0.2072,0.2979
1787920383.299725,0.494498,-0.196911,2.262941,0.2053,0.2979
1787920383.305800,0.493701,-0.195902,2.264129,0.2072,0.2979
1787920383.312726,0.492571,-0.194983,2.264171,0.2069,0.2881
1787920383.318834,0.491662,-0.194101,2.264936,0.2067,0.2881
1787920383.327091,0.491044,-0.192964,2.265764,0.1908,0.2881
1787920383.334328,0.490231,-0.191848,2.266620,0.1907,0.2881
1787920383.340901,0.488968,-0.190881,2.266458,0.2043,0.2881
1787920383.354939,0.487972,-0.190076,2.266832,0.1699,0.2881
1787920383.355938,0.487239,-0.189144,2.267578,0.4748,0.2881
1787920383.359785,0.486264,-0.187991,2.268230,0.4501,0.2881
1787920383.366211,0.485368,-0.187238,2.268443,0.3689,0.2881
1787920383.372957,0.483966,-0.186562,2.268379,0.3213,0.2881
1787920383.379406,0.483165,-0.185376,2.269285,0.2911,0.2881
1787920383.386039,0.482276,-0.184485,2.270130,0.2605,0.2881
1787920383.393195,0.481453,-0.183522,2.270574,0.2355,0.2881
1787920383.399522,0.480455,-0.182634,2.270699,0.2275,0.2881
1787920383.405750,0.479455,-0.181601,2.271396,0.2284,0.2881
1787920383.412741,0.478500,-0.180878,2.271796,0.2100,0.2739
1787920383.419775,0.477976,-0.179636,2.272513,0.2019,0.2739
1787920383.426153,0.476645,-0.178883,2.272251,0.2088,0.2739
1787920383.436158,0.476033,-0.177979,2.273773,0.1787,0.2739
1787920383.441571,0.474795,-0.177254,2.273252,0.2001,0.2739
1787920383.447273,0.473752,-0.176210,2.273928,0.2174,0.2739
1787920383.453569,0.472872,-0.175215,2.274177,0.2155,0.2739
1787920383.459325,0.472041,-0.174360,2.275219,0.2128,0.2739
1787920383.468983,0.470985,-0.173582,2.275216,0.1886,0.2739
1787920383.472992,0.470107,-0.172391,2.275839,0.2425,0.2739
1787920383.479416,0.469215,-0.171453,2.276412,0.2301,0.2739
1787920383.486382,0.468544,-0.170545,2.277207,0.2096,0.2739
1787920383.492552,0.467587,-0.169741,2.277613,0.2067,0.2739
1787920383.499305,0.466813,-0.168436,2.278202,0.2111,0.2739
1787920383.505553,0.465695,-0.167815,2.278810,0.2053,0.2739
1787920383.513174,0.464978,-0.166700,2.279823,0.1954,0.2607
1787920383.519980,0.464174,-0.165893,2.280422,0.1869,0.2607
1787920383.526008,0.463287,-0.164597,2.281520,0.2085,0.2607
1787920383.533882,0.462017,-0.163888,2.281490,0.1980,0.2607
1787920383.544163,0.461245,-0.162873,2.281990,0.1757,0.2607
1787920383.547519,0.460597,-0.161813,2.283050,0.2326,0.2607
1787920383.553976,0.459536,-0.160950,2.283165,0.2254,0.2607
1787920383.559055,0.458474,-0.160133,2.283407,0.2353,0.2607
1787920383.569929,0.457552,-0.159378,2.283677,0.1971,0.2607
1787920383.572571,0.457030,-0.157965,2.285169,0.2979,0.2607
1787920383.582412,0.456195,-0.156903,2.285585,0.2497,0.2607
1787920383.586615,0.455305,-0.155999,2.286424,0.2651,0.2607
1787920383.594447,0.454088,-0.155329,2.286047,0.2356,0.2607
1787920383.599862,0.453356,-0.154069,2.286964,0.2442,0.2607
1787920383.606877,0.452700,-0.153274,2.287912,0.2150,0.2607
1787920383.613374,0.451877,-0.152135,2.288836,0.2151,0.2513
1787920383.619575,0.450860,-0.151189,2.288633,0.2174,0.2513
1787920383.627847,0.449811,-0.150325,2.289182,0.2008,0.2513
1787920383.633427,0.449048,-0.149457,2.289627,0.2027,0.2513
1787920383.639690,0.448080,-0.148363,2.289980,0.2118,0.2513
1787920383.647252,0.447365,-0.147234,2.290326,0.2007,0.2513
1787920383.652429,0.446193,-0.146369,2.290312,0.2229,0.2513
1787920383.659748,0.445227,-0.145403,2.290827,0.2119,0.2513
1787920383.665929,0.444387,-0.144428,2.291133,0.2108,0.2513
1787920383.675275,0.443500,-0.143584,2.291017,0.1867,0.2513
1787920383.679394,0.442719,-0.142743,2.291842,0.2142,0.2513
1787920383.685649,0.441820,-0.141968,2.292412,0.2064,0.2513
1787920383.692899,0.440689,-0.141080,2.291933,0.2030,0.2513
1787920383.699224,0.439793,-0.140176,2.292294,0.2023,0.2513
1787920383.705837,0.438943,-0.139308,2.293409,0.1967,0.2513
1787920383.712996,0.437859,-0.138519,2.293011,0.1925,0.2487
1787920383.718837,0.436819,-0.137584,2.293014,0.2061,0.2487
1787920383.726216,0.436144,-0.136198,2.293982,0.2047,0.2487
1787920383.732973,0.435319,-0.135425,2.294603,0.1932,0.2487
1787920383.739702,0.434171,-0.134615,2.294311,0.1962,0.2487
1787920383.748820,0.432935,-0.133779,2.294275,0.1849,0.2487
1787920383.752766,0.432152,-0.132615,2.294815,0.2352,0.2487
1787920383.759785,0.431396,-0.131512,2.295929,0.2213,0.2487
1787920383.766032,0.430250,-0.130671,2.295544,0.2217,0.2487
1787920383.774333,0.429625,-0.129871,2.296517,0.1918,0.2487
1787920383.779982,0.428049,-0.129087,2.295793,0.2209,0.2487
1787920383.787266,0.427592,-0.127905,2.296894,0.2035,0.2487
1787920383.792605,0.426577,-0.126810,2.297139,0.2263,0.2487
1787920383.799211,0.425942,-0.125954,2.298062,0.2067,0.2487
1787920383.806220,0.424625,-0.125110,2.297421,0.2091,0.2487
1787920383.812679,0.423740,-0.124014,2.297930,0.2117,0.2476
1787920383.819474,0.422780,-0.123159,2.297528,0.2046,0.2476
1787920383.825897,0.422013,-0.121946,2.298722,0.2093,0.2476
1787920383.832954,0.420987,-0.121311,2.298797,0.1957,0.2476
1787920383.838943,0.419949,-0.120155,2.299136,0.2148,0.2476
1787920383.846044,0.418762,-0.119455,2.299312,0.2058,0.2476
1787920383.864232,0.418067,-0.118350,2.300156,0.1653,0.2476
1787920383.865164,0.416931,-0.117649,2.300200,0.5278,0.2476
1787920383.866057,0.416061,-0.116810,2.300830,0.7742,0.2476
1787920383.872528,0.415231,-0.115610,2.301095,0.6091,0.2476
1787920383.879349,0.414115,-0.114833,2.301085,0.4846,0.2476
1787920383.887063,0.413375,-0.113807,2.301977,0.3881,0.2476
1787920383.892425,0.412770,-0.112950,2.302780,0.3300,0.2476
1787920383.899357,0.411583,-0.111972,2.302686,0.2968,0.2476
1787920383.905740,0.410485,-0.111031,2.302748,0.2751,0.2476
1787920383.913425,0.409695,-0.110046,2.303383,0.2418,0.2443
1787920383.919364,0.409005,-0.109126,2.304661,0.2271,0.2443
1787920383.925820,0.407479,-0.108427,2.304038,0.2306,0.2443
1787920383.932337,0.406657,-0.107448,2.304211,0.2202,0.2443
1787920383.939491,0.405818,-0.106382,2.304913,0.2109,0.2443
1787920383.945551,0.405073,-0.105302,2.305777,0.2120,0.2443
1787920383.953554,0.403863,-0.104716,2.305648,0.1951,0.2443
1787920383.959696,0.402843,-0.103617,2.305881,0.2098,0.2443
1787920383.965736,0.402003,-0.102367,2.306534,0.2209,0.2443
1787920383.972596,0.401337,-0.101339,2.307239,0.2075,0.2443
1787920383.980393,0.400398,-0.100507,2.307381,0.1932,0.2443
1787920383.986320,0.399076,-0.099708,2.306900,0.2102,0.2443
1787920383.992670,0.398132,-0.098822,2.307266,0.2081,0.2443
1787920383.999839,0.397370,-0.097696,2.307481,0.2020,0.2443
1787920384.006181,0.396420,-0.096688,2.307860,0.2069,0.2443
1787920384.012587,0.395463,-0.095804,2.308036,0.2056,0.2256
1787920384.019491,0.394524,-0.094974,2.307884,0.1981,0.2256
1787920384.025846,0.393350,-0.094070,2.308315,0.2075,0.2256
1787920384.033174,0.392903,-0.092770,2.309412,0.1969,0.2256
1787920384.040376,0.391892,-0.091929,2.309620,0.1921,0.2256
1787920384.045945,0.390810,-0.090818,2.309227,0.2180,0.2256
1787920384.056175,0.390052,-0.089831,2.309969,0.1890,0.2256
1787920384.059391,0.388982,-0.088857,2.309870,0.2666,0.2256
1787920384.065928,0.388065,-0.087743,2.310058,0.2527,0.2256
1787920384.073119,0.386808,-0.087086,2.310359,0.2325,0.2256
1787920384.082148,0.386178,-0.085817,2.311194,0.2080,0.2256
1787920384.086085,0.385465,-0.084927,2.311850,0.2324,0.2256
1787920384.093159,0.384095,-0.083999,2.311226,0.2309,0.2256
1787920384.099184,0.383237,-0.082945,2.312336,0.2292,0.2256
1787920384.106676,0.382258,-0.082349,2.311752,0.2045,0.2256
1787920384.112585,0.381387,-0.081295,2.312207,0.2125,0.2258
1787920384.119851,0.380418,-0.080228,2.312648,0.2082,0.2258
1787920384.125896,0.379351,-0.079425,2.312169,0.2109,0.2258
1787920384.132125,0.378460,-0.078349,2.312786,0.2148,0.2258
1787920384.141107,0.377311,-0.077612,2.312607,0.1945,0.2258
1787920384.145874,0.376677,-0.076666,2.313663,0.2070,0.2258
1787920384.153084,0.375468,-0.075537,2.313017,0.2135,0.2258
1787920384.184293,0.374589,-0.074741,2.313664,0.1608,0.2258
1787920384.197556,0.374011,-0.073708,2.316407,0.1386,0.2258
1787920384.198658,0.372778,-0.073007,2.315479,0.4650,0.2258
1787920384.199456,0.371593,-0.072118,2.315737,0.8730,0.2258
1787920384.201175,0.370871,-0.070669,2.316574,0.8824,0.2258
1787920384.202981,0.370246,-0.069828,2.317096,0.7907,0.2258
1787920384.204895,0.368642,-0.069267,2.315849,0.7886,0.2258
1787920384.206689,0.367706,-0.068223,2.316148,0.7865,0.2258
1787920384.212953,0.366775,-0.067094,2.315786,0.6205,0.2205
1787920384.218865,0.366085,-0.065987,2.316404,0.4994,0.2205
1787920384.226464,0.365015,-0.065264,2.318101,0.3992,0.2205
1787920384.232924,0.363921,-0.064309,2.317546,0.3465,0.2205
1787920384.239206,0.362820,-0.063414,2.317526,0.3097,0.2205
1787920384.246169,0.362007,-0.062223,2.317970,0.2782,0.2205
1787920384.252275,0.360735,-0.061454,2.316860,0.2649,0.2205
1787920384.260743,0.359913,-0.060487,2.317078,0.2304,0.2205
1787920384.265938,0.358708,-0.059693,2.316606,0.2422,0.2205
1787920384.272804,0.357949,-0.058233,2.318603,0.2388,0.2205
1787920384.279890,0.356949,-0.057246,2.317827,0.2266,0.2205
1787920384.286885,0.355847,-0.056384,2.318479,0.2179,0.2205
1787920384.293046,0.355126,-0.055321,2.318618,0.2143,0.2205
1787920384.299658,0.354178,-0.054165,2.319152,0.2177,0.2205
1787920384.306020,0.353150,-0.053221,2.319549,0.2180,0.2205
1787920384.312605,0.352029,-0.052338,2.319634,0.2168,0.2246
1787920384.319107,0.351209,-0.051125,2.319888,0.2186,0.2246
1787920384.326535,0.350201,-0.050197,2.320361,0.2082,0.2246
1787920384.332617,0.349356,-0.049271,2.321108,0.2075,0.2246
1787920384.339482,0.347788,-0.048439,2.320144,0.2186,0.2246
1787920384.345973,0.347138,-0.047169,2.320993,0.2164,0.2246
1787920384.353607,0.346003,-0.046610,2.320765,0.1980,0.2246
1787920384.363863,0.345119,-0.045222,2.321739,0.1859,0.2246
1787920384.366348,0.343974,-0.044265,2.321296,0.3089,0.2246
1787920384.372690,0.342852,-0.043261,2.321059,0.2872,0.2246
1787920384.379554,0.341642,-0.042358,2.320708,0.2660,0.2246
1787920384.388696,0.340805,-0.041360,2.321202,0.2288,0.2246
1787920384.392658,0.340234,-0.040009,2.322872,0.2645,0.2246
1787920384.399041,0.338971,-0.039207,2.322271,0.2532,0.2246
1787920384.407271,0.337977,-0.038366,2.323297,0.2244,0.2246
1787920384.412606,0.336877,-0.037352,2.323576,0.2410,0.2054
1787920384.419475,0.336422,-0.036266,2.324610,0.2168,0.2054
1787920384.425680,0.335111,-0.035173,2.323938,0.2337,0.2054
1787920384.432635,0.334329,-0.034373,2.324410,0.2118,0.2054
1787920384.440458,0.333102,-0.033517,2.324234,0.2044,0.2054
1787920384.446489,0.332189,-0.032677,2.324103,0.2046,0.2054
1787920384.456302,0.331162,-0.031331,2.324211,0.1948,0.2054
1787920384.459198,0.329829,-0.030721,2.323342,0.2768,0.2054
1787920384.466122,0.328899,-0.029977,2.323049,0.2448,0.2054
1787920384.472222,0.328334,-0.028789,2.325259,0.2330,0.2054
1787920384.479455,0.327295,-0.027400,2.325281,0.2346,0.2054
1787920384.486735,0.326208,-0.026596,2.325796,0.2190,0.2054
1787920384.492944,0.325256,-0.025722,2.326064,0.2156,0.2054
1787920384.499236,0.324495,-0.024742,2.327062,0.2098,0.2054
1787920384.506337,0.323505,-0.023735,2.327306,0.2065,0.2054
1787920384.512850,0.322213,-0.022846,2.327019,0.2152,0.2036
1787920384.519368,0.321492,-0.021662,2.327997,0.2130,0.2036
1787920384.527297,0.320606,-0.020691,2.328057,0.1989,0.2036
1787920384.532783,0.319766,-0.019748,2.328497,0.2082,0.2036
1787920384.539728,0.318274,-0.018999,2.327295,0.2135,0.2036
1787920384.545999,0.317363,-0.018007,2.328320,0.2139,0.2036
1787920384.552645,0.316364,-0.016919,2.328445,0.2164,0.2036
1787920384.559087,0.315243,-0.016181,2.328128,0.2123,0.2036
1787920384.568063,0.314166,-0.015049,2.328077,0.2008,0.2036
1787920384.573608,0.313271,-0.014048,2.328889,0.2132,0.2036
1787920384.579506,0.312371,-0.013111,2.329414,0.2153,0.2036
1787920384.585928,0.311173,-0.012258,2.328712,0.2181,0.2036
1787920384.593444,0.310816,-0.010680,2.331294,0.2082,0.2036
1787920384.599802,0.309679,-0.009922,2.330429,0.2086,0.2036
1787920384.606226,0.308513,-0.009159,2.330870,0.2093,0.2036
1787920384.612927,0.307351,-0.008098,2.331432,0.2168,0.1998
1787920384.619973,0.306443,-0.007108,2.331089,0.2090,0.1998
1787920384.625855,0.305416,-0.006065,2.331621,0.2209,0.1998
1787920384.632831,0.304069,-0.005389,2.331095,0.2156,0.1998
1787920384.639005,0.303257,-0.004216,2.331625,0.2194,0.1998
1787920384.646267,0.302045,-0.003228,2.331289,0.2177,0.1998
1787920384.652572,0.300753,-0.002453,2.331330,0.2215,0.1998
1787920384.663038,0.300130,-0.001249,2.332432,0.1923,0.1998
1787920384.665729,0.299136,-0.000166,2.332259,0.2985,0.1998
1787920384.672504,0.297952,0.000730,2.332026,0.2738,0.1998
1787920384.679545,0.297062,0.001821,2.332986,0.2515,0.1998
1787920384.687035,0.296118,0.002731,2.332909,0.2285,0.1998
1787920384.695985,0.295186,0.003936,2.333435,0.2108,0.1998
1787920384.699191,0.293936,0.004647,2.333230,0.2764,0.1998
1787920384.706724,0.293111,0.005639,2.333638,0.2448,0.1998
1787920384.712620,0.292131,0.006656,2.334718,0.2432,0.2032
1787920384.719394,0.290700,0.007792,2.334209,0.2504,0.2032
1787920384.726761,0.289753,0.008633,2.333991,0.2267,0.2032
1787920384.734453,0.288963,0.009869,2.334919,0.2148,0.2032
1787920384.739664,0.287819,0.010537,2.334534,0.2237,0.2032
1787920384.745517,0.286559,0.011465,2.334188,0.2356,0.2032
1787920384.753210,0.285473,0.012743,2.334563,0.2302,0.2032
1787920384.759573,0.284455,0.013622,2.334391,0.2243,0.2032
1787920384.767081,0.283556,0.014651,2.334528,0.2115,0.2032
1787920384.775550,0.282717,0.015884,2.335491,0.2002,0.2032
1787920384.817312,0.281421,0.016738,2.334925,0.1510,0.2001
1787920384.819743,0.280420,0.017668,2.335958,0.2740,0.2001
1787920384.820977,0.279620,0.018766,2.336691,0.5191,0.2001
1787920384.821960,0.278818,0.019857,2.337964,0.7727,0.2001
1787920384.823749,0.277489,0.020871,2.337273,0.8181,0.2001
1787920384.825459,0.276442,0.021676,2.337959,0.8018,0.2001
1787920384.826728,0.275437,0.022716,2.338163,0.9029,0.2001
1787920384.827510,0.274387,0.023583,2.338340,1.1518,0.2001
1787920384.832313,0.273263,0.024723,2.338281,0.9062,0.2001
1787920384.840694,0.272754,0.025958,2.339741,0.6788,0.2001
1787920384.846857,0.271152,0.026732,2.338312,0.5564,0.2001
1787920384.852821,0.270299,0.027692,2.338874,0.4540,0.2001
1787920384.859905,0.269243,0.028893,2.339572,0.3855,0.2001
1787920384.866343,0.268106,0.029788,2.339441,0.3367,0.2001
1787920384.875627,0.267200,0.030891,2.340150,0.2816,0.2001
1787920384.879443,0.266055,0.031835,2.340682,0.3131,0.2001
1787920384.886068,0.264731,0.032907,2.340592,0.2957,0.2001
1787920384.893060,0.263688,0.033781,2.340686,0.2651,0.2001
1787920384.901451,0.262814,0.035152,2.341295,0.2425,0.2001
1787920384.906899,0.261794,0.035983,2.341516,0.2417,0.2001
1787920384.912762,0.260647,0.037090,2.341491,0.2507,0.1804
1787920384.919797,0.259299,0.038184,2.341014,0.2490,0.1804
1787920384.925938,0.258257,0.039214,2.342066,0.2459,0.1804
1787920384.933015,0.257119,0.040134,2.341413,0.2337,0.1804
1787920384.939357,0.256173,0.041200,2.341992,0.2309,0.1804
1787920384.946022,0.255105,0.042525,2.342511,0.2379,0.1804
1787920384.952845,0.254020,0.043370,2.342576,0.2264,0.1804
1787920384.959227,0.252774,0.044428,2.342535,0.2350,0.1804
1787920384.967620,0.251379,0.045361,2.342121,0.2232,0.1804
1787920384.972577,0.250634,0.046555,2.342879,0.2394,0.1804
1787920384.980045,0.249790,0.047935,2.344681,0.2310,0.1804
1787920384.985888,0.248547,0.048856,2.344617,0.2401,0.1804
1787920384.992638,0.246746,0.049605,2.343607,0.2478,0.1804
1787920384.999138,0.245965,0.050724,2.344330,0.2356,0.1804
1787920385.006378,0.244828,0.051831,2.344582,0.2306,0.1804
1787920385.012776,0.244004,0.052933,2.345365,0.2254,0.1766
1787920385.019352,0.242404,0.053827,2.344729,0.2380,0.1766
1787920385.026100,0.241405,0.054954,2.345071,0.2334,0.1766
1787920385.032865,0.240675,0.055997,2.346054,0.2191,0.1766
1787920385.039377,0.239357,0.057109,2.346092,0.2324,0.1766
1787920385.045920,0.238128,0.058179,2.345548,0.2372,0.1766
1787920385.052829,0.236932,0.058952,2.345773,0.2263,0.1766
1787920385.060173,0.235865,0.060005,2.345782,0.2197,0.1766
1787920385.065706,0.234821,0.060986,2.346176,0.2314,0.1766
1787920385.073523,0.233813,0.062244,2.346635,0.2235,0.1766
1787920385.124396,0.232462,0.063237,2.346572,0.1662,0.1751
1787920385.125684,0.231274,0.064056,2.346709,0.4461,0.1751
1787920385.127081,0.230078,0.065136,2.346593,0.6576,0.1751
1787920385.128983,0.229305,0.066268,2.347212,0.6731,0.1751
1787920385.130876,0.228106,0.067394,2.346967,0.7316,0.1751
1787920385.132603,0.226717,0.068250,2.347368,0.7873,0.1751
1787920385.133428,0.225974,0.069460,2.348204,1.0546,0.1751
1787920385.134204,0.224946,0.070545,2.348796,1.3155,0.1751
1787920385.135903,0.223857,0.071482,2.349155,1.1737,0.1751
1787920385.139747,0.222516,0.072427,2.348900,0.9476,0.1751
1787920385.145753,0.221559,0.073630,2.349918,0.7397,0.1751
1787920385.153254,0.220467,0.074779,2.350329,0.5811,0.1751
1787920385.159403,0.219585,0.075776,2.350522,0.4717,0.1751
1787920385.165839,0.218379,0.076913,2.350925,0.4073,0.1751
1787920385.172745,0.217190,0.077883,2.351067,0.3514,0.1751
1787920385.182380,0.216159,0.079114,2.351693,0.2958,0.1751
1787920385.186373,0.215103,0.080286,2.351489,0.3255,0.1751
1787920385.193038,0.213902,0.080995,2.351887,0.2886,0.1751
1787920385.199206,0.213081,0.082553,2.352621,0.2839,0.1751
1787920385.208569,0.211722,0.083460,2.351935,0.2500,0.1751
1787920385.212502,0.210878,0.084727,2.353004,0.2889,0.1753
1787920385.219606,0.209726,0.085798,2.352785,0.2686,0.1753
1787920385.226109,0.208585,0.086802,2.353048,0.2580,0.1753
1787920385.232870,0.207720,0.088217,2.353368,0.2522,0.1753
1787920385.239204,0.206818,0.089336,2.354120,0.2442,0.1753
1787920385.245772,0.205783,0.090147,2.354028,0.2306,0.1753
1787920385.252730,0.204395,0.091316,2.354060,0.2393,0.1753
1787920385.259388,0.203347,0.092423,2.353447,0.2362,0.1753
1787920385.265948,0.202453,0.093600,2.354243,0.2323,0.1753
1787920385.272596,0.201122,0.094355,2.353611,0.2291,0.1753
1787920385.285735,0.199936,0.095637,2.353550,0.2003,0.1753
1787920385.286772,0.199003,0.096896,2.354166,0.5885,0.1753
1787920385.292358,0.198016,0.098234,2.354266,0.5003,0.1753
1787920385.299457,0.196132,0.098322,2.352089,0.4089,0.1753
1787920385.305650,0.195152,0.099410,2.352800,0.3571,0.1753
1787920385.313342,0.193593,0.100236,2.351547,0.3156,0.1805
1787920385.319257,0.192733,0.101642,2.351865,0.3023,0.1805
1787920385.326348,0.191496,0.102529,2.351976,0.2751,0.1805
1787920385.332510,0.190202,0.103276,2.351045,0.2627,0.1805
1787920385.339688,0.189217,0.104525,2.351912,0.2500,0.1805
1787920385.346025,0.188219,0.105757,2.351335,0.2497,0.1805
1787920385.352672,0.186934,0.106457,2.351020,0.2380,0.1805
1787920385.359159,0.186055,0.107875,2.352062,0.2418,0.1805
1787920385.366976,0.184700,0.108449,2.351429,0.2215,0.1805
1787920385.372705,0.183566,0.109868,2.351016,0.2496,0.1805
1787920385.379409,0.182795,0.111030,2.352170,0.2360,0.1805
1787920385.424505,0.181374,0.111789,2.351533,0.1754,0.1623
1787920385.425862,0.180148,0.112590,2.351158,0.4394,0.1623
1787920385.428061,0.179054,0.113824,2.351863,0.5321,0.1623
1787920385.430042,0.178017,0.114717,2.351407,0.5792,0.1623
1787920385.431993,0.177090,0.116060,2.352126,0.6523,0.1623
1787920385.433412,0.175619,0.116732,2.351241,0.7765,0.1623
1787920385.434240,0.174415,0.117916,2.351450,1.1552,0.1623
1787920385.435441,0.173439,0.118846,2.351539,1.1453,0.1623
1787920385.439968,0.172339,0.119865,2.351831,0.9010,0.1623
1787920385.446348,0.171070,0.120913,2.350954,0.7077,0.1623
1787920385.452540,0.169878,0.121906,2.351433,0.5702,0.1623
1787920385.459548,0.168767,0.122951,2.351125,0.4644,0.1623
1787920385.465796,0.167714,0.124201,2.351294,0.4033,0.1623
1787920385.473265,0.166385,0.124858,2.351094,0.3386,0.1623
1787920385.479433,0.165305,0.125785,2.351494,0.3060,0.1623
1787920385.489638,0.164083,0.126986,2.351333,0.2646,0.1623
1787920385.492819,0.163399,0.128488,2.352814,0.3312,0.1623
1787920385.499146,0.161882,0.129102,2.352586,0.3032,0.1623
1787920385.506013,0.160791,0.130095,2.352557,0.2766,0.1623
1787920385.517248,0.159928,0.131382,2.353542,0.2342,0.1626
1787920385.519552,0.158689,0.132578,2.353056,0.3882,0.1626
1787920385.526024,0.157523,0.133624,2.352658,0.3442,0.1626
1787920385.532800,0.156527,0.134804,2.353233,0.3091,0.1626
1787920385.539091,0.155423,0.135667,2.352840,0.2827,0.1626
1787920385.545925,0.154207,0.136888,2.352427,0.2735,0.1626
1787920385.553014,0.153562,0.138183,2.353625,0.2496,0.1626
1787920385.560848,0.152040,0.138825,2.352507,0.2332,0.1626
1787920385.566909,0.151117,0.139981,2.352878,0.2361,0.1626
1787920385.572255,0.150337,0.141474,2.353897,0.2555,0.1626
1787920385.579579,0.149203,0.142276,2.353489,0.2349,0.1626
1787920385.586027,0.147795,0.143145,2.352888,0.2393,0.1626
1787920385.594558,0.146747,0.144428,2.353724,0.2255,0.1626
1787920385.599495,0.145470,0.145331,2.352839,0.2514,0.1626
1787920385.605711,0.144442,0.146430,2.353124,0.2486,0.1626
1787920385.613554,0.143433,0.147534,2.353485,0.2312,0.1705
1787920385.619423,0.142025,0.148428,2.352441,0.2449,0.1705
1787920385.625845,0.140762,0.149415,2.351899,0.2458,0.1705
1787920385.633240,0.140095,0.150561,2.352407,0.2241,0.1705
1787920385.639138,0.138680,0.151535,2.351968,0.2427,0.1705
1787920385.648072,0.137435,0.152324,2.351254,0.2182,0.1705
1787920385.652818,0.136810,0.153464,2.352266,0.2317,0.1705
1787920385.659354,0.135584,0.154609,2.352039,0.2391,0.1705
1787920385.665929,0.134353,0.155666,2.351931,0.2412,0.1705
1787920385.672583,0.133097,0.156496,2.352032,0.2353,0.1705
1787920385.679446,0.132339,0.157705,2.352958,0.2255,0.1705
1787920385.686418,0.131191,0.158642,2.352748,0.2213,0.1705
1787920385.737422,0.129969,0.159681,2.352429,0.1643,0.1751
1787920385.740153,0.129042,0.160937,2.352971,0.2846,0.1751
1787920385.742128,0.127535,0.161789,2.352740,0.4524,0.1751
1787920385.744007,0.126565,0.162652,2.352434,0.5235,0.1751
1787920385.745794,0.125421,0.163707,2.351935,0.6276,0.1751
1787920385.746729,0.124491,0.165130,2.352974,0.9733,0.1751
1787920385.747677,0.123185,0.165709,2.352861,1.1026,0.1751
1787920385.749360,0.121834,0.166834,2.352444,1.0839,0.1751
1787920385.751159,0.121107,0.168267,2.353451,1.0135,0.1751
1787920385.752753,0.119642,0.169087,2.352645,1.0133,0.1751
1787920385.759500,0.118532,0.170053,2.352538,0.7746,0.1751
1787920385.765931,0.117270,0.171081,2.352373,0.6177,0.1751
1787920385.772452,0.116127,0.172333,2.352344,0.5104,0.1751
1787920385.779371,0.115043,0.173450,2.352145,0.4247,0.1751
1787920385.786728,0.114183,0.174532,2.353499,0.3533,0.1751
1787920385.797267,0.112164,0.175037,2.351410,0.2980,0.1751
1787920385.799222,0.111406,0.176447,2.352305,0.4442,0.1751
1787920385.805875,0.110385,0.177926,2.352553,0.3907,0.1751
1787920385.813049,0.109136,0.178606,2.352165,0.3305,0.1329
1787920385.826025,0.107964,0.179504,2.352079,0.2651,0.1329
1787920385.827893,0.106940,0.180634,2.352324,0.4302,0.1329
1787920385.834691,0.105722,0.181797,2.352951,0.3754,0.1329
1787920385.838995,0.104646,0.182665,2.352839,0.3586,0.1329
1787920385.846378,0.103424,0.183690,2.352680,0.3155,0.1329
1787920385.852968,0.102674,0.185121,2.353746,0.2912,0.1329
1787920385.859523,0.101628,0.186039,2.353952,0.2674,0.1329
1787920385.866632,0.100674,0.187152,2.354454,0.2489,0.1329
1787920385.876984,0.098917,0.188074,2.352955,0.2290,0.1329
1787920385.883761,0.097680,0.189056,2.353248,0.2298,0.1329
1787920385.888847,0.096863,0.190146,2.352940,0.2404,0.1329
1787920385.892222,0.095915,0.191368,2.353349,0.3047,0.1329
1787920385.899960,0.094595,0.192253,2.353216,0.2737,0.1329
1787920385.906007,0.092806,0.192853,2.351853,0.2752,0.1329
1787920385.912540,0.092342,0.194229,2.353643,0.2525,0.1314
1787920385.919360,0.091325,0.195312,2.353253,0.2420,0.1314
1787920385.926127,0.090060,0.196226,2.353509,0.2377,0.1314
1787920385.933019,0.088889,0.196934,2.353540,0.2242,0.1314
1787920385.939660,0.087860,0.198137,2.353289,0.2283,0.1314
1787920385.945754,0.086967,0.199430,2.354090,0.2359,0.1314
1787920385.953019,0.085810,0.200365,2.353938,0.2262,0.1314
1787920385.958802,0.084431,0.201184,2.352917,0.2389,0.1314
1787920385.966032,0.083216,0.202088,2.352666,0.2294,0.1314
1787920385.973248,0.082049,0.203225,2.352916,0.2283,0.1314
1787920385.979126,0.081541,0.204411,2.353576,0.2210,0.1314
1787920385.985860,0.080126,0.205528,2.353176,0.2344,0.1314
1787920385.992908,0.078730,0.206184,2.352944,0.2258,0.1314
1787920386.027888,0.077679,0.207097,2.353082,0.1700,0.1322
1787920386.046700,0.077098,0.208373,2.354549,0.1399,0.1322
1787920386.047733,0.075723,0.209560,2.353900,0.6239,0.1322
1787920386.048508,0.074681,0.210256,2.354378,0.9122,0.1322
1787920386.050087,0.073503,0.211357,2.354357,0.9447,0.1322
1787920386.051823,0.072613,0.212363,2.354971,0.8930,0.1322
1787920386.052984,0.071284,0.213553,2.354045,1.0853,0.1322
1787920386.053756,0.070041,0.214166,2.353684,1.2690,0.1322
1787920386.054689,0.069112,0.215368,2.353872,1.3734,0.1322
1787920386.059764,0.068011,0.216695,2.353969,1.0629,0.1322
1787920386.065451,0.066936,0.217642,2.354328,0.8194,0.1322
1787920386.073556,0.065845,0.218639,2.354389,0.6282,0.1322
1787920386.079264,0.064074,0.219251,2.352978,0.5282,0.1322
1787920386.085994,0.063459,0.220567,2.354562,0.4306,0.1322
1787920386.093677,0.062398,0.221644,2.354344,0.3605,0.1322
1787920386.099225,0.061405,0.222891,2.355294,0.3380,0.1322
1787920386.106658,0.059995,0.223724,2.354657,0.3006,0.1322
1787920386.113145,0.059007,0.224499,2.354760,0.2681,0.1313
1787920386.118982,0.058160,0.226000,2.355502,0.2730,0.1313
1787920386.130245,0.056823,0.227133,2.355041,0.2376,0.1313
1787920386.132767,0.055341,0.227777,2.354203,0.3450,0.1313
1787920386.139347,0.054486,0.228883,2.354958,0.3048,0.1313
1787920386.145977,0.053189,0.230035,2.354553,0.2917,0.1313
1787920386.153366,0.052280,0.231309,2.354800,0.2669,0.1313
1787920386.159157,0.051303,0.232194,2.355160,0.2550,0.1313
1787920386.166132,0.049930,0.233247,2.355261,0.2523,0.1313
1787920386.173253,0.048566,0.234118,2.354557,0.2432,0.1313
1787920386.179383,0.047956,0.235502,2.355888,0.2392,0.1313
1787920386.186092,0.046942,0.236721,2.356458,0.2381,0.1313
1787920386.192262,0.045496,0.237615,2.355837,0.2471,0.1313
1787920386.198977,0.044302,0.238391,2.355820,0.2352,0.1313
1787920386.207592,0.043247,0.239741,2.356602,0.2238,0.1313
1787920386.212772,0.042114,0.240666,2.356010,0.2410,0.0358
1787920386.219631,0.040979,0.241792,2.355885,0.2386,0.0358
1787920386.225836,0.039611,0.242574,2.355502,0.2405,0.0358
1787920386.233624,0.038519,0.244014,2.355742,0.2373,0.0358
1787920386.239205,0.037458,0.244991,2.355962,0.2436,0.0358
1787920386.245802,0.036304,0.246037,2.355771,0.2413,0.0358
1787920386.252728,0.035194,0.247023,2.355998,0.2331,0.0358
1787920386.259290,0.033713,0.248219,2.355358,0.2497,0.0358
1787920386.265778,0.032846,0.249389,2.356367,0.2414,0.0358
1787920386.272242,0.031767,0.250578,2.356908,0.2434,0.0358
1787920386.279846,0.030281,0.251400,2.356219,0.2348,0.0358
1787920386.285904,0.029113,0.252346,2.356477,0.2384,0.0358
1787920386.292354,0.028369,0.253816,2.358098,0.2396,0.0358
1787920386.299288,0.027371,0.255377,2.359106,0.2460,0.0358
1787920386.308824,0.025797,0.255902,2.357715,0.2189,0.0358
1787920386.353585,0.024516,0.256815,2.357486,0.1636,0.0316
1787920386.355770,0.023628,0.258115,2.358046,0.3269,0.0316
1787920386.357289,0.022490,0.259457,2.357767,0.5752,0.0316
1787920386.358151,0.021381,0.260389,2.358072,0.9050,0.0316
1787920386.359251,0.019981,0.261497,2.358029,1.1173,0.0316
1787920386.361033,0.018642,0.262404,2.357486,1.0495,0.0316
1787920386.362251,0.017661,0.263771,2.357986,1.1434,0.0316
1787920386.363088,0.016651,0.265079,2.358691,1.3874,0.0316
1787920386.365830,0.014456,0.265579,2.356644,1.1797,0.0316
1787920386.373188,0.013718,0.267000,2.357355,0.8880,0.0316
1787920386.379216,0.012620,0.268230,2.357519,0.7036,0.0316
1787920386.385858,0.011507,0.269485,2.357292,0.5681,0.0316
1787920386.392633,0.010152,0.270508,2.357376,0.4721,0.0316
1787920386.399091,0.008962,0.271435,2.357247,0.4001,0.0316
1787920386.406167,0.007846,0.272483,2.356658,0.3449,0.0316
1787920386.412282,0.007026,0.274059,2.357345,0.3245,0.0303
1787920386.419569,0.005472,0.274887,2.356577,0.2965,0.0303
1787920386.426221,0.004239,0.275918,2.356442,0.2798,0.0303
1787920386.432540,0.003107,0.277336,2.356427,0.2814,0.0303
1787920386.439484,0.002134,0.278513,2.356612,0.2627,0.0303
1787920386.446034,0.000015,0.278993,2.354806,0.2680,0.0303
1787920386.452579,-0.001103,0.280260,2.354577,0.2649,0.0303
1787920386.459376,-0.002097,0.281478,2.354569,0.2545,0.0303
1787920386.466002,-0.003128,0.282743,2.355028,0.2517,0.0303
1787920386.472623,-0.004741,0.283682,2.353670,0.2579,0.0303
1787920386.479221,-0.005915,0.284573,2.353465,0.2469,0.0303
1787920386.486547,-0.006700,0.285907,2.353181,0.2342,0.0303
1787920386.492377,-0.007901,0.287054,2.352244,0.2494,0.0303
1787920386.499372,-0.008946,0.288236,2.353011,0.2421,0.0303
1787920386.505758,-0.010099,0.289473,2.352673,0.2489,0.0303
1787920386.514012,-0.011470,0.290180,2.352227,0.2276,0.0370
1787920386.519596,-0.012428,0.291544,2.352890,0.2476,0.0370
1787920386.526155,-0.013582,0.292534,2.352055,0.2426,0.0370
1787920386.533445,-0.014730,0.293721,2.352072,0.2378,0.0370
1787920386.539738,-0.015851,0.294660,2.352430,0.2359,0.0370
1787920386.546347,-0.016733,0.296039,2.352551,0.2377,0.0370
1787920386.552479,-0.018262,0.297189,2.351674,0.2590,0.0370
1787920386.559268,-0.019261,0.298218,2.352127,0.2447,0.0370
1787920386.566675,-0.020359,0.299267,2.351620,0.2328,0.0370
1787920386.572939,-0.021561,0.300508,2.351243,0.2457,0.0370
1787920386.579237,-0.022432,0.301962,2.351795,0.2504,0.0370
1787920386.586017,-0.023677,0.302909,2.351187,0.2438,0.0370
1787920386.592822,-0.025476,0.303792,2.349740,0.2541,0.0370
1787920386.599629,-0.026293,0.305021,2.350583,0.2417,0.0370
1787920386.606782,-0.027134,0.306534,2.350811,0.2391,0.0370
1787920386.615971,-0.028444,0.307500,2.350085,0.2198,-0.0875
1787920386.627182,-0.029754,0.308597,2.350338,0.1994,-0.0875
1787920386.628252,-0.031103,0.309547,2.349301,0.5948,-0.0875
1787920386.660687,-0.031802,0.310971,2.350069,0.4303,-0.0875
1787920386.661786,-0.032678,0.312386,2.350455,0.7439,-0.0875
1787920386.662808,-0.034233,0.313193,2.349433,1.0100,-0.0875
1787920386.664569,-0.035238,0.314274,2.349282,0.9583,-0.0875
1787920386.665962,-0.035799,0.315944,2.350167,1.0114,-0.0875
1787920386.666778,-0.037205,0.316842,2.349291,1.3066,-0.0875
1787920386.672551,-0.038611,0.317836,2.348487,1.0027,-0.0875
1787920386.679365,-0.039422,0.319107,2.350216,0.7668,-0.0875
1787920386.686675,-0.040618,0.320380,2.349752,0.6084,-0.0875
1787920386.692579,-0.041361,0.321774,2.351646,0.5028,-0.0875
1787920386.699353,-0.042712,0.322865,2.350618,0.4284,-0.0875
1787920386.706461,-0.044075,0.323667,2.349802,0.3644,-0.0875
1787920386.712953,-0.044816,0.325195,2.349862,0.3294,-0.0902
1787920386.719629,-0.046219,0.326174,2.348887,0.3061,-0.0902
1787920386.725673,-0.047513,0.327553,2.348148,0.3081,-0.0902
1787920386.732486,-0.048657,0.328396,2.347570,0.2775,-0.0902
1787920386.739782,-0.049638,0.329666,2.347179,0.2597,-0.0902
1787920386.746093,-0.051153,0.330764,2.345739,0.2695,-0.0902
1787920386.752525,-0.052016,0.332055,2.345507,0.2598,-0.0902
1787920386.758898,-0.053730,0.332713,2.343776,0.2604,-0.0902
1787920386.767692,-0.054908,0.333868,2.343156,0.2386,-0.0902
1787920386.776333,-0.056131,0.335141,2.341947,0.2283,-0.0902
1787920386.779466,-0.057100,0.336425,2.341273,0.3126,-0.0902
1787920386.785635,-0.058589,0.337238,2.339906,0.2976,-0.0902
1787920386.792510,-0.059976,0.338225,2.338359,0.2813,-0.0902
1787920386.799695,-0.060753,0.339571,2.338650,0.2599,-0.0902
1787920386.806064,-0.061997,0.340427,2.337149,0.2516,-0.0902
1787920386.813090,-0.063126,0.341799,2.336878,0.2518,-0.0763
1787920386.821234,-0.064433,0.342614,2.335508,0.2312,-0.0763
1787920386.825680,-0.065719,0.343639,2.334295,0.2718,-0.0763
1787920386.832821,-0.066704,0.344895,2.333254,0.2570,-0.0763
1787920386.838942,-0.067428,0.346262,2.333467,0.2528,-0.0763
1787920386.847258,-0.068956,0.347231,2.331117,0.2403,-0.0763
1787920386.852605,-0.069746,0.348386,2.332019,0.2457,-0.0763
1787920386.860145,-0.071005,0.349405,2.330719,0.2359,-0.0763
1787920386.865912,-0.072065,0.350714,2.329772,0.2525,-0.0763
1787920386.872725,-0.073264,0.351725,2.329348,0.2454,-0.0763
1787920386.879349,-0.074234,0.352919,2.328787,0.2412,-0.0763
1787920386.886191,-0.075489,0.353967,2.327660,0.2401,-0.0763
1787920386.892528,-0.076130,0.355469,2.327749,0.2406,-0.0763
1787920386.899249,-0.077524,0.356266,2.325895,0.2370,-0.0763
1787920386.905731,-0.078353,0.357567,2.325552,0.2360,-0.0763
1787920386.913903,-0.079702,0.358485,2.324052,0.2237,-0.0571
1787920386.965590,-0.080745,0.359682,2.322782,0.1658,-0.0571
1787920386.967805,-0.081579,0.360830,2.322345,0.3067,-0.0571
1787920386.969858,-0.082824,0.362042,2.321260,0.4683,-0.0571
1787920386.971077,-0.084100,0.362944,2.320208,0.7041,-0.0571
1787920386.972129,-0.084806,0.364590,2.320663,0.9741,-0.0571
1787920386.973078,-0.085518,0.365872,2.320398,1.1317,-0.0571
1787920386.973953,-0.087062,0.366691,2.319061,1.3578,-0.0571
1787920386.974877,-0.087873,0.367980,2.318478,1.4366,-0.0571
1787920386.975688,-0.089069,0.369055,2.317656,1.5980,-0.0571
1787920386.979189,-0.090062,0.370209,2.316881,1.2490,-0.0571
1787920386.985734,-0.091105,0.371441,2.316226,0.9482,-0.0571
1787920386.992614,-0.092200,0.372669,2.315714,0.7355,-0.0571
1787920386.998867,-0.093531,0.373662,2.314597,0.5931,-0.0571
1787920387.007585,-0.094611,0.374933,2.313516,0.4725,-0.0571
1787920387.012368,-0.095881,0.375740,2.312722,0.4219,-0.0370
1787920387.019575,-0.096637,0.377109,2.313093,0.3586,-0.0370
1787920387.026496,-0.097682,0.378329,2.311582,0.3206,-0.0370
1787920387.032152,-0.098483,0.379649,2.311951,0.3048,-0.0370
1787920387.043700,-0.099779,0.380565,2.310534,0.2536,-0.0370
1787920387.054820,-0.100792,0.381695,2.310228,0.2185,-0.0370
1787920387.060720,-0.101705,0.382947,2.309740,0.2312,-0.0370
1787920387.061607,-0.103116,0.383969,2.307901,0.7386,-0.0370
1787920387.065589,-0.103866,0.385043,2.308100,0.6149,-0.0370
1787920387.072854,-0.104929,0.386207,2.307468,0.4955,-0.0370
1787920387.079259,-0.105923,0.387266,2.306560,0.4149,-0.0370
1787920387.086641,-0.106918,0.388571,2.306016,0.3569,-0.0370
1787920387.092720,-0.108217,0.389597,2.304984,0.3304,-0.0370
1787920387.099221,-0.109286,0.390571,2.304178,0.2976,-0.0370
1787920387.108889,-0.110322,0.391662,2.303645,0.2550,-0.0370
1787920387.120589,-0.111571,0.392820,2.302133,0.2220,-0.1746
1787920387.121629,-0.112378,0.393985,2.302244,0.5608,-0.1746
1787920387.129321,-0.113362,0.395245,2.301879,0.4548,-0.1746
1787920387.132715,-0.114408,0.396275,2.300833,0.4479,-0.1746
1787920387.139039,-0.115360,0.397645,2.300846,0.3920,-0.1746
1787920387.145915,-0.116136,0.398869,2.300988,0.3368,-0.1746
1787920387.153507,-0.117783,0.399822,2.299183,0.3072,-0.1746
1787920387.159034,-0.118695,0.400816,2.299260,0.2882,-0.1746
1787920387.167380,-0.119501,0.402316,2.299568,0.2613,-0.1746
1787920387.172491,-0.120340,0.403639,2.299429,0.2736,-0.1746
1787920387.179166,-0.121326,0.404794,2.299425,0.2598,-0.1746
1787920387.186014,-0.122009,0.406216,2.300612,0.2482,-0.1746
1787920387.192668,-0.123451,0.407172,2.299023,0.2492,-0.1746
1787920387.199355,-0.124433,0.408270,2.298256,0.2405,-0.1746
1787920387.205830,-0.125136,0.409695,2.298688,0.2393,-0.1746
1787920387.212613,-0.126455,0.410731,2.297182,0.2405,-0.1730
1787920387.220586,-0.127532,0.411543,2.296080,0.2181,-0.1730
1787920387.225837,-0.128633,0.412813,2.294781,0.2487,-0.1730
1787920387.256006,-0.129652,0.413641,2.293765,0.1870,-0.1730
1787920387.264044,-0.131207,0.414693,2.290977,0.1986,-0.1730
1787920387.265477,-0.132042,0.415540,2.290729,0.3877,-0.1730
1787920387.267418,-0.133214,0.416571,2.288884,0.5105,-0.1730
1787920387.268307,-0.133947,0.417527,2.287807,0.7635,-0.1730
1787920387.269109,-0.134586,0.418834,2.287027,1.0599,-0.1730
1787920387.272557,-0.135854,0.419509,2.284728,0.8585,-0.1730
1787920387.280093,-0.136784,0.420612,2.284143,0.6584,-0.1730
1787920387.291302,-0.137880,0.421380,2.282556,0.4956,-0.1730
1787920387.299473,-0.138661,0.422457,2.281455,0.3956,-0.1730
1787920387.300921,-0.139907,0.423209,2.279930,0.5633,-0.1730
1787920387.307768,-0.140824,0.424364,2.278435,0.4589,-0.1730
1787920387.312816,-0.141603,0.425570,2.277237,0.4058,-0.1543
1787920387.319043,-0.142688,0.426228,2.275878,0.3421,-0.1543
1787920387.325989,-0.143525,0.427180,2.274650,0.2942,-0.1543
1787920387.333648,-0.144230,0.428495,2.273968,0.2631,-0.1543
1787920387.339796,-0.144724,0.429497,2.273734,0.2371,-0.1543
1787920387.346057,-0.145903,0.430655,2.272064,0.2448,-0.1543
1787920387.352507,-0.146862,0.431379,2.270587,0.2258,-0.1543
1787920387.359988,-0.147490,0.432276,2.270331,0.2018,-0.1543
1787920387.365941,-0.148359,0.433469,2.268929,0.2155,-0.1543
1787920387.373060,-0.148782,0.434605,2.268214,0.1990,-0.1543
1787920387.379693,-0.149787,0.435257,2.267264,0.1911,-0.1543
1787920387.385839,-0.150771,0.436132,2.266151,0.1973,-0.1543
1787920387.392567,-0.151439,0.437143,2.265324,0.1918,-0.1543
1787920387.399563,-0.151838,0.438066,2.265562,0.1756,-0.1543
1787920387.405892,-0.152847,0.439175,2.264155,0.1939,-0.1543
1787920387.412615,-0.153470,0.440135,2.263509,0.1865,-0.1299
1787920387.420581,-0.154338,0.440759,2.262533,0.1695,-0.1299
1787920387.426755,-0.154866,0.441943,2.262499,0.1793,-0.1299
1787920387.435260,-0.155620,0.442769,2.261681,0.1649,-0.1299
1787920387.438989,-0.156627,0.443680,2.259974,0.2235,-0.1299
1787920387.446171,-0.157139,0.444505,2.260264,0.1967,-0.1299
1787920387.452907,-0.157757,0.445479,2.259995,0.1886,-0.1299
1787920387.460714,-0.158687,0.446162,2.258661,0.1750,-0.1299
1787920387.466140,-0.159313,0.447290,2.257751,0.1927,-0.1299
1787920387.473174,-0.160116,0.448065,2.257248,0.1821,-0.1299
1787920387.480114,-0.160573,0.448857,2.256663,0.1665,-0.1299
1787920387.486169,-0.161331,0.449625,2.255839,0.1698,-0.1299
1787920387.492271,-0.162358,0.450325,2.254637,0.1774,-0.1299
1787920387.499463,-0.162503,0.451431,2.255103,0.1638,-0.1299
1787920387.505922,-0.163183,0.452094,2.253756,0.1585,-0.1299
1787920387.512725,-0.164226,0.452766,2.252456,0.1629,-0.1205
1787920387.519009,-0.165103,0.453637,2.251765,0.1727,-0.1205
1787920387.527382,-0.165725,0.454438,2.250316,0.1572,-0.1205
1787920387.532562,-0.166278,0.455257,2.249922,0.1671,-0.1205
1787920387.583120,-0.167210,0.456163,2.249174,0.1246,-0.1205
1787920387.584385,-0.167739,0.456891,2.248566,0.3003,-0.1205
1787920387.585249,-0.168848,0.457665,2.246933,0.6605,-0.1205
1787920387.586971,-0.169097,0.458734,2.247226,0.6348,-0.1205
1787920387.588683,-0.170381,0.459131,2.245526,0.6392,-0.1205
1787920387.590386,-0.170739,0.460076,2.245431,0.6169,-0.1205
1787920387.592079,-0.171168,0.461015,2.245022,0.6092,-0.1205
1787920387.593356,-0.171866,0.461562,2.244321,0.6293,-0.1205
1787920387.594110,-0.172519,0.462431,2.243387,0.8727,-0.1205
1787920387.599161,-0.173408,0.463105,2.242663,0.6751,-0.1205
1787920387.606271,-0.173995,0.464034,2.241789,0.5187,-0.1205
1787920387.612409,-0.174567,0.464968,2.241621,0.4162,-0.1065
1787920387.619087,-0.175117,0.465817,2.241271,0.3365,-0.1065
1787920387.625767,-0.176005,0.466481,2.240640,0.2837,-0.1065
1787920387.632119,-0.176472,0.467285,2.240494,0.2421,-0.1065
1787920387.640075,-0.177117,0.467904,2.239940,0.2029,-0.1065
1787920387.646141,-0.177740,0.468710,2.239315,0.1923,-0.1065
1787920387.652598,-0.178295,0.469578,2.238895,0.1823,-0.1065
1787920387.659216,-0.178734,0.470324,2.238724,0.1665,-0.1065
1787920387.666112,-0.179275,0.471026,2.238204,0.1551,-0.1065
1787920387.672624,-0.179906,0.471918,2.237315,0.1589,-0.1065
1787920387.679240,-0.180437,0.472492,2.236857,0.1465,-0.1065
1787920387.686486,-0.181189,0.473051,2.236047,0.1400,-0.1065
1787920387.692276,-0.181919,0.473692,2.235229,0.1475,-0.1065
1787920387.699493,-0.182208,0.474736,2.234982,0.1448,-0.1065
1787920387.706243,-0.182970,0.475404,2.234423,0.1456,-0.1065
1787920387.712505,-0.183470,0.476198,2.234114,0.1467,-0.0955
1787920387.719116,-0.184008,0.476911,2.233842,0.1432,-0.0955
1787920387.725948,-0.184364,0.477790,2.233763,0.1403,-0.0955
1787920387.732760,-0.185092,0.478491,2.232738,0.1422,-0.0955
1787920387.742460,-0.185890,0.478804,2.231695,0.1224,-0.0955
1787920387.756932,-0.186080,0.479733,2.231641,0.1033,-0.0955
1787920387.757939,-0.186672,0.480444,2.230889,0.3476,-0.0955
1787920387.761570,-0.187435,0.481072,2.229886,0.3229,-0.0955
1787920387.768613,-0.187914,0.481763,2.229743,0.2618,-0.0955
1787920387.774505,-0.188479,0.482417,2.229176,0.2272,-0.0955
1787920387.779736,-0.189209,0.482882,2.228256,0.2057,-0.0955
1787920387.785697,-0.189492,0.483790,2.228270,0.1889,-0.0955
1787920387.792595,-0.189948,0.484425,2.228201,0.1662,-0.0955
1787920387.799646,-0.190443,0.485073,2.227577,0.1510,-0.0955
1787920387.806256,-0.191185,0.485473,2.227226,0.1407,-0.0955
1787920387.820510,-0.191835,0.486343,2.226420,0.1213,-0.0877
1787920387.821741,-0.192615,0.486953,2.225067,0.3188,-0.0877
1787920387.825988,-0.192820,0.487877,2.225569,0.2837,-0.0877
1787920387.832805,-0.193522,0.488416,2.224431,0.2362,-0.0877
1787920387.839406,-0.193814,0.489176,2.224748,0.2009,-0.0877
1787920387.888388,-0.194249,0.489853,2.224173,0.1455,-0.0877
1787920387.889617,-0.194909,0.490508,2.223774,0.3267,-0.0877
1787920387.890486,-0.195488,0.491193,2.223722,0.5379,-0.0877
1787920387.892267,-0.196149,0.491874,2.222793,0.5353,-0.0877
1787920387.893422,-0.196603,0.492595,2.222461,0.5952,-0.0877
1787920387.894192,-0.197385,0.493131,2.221657,0.7669,-0.0877
1787920387.895095,-0.198057,0.493668,2.221088,0.8143,-0.0877
1787920387.896828,-0.198619,0.494320,2.220824,0.7188,-0.0877
1787920387.899897,-0.199138,0.495016,2.220090,0.5880,-0.0877
1787920387.906529,-0.199800,0.495309,2.219468,0.4402,-0.0877
1787920387.912354,-0.200041,0.496109,2.219568,0.3485,-0.0825
1787920387.919143,-0.200507,0.496760,2.219047,0.2793,-0.0825
1787920387.926186,-0.201009,0.497285,2.218801,0.2262,-0.0825
1787920387.933633,-0.201413,0.498164,2.218513,0.1964,-0.0825
1787920387.938964,-0.202180,0.498740,2.217795,0.1894,-0.0825
1787920387.947302,-0.202608,0.499500,2.217651,0.1637,-0.0825
1787920387.954179,-0.202950,0.500147,2.217569,0.1461,-0.0825
1787920387.959232,-0.203552,0.500693,2.217206,0.1496,-0.0825
1787920387.965997,-0.204182,0.501223,2.216807,0.1403,-0.0825
1787920387.973358,-0.204531,0.501920,2.216899,0.1295,-0.0825
1787920387.979585,-0.205106,0.502441,2.216268,0.1274,-0.0825
1787920387.986613,-0.205459,0.503272,2.216121,0.1265,-0.0825
1787920387.992672,-0.206214,0.503875,2.215414,0.1349,-0.0825
1787920387.999206,-0.206979,0.504445,2.214416,0.1365,-0.0825
1787920388.006094,-0.207241,0.505268,2.214348,0.1311,-0.0825
1787920388.012601,-0.207702,0.505898,2.214134,0.1277,-0.0731
1787920388.019314,-0.208311,0.506394,2.213897,0.1235,-0.0731
1787920388.025772,-0.208549,0.506949,2.214078,0.1137,-0.0731
1787920388.032864,-0.209211,0.507719,2.213279,0.1224,-0.0731
1787920388.039710,-0.209492,0.508515,2.213954,0.1210,-0.0731
1787920388.049855,-0.210373,0.508961,2.212802,0.1109,-0.0731
1787920388.052294,-0.210773,0.509715,2.212664,0.1813,-0.0731
1787920388.059746,-0.211254,0.510403,2.212113,0.1607,-0.0731
1787920388.065608,-0.211560,0.511105,2.211576,0.1507,-0.0731
1787920388.075099,-0.212422,0.511536,2.210589,0.1327,-0.0731
1787920388.079865,-0.212856,0.512220,2.210242,0.1437,-0.0731
1787920388.086148,-0.213188,0.512693,2.210071,0.1282,-0.0731
1787920388.095887,-0.213605,0.513473,2.209968,0.1167,-0.0731
1787920388.099389,-0.214071,0.514221,2.209523,0.1569,-0.0731
1787920388.115038,-0.214639,0.514734,2.208756,0.1242,-0.0692
1787920388.118759,-0.215170,0.515358,2.207986,0.1529,-0.0692
1787920388.121665,-0.215651,0.516038,2.207744,0.1929,-0.0692
1787920388.125714,-0.216580,0.516689,2.206337,0.2148,-0.0692
1787920388.132358,-0.216634,0.517397,2.207655,0.1775,-0.0692
1787920388.141798,-0.217440,0.517932,2.206816,0.1531,-0.0692
1787920388.145765,-0.217350,0.518714,2.207456,0.1507,-0.0692
1787920388.154874,-0.217725,0.519389,2.207331,0.1307,-0.0692
1787920388.170806,-0.218301,0.520120,2.207573,0.1090,-0.0692
1787920388.171741,-0.218759,0.520852,2.207213,0.3529,-0.0692
1787920388.172610,-0.219374,0.521357,2.206321,0.5130,-0.0692
1787920388.195750,-0.219698,0.522050,2.206326,0.3688,-0.0692
1787920388.196706,-0.220434,0.522778,2.205850,0.5791,-0.0692
1787920388.198342,-0.221311,0.523385,2.205033,0.5902,-0.0692
1787920388.199983,-0.221603,0.523953,2.204999,0.5285,-0.0692
1787920388.206515,-0.222029,0.524670,2.204798,0.4081,-0.0692
1787920388.212739,-0.222534,0.525376,2.204696,0.3275,-0.0900
1787920388.219355,-0.223118,0.525974,2.203935,0.2668,-0.0900
1787920388.225622,-0.223515,0.526697,2.203810,0.2259,-0.0900
1787920388.232873,-0.224103,0.527307,2.203422,0.1929,-0.0900
1787920388.239580,-0.224468,0.527939,2.203459,0.1674,-0.0900
1787920388.247207,-0.225165,0.528430,2.202911,0.1490,-0.0900
1787920388.258656,-0.225589,0.529048,2.202472,0.1239,-0.0900
1787920388.261096,-0.225750,0.529716,2.202548,0.1647,-0.0900
1787920388.267289,-0.226336,0.530284,2.202217,0.1542,-0.0900
1787920388.273097,-0.226668,0.530987,2.202020,0.1474,-0.0900
1787920388.280655,-0.226966,0.531597,2.202402,0.1297,-0.0900
1787920388.286284,-0.227346,0.532273,2.202372,0.1319,-0.0900
1787920388.301662,-0.227807,0.532842,2.201870,0.1065,-0.0900
1787920388.304427,-0.228539,0.533106,2.201395,0.1446,-0.0900
1787920388.306056,-0.229137,0.533762,2.200890,0.2637,-0.0900
1787920388.312889,-0.229016,0.534478,2.201571,0.2069,-0.0865
1787920388.319323,-0.229628,0.535061,2.201189,0.1836,-0.0865
1787920388.326226,-0.230078,0.535806,2.200631,0.1662,-0.0865
1787920388.332914,-0.230576,0.536355,2.200541,0.1494,-0.0865
1787920388.339435,-0.230540,0.537075,2.201703,0.1303,-0.0865
1787920388.346597,-0.231283,0.537667,2.200648,0.1296,-0.0865
1787920388.356851,-0.231593,0.538648,2.200684,0.1193,-0.0865
1787920388.359615,-0.232376,0.538932,2.199947,0.1584,-0.0865
1787920388.366300,-0.232598,0.539536,2.200394,0.1387,-0.0865
1787920388.373761,-0.233152,0.540063,2.199648,0.1273,-0.0865
1787920388.383139,-0.233445,0.540690,2.199728,0.1108,-0.0865
1787920388.385868,-0.233854,0.541285,2.199206,0.1570,-0.0865
1787920388.392770,-0.234209,0.542041,2.199367,0.1455,-0.0865
1787920388.399563,-0.234654,0.542630,2.199166,0.1345,-0.0865
1787920388.407427,-0.234908,0.543081,2.199252,0.1137,-0.0865
1787920388.412980,-0.235617,0.543112,2.198346,0.1035,-0.0735
1787920388.419343,-0.236117,0.543587,2.198242,0.1044,-0.0735
1787920388.425795,-0.236335,0.544319,2.198031,0.1066,-0.0735
1787920388.432676,-0.236852,0.544958,2.197810,0.1104,-0.0735
1787920388.438811,-0.237150,0.545419,2.197660,0.1040,-0.0735
1787920388.445904,-0.237622,0.545980,2.196925,0.1038,-0.0735
1787920388.453737,-0.237990,0.546728,2.196312,0.1041,-0.0735
1787920388.485296,-0.238234,0.546989,2.196558,0.0762,-0.0735
1787920388.488226,-0.238269,0.547767,2.196845,0.1200,-0.0735
1787920388.490169,-0.238495,0.548297,2.196841,0.1708,-0.0735
1787920388.491051,-0.238589,0.548902,2.197326,0.3048,-0.0735
1787920388.491850,-0.239386,0.549372,2.196389,0.5316,-0.0735
1787920388.493697,-0.239760,0.549768,2.195840,0.4599,-0.0735
1787920388.499438,-0.240141,0.550342,2.195541,0.3579,-0.0735
1787920388.505983,-0.240678,0.550821,2.194996,0.2827,-0.0735
1787920388.513046,-0.240871,0.551367,2.194945,0.2215,-0.0649
1787920388.519296,-0.241752,0.551967,2.194017,0.2031,-0.0649
1787920388.525971,-0.242396,0.552280,2.193465,0.1705,-0.0649
1787920388.532686,-0.242703,0.552924,2.193071,0.1507,-0.0649
1787920388.539347,-0.242819,0.553524,2.193561,0.1305,-0.0649
1787920388.545527,-0.243348,0.554140,2.192930,0.1306,-0.0649
1787920388.553128,-0.243510,0.554700,2.193085,0.1131,-0.0649
1787920388.562007,-0.243884,0.555269,2.193034,0.1022,-0.0649
1787920388.565843,-0.244265,0.555782,2.192511,0.1215,-0.0649
1787920388.572715,-0.244674,0.556532,2.192454,0.1220,-0.0649
1787920388.579522,-0.245193,0.556818,2.192160,0.1090,-0.0649
1787920388.587109,-0.245556,0.557469,2.191961,0.1056,-0.0649
1787920388.592810,-0.246111,0.557841,2.191655,0.1068,-0.0649
1787920388.599380,-0.246470,0.558330,2.191208,0.1025,-0.0649
1787920388.606064,-0.246934,0.558866,2.190684,0.1034,-0.0649
1787920388.612962,-0.247164,0.559437,2.190735,0.0984,-0.0602
1787920388.619410,-0.247903,0.560063,2.189775,0.1126,-0.0602
1787920388.626523,-0.248092,0.560541,2.189753,0.0998,-0.0602
1787920388.632546,-0.248328,0.560927,2.190371,0.0924,-0.0602
1787920388.639371,-0.248491,0.561452,2.190219,0.0876,-0.0602
1787920388.646669,-0.249009,0.562018,2.189861,0.0926,-0.0602
1787920388.654478,-0.249122,0.562519,2.190045,0.0830,-0.0602
1787920388.659269,-0.249619,0.563023,2.189816,0.1019,-0.0602
1787920388.665676,-0.250103,0.563331,2.189504,0.0962,-0.0602
1787920388.672693,-0.250365,0.563976,2.189330,0.0963,-0.0602
1787920388.679682,-0.250338,0.564636,2.190037,0.0898,-0.0602
1787920388.686018,-0.251012,0.565028,2.189359,0.0965,-0.0602
1787920388.692961,-0.251850,0.565368,2.188318,0.1005,-0.0602
1787920388.699500,-0.251981,0.566244,2.188360,0.1066,-0.0602
1787920388.705611,-0.252338,0.566671,2.188229,0.1019,-0.0602
1787920388.713570,-0.252569,0.567055,2.188317,0.0881,-0.0529
1787920388.719242,-0.252873,0.567845,2.188174,0.1051,-0.0529
1787920388.726550,-0.253348,0.568245,2.187890,0.0983,-0.0529
1787920388.732832,-0.253549,0.568976,2.188256,0.1028,-0.0529
1787920388.739709,-0.253862,0.569591,2.188013,0.1017,-0.0529
1787920388.745660,-0.254189,0.570129,2.188061,0.1029,-0.0529
1787920388.752605,-0.255099,0.570493,2.186859,0.1076,-0.0529
1787920388.759356,-0.255453,0.570978,2.186771,0.1019,-0.0529
1787920388.809181,-0.255590,0.571662,2.186803,0.0752,-0.0529
1787920388.811100,-0.256190,0.572182,2.185861,0.1732,-0.0529
1787920388.813555,-0.256101,0.572823,2.186358,0.1789,-0.0459
1787920388.814499,-0.256470,0.573395,2.186307,0.3414,-0.0459
1787920388.815628,-0.256925,0.573888,2.185909,0.4159,-0.0459
1787920388.817345,-0.256914,0.574615,2.186825,0.3935,-0.0459
1787920388.819163,-0.256978,0.575218,2.187131,0.3629,-0.0459
1787920388.820760,-0.257237,0.575881,2.186719,0.3837,-0.0459
1787920388.821508,-0.257791,0.576293,2.186640,0.5320,-0.0459
1787920388.826814,-0.258595,0.576656,2.185412,0.4154,-0.0459
1787920388.832394,-0.258994,0.577237,2.185466,0.3287,-0.0459
1787920388.839624,-0.259654,0.577575,2.184676,0.2573,-0.0459
1787920388.846352,-0.259833,0.578352,2.184612,0.2130,-0.0459
1787920388.853638,-0.260119,0.578840,2.184616,0.1723,-0.0459
1787920388.859326,-0.260464,0.579276,2.184689,0.1499,-0.0459
1787920388.868860,-0.260539,0.580017,2.185064,0.1254,-0.0459
1787920388.872405,-0.260762,0.580645,2.185164,0.1420,-0.0459
1787920388.879280,-0.261150,0.581148,2.185124,0.1271,-0.0459
1787920388.885712,-0.261536,0.581850,2.184717,0.1261,-0.0459
1787920388.895072,-0.262151,0.582357,2.184161,0.1129,-0.0459
1787920388.899265,-0.262496,0.582757,2.183704,0.1166,-0.0459
1787920388.905646,-0.263286,0.583159,2.183006,0.1185,-0.0459
1787920388.913329,-0.263909,0.583354,2.182268,0.1031,-0.0305
1787920388.919005,-0.264442,0.583887,2.181462,0.1114,-0.0305
1787920388.925648,-0.264650,0.584471,2.181673,0.1050,-0.0305
1787920388.932469,-0.264785,0.585074,2.181781,0.0986,-0.0305
1787920388.939243,-0.264967,0.585590,2.182120,0.0924,-0.0305
1787920388.945852,-0.264695,0.586221,2.183205,0.0810,-0.0305
1787920388.953022,-0.265383,0.586943,2.182331,0.0980,-0.0305
1787920388.959219,-0.265704,0.587312,2.182159,0.0921,-0.0305
1787920388.965944,-0.266242,0.587913,2.181624,0.1002,-0.0305
1787920388.972876,-0.266752,0.588312,2.181046,0.0970,-0.0305
1787920388.979099,-0.267470,0.588674,2.179897,0.1020,-0.0305
1787920388.986055,-0.267788,0.589154,2.180068,0.0962,-0.0305
1787920388.992383,-0.268270,0.589707,2.179540,0.1019,-0.0305
1787920388.998935,-0.268773,0.590240,2.179196,0.1045,-0.0305
1787920389.005992,-0.269182,0.590695,2.178892,0.0990,-0.0305
1787920389.013250,-0.269015,0.591708,2.179576,0.0997,-0.0287
1787920389.019718,-0.269690,0.591960,2.178909,0.0972,-0.0287
1787920389.025811,-0.269455,0.592591,2.179579,0.0869,-0.0287
1787920389.032659,-0.269571,0.592971,2.180068,0.0774,-0.0287
1787920389.039293,-0.270072,0.593646,2.179452,0.0922,-0.0287
1787920389.046078,-0.271093,0.593567,2.177969,0.0874,-0.0287
1787920389.053592,-0.271047,0.594270,2.178644,0.0832,-0.0287
1787920389.059759,-0.271799,0.594457,2.178182,0.0866,-0.0287
1787920389.065617,-0.272328,0.594847,2.177994,0.0924,-0.0287
1787920389.081827,-0.272667,0.595315,2.177843,0.0754,-0.0287
1787920389.116142,-0.272956,0.595833,2.178092,0.0580,-0.0309
1787920389.118791,-0.273265,0.596307,2.178188,0.1046,-0.0309
1787920389.121333,-0.273131,0.596942,2.179155,0.1256,-0.0309
1787920389.123197,-0.273302,0.597371,2.179505,0.1603,-0.0309
1787920389.124967,-0.273606,0.597864,2.179355,0.2102,-0.0309
1787920389.126194,-0.273506,0.598410,2.179954,0.2426,-0.0309
1787920389.127024,-0.274001,0.598665,2.179469,0.3477,-0.0309
1787920389.127930,-0.274179,0.599434,2.179713,0.4858,-0.0309
1787920389.133260,-0.274647,0.599558,2.179550,0.3609,-0.0309
1787920389.139992,-0.275105,0.600102,2.178987,0.2842,-0.0309
1787920389.145635,-0.275513,0.600622,2.178739,0.2340,-0.0309
1787920389.153340,-0.276260,0.601021,2.177504,0.1932,-0.0309
1787920389.159334,-0.276598,0.601672,2.177580,0.1716,-0.0309
1787920389.165866,-0.276906,0.602012,2.177836,0.1410,-0.0309
1787920389.176062,-0.277157,0.602670,2.177725,0.1188,-0.0309
1787920389.179861,-0.277171,0.603288,2.178095,0.1239,-0.0309
1787920389.185780,-0.278300,0.603758,2.176389,0.1389,-0.0309
1787920389.192807,-0.278118,0.604415,2.177050,0.1158,-0.0309
1787920389.201574,-0.278576,0.605076,2.176500,0.1086,-0.0309
1787920389.205817,-0.279116,0.605372,2.176073,0.1150,-0.0309
1787920389.212788,-0.279605,0.605755,2.176060,0.1060,-0.3085
1787920389.219496,-0.279994,0.606313,2.175487,0.1046,-0.3085
1787920389.225494,-0.280484,0.606766,2.175288,0.1058,-0.3085
1787920389.233287,-0.281108,0.607043,2.174534,0.0965,-0.3085
1787920389.238909,-0.281405,0.607450,2.174174,0.0944,-0.3085
1787920389.246340,-0.281741,0.607988,2.174249,0.0917,-0.3085
1787920389.252353,-0.282307,0.608391,2.173651,0.0967,-0.3085
1787920389.259465,-0.282418,0.609051,2.174185,0.0933,-0.3085
1787920389.266036,-0.282638,0.609604,2.174441,0.0918,-0.3085
1787920389.272519,-0.282536,0.610153,2.175640,0.0825,-0.3085
1787920389.279817,-0.282560,0.610777,2.176906,0.0794,-0.3085
1787920389.286105,-0.282975,0.611203,2.177322,0.0835,-0.3085
1787920389.291999,-0.283296,0.611765,2.177748,0.0913,-0.3085
1787920389.299590,-0.283825,0.612320,2.177589,0.0938,-0.3085
1787920389.306102,-0.284072,0.612804,2.178142,0.0905,-0.3085
1787920389.312742,-0.284472,0.613387,2.177916,0.0953,-0.3248
1787920389.319846,-0.284537,0.614173,2.178792,0.0955,-0.3248
1787920389.326494,-0.285194,0.614617,2.177504,0.1002,-0.3248
1787920389.332392,-0.285257,0.615110,2.177983,0.0926,-0.3248
1787920389.339167,-0.285779,0.615504,2.176772,0.0923,-0.3248
1787920389.345977,-0.285962,0.616133,2.176432,0.0920,-0.3248
1787920389.352519,-0.286494,0.616404,2.174593,0.0885,-0.3248
1787920389.359042,-0.287615,0.616757,2.172239,0.1045,-0.3248
1787920389.365690,-0.288127,0.617140,2.170612,0.1004,-0.3248
1787920389.372623,-0.288937,0.617308,2.169696,0.0961,-0.3248
1787920389.381158,-0.289675,0.617761,2.167895,0.0950,-0.3248
1787920389.413373,-0.290012,0.618287,2.167663,0.0723,-0.3295
1787920389.414495,-0.290342,0.618789,2.167001,0.2113,-0.3295
1787920389.416145,-0.290663,0.619301,2.166019,0.2577,-0.3295
1787920389.417995,-0.290682,0.620073,2.166148,0.2857,-0.3295
1787920389.419813,-0.291005,0.620541,2.165642,0.2938,-0.3295
1787920389.420660,-0.291566,0.620753,2.165319,0.3792,-0.3295
1787920389.425825,-0.291675,0.621302,2.165105,0.2954,-0.3295
1787920389.432334,-0.291887,0.621971,2.164935,0.2378,-0.3295
1787920389.439832,-0.292488,0.622368,2.163498,0.1931,-0.3295
1787920389.446043,-0.293001,0.622731,2.162321,0.1635,-0.3295
1787920389.452454,-0.293449,0.623197,2.161631,0.1442,-0.3295
1787920389.459520,-0.293594,0.623656,2.161334,0.1206,-0.3295
1787920389.465948,-0.294040,0.624151,2.160804,0.1152,-0.3295
1787920389.473175,-0.294413,0.624651,2.159567,0.1065,-0.3295
1787920389.483284,-0.294493,0.625196,2.159521,0.0893,-0.3295
1787920389.487657,-0.294725,0.625702,2.159049,0.1002,-0.3295
1787920389.492250,-0.295086,0.626229,2.157911,0.1119,-0.3295
1787920389.499140,-0.294964,0.626893,2.158216,0.0995,-0.3295
1787920389.509650,-0.294985,0.627476,2.157923,0.0838,-0.3295
1787920389.513040,-0.295069,0.628016,2.157442,0.1026,-0.2969
1787920389.519454,-0.295315,0.628242,2.157218,0.0870,-0.2969
1787920389.525919,-0.295631,0.628689,2.156222,0.0862,-0.2969
1787920389.532383,-0.295747,0.629051,2.156143,0.0774,-0.2969
1787920389.539080,-0.296300,0.629416,2.154882,0.0815,-0.2969
1787920389.545782,-0.295767,0.630155,2.155645,0.0714,-0.2969
1787920389.552933,-0.296331,0.630244,2.154292,0.0662,-0.2969
1787920389.559071,-0.296516,0.630947,2.153659,0.0800,-0.2969
1787920389.565817,-0.296790,0.631428,2.152874,0.0806,-0.2969
1787920389.572859,-0.297235,0.631882,2.152301,0.0830,-0.2969
1787920389.580090,-0.297610,0.632149,2.151171,0.0759,-0.2969
1787920389.586681,-0.298095,0.632922,2.150394,0.0946,-0.2969
1787920389.592591,-0.298491,0.633227,2.149512,0.0902,-0.2969
1787920389.599314,-0.298636,0.633909,2.149243,0.0921,-0.2969
1787920389.606176,-0.298823,0.634414,2.148941,0.0875,-0.2969
1787920389.612879,-0.298806,0.634965,2.148880,0.0815,-0.2676
1787920389.620106,-0.299337,0.635368,2.147868,0.0831,-0.2676
1787920389.625876,-0.299443,0.635661,2.147695,0.0739,-0.2676
1787920389.632412,-0.299195,0.636247,2.148126,0.0681,-0.2676
1787920389.639367,-0.299298,0.636628,2.147775,0.0638,-0.2676
1787920389.646332,-0.299627,0.637016,2.147429,0.0664,-0.2676
1787920389.653725,-0.300228,0.637354,2.146165,0.0713,-0.2676
1787920389.659564,-0.300427,0.637786,2.145669,0.0741,-0.2676
1787920389.665654,-0.300684,0.638260,2.145064,0.0784,-0.2676
1787920389.673113,-0.301468,0.638490,2.143127,0.0797,-0.2676
1787920389.679500,-0.301420,0.638925,2.143601,0.0717,-0.2676
1787920389.696224,-0.301871,0.639240,2.142622,0.0594,-0.2676
1787920389.714213,-0.302046,0.639886,2.142240,0.0522,-0.2528
1787920389.734188,-0.302578,0.640063,2.140982,0.0431,-0.2528
1787920389.735436,-0.303280,0.640517,2.139823,0.2131,-0.2528
1787920389.736467,-0.303495,0.640840,2.139286,0.2620,-0.2528
1787920389.738479,-0.303627,0.641434,2.139008,0.2687,-0.2528
1787920389.740191,-0.303824,0.641767,2.138687,0.2558,-0.2528
1787920389.740993,-0.303974,0.642122,2.138384,0.3211,-0.2528
1787920389.741997,-0.304393,0.642463,2.137988,0.3779,-0.2528
1787920389.746165,-0.304750,0.642877,2.137312,0.3035,-0.2528
1787920389.752530,-0.305270,0.643103,2.136534,0.2346,-0.2528
1787920389.759133,-0.305604,0.643519,2.135649,0.1883,-0.2528
1787920389.765937,-0.305917,0.644014,2.135109,0.1576,-0.2528
1787920389.772547,-0.306191,0.644318,2.134227,0.1286,-0.2528
1787920389.781912,-0.306443,0.644613,2.134053,0.1023,-0.2528
1787920389.790470,-0.306900,0.644974,2.133095,0.0909,-0.2528
1787920389.793647,-0.306848,0.645496,2.132976,0.1027,-0.2528
1787920389.799272,-0.307802,0.645667,2.130992,0.1067,-0.2528
1787920389.805810,-0.308057,0.646140,2.130605,0.0993,-0.2528
1787920389.816999,-0.308364,0.646667,2.129797,0.0858,-0.2532
1787920389.819690,-0.308998,0.646885,2.128480,0.1182,-0.2532
1787920389.825674,-0.309099,0.647416,2.128781,0.1080,-0.2532
1787920389.832572,-0.309262,0.647742,2.128514,0.0914,-0.2532
1787920389.839061,-0.309232,0.648143,2.128622,0.0789,-0.2532
1787920389.845905,-0.309167,0.648678,2.128831,0.0737,-0.2532
1787920389.852823,-0.309332,0.648923,2.128472,0.0644,-0.2532
1787920389.859504,-0.309550,0.649285,2.128628,0.0640,-0.2532
1787920389.865568,-0.309369,0.649883,2.128381,0.0652,-0.2532
1787920389.872765,-0.309593,0.650332,2.128010,0.0665,-0.2532
1787920389.879378,-0.309920,0.650783,2.127106,0.0717,-0.2532
1787920389.886027,-0.310351,0.650912,2.126490,0.0654,-0.2532
1787920389.895853,-0.310605,0.651444,2.125936,0.0637,-0.2532
1787920389.899281,-0.310624,0.652031,2.125629,0.0891,-0.2532
1787920389.905900,-0.311415,0.652256,2.123962,0.0899,-0.2532
1787920389.912963,-0.311318,0.652753,2.124320,0.0787,-0.2327
1787920389.919233,-0.311769,0.653157,2.123417,0.0829,-0.2327
1787920389.926179,-0.312313,0.653554,2.122110,0.0849,-0.2327
1787920389.932188,-0.312558,0.653877,2.121896,0.0796,-0.2327
1787920389.939813,-0.312939,0.654280,2.121212,0.0771,-0.2327
1787920389.946203,-0.313125,0.654639,2.120833,0.0729,-0.2327
1787920389.952516,-0.313278,0.654971,2.120382,0.0683,-0.2327
1787920389.959597,-0.313283,0.655545,2.120194,0.0686,-0.2327
1787920389.965711,-0.313463,0.655869,2.120146,0.0662,-0.2327
1787920389.972415,-0.313587,0.656292,2.119916,0.0654,-0.2327
1787920389.979815,-0.313580,0.656797,2.120029,0.0631,-0.2327
1787920389.987377,-0.314167,0.657021,2.118985,0.0639,-0.2327
1787920390.007212,-0.314148,0.657471,2.118828,0.0504,-0.2327
1787920390.009070,-0.314436,0.657923,2.118449,0.1218,-0.2327
1787920390.011190,-0.314789,0.658333,2.117860,0.1608,-0.2327
1787920390.037697,-0.314862,0.658846,2.117549,0.1179,-0.2142
1787920390.040149,-0.315248,0.659370,2.116718,0.1619,-0.2142
1787920390.042043,-0.315611,0.659764,2.116035,0.1965,-0.2142
1787920390.043813,-0.315974,0.659997,2.115567,0.2032,-0.2142
1787920390.045863,-0.316635,0.660341,2.114086,0.2354,-0.2142
1787920390.047385,-0.316749,0.660753,2.114116,0.2458,-0.2142
1787920390.052306,-0.317251,0.660855,2.113055,0.1932,-0.2142
1787920390.059297,-0.317020,0.661647,2.113077,0.1592,-0.2142
1787920390.065881,-0.317536,0.661824,2.112340,0.1305,-0.2142
1787920390.072570,-0.317453,0.662368,2.112065,0.1103,-0.2142
1787920390.079468,-0.317475,0.662824,2.112071,0.0947,-0.2142
1787920390.087702,-0.317437,0.663456,2.111999,0.0853,-0.2142
1787920390.092273,-0.317519,0.663913,2.112129,0.0882,-0.2142
1787920390.099695,-0.317883,0.664366,2.111583,0.0850,-0.2142
1787920390.105668,-0.318070,0.664602,2.110980,0.0745,-0.2142
1787920390.112967,-0.318259,0.665116,2.111051,0.0743,-0.1903
1787920390.119226,-0.318713,0.665322,2.110012,0.0716,-0.1903
1787920390.127082,-0.319064,0.665814,2.109304,0.0731,-0.1903
1787920390.133232,-0.319139,0.666181,2.109095,0.0685,-0.1903
1787920390.139387,-0.319389,0.666727,2.108768,0.0770,-0.1903
1787920390.147269,-0.320173,0.666746,2.107444,0.0698,-0.1903
1787920390.152911,-0.320274,0.667445,2.106962,0.0836,-0.1903
1787920390.158914,-0.320670,0.667745,2.106042,0.0815,-0.1903
1787920390.166232,-0.321256,0.667917,2.104877,0.0753,-0.1903
1787920390.172847,-0.321069,0.668583,2.105247,0.0744,-0.1903
1787920390.179164,-0.321637,0.668894,2.104156,0.0785,-0.1903
1787920390.185850,-0.321447,0.669317,2.104550,0.0669,-0.1903
1787920390.192383,-0.321428,0.669825,2.104407,0.0665,-0.1903
1787920390.200081,-0.321266,0.670294,2.104127,0.0591,-0.1903
1787920390.206539,-0.321627,0.670489,2.103556,0.0577,-0.1903
1787920390.212291,-0.321510,0.670900,2.103631,0.0558,-0.0000
1787920390.219605,-0.321832,0.671092,2.103137,0.0525,-0.0000
1787920390.226203,-0.322098,0.671349,2.102726,0.0530,-0.0000
1787920390.232567,-0.321870,0.671601,2.102810,0.0419,-0.0000
1787920390.239089,-0.322262,0.671866,2.101758,0.0490,-0.0000
1787920390.245895,-0.322213,0.672031,2.101264,0.0395,-0.0000
1787920390.252442,-0.322629,0.672136,2.100283,0.0414,-0.0000
1787920390.259236,-0.322534,0.672257,2.100346,0.0315,-0.0000
1787920390.265534,-0.322737,0.672264,2.099526,0.0272,-0.0000
1787920390.272686,-0.323050,0.672579,2.098578,0.0371,-0.0000
1787920390.279624,-0.322851,0.672604,2.099140,0.0225,-0.0000
1787920390.286082,-0.322566,0.672462,2.098879,0.0034,-0.0000
1787920390.292602,-0.323174,0.672306,2.097045,0.0102,-0.0000
1787920390.342451,-0.323113,0.672134,2.096395,0.0061,-0.0000
1787920390.351154,-0.323366,0.671798,2.095820,-0.0014,-0.0000
1787920390.352123,-0.322437,0.671995,2.096964,-0.0927,-0.0000
1787920390.352938,-0.322745,0.671717,2.096686,-0.0965,-0.0000
1787920390.354634,-0.322400,0.671807,2.097376,-0.0844,-0.0000
1787920390.356387,-0.322071,0.671777,2.098673,-0.0919,-0.0000
1787920390.358129,-0.321961,0.671605,2.098778,-0.0994,-0.0000
1787920390.359612,-0.321787,0.671610,2.098764,-0.0865,-0.0000
1787920390.360404,-0.322034,0.671457,2.098161,-0.0636,-0.0000
1787920390.361193,-0.321964,0.671316,2.098203,-0.1041,-0.0000
1787920390.366135,-0.322166,0.671126,2.097759,-0.0767,-0.0000
1787920390.372630,-0.321889,0.671248,2.098031,-0.0552,-0.0000
1787920390.381208,-0.322136,0.671137,2.097739,-0.0377,-0.0000
1787920390.386061,-0.322174,0.671057,2.097964,-0.0294,-0.0000
1787920390.392360,-0.322249,0.670972,2.097496,-0.0223,-0.0000
1787920390.399076,-0.322154,0.671217,2.097338,-0.0083,-0.0000
1787920390.406080,-0.322263,0.671053,2.097173,-0.0095,-0.0000
1787920390.413023,-0.322337,0.671059,2.097026,-0.0049,-0.0000
1787920390.419750,-0.322549,0.671159,2.096381,0.0052,-0.0000
1787920390.425658,-0.322488,0.671240,2.096977,0.0056,-0.0000
1787920390.432749,-0.322360,0.671281,2.097392,0.0028,-0.0000
1787920390.439296,-0.322291,0.671553,2.097747,0.0111,-0.0000
1787920390.445956,-0.322436,0.671629,2.097186,0.0140,-0.0000
1787920390.452950,-0.322475,0.671531,2.097889,0.0070,-0.0000
1787920390.459315,-0.322409,0.671670,2.097745,0.0090,-0.0000
1787920390.466095,-0.322383,0.671676,2.098055,0.0059,-0.0000
1787920390.473061,-0.322447,0.671704,2.097546,0.0066,-0.0000
1787920390.479000,-0.322450,0.671720,2.097794,0.0054,-0.0000
1787920390.485964,-0.322444,0.671702,2.097982,0.0030,-0.0000
1787920390.492435,-0.322200,0.671791,2.098439,-0.0001,-0.0000
1787920390.500195,-0.322181,0.671865,2.098306,0.0021,-0.0000
1787920390.508811,-0.322310,0.671748,2.097983,0.0002,-0.0000
1787920390.513631,-0.322205,0.671679,2.098134,-0.0069,-0.0000
1787920390.519152,-0.322363,0.671671,2.097945,-0.0009,-0.0000
1787920390.526139,-0.322066,0.671702,2.098235,-0.0059,-0.0000
1787920390.533580,-0.322115,0.671702,2.098103,-0.0031,-0.0000
1787920390.539329,-0.322094,0.671666,2.098185,-0.0044,-0.0000
1787920390.548189,-0.322069,0.671659,2.098194,-0.0037,-0.0000
1787920390.553433,-0.322179,0.671596,2.097892,-0.0025,-0.0000
1787920390.559310,-0.322267,0.671550,2.097785,-0.0016,-0.0000
1787920390.566236,-0.322130,0.671543,2.098086,-0.0043,-0.0000
1787920390.572554,-0.321855,0.671734,2.098510,-0.0018,-0.0000
1787920390.579844,-0.322243,0.671617,2.097615,0.0026,-0.0000
1787920390.585441,-0.322140,0.671563,2.097874,-0.0034,-0.0000
1787920390.592813,-0.322208,0.671540,2.097617,-0.0018,-0.0000
1787920390.599400,-0.322042,0.671716,2.098258,0.0018,-0.0000
1787920390.615900,-0.322111,0.671690,2.097795,0.0015,-0.0000
1787920390.620304,-0.322154,0.671624,2.098360,-0.0013,-0.0000
1787920390.636729,-0.322152,0.671621,2.098302,-0.0010,-0.0000
1787920390.637857,-0.322299,0.671542,2.098158,0.0008,-0.0000
1787920390.640940,-0.322232,0.671732,2.097814,0.0132,-0.0000
1787920390.652741,-0.322354,0.671607,2.098018,0.0081,-0.0000
1787920390.653621,-0.322397,0.671610,2.097714,0.0137,-0.0000
1787920390.654466,-0.322042,0.671738,2.098471,-0.0144,-0.0000
1787920390.659401,-0.322117,0.671572,2.098475,-0.0165,-0.0000
1787920390.665630,-0.322256,0.671744,2.098178,-0.0011,-0.0000
1787920390.672877,-0.322149,0.671707,2.098434,-0.0043,-0.0000
1787920390.679555,-0.322177,0.671696,2.098340,-0.0028,-0.0000
1787920390.686442,-0.322157,0.671720,2.098269,-0.0015,-0.0000
1787920390.692402,-0.322177,0.671642,2.098213,-0.0039,-0.0000
1787920390.699833,-0.322294,0.671726,2.097741,0.0025,-0.0000
1787920390.705856,-0.322344,0.671680,2.097559,0.0011,-0.0000
1787920390.713689,-0.322136,0.671722,2.098135,-0.0019,-0.0000
1787920390.719033,-0.322226,0.671684,2.097696,-0.0006,-0.0000
1787920390.726201,-0.322241,0.671723,2.097970,0.0013,-0.0000
1787920390.732820,-0.322112,0.671737,2.098051,-0.0015,-0.0000
1787920390.739431,-0.322145,0.671611,2.097951,-0.0052,-0.0000
1787920390.746012,-0.322069,0.671671,2.098237,-0.0031,-0.0000
1787920390.752499,-0.322116,0.671714,2.098316,0.0007,-0.0000
1787920390.760145,-0.322058,0.671709,2.098330,-0.0008,-0.0000
1787920390.766883,-0.322052,0.671820,2.098094,0.0035,-0.0000
1787920390.772615,-0.321868,0.671874,2.098833,0.0001,-0.0000
1787920390.779999,-0.322133,0.671744,2.098225,0.0009,-0.0000
1787920390.785742,-0.322111,0.671669,2.098388,-0.0033,-0.0000
1787920390.792499,-0.322057,0.671785,2.098446,0.0009,-0.0000
1787920390.799381,-0.322521,0.671637,2.097461,0.0052,-0.0000
1787920390.805916,-0.322122,0.671660,2.098175,-0.0047,-0.0000
1787920390.814605,-0.322203,0.671731,2.098175,0.0003,-0.0000
1787920390.819423,-0.322273,0.671668,2.097834,-0.0010,-0.0000
1787920390.826041,-0.322451,0.671604,2.097684,0.0008,-0.0000
1787920390.832464,-0.322096,0.671805,2.098383,0.0004,-0.0000
1787920390.840163,-0.322290,0.671609,2.097997,-0.0026,-0.0000
1787920390.846480,-0.322281,0.671773,2.097923,0.0047,-0.0000
1787920390.852357,-0.322264,0.671700,2.097969,-0.0003,-0.0000
1787920390.859405,-0.322371,0.671655,2.097726,0.0004,-0.0000
1787920390.865912,-0.322241,0.671720,2.098145,-0.0001,-0.0000
1787920390.872218,-0.322342,0.671654,2.097671,-0.0004,-0.0000
1787920390.879682,-0.322168,0.671724,2.098068,-0.0014,-0.0000
1787920390.886103,-0.322169,0.671678,2.098237,-0.0028,-0.0000
1787920390.893358,-0.322203,0.671689,2.098113,-0.0009,-0.0000
1787920390.900242,-0.322298,0.671633,2.097874,-0.0006,-0.0000
1787920390.907380,-0.321965,0.671726,2.098526,-0.0041,-0.0000
1787920390.916929,-0.322226,0.671745,2.098043,0.0018,-0.0000
1787920390.919208,-0.322395,0.671618,2.097568,-0.0020,-0.0000
1787920390.926297,-0.322407,0.671708,2.097479,0.0021,-0.0000
1787920390.933374,-0.322164,0.671709,2.098136,-0.0037,-0.0000
1787920390.942245,-0.322217,0.671739,2.098077,-0.0008,-0.0000
1787920390.945956,-0.322221,0.671721,2.097904,-0.0016,-0.0000
1787920390.952482,-0.322186,0.671741,2.098247,-0.0011,-0.0000
1787920390.960293,-0.321984,0.671865,2.098402,-0.0006,-0.0000
1787920390.966588,-0.322176,0.671695,2.097966,-0.0028,-0.0000
1787920390.972458,-0.322073,0.671732,2.098216,-0.0030,-0.0000
1787920390.979374,-0.322397,0.671708,2.097535,0.0041,-0.0000
1787920390.985904,-0.322170,0.671669,2.098398,-0.0040,-0.0000
1787920390.992599,-0.322311,0.671590,2.097934,-0.0026,-0.0000
1787920390.999109,-0.322404,0.671680,2.097776,0.0039,-0.0000
1787920391.005942,-0.322211,0.671642,2.097996,-0.0030,-0.0000
1787920391.012496,-0.322151,0.671763,2.098185,0.0013,-0.0000
1787920391.020016,-0.322173,0.671789,2.098146,0.0023,-0.0000
1787920391.025679,-0.322313,0.671695,2.097839,0.0010,-0.0000
1787920391.032657,-0.322051,0.671898,2.098103,0.0026,-0.0000
1787920391.039519,-0.322345,0.671617,2.097926,-0.0023,-0.0000
1787920391.046410,-0.321980,0.671773,2.098513,-0.0038,-0.0000
1787920391.053086,-0.321982,0.671838,2.098513,-0.0001,-0.0000
1787920391.059095,-0.322280,0.671723,2.097962,0.0025,-0.0000
1787920391.067783,-0.322210,0.671814,2.098154,0.0032,-0.0000
1787920391.072851,-0.322212,0.671779,2.097770,0.0006,-0.0000
1787920391.080058,-0.322313,0.671618,2.097999,-0.0033,-0.0000
1787920391.086253,-0.322349,0.671578,2.097819,-0.0031,-0.0000
1787920391.092352,-0.322110,0.671705,2.098106,-0.0027,-0.0000
1787920391.100225,-0.322239,0.671678,2.097876,-0.0003,-0.0000
1787920391.106108,-0.322056,0.671764,2.098317,-0.0011,-0.0000
1787920391.112507,-0.321907,0.671789,2.098528,-0.0033,-0.0000
1787920391.121668,-0.322046,0.671837,2.098412,0.0014,-0.0000
1787920391.125809,-0.322202,0.671802,2.097962,0.0044,-0.0000
1787920391.132643,-0.322115,0.671692,2.098195,-0.0030,-0.0000
1787920391.139594,-0.322376,0.671677,2.097965,0.0030,-0.0000
1787920391.147770,-0.322318,0.671646,2.097623,0.0001,-0.0000
1787920391.151981,-0.322063,0.671756,2.098390,-0.0024,-0.0000
1787920391.159234,-0.322313,0.671697,2.097712,0.0014,-0.0000
1787920391.166291,-0.322219,0.671711,2.098035,-0.0005,-0.0000
1787920391.173381,-0.322188,0.671756,2.098005,0.0006,-0.0000
1787920391.179313,-0.322266,0.671761,2.097752,0.0027,-0.0000
1787920391.185586,-0.322027,0.671814,2.098275,-0.0017,-0.0000
1787920391.193019,-0.322441,0.671739,2.097487,0.0046,-0.0000
1787920391.199052,-0.322300,0.671622,2.097978,-0.0054,-0.0000
1787920391.206006,-0.322127,0.671828,2.098011,0.0002,-0.0000
1787920391.214107,-0.322077,0.671626,2.098322,-0.0073,-0.0000
1787920391.219102,-0.322219,0.671783,2.098137,0.0073,-0.0000
1787920391.232150,-0.322339,0.671739,2.097849,0.0056,-0.0000
1787920391.233967,-0.322031,0.671698,2.098648,-0.0275,-0.0000
1787920391.240289,-0.322215,0.671761,2.098082,-0.0123,-0.0000
1787920391.249544,-0.322092,0.671736,2.098479,-0.0113,-0.0000
1787920391.252574,-0.322100,0.671764,2.098208,-0.0051,-0.0000
1787920391.259207,-0.322090,0.671729,2.097980,-0.0051,-0.0000
1787920391.266420,-0.322427,0.671645,2.097407,0.0004,-0.0000
1787920391.274353,-0.322359,0.671754,2.097845,0.0026,-0.0000
1787920391.279561,-0.322634,0.671565,2.097401,0.0003,-0.0000
1787920391.285897,-0.322178,0.671710,2.098103,-0.0047,-0.0000
1787920391.292417,-0.322107,0.671830,2.098120,-0.0001,-0.0000
1787920391.299924,-0.321915,0.671766,2.098724,-0.0062,-0.0000
1787920391.305558,-0.322102,0.671827,2.098332,0.0035,-0.0000
1787920391.312869,-0.322044,0.671769,2.098638,-0.0008,-0.0000
1787920391.319229,-0.322100,0.671759,2.098322,0.0004,-0.0000
1787920391.327342,-0.322259,0.671727,2.098150,0.0022,-0.0000
1787920391.332725,-0.322088,0.671812,2.098345,0.0008,-0.0000
1787920391.340145,-0.322050,0.671754,2.098488,-0.0022,-0.0000
1787920391.345756,-0.322253,0.671811,2.097831,0.0065,-0.0000
1787920391.353411,-0.322240,0.671623,2.097986,-0.0020,-0.0000
1787920391.359991,-0.322083,0.671852,2.098125,0.0040,-0.0000
1787920391.366240,-0.322106,0.671818,2.098120,0.0019,-0.0000
1787920391.372938,-0.322259,0.671744,2.098126,0.0019,-0.0000
1787920391.379090,-0.322234,0.671753,2.097844,0.0011,-0.0000
1787920391.386125,-0.322156,0.671747,2.098484,-0.0011,-0.0000
1787920391.392680,-0.322298,0.671760,2.098012,0.0030,-0.0000
1787920391.400041,-0.322380,0.671675,2.097640,0.0008,-0.0000
1787920391.406090,-0.322283,0.671785,2.098100,0.0029,-0.0000
1787920391.412326,-0.322370,0.671621,2.097768,-0.0027,-0.0000
1787920391.419635,-0.322336,0.671631,2.097804,-0.0023,-0.0000
1787920391.428915,-0.322227,0.671710,2.098127,-0.0011,-0.0000
1787920391.432837,-0.322234,0.671608,2.098201,-0.0073,-0.0000
1787920391.439528,-0.322173,0.671731,2.098048,-0.0017,-0.0000
1787920391.445947,-0.322133,0.671812,2.098347,0.0012,-0.0000
1787920391.454217,-0.322039,0.671865,2.098242,0.0007,-0.0000
1787920391.459510,-0.322234,0.671692,2.098034,-0.0024,-0.0000
1787920391.466416,-0.322145,0.671840,2.098122,0.0019,-0.0000
1787920391.472929,-0.322159,0.671749,2.098275,-0.0019,-0.0000
1787920391.479137,-0.322315,0.671695,2.098172,0.0002,-0.0000
1787920391.486823,-0.322313,0.671705,2.097824,0.0004,-0.0000
1787920391.494821,-0.322163,0.671794,2.098242,0.0004,-0.0000
1787920391.499413,-0.322295,0.671712,2.097744,-0.0000,-0.0000
1787920391.505768,-0.322439,0.671748,2.097701,0.0048,-0.0000
1787920391.512748,-0.322443,0.671734,2.097493,0.0030,-0.0000
1787920391.520543,-0.322251,0.671739,2.098240,-0.0015,-0.0000
1787920391.526278,-0.322144,0.671897,2.098030,0.0033,-0.0000
1787920391.544891,-0.322280,0.671873,2.097962,0.0031,-0.0000
1787920391.546395,-0.322019,0.671860,2.098320,-0.0263,-0.0000
1787920391.547372,-0.322187,0.671685,2.098289,-0.0387,-0.0000
1787920391.585507,-0.322170,0.671698,2.098189,-0.0271,-0.0000
1787920391.587220,-0.322363,0.671666,2.098109,-0.0066,-0.0000
1787920391.589569,-0.322164,0.671806,2.098038,-0.0020,-0.0000
1787920391.591449,-0.322175,0.671715,2.098100,-0.0131,-0.0000
1787920391.593066,-0.322325,0.671766,2.097933,0.0129,-0.0000
1787920391.593919,-0.322286,0.671746,2.097852,-0.0038,-0.0000
1787920391.595754,-0.322381,0.671732,2.097638,0.0032,-0.0000
1787920391.600160,-0.322310,0.671723,2.097693,-0.0007,-0.0000
1787920391.606146,-0.322450,0.671705,2.097589,0.0022,-0.0000
1787920391.612234,-0.322237,0.671605,2.098217,-0.0080,0.3000
1787920391.619308,-0.322294,0.671752,2.097698,0.0010,0.3000
1787920391.626113,-0.322009,0.671778,2.098519,-0.0046,0.3000
1787920391.634087,-0.321962,0.671922,2.098474,0.0005,0.3000
1787920391.639206,-0.322043,0.671832,2.098338,-0.0018,0.3000
1787920391.645802,-0.322116,0.671744,2.098334,-0.0030,0.3000
1787920391.653028,-0.322212,0.671904,2.097792,0.0056,0.3000
1787920391.660851,-0.321960,0.671909,2.098712,-0.0007,0.3000
1787920391.665750,-0.322356,0.671700,2.097664,0.0006,0.3000
1787920391.672625,-0.322393,0.671737,2.097499,0.0026,0.3000
1787920391.679142,-0.322418,0.671684,2.096761,0.0003,0.3000
1787920391.686175,-0.322695,0.671629,2.095322,0.0041,0.3000
1787920391.692786,-0.322974,0.671231,2.094495,-0.0064,0.3000
1787920391.699094,-0.323248,0.671158,2.093412,-0.0010,0.3000
1787920391.706178,-0.323541,0.671278,2.092789,0.0099,0.3000
1787920391.712907,-0.323711,0.671084,2.092569,0.0032,0.6000
1787920391.719203,-0.323794,0.671149,2.092511,0.0069,0.6000
1787920391.727265,-0.323743,0.671158,2.092900,0.0042,0.6000
1787920391.736238,-0.323474,0.671223,2.093601,0.0003,0.6000
1787920391.739005,-0.323897,0.671332,2.093792,0.0334,0.6000
1787920391.745843,-0.323687,0.671554,2.094562,0.0272,0.6000
1787920391.752581,-0.323446,0.671577,2.095966,0.0146,0.6000
1787920391.761553,-0.323188,0.671844,2.096825,0.0136,0.6000
1787920391.765983,-0.323236,0.671944,2.097185,0.0170,0.6000
1787920391.772190,-0.323217,0.672011,2.097202,0.0142,0.6000
1787920391.780022,-0.323035,0.672000,2.097635,0.0061,0.6000
1787920391.785954,-0.323402,0.672144,2.097033,0.0199,0.6000
1787920391.793410,-0.322695,0.672256,2.098205,0.0035,0.6000
1787920391.799479,-0.322921,0.672210,2.097789,0.0061,0.6000
1787920391.805657,-0.322839,0.672419,2.097842,0.0110,0.6000
1787920391.812519,-0.322810,0.672406,2.097815,0.0066,0.7000
1787920391.821186,-0.322505,0.672315,2.098564,-0.0034,0.7000
1787920391.825748,-0.322889,0.672392,2.098115,0.0147,0.7000
1787920391.832300,-0.322469,0.672465,2.099323,0.0035,0.7000
1787920391.877628,-0.322457,0.672535,2.099905,0.0028,0.7000
1787920391.878768,-0.322512,0.672622,2.100041,0.0293,0.7000
1787920391.880416,-0.322356,0.672734,2.101099,0.0237,0.7000
1787920391.882556,-0.321947,0.672894,2.102395,0.0068,0.7000
1787920391.884439,-0.322067,0.672773,2.102380,-0.0022,0.7000
1787920391.886285,-0.322076,0.673075,2.101897,0.0415,0.7000
1787920391.888113,-0.321987,0.672870,2.101958,-0.0074,0.7000
1787920391.889624,-0.322118,0.672906,2.101432,0.0141,0.7000
1787920391.892987,-0.322166,0.672747,2.100867,-0.0001,0.7000
1787920391.899765,-0.322621,0.673103,2.099477,0.0237,0.7000
1787920391.907089,-0.322690,0.673033,2.098856,0.0155,0.7000
1787920391.914196,-0.322834,0.672814,2.098764,0.0059,0.7000
1787920391.919841,-0.322674,0.673072,2.098809,0.0117,0.7000
1787920391.926453,-0.322700,0.672977,2.098650,0.0051,0.7000
1787920391.933464,-0.322705,0.672852,2.098557,-0.0009,0.7000
1787920391.941601,-0.322366,0.672878,2.099627,-0.0062,0.7000
1787920391.945648,-0.322499,0.672755,2.099402,-0.0072,0.7000
1787920391.952776,-0.322426,0.672705,2.099594,-0.0084,0.7000
1787920391.959842,-0.322218,0.672906,2.100167,-0.0030,0.7000
1787920391.966884,-0.322387,0.672728,2.100145,-0.0050,0.7000
1787920391.972477,-0.322236,0.672717,2.100673,-0.0081,0.7000
1787920391.981557,-0.322238,0.672902,2.100302,-0.0004,0.7000
1787920391.985845,-0.322523,0.672855,2.099968,0.0070,0.7000
1787920391.992598,-0.322407,0.672929,2.100150,0.0051,0.7000
1787920392.000454,-0.322858,0.672690,2.099372,0.0044,0.7000
1787920392.006267,-0.322410,0.672882,2.100046,-0.0001,0.7000
1787920392.012831,-0.322404,0.672864,2.100167,-0.0009,0.7000
1787920392.018971,-0.322676,0.672653,2.099764,-0.0028,0.7000
1787920392.025684,-0.322792,0.672852,2.099580,0.0083,0.7000
1787920392.034460,-0.322525,0.672875,2.100263,0.0019,0.7000
1787920392.043326,-0.322375,0.672781,2.100372,-0.0040,0.7000
1787920392.047173,-0.322201,0.672606,2.101134,-0.0214,0.7000
1787920392.052423,-0.321968,0.672774,2.101004,-0.0135,0.7000
1787920392.059044,-0.321718,0.672375,2.101440,-0.0307,0.7000
1787920392.068656,-0.321470,0.672310,2.101631,-0.0272,0.7000
1787920392.072702,-0.321395,0.671733,2.101280,-0.0588,0.7000
1787920392.078891,-0.320477,0.671584,2.102353,-0.0699,0.7000
1787920392.085786,-0.320427,0.671082,2.101177,-0.0689,0.7000
1787920392.092751,-0.320191,0.670599,2.099974,-0.0713,0.7000
1787920392.100492,-0.319754,0.669919,2.099182,-0.0812,0.7000
1787920392.106102,-0.318775,0.669422,2.099031,-0.1062,0.7000
1787920392.112718,-0.318377,0.668546,2.097778,-0.1177,0.7000
1787920392.118917,-0.318081,0.667828,2.097094,-0.1197,0.7000
1787920392.126099,-0.317975,0.667391,2.095066,-0.1018,0.7000
1787920392.132575,-0.317410,0.666674,2.094241,-0.1131,0.7000
1787920392.140329,-0.316505,0.666102,2.094191,-0.1159,0.7000
1787920392.146339,-0.316084,0.665419,2.092815,-0.1211,0.7000
1787920392.171786,-0.314735,0.664824,2.093620,-0.0988,0.7000
1787920392.175780,-0.314601,0.663774,2.092094,-0.1425,0.7000
1787920392.177567,-0.313477,0.662920,2.093090,-0.3180,0.7000
1787920392.179444,-0.313232,0.662433,2.091677,-0.3097,0.7000
1787920392.180307,-0.312827,0.661807,2.090637,-0.4757,0.7000
1787920392.186546,-0.311954,0.661251,2.090962,-0.3771,0.7000
1787920392.192734,-0.311407,0.660697,2.090259,-0.3004,0.7000
1787920392.198992,-0.310963,0.659765,2.089205,-0.2597,0.7000
1787920392.206078,-0.310627,0.659175,2.087800,-0.2105,0.7000
1787920392.212727,-0.309770,0.658363,2.087854,-0.1983,0.7000
1787920392.219595,-0.309626,0.657379,2.086174,-0.1793,0.7000
1787920392.226248,-0.309460,0.656627,2.084990,-0.1587,0.7000
1787920392.232551,-0.309134,0.656074,2.083925,-0.1417,0.7000
1787920392.239127,-0.308525,0.655309,2.083580,-0.1432,0.7000
1787920392.248176,-0.307661,0.654891,2.083186,-0.1263,0.7000
1787920392.253348,-0.306894,0.654418,2.083072,-0.1342,0.7000
1787920392.259341,-0.306432,0.653563,2.082615,-0.1426,0.7000
1787920392.265666,-0.306305,0.652514,2.081519,-0.1462,0.7000
1787920392.274495,-0.305546,0.651722,2.081631,-0.1384,0.7000
1787920392.278850,-0.305285,0.651238,2.080319,-0.1347,0.7000
1787920392.286281,-0.304503,0.650628,2.080236,-0.1312,0.7000
1787920392.292153,-0.304039,0.650040,2.079591,-0.1296,0.7000
1787920392.299581,-0.303011,0.649560,2.080074,-0.1279,0.7000
1787920392.305803,-0.302343,0.649011,2.079336,-0.1284,0.7000
1787920392.312268,-0.302063,0.648113,2.078240,-0.1326,0.7000
1787920392.319079,-0.301463,0.647636,2.077305,-0.1240,0.7000
1787920392.326319,-0.301342,0.646760,2.076005,-0.1210,0.7000
1787920392.332393,-0.300539,0.645996,2.076217,-0.1369,0.7000
1787920392.340546,-0.300422,0.645162,2.074723,-0.1248,0.7000
1787920392.350729,-0.300289,0.644504,2.072712,-0.1062,0.7000
1787920392.353015,-0.299635,0.644018,2.072094,-0.1715,0.7000
1787920392.359237,-0.298504,0.643324,2.072423,-0.1756,0.7000
1787920392.365818,-0.298192,0.642628,2.070850,-0.1576,0.7000
1787920392.372305,-0.297586,0.641762,2.070185,-0.1589,0.7000
1787920392.379817,-0.297309,0.641118,2.068563,-0.1391,0.7000
1787920392.386462,-0.296634,0.640261,2.067965,-0.1459,0.7000
1787920392.393072,-0.295992,0.639501,2.066723,-0.1464,0.7000
1787920392.401604,-0.295796,0.638759,2.064828,-0.1287,0.7000
1787920392.407049,-0.295019,0.638080,2.063812,-0.1433,0.7000
1787920392.412316,-0.294123,0.637222,2.063030,-0.1675,0.7000
1787920392.418979,-0.294229,0.636323,2.060311,-0.1507,0.7000
1787920392.426273,-0.293702,0.635366,2.059038,-0.1504,0.7000
1787920392.432732,-0.293597,0.634637,2.056393,-0.1376,0.7000
1787920392.439283,-0.293018,0.633738,2.055717,-0.1450,0.7000
1787920392.446265,-0.291994,0.633168,2.055551,-0.1437,0.7000
1787920392.452647,-0.290971,0.632266,2.054960,-0.1605,0.7000
1787920392.459616,-0.290796,0.631447,2.052451,-0.1471,0.7000
1787920392.465785,-0.289562,0.630618,2.052517,-0.1665,0.7000
1787920392.473930,-0.288496,0.629971,2.052003,-0.1559,0.7000
1787920392.481234,-0.288418,0.629174,2.049978,-0.1396,0.7000
1787920392.485806,-0.287753,0.628229,2.048650,-0.1729,0.7000
1787920392.492543,-0.287229,0.627302,2.046759,-0.1684,0.7000
1787920392.499275,-0.287072,0.626131,2.044968,-0.1675,0.7000
1787920392.506255,-0.286293,0.625548,2.043769,-0.1548,0.7000
1787920392.512457,-0.285966,0.624497,2.041858,-0.1608,0.7000
1787920392.519034,-0.285397,0.623707,2.040472,-0.1564,0.7000
1787920392.525989,-0.284366,0.622836,2.039918,-0.1632,0.7000
1787920392.533051,-0.283651,0.621936,2.038271,-0.1620,0.7000
1787920392.538820,-0.283356,0.621098,2.036446,-0.1592,0.7000
1787920392.545968,-0.283299,0.620107,2.034232,-0.1497,0.7000
1787920392.555900,-0.282542,0.619262,2.033062,-0.1379,0.7000
1787920392.561019,-0.281362,0.618327,2.033182,-0.1764,0.7000
1787920392.567449,-0.280716,0.617704,2.032243,-0.1629,0.7000
1787920392.573730,-0.279824,0.616887,2.031272,-0.1679,0.7000
1787920392.582126,-0.279342,0.615923,2.030100,-0.1561,0.7000
1787920392.587448,-0.278989,0.615109,2.028933,-0.1592,0.7000
1787920392.592376,-0.278892,0.614216,2.026814,-0.1629,0.7000
1787920392.599917,-0.277579,0.613556,2.026684,-0.1606,0.7000
1787920392.607509,-0.277300,0.612539,2.024454,-0.1534,0.7000
1787920392.612466,-0.277318,0.611810,2.022224,-0.1466,0.7000
1787920392.620028,-0.276581,0.611216,2.020663,-0.1365,0.7000
1787920392.625902,-0.276523,0.610263,2.018984,-0.1407,0.7000
1787920392.635298,-0.276277,0.609448,2.017162,-0.1254,0.7000
1787920392.639254,-0.275350,0.608780,2.016886,-0.1638,0.7000
1787920392.647614,-0.275026,0.607832,2.016268,-0.1503,0.7000
1787920392.652412,-0.274156,0.606987,2.015786,-0.1764,0.7000
1787920392.659393,-0.273619,0.606276,2.014973,-0.1609,0.7000
1787920392.665630,-0.273835,0.605384,2.012434,-0.1470,0.7000
1787920392.672644,-0.273036,0.604603,2.012284,-0.1477,0.7000
1787920392.679567,-0.272787,0.603867,2.010613,-0.1369,0.7000
1787920392.685856,-0.271955,0.603112,2.009975,-0.1453,0.7000
1787920392.693030,-0.271255,0.602388,2.009548,-0.1415,0.7000
1787920392.698994,-0.270882,0.601681,2.008179,-0.1392,0.7000
1787920392.705588,-0.270442,0.601048,2.006806,-0.1320,0.7000
1787920392.712940,-0.269991,0.600178,2.005323,-0.1324,0.7000
1787920392.719433,-0.269836,0.599258,2.003599,-0.1342,0.7000
1787920392.726147,-0.269168,0.598687,2.002926,-0.1296,0.7000
1787920392.732340,-0.268748,0.598040,2.001519,-0.1277,0.7000
1787920392.739329,-0.268150,0.597264,2.000440,-0.1304,0.7000
1787920392.746077,-0.267214,0.596439,2.000180,-0.1419,0.7000
1787920392.752512,-0.266900,0.595563,1.998130,-0.1426,0.7000
1787920392.760316,-0.266262,0.594695,1.996813,-0.1403,0.7000
1787920392.765965,-0.265542,0.594041,1.996195,-0.1456,0.7000
1787920392.772929,-0.265017,0.593347,1.994783,-0.1385,0.7000
1787920392.779758,-0.265106,0.592273,1.992895,-0.1384,0.7000
1787920392.786251,-0.263991,0.591458,1.992023,-0.1523,0.7000
1787920392.792575,-0.263702,0.590638,1.990355,-0.1477,0.7000
1787920392.799507,-0.263552,0.589504,1.988239,-0.1509,0.7000
1787920392.806426,-0.263141,0.588706,1.986581,-0.1445,0.7000
1787920392.813626,-0.262481,0.587869,1.985614,-0.1441,0.7000
1787920392.821310,-0.261865,0.587119,1.984531,-0.1374,0.7000
1787920392.825482,-0.261755,0.586045,1.982322,-0.1701,0.7000
1787920392.832654,-0.260736,0.585189,1.981551,-0.1689,0.7000
1787920392.839660,-0.260270,0.584327,1.979943,-0.1600,0.7000
1787920392.845971,-0.259917,0.583645,1.978331,-0.1485,0.7000
1787920392.852648,-0.259463,0.582811,1.977426,-0.1464,0.7000
1787920392.862508,-0.258998,0.581991,1.975658,-0.1310,0.7000
1787920392.866537,-0.258471,0.580955,1.974370,-0.1780,0.7000
1787920392.873722,-0.257675,0.579973,1.974109,-0.1754,0.7000
1787920392.881991,-0.257056,0.579156,1.973119,-0.1588,0.7000
1787920392.889261,-0.257029,0.578154,1.970504,-0.1497,0.7000
1787920392.892526,-0.256104,0.577509,1.970574,-0.1925,0.7000
1787920392.899513,-0.255978,0.576591,1.968335,-0.1732,0.7000
1787920392.906049,-0.255385,0.575835,1.966384,-0.1637,0.7000
1787920392.913023,-0.254872,0.574797,1.965168,-0.1643,0.7000
1787920392.919032,-0.253659,0.574035,1.965359,-0.1734,0.7000
1787920392.926069,-0.253676,0.573068,1.962345,-0.1592,0.7000
1787920392.933233,-0.253526,0.572226,1.960756,-0.1465,0.7000
1787920392.939253,-0.252842,0.571376,1.959771,-0.1547,0.7000
1787920392.945896,-0.252445,0.570716,1.957849,-0.1426,0.7000
1787920392.952246,-0.252066,0.569710,1.956400,-0.1506,0.7000
1787920392.958993,-0.250710,0.568896,1.957421,-0.1617,0.7000
1787920392.966614,-0.250763,0.567861,1.955265,-0.1502,0.7000
1787920392.972441,-0.250502,0.567062,1.953374,-0.1483,0.7000
1787920392.979606,-0.250088,0.566244,1.952251,-0.1421,0.7000
1787920392.985774,-0.249735,0.565551,1.951190,-0.1371,0.7000
1787920392.993564,-0.248990,0.564655,1.950233,-0.1387,0.7000
1787920392.999856,-0.248247,0.563931,1.949191,-0.1422,0.7000
1787920393.006082,-0.248011,0.563018,1.947965,-0.1446,0.7000
1787920393.012543,-0.247642,0.561978,1.946485,-0.1525,0.7000
1787920393.019217,-0.247344,0.561431,1.944279,-0.1345,0.7000
1787920393.026234,-0.247168,0.560492,1.942480,-0.1343,0.7000
1787920393.032707,-0.246760,0.559583,1.941330,-0.1401,0.7000
1787920393.039348,-0.246265,0.558907,1.939951,-0.1346,0.7000
1787920393.045701,-0.245527,0.558042,1.939296,-0.1449,0.7000
1787920393.053481,-0.244740,0.557171,1.938360,-0.1437,0.7000
1787920393.058887,-0.244142,0.556194,1.937889,-0.1631,0.7000
1787920393.085879,-0.244168,0.555498,1.935528,-0.1213,0.7000
1787920393.095747,-0.243402,0.554778,1.935064,-0.1137,0.7000
1787920393.096878,-0.242731,0.553971,1.934312,-0.3430,0.7000
1787920393.097975,-0.242451,0.552976,1.932532,-0.5215,0.7000
1787920393.099810,-0.241817,0.552111,1.931563,-0.5340,0.7000
1787920393.100678,-0.241504,0.551285,1.930494,-0.6790,0.7000
1787920393.108072,-0.241060,0.550508,1.928721,-0.5112,0.7000
1787920393.112750,-0.240558,0.549710,1.927712,-0.4170,0.7000
1787920393.119580,-0.240034,0.548700,1.927192,-0.3415,0.7000
1787920393.126256,-0.240150,0.547756,1.924832,-0.2770,0.7000
1787920393.132455,-0.239350,0.547238,1.923643,-0.2308,0.7000
1787920393.139393,-0.238534,0.546190,1.923178,-0.2163,0.7000
1787920393.145630,-0.237997,0.545059,1.922072,-0.2114,0.7000
1787920393.152622,-0.237843,0.544199,1.919630,-0.1849,0.7000
1787920393.159482,-0.237694,0.543449,1.917556,-0.1625,0.7000
1787920393.171114,-0.237277,0.542501,1.916214,-0.1404,0.7000
1787920393.173143,-0.237087,0.541487,1.914171,-0.2489,0.7000
1787920393.179200,-0.236682,0.540334,1.912390,-0.2348,0.7000
1787920393.185758,-0.235868,0.539729,1.911502,-0.2028,0.7000
1787920393.196553,-0.235622,0.538820,1.909628,-0.1681,0.7000
1787920393.198992,-0.234953,0.538125,1.907919,-0.2255,0.7000
1787920393.205668,-0.234872,0.537059,1.906508,-0.2043,0.7000
1787920393.213055,-0.234188,0.536349,1.905492,-0.1794,0.7000
1787920393.219250,-0.233815,0.535215,1.903783,-0.1834,0.7000
1787920393.225418,-0.233244,0.534257,1.902390,-0.1815,0.7000
1787920393.233040,-0.232676,0.533576,1.901265,-0.1596,0.7000
1787920393.238780,-0.232579,0.532659,1.899581,-0.1587,0.7000
1787920393.247425,-0.231734,0.531911,1.899095,-0.1451,0.7000
1787920393.252665,-0.231323,0.530829,1.897909,-0.1678,0.7000
1787920393.259194,-0.230890,0.530031,1.896991,-0.1586,0.7000
1787920393.265843,-0.230719,0.528942,1.894938,-0.1601,0.7000
1787920393.272690,-0.229964,0.528228,1.893627,-0.1522,0.7000
1787920393.279403,-0.229866,0.527635,1.892012,-0.1331,0.7000
1787920393.286287,-0.229096,0.526749,1.891148,-0.1404,0.7000
1787920393.297622,-0.228943,0.525636,1.889340,-0.1275,0.7000
1787920393.299552,-0.228143,0.524899,1.888734,-0.2369,0.7000
1787920393.305665,-0.228064,0.523786,1.886964,-0.2190,0.7000
1787920393.312454,-0.227399,0.523018,1.885757,-0.1946,0.7000
1787920393.320272,-0.226712,0.522032,1.885346,-0.1804,0.7000
1787920393.326659,-0.227340,0.521469,1.880955,-0.1425,0.7000
1787920393.333603,-0.226864,0.520499,1.879995,-0.1459,0.7000
1787920393.340335,-0.226053,0.519708,1.879723,-0.1467,0.7000
1787920393.345565,-0.225753,0.518937,1.877973,-0.1500,0.7000
1787920393.352699,-0.224972,0.518177,1.877628,-0.1454,0.7000
1787920393.359313,-0.224569,0.517278,1.876288,-0.1462,0.7000
1787920393.366036,-0.224316,0.516430,1.875559,-0.1418,0.7000
1787920393.374573,-0.224064,0.515551,1.873962,-0.1314,0.7000
1787920393.379252,-0.223796,0.514863,1.872056,-0.1392,0.7000
1787920393.385717,-0.223067,0.514008,1.871840,-0.1453,0.7000
1787920393.392624,-0.222451,0.513184,1.870777,-0.1438,0.7000
1787920393.400063,-0.221643,0.512384,1.870585,-0.1412,0.7000
1787920393.405981,-0.221675,0.511601,1.868208,-0.1363,0.7000
1787920393.414404,-0.221339,0.510524,1.866988,-0.1356,0.7000
1787920393.419081,-0.220458,0.509905,1.866544,-0.1494,0.7000
1787920393.425584,-0.220347,0.508994,1.864557,-0.1462,0.7000
1787920393.433123,-0.220001,0.508106,1.863329,-0.1402,0.7000
1787920393.438967,-0.219537,0.507213,1.862593,-0.1489,0.7000
1787920393.448198,-0.219042,0.506295,1.861484,-0.1374,0.7000
1787920393.452374,-0.218937,0.505681,1.859383,-0.1406,0.7000
1787920393.459274,-0.218378,0.504713,1.858633,-0.1457,0.7000
1787920393.466962,-0.218050,0.503899,1.857186,-0.1360,0.7000
1787920393.476984,-0.217608,0.503146,1.855684,-0.1206,0.7000
1787920393.479442,-0.217520,0.502209,1.854244,-0.1972,0.7000
1787920393.485855,-0.216768,0.501414,1.853281,-0.1836,0.7000
1787920393.494666,-0.215870,0.500537,1.853341,-0.1657,0.7000
1787920393.503289,-0.216269,0.499549,1.850648,-0.1452,0.7000
1787920393.505619,-0.215912,0.498685,1.849406,-0.2212,0.7000
1787920393.512462,-0.215325,0.497803,1.848308,-0.1991,0.7000
1787920393.519211,-0.214566,0.496831,1.847933,-0.1901,0.7000
1787920393.526405,-0.214448,0.495844,1.846251,-0.1740,0.7000
1787920393.532603,-0.213863,0.494800,1.845746,-0.1781,0.7000
1787920393.539397,-0.213391,0.493967,1.843896,-0.1658,0.7000
1787920393.545723,-0.213068,0.493242,1.842892,-0.1532,0.7000
1787920393.552608,-0.212727,0.492182,1.841264,-0.1558,0.7000
1787920393.560778,-0.212419,0.491323,1.839182,-0.1425,0.7000
1787920393.566880,-0.212174,0.490554,1.837817,-0.1393,0.7000
1787920393.574378,-0.211776,0.489509,1.836176,-0.1421,0.7000
1787920393.579586,-0.211238,0.488712,1.835196,-0.1518,0.7000
1787920393.586658,-0.210825,0.487891,1.834330,-0.1445,0.7000
1787920393.592658,-0.210394,0.487081,1.833460,-0.1458,0.7000
1787920393.598881,-0.210320,0.486199,1.831171,-0.1441,0.7000
1787920393.607813,-0.210222,0.485706,1.829234,-0.1177,0.7000
1787920393.614562,-0.209969,0.484627,1.828089,-0.1316,0.7000
1787920393.620388,-0.209771,0.483973,1.825927,-0.1273,0.7000
1787920393.627252,-0.209135,0.483493,1.825312,-0.1164,0.7000
1787920393.633456,-0.208685,0.482612,1.823617,-0.1282,0.7000
1787920393.641260,-0.208260,0.481536,1.822779,-0.1339,0.7000
1787920393.646265,-0.208309,0.480752,1.820533,-0.1385,0.7000
1787920393.653049,-0.208374,0.479827,1.818083,-0.1359,0.7000
1787920393.659133,-0.207510,0.478954,1.818084,-0.1473,0.7000
1787920393.665720,-0.207036,0.477949,1.817329,-0.1528,0.7000
1787920393.672976,-0.206574,0.477462,1.815307,-0.1311,0.7000
1787920393.682054,-0.206540,0.476557,1.813133,-0.1211,0.7000
1787920393.686113,-0.206150,0.475695,1.812370,-0.1535,0.7000
1787920393.692718,-0.205542,0.474659,1.811882,-0.1598,0.7000
1787920393.699036,-0.205000,0.473859,1.810881,-0.1548,0.7000
1787920393.707158,-0.205111,0.473013,1.808595,-0.1378,0.7000
1787920393.712851,-0.204177,0.472262,1.808930,-0.1465,0.7000
1787920393.718946,-0.203651,0.471381,1.807635,-0.1508,0.7000
1787920393.725720,-0.203873,0.470454,1.805598,-0.1432,0.7000
1787920393.732648,-0.203616,0.469778,1.803819,-0.1313,0.7000
1787920393.739187,-0.202946,0.468764,1.803642,-0.1443,0.7000
1787920393.746033,-0.202764,0.468098,1.802054,-0.1312,0.7000
1787920393.752339,-0.202849,0.467226,1.800038,-0.1313,0.7000
1787920393.759345,-0.202552,0.466329,1.798520,-0.1322,0.7000
1787920393.766113,-0.202023,0.465616,1.797869,-0.1286,0.7000
1787920393.774818,-0.201956,0.464553,1.796205,-0.1263,0.7000
1787920393.779746,-0.201609,0.463726,1.794601,-0.1422,0.7000
1787920393.785386,-0.201253,0.462855,1.793259,-0.1489,0.7000
1787920393.792685,-0.200659,0.461894,1.792438,-0.1481,0.7000
1787920393.799327,-0.200293,0.461157,1.790691,-0.1398,0.7000
1787920393.805749,-0.200023,0.460244,1.789596,-0.1422,0.7000
1787920393.813209,-0.200060,0.459304,1.787088,-0.1362,0.7000
1787920393.820197,-0.200017,0.458311,1.784449,-0.1374,0.7000
1787920393.825660,-0.199322,0.457443,1.783800,-0.1508,0.7000
1787920393.832654,-0.198792,0.456525,1.782560,-0.1488,0.7000
1787920393.838911,-0.198347,0.455425,1.781382,-0.1602,0.7000
1787920393.845943,-0.198601,0.454555,1.779103,-0.1462,0.7000
1787920393.852343,-0.197933,0.453762,1.778171,-0.1452,0.7000
1787920393.858862,-0.197784,0.452708,1.776625,-0.1505,0.7000
1787920393.865916,-0.197186,0.451694,1.775828,-0.1527,0.7000
1787920393.873459,-0.196577,0.450835,1.774782,-0.1453,0.7000
1787920393.879714,-0.196809,0.449889,1.772567,-0.1439,0.7000
1787920393.890334,-0.196105,0.448690,1.771817,-0.1379,0.7000
1787920393.895288,-0.195756,0.447687,1.770603,-0.1603,0.7000
1787920393.899014,-0.196120,0.446654,1.767783,-0.1880,0.7000
1787920393.905956,-0.195678,0.445667,1.766291,-0.1771,0.7000
1787920393.912601,-0.195153,0.444498,1.765489,-0.1803,0.7000
1787920393.919284,-0.194552,0.443567,1.764207,-0.1725,0.7000
1787920393.925651,-0.194237,0.442611,1.762554,-0.1678,0.7000
1787920393.932455,-0.194071,0.441578,1.761017,-0.1635,0.7000
1787920393.939237,-0.193801,0.440292,1.759718,-0.1726,0.7000
1787920393.945358,-0.193531,0.439511,1.757840,-0.1609,0.7000
1787920393.953000,-0.192703,0.438513,1.757137,-0.1571,0.7000
1787920393.958950,-0.192165,0.437519,1.756073,-0.1642,0.7000
1787920393.965898,-0.192592,0.436566,1.753321,-0.1521,0.7000
1787920393.972497,-0.192267,0.435632,1.751916,-0.1509,0.7000
1787920393.978978,-0.192013,0.434478,1.750504,-0.1603,0.7000
1787920393.989080,-0.191298,0.433489,1.750487,-0.1449,0.7000
1787920393.992700,-0.191050,0.432317,1.748827,-0.2007,0.7000
1787920394.000078,-0.190506,0.431732,1.747294,-0.1678,0.7000
1787920394.006270,-0.190220,0.430772,1.746444,-0.1657,0.7000
1787920394.014416,-0.190351,0.429538,1.744519,-0.1599,0.7000
1787920394.019418,-0.190033,0.428664,1.743361,-0.1668,0.7000
1787920394.025502,-0.189405,0.427804,1.742381,-0.1638,0.7000
1787920394.033204,-0.189253,0.426791,1.741033,-0.1546,0.7000
1787920394.039317,-0.188975,0.425857,1.739586,-0.1557,0.7000
1787920394.045752,-0.188571,0.424989,1.738205,-0.1520,0.7000
1787920394.052620,-0.188795,0.424073,1.736000,-0.1443,0.7000
1787920394.059176,-0.188548,0.423077,1.734609,-0.1478,0.7000
1787920394.066251,-0.187851,0.422105,1.733801,-0.1489,0.7000
1787920394.073238,-0.187784,0.421280,1.731733,-0.1397,0.7000
1787920394.083912,-0.187725,0.420533,1.730168,-0.1188,0.7000
1787920394.091982,-0.187134,0.419408,1.729331,-0.1279,0.7000
1787920394.093947,-0.187114,0.418451,1.728193,-0.2344,0.7000
1787920394.099352,-0.186857,0.417756,1.726514,-0.2044,0.7000
1787920394.105858,-0.186318,0.416751,1.725697,-0.1927,0.7000
1787920394.112572,-0.185838,0.415705,1.724884,-0.1844,0.7000
1787920394.119582,-0.185382,0.414645,1.724467,-0.1769,0.7000
1787920394.126434,-0.185497,0.413750,1.722360,-0.1618,0.7000
1787920394.133260,-0.185115,0.412967,1.721492,-0.1498,0.7000
1787920394.139400,-0.184957,0.411872,1.720426,-0.1589,0.7000
1787920394.145721,-0.184261,0.410830,1.720243,-0.1651,0.7000
1787920394.152153,-0.183576,0.409922,1.719854,-0.1622,0.7000
1787920394.159034,-0.183372,0.409167,1.718172,-0.1474,0.7000
1787920394.166236,-0.183489,0.407961,1.716068,-0.1522,0.7000
1787920394.172304,-0.183029,0.407010,1.715206,-0.1563,0.7000
1787920394.179378,-0.182770,0.406013,1.713732,-0.1528,0.7000
1787920394.185720,-0.182571,0.405189,1.711492,-0.1469,0.7000
1787920394.194452,-0.182433,0.403790,1.710243,-0.1511,0.7000
1787920394.199174,-0.181637,0.402949,1.709842,-0.1657,0.7000
1787920394.205465,-0.181718,0.401952,1.707464,-0.1626,0.7000
1787920394.213291,-0.181796,0.400784,1.705444,-0.1577,0.7000
1787920394.220586,-0.181529,0.399855,1.704028,-0.1498,0.7000
1787920394.225371,-0.180954,0.398776,1.703608,-0.1766,0.7000
1787920394.232240,-0.180105,0.397705,1.703281,-0.1749,0.7000
1787920394.239450,-0.180479,0.396719,1.700118,-0.1611,0.7000
1787920394.248016,-0.179842,0.395313,1.699639,-0.1645,0.7000
1787920394.253179,-0.179759,0.394179,1.698050,-0.1811,0.7000
1787920394.259401,-0.179580,0.393297,1.695592,-0.1701,0.7000
1787920394.265939,-0.178793,0.392130,1.694678,-0.1767,0.7000
1787920394.272885,-0.178301,0.390970,1.693559,-0.1760,0.7000
1787920394.278887,-0.178493,0.389842,1.691037,-0.1780,0.7000
1787920394.286150,-0.178330,0.388758,1.688974,-0.1699,0.7000
1787920394.296539,-0.178125,0.387459,1.687527,-0.1568,0.7000
1787920394.300315,-0.177521,0.386352,1.687076,-0.2027,0.7000
1787920394.305809,-0.177161,0.385297,1.685222,-0.2014,0.7000
1787920394.312740,-0.176429,0.384120,1.684462,-0.1952,0.7000
1787920394.321520,-0.176898,0.383228,1.681272,-0.1652,0.7000
1787920394.326250,-0.176342,0.382166,1.680393,-0.1864,0.7000
1787920394.333160,-0.175549,0.381376,1.679581,-0.1683,0.7000
1787920394.340604,-0.175529,0.380234,1.677340,-0.1637,0.7000
1787920394.346487,-0.175211,0.379120,1.676301,-0.1728,0.7000
1787920394.353143,-0.175047,0.378079,1.674845,-0.1684,0.7000
1787920394.359630,-0.174658,0.377172,1.673518,-0.1614,0.7000
1787920394.365996,-0.174740,0.376204,1.671702,-0.1580,0.7000
1787920394.372506,-0.173891,0.375018,1.671895,-0.1689,0.7000
1787920394.379758,-0.173668,0.374220,1.670398,-0.1520,0.7000
1787920394.385757,-0.173893,0.373227,1.667754,-0.1547,0.7000
1787920394.393969,-0.173416,0.372099,1.667384,-0.1510,0.7000
1787920394.399497,-0.172599,0.371225,1.667101,-0.1572,0.7000
1787920394.405644,-0.172841,0.370277,1.664799,-0.1550,0.7000
1787920394.412160,-0.172474,0.369322,1.663706,-0.1538,0.7000
1787920394.419522,-0.171895,0.368367,1.662936,-0.1486,0.7000
1787920394.425598,-0.171846,0.367494,1.661452,-0.1472,0.7000
1787920394.433104,-0.171766,0.366568,1.660352,-0.1402,0.7000
1787920394.440232,-0.171938,0.365823,1.658442,-0.1287,0.7000
1787920394.445865,-0.171594,0.364883,1.657554,-0.1416,0.7000
1787920394.453241,-0.171100,0.363913,1.657165,-0.1402,0.7000
1787920394.458968,-0.170909,0.363085,1.655729,-0.1421,0.7000
1787920394.465630,-0.170816,0.361979,1.655005,-0.1495,0.7000
1787920394.475143,-0.170511,0.361172,1.653355,-0.1308,0.7000
1787920394.479445,-0.170133,0.360409,1.652702,-0.1467,0.7000
1787920394.486115,-0.169986,0.359516,1.651626,-0.1433,0.7000
1787920394.493022,-0.169976,0.358561,1.650344,-0.1417,0.7000
1787920394.501066,-0.169465,0.357677,1.649565,-0.1335,0.7000
1787920394.506105,-0.169330,0.356893,1.648525,-0.1406,0.7000
1787920394.512760,-0.169085,0.355729,1.647544,-0.1516,0.7000
1787920394.519018,-0.169039,0.354771,1.645577,-0.1521,0.7000
1787920394.526272,-0.168975,0.353785,1.644478,-0.1473,0.7000
1787920394.532210,-0.168619,0.352877,1.643861,-0.1502,0.7000
1787920394.539549,-0.168926,0.351855,1.641713,-0.1459,0.7000
1787920394.545843,-0.168952,0.351001,1.639914,-0.1427,0.7000
1787920394.553382,-0.168419,0.350041,1.639324,-0.1395,0.7000
1787920394.559303,-0.168453,0.348907,1.637649,-0.1548,0.7000
1787920394.565632,-0.168356,0.347867,1.636475,-0.1579,0.7000
1787920394.573051,-0.168426,0.347089,1.634350,-0.1417,0.7000
1787920394.579534,-0.168038,0.346132,1.633048,-0.1445,0.7000
1787920394.587915,-0.167961,0.345028,1.631799,-0.1408,0.7000
1787920394.593093,-0.167497,0.343917,1.631287,-0.1644,0.7000
1787920394.647029,-0.167615,0.342919,1.629426,-0.1206,0.7000
1787920394.648229,-0.167621,0.341970,1.627750,-0.3214,0.7000
1787920394.649262,-0.167181,0.340793,1.626990,-0.5732,0.7000
1787920394.651213,-0.167068,0.339945,1.625480,-0.5323,0.7000
1787920394.652713,-0.166915,0.338899,1.623767,-0.5832,0.7000
1787920394.653588,-0.166619,0.337768,1.623043,-0.8008,0.7000
1787920394.654512,-0.166230,0.336711,1.622073,-0.9097,0.7000
1787920394.656366,-0.166098,0.335716,1.620311,-0.7987,0.7000
1787920394.657439,-0.165496,0.334646,1.619535,-0.8659,0.7000
1787920394.659925,-0.165367,0.333472,1.618366,-0.7484,0.7000
1787920394.665908,-0.165351,0.332543,1.615836,-0.5705,0.7000
1787920394.672682,-0.165176,0.331458,1.613910,-0.4477,0.7000
1787920394.679432,-0.164916,0.330314,1.612592,-0.3646,0.7000
1787920394.686424,-0.164721,0.329266,1.611213,-0.3005,0.7000
1787920394.692228,-0.164517,0.328305,1.609651,-0.2604,0.7000
1787920394.699584,-0.164983,0.327225,1.607095,-0.2256,0.7000
1787920394.706445,-0.164394,0.326118,1.606793,-0.2072,0.7000
1787920394.713428,-0.163937,0.325247,1.606145,-0.1832,0.7000
1787920394.719506,-0.163863,0.324167,1.604774,-0.1816,0.7000
1787920394.725740,-0.163658,0.323269,1.603070,-0.1706,0.7000
1787920394.733383,-0.163382,0.322097,1.602197,-0.1658,0.7000
1787920394.739514,-0.163426,0.321167,1.600476,-0.1615,0.7000
1787920394.746624,-0.163640,0.320243,1.598734,-0.1517,0.7000
1787920394.752708,-0.163188,0.319264,1.597887,-0.1551,0.7000
1787920394.758872,-0.162693,0.318238,1.596707,-0.1591,0.7000
1787920394.766195,-0.162731,0.317249,1.595697,-0.1518,0.7000
1787920394.772674,-0.162565,0.316134,1.594481,-0.1581,0.7000
1787920394.781394,-0.162429,0.315285,1.593138,-0.1400,0.7000
1787920394.785642,-0.162640,0.314397,1.591172,-0.1604,0.7000
1787920394.792692,-0.162141,0.313352,1.590725,-0.1572,0.7000
1787920394.798995,-0.161814,0.312515,1.589425,-0.1501,0.7000
1787920394.808159,-0.161612,0.311563,1.588274,-0.1364,0.7000
1787920394.813499,-0.161144,0.310610,1.587692,-0.1494,0.7000
1787920394.819318,-0.161112,0.309655,1.585998,-0.1539,0.7000
1787920394.825632,-0.161281,0.308707,1.584477,-0.1526,0.7000
1787920394.833807,-0.161656,0.307862,1.581934,-0.1377,0.7000
1787920394.839074,-0.161365,0.306902,1.581422,-0.1513,0.7000
1787920394.846236,-0.161381,0.306012,1.580069,-0.1432,0.7000
1787920394.852984,-0.160787,0.305174,1.579771,-0.1377,0.7000
1787920394.860613,-0.160920,0.304234,1.578269,-0.1333,0.7000
1787920394.865590,-0.161051,0.303215,1.576832,-0.1547,0.7000
1787920394.872713,-0.160628,0.302468,1.575813,-0.1398,0.7000
1787920394.879064,-0.160927,0.301644,1.573922,-0.1368,0.7000
1787920394.885585,-0.160223,0.300470,1.574239,-0.1498,0.7000
1787920394.892708,-0.160328,0.299538,1.572555,-0.1442,0.7000
1787920394.901174,-0.160064,0.298702,1.571273,-0.1305,0.7000
1787920394.905905,-0.159684,0.297793,1.570946,-0.1491,0.7000
1787920394.936389,-0.159733,0.296879,1.569019,-0.1133,0.7000
1787920394.948094,-0.159667,0.295922,1.567691,-0.1039,0.7000
1787920394.950024,-0.159813,0.294919,1.566524,-0.2287,0.7000
1787920394.951525,-0.160148,0.294138,1.564477,-0.3166,0.7000
1787920394.952410,-0.160019,0.293127,1.562953,-0.5637,0.7000
1787920394.953406,-0.159731,0.292166,1.562025,-0.6836,0.7000
1787920394.955133,-0.159571,0.291415,1.560150,-0.6086,0.7000
1787920394.959127,-0.160137,0.290499,1.557752,-0.4954,0.7000
1787920394.966657,-0.159875,0.289229,1.556693,-0.3972,0.7000
1787920394.973131,-0.160243,0.288410,1.554543,-0.3163,0.7000
1787920394.979414,-0.159971,0.287308,1.553485,-0.2738,0.7000
1787920394.985830,-0.159718,0.286198,1.552482,-0.2433,0.7000
1787920394.992927,-0.159473,0.285339,1.551703,-0.2064,0.7000
1787920394.998748,-0.159424,0.284356,1.550231,-0.1951,0.7000
1787920395.006073,-0.159511,0.283336,1.549060,-0.1784,0.7000
1787920395.012668,-0.159373,0.282550,1.547292,-0.1605,0.7000
1787920395.020368,-0.159347,0.281415,1.545866,-0.1565,0.7000
1787920395.025945,-0.159725,0.280462,1.543424,-0.1614,0.7000
1787920395.032619,-0.158952,0.279260,1.543578,-0.1661,0.7000
1787920395.040593,-0.159194,0.278268,1.541413,-0.1538,0.7000
1787920395.046689,-0.158999,0.277327,1.539648,-0.1536,0.7000
1787920395.052667,-0.158901,0.276199,1.538467,-0.1640,0.7000
1787920395.060128,-0.159028,0.275430,1.536760,-0.1459,0.7000
1787920395.066604,-0.158820,0.274277,1.535812,-0.1551,0.7000
1787920395.074646,-0.158291,0.273051,1.535365,-0.1536,0.7000
1787920395.080806,-0.158671,0.272180,1.533219,-0.1506,0.7000
1787920395.086657,-0.158744,0.271325,1.531199,-0.1494,0.7000
1787920395.092568,-0.158526,0.270052,1.530479,-0.1687,0.7000
1787920395.099892,-0.158457,0.269031,1.529320,-0.1597,0.7000
1787920395.105719,-0.158435,0.268188,1.527476,-0.1551,0.7000
1787920395.115394,-0.158065,0.266849,1.527243,-0.1496,0.7000
1787920395.118979,-0.157553,0.266077,1.526532,-0.1674,0.7000
1787920395.125753,-0.157725,0.265138,1.524383,-0.1590,0.7000
1787920395.133032,-0.157268,0.263955,1.524063,-0.1591,0.7000
1787920395.140744,-0.157553,0.263109,1.522163,-0.1448,0.7000
1787920395.145790,-0.157554,0.262010,1.520821,-0.1666,0.7000
1787920395.152429,-0.157066,0.260979,1.520377,-0.1621,0.7000
1787920395.159286,-0.157231,0.260020,1.519044,-0.1557,0.7000
1787920395.166343,-0.157159,0.259158,1.517179,-0.1454,0.7000
1787920395.172322,-0.157252,0.258216,1.515563,-0.1493,0.7000
1787920395.179557,-0.157565,0.257254,1.513423,-0.1451,0.7000
1787920395.185971,-0.157121,0.256354,1.512896,-0.1424,0.7000
1787920395.192965,-0.157082,0.255522,1.511191,-0.1352,0.7000
1787920395.199042,-0.156925,0.254474,1.509856,-0.1458,0.7000
1787920395.207830,-0.157130,0.253618,1.508133,-0.1317,0.7000
1787920395.212475,-0.157038,0.252702,1.507236,-0.1508,0.7000
1787920395.219764,-0.156995,0.251662,1.506009,-0.1482,0.7000
1787920395.226003,-0.157355,0.250972,1.503257,-0.1380,0.7000
1787920395.232806,-0.157350,0.249973,1.502451,-0.1405,0.7000
1787920395.239336,-0.156741,0.248885,1.501824,-0.1463,0.7000
1787920395.246134,-0.156771,0.247956,1.500235,-0.1434,0.7000
1787920395.254248,-0.156734,0.247031,1.498830,-0.1344,0.7000
1787920395.260090,-0.157037,0.246031,1.496939,-0.1465,0.7000
1787920395.266711,-0.157075,0.245168,1.495506,-0.1416,0.7000
1787920395.273129,-0.156868,0.244359,1.494220,-0.1361,0.7000
1787920395.278794,-0.157028,0.243264,1.492447,-0.1538,0.7000
1787920395.286201,-0.156569,0.242323,1.492624,-0.1441,0.7000
1787920395.292550,-0.156255,0.241343,1.491423,-0.1459,0.7000
1787920395.299103,-0.156613,0.240328,1.489631,-0.1498,0.7000
1787920395.306117,-0.156614,0.239326,1.488873,-0.1476,0.7000
1787920395.312545,-0.156363,0.238261,1.488050,-0.1519,0.7000
1787920395.322006,-0.156351,0.237276,1.486746,-0.1374,0.7000
1787920395.326324,-0.156599,0.236494,1.484769,-0.1518,0.7000
1787920395.332534,-0.155987,0.235192,1.484604,-0.1664,0.7000
1787920395.339203,-0.156190,0.234232,1.483012,-0.1603,0.7000
1787920395.346465,-0.155926,0.233256,1.481561,-0.1514,0.7000
1787920395.352183,-0.156321,0.232374,1.479621,-0.1539,0.7000
1787920395.359304,-0.156371,0.231504,1.478151,-0.1445,0.7000
1787920395.366437,-0.155988,0.230563,1.476768,-0.1390,0.7000
1787920395.372258,-0.156248,0.229493,1.475577,-0.1535,0.7000
1787920395.379493,-0.155589,0.228587,1.474934,-0.1422,0.7000
1787920395.385566,-0.155877,0.227499,1.473324,-0.1544,0.7000
1787920395.392594,-0.155485,0.226491,1.472521,-0.1493,0.7000
1787920395.399102,-0.155559,0.225571,1.470973,-0.1470,0.7000
1787920395.405542,-0.155561,0.224705,1.469321,-0.1431,0.7000
1787920395.413196,-0.156097,0.223692,1.467167,-0.1418,0.7000
1787920395.422594,-0.155982,0.222640,1.466034,-0.1323,0.7000
1787920395.425697,-0.155796,0.221841,1.464405,-0.1675,0.7000
1787920395.432802,-0.155989,0.220846,1.462408,-0.1599,0.7000
1787920395.440280,-0.155796,0.219982,1.461505,-0.1456,0.7000
1787920395.451452,-0.155731,0.218897,1.460338,-0.1306,0.7000
1787920395.453199,-0.155817,0.217957,1.458740,-0.2536,0.7000
1787920395.460306,-0.155611,0.216829,1.458275,-0.2238,0.7000
1787920395.467955,-0.155716,0.215843,1.456992,-0.1956,0.7000
1787920395.473263,-0.155579,0.215053,1.455690,-0.1804,0.7000
1787920395.481847,-0.155789,0.214257,1.453607,-0.1548,0.7000
1787920395.485911,-0.155565,0.213246,1.453327,-0.1805,0.7000
1787920395.492119,-0.155359,0.212316,1.452216,-0.1698,0.7000
1787920395.498999,-0.155612,0.211306,1.450509,-0.1639,0.7000
1787920395.506004,-0.155673,0.210414,1.449455,-0.1530,0.7000
1787920395.512519,-0.155531,0.209398,1.447891,-0.1527,0.7000
1787920395.518752,-0.155381,0.208540,1.446792,-0.1470,0.7000
1787920395.526609,-0.155206,0.207573,1.445967,-0.1387,0.7000
1787920395.532290,-0.154981,0.206548,1.445027,-0.1493,0.7000
1787920395.539687,-0.155007,0.205587,1.443824,-0.1433,0.7000
1787920395.545914,-0.155298,0.204722,1.441776,-0.1434,0.7000
1787920395.552154,-0.155377,0.203727,1.440054,-0.1483,0.7000
1787920395.560941,-0.155247,0.202858,1.438295,-0.1326,0.7000
1787920395.566248,-0.155596,0.201948,1.436880,-0.1465,0.7000
1787920395.572915,-0.155839,0.201051,1.434903,-0.1440,0.7000
1787920395.580941,-0.155120,0.200107,1.434359,-0.1321,0.7000
1787920395.587555,-0.155418,0.199292,1.433053,-0.1310,0.7000
1787920395.594547,-0.155314,0.198179,1.431930,-0.1383,0.7000
1787920395.599202,-0.155465,0.197428,1.430092,-0.1461,0.7000
1787920395.607448,-0.155176,0.196594,1.429080,-0.1308,0.7000
1787920395.613727,-0.155048,0.195463,1.428511,-0.1442,0.7000
1787920395.620239,-0.155417,0.194619,1.426739,-0.1419,0.7000
1787920395.630158,-0.155098,0.193450,1.425853,-0.1329,0.7000
1787920395.634817,-0.155608,0.192672,1.423760,-0.1474,0.7000
1787920395.639949,-0.155827,0.191740,1.422378,-0.1589,0.7000
1787920395.646515,-0.155816,0.190909,1.420496,-0.1487,0.7000
1787920395.652754,-0.155811,0.190000,1.419066,-0.1473,0.7000
1787920395.658924,-0.155692,0.188921,1.417974,-0.1541,0.7000
1787920395.665797,-0.155461,0.187855,1.417679,-0.1523,0.7000
1787920395.673043,-0.155464,0.187091,1.415963,-0.1379,0.7000
1787920395.680224,-0.155373,0.186071,1.415035,-0.1380,0.7000
1787920395.686133,-0.155434,0.185120,1.413449,-0.1448,0.7000
1787920395.692570,-0.155543,0.184129,1.412317,-0.1478,0.7000
1787920395.700192,-0.155589,0.183230,1.411000,-0.1386,0.7000
1787920395.705922,-0.155566,0.182113,1.409739,-0.1546,0.7000
1787920395.712472,-0.155830,0.181205,1.408361,-0.1512,0.7000
1787920395.719900,-0.155612,0.180233,1.407535,-0.1431,0.7000
1787920395.729846,-0.155716,0.179190,1.406280,-0.1318,0.7000
1787920395.734440,-0.155777,0.178347,1.404729,-0.1472,0.7000
1787920395.740849,-0.155473,0.177291,1.404243,-0.1494,0.7000
1787920395.745752,-0.155731,0.176442,1.402487,-0.1584,0.7000
1787920395.755059,-0.155975,0.175381,1.400700,-0.1459,0.7000
1787920395.759671,-0.155930,0.174669,1.399656,-0.1473,0.7000
1787920395.765971,-0.156037,0.173595,1.398511,-0.1544,0.7000
1787920395.772120,-0.156081,0.172787,1.397032,-0.1473,0.7000
1787920395.780148,-0.156318,0.171812,1.395526,-0.1405,0.7000
1787920395.785617,-0.155816,0.170747,1.395512,-0.1511,0.7000
1787920395.792719,-0.156081,0.169972,1.393509,-0.1399,0.7000
1787920395.799517,-0.156451,0.169329,1.390959,-0.1288,0.7000
1787920395.806469,-0.156303,0.168286,1.390203,-0.1333,0.7000
1787920395.812653,-0.156445,0.167559,1.388796,-0.1292,0.7000
1787920395.819139,-0.156585,0.166689,1.387302,-0.1312,0.7000
1787920395.825759,-0.157238,0.165825,1.385139,-0.1358,0.7000
1787920395.834597,-0.156749,0.165027,1.384713,-0.1186,0.7000
1787920395.839347,-0.157006,0.164195,1.383091,-0.1377,0.7000
1787920395.845857,-0.157139,0.163341,1.381812,-0.1362,0.7000
1787920395.852364,-0.157287,0.162496,1.380355,-0.1348,0.7000
1787920395.859617,-0.157094,0.161658,1.379730,-0.1269,0.7000
1787920395.868546,-0.157322,0.160679,1.378258,-0.1226,0.7000
1787920395.872835,-0.157469,0.159768,1.376905,-0.1503,0.7000
1787920395.879457,-0.157894,0.159080,1.375028,-0.1396,0.7000
1787920395.885996,-0.157537,0.157898,1.375047,-0.1477,0.7000
1787920395.892877,-0.158036,0.157055,1.372659,-0.1437,0.7000
1787920395.899500,-0.157522,0.156170,1.372401,-0.1353,0.7000
1787920395.906035,-0.157655,0.155295,1.371430,-0.1353,0.7000
1787920395.912938,-0.157650,0.154291,1.370101,-0.1374,0.7000
1787920395.919262,-0.157683,0.153282,1.369516,-0.1434,0.7000
1787920395.927385,-0.157745,0.152538,1.368166,-0.1277,0.7000
1787920395.937744,-0.157988,0.151720,1.366682,-0.1140,0.7000
1787920395.940486,-0.158109,0.150829,1.365166,-0.1780,0.7000
1787920395.945883,-0.158162,0.149900,1.364366,-0.1758,0.7000
1787920395.952489,-0.157934,0.149089,1.363437,-0.1569,0.7000
1787920395.960483,-0.158194,0.148223,1.361588,-0.1437,0.7000
1787920395.966114,-0.158362,0.147414,1.360208,-0.1446,0.7000
1787920395.972292,-0.158531,0.146515,1.358963,-0.1456,0.7000
1787920395.979614,-0.158696,0.145588,1.357681,-0.1405,0.7000
1787920395.985790,-0.158582,0.144907,1.356339,-0.1295,0.7000
1787920395.992432,-0.158597,0.143847,1.355970,-0.1376,0.7000
1787920395.999926,-0.158880,0.142925,1.354263,-0.1348,0.7000
1787920396.005919,-0.158923,0.142290,1.352537,-0.1258,0.7000
1787920396.012520,-0.158571,0.141191,1.352331,-0.1334,0.7000
1787920396.019322,-0.158911,0.140310,1.350658,-0.1346,0.7000
1787920396.026593,-0.158977,0.139498,1.349020,-0.1275,0.7000
1787920396.037773,-0.159156,0.138472,1.348089,-0.1171,0.7000
1787920396.039464,-0.159380,0.137553,1.346532,-0.2498,0.7000
1787920396.046366,-0.159450,0.136543,1.345001,-0.2183,0.7000
1787920396.052843,-0.159881,0.135805,1.343276,-0.1906,0.7000
1787920396.062409,-0.159690,0.134764,1.342394,-0.1639,0.7000
1787920396.066962,-0.159873,0.133931,1.340497,-0.1710,0.7000
1787920396.075886,-0.159857,0.133008,1.339159,-0.1497,0.7000
1787920396.079571,-0.159828,0.132014,1.337926,-0.1830,0.7000
1787920396.087162,-0.160070,0.131133,1.336118,-0.1642,0.7000
1787920396.093189,-0.160302,0.130002,1.334897,-0.1724,0.7000
1787920396.099477,-0.160537,0.129045,1.333293,-0.1677,0.7000
1787920396.105565,-0.160414,0.128244,1.331933,-0.1543,0.7000
1787920396.112981,-0.160619,0.127181,1.331014,-0.1517,0.7000
1787920396.118779,-0.160402,0.126161,1.330459,-0.1548,0.7000
1787920396.126056,-0.160674,0.125208,1.328612,-0.1492,0.7000
1787920396.132637,-0.160432,0.124025,1.328015,-0.1542,0.7000
1787920396.140785,-0.161022,0.123127,1.326230,-0.1452,0.7000
1787920396.145706,-0.161028,0.122010,1.325102,-0.1678,0.7000
1787920396.152335,-0.161387,0.121201,1.322916,-0.1569,0.7000
1787920396.159430,-0.161328,0.120396,1.321655,-0.1422,0.7000
1787920396.166080,-0.161278,0.119312,1.320617,-0.1464,0.7000
1787920396.172344,-0.161428,0.118140,1.319260,-0.1586,0.7000
1787920396.179557,-0.161710,0.117432,1.317375,-0.1425,0.7000
1787920396.186190,-0.161633,0.116155,1.316635,-0.1548,0.7000
1787920396.192486,-0.161965,0.115222,1.315052,-0.1553,0.7000
1787920396.198992,-0.162298,0.114298,1.313487,-0.1538,0.7000
1787920396.205667,-0.162180,0.113264,1.312374,-0.1513,0.7000
1787920396.212891,-0.162268,0.112478,1.311092,-0.1384,0.7000
1787920396.219690,-0.162394,0.111596,1.309833,-0.1359,0.7000
1787920396.226113,-0.162322,0.110513,1.308854,-0.1431,0.7000
1787920396.232472,-0.162325,0.109486,1.307784,-0.1470,0.7000
1787920396.241841,-0.162755,0.108700,1.306278,-0.1308,0.7000
1787920396.245523,-0.162874,0.107652,1.305197,-0.1765,0.7000
1787920396.252533,-0.162840,0.106823,1.303941,-0.1574,0.7000
1787920396.260115,-0.162857,0.105974,1.302942,-0.1427,0.7000
1787920396.277590,-0.162971,0.104953,1.302567,-0.1173,0.7000
1787920396.279318,-0.162634,0.103776,1.302219,-0.2638,0.7000
1787920396.281007,-0.162405,0.102917,1.301420,-0.3208,0.7000
1787920396.286616,-0.163003,0.102167,1.299792,-0.2718,0.7000
1787920396.292306,-0.163077,0.101181,1.298369,-0.2413,0.7000
1787920396.299423,-0.163003,0.100145,1.297693,-0.2102,0.7000
1787920396.306392,-0.163803,0.099526,1.295303,-0.1821,0.7000
1787920396.312275,-0.163434,0.098441,1.295070,-0.1756,0.7000
1787920396.319079,-0.163219,0.097520,1.294447,-0.1594,0.7000
1787920396.326559,-0.163630,0.096626,1.292604,-0.1506,0.7000
1787920396.335571,-0.163832,0.095630,1.291835,-0.1391,0.7000
1787920396.344356,-0.164053,0.094736,1.290442,-0.1288,0.7000
1787920396.346126,-0.163830,0.093604,1.289970,-0.2639,0.7000
1787920396.352489,-0.164825,0.093008,1.287259,-0.2248,0.7000
1787920396.359111,-0.164929,0.092227,1.285976,-0.1927,0.7000
1787920396.365488,-0.164611,0.091087,1.285597,-0.1821,0.7000
1787920396.372447,-0.164626,0.090043,1.284792,-0.1709,0.7000
1787920396.379725,-0.164939,0.089128,1.283520,-0.1594,0.7000
1787920396.386065,-0.165105,0.088356,1.281734,-0.1488,0.7000
1787920396.393270,-0.165206,0.087360,1.280822,-0.1452,0.7000
1787920396.398900,-0.165775,0.086555,1.279343,-0.1514,0.7000
1787920396.405935,-0.165705,0.085506,1.278367,-0.1479,0.7000
1787920396.412427,-0.165517,0.084472,1.278030,-0.1468,0.7000
1787920396.419109,-0.165688,0.083258,1.277274,-0.1572,0.7000
1787920396.426603,-0.165746,0.082296,1.275870,-0.1475,0.7000
1787920396.432853,-0.166107,0.081409,1.274195,-0.1491,0.7000
1787920396.439256,-0.166258,0.080376,1.273166,-0.1527,0.7000
1787920396.448702,-0.166524,0.079385,1.271762,-0.1394,0.7000
1787920396.454075,-0.166602,0.078421,1.270521,-0.1504,0.7000
1787920396.460326,-0.166982,0.077462,1.268572,-0.1546,0.7000
1787920396.466069,-0.166717,0.076194,1.268541,-0.1674,0.7000
1787920396.472680,-0.166763,0.075144,1.266937,-0.1632,0.7000
1787920396.479482,-0.167266,0.074230,1.264922,-0.1594,0.7000
1787920396.486380,-0.167357,0.073223,1.263917,-0.1545,0.7000
1787920396.492704,-0.167389,0.072087,1.263162,-0.1600,0.7000
1787920396.499401,-0.168118,0.071045,1.260966,-0.1664,0.7000
1787920396.505771,-0.168029,0.070111,1.260187,-0.1571,0.7000
1787920396.512961,-0.168507,0.068964,1.257977,-0.1616,0.7000
1787920396.519932,-0.168346,0.067851,1.257459,-0.1566,0.7000
1787920396.525677,-0.168521,0.066864,1.255915,-0.1614,0.7000
1787920396.532340,-0.168717,0.065782,1.254440,-0.1621,0.7000
1787920396.539451,-0.169295,0.064766,1.252327,-0.1618,0.7000
1787920396.549048,-0.169509,0.063706,1.250915,-0.1468,0.7000
1787920396.553033,-0.169454,0.062706,1.249610,-0.1729,0.7000
1787920396.559186,-0.170066,0.061714,1.247845,-0.1764,0.7000
1787920396.567707,-0.169465,0.060473,1.248120,-0.1582,0.7000
1787920396.575458,-0.169927,0.059263,1.246745,-0.1608,0.7000
1787920396.580498,-0.170353,0.058225,1.245617,-0.1792,0.7000
1787920396.586198,-0.170754,0.057243,1.243738,-0.1812,0.7000
1787920396.593705,-0.170669,0.056207,1.242923,-0.1649,0.7000
1787920396.599032,-0.170952,0.055266,1.241649,-0.1708,0.7000
1787920396.606195,-0.171354,0.054412,1.239566,-0.1588,0.7000
1787920396.612861,-0.171264,0.053427,1.238882,-0.1518,0.7000
1787920396.620405,-0.170949,0.052226,1.238368,-0.1473,0.7000
1787920396.626267,-0.171424,0.051401,1.236453,-0.1509,0.7000
1787920396.633731,-0.171427,0.050315,1.235881,-0.1470,0.7000
1787920396.641889,-0.172117,0.049524,1.233895,-0.1387,0.7000
1787920396.651478,-0.172177,0.048665,1.232529,-0.1231,0.7000
1787920396.655830,-0.172525,0.047740,1.231332,-0.1542,0.7000
1787920396.661011,-0.172629,0.046702,1.230420,-0.1666,0.7000
1787920396.665779,-0.172616,0.045594,1.230028,-0.1821,0.7000
1787920396.672246,-0.172751,0.044724,1.228586,-0.1676,0.7000
1787920396.679191,-0.173297,0.043844,1.227185,-0.1611,0.7000
1787920396.686074,-0.173347,0.042954,1.226047,-0.1500,0.7000
1787920396.692376,-0.173711,0.042181,1.224752,-0.1455,0.7000
1787920396.699880,-0.173669,0.041180,1.223926,-0.1389,0.7000
1787920396.705806,-0.174097,0.040207,1.222231,-0.1509,0.7000
1787920396.712644,-0.174001,0.039101,1.221866,-0.1498,0.7000
1787920396.719500,-0.174294,0.038362,1.220662,-0.1397,0.7000
1787920396.728591,-0.174839,0.037607,1.218377,-0.1273,0.7000
1787920396.732933,-0.174755,0.036624,1.218163,-0.1509,0.7000
1787920396.739404,-0.174997,0.035641,1.217111,-0.1522,0.7000
1787920396.746735,-0.175091,0.034654,1.215832,-0.1458,0.7000
1787920396.753963,-0.175076,0.033761,1.215066,-0.1366,0.7000
1787920396.758852,-0.175616,0.032664,1.213816,-0.1703,0.7000
1787920396.765958,-0.176052,0.031940,1.211851,-0.1543,0.7000
1787920396.772352,-0.175905,0.030912,1.211367,-0.1507,0.7000
1787920396.779750,-0.176304,0.030036,1.209904,-0.1445,0.7000
1787920396.786106,-0.176349,0.029134,1.209176,-0.1417,0.7000
1787920396.792825,-0.176332,0.028070,1.208367,-0.1433,0.7000
1787920396.799594,-0.176582,0.027132,1.207352,-0.1432,0.7000
1787920396.808860,-0.177365,0.026357,1.204836,-0.1327,0.7000
1787920396.812660,-0.177678,0.025298,1.203806,-0.1798,0.7000
1787920396.819229,-0.177707,0.024196,1.202938,-0.1733,0.7000
1787920396.825961,-0.177986,0.023296,1.201234,-0.1632,0.7000
1787920396.833779,-0.178348,0.022165,1.200258,-0.1597,0.7000
1787920396.839072,-0.178233,0.020963,1.199771,-0.1729,0.7000
1787920396.846756,-0.178516,0.020145,1.197856,-0.1548,0.7000
1787920396.856462,-0.179042,0.019235,1.196138,-0.1405,0.7000
1787920396.860488,-0.179184,0.017975,1.195494,-0.1896,0.7000
1787920396.866421,-0.179400,0.017111,1.193570,-0.1773,0.7000
1787920396.875604,-0.179631,0.015931,1.193130,-0.1628,0.7000
1787920396.882282,-0.179974,0.015189,1.191008,-0.1506,0.7000
1787920396.885789,-0.180130,0.014128,1.189442,-0.1946,0.7000
1787920396.892557,-0.180654,0.013065,1.188317,-0.1886,0.7000
1787920396.899120,-0.180821,0.011976,1.187345,-0.1811,0.7000
1787920396.906099,-0.181232,0.010921,1.185406,-0.1754,0.7000
1787920396.912652,-0.182056,0.010027,1.183287,-0.1749,0.7000
1787920396.919254,-0.181892,0.008715,1.182982,-0.1748,0.7000
1787920396.926176,-0.182363,0.007831,1.180669,-0.1656,0.7000
1787920396.932562,-0.182397,0.006729,1.179996,-0.1644,0.7000
1787920396.939314,-0.182504,0.005934,1.178157,-0.1495,0.7000
1787920396.945461,-0.183332,0.005082,1.175326,-0.1586,0.7000
1787920396.952694,-0.183338,0.003705,1.175343,-0.1638,0.7000
1787920396.959336,-0.183684,0.002724,1.173033,-0.1615,0.7000
1787920396.970355,-0.183977,0.001623,1.171945,-0.1438,0.7000
1787920396.973166,-0.184326,0.000564,1.170787,-0.2193,0.7000
1787920396.979202,-0.184429,-0.000507,1.169169,-0.2045,0.7000
1787920396.986233,-0.184651,-0.001343,1.167857,-0.1797,0.7000
1787920396.992737,-0.185176,-0.002390,1.166391,-0.1797,0.7000
1787920396.999501,-0.185243,-0.003619,1.165779,-0.1771,0.7000
1787920397.005651,-0.185598,-0.004554,1.164321,-0.1726,0.7000
1787920397.012543,-0.185707,-0.005361,1.163262,-0.1550,0.7000
1787920397.019106,-0.186201,-0.006267,1.161526,-0.1555,0.7000
1787920397.025670,-0.186433,-0.007374,1.160967,-0.1595,0.7000
1787920397.056455,-0.186597,-0.008355,1.160146,-0.1210,0.7000
1787920397.058565,-0.186641,-0.009166,1.159041,-0.1930,0.7000
1787920397.060336,-0.187119,-0.010209,1.157872,-0.3294,0.7000
1787920397.061744,-0.187113,-0.010969,1.156900,-0.3782,0.7000
1787920397.062474,-0.187841,-0.011632,1.155014,-0.6351,0.7000
1787920397.067003,-0.187700,-0.012712,1.154797,-0.5062,0.7000
1787920397.073509,-0.188207,-0.013476,1.153106,-0.3961,0.7000
1787920397.078837,-0.188415,-0.014386,1.151724,-0.3288,0.7000
1787920397.090213,-0.188898,-0.015305,1.150694,-0.2575,0.7000
1787920397.093056,-0.189148,-0.015843,1.149030,-0.2429,0.7000
1787920397.098981,-0.189473,-0.016819,1.148007,-0.2218,0.7000
1787920397.106957,-0.189343,-0.017702,1.147580,-0.1835,0.7000
1787920397.112850,-0.189411,-0.018620,1.146657,-0.1725,0.7000
1787920397.118770,-0.189628,-0.019530,1.145841,-0.1673,0.7000
1787920397.131052,-0.190028,-0.020478,1.144635,-0.1422,0.7000
1787920397.132554,-0.190367,-0.021327,1.143158,-0.2820,0.7000
1787920397.139037,-0.190591,-0.022128,1.141886,-0.2354,0.7000
1787920397.145850,-0.191204,-0.022851,1.139969,-0.2050,0.7000
1787920397.153033,-0.191909,-0.023673,1.138460,-0.1870,0.7000
1787920397.163713,-0.191953,-0.024670,1.137476,-0.1568,0.7000
1787920397.166048,-0.192204,-0.025421,1.135957,-0.2110,0.7000
1787920397.172654,-0.192220,-0.026650,1.135690,-0.1986,0.7000
1787920397.178903,-0.192357,-0.027639,1.134913,-0.1848,0.7000
1787920397.188830,-0.193163,-0.028455,1.132916,-0.1621,0.7000
1787920397.192639,-0.193520,-0.029399,1.131641,-0.1927,0.7000
1787920397.200855,-0.193506,-0.030586,1.131140,-0.1739,0.7000
1787920397.206760,-0.193850,-0.031304,1.129640,-0.1622,0.7000
1787920397.212950,-0.194491,-0.032219,1.127850,-0.1669,0.7000
1787920397.219701,-0.194531,-0.033427,1.127680,-0.1661,0.7000
1787920397.226037,-0.194695,-0.034484,1.126268,-0.1648,0.7000
1787920397.232760,-0.195159,-0.035410,1.124774,-0.1616,0.7000
1787920397.240007,-0.195548,-0.036325,1.123564,-0.1542,0.7000
1787920397.246858,-0.195895,-0.037259,1.122199,-0.1514,0.7000
1787920397.252758,-0.196381,-0.038151,1.120757,-0.1576,0.7000
1787920397.259237,-0.196745,-0.039034,1.119516,-0.1544,0.7000
1787920397.268027,-0.197100,-0.040142,1.117929,-0.1474,0.7000
1787920397.272508,-0.197282,-0.040994,1.116621,-0.1598,0.7000
1787920397.278787,-0.197293,-0.042269,1.116146,-0.1668,0.7000
1787920397.286498,-0.197946,-0.043148,1.113924,-0.1587,0.7000
1787920397.292632,-0.198485,-0.044114,1.112374,-0.1651,0.7000
1787920397.299218,-0.198816,-0.045075,1.111546,-0.1615,0.7000
1787920397.305860,-0.199575,-0.045999,1.108838,-0.1657,0.7000
1787920397.312573,-0.199815,-0.046941,1.107771,-0.1584,0.7000
1787920397.319971,-0.200027,-0.047850,1.106786,-0.1477,0.7000
1787920397.326567,-0.200429,-0.048895,1.104842,-0.1541,0.7000
1787920397.334032,-0.200504,-0.049812,1.104140,-0.1421,0.7000
1787920397.339401,-0.201380,-0.050651,1.102003,-0.1634,0.7000
1787920397.345888,-0.201678,-0.051596,1.100193,-0.1596,0.7000
1787920397.352912,-0.201826,-0.052683,1.099156,-0.1560,0.7000
1787920397.360528,-0.202703,-0.053418,1.096944,-0.1507,0.7000
1787920397.367939,-0.203270,-0.054439,1.094859,-0.1527,0.7000
1787920397.373445,-0.203113,-0.055426,1.094970,-0.1508,0.7000
1787920397.379246,-0.203485,-0.056448,1.093488,-0.1613,0.7000
1787920397.385422,-0.203506,-0.057593,1.092875,-0.1628,0.7000
1787920397.393572,-0.203825,-0.058601,1.091895,-0.1523,0.7000
1787920397.398823,-0.204401,-0.059285,1.090200,-0.1565,0.7000
1787920397.406004,-0.204491,-0.060300,1.089197,-0.1488,0.7000
1787920397.412506,-0.204915,-0.061242,1.088265,-0.1518,0.7000
1787920397.418902,-0.205212,-0.062209,1.087591,-0.1529,0.7000
1787920397.425915,-0.205626,-0.063139,1.085723,-0.1505,0.7000
1787920397.432736,-0.205556,-0.064220,1.085420,-0.1460,0.7000
1787920397.438887,-0.206231,-0.064957,1.083448,-0.1493,0.7000
1787920397.446135,-0.206324,-0.066049,1.082553,-0.1463,0.7000
1787920397.452285,-0.207022,-0.066689,1.080274,-0.1459,0.7000
1787920397.460165,-0.207134,-0.067602,1.079496,-0.1348,0.7000
1787920397.465758,-0.207223,-0.068513,1.078781,-0.1397,0.7000
1787920397.472605,-0.207811,-0.069339,1.077050,-0.1419,0.7000
1787920397.478994,-0.208276,-0.070129,1.075250,-0.1423,0.7000
1787920397.486010,-0.208612,-0.071098,1.074234,-0.1429,0.7000
1787920397.497310,-0.208543,-0.072094,1.073555,-0.1224,0.7000
1787920397.499899,-0.208668,-0.073002,1.072935,-0.1851,0.7000
1787920397.506559,-0.208682,-0.073916,1.072260,-0.1660,0.7000
1787920397.512502,-0.209106,-0.074643,1.071037,-0.1587,0.7000
1787920397.519042,-0.210232,-0.075427,1.068362,-0.1675,0.7000
1787920397.525739,-0.210246,-0.076370,1.068042,-0.1545,0.7000
1787920397.532306,-0.210891,-0.077170,1.066175,-0.1544,0.7000
1787920397.539243,-0.211213,-0.077855,1.064945,-0.1407,0.7000
1787920397.546037,-0.211821,-0.078470,1.063015,-0.1353,0.7000
1787920397.552936,-0.211897,-0.079485,1.062332,-0.1349,0.7000
1787920397.559151,-0.212109,-0.080369,1.061304,-0.1367,0.7000
1787920397.573364,-0.212196,-0.081246,1.060286,-0.1127,0.7000
1787920397.574502,-0.212622,-0.082041,1.058342,-0.3165,0.7000
1787920397.579262,-0.213171,-0.082782,1.056742,-0.2792,0.7000
1787920397.586675,-0.213772,-0.083619,1.054716,-0.2369,0.7000
1787920397.593886,-0.213972,-0.084521,1.053693,-0.2026,0.7000
1787920397.601515,-0.214372,-0.085595,1.053014,-0.1863,0.7000
1787920397.606389,-0.214571,-0.086561,1.051916,-0.1881,0.7000
1787920397.613703,-0.215210,-0.087197,1.049793,-0.1674,0.7000
1787920397.621062,-0.215280,-0.088068,1.049135,-0.1494,0.7000
1787920397.627165,-0.215715,-0.089112,1.048025,-0.1597,0.7000
1787920397.634351,-0.216202,-0.089845,1.046386,-0.1485,0.7000
1787920397.640532,-0.216842,-0.090492,1.044770,-0.1467,0.7000
1787920397.647216,-0.217042,-0.091414,1.044131,-0.1429,0.7000
1787920397.651956,-0.217694,-0.092148,1.042876,-0.1609,0.7000
1787920397.659303,-0.218213,-0.092964,1.041201,-0.1522,0.7000
1787920397.666081,-0.218245,-0.094028,1.040391,-0.1478,0.7000
1787920397.675449,-0.218567,-0.094934,1.039639,-0.1337,0.7000
1787920397.679405,-0.218855,-0.095881,1.038060,-0.1665,0.7000
1787920397.686003,-0.219484,-0.096695,1.036609,-0.1630,0.7000
1787920397.692294,-0.219576,-0.097616,1.035685,-0.1541,0.7000
1787920397.700702,-0.219840,-0.098448,1.034180,-0.1382,0.7000
1787920397.705513,-0.220736,-0.099073,1.032029,-0.1589,0.7000
1787920397.712921,-0.221139,-0.100023,1.030974,-0.1526,0.7000
1787920397.719273,-0.221372,-0.101011,1.029864,-0.1525,0.7000
1787920397.725917,-0.221815,-0.102037,1.028426,-0.1568,0.7000
1787920397.732517,-0.222259,-0.102719,1.027104,-0.1467,0.7000
1787920397.739159,-0.222756,-0.103622,1.025801,-0.1492,0.7000
1787920397.745927,-0.222812,-0.104666,1.025020,-0.1453,0.7000
1787920397.752693,-0.222907,-0.105652,1.024536,-0.1412,0.7000
1787920397.759814,-0.223741,-0.106528,1.022767,-0.1486,0.7000
1787920397.767838,-0.223881,-0.107337,1.021943,-0.1326,0.7000
1787920397.772566,-0.224489,-0.107966,1.019837,-0.1470,0.7000
1787920397.779630,-0.224955,-0.108757,1.018699,-0.1419,0.7000
1787920397.785898,-0.225859,-0.109450,1.016665,-0.1503,0.7000
1787920397.792864,-0.225637,-0.110493,1.016385,-0.1384,0.7000
1787920397.798995,-0.226148,-0.111244,1.014992,-0.1413,0.7000
1787920397.806258,-0.226369,-0.112219,1.014499,-0.1379,0.7000
1787920397.813610,-0.226778,-0.112894,1.012935,-0.1287,0.7000
1787920397.819175,-0.226927,-0.113798,1.012072,-0.1357,0.7000
1787920397.826636,-0.227345,-0.114498,1.010795,-0.1278,0.7000
1787920397.832821,-0.227421,-0.115543,1.010399,-0.1343,0.7000
1787920397.839284,-0.227687,-0.116403,1.009233,-0.1344,0.7000
1787920397.845833,-0.228260,-0.117184,1.007728,-0.1383,0.7000
1787920397.852678,-0.228647,-0.118160,1.006682,-0.1421,0.7000
1787920397.859470,-0.228993,-0.118723,1.004897,-0.1286,0.7000
1787920397.866664,-0.229358,-0.119724,1.003924,-0.1334,0.7000
1787920397.873873,-0.229837,-0.120614,1.002553,-0.1354,0.7000
1787920397.881399,-0.230220,-0.121432,1.001337,-0.1304,0.7000
1787920397.889590,-0.230711,-0.121956,0.999123,-0.1172,0.7000
1787920397.893984,-0.230780,-0.122998,0.999018,-0.1444,0.7000
1787920397.900158,-0.231159,-0.124041,0.998416,-0.1537,0.7000
1787920397.906774,-0.231885,-0.124528,0.996148,-0.1440,0.7000
1787920397.912972,-0.232126,-0.125311,0.995210,-0.1390,0.7000
1787920397.920126,-0.232725,-0.126066,0.993830,-0.1375,0.7000
1787920397.926271,-0.233201,-0.126928,0.992293,-0.1442,0.7000
1787920397.932466,-0.233504,-0.127742,0.991221,-0.1420,0.7000
1787920397.938964,-0.234052,-0.128505,0.989886,-0.1427,0.7000
1787920397.945662,-0.234440,-0.129377,0.988507,-0.1421,0.7000
1787920397.953137,-0.234929,-0.130155,0.986747,-0.1363,0.7000
1787920397.959120,-0.235047,-0.131097,0.986193,-0.1381,0.7000
1787920397.966029,-0.235602,-0.132131,0.984906,-0.1474,0.7000
1787920397.972794,-0.236134,-0.132707,0.982938,-0.1375,0.7000
1787920397.983053,-0.236729,-0.133480,0.981237,-0.1247,0.7000
1787920397.986534,-0.237180,-0.134327,0.980063,-0.1696,0.7000
1787920397.992764,-0.237540,-0.135307,0.978950,-0.1675,0.7000
1787920397.999504,-0.237906,-0.136164,0.977164,-0.1580,0.7000
1787920398.007928,-0.238563,-0.136755,0.975536,-0.1412,0.7000
1787920398.012742,-0.239111,-0.137755,0.974225,-0.1695,0.7000
1787920398.018980,-0.239628,-0.138423,0.972188,-0.1592,0.7000
1787920398.025602,-0.239744,-0.139641,0.972197,-0.1600,0.7000
1787920398.033086,-0.239978,-0.140378,0.971043,-0.1417,0.7000
1787920398.039209,-0.240596,-0.141107,0.969220,-0.1458,0.7000
1787920398.045918,-0.240951,-0.141872,0.968128,-0.1392,0.7000
1787920398.052076,-0.241481,-0.142897,0.967170,-0.1532,0.7000
1787920398.059118,-0.242027,-0.143566,0.964761,-0.1439,0.7000
1787920398.068214,-0.242616,-0.144306,0.963226,-0.1319,0.7000
1787920398.085406,-0.242742,-0.145334,0.962602,-0.1083,0.7000
1787920398.086433,-0.243028,-0.146182,0.961552,-0.3267,0.7000
1787920398.087299,-0.243348,-0.147157,0.960444,-0.5688,0.7000
1787920398.093629,-0.243979,-0.147743,0.958979,-0.4381,0.7000
1787920398.099244,-0.244188,-0.148597,0.957914,-0.3504,0.7000
1787920398.106519,-0.244650,-0.149366,0.956458,-0.2822,0.7000
1787920398.112152,-0.245268,-0.150215,0.955101,-0.2535,0.7000
1787920398.120923,-0.245771,-0.151062,0.953634,-0.2110,0.7000
1787920398.126322,-0.246303,-0.151796,0.952373,-0.1981,0.7000
1787920398.132825,-0.246774,-0.152360,0.950347,-0.1724,0.7000
1787920398.139239,-0.246978,-0.153066,0.949208,-0.1531,0.7000
1787920398.145495,-0.247375,-0.154087,0.948550,-0.1580,0.7000
1787920398.152359,-0.247676,-0.154708,0.947176,-0.1403,0.7000
1787920398.159739,-0.247997,-0.155730,0.946041,-0.1396,0.7000
1787920398.165798,-0.248408,-0.156799,0.945205,-0.1525,0.7000
1787920398.172587,-0.248941,-0.157203,0.943151,-0.1350,0.7000
1787920398.179544,-0.249295,-0.158025,0.941890,-0.1322,0.7000
1787920398.187428,-0.249867,-0.158905,0.940742,-0.1324,0.7000
1787920398.192833,-0.250014,-0.159952,0.940110,-0.1444,0.7000
1787920398.198829,-0.250572,-0.160489,0.938345,-0.1393,0.7000
1787920398.205801,-0.250935,-0.161372,0.937420,-0.1374,0.7000
1787920398.212816,-0.251212,-0.162268,0.936618,-0.1340,0.7000
1787920398.219723,-0.251677,-0.163029,0.935104,-0.1324,0.7000
1787920398.226256,-0.251809,-0.163915,0.934278,-0.1290,0.7000
1787920398.233159,-0.252680,-0.164614,0.932516,-0.1373,0.7000
1787920398.242015,-0.252753,-0.165601,0.931670,-0.1244,0.7000
1787920398.245894,-0.253736,-0.165812,0.928987,-0.1456,0.7000
1787920398.252756,-0.253848,-0.166861,0.928422,-0.1416,0.7000
1787920398.259052,-0.254771,-0.167640,0.926564,-0.1552,0.7000
1787920398.265734,-0.255148,-0.168489,0.925491,-0.1493,0.7000
1787920398.272477,-0.255622,-0.169120,0.923717,-0.1396,0.7000
1787920398.280378,-0.255799,-0.170272,0.923367,-0.1367,0.7000
1787920398.290978,-0.256423,-0.171183,0.921849,-0.1269,0.7000
1787920398.292413,-0.256762,-0.171945,0.920662,-0.2586,0.7000
1787920398.305500,-0.257075,-0.172885,0.919875,-0.2025,0.7000
1787920398.316487,-0.257312,-0.173766,0.919075,-0.1648,0.7000
1787920398.317553,-0.257935,-0.174314,0.917048,-0.3445,0.7000
1787920398.320690,-0.258574,-0.175292,0.915933,-0.3525,0.7000
1787920398.328513,-0.258811,-0.176442,0.915487,-0.2873,0.7000
1787920398.332638,-0.259588,-0.176997,0.913438,-0.2676,0.7000
1787920398.339024,-0.260357,-0.177588,0.911610,-0.2314,0.7000
1787920398.345945,-0.260773,-0.178554,0.910625,-0.2061,0.7000
1787920398.352456,-0.260946,-0.179521,0.909608,-0.1843,0.7000
1787920398.359091,-0.261615,-0.180179,0.908129,-0.1711,0.7000
1787920398.366506,-0.262109,-0.181434,0.907005,-0.1721,0.7000
1787920398.372466,-0.262456,-0.182407,0.905953,-0.1698,0.7000
1787920398.379262,-0.263025,-0.183100,0.904326,-0.1584,0.7000
1787920398.385425,-0.263306,-0.184185,0.903587,-0.1609,0.7000
1787920398.393203,-0.264317,-0.184353,0.900765,-0.1419,0.7000
1787920398.399114,-0.264502,-0.185151,0.899667,-0.1369,0.7000
1787920398.407149,-0.264945,-0.186128,0.898727,-0.1347,0.7000
1787920398.412959,-0.265688,-0.186762,0.896862,-0.1438,0.7000
1787920398.419356,-0.266051,-0.187749,0.895766,-0.1474,0.7000
1787920398.431641,-0.266426,-0.188569,0.894503,-0.1245,0.7000
1787920398.433510,-0.266397,-0.189703,0.894006,-0.2262,0.7000
1787920398.439210,-0.267226,-0.190481,0.892201,-0.2176,0.7000
1787920398.446297,-0.267666,-0.191026,0.890660,-0.1820,0.7000
1787920398.452402,-0.268256,-0.191814,0.889129,-0.1757,0.7000
1787920398.459351,-0.268773,-0.192443,0.887202,-0.1581,0.7000
1787920398.465946,-0.269374,-0.193375,0.886302,-0.1608,0.7000
1787920398.472407,-0.269594,-0.194477,0.885966,-0.1587,0.7000
1787920398.478885,-0.270101,-0.195171,0.884526,-0.1508,0.7000
1787920398.485915,-0.270197,-0.196547,0.884158,-0.1536,0.7000
1787920398.494620,-0.270801,-0.197115,0.882691,-0.1358,0.7000
1787920398.499429,-0.271329,-0.197799,0.881089,-0.1490,0.7000
1787920398.505846,-0.271938,-0.198417,0.879214,-0.1447,0.7000
1787920398.512555,-0.272436,-0.199229,0.878091,-0.1435,0.7000
1787920398.520832,-0.273609,-0.199731,0.875845,-0.1416,0.7000
1787920398.525886,-0.274695,-0.200193,0.873222,-0.1616,0.7000
1787920398.532810,-0.275521,-0.200686,0.870857,-0.1525,0.7000
1787920398.540066,-0.276320,-0.201285,0.869258,-0.1470,0.7000
1787920398.545369,-0.277018,-0.201886,0.867484,-0.1543,0.7000
1787920398.553450,-0.277570,-0.202417,0.865756,-0.1363,0.7000
1787920398.559027,-0.278390,-0.202875,0.863455,-0.1428,0.7000
1787920398.568202,-0.278763,-0.203784,0.862861,-0.1305,0.7000
1787920398.573454,-0.279481,-0.204611,0.861146,-0.1539,0.7000
1787920398.579785,-0.280100,-0.205155,0.859736,-0.1464,0.7000
1787920398.587694,-0.280347,-0.206369,0.859773,-0.1435,0.7000
1787920398.592620,-0.281263,-0.206386,0.856743,-0.1377,0.7000
1787920398.599717,-0.281086,-0.207754,0.857279,-0.1352,0.7000
1787920398.605864,-0.282061,-0.208199,0.855069,-0.1423,0.7000
1787920398.612911,-0.282548,-0.208572,0.853299,-0.1252,0.7000
1787920398.623436,-0.283126,-0.209453,0.851869,-0.1174,0.7000
1787920398.626751,-0.283711,-0.209872,0.850187,-0.1456,0.7000
1787920398.634382,-0.283918,-0.211064,0.849608,-0.1425,0.7000
1787920398.640430,-0.284713,-0.211482,0.847331,-0.1414,0.7000
1787920398.646259,-0.285173,-0.212243,0.846095,-0.1440,0.7000
1787920398.652122,-0.285671,-0.213112,0.845166,-0.1510,0.7000
1787920398.659220,-0.285969,-0.213964,0.844092,-0.1410,0.7000
1787920398.665581,-0.286556,-0.214756,0.842751,-0.1450,0.7000
1787920398.673764,-0.286873,-0.216014,0.842447,-0.1436,0.7000
1787920398.679448,-0.287636,-0.216979,0.841058,-0.1654,0.7000
1787920398.685607,-0.287705,-0.218239,0.840908,-0.1637,0.7000
1787920398.693257,-0.287979,-0.219235,0.839895,-0.1509,0.7000
1787920398.699468,-0.288478,-0.220063,0.838756,-0.1515,0.7000
1787920398.705661,-0.289090,-0.220993,0.837630,-0.1594,0.7000
1787920398.713096,-0.289347,-0.221984,0.837426,-0.1482,0.7000
1787920398.719079,-0.289703,-0.222993,0.835814,-0.1532,0.7000
1787920398.728462,-0.290505,-0.223801,0.834459,-0.1436,0.7000
1787920398.735612,-0.291330,-0.224550,0.832455,-0.1471,0.7000
1787920398.738771,-0.291957,-0.225409,0.830732,-0.2033,0.7000
1787920398.745945,-0.292623,-0.226344,0.829436,-0.1900,0.7000
1787920398.752504,-0.293356,-0.227039,0.827426,-0.1791,0.7000
1787920398.759456,-0.293860,-0.227852,0.825748,-0.1659,0.7000
1787920398.766042,-0.294327,-0.228851,0.824838,-0.1640,0.7000
1787920398.772210,-0.294588,-0.229787,0.823531,-0.1568,0.7000
1787920398.779415,-0.295104,-0.230873,0.822876,-0.1575,0.7000
1787920398.786068,-0.296036,-0.231707,0.821028,-0.1664,0.7000
1787920398.792502,-0.296270,-0.232964,0.820275,-0.1668,0.7000
1787920398.801832,-0.297100,-0.233797,0.818369,-0.1546,0.7000
1787920398.806268,-0.298017,-0.234363,0.816234,-0.1785,0.7000
1787920398.812429,-0.298769,-0.235116,0.814491,-0.1768,0.7000
1787920398.819925,-0.299353,-0.235866,0.812708,-0.1616,0.7000
1787920398.827182,-0.299661,-0.236974,0.812406,-0.1551,0.7000
1787920398.832724,-0.300168,-0.237505,0.810725,-0.1484,0.7000
1787920398.839608,-0.300723,-0.238413,0.809169,-0.1492,0.7000
1787920398.848166,-0.301293,-0.239429,0.808782,-0.1440,0.7000
1787920398.852582,-0.301845,-0.240409,0.807478,-0.1748,0.7000
1787920398.859077,-0.302291,-0.241102,0.806108,-0.1597,0.7000
1787920398.865605,-0.302977,-0.241794,0.804295,-0.1566,0.7000
1787920398.873149,-0.303438,-0.242852,0.803461,-0.1526,0.7000
1787920398.879107,-0.304252,-0.243296,0.801279,-0.1514,0.7000
1787920398.886888,-0.305034,-0.243980,0.799588,-0.1459,0.7000
1787920398.894293,-0.305024,-0.245258,0.799780,-0.1390,0.7000
1787920398.899224,-0.305847,-0.246056,0.798627,-0.1670,0.7000
1787920398.922330,-0.306424,-0.246554,0.796884,-0.1268,0.7000
1787920398.923412,-0.307271,-0.246812,0.794614,-0.3044,0.7000
1787920398.924370,-0.307563,-0.247752,0.794723,-0.4872,0.7000
1787920398.929656,-0.307312,-0.248950,0.795347,-0.3796,0.7000
1787920398.932319,-0.307733,-0.249388,0.793784,-0.3341,0.7000
1787920398.940300,-0.308572,-0.249813,0.792417,-0.2674,0.7000
1787920398.948280,-0.308821,-0.250881,0.792598,-0.2224,0.7000
1787920398.953264,-0.309474,-0.251709,0.791757,-0.2187,0.7000
1787920398.960236,-0.309844,-0.252267,0.791104,-0.1814,0.7000
1787920398.965800,-0.310397,-0.252562,0.789560,-0.1593,0.7000
1787920398.972223,-0.310940,-0.253313,0.788825,-0.1542,0.7000
1787920398.979333,-0.311063,-0.254324,0.789063,-0.1419,0.7000
1787920398.986110,-0.311687,-0.254630,0.787403,-0.1284,0.7000
1787920398.992507,-0.311905,-0.255368,0.787147,-0.1216,0.7000
1787920398.999132,-0.312255,-0.255904,0.786124,-0.1135,0.7000
1787920399.006637,-0.312820,-0.256294,0.784826,-0.1064,0.7000
1787920399.012727,-0.313233,-0.256821,0.784013,-0.1073,0.7000
1787920399.019410,-0.313750,-0.257405,0.782877,-0.1100,0.7000
1787920399.025813,-0.314387,-0.257831,0.781867,-0.1122,0.7000
1787920399.033068,-0.314784,-0.258573,0.781337,-0.1118,0.7000
1787920399.038976,-0.315232,-0.258996,0.780472,-0.1096,0.7000
1787920399.046237,-0.315691,-0.259615,0.779725,-0.1082,0.7000
1787920399.052920,-0.315978,-0.260349,0.779197,-0.1080,0.7000
1787920399.059090,-0.316414,-0.260831,0.778401,-0.1072,0.7000
1787920399.065722,-0.316818,-0.261214,0.777295,-0.1002,0.7000
1787920399.073401,-0.317089,-0.261691,0.776540,-0.0908,0.7000
1787920399.079811,-0.317830,-0.262145,0.775327,-0.1032,0.7000
1787920399.088315,-0.318104,-0.262599,0.774509,-0.0903,0.7000
1787920399.092818,-0.318446,-0.263239,0.773749,-0.1093,0.7000
1787920399.099260,-0.318847,-0.263708,0.773089,-0.1052,0.7000
1787920399.109207,-0.319028,-0.264429,0.772777,-0.0927,0.7000
1787920399.112082,-0.319801,-0.264692,0.770932,-0.1419,0.7000
1787920399.119111,-0.320245,-0.265233,0.770243,-0.1290,0.7000
1787920399.125731,-0.320540,-0.265573,0.769141,-0.1106,0.7000
1787920399.135679,-0.320878,-0.266215,0.768530,-0.0982,0.7000
1787920399.139858,-0.321148,-0.266542,0.767483,-0.0991,0.7000
1787920399.145807,-0.321558,-0.267260,0.767290,-0.1094,0.7000
1787920399.153223,-0.321717,-0.268238,0.767171,-0.1086,0.7000
1787920399.159015,-0.322239,-0.268558,0.765743,-0.1070,0.7000
1787920399.165385,-0.322773,-0.268865,0.764514,-0.1031,0.7000
1787920399.172824,-0.323006,-0.269370,0.763846,-0.0930,0.7000
1787920399.179633,-0.323493,-0.269752,0.762833,-0.0923,0.7000
1787920399.185987,-0.323689,-0.270314,0.762241,-0.0896,0.7000
1787920399.192572,-0.324020,-0.270890,0.761562,-0.0918,0.7000
1787920399.198964,-0.324502,-0.271383,0.760646,-0.0965,0.7000
1787920399.205640,-0.324826,-0.271759,0.759650,-0.0898,0.7000
1787920399.212700,-0.325213,-0.272179,0.758613,-0.0871,0.7000
1787920399.219026,-0.325826,-0.272459,0.757456,-0.0912,0.7000
1787920399.226677,-0.326070,-0.273040,0.757117,-0.0864,0.7000
1787920399.232880,-0.326435,-0.273502,0.756388,-0.0887,0.7000
1787920399.238990,-0.326678,-0.273938,0.755762,-0.0855,0.7000
1787920399.247535,-0.326998,-0.274571,0.755378,-0.0832,0.7000
1787920399.253146,-0.327616,-0.274858,0.753926,-0.0928,0.7000
1787920399.259138,-0.328147,-0.275242,0.753019,-0.0975,0.7000
1787920399.267927,-0.328524,-0.275759,0.752189,-0.0897,0.7000
1787920399.272694,-0.328752,-0.276306,0.751687,-0.0968,0.7000
1787920399.278963,-0.329217,-0.276621,0.750827,-0.0943,0.7000
1787920399.285799,-0.329645,-0.276937,0.749431,-0.0892,0.7000
1787920399.293138,-0.330128,-0.277002,0.748184,-0.0787,0.7000
1787920399.299383,-0.330414,-0.277652,0.747940,-0.0864,0.7000
1787920399.305986,-0.330755,-0.278080,0.747205,-0.0851,0.7000
1787920399.313862,-0.330982,-0.278349,0.746549,-0.0729,0.7000
1787920399.319362,-0.331447,-0.278816,0.745647,-0.0869,0.7000
1787920399.326484,-0.331645,-0.279376,0.745240,-0.0830,0.7000
1787920399.333658,-0.332001,-0.279786,0.744528,-0.0807,0.7000
1787920399.341799,-0.332214,-0.280249,0.744047,-0.0738,0.7000
1787920399.345725,-0.332590,-0.280627,0.743298,-0.0923,0.7000
1787920399.352525,-0.333021,-0.281009,0.742617,-0.0900,0.7000
1787920399.358657,-0.333414,-0.281381,0.741863,-0.0895,0.7000
1787920399.365684,-0.333881,-0.281778,0.740741,-0.0888,0.7000
1787920399.372639,-0.334359,-0.282098,0.739978,-0.0867,0.7000
1787920399.379165,-0.334527,-0.282361,0.739004,-0.0745,0.7000
1787920399.386062,-0.334934,-0.282578,0.738029,-0.0716,0.7000
1787920399.393079,-0.335105,-0.283080,0.737603,-0.0700,0.7000
1787920399.399103,-0.335100,-0.283606,0.737523,-0.0664,0.7000
1787920399.410128,-0.335745,-0.283917,0.736482,-0.0652,0.7000
1787920399.417667,-0.335995,-0.284130,0.735722,-0.0587,0.7000
1787920399.424601,-0.336437,-0.284409,0.734760,-0.0634,0.7000
1787920399.426588,-0.336712,-0.284658,0.734133,-0.1003,0.7000
1787920399.432818,-0.337072,-0.285239,0.733478,-0.1018,0.7000
1787920399.442810,-0.337412,-0.285329,0.732197,-0.0807,0.7000
1787920399.446808,-0.337806,-0.285679,0.731712,-0.0960,0.7000
1787920399.453019,-0.337981,-0.286298,0.731524,-0.0935,0.7000
1787920399.459378,-0.338096,-0.286863,0.731219,-0.0873,0.7000
1787920399.465864,-0.338648,-0.287124,0.730270,-0.0882,0.7000
1787920399.473090,-0.338939,-0.287461,0.729482,-0.0800,0.7000
1787920399.478979,-0.338842,-0.288321,0.730115,-0.0816,0.7000
1787920399.486912,-0.339171,-0.288719,0.729109,-0.0764,0.7000
1787920399.492616,-0.339532,-0.289032,0.728595,-0.0786,0.7000
1787920399.499495,-0.339561,-0.289590,0.728709,-0.0722,0.7000
1787920399.506289,-0.339882,-0.289970,0.727977,-0.0723,0.7000
1787920399.513163,-0.339973,-0.290476,0.727921,-0.0682,0.7000
1787920399.519608,-0.340178,-0.290908,0.727463,-0.0683,0.7000
1787920399.525944,-0.340274,-0.291384,0.727478,-0.0662,0.7000
1787920399.532448,-0.340528,-0.291816,0.727088,-0.0683,0.7000
1787920399.539320,-0.340598,-0.292244,0.726719,-0.0625,0.7000
1787920399.545552,-0.341051,-0.292484,0.725829,-0.0678,0.7000
1787920399.552878,-0.341392,-0.292736,0.725002,-0.0647,0.7000
1787920399.559461,-0.341802,-0.292995,0.724070,-0.0671,0.7000
1787920399.566396,-0.342134,-0.293590,0.724062,-0.0748,0.7000
1787920399.572493,-0.342531,-0.293898,0.723499,-0.0770,0.7000
1787920399.579278,-0.342803,-0.294349,0.722996,-0.0761,0.7000
1787920399.586482,-0.343082,-0.294973,0.722866,-0.0792,0.7000
1787920399.595407,-0.343464,-0.295152,0.722088,-0.0691,0.7000
1787920399.599826,-0.343919,-0.295245,0.720901,-0.0757,0.7000
1787920399.605808,-0.344268,-0.295456,0.719922,-0.0731,0.7000
1787920399.614865,-0.344449,-0.295868,0.719763,-0.0647,0.7000
1787920399.623861,-0.344751,-0.296204,0.719091,-0.0602,0.7000
1787920399.626176,-0.345007,-0.296514,0.718634,-0.0935,0.7000
1787920399.633855,-0.345374,-0.296903,0.718164,-0.0863,0.7000
1787920399.640792,-0.345594,-0.297605,0.718201,-0.0875,0.7000
1787920399.648253,-0.345975,-0.297991,0.717664,-0.0830,0.7000
1787920399.652767,-0.346286,-0.298335,0.717082,-0.0887,0.7000
1787920399.663186,-0.346384,-0.298890,0.716805,-0.0747,0.7000
1787920399.666431,-0.346849,-0.299014,0.715880,-0.0923,0.7000
1787920399.673247,-0.347104,-0.299251,0.714981,-0.0799,0.7000
1787920399.679118,-0.347417,-0.299576,0.714288,-0.0789,0.7000
1787920399.685869,-0.347872,-0.299709,0.713280,-0.0744,0.7000
1787920399.692702,-0.348077,-0.300132,0.712812,-0.0710,0.7000
1787920399.699152,-0.348375,-0.300753,0.712795,-0.0791,0.7000
1787920399.706262,-0.348645,-0.301133,0.712155,-0.0745,0.7000
1787920399.712984,-0.348901,-0.301408,0.711444,-0.0688,0.7000
1787920399.723511,-0.349197,-0.301704,0.710795,-0.0601,0.7000
1787920399.726953,-0.349584,-0.301965,0.709962,-0.0824,0.7000
1787920399.733909,-0.350015,-0.302336,0.709311,-0.0822,0.7000
1787920399.739371,-0.350462,-0.302562,0.708492,-0.0843,0.7000
1787920399.748899,-0.350889,-0.302806,0.707421,-0.0742,0.7000
1787920399.752756,-0.351253,-0.303172,0.707131,-0.0919,0.7000
1787920399.759944,-0.351591,-0.303649,0.706702,-0.0880,0.7000
1787920399.769121,-0.351983,-0.303841,0.705604,-0.0754,0.7000
1787920399.773488,-0.352310,-0.304294,0.705292,-0.0901,0.7000
1787920399.779291,-0.352534,-0.304834,0.705190,-0.0900,0.7000
1787920399.785748,-0.352876,-0.305125,0.704200,-0.0839,0.7000
1787920399.792843,-0.353202,-0.305360,0.703528,-0.0757,0.7000
1787920399.799458,-0.353494,-0.305833,0.703076,-0.0769,0.7000
1787920399.806044,-0.353873,-0.306240,0.702455,-0.0790,0.7000
1787920399.812448,-0.354274,-0.306397,0.701464,-0.0744,0.7000
1787920399.819557,-0.354639,-0.306731,0.700942,-0.0729,0.7000
1787920399.826052,-0.354997,-0.307125,0.700316,-0.0755,0.7000
1787920399.832374,-0.355246,-0.307642,0.700178,-0.0776,0.7000
1787920399.839078,-0.355539,-0.307812,0.699227,-0.0693,0.7000
1787920399.846018,-0.355789,-0.308214,0.698803,-0.0680,0.7000
1787920399.852793,-0.356215,-0.308682,0.698653,-0.0753,0.7000
1787920399.860733,-0.356468,-0.309145,0.697958,-0.0713,0.7000
1787920399.871210,-0.356810,-0.309431,0.697251,-0.0627,0.7000
1787920399.873022,-0.357011,-0.309845,0.696883,-0.1135,0.7000
1787920399.880557,-0.357486,-0.310145,0.696049,-0.1016,0.7000
1787920399.886104,-0.357828,-0.310576,0.695374,-0.1003,0.7000
1787920399.892754,-0.358314,-0.311162,0.695114,-0.1040,0.7000
1787920399.898880,-0.358767,-0.311182,0.693961,-0.0904,0.7000
1787920399.905924,-0.359150,-0.311576,0.693279,-0.0866,0.7000
1787920399.912381,-0.359426,-0.311874,0.692879,-0.0793,0.7000
1787920399.919103,-0.359712,-0.312019,0.691771,-0.0695,0.7000
1787920399.928658,-0.360068,-0.312419,0.691321,-0.0653,0.7000
1787920399.932262,-0.359860,-0.313545,0.692901,-0.0922,0.7000
1787920399.939453,-0.360401,-0.313611,0.691355,-0.0837,0.7000
1787920399.945879,-0.360562,-0.314242,0.691542,-0.0831,0.7000
1787920399.953579,-0.360756,-0.314627,0.691072,-0.0736,0.7000
1787920399.959541,-0.361228,-0.314843,0.690106,-0.0768,0.7000
1787920399.965574,-0.361608,-0.314965,0.688677,-0.0722,0.7000
1787920399.974990,-0.361997,-0.315503,0.688205,-0.0710,0.7000
1787920399.979471,-0.362279,-0.316051,0.687771,-0.0876,0.7000
1787920399.985621,-0.362602,-0.316364,0.686892,-0.0831,0.7000
1787920399.993002,-0.362642,-0.316937,0.686880,-0.0742,0.7000
1787920399.999513,-0.362918,-0.317383,0.686554,-0.0748,0.7000
1787920400.005796,-0.363592,-0.317504,0.685224,-0.0810,0.7000
1787920400.012907,-0.363659,-0.318075,0.685182,-0.0741,0.7000
1787920400.020309,-0.364020,-0.318478,0.684598,-0.0735,0.7000
1787920400.025824,-0.364473,-0.318632,0.683315,-0.0758,0.7000
1787920400.032162,-0.364703,-0.319119,0.683343,-0.0761,0.7000
1787920400.039245,-0.365014,-0.319538,0.682666,-0.0747,0.7000
1787920400.046151,-0.365342,-0.319939,0.682294,-0.0743,0.7000
1787920400.052249,-0.365685,-0.320428,0.682142,-0.0803,0.7000
1787920400.059370,-0.366018,-0.320839,0.681538,-0.0780,0.7000
1787920400.066412,-0.366418,-0.321083,0.680655,-0.0744,0.7000
1787920400.072662,-0.366872,-0.321320,0.679656,-0.0762,0.7000
1787920400.079280,-0.367039,-0.321613,0.679383,-0.0676,0.7000
1787920400.085680,-0.367355,-0.321959,0.678572,-0.0690,0.7000
1787920400.092347,-0.367782,-0.322394,0.678153,-0.0756,0.7000
1787920400.099222,-0.368164,-0.322589,0.677596,-0.0712,0.7000
1787920400.105939,-0.368450,-0.322999,0.677276,-0.0713,0.7000
1787920400.112614,-0.368886,-0.323186,0.676328,-0.0704,0.7000
1787920400.119080,-0.369136,-0.323532,0.675659,-0.0684,0.7000
1787920400.125589,-0.369529,-0.323914,0.675192,-0.0730,0.7000
1787920400.160653,-0.369898,-0.324158,0.674285,-0.0549,0.7000
1787920400.162633,-0.370266,-0.324633,0.674082,-0.1269,0.7000
1787920400.164420,-0.370614,-0.324922,0.673349,-0.1647,0.7000
1787920400.165763,-0.370985,-0.325192,0.672927,-0.2177,0.7000
1787920400.166536,-0.371409,-0.325316,0.671922,-0.3110,0.7000
1787920400.167305,-0.371647,-0.325899,0.671927,-0.4322,0.7000
1787920400.172395,-0.371974,-0.326178,0.671163,-0.3279,0.7000
1787920400.179408,-0.372156,-0.326392,0.670683,-0.2413,0.7000
1787920400.185935,-0.372663,-0.326753,0.670081,-0.1975,0.7000
1787920400.192541,-0.372975,-0.326703,0.668985,-0.1480,0.7000
1787920400.198887,-0.373181,-0.327058,0.668618,-0.1216,0.7000
1787920400.206167,-0.373553,-0.327401,0.668131,-0.1059,0.7000
1787920400.212107,-0.373771,-0.327691,0.668095,-0.0919,0.7000
1787920400.219260,-0.374012,-0.327940,0.667572,-0.0787,0.7000
1787920400.225529,-0.374308,-0.328422,0.667272,-0.0805,0.7000
1787920400.236215,-0.374494,-0.328877,0.667045,-0.0683,0.7000
1787920400.239300,-0.374560,-0.329231,0.666642,-0.0742,0.7000
1787920400.245977,-0.375004,-0.329278,0.665268,-0.0690,0.7000
1787920400.252549,-0.375025,-0.329742,0.665302,-0.0621,0.7000
1787920400.260752,-0.375442,-0.329848,0.664310,-0.0579,0.7000
1787920400.265644,-0.375710,-0.330052,0.663644,-0.0611,0.7000
1787920400.274389,-0.375921,-0.330454,0.663514,-0.0570,0.7000
1787920400.278789,-0.376084,-0.330810,0.663288,-0.0636,0.7000
1787920400.285510,-0.376321,-0.331100,0.662894,-0.0608,0.7000
1787920400.293509,-0.376848,-0.331192,0.661697,-0.0603,0.7000
1787920400.299137,-0.376987,-0.331456,0.661364,-0.0567,0.7000
1787920400.305683,-0.377523,-0.331826,0.660596,-0.0695,0.7000
1787920400.312546,-0.377754,-0.332037,0.659626,-0.0622,0.7000
1787920400.319760,-0.378011,-0.332171,0.658882,-0.0554,0.7000
1787920400.327729,-0.378199,-0.332486,0.658631,-0.0517,0.7000
1787920400.337880,-0.378535,-0.332658,0.658033,-0.0471,0.7000
1787920400.340971,-0.378663,-0.332997,0.657829,-0.0629,0.7000
1787920400.345626,-0.378920,-0.333388,0.657585,-0.0726,0.7000
1787920400.352733,-0.379105,-0.333610,0.657434,-0.0627,0.7000
1787920400.363234,-0.379398,-0.333875,0.657034,-0.0551,0.7000
1787920400.365994,-0.379506,-0.334221,0.656897,-0.0709,0.7000
1787920400.372528,-0.380044,-0.334293,0.656111,-0.0712,0.7000
1787920400.379111,-0.380478,-0.334717,0.655713,-0.0773,0.7000
1787920400.386084,-0.380591,-0.334884,0.655244,-0.0623,0.7000
1787920400.392646,-0.380887,-0.335013,0.654557,-0.0580,0.7000
1787920400.400820,-0.381231,-0.335261,0.654158,-0.0561,0.7000
1787920400.406123,-0.381574,-0.335699,0.654207,-0.0698,0.7000
1787920400.412529,-0.381791,-0.335986,0.653674,-0.0651,0.7000
1787920400.419985,-0.382091,-0.336308,0.653313,-0.0630,0.7000
1787920400.425691,-0.382274,-0.336739,0.653254,-0.0655,0.7000
1787920400.432818,-0.382538,-0.336839,0.652342,-0.0572,0.7000
1787920400.440466,-0.383037,-0.336930,0.651391,-0.0578,0.7000
1787920400.446269,-0.383064,-0.336985,0.650675,-0.0433,0.7000
1787920400.452688,-0.383316,-0.337176,0.649881,-0.0451,0.7000
1787920400.460287,-0.383700,-0.337193,0.649100,-0.0440,0.7000
1787920400.467850,-0.384090,-0.338108,0.649645,-0.0651,0.7000
1787920400.472355,-0.384395,-0.338342,0.649241,-0.0712,0.7000
1787920400.478749,-0.384688,-0.338396,0.648597,-0.0623,0.7000
1787920400.486389,-0.384968,-0.338614,0.648204,-0.0575,0.7000
1787920400.492426,-0.385285,-0.338776,0.647507,-0.0577,0.7000
1787920400.500942,-0.385695,-0.338904,0.646561,-0.0546,0.7000
1787920400.505628,-0.385926,-0.339202,0.646144,-0.0616,0.7000
1787920400.513152,-0.386119,-0.339105,0.644761,-0.0469,0.7000
1787920400.520285,-0.386300,-0.339309,0.644372,-0.0441,0.7000
1787920400.525835,-0.386487,-0.339536,0.644074,-0.0463,0.7000
1787920400.532850,-0.386487,-0.340023,0.644176,-0.0449,0.7000
1787920400.544735,-0.386845,-0.339958,0.643130,-0.0377,0.7000
1787920400.546655,-0.387301,-0.341187,0.644396,-0.1986,0.7000
1787920400.552159,-0.387324,-0.341676,0.644464,-0.1561,0.7000
1787920400.559290,-0.387693,-0.341870,0.643789,-0.1266,0.7000
1787920400.567903,-0.388051,-0.341840,0.642771,-0.0979,0.7000
1787920400.572445,-0.388232,-0.342302,0.642782,-0.0964,0.7000
1787920400.580479,-0.388674,-0.342248,0.641676,-0.0795,0.7000
1787920400.585272,-0.388944,-0.342448,0.640945,-0.0767,0.7000
1787920400.592805,-0.389185,-0.342632,0.640256,-0.0658,0.7000
1787920400.599297,-0.389497,-0.342960,0.639883,-0.0667,0.7000
1787920400.605803,-0.389800,-0.343460,0.639619,-0.0716,0.7000
1787920400.612587,-0.390099,-0.343650,0.638717,-0.0658,0.7000
1787920400.619100,-0.390522,-0.344025,0.638077,-0.0719,0.7000
1787920400.626026,-0.390777,-0.344319,0.637764,-0.0669,0.7000
1787920400.635708,-0.391106,-0.344354,0.636599,-0.0556,0.7000
1787920400.639178,-0.391401,-0.344328,0.635055,-0.0581,0.7000
1787920400.646282,-0.391519,-0.344604,0.634599,-0.0516,0.7000
1787920400.653989,-0.391597,-0.344701,0.634072,-0.0408,0.7000
1787920400.660182,-0.391933,-0.344856,0.633244,-0.0461,0.7000
1787920400.665990,-0.392047,-0.345161,0.632917,-0.0464,0.7000
1787920400.675408,-0.392297,-0.345297,0.632517,-0.0414,0.7000
1787920400.679163,-0.392700,-0.345529,0.631826,-0.0659,0.7000
1787920400.685898,-0.392849,-0.345744,0.631061,-0.0572,0.7000
1787920400.693623,-0.393131,-0.345955,0.630101,-0.0537,0.7000
1787920400.699554,-0.393344,-0.346334,0.629830,-0.0576,0.7000
1787920400.705549,-0.393605,-0.346406,0.629032,-0.0530,0.7000
1787920400.712950,-0.394035,-0.346634,0.628304,-0.0566,0.7000
1787920400.720528,-0.394286,-0.346983,0.627880,-0.0558,0.7000
1787920400.725826,-0.394668,-0.347282,0.627576,-0.0665,0.7000
1787920400.732377,-0.394921,-0.347700,0.627103,-0.0672,0.7000
1787920400.739083,-0.395305,-0.347767,0.626248,-0.0627,0.7000
1787920400.747565,-0.395746,-0.348102,0.625537,-0.0635,0.7000
1787920400.752787,-0.396007,-0.348476,0.625322,-0.0692,0.7000
1787920400.759848,-0.396428,-0.348614,0.624226,-0.0664,0.7000
1787920400.766153,-0.396659,-0.349107,0.624123,-0.0691,0.7000
1787920400.772733,-0.396890,-0.349405,0.623427,-0.0648,0.7000
1787920400.779073,-0.397443,-0.349513,0.622663,-0.0696,0.7000
1787920400.786761,-0.397812,-0.349855,0.621930,-0.0682,0.7000
1787920400.792496,-0.398150,-0.350083,0.621462,-0.0691,0.7000
1787920400.798746,-0.398433,-0.350414,0.621184,-0.0686,0.7000
1787920400.805493,-0.398774,-0.350683,0.620601,-0.0673,0.7000
1787920400.812597,-0.399067,-0.351192,0.620161,-0.0697,0.7000
1787920400.819368,-0.399390,-0.351357,0.619312,-0.0647,0.7000
1787920400.826070,-0.399652,-0.351675,0.618812,-0.0631,0.7000
1787920400.832498,-0.400037,-0.351921,0.618345,-0.0655,0.7000
1787920400.839797,-0.400660,-0.351996,0.617234,-0.0685,0.7000
1787920400.849909,-0.400721,-0.352518,0.617051,-0.0584,0.7000
1787920400.853582,-0.401208,-0.352765,0.616347,-0.0850,0.7000
1787920400.859525,-0.401564,-0.353102,0.615676,-0.0840,0.7000
1787920400.865657,-0.401758,-0.353399,0.615211,-0.0749,0.7000
1787920400.875632,-0.402197,-0.353614,0.614440,-0.0670,0.7000
1787920400.878965,-0.402294,-0.353905,0.614335,-0.0691,0.7000
1787920400.886080,-0.402701,-0.354082,0.613360,-0.0667,0.7000
1787920400.892339,-0.403073,-0.354243,0.612450,-0.0657,0.7000
1787920400.899260,-0.403404,-0.354514,0.611788,-0.0645,0.7000
1787920400.905598,-0.403720,-0.354811,0.610926,-0.0655,0.7000
1787920400.912740,-0.404244,-0.355182,0.610238,-0.0728,0.7000
1787920400.919088,-0.404478,-0.355471,0.609756,-0.0678,0.7000
1787920400.926680,-0.404569,-0.356025,0.609777,-0.0630,0.7000
1787920400.932848,-0.404926,-0.356167,0.608823,-0.0623,0.7000
1787920400.939182,-0.405295,-0.356293,0.607789,-0.0613,0.7000
1787920400.945804,-0.405434,-0.356518,0.607250,-0.0539,0.7000
1787920400.953434,-0.405770,-0.356858,0.606713,-0.0562,0.7000
1787920400.960652,-0.406275,-0.356998,0.605779,-0.0599,0.7000
1787920400.968129,-0.406583,-0.357145,0.604861,-0.0555,0.7000
1787920400.972799,-0.406885,-0.357564,0.604410,-0.0701,0.7000
1787920400.979126,-0.407170,-0.357929,0.604116,-0.0700,0.7000
1787920400.987089,-0.407535,-0.358149,0.602978,-0.0650,0.7000
1787920400.992280,-0.407774,-0.358328,0.602527,-0.0628,0.7000
1787920400.999069,-0.408004,-0.358773,0.602361,-0.0635,0.7000
1787920401.006023,-0.408177,-0.359048,0.602312,-0.0573,0.7000
1787920401.013413,-0.408542,-0.359197,0.601408,-0.0557,0.7000
1787920401.019291,-0.408906,-0.359570,0.601164,-0.0651,0.7000
1787920401.025382,-0.409445,-0.359835,0.600529,-0.0749,0.7000
1787920401.032546,-0.409771,-0.360145,0.599698,-0.0710,0.7000
1787920401.039843,-0.410156,-0.360295,0.598841,-0.0662,0.7000
1787920401.059168,-0.410406,-0.360526,0.598187,-0.0516,0.7000
1787920401.061024,-0.410737,-0.360584,0.597364,-0.0857,0.7000
1787920401.061931,-0.411291,-0.360705,0.596068,-0.2338,0.7000
1787920401.065719,-0.411350,-0.361190,0.596363,-0.1891,0.7000
1787920401.072893,-0.411834,-0.361454,0.595489,-0.1553,0.7000
1787920401.080723,-0.411901,-0.361917,0.595721,-0.1208,0.7000
1787920401.085879,-0.412400,-0.362016,0.594718,-0.1119,0.7000
1787920401.092864,-0.412753,-0.362046,0.593861,-0.0916,0.7000
1787920401.101402,-0.412894,-0.362650,0.594059,-0.0801,0.7000
1787920401.105693,-0.413134,-0.362843,0.593482,-0.0775,0.7000
1787920401.112588,-0.413508,-0.363071,0.592695,-0.0733,0.7000
1787920401.119963,-0.413802,-0.363118,0.591700,-0.0623,0.7000
1787920401.127114,-0.413813,-0.363710,0.592256,-0.0579,0.7000
1787920401.132268,-0.414233,-0.363888,0.591381,-0.0666,0.7000
1787920401.138690,-0.414395,-0.364304,0.591159,-0.0637,0.7000
1787920401.146574,-0.414693,-0.364522,0.590806,-0.0587,0.7000
1787920401.152450,-0.414893,-0.364821,0.590302,-0.0580,0.7000
1787920401.160404,-0.415551,-0.364855,0.589234,-0.0620,0.7000
1787920401.165741,-0.415709,-0.365159,0.588705,-0.0602,0.7000
1787920401.173389,-0.416051,-0.365401,0.588013,-0.0586,0.7000
1787920401.183954,-0.416448,-0.365717,0.587760,-0.0554,0.7000
1787920401.186688,-0.416660,-0.365950,0.587035,-0.0723,0.7000
1787920401.194495,-0.417030,-0.366116,0.586530,-0.0660,0.7000
1787920401.199359,-0.417415,-0.366254,0.585079,-0.0707,0.7000
1787920401.205615,-0.417640,-0.366480,0.584716,-0.0645,0.7000
1787920401.212444,-0.417980,-0.366846,0.584023,-0.0664,0.7000
1787920401.219498,-0.418339,-0.367007,0.583293,-0.0630,0.7000
1787920401.227634,-0.418522,-0.367362,0.583146,-0.0570,0.7000
1787920401.232750,-0.418724,-0.367662,0.582713,-0.0595,0.7000
1787920401.239440,-0.419068,-0.367843,0.582027,-0.0589,0.7000
1787920401.245602,-0.419263,-0.368121,0.581570,-0.0567,0.7000
1787920401.252394,-0.419528,-0.368326,0.581259,-0.0544,0.7000
1787920401.259779,-0.420060,-0.368430,0.580190,-0.0585,0.7000
1787920401.265731,-0.420214,-0.368604,0.579486,-0.0522,0.7000
1787920401.273491,-0.420529,-0.368914,0.579466,-0.0533,0.7000
1787920401.280077,-0.420803,-0.369293,0.579154,-0.0572,0.7000
1787920401.286179,-0.421054,-0.369633,0.578899,-0.0595,0.7000
1787920401.292490,-0.421356,-0.369832,0.578098,-0.0589,0.7000
1787920401.298988,-0.421609,-0.370172,0.577763,-0.0596,0.7000
1787920401.305813,-0.421913,-0.370481,0.577455,-0.0603,0.7000
1787920401.312690,-0.422262,-0.370570,0.576368,-0.0571,0.7000
1787920401.318904,-0.422514,-0.370726,0.575679,-0.0543,0.7000
1787920401.326081,-0.422856,-0.370920,0.575162,-0.0544,0.7000
1787920401.332146,-0.423256,-0.371028,0.574311,-0.0576,0.7000
1787920401.339508,-0.423513,-0.371315,0.573746,-0.0554,0.7000
1787920401.345853,-0.423752,-0.371536,0.573234,-0.0540,0.7000
1787920401.353311,-0.424165,-0.371675,0.572420,-0.0548,0.7000
1787920401.376844,-0.424548,-0.371978,0.571984,-0.0445,0.7000
1787920401.378927,-0.424909,-0.372105,0.571002,-0.0849,0.7000
1787920401.380001,-0.425287,-0.372223,0.570499,-0.1661,0.7000
1787920401.380822,-0.425657,-0.372497,0.570066,-0.2841,0.7000
1787920401.387127,-0.426041,-0.372754,0.569295,-0.2208,0.7000
1787920401.392986,-0.426303,-0.372925,0.568848,-0.1706,0.7000
1787920401.399250,-0.426559,-0.373285,0.568574,-0.1390,0.7000
1787920401.405584,-0.426753,-0.373506,0.567983,-0.1107,0.7000
1787920401.412220,-0.427041,-0.373815,0.568071,-0.0960,0.7000
1787920401.419846,-0.427181,-0.374135,0.567618,-0.0786,0.7000
1787920401.425680,-0.427399,-0.374212,0.567037,-0.0666,0.7000
1787920401.432953,-0.427741,-0.374536,0.566784,-0.0657,0.7000
1787920401.439179,-0.428030,-0.374608,0.565845,-0.0596,0.7000
1787920401.445868,-0.428335,-0.374745,0.565383,-0.0566,0.7000
1787920401.454180,-0.428488,-0.375095,0.565104,-0.0510,0.7000
1787920401.458951,-0.428749,-0.375409,0.564630,-0.0601,0.7000
1787920401.466690,-0.428989,-0.375724,0.564377,-0.0565,0.7000
1787920401.472681,-0.429284,-0.375942,0.563630,-0.0579,0.7000
1787920401.478721,-0.429579,-0.376265,0.563282,-0.0614,0.7000
1787920401.486015,-0.429853,-0.376537,0.562742,-0.0585,0.7000
1787920401.492326,-0.430086,-0.376831,0.562438,-0.0577,0.7000
1787920401.499067,-0.430372,-0.377060,0.561688,-0.0567,0.7000
1787920401.505704,-0.430543,-0.377417,0.561561,-0.0548,0.7000
1787920401.513386,-0.430971,-0.377545,0.560843,-0.0551,0.7000
1787920401.519017,-0.431412,-0.377527,0.559673,-0.0581,0.7000
1787920401.525650,-0.431567,-0.377915,0.559651,-0.0559,0.7000
1787920401.533867,-0.432041,-0.377951,0.558719,-0.0545,0.7000
1787920401.539305,-0.432289,-0.378372,0.558477,-0.0620,0.7000
1787920401.545901,-0.432609,-0.378622,0.557724,-0.0618,0.7000
1787920401.552462,-0.432872,-0.379225,0.557751,-0.0680,0.7000
1787920401.559430,-0.433101,-0.379595,0.557308,-0.0644,0.7000
1787920401.571371,-0.433359,-0.380082,0.556945,-0.0571,0.7000
1787920401.572992,-0.433625,-0.380119,0.556098,-0.0854,0.7000
1787920401.579303,-0.433774,-0.380249,0.555678,-0.0691,0.7000
1787920401.594258,-0.434186,-0.380668,0.555292,-0.0598,0.7000
1787920401.595364,-0.434462,-0.380778,0.554632,-0.1213,0.7000
1787920401.598892,-0.434857,-0.380984,0.554160,-0.1226,0.7000
1787920401.606027,-0.435214,-0.381136,0.553806,-0.1020,0.7000
1787920401.612860,-0.435451,-0.381533,0.553458,-0.0894,0.7000
1787920401.619249,-0.435835,-0.381604,0.552750,-0.0797,0.7000
1787920401.625968,-0.435991,-0.381997,0.552916,-0.0709,0.7000
1787920401.632569,-0.436340,-0.382200,0.552069,-0.0680,0.7000
1787920401.638924,-0.436557,-0.382285,0.551404,-0.0584,0.7000
1787920401.646169,-0.436887,-0.382400,0.550524,-0.0550,0.7000
1787920401.652450,-0.437327,-0.382670,0.550083,-0.0632,0.7000
1787920401.659050,-0.437638,-0.382509,0.548904,-0.0524,0.7000
1787920401.669153,-0.437937,-0.382881,0.548375,-0.0501,0.7000
1787920401.695266,-0.438222,-0.382952,0.547892,-0.0383,0.7000
1787920401.710198,-0.438565,-0.383217,0.547165,-0.0354,0.7000
1787920401.711284,-0.438955,-0.383261,0.546561,-0.1232,0.7000
1787920401.712321,-0.439214,-0.383549,0.545911,-0.1936,0.7000
1787920401.714159,-0.439571,-0.383527,0.545114,-0.1834,0.7000
1787920401.716012,-0.439818,-0.383852,0.544727,-0.1900,0.7000
1787920401.717752,-0.440210,-0.383836,0.543630,-0.1893,0.7000
1787920401.719174,-0.440742,-0.383925,0.542648,-0.2385,0.7000
1787920401.725620,-0.441016,-0.384056,0.542114,-0.1810,0.7000
1787920401.732967,-0.441236,-0.384524,0.542088,-0.1443,0.7000
1787920401.739252,-0.441551,-0.384495,0.541033,-0.1131,0.7000
1787920401.745795,-0.441685,-0.385006,0.541386,-0.0966,0.7000
1787920401.752318,-0.441923,-0.385370,0.541090,-0.0856,0.7000
1787920401.758901,-0.442220,-0.385635,0.540755,-0.0777,0.7000
1787920401.766546,-0.442333,-0.385830,0.540055,-0.0622,0.7000
1787920401.772530,-0.442673,-0.385916,0.539618,-0.0603,0.7000
1787920401.779392,-0.442891,-0.386201,0.539095,-0.0568,0.7000
1787920401.785654,-0.443345,-0.386317,0.537966,-0.0613,0.7000
1787920401.792441,-0.443665,-0.386506,0.537318,-0.0593,0.7000
1787920401.800834,-0.443768,-0.387046,0.537472,-0.0546,0.7000
1787920401.805739,-0.444194,-0.387295,0.536882,-0.0684,0.7000
1787920401.813068,-0.444568,-0.387716,0.536260,-0.0698,0.7000
1787920401.820409,-0.444752,-0.387959,0.536144,-0.0604,0.7000
1787920401.825958,-0.445200,-0.387942,0.534823,-0.0626,0.7000
1787920401.832616,-0.445495,-0.388284,0.534531,-0.0631,0.7000
1787920401.838995,-0.445641,-0.388507,0.534104,-0.0555,0.7000
1787920401.846347,-0.445937,-0.388455,0.533120,-0.0481,0.7000
1787920401.852573,-0.446258,-0.388676,0.532808,-0.0524,0.7000
1787920401.859150,-0.446393,-0.389030,0.532824,-0.0502,0.7000
1787920401.866297,-0.446854,-0.389222,0.532058,-0.0559,0.7000
1787920401.873917,-0.446993,-0.389576,0.532137,-0.0510,0.7000
1787920401.880856,-0.447401,-0.389866,0.531521,-0.0572,0.7000
1787920401.889242,-0.447572,-0.390463,0.531703,-0.0561,0.7000
1787920401.893919,-0.448001,-0.390374,0.530428,-0.0602,0.7000
1787920401.900713,-0.448196,-0.390609,0.530070,-0.0548,0.7000
1787920401.905539,-0.448321,-0.391047,0.529893,-0.0588,0.7000
1787920401.912759,-0.448680,-0.391278,0.529358,-0.0589,0.7000
1787920401.919669,-0.448826,-0.391423,0.529016,-0.0499,0.7000
1787920401.925631,-0.448995,-0.391588,0.528587,-0.0464,0.7000
1787920401.932050,-0.449480,-0.391829,0.527883,-0.0577,0.7000
1787920401.940095,-0.449655,-0.391940,0.527465,-0.0481,0.7000
1787920401.945640,-0.450023,-0.392318,0.527120,-0.0612,0.7000
1787920401.952814,-0.450433,-0.392437,0.526225,-0.0602,0.7000
1787920401.958909,-0.450694,-0.392844,0.526211,-0.0633,0.7000
1787920401.966290,-0.451001,-0.393122,0.525733,-0.0607,0.7000
1787920401.976332,-0.451303,-0.393341,0.525202,-0.0536,0.7000
1787920401.979425,-0.451721,-0.393351,0.524007,-0.0731,0.7000
1787920401.985541,-0.451789,-0.393773,0.524074,-0.0645,0.7000
1787920401.992712,-0.452191,-0.393919,0.523292,-0.0627,0.7000
1787920402.001485,-0.452509,-0.394143,0.522812,-0.0572,0.7000
1787920402.006167,-0.452938,-0.394313,0.522250,-0.0693,0.7000
1787920402.012704,-0.453168,-0.394553,0.521908,-0.0631,0.7000
1787920402.019920,-0.453608,-0.394618,0.520953,-0.0614,0.7000
1787920402.025854,-0.453892,-0.395020,0.520827,-0.0656,0.7000
1787920402.032470,-0.454154,-0.395247,0.520509,-0.0613,0.7000
1787920402.039146,-0.454502,-0.395555,0.520179,-0.0634,0.7000
1787920402.045965,-0.454698,-0.395851,0.519980,-0.0583,0.7000
1787920402.052587,-0.455079,-0.395993,0.519441,-0.0590,0.7000
1787920402.059591,-0.455421,-0.396059,0.518529,-0.0554,0.7000
1787920402.065504,-0.455683,-0.396538,0.518461,-0.0624,0.7000
1787920402.072498,-0.455953,-0.396759,0.517961,-0.0584,0.7000
1787920402.079733,-0.456401,-0.396750,0.517095,-0.0569,0.7000
1787920402.085514,-0.456587,-0.397028,0.516670,-0.0553,0.7000
1787920402.092529,-0.456915,-0.397225,0.516131,-0.0551,0.7000
1787920402.099120,-0.457180,-0.397428,0.515825,-0.0536,0.7000
1787920402.105718,-0.457450,-0.397672,0.515223,-0.0537,0.7000
1787920402.113121,-0.457814,-0.397806,0.514522,-0.0531,0.7000
1787920402.118970,-0.458026,-0.398191,0.514374,-0.0563,0.7000
1787920402.127511,-0.458342,-0.398114,0.513332,-0.0478,0.7000
1787920402.132225,-0.458699,-0.398414,0.513108,-0.0626,0.7000
1787920402.138782,-0.458919,-0.398620,0.512404,-0.0572,0.7000
1787920402.146376,-0.459266,-0.398807,0.511788,-0.0556,0.7000
1787920402.153137,-0.459493,-0.399136,0.511647,-0.0549,0.7000
1787920402.159027,-0.459789,-0.399390,0.511146,-0.0579,0.7000
1787920402.166212,-0.460161,-0.399499,0.510129,-0.0563,0.7000
1787920402.172521,-0.460332,-0.399904,0.509951,-0.0559,0.7000
1787920402.181498,-0.460634,-0.399999,0.509329,-0.0495,0.7000
1787920402.186172,-0.461017,-0.400250,0.508575,-0.0639,0.7000
1787920402.192932,-0.461194,-0.400618,0.508544,-0.0596,0.7000
1787920402.199276,-0.461477,-0.400971,0.508211,-0.0615,0.7000
1787920402.206865,-0.461822,-0.401166,0.507661,-0.0587,0.7000
1787920402.213168,-0.461943,-0.401717,0.508059,-0.0589,0.7000
1787920402.220372,-0.462266,-0.401868,0.507374,-0.0560,0.7000
1787920402.225994,-0.462499,-0.402095,0.507092,-0.0560,0.7000
1787920402.233183,-0.462890,-0.402101,0.506176,-0.0536,0.7000
1787920402.238859,-0.463216,-0.402322,0.505751,-0.0582,0.7000
1787920402.246019,-0.463670,-0.402511,0.504141,-0.0612,0.7000
1787920402.252414,-0.463970,-0.402632,0.503902,-0.0579,0.7000
1787920402.259557,-0.464208,-0.402882,0.503298,-0.0544,0.7000
1787920402.265651,-0.464615,-0.403009,0.502602,-0.0587,0.7000
1787920402.273408,-0.464794,-0.403371,0.502439,-0.0539,0.7000
1787920402.279238,-0.464889,-0.403694,0.502630,-0.0500,0.7000
1787920402.309504,-0.465164,-0.403914,0.502520,-0.0384,0.7000
1787920402.312358,-0.465357,-0.404282,0.502517,-0.0633,0.7000
1787920402.313946,-0.465629,-0.404376,0.502043,-0.0979,0.7000
1787920402.314831,-0.465987,-0.404438,0.501396,-0.1850,0.7000
1787920402.315752,-0.466168,-0.405039,0.501881,-0.2753,0.7000
1787920402.319348,-0.466586,-0.405053,0.500837,-0.2239,0.7000
1787920402.327897,-0.466877,-0.405215,0.500161,-0.1684,0.7000
1787920402.333018,-0.467296,-0.405553,0.499993,-0.1489,0.7000
1787920402.339036,-0.467579,-0.405756,0.499464,-0.1215,0.7000
1787920402.346487,-0.467947,-0.405848,0.498704,-0.0998,0.7000
1787920402.352134,-0.468197,-0.406258,0.498623,-0.0919,0.7000
1787920402.359139,-0.468603,-0.406240,0.497740,-0.0793,0.7000
1787920402.365895,-0.468757,-0.406615,0.497453,-0.0694,0.7000
1787920402.372243,-0.469203,-0.406518,0.496230,-0.0650,0.7000
1787920402.379230,-0.469375,-0.406613,0.495810,-0.0539,0.7000
1787920402.388088,-0.469783,-0.406937,0.495377,-0.0551,0.7000
1787920402.392851,-0.469950,-0.407162,0.494915,-0.0546,0.7000
1787920402.399124,-0.470235,-0.407228,0.494189,-0.0517,0.7000
1787920402.405577,-0.470539,-0.407677,0.494296,-0.0585,0.7000
1787920402.412637,-0.470925,-0.407963,0.493756,-0.0612,0.7000
1787920402.419552,-0.471222,-0.408214,0.493253,-0.0593,0.7000
1787920402.425651,-0.471405,-0.408336,0.492805,-0.0523,0.7000
1787920402.433957,-0.471638,-0.408824,0.492826,-0.0524,0.7000
1787920402.439121,-0.472098,-0.408939,0.492067,-0.0633,0.7000
1787920402.446370,-0.472292,-0.409095,0.491573,-0.0545,0.7000
1787920402.452786,-0.472546,-0.409116,0.490909,-0.0491,0.7000
1787920402.460132,-0.472845,-0.409539,0.490708,-0.0533,0.7000
1787920402.465741,-0.473101,-0.409699,0.490373,-0.0534,0.7000
1787920402.472406,-0.473348,-0.410049,0.489764,-0.0546,0.7000
1787920402.480500,-0.473594,-0.410257,0.489679,-0.0499,0.7000
1787920402.488339,-0.473942,-0.410334,0.489095,-0.0481,0.7000
1787920402.492072,-0.474120,-0.410614,0.488736,-0.0568,0.7000
1787920402.499135,-0.474549,-0.410802,0.488152,-0.0596,0.7000
1787920402.506207,-0.474810,-0.411089,0.487901,-0.0572,0.7000
1787920402.513802,-0.475188,-0.411326,0.487313,-0.0576,0.7000
1787920402.519307,-0.475560,-0.411324,0.486479,-0.0582,0.7000
1787920402.526081,-0.475695,-0.411808,0.486719,-0.0561,0.7000
1787920402.532207,-0.476001,-0.412010,0.486317,-0.0571,0.7000
1787920402.539360,-0.476390,-0.412116,0.485377,-0.0565,0.7000
1787920402.545599,-0.476550,-0.412148,0.484242,-0.0471,0.7000
1787920402.552573,-0.476853,-0.412377,0.483723,-0.0491,0.7000
1787920402.559216,-0.477173,-0.412665,0.483154,-0.0532,0.7000
1787920402.565809,-0.477542,-0.412969,0.482585,-0.0585,0.7000
1787920402.573977,-0.477914,-0.413135,0.481938,-0.0559,0.7000
1787920402.580386,-0.478241,-0.413222,0.481213,-0.0546,0.7000
1787920402.590274,-0.478548,-0.413510,0.480742,-0.0505,0.7000
1787920402.593271,-0.478818,-0.413689,0.480401,-0.0676,0.7000
1787920402.599479,-0.479165,-0.413819,0.479448,-0.0651,0.7000
1787920402.607023,-0.479511,-0.414119,0.479162,-0.0633,0.7000
1787920402.616487,-0.479729,-0.414692,0.479067,-0.0588,0.7000
1787920402.624797,-0.479970,-0.414836,0.478544,-0.0513,0.7000
1787920402.626393,-0.480122,-0.415209,0.478391,-0.0936,0.7000
1787920402.633358,-0.480566,-0.415416,0.477788,-0.0866,0.7000
1787920402.641324,-0.480922,-0.415739,0.477430,-0.0781,0.7000
1787920402.645519,-0.481275,-0.415855,0.476534,-0.0809,0.7000
1787920402.652722,-0.481552,-0.416224,0.476281,-0.0740,0.7000
1787920402.659533,-0.482123,-0.416179,0.475178,-0.0732,0.7000
1787920402.665666,-0.482408,-0.416412,0.474656,-0.0688,0.7000
1787920402.672596,-0.482692,-0.416780,0.474491,-0.0664,0.7000
1787920402.678913,-0.483016,-0.417060,0.474215,-0.0662,0.7000
1787920402.685927,-0.483418,-0.416984,0.473156,-0.0602,0.7000
1787920402.693832,-0.483631,-0.417368,0.473057,-0.0560,0.7000
1787920402.699305,-0.483947,-0.417343,0.472042,-0.0540,0.7000
1787920402.705654,-0.484098,-0.417636,0.471803,-0.0504,0.7000
1787920402.712583,-0.484536,-0.418006,0.471470,-0.0595,0.7000
1787920402.719143,-0.484636,-0.418129,0.470742,-0.0483,0.7000
1787920402.725981,-0.485039,-0.418208,0.470203,-0.0511,0.7000
1787920402.733589,-0.485307,-0.418601,0.470023,-0.0522,0.7000
1787920402.740093,-0.485561,-0.418844,0.469859,-0.0521,0.7000
1787920402.746299,-0.486084,-0.418705,0.468582,-0.0560,0.7000
1787920402.752810,-0.486246,-0.419158,0.468700,-0.0553,0.7000
1787920402.759260,-0.486414,-0.419326,0.468349,-0.0492,0.7000
1787920402.766175,-0.486834,-0.419417,0.467726,-0.0525,0.7000
1787920402.772785,-0.487071,-0.419503,0.467099,-0.0481,0.7000
1787920402.780797,-0.487402,-0.419653,0.466854,-0.0473,0.7000
1787920402.785484,-0.487734,-0.419927,0.466339,-0.0599,0.7000
1787920402.795619,-0.488042,-0.420027,0.465755,-0.0514,0.7000
1787920402.799909,-0.488117,-0.420516,0.465900,-0.0560,0.7000
1787920402.806528,-0.488811,-0.420256,0.462989,-0.0621,0.7000
1787920402.813164,-0.489005,-0.420782,0.463241,-0.0619,0.7000
1787920402.820848,-0.489300,-0.420828,0.462308,-0.0545,0.7000
1787920402.826423,-0.489745,-0.421042,0.461444,-0.0647,0.7000
1787920402.832575,-0.489927,-0.421412,0.461570,-0.0613,0.7000
1787920402.839039,-0.490287,-0.421544,0.460498,-0.0606,0.7000
1787920402.846082,-0.490549,-0.421711,0.460174,-0.0556,0.7000
1787920402.852277,-0.490883,-0.421891,0.459800,-0.0572,0.7000
1787920402.859471,-0.491255,-0.422011,0.459008,-0.0562,0.7000
1787920402.865944,-0.491403,-0.422340,0.459368,-0.0523,0.7000
1787920402.874250,-0.491932,-0.422255,0.457845,-0.0524,0.7000
1787920402.879520,-0.492108,-0.422749,0.458295,-0.0581,0.7000
1787920402.889029,-0.492505,-0.422928,0.457597,-0.0544,0.7000
1787920402.893253,-0.492578,-0.423359,0.457276,-0.0563,0.7000
1787920402.900782,-0.492964,-0.423568,0.456788,-0.0569,0.7000
1787920402.906653,-0.493141,-0.423877,0.456352,-0.0548,0.7000
1787920402.913510,-0.493509,-0.424015,0.455648,-0.0555,0.7000
1787920402.919091,-0.493900,-0.424447,0.455101,-0.0679,0.7000
1787920402.925427,-0.494208,-0.424680,0.454675,-0.0655,0.7000
1787920402.932167,-0.494579,-0.424730,0.453656,-0.0617,0.7000
1787920402.939751,-0.494868,-0.424917,0.453680,-0.0567,0.7000
1787920402.945833,-0.495136,-0.425058,0.453367,-0.0546,0.7000
1787920402.952610,-0.495434,-0.425345,0.453378,-0.0556,0.7000
1787920402.958785,-0.495589,-0.425433,0.453027,-0.0476,0.7000
1787920402.965841,-0.496085,-0.425500,0.452061,-0.0535,0.7000
1787920402.972547,-0.496275,-0.425802,0.452072,-0.0510,0.7000
1787920402.979046,-0.496665,-0.425940,0.451107,-0.0547,0.7000
1787920402.985970,-0.497007,-0.426247,0.450773,-0.0574,0.7000
1787920402.992667,-0.497375,-0.426336,0.449830,-0.0567,0.7000
1787920402.999837,-0.497673,-0.426439,0.449062,-0.0528,0.7000
1787920403.005580,-0.497941,-0.426575,0.448751,-0.0527,0.7000
1787920403.012292,-0.498155,-0.426825,0.448516,-0.0503,0.7000
1787920403.019842,-0.498576,-0.426963,0.447928,-0.0527,0.7000
1787920403.026085,-0.498808,-0.427170,0.447298,-0.0512,0.7000
1787920403.033017,-0.499134,-0.427607,0.447532,-0.0568,0.7000
1787920403.039294,-0.499454,-0.427780,0.447093,-0.0571,0.7000
1787920403.045540,-0.499749,-0.427938,0.446061,-0.0560,0.7000
1787920403.052745,-0.500047,-0.428015,0.445696,-0.0518,0.7000
1787920403.059191,-0.500317,-0.428382,0.445910,-0.0550,0.7000
1787920403.068537,-0.500626,-0.428640,0.445785,-0.0510,0.7000
1787920403.073364,-0.501013,-0.428637,0.445009,-0.0574,0.7000
1787920403.079628,-0.501313,-0.428971,0.445101,-0.0600,0.7000
1787920403.085738,-0.501623,-0.429053,0.444531,-0.0575,0.7000
1787920403.096416,-0.501907,-0.429467,0.444371,-0.0524,0.7000
1787920403.102407,-0.502393,-0.429379,0.442530,-0.0568,0.7000
1787920403.105818,-0.502550,-0.429766,0.442808,-0.0668,0.7000
1787920403.113767,-0.502825,-0.430018,0.442279,-0.0602,0.7000
1787920403.119255,-0.503201,-0.430201,0.441396,-0.0650,0.7000
1787920403.130117,-0.503494,-0.430190,0.441198,-0.0527,0.7000
1787920403.133247,-0.503573,-0.430564,0.441401,-0.0590,0.7000
1787920403.139098,-0.503911,-0.430852,0.441236,-0.0633,0.7000
1787920403.146187,-0.504279,-0.430911,0.440492,-0.0595,0.7000
1787920403.152460,-0.504718,-0.431049,0.439524,-0.0634,0.7000
1787920403.158800,-0.505034,-0.431293,0.439452,-0.0628,0.7000
1787920403.165962,-0.505460,-0.431244,0.438138,-0.0593,0.7000
1787920403.172348,-0.505649,-0.431444,0.437915,-0.0535,0.7000
1787920403.179100,-0.505979,-0.431664,0.437428,-0.0549,0.7000
1787920403.185602,-0.506238,-0.431891,0.437394,-0.0537,0.7000
1787920403.192549,-0.506471,-0.432384,0.437307,-0.0557,0.7000
1787920403.199185,-0.506839,-0.432412,0.436655,-0.0546,0.7000
1787920403.207393,-0.507226,-0.432554,0.436020,-0.0532,0.7000
1787920403.215741,-0.507520,-0.432909,0.435881,-0.0522,0.7000
1787920403.221705,-0.508077,-0.432839,0.433972,-0.0605,0.7000
1787920403.226153,-0.508192,-0.433208,0.434003,-0.0598,0.7000
1787920403.235232,-0.508533,-0.433282,0.433296,-0.0531,0.7000
1787920403.238976,-0.508919,-0.433386,0.432868,-0.0688,0.7000
1787920403.245754,-0.508908,-0.433859,0.433160,-0.0565,0.7000
1787920403.252460,-0.509219,-0.434034,0.432760,-0.0554,0.7000
1787920403.259073,-0.509677,-0.434087,0.432305,-0.0587,0.7000
1787920403.266025,-0.509884,-0.434659,0.432582,-0.0596,0.7000
1787920403.272362,-0.510180,-0.434867,0.432569,-0.0585,0.7000
1787920403.278785,-0.510978,-0.434797,0.430091,-0.0735,0.7000
1787920403.286275,-0.511218,-0.435098,0.430070,-0.0652,0.7000
1787920403.292235,-0.511605,-0.435507,0.429718,-0.0719,0.7000
1787920403.299243,-0.512024,-0.435724,0.428747,-0.0705,0.7000
1787920403.307561,-0.512282,-0.436088,0.428873,-0.0633,0.7000
1787920403.312071,-0.512469,-0.436176,0.428789,-0.0581,0.7000
1787920403.319421,-0.512818,-0.436652,0.428717,-0.0617,0.7000
1787920403.326900,-0.513076,-0.436742,0.428162,-0.0541,0.7000
1787920403.334750,-0.513357,-0.437126,0.428222,-0.0537,0.7000
1787920403.341426,-0.513856,-0.437012,0.426636,-0.0559,0.7000
1787920403.345323,-0.514222,-0.437068,0.426006,-0.0666,0.7000
1787920403.352849,-0.514594,-0.437343,0.425298,-0.0646,0.7000
1787920403.359646,-0.514922,-0.437523,0.424916,-0.0617,0.7000
1787920403.365504,-0.515187,-0.437906,0.425089,-0.0636,0.7000
1787920403.372381,-0.515517,-0.438051,0.424380,-0.0603,0.7000
1787920403.379548,-0.515799,-0.438504,0.424561,-0.0607,0.7000
1787920403.385583,-0.516357,-0.438553,0.422907,-0.0688,0.7000
1787920403.392459,-0.516668,-0.438841,0.422647,-0.0657,0.7000
1787920403.398793,-0.517128,-0.438887,0.421769,-0.0668,0.7000
1787920403.405481,-0.517629,-0.439127,0.420646,-0.0716,0.7000
1787920403.418567,-0.517766,-0.439230,0.420454,-0.0540,0.7000
1787920403.421071,-0.518296,-0.439234,0.418930,-0.0960,0.7000
1787920403.426488,-0.518550,-0.439479,0.418649,-0.0856,0.7000
1787920403.435768,-0.518895,-0.439732,0.417672,-0.0734,0.7000
1787920403.439106,-0.519303,-0.440118,0.417646,-0.0989,0.7000
1787920403.446879,-0.519717,-0.440456,0.416937,-0.0892,0.7000
1787920403.452179,-0.520149,-0.440792,0.416900,-0.0925,0.7000
1787920403.460534,-0.520565,-0.440940,0.416323,-0.0805,0.7000
1787920403.465987,-0.521085,-0.440946,0.415647,-0.0827,0.7000
1787920403.472418,-0.521495,-0.441037,0.414333,-0.0771,0.7000
1787920403.479054,-0.521748,-0.441404,0.414731,-0.0711,0.7000
1787920403.486567,-0.522173,-0.441693,0.414243,-0.0700,0.7000
1787920403.492324,-0.522342,-0.442067,0.414274,-0.0649,0.7000
1787920403.499227,-0.522757,-0.442307,0.413902,-0.0661,0.7000
1787920403.505341,-0.523087,-0.442489,0.412823,-0.0647,0.7000
1787920403.512604,-0.523548,-0.442547,0.412088,-0.0637,0.7000
1787920403.519238,-0.524041,-0.442575,0.410744,-0.0655,0.7000
1787920403.525513,-0.524242,-0.443013,0.410403,-0.0631,0.7000
1787920403.532764,-0.524836,-0.443088,0.409218,-0.0679,0.7000
1787920403.541693,-0.525328,-0.443461,0.408917,-0.0677,0.7000
1787920403.546070,-0.525580,-0.443772,0.408780,-0.0717,0.7000
1787920403.553635,-0.526164,-0.443603,0.407853,-0.0688,0.7000
1787920403.558862,-0.526410,-0.444016,0.407467,-0.0705,0.7000
1787920403.565520,-0.527011,-0.444193,0.406755,-0.0774,0.7000
1787920403.573075,-0.527290,-0.444377,0.406146,-0.0672,0.7000
1787920403.580609,-0.527668,-0.444688,0.405782,-0.0658,0.7000
1787920403.587599,-0.528208,-0.445103,0.404768,-0.0744,0.7000
1787920403.593429,-0.528593,-0.445254,0.404440,-0.0733,0.7000
1787920403.599862,-0.528960,-0.445480,0.403475,-0.0712,0.7000
1787920403.609231,-0.529313,-0.445858,0.403032,-0.0650,0.7000
1787920403.617865,-0.529729,-0.446157,0.402815,-0.0629,0.7000
1787920403.619648,-0.530018,-0.446510,0.402879,-0.1119,0.7000
1787920403.626234,-0.530433,-0.446754,0.402054,-0.1001,0.7000
1787920403.632895,-0.530933,-0.446899,0.401455,-0.0934,0.7000
1787920403.641690,-0.531303,-0.447392,0.401168,-0.0835,0.7000
1787920403.650752,-0.531729,-0.447288,0.400051,-0.0701,0.7000
1787920403.653186,-0.532094,-0.447967,0.399871,-0.1231,0.7000
1787920403.660236,-0.532516,-0.447945,0.399185,-0.1024,0.7000
1787920403.665744,-0.532901,-0.448247,0.398520,-0.0974,0.7000
1787920403.672290,-0.533268,-0.448425,0.397436,-0.0868,0.7000
1787920403.679365,-0.533834,-0.448437,0.396668,-0.0831,0.7000
1787920403.685802,-0.534131,-0.448684,0.396239,-0.0754,0.7000
1787920403.692818,-0.534487,-0.448910,0.395495,-0.0706,0.7000
1787920403.699100,-0.534760,-0.449100,0.395314,-0.0649,0.7000
1787920403.706811,-0.535096,-0.449309,0.394739,-0.0606,0.7000
1787920403.717432,-0.535391,-0.449651,0.394538,-0.0539,0.7000
1787920403.718800,-0.535800,-0.449587,0.392978,-0.1152,0.7000
1787920403.726484,-0.536268,-0.450048,0.392956,-0.1044,0.7000
1787920403.733186,-0.536671,-0.450090,0.391764,-0.0905,0.7000
1787920403.742392,-0.537193,-0.450227,0.390978,-0.0808,0.7000
1787920403.745982,-0.537440,-0.450588,0.390560,-0.0871,0.7000
1787920403.752699,-0.537721,-0.451103,0.390390,-0.0813,0.7000
1787920403.759583,-0.538254,-0.451090,0.389508,-0.0782,0.7000
1787920403.766345,-0.538487,-0.451583,0.389399,-0.0726,0.7000
1787920403.772858,-0.538956,-0.451797,0.389157,-0.0746,0.7000
1787920403.779127,-0.539362,-0.451960,0.388390,-0.0731,0.7000
1787920403.785772,-0.539845,-0.452010,0.387496,-0.0722,0.7000
1787920403.792641,-0.540064,-0.452309,0.387389,-0.0643,0.7000
1787920403.798974,-0.540624,-0.452283,0.386194,-0.0692,0.7000
1787920403.805659,-0.540914,-0.452580,0.385935,-0.0655,0.7000
1787920403.812302,-0.541357,-0.452904,0.385712,-0.0698,0.7000
1787920403.820468,-0.541680,-0.452881,0.384865,-0.0596,0.7000
1787920403.825511,-0.542059,-0.453135,0.384805,-0.0683,0.7000
1787920403.832769,-0.542399,-0.453240,0.384142,-0.0625,0.7000
1787920403.839350,-0.542879,-0.453356,0.383279,-0.0660,0.7000
1787920403.845773,-0.543151,-0.453753,0.383335,-0.0649,0.7000
1787920403.853262,-0.543549,-0.453914,0.382536,-0.0626,0.7000
1787920403.859454,-0.543959,-0.453934,0.381714,-0.0627,0.7000
1787920403.867337,-0.544231,-0.454421,0.381605,-0.0603,0.7000
1787920403.872742,-0.544597,-0.454423,0.380705,-0.0612,0.7000
1787920403.879649,-0.545020,-0.454639,0.380034,-0.0634,0.7000
1787920403.886722,-0.545367,-0.454765,0.379138,-0.0600,0.7000
1787920403.892553,-0.545807,-0.454800,0.378645,-0.0637,0.7000
1787920403.898968,-0.545964,-0.455282,0.378571,-0.0598,0.7000
1787920403.905965,-0.546625,-0.455173,0.377366,-0.0664,0.7000
1787920403.912256,-0.546997,-0.455454,0.376905,-0.0679,0.7000
1787920403.922363,-0.547203,-0.455716,0.376740,-0.0561,0.7000
1787920403.927386,-0.547823,-0.455759,0.375699,-0.0746,0.7000
1787920403.932238,-0.548070,-0.456378,0.376321,-0.0806,0.7000
1787920403.938779,-0.548506,-0.456542,0.375451,-0.0777,0.7000
1787920403.949100,-0.548945,-0.456393,0.374388,-0.0647,0.7000
1787920403.952367,-0.549161,-0.456988,0.374807,-0.0838,0.7000
1787920403.959153,-0.549492,-0.457111,0.374057,-0.0743,0.7000
1787920403.965709,-0.549769,-0.457431,0.374028,-0.0691,0.7000
1787920403.971979,-0.550119,-0.457514,0.372998,-0.0654,0.7000
1787920403.980205,-0.550575,-0.457676,0.372391,-0.0634,0.7000
1787920403.985917,-0.550987,-0.457838,0.371574,-0.0677,0.7000
1787920403.994429,-0.551264,-0.458051,0.371066,-0.0592,0.7000
1787920403.999564,-0.551791,-0.458201,0.370381,-0.0733,0.7000
1787920404.007318,-0.552110,-0.458363,0.369931,-0.0651,0.7000
1787920404.015598,-0.552563,-0.458556,0.369139,-0.0634,0.7000
1787920404.019362,-0.552740,-0.458836,0.369243,-0.0656,0.7000
1787920404.026733,-0.553107,-0.459055,0.368666,-0.0631,0.7000
1787920404.039764,-0.553482,-0.459241,0.367870,-0.0537,0.7000
1787920404.040905,-0.553943,-0.459103,0.366561,-0.1379,0.7000
1787920404.050326,-0.554164,-0.459589,0.366176,-0.1086,0.7000
1787920404.052196,-0.554608,-0.459474,0.365092,-0.1360,0.7000
1787920404.059773,-0.554931,-0.459681,0.364550,-0.1101,0.7000
1787920404.066687,-0.555403,-0.459976,0.364287,-0.1007,0.7000
1787920404.075209,-0.555654,-0.460297,0.364052,-0.0828,0.7000
1787920404.080974,-0.556066,-0.460398,0.363356,-0.0798,0.7000
1787920404.086613,-0.556539,-0.460552,0.362901,-0.0823,0.7000
1787920404.092859,-0.556964,-0.460867,0.362156,-0.0821,0.7000
1787920404.099156,-0.557269,-0.461053,0.361740,-0.0742,0.7000
1787920404.105525,-0.557599,-0.461193,0.360935,-0.0688,0.7000
1787920404.112671,-0.557896,-0.461330,0.360731,-0.0619,0.7000
1787920404.118733,-0.558130,-0.461599,0.360257,-0.0588,0.7000
1787920404.126838,-0.558383,-0.461865,0.360091,-0.0534,0.7000
1787920404.133518,-0.558889,-0.461865,0.358828,-0.0587,0.7000
1787920404.138972,-0.559253,-0.462380,0.359167,-0.0698,0.7000
1787920404.145847,-0.559675,-0.462551,0.358154,-0.0687,0.7000
1787920404.153161,-0.560037,-0.462783,0.357762,-0.0653,0.7000
1787920404.159570,-0.560388,-0.462948,0.357339,-0.0639,0.7000
1787920404.166105,-0.560796,-0.463294,0.357301,-0.0678,0.7000
1787920404.173080,-0.561320,-0.463234,0.356325,-0.0677,0.7000
1787920404.181273,-0.561575,-0.463445,0.356149,-0.0588,0.7000
1787920404.185457,-0.562031,-0.463657,0.355690,-0.0771,0.7000
1787920404.192143,-0.562383,-0.463890,0.355233,-0.0724,0.7000
1787920404.199281,-0.562769,-0.463985,0.354424,-0.0673,0.7000
1787920404.205606,-0.563082,-0.464386,0.354279,-0.0676,0.7000
1787920404.212466,-0.563496,-0.464535,0.353416,-0.0666,0.7000
1787920404.219346,-0.563915,-0.464602,0.352585,-0.0647,0.7000
1787920404.229278,-0.564358,-0.464522,0.351220,-0.0571,0.7000
1787920404.232614,-0.564824,-0.464919,0.350807,-0.0915,0.7000
1787920404.239276,-0.565402,-0.464893,0.349818,-0.0881,0.7000
1787920404.245759,-0.565819,-0.465208,0.349539,-0.0848,0.7000
1787920404.254333,-0.566231,-0.465217,0.348432,-0.0730,0.7000
1787920404.259404,-0.566555,-0.465580,0.348362,-0.0765,0.7000
1787920404.266030,-0.566993,-0.465690,0.347717,-0.0739,0.7000
1787920404.272454,-0.567302,-0.466085,0.347598,-0.0716,0.7000
1787920404.278964,-0.567697,-0.466210,0.346894,-0.0692,0.7000
1787920404.285839,-0.568059,-0.466132,0.345912,-0.0621,0.7000
1787920404.292476,-0.568552,-0.466479,0.345418,-0.0698,0.7000
1787920404.298852,-0.568964,-0.466751,0.344935,-0.0714,0.7000
1787920404.305347,-0.569537,-0.467132,0.344498,-0.0808,0.7000
1787920404.314245,-0.569914,-0.467348,0.343952,-0.0710,0.7000
1787920404.319073,-0.570570,-0.467270,0.343173,-0.0865,0.7000
1787920404.326848,-0.570964,-0.467551,0.342494,-0.0785,0.7000
1787920404.334709,-0.571471,-0.468016,0.342473,-0.0791,0.7000
1787920404.352257,-0.571728,-0.468125,0.341749,-0.0602,0.7000
1787920404.360404,-0.572190,-0.468284,0.340978,-0.0601,0.7000
1787920404.361481,-0.572770,-0.468068,0.339322,-0.1742,0.7000
1787920404.362478,-0.572972,-0.468417,0.339247,-0.2143,0.7000
1787920404.366104,-0.573623,-0.468608,0.338251,-0.2060,0.7000
1787920404.372274,-0.573890,-0.468844,0.337540,-0.1603,0.7000
1787920404.379119,-0.574264,-0.469344,0.337352,-0.1349,0.7000
1787920404.385526,-0.574613,-0.469727,0.336767,-0.1158,0.7000
1787920404.392967,-0.575112,-0.469911,0.335711,-0.1025,0.7000
1787920404.399839,-0.575620,-0.469922,0.334424,-0.0928,0.7000
1787920404.405929,-0.575998,-0.469963,0.333500,-0.0832,0.7000
1787920404.412086,-0.576548,-0.470245,0.332762,-0.0881,0.7000
1787920404.419119,-0.576950,-0.470459,0.331951,-0.0809,0.7000
1787920404.426101,-0.577395,-0.470742,0.331590,-0.0786,0.7000
1787920404.434278,-0.577834,-0.471001,0.331226,-0.0733,0.7000
1787920404.439016,-0.578191,-0.471487,0.330948,-0.0828,0.7000
1787920404.445453,-0.578680,-0.471599,0.330100,-0.0812,0.7000
1787920404.455081,-0.579071,-0.471875,0.329496,-0.0711,0.7000
1787920404.461757,-0.579622,-0.471853,0.328462,-0.0729,0.7000
1787920404.467110,-0.580000,-0.472381,0.328235,-0.0806,0.7000
1787920404.472547,-0.580410,-0.472550,0.327388,-0.0809,0.7000
1787920404.478805,-0.580803,-0.472961,0.327180,-0.0808,0.7000
1787920404.487510,-0.581388,-0.472971,0.326040,-0.0758,0.7000
1787920404.492551,-0.581889,-0.473117,0.324896,-0.0840,0.7000
1787920404.499116,-0.582483,-0.473305,0.323790,-0.0873,0.7000
1787920404.505318,-0.583027,-0.473492,0.323361,-0.0890,0.7000
1787920404.512520,-0.583363,-0.473755,0.322779,-0.0790,0.7000
1787920404.526927,-0.583729,-0.474232,0.322726,-0.0657,0.7000
1787920404.527932,-0.584077,-0.474460,0.322005,-0.1662,0.7000
1787920404.543581,-0.584637,-0.474753,0.321557,-0.1283,0.7000
1787920404.544645,-0.585253,-0.474754,0.320359,-0.2546,0.7000
1787920404.546146,-0.585573,-0.475030,0.319744,-0.2564,0.7000
1787920404.552552,-0.585994,-0.475059,0.318767,-0.1986,0.7000
1787920404.561699,-0.586618,-0.475241,0.318144,-0.1603,0.7000
1787920404.565634,-0.587077,-0.475822,0.318091,-0.1593,0.7000
1787920404.573985,-0.587739,-0.475723,0.316739,-0.1330,0.7000
1787920404.581788,-0.588036,-0.476258,0.317371,-0.1104,0.7000
1787920404.586659,-0.588529,-0.476395,0.316370,-0.1087,0.7000
1787920404.592880,-0.588948,-0.476797,0.316326,-0.1014,0.7000
1787920404.598689,-0.589329,-0.476921,0.315510,-0.0917,0.7000
1787920404.606020,-0.589776,-0.477007,0.314829,-0.0826,0.7000
1787920404.612493,-0.590186,-0.477183,0.313952,-0.0784,0.7000
1787920404.619209,-0.590635,-0.477382,0.313415,-0.0767,0.7000
1787920404.625482,-0.591255,-0.477440,0.311832,-0.0828,0.7000
1787920404.632511,-0.591542,-0.477776,0.311819,-0.0740,0.7000
1787920404.639376,-0.592062,-0.477883,0.311272,-0.0749,0.7000
1787920404.645742,-0.592332,-0.478059,0.310351,-0.0670,0.7000
1787920404.653578,-0.592793,-0.478195,0.309823,-0.0653,0.7000
1787920404.659257,-0.593201,-0.478558,0.309585,-0.0721,0.7000
1787920404.665839,-0.593711,-0.478638,0.308504,-0.0737,0.7000
1787920404.672713,-0.594115,-0.478810,0.307873,-0.0707,0.7000
1787920404.679458,-0.594453,-0.479204,0.307828,-0.0691,0.7000
1787920404.686796,-0.594804,-0.479288,0.306897,-0.0631,0.7000
1787920404.692197,-0.595202,-0.479707,0.306919,-0.0722,0.7000
1787920404.700078,-0.595703,-0.479828,0.306011,-0.0702,0.7000
1787920404.708173,-0.595988,-0.480195,0.306130,-0.0633,0.7000
1787920404.713448,-0.596515,-0.480577,0.305961,-0.0794,0.7000
1787920404.718972,-0.596922,-0.480645,0.305117,-0.0778,0.7000
1787920404.725772,-0.597334,-0.480566,0.304322,-0.0708,0.7000
1787920404.732832,-0.597857,-0.480747,0.303570,-0.0730,0.7000
1787920404.741215,-0.598194,-0.480846,0.303309,-0.0637,0.7000
1787920404.746714,-0.598632,-0.480787,0.301955,-0.0664,0.7000
1787920404.753231,-0.598953,-0.481155,0.302112,-0.0657,0.7000
1787920404.758869,-0.599487,-0.481304,0.301337,-0.0755,0.7000
1787920404.766690,-0.599761,-0.481554,0.300784,-0.0657,0.7000
1787920404.772638,-0.600320,-0.481701,0.300034,-0.0751,0.7000
1787920404.779111,-0.600666,-0.481959,0.299690,-0.0714,0.7000
1787920404.785827,-0.601008,-0.482121,0.299269,-0.0667,0.7000
1787920404.792485,-0.601453,-0.482236,0.298826,-0.0674,0.7000
1787920404.799543,-0.601819,-0.482462,0.298386,-0.0648,0.7000
1787920404.806006,-0.602179,-0.482765,0.298239,-0.0655,0.7000
1787920404.812524,-0.602611,-0.482858,0.297721,-0.0661,0.7000
1787920404.819268,-0.602997,-0.482979,0.297130,-0.0643,0.7000
1787920404.825934,-0.603297,-0.483193,0.296784,-0.0607,0.7000
1787920404.833425,-0.603664,-0.483269,0.296088,-0.0575,0.7000
1787920404.843566,-0.603986,-0.483619,0.295915,-0.0523,0.7000
1787920404.848628,-0.604465,-0.483829,0.295395,-0.0674,0.7000
1787920404.852309,-0.604742,-0.484070,0.295104,-0.0745,0.7000
1787920404.859142,-0.605091,-0.484043,0.294009,-0.0665,0.7000
1787920404.870152,-0.605619,-0.484217,0.293371,-0.0617,0.7000
1787920404.874067,-0.606107,-0.484204,0.292606,-0.0787,0.7000
1787920404.880051,-0.606347,-0.484287,0.291845,-0.0678,0.7000
1787920404.885607,-0.606638,-0.484682,0.292150,-0.0686,0.7000
1787920404.892473,-0.606969,-0.484783,0.291587,-0.0632,0.7000
1787920404.899093,-0.607312,-0.485020,0.291686,-0.0622,0.7000
1787920404.905224,-0.607703,-0.485022,0.290642,-0.0619,0.7000
1787920404.914386,-0.608160,-0.485234,0.290639,-0.0597,0.7000
1787920404.919077,-0.608457,-0.485581,0.290452,-0.0663,0.7000
1787920404.925972,-0.608871,-0.485711,0.289730,-0.0653,0.7000
1787920404.932821,-0.609266,-0.485905,0.289221,-0.0647,0.7000
1787920404.938890,-0.609700,-0.486309,0.289084,-0.0715,0.7000
1787920404.946711,-0.609973,-0.486536,0.288708,-0.0626,0.7000
1787920404.952458,-0.610316,-0.486689,0.288033,-0.0633,0.7000
1787920404.958707,-0.610602,-0.486767,0.287854,-0.0585,0.7000
1787920404.965918,-0.611036,-0.486794,0.287114,-0.0586,0.7000
1787920404.973009,-0.611388,-0.486751,0.286192,-0.0548,0.7000
1787920404.979301,-0.611721,-0.486958,0.285995,-0.0564,0.7000
1787920404.985776,-0.612045,-0.487161,0.286023,-0.0565,0.7000
1787920404.992128,-0.612474,-0.487157,0.284727,-0.0590,0.7000
1787920404.999321,-0.612915,-0.487247,0.284166,-0.0600,0.7000
1787920405.006116,-0.613288,-0.487588,0.283879,-0.0620,0.7000
1787920405.012818,-0.613596,-0.487893,0.283862,-0.0605,0.7000
1787920405.019216,-0.614102,-0.487882,0.282911,-0.0650,0.7000
1787920405.025540,-0.614525,-0.488263,0.282772,-0.0698,0.7000
1787920405.035727,-0.614856,-0.488407,0.282434,-0.0594,0.7000
1787920405.039971,-0.615209,-0.488471,0.281781,-0.0668,0.7000
1787920405.048376,-0.615588,-0.488777,0.281289,-0.0628,0.7000
1787920405.052463,-0.615894,-0.488858,0.280841,-0.0672,0.7000
1787920405.058853,-0.616176,-0.489283,0.280850,-0.0653,0.7000
1787920405.065818,-0.616608,-0.489352,0.280273,-0.0644,0.7000
1787920405.074276,-0.617064,-0.489233,0.278800,-0.0595,0.7000
1787920405.080557,-0.617371,-0.489774,0.279266,-0.0629,0.7000
1787920405.088528,-0.617888,-0.489734,0.278167,-0.0623,0.7000
1787920405.092745,-0.618332,-0.489743,0.277176,-0.0741,0.7000
1787920405.099435,-0.618754,-0.490005,0.277007,-0.0733,0.7000
1787920405.105687,-0.619158,-0.490240,0.276533,-0.0730,0.7000
1787920405.112605,-0.619551,-0.490508,0.276367,-0.0707,0.7000
1787920405.118884,-0.619847,-0.490538,0.275851,-0.0635,0.7000
1787920405.125919,-0.620226,-0.490908,0.275593,-0.0643,0.7000
1787920405.132955,-0.620685,-0.491084,0.275085,-0.0659,0.7000
1787920405.140649,-0.621045,-0.491272,0.274592,-0.0616,0.7000
1787920405.145785,-0.621344,-0.491438,0.274042,-0.0626,0.7000
1787920405.152811,-0.621716,-0.491423,0.273166,-0.0589,0.7000
1787920405.159374,-0.622074,-0.491682,0.272800,-0.0602,0.7000
1787920405.165840,-0.622401,-0.492181,0.273134,-0.0630,0.7000
1787920405.172356,-0.622939,-0.492159,0.272170,-0.0677,0.7000
1787920405.179209,-0.623379,-0.492309,0.271725,-0.0677,0.7000
1787920405.185363,-0.623844,-0.492353,0.270987,-0.0698,0.7000
1787920405.193053,-0.624204,-0.492539,0.270652,-0.0644,0.7000
1787920405.199457,-0.624606,-0.492492,0.269834,-0.0626,0.7000
1787920405.205771,-0.624939,-0.492633,0.269293,-0.0608,0.7000
1787920405.212708,-0.625345,-0.492777,0.268672,-0.0612,0.7000
1787920405.219081,-0.625748,-0.492801,0.267875,-0.0614,0.7000
1787920405.226033,-0.626037,-0.493171,0.267498,-0.0592,0.7000
1787920405.232915,-0.626397,-0.493467,0.267396,-0.0600,0.7000
1787920405.238959,-0.626843,-0.493732,0.266849,-0.0668,0.7000
1787920405.246094,-0.627271,-0.493743,0.266088,-0.0643,0.7000
1787920405.253163,-0.627657,-0.493891,0.265247,-0.0625,0.7000
1787920405.259616,-0.628104,-0.494014,0.264752,-0.0653,0.7000
1787920405.265840,-0.628465,-0.494184,0.264248,-0.0646,0.7000
1787920405.272266,-0.628788,-0.494426,0.264062,-0.0627,0.7000
1787920405.279522,-0.629128,-0.494625,0.263582,-0.0596,0.7000
1787920405.286054,-0.629522,-0.494675,0.263313,-0.0598,0.7000
1787920405.292248,-0.629803,-0.494683,0.262495,-0.0551,0.7000
1787920405.299661,-0.630174,-0.494945,0.262286,-0.0558,0.7000
1787920405.305791,-0.630483,-0.494838,0.261551,-0.0523,0.7000
1787920405.312345,-0.630708,-0.494910,0.260739,-0.0475,0.0000
1787920405.319417,-0.630968,-0.495097,0.260563,-0.0459,0.0000
1787920405.326249,-0.631175,-0.494885,0.259054,-0.0385,0.0000
1787920405.333794,-0.631251,-0.495142,0.259296,-0.0325,0.0000
1787920405.339519,-0.631419,-0.494930,0.258045,-0.0285,0.0000
1787920405.346520,-0.631502,-0.494980,0.257924,-0.0239,0.0000
1787920405.355560,-0.631501,-0.494915,0.257437,-0.0162,0.0000
1787920405.361079,-0.631516,-0.494986,0.257442,-0.0130,0.0000
1787920405.366757,-0.631524,-0.495031,0.257733,-0.0101,0.0000
1787920405.372571,-0.631439,-0.495141,0.257788,-0.0043,0.0000
1787920405.381401,-0.631222,-0.495143,0.258031,0.0041,0.0000
1787920405.385881,-0.631185,-0.495011,0.257678,0.0075,0.0000
1787920405.392375,-0.631110,-0.495042,0.258283,0.0082,0.0000
1787920405.399232,-0.631065,-0.495111,0.259671,0.0069,0.0000
1787920405.405627,-0.630853,-0.495372,0.260996,0.0113,0.0000
1787920405.412584,-0.630723,-0.495859,0.262749,0.0079,0.0000
1787920405.421459,-0.630560,-0.496096,0.264028,0.0087,0.0000
1787920405.425547,-0.630501,-0.496138,0.264648,0.0095,0.0000
1787920405.432985,-0.630405,-0.495960,0.264800,0.0123,0.0000
1787920405.438755,-0.630174,-0.496068,0.265557,0.0187,0.0000
1787920405.448614,-0.630173,-0.495819,0.265539,0.0151,0.0000
1787920405.452662,-0.630137,-0.495584,0.265007,0.0177,0.0000
1787920405.458891,-0.630135,-0.495161,0.264401,0.0178,0.0000
1787920405.465844,-0.630291,-0.494934,0.263919,0.0085,0.0000
1787920405.472564,-0.630363,-0.494745,0.263161,0.0050,0.0000
1787920405.479280,-0.630456,-0.494555,0.262677,0.0017,0.0000
1787920405.486268,-0.630454,-0.494467,0.262194,0.0023,0.0000
1787920405.492709,-0.630692,-0.494425,0.261966,-0.0086,0.0000
1787920405.499297,-0.630769,-0.494336,0.261407,-0.0084,0.0000
1787920405.505416,-0.630897,-0.494264,0.261442,-0.0110,0.0000
1787920405.512461,-0.631054,-0.494473,0.261870,-0.0165,0.0000
1787920405.519247,-0.631130,-0.494458,0.261672,-0.0146,0.0000
1787920405.525595,-0.631331,-0.494125,0.260862,-0.0153,0.0000
1787920405.532380,-0.631500,-0.494161,0.260673,-0.0184,0.0000
1787920405.539301,-0.631620,-0.494146,0.260044,-0.0177,0.0000
1787920405.546235,-0.631717,-0.494336,0.260275,-0.0186,0.0000
1787920405.552137,-0.632040,-0.494040,0.259541,-0.0250,0.0000
1787920405.560148,-0.632089,-0.494094,0.259539,-0.0198,0.0000
1787920405.565591,-0.632332,-0.494322,0.259701,-0.0300,0.0000
1787920405.572713,-0.632310,-0.494456,0.259841,-0.0216,0.0000
1787920405.579921,-0.632438,-0.494573,0.259725,-0.0215,0.0000
1787920405.587002,-0.632471,-0.494509,0.259779,-0.0157,0.0000
1787920405.593531,-0.632501,-0.494684,0.259652,-0.0144,0.0000
1787920405.599663,-0.632516,-0.494744,0.259547,-0.0115,0.0000
1787920405.605612,-0.632428,-0.494776,0.259774,-0.0042,0.0000
1787920405.613546,-0.632470,-0.494674,0.259472,-0.0035,0.0000
1787920405.619100,-0.632643,-0.494532,0.258979,-0.0095,0.0000
1787920405.625827,-0.632543,-0.494773,0.259113,-0.0051,0.0000
1787920405.632515,-0.632480,-0.494816,0.258979,-0.0013,0.0000
1787920405.639092,-0.632572,-0.494664,0.258759,-0.0032,0.0000
1787920405.645492,-0.632391,-0.494779,0.259066,0.0045,0.0000
1787920405.652517,-0.632445,-0.494660,0.258633,0.0023,0.0000
1787920405.662888,-0.632292,-0.494697,0.259175,0.0056,0.0000
1787920405.667015,-0.632305,-0.494776,0.259187,0.0016,0.0000
1787920405.672391,-0.632192,-0.494794,0.259356,0.0069,0.0000
1787920405.679346,-0.632122,-0.494698,0.259260,0.0088,0.0000
1787920405.688017,-0.632096,-0.494778,0.259430,0.0063,0.0000
1787920405.692348,-0.632155,-0.494521,0.259176,0.0051,0.0000
1787920405.699421,-0.632164,-0.494534,0.259065,0.0030,0.0000
1787920405.705886,-0.632122,-0.494490,0.259190,0.0045,0.0000
1787920405.712214,-0.632160,-0.494476,0.259174,0.0016,0.0000
1787920405.719328,-0.632175,-0.494490,0.259163,0.0003,0.0000
1787920405.725815,-0.632202,-0.494497,0.259073,-0.0011,0.0000
1787920405.732817,-0.632211,-0.494601,0.259006,-0.0023,0.0000
1787920405.739214,-0.632213,-0.494542,0.259109,-0.0010,0.0000
1787920405.745649,-0.632123,-0.494604,0.259069,0.0027,0.0000
1787920405.752559,-0.632212,-0.494247,0.258492,0.0021,0.0000
1787920405.759183,-0.632165,-0.494627,0.259171,-0.0009,0.0000
1787920405.766166,-0.632332,-0.494534,0.258930,-0.0065,0.0000
1787920405.772429,-0.632327,-0.494408,0.258600,-0.0028,0.0000
1787920405.779542,-0.632326,-0.494576,0.259040,-0.0037,0.0000
1787920405.785687,-0.632367,-0.494461,0.258730,-0.0031,0.0000
1787920405.792923,-0.632353,-0.494657,0.259086,-0.0037,0.0000
1787920405.799428,-0.632351,-0.494659,0.259099,-0.0025,0.0000
1787920405.805695,-0.632400,-0.494611,0.258920,-0.0035,0.0000
1787920405.812317,-0.632358,-0.494822,0.259252,-0.0030,0.0000
1787920405.819031,-0.632477,-0.494441,0.258484,-0.0029,0.0000
1787920405.825521,-0.632401,-0.494737,0.258762,-0.0021,0.0000
1787920405.832945,-0.632400,-0.494607,0.258752,-0.0001,0.0000
1787920405.839689,-0.632314,-0.494658,0.258952,0.0030,0.0000
1787920405.846602,-0.632205,-0.494802,0.259182,0.0051,0.0000
1787920405.852191,-0.632280,-0.494482,0.258654,0.0041,0.0000
1787920405.859674,-0.632212,-0.494549,0.258671,0.0048,0.0000
1787920405.867628,-0.632233,-0.494650,0.258939,0.0016,0.0000
1787920405.873243,-0.632247,-0.494669,0.258953,0.0001,0.0000
1787920405.879632,-0.632182,-0.494543,0.258724,0.0046,0.0000
1787920405.886717,-0.632255,-0.494463,0.258689,0.0011,0.0000
1787920405.893694,-0.632287,-0.494635,0.259074,-0.0024,0.0000
1787920405.899295,-0.632312,-0.494529,0.258637,-0.0016,0.0000
1787920405.911688,-0.632258,-0.494662,0.259038,-0.0007,0.0000
1787920405.919470,-0.632288,-0.494542,0.258769,-0.0004,0.0000
1787920405.922134,-0.632327,-0.494504,0.258643,-0.0034,0.0000
1787920405.925880,-0.632310,-0.494417,0.258448,0.0007,0.0000
1787920405.932429,-0.632324,-0.494414,0.258566,-0.0001,0.0000
1787920405.938826,-0.632272,-0.494502,0.258636,0.0012,0.0000
1787920405.945339,-0.632261,-0.494543,0.258926,0.0009,0.0000
1787920405.952875,-0.632341,-0.494566,0.258716,-0.0027,0.0000
1787920405.959500,-0.632318,-0.494510,0.258716,-0.0002,0.0000
1787920405.970038,-0.632347,-0.494731,0.259055,-0.0026,0.0000
1787920405.972715,-0.632461,-0.494456,0.258345,-0.0064,0.0000
1787920405.978772,-0.632353,-0.494538,0.258572,-0.0003,0.0000
1787920405.985607,-0.632307,-0.494693,0.258917,-0.0000,0.0000
1787920405.995129,-0.632359,-0.494519,0.258740,-0.0002,0.0000
1787920405.999602,-0.632324,-0.494514,0.258484,0.0022,0.0000
1787920406.005506,-0.632379,-0.494538,0.258640,-0.0015,0.0000
1787920406.012243,-0.632252,-0.494603,0.258812,0.0037,0.0000
1787920406.019586,-0.632314,-0.494696,0.258772,-0.0008,0.0000
1787920406.025665,-0.632360,-0.494646,0.258550,-0.0021,0.0000
1787920406.032522,-0.632350,-0.494607,0.258729,-0.0007,0.0000
1787920406.038986,-0.632310,-0.494645,0.258897,0.0009,0.0000
1787920406.045628,-0.632327,-0.494743,0.258956,-0.0012,0.0000
1787920406.052790,-0.632347,-0.494586,0.258664,0.0000,0.0000
1787920406.059176,-0.632338,-0.494650,0.258623,-0.0004,0.0000
1787920406.065657,-0.632351,-0.494580,0.258591,-0.0000,0.0000
1787920406.073593,-0.632277,-0.494629,0.258831,0.0022,0.0000
1787920406.079406,-0.632240,-0.494642,0.258819,0.0033,0.0000
1787920406.085875,-0.632258,-0.494426,0.258470,0.0040,0.0000
1787920406.092562,-0.632318,-0.494712,0.258961,-0.0031,0.0000
1787920406.099668,-0.632441,-0.494599,0.258537,-0.0059,0.0000
1787920406.105722,-0.632338,-0.494474,0.258436,0.0023,0.0000
1787920406.113031,-0.632291,-0.494631,0.258906,0.0018,0.0000
1787920406.119594,-0.632336,-0.494491,0.258475,0.0009,0.0000
1787920406.125953,-0.632423,-0.494498,0.258242,-0.0034,0.0000
1787920406.134157,-0.632315,-0.494651,0.258856,-0.0000,0.0000
1787920406.139407,-0.632356,-0.494549,0.258554,-0.0008,0.0000
1787920406.145676,-0.632412,-0.494712,0.258562,-0.0051,0.0000
1787920406.153231,-0.632433,-0.494526,0.258386,-0.0025,0.0000
1787920406.159504,-0.632354,-0.494420,0.258289,0.0032,0.0000
1787920406.165503,-0.632275,-0.494607,0.258774,0.0037,0.0000
1787920406.174894,-0.632357,-0.494534,0.258505,0.0006,0.0000
1787920406.179433,-0.632347,-0.494641,0.258709,-0.0008,0.0000
1787920406.185621,-0.632326,-0.494416,0.258412,0.0033,0.0000
1787920406.193190,-0.632359,-0.494561,0.258493,-0.0005,0.0000
1787920406.199929,-0.632365,-0.494531,0.258563,-0.0002,0.0000
1787920406.206594,-0.632399,-0.494525,0.258352,-0.0016,0.0000
1787920406.214741,-0.632340,-0.494701,0.258846,-0.0006,0.0000
1787920406.227338,-0.632426,-0.494564,0.258590,-0.0016,0.0000
1787920406.228428,-0.632408,-0.494417,0.258056,0.0141,0.0000
1787920406.233035,-0.632311,-0.494629,0.258704,0.0124,0.0000
1787920406.239829,-0.632461,-0.494355,0.257924,0.0054,0.0000
1787920406.245891,-0.632329,-0.494660,0.258710,0.0062,0.0000
1787920406.252349,-0.632282,-0.494523,0.258441,0.0081,0.0000
1787920406.258813,-0.632413,-0.494406,0.258163,0.0012,0.0000
1787920406.266684,-0.632348,-0.494692,0.258879,0.0004,0.0000
1787920406.272371,-0.632428,-0.494390,0.258305,0.0003,0.0000
1787920406.279011,-0.632344,-0.494674,0.258675,0.0006,0.0000
1787920406.286037,-0.632396,-0.494647,0.258800,-0.0015,0.0000
1787920406.293119,-0.632376,-0.494478,0.258374,0.0016,0.0000
1787920406.302266,-0.632344,-0.494637,0.258748,0.0008,0.0000
1787920406.305906,-0.632392,-0.494709,0.258657,-0.0048,0.0000
1787920406.312419,-0.632334,-0.494448,0.258449,0.0023,0.0000
1787920406.319433,-0.632492,-0.494439,0.258039,-0.0048,0.0000
1787920406.325722,-0.632352,-0.494456,0.258355,0.0029,0.0000
1787920406.332603,-0.632428,-0.494347,0.258052,0.0000,0.0000
1787920406.339069,-0.632400,-0.494549,0.258500,-0.0011,0.0000
1787920406.345644,-0.632456,-0.494581,0.258528,-0.0036,0.0000
1787920406.353030,-0.632404,-0.494614,0.258560,-0.0009,0.0000
1787920406.360621,-0.632337,-0.494618,0.258610,0.0019,0.0000
1787920406.365975,-0.632332,-0.494672,0.258793,0.0008,0.0000
1787920406.372213,-0.632364,-0.494685,0.258737,-0.0011,0.0000
1787920406.380258,-0.632483,-0.494580,0.258149,-0.0040,0.0000
1787920406.385882,-0.632379,-0.494631,0.258577,0.0019,0.0000
1787920406.392402,-0.632315,-0.494722,0.258882,0.0030,0.0000
1787920406.399669,-0.632407,-0.494313,0.258063,0.0028,0.0000
1787920406.406488,-0.632346,-0.494495,0.258205,0.0025,0.0000
1787920406.412519,-0.632295,-0.494583,0.258654,0.0031,0.0000
