timestamp,x,y,yaw,velocity,steering
1787920942.131917,-0.217737,-2.574320,0.352009,0.0000,0.0000
1787920942.137775,-0.217625,-2.574299,0.351884,0.0057,0.0000
1787920942.144104,-0.217663,-2.574233,0.351917,0.0034,0.0000
1787920942.150854,-0.217740,-2.574045,0.351292,0.0021,0.0000
1787920942.162469,-0.217678,-2.574252,0.351656,0.0011,0.0000
1787920942.164092,-0.217646,-2.574292,0.351960,0.0038,0.0000
1787920942.171552,-0.217615,-2.574292,0.351875,0.0038,0.0000
1787920942.177461,-0.217642,-2.574135,0.351350,0.0042,0.0000
1787920942.184708,-0.217482,-2.574216,0.351614,0.0080,0.0000
1787920942.191238,-0.217614,-2.574149,0.351285,0.0009,0.0000
1787920942.197563,-0.217632,-2.574423,0.352058,-0.0046,0.0000
1787920942.205343,-0.217645,-2.574262,0.351631,-0.0016,0.0000
1787920942.210752,-0.217651,-2.574184,0.351497,0.0001,0.0000
1787920942.217777,-0.217635,-2.574334,0.352105,-0.0015,0.0000
1787920942.225193,-0.217697,-2.574178,0.351971,-0.0012,0.0000
1787920942.231146,-0.217710,-2.574151,0.351797,-0.0010,0.0000
1787920942.238783,-0.217752,-2.574313,0.352083,-0.0044,0.0000
1787920942.244928,-0.217742,-2.574141,0.351817,0.0002,0.0000
1787920942.251562,-0.217658,-2.574250,0.351773,0.0020,0.0000
1787920942.257504,-0.217582,-2.574307,0.351535,0.0040,0.0000
1787920942.265448,-0.217580,-2.574163,0.351319,0.0047,0.0000
1787920942.270668,-0.217530,-2.574403,0.351782,0.0013,0.0000
1787920942.277672,-0.217671,-2.573922,0.351124,0.0023,0.0000
1787920942.284355,-0.217642,-2.574172,0.351410,-0.0010,0.0000
1787920942.290975,-0.217555,-2.574247,0.351740,0.0018,0.0000
1787920942.297610,-0.217707,-2.574251,0.352009,-0.0052,0.0000
1787920942.305365,-0.217812,-2.573974,0.351348,-0.0038,0.0000
1787920942.311378,-0.217798,-2.574046,0.351515,-0.0032,0.0000
1787920942.317921,-0.217682,-2.574332,0.352026,-0.0018,0.0000
1787920942.324476,-0.217764,-2.574018,0.351101,0.0002,0.0000
1787920942.331946,-0.217718,-2.574165,0.351753,-0.0002,0.0000
1787920942.337909,-0.217615,-2.574274,0.351870,0.0028,0.0000
1787920942.344538,-0.217723,-2.573940,0.351009,0.0026,0.0000
1787920942.351739,-0.217555,-2.574389,0.352021,0.0020,0.0000
1787920942.357920,-0.217563,-2.574335,0.351909,0.0019,0.0000
1787920942.366650,-0.217671,-2.574315,0.351898,-0.0019,0.0000
1787920942.371844,-0.217510,-2.574367,0.351965,0.0063,0.0000
1787920942.379012,-0.217517,-2.574275,0.351405,0.0055,0.0000
1787920942.385237,-0.217648,-2.574106,0.351356,0.0007,0.0000
1787920942.391495,-0.217574,-2.574189,0.351325,0.0025,0.0000
1787920942.397914,-0.217660,-2.574187,0.351617,-0.0020,0.0000
1787920942.404491,-0.217591,-2.574348,0.351989,-0.0010,0.0000
1787920942.411001,-0.217771,-2.574134,0.351651,-0.0051,0.0000
1787920942.417405,-0.217676,-2.574292,0.351824,-0.0020,0.0000
1787920942.424596,-0.217663,-2.574331,0.351968,-0.0014,0.0000
1787920942.430800,-0.217691,-2.574365,0.351937,-0.0028,0.0000
1787920942.438082,-0.217572,-2.574305,0.352107,0.0035,0.0000
1787920942.444116,-0.217714,-2.574226,0.351898,-0.0028,0.0000
1787920942.451277,-0.217647,-2.574157,0.351546,0.0016,0.0000
1787920942.458363,-0.217738,-2.574139,0.351572,-0.0022,0.0000
1787920942.469477,-0.217734,-2.574161,0.351135,-0.0016,0.0000
1787920942.471234,-0.217653,-2.574085,0.351348,0.0163,0.0000
1787920942.477382,-0.217691,-2.574030,0.351291,0.0106,0.0000
1787920942.484312,-0.217698,-2.574237,0.351712,0.0040,0.0000
1787920942.491260,-0.217752,-2.574156,0.351500,0.0019,0.0000
1787920942.498231,-0.217665,-2.574308,0.352139,0.0025,0.0000
1787920942.504606,-0.217537,-2.574597,0.352635,0.0027,0.0000
1787920942.510739,-0.217679,-2.574252,0.352039,0.0012,0.0000
1787920942.518183,-0.217701,-2.574200,0.351626,0.0007,0.0000
1787920942.524059,-0.217706,-2.574136,0.351367,0.0014,0.0000
1787920942.531299,-0.217774,-2.573928,0.350912,0.0013,0.0000
1787920942.537346,-0.217667,-2.574208,0.351703,0.0011,0.0000
1787920942.546065,-0.217733,-2.573999,0.351053,0.0011,0.0000
1787920942.552724,-0.217607,-2.574273,0.351759,0.0019,0.0000
1787920942.557536,-0.217556,-2.574295,0.351849,0.0038,0.0000
1787920942.569833,-0.217609,-2.574224,0.351411,0.0020,0.0000
1787920942.571626,-0.217628,-2.574211,0.351539,-0.0008,0.0000
1787920942.577599,-0.217604,-2.574252,0.351662,-0.0002,0.0000
1787920942.584186,-0.217604,-2.574293,0.351716,-0.0008,0.0000
1787920942.591150,-0.217648,-2.574323,0.351750,-0.0028,0.0000
1787920942.597566,-0.217707,-2.574139,0.351536,-0.0015,0.0000
1787920942.604208,-0.217679,-2.574292,0.351940,-0.0023,0.0000
1787920942.611724,-0.217586,-2.574305,0.351779,0.0017,0.0000
1787920942.617493,-0.217718,-2.574283,0.352012,-0.0049,0.0000
1787920942.625407,-0.217767,-2.574184,0.351511,-0.0039,0.0000
1787920942.630867,-0.217692,-2.574155,0.351500,0.0017,0.0000
1787920942.639331,-0.217664,-2.574277,0.351948,0.0007,0.0000
1787920942.644184,-0.217624,-2.574357,0.352171,0.0011,0.0000
1787920942.651607,-0.217698,-2.574319,0.351903,-0.0015,0.0000
1787920942.657780,-0.217657,-2.574091,0.351322,0.0046,0.0000
1787920942.665827,-0.217559,-2.574124,0.351489,0.0062,0.0000
1787920942.673339,-0.217598,-2.574319,0.351658,0.0002,0.0000
1787920942.677638,-0.217550,-2.574306,0.351768,0.0036,0.0000
1787920942.684477,-0.217749,-2.574050,0.351198,-0.0018,0.0000
1787920942.691320,-0.217730,-2.573981,0.351287,0.0006,0.0000
1787920942.697566,-0.217754,-2.574231,0.351777,-0.0048,0.0000
1787920942.704358,-0.217639,-2.574236,0.351805,0.0013,0.0000
1787920942.711916,-0.217747,-2.574162,0.351733,-0.0021,0.0000
1787920942.717675,-0.217708,-2.574268,0.352014,-0.0015,0.0000
1787920942.724226,-0.217548,-2.574306,0.352035,0.0053,0.0000
1787920942.731059,-0.217786,-2.574173,0.351719,-0.0041,0.0000
1787920942.737594,-0.217591,-2.574329,0.351809,0.0030,0.0000
1787920942.744002,-0.217675,-2.574203,0.351563,0.0005,0.0000
1787920942.751455,-0.217508,-2.574436,0.351909,0.0034,0.0000
1787920942.758194,-0.217633,-2.574125,0.351283,0.0019,0.0000
1787920942.764333,-0.217557,-2.574207,0.351543,0.0034,0.0000
1787920942.770939,-0.217569,-2.574115,0.351391,0.0034,0.0000
1787920942.777869,-0.217594,-2.574281,0.351685,-0.0012,0.0000
1787920942.784995,-0.217671,-2.574226,0.351515,-0.0031,0.0000
1787920942.792090,-0.217592,-2.574322,0.351921,-0.0004,0.0000
1787920942.798745,-0.217697,-2.574312,0.352040,-0.0045,0.0000
1787920942.804235,-0.217761,-2.574133,0.351766,-0.0031,0.0000
1787920942.810734,-0.217772,-2.574175,0.351874,-0.0033,0.0000
1787920942.817935,-0.217791,-2.574174,0.351781,-0.0031,0.0000
1787920942.824396,-0.217762,-2.574217,0.352056,-0.0016,0.0000
1787920942.831761,-0.217717,-2.574097,0.351484,0.0023,0.0000
1787920942.837428,-0.217714,-2.574192,0.351703,0.0000,0.0000
1787920942.844761,-0.217537,-2.574347,0.351603,0.0046,0.0000
1787920942.853279,-0.217622,-2.574299,0.351829,0.0010,0.0000
1787920942.859617,-0.217557,-2.574064,0.351068,0.0074,0.0000
1787920942.864497,-0.217587,-2.574071,0.351372,0.0033,0.0000
1787920942.870960,-0.217605,-2.574439,0.351879,-0.0043,0.0000
1787920942.878660,-0.217617,-2.574084,0.351531,0.0013,0.0000
1787920942.884200,-0.217741,-2.574311,0.352087,-0.0096,0.0000
1787920942.891197,-0.217641,-2.574359,0.352046,-0.0035,0.0000
1787920942.897777,-0.217676,-2.574259,0.351674,-0.0023,0.0000
1787920942.904399,-0.217673,-2.574425,0.351974,-0.0041,0.0000
1787920942.911028,-0.217662,-2.574206,0.351815,0.0010,0.0000
1787920942.917766,-0.217714,-2.574239,0.351749,-0.0019,0.0000
1787920942.924673,-0.217633,-2.574152,0.351711,0.0032,0.0000
1787920942.931036,-0.217695,-2.574106,0.351555,0.0002,0.0000
1787920942.937827,-0.217545,-2.574310,0.351583,0.0033,0.0000
1787920942.944116,-0.217616,-2.574177,0.351507,0.0013,0.0000
1787920942.950666,-0.217671,-2.574198,0.351229,-0.0018,0.0000
1787920942.957891,-0.217530,-2.574074,0.351417,0.0060,0.0000
1787920942.964003,-0.217596,-2.574261,0.351888,-0.0020,0.0000
1787920942.971611,-0.217656,-2.574258,0.352011,-0.0036,0.0000
1787920942.979647,-0.217616,-2.574372,0.352183,-0.0026,0.0000
1787920942.984295,-0.217669,-2.574273,0.351879,-0.0028,0.0000
1787920942.990573,-0.217745,-2.574302,0.351883,-0.0059,0.0000
1787920942.997476,-0.217742,-2.574198,0.351728,-0.0024,0.0000
1787920943.004801,-0.217698,-2.574414,0.352384,-0.0031,0.0000
1787920943.011374,-0.217817,-2.574058,0.351405,-0.0017,0.0000
1787920943.018607,-0.217670,-2.574281,0.351625,0.0014,0.0000
1787920943.024044,-0.217547,-2.574318,0.352051,0.0066,0.0000
1787920943.031501,-0.217667,-2.573999,0.351170,0.0045,0.0000
1787920943.037618,-0.217641,-2.574078,0.351338,0.0030,0.0000
1787920943.044579,-0.217669,-2.574168,0.351514,-0.0004,0.0000
1787920943.051017,-0.217496,-2.574313,0.351826,0.0050,0.0000
1787920943.058063,-0.217600,-2.574285,0.351496,-0.0002,0.0000
1787920943.064543,-0.217555,-2.574247,0.351691,0.0024,0.0000
1787920943.071167,-0.217741,-2.574031,0.351052,-0.0029,0.0000
1787920943.077573,-0.217664,-2.574195,0.351522,-0.0013,0.0000
1787920943.083813,-0.217592,-2.574232,0.351738,0.0017,0.0000
1787920943.091093,-0.217721,-2.574068,0.351172,-0.0015,0.0000
1787920943.098068,-0.217639,-2.574300,0.352122,-0.0011,0.0000
1787920943.104759,-0.217656,-2.574198,0.351715,0.0001,0.0000
1787920943.110885,-0.217615,-2.574300,0.351633,0.0002,0.0000
1787920943.117788,-0.217668,-2.574227,0.351921,-0.0009,0.0000
1787920943.124264,-0.217644,-2.574084,0.351412,0.0027,0.0000
1787920943.131160,-0.217624,-2.574183,0.351530,0.0012,0.0000
1787920943.139096,-0.217642,-2.574094,0.351221,0.0014,0.0000
1787920943.145603,-0.217662,-2.574052,0.351118,0.0008,0.0000
1787920943.150841,-0.217694,-2.574299,0.351838,-0.0061,0.0000
1787920943.160534,-0.217600,-2.574249,0.351698,-0.0010,0.0000
1787920943.166884,-0.217639,-2.574043,0.351305,0.0009,0.0000
1787920943.171098,-0.217641,-2.574144,0.351577,-0.0020,0.0000
1787920943.178089,-0.217640,-2.574324,0.351886,-0.0040,0.0000
1787920943.185215,-0.217631,-2.574240,0.351850,-0.0012,0.0000
1787920943.190788,-0.217599,-2.574273,0.352140,0.0002,0.0000
1787920943.198309,-0.217703,-2.574227,0.352064,-0.0031,0.0000
1787920943.204064,-0.217672,-2.574176,0.351847,0.0002,0.0000
1787920943.211866,-0.217684,-2.574228,0.351670,-0.0010,0.0000
1787920943.217635,-0.217665,-2.574282,0.351687,-0.0007,0.0000
1787920943.225538,-0.217701,-2.574227,0.351613,-0.0011,0.0000
1787920943.231032,-0.217641,-2.574219,0.351293,0.0025,0.0000
1787920943.237481,-0.217563,-2.574307,0.351600,0.0037,0.0000
1787920943.244183,-0.217646,-2.574173,0.351681,0.0012,0.0000
1787920943.253799,-0.217623,-2.574211,0.351450,0.0011,0.0000
1787920943.257321,-0.217548,-2.574337,0.351710,0.0031,0.0000
1787920943.264326,-0.217560,-2.574258,0.351605,0.0028,0.0000
1787920943.271144,-0.217629,-2.574180,0.351258,0.0003,0.0000
1787920943.279995,-0.217623,-2.574195,0.351612,0.0002,0.0000
1787920943.286904,-0.217692,-2.574251,0.351726,-0.0035,0.0000
1787920943.290818,-0.217642,-2.574259,0.351947,0.0009,0.0000
1787920943.298039,-0.217838,-2.574113,0.351781,-0.0049,0.0000
1787920943.305047,-0.217777,-2.574195,0.352140,-0.0022,0.0000
1787920943.310893,-0.217714,-2.574258,0.351682,0.0004,0.0000
1787920943.317854,-0.217791,-2.573972,0.351136,0.0014,0.3000
1787920943.324085,-0.217646,-2.574325,0.351655,0.0017,0.3000
1787920943.331066,-0.217573,-2.574356,0.351872,0.0037,0.3000
1787920943.338084,-0.217663,-2.574083,0.351157,0.0030,0.3000
1787920943.344213,-0.217557,-2.574246,0.351864,0.0042,0.3000
1787920943.351263,-0.217553,-2.574288,0.351920,0.0025,0.3000
1787920943.357794,-0.217570,-2.574340,0.351735,0.0002,0.3000
1787920943.365160,-0.217676,-2.574149,0.351584,-0.0013,0.3000
1787920943.372141,-0.217609,-2.574448,0.352152,-0.0026,0.3000
1787920943.379251,-0.217796,-2.574161,0.351662,-0.0051,0.3000
1787920943.384220,-0.217756,-2.574075,0.351403,0.0005,0.3000
1787920943.391067,-0.217753,-2.574061,0.351617,0.0007,0.3000
1787920943.398744,-0.217641,-2.574274,0.351989,0.0018,0.3000
1787920943.404377,-0.217667,-2.574244,0.351809,0.0005,0.3000
1787920943.410938,-0.217577,-2.574347,0.351994,0.0025,0.3000
1787920943.418369,-0.217508,-2.574200,0.351410,0.0065,0.5920
1787920943.424316,-0.217560,-2.574406,0.352055,-0.0015,0.5920
1787920943.431735,-0.217535,-2.574191,0.351140,0.0029,0.5920
1787920943.439117,-0.217415,-2.574227,0.351771,0.0061,0.5920
1787920943.447085,-0.217529,-2.574222,0.351655,0.0003,0.5920
1787920943.451631,-0.217603,-2.574139,0.351547,-0.0025,0.5920
1787920943.458003,-0.217603,-2.574322,0.351671,-0.0047,0.5920
1787920943.464630,-0.217614,-2.574312,0.351733,-0.0036,0.5920
1787920943.474231,-0.217765,-2.574260,0.351725,-0.0064,0.5920
1787920943.477524,-0.217707,-2.574312,0.351984,-0.0011,0.5920
1787920943.484131,-0.217826,-2.574250,0.351655,-0.0049,0.5920
1787920943.492234,-0.217679,-2.574247,0.351728,0.0017,0.5920
1787920943.497783,-0.217586,-2.574348,0.352323,0.0040,0.5920
1787920943.506704,-0.217693,-2.574337,0.352229,-0.0004,0.5920
1787920943.510817,-0.217649,-2.574215,0.351757,0.0058,0.5920
1787920943.517605,-0.217679,-2.574049,0.351354,0.0053,0.5915
1787920943.524205,-0.217576,-2.574171,0.351377,0.0062,0.5915
1787920943.533245,-0.217669,-2.574166,0.351505,0.0015,0.5915
1787920943.537419,-0.217708,-2.574249,0.351568,-0.0036,0.5915
1787920943.544518,-0.217612,-2.574285,0.351728,0.0007,0.5915
1787920943.553124,-0.217691,-2.574260,0.351742,-0.0018,0.5915
1787920943.561625,-0.217674,-2.574145,0.351381,0.0007,0.5915
1787920943.565499,-0.217523,-2.574245,0.351682,0.0089,0.5915
1787920943.570969,-0.217695,-2.574211,0.351583,-0.0020,0.5915
1787920943.577616,-0.217632,-2.574333,0.352214,-0.0006,0.5915
1787920943.585191,-0.217704,-2.574101,0.351349,0.0000,0.5915
1787920943.593848,-0.217686,-2.574188,0.351507,-0.0004,0.5915
1787920943.597926,-0.217561,-2.574341,0.351892,0.0044,0.5915
1787920943.603962,-0.217676,-2.574118,0.351552,0.0015,0.5915
1787920943.611991,-0.217689,-2.574290,0.351860,-0.0016,0.5922
1787920943.618540,-0.217660,-2.574129,0.351546,0.0027,0.5922
1787920943.624218,-0.217673,-2.574271,0.351819,-0.0014,0.5922
1787920943.630769,-0.217620,-2.574341,0.352032,0.0002,0.5922
1787920943.638013,-0.217578,-2.574164,0.351355,0.0043,0.5922
1787920943.644440,-0.217570,-2.574243,0.351681,0.0021,0.5922
1787920943.651310,-0.217674,-2.574026,0.351059,0.0005,0.5922
1787920943.657507,-0.217620,-2.574187,0.351641,0.0001,0.5922
1787920943.664437,-0.217705,-2.574239,0.351738,-0.0042,0.5922
1787920943.672469,-0.217658,-2.574170,0.351494,-0.0004,0.5922
1787920943.678861,-0.217721,-2.574155,0.351814,-0.0028,0.5922
1787920943.684234,-0.217672,-2.574036,0.351218,0.0029,0.5922
1787920943.690999,-0.217728,-2.574188,0.351668,-0.0026,0.5922
1787920943.698385,-0.217761,-2.574276,0.351850,-0.0043,0.5922
1787920943.704447,-0.217724,-2.574128,0.351485,0.0012,0.5922
1787920943.711149,-0.217719,-2.574119,0.351566,0.0012,0.5922
1787920943.717878,-0.217689,-2.574340,0.352029,-0.0013,0.5922
1787920943.724441,-0.217710,-2.574185,0.351587,0.0006,0.5922
1787920943.730654,-0.217546,-2.574263,0.351955,0.0066,0.5922
1787920943.737727,-0.217659,-2.574524,0.352261,-0.0037,0.5922
1787920943.745199,-0.217575,-2.574073,0.351258,0.0068,0.5922
1787920943.750804,-0.217613,-2.574175,0.351380,0.0010,0.5922
1787920943.757895,-0.217499,-2.574309,0.351817,0.0033,0.5922
1787920943.765596,-0.217668,-2.574075,0.351117,-0.0008,0.5922
1787920943.770994,-0.217695,-2.574300,0.352111,-0.0063,0.5922
1787920943.778255,-0.217718,-2.574137,0.351647,-0.0030,0.5922
1787920943.784518,-0.217664,-2.574344,0.351865,-0.0031,0.5922
1787920943.791559,-0.217725,-2.573899,0.350743,0.0019,0.5922
1787920943.799986,-0.217747,-2.574159,0.351445,-0.0026,0.5922
1787920943.803911,-0.217681,-2.574218,0.351674,0.0014,0.5922
1787920943.811248,-0.217697,-2.574123,0.351534,0.0017,0.5922
1787920943.817350,-0.217682,-2.574152,0.351610,0.0014,0.5922
1787920943.825210,-0.217646,-2.574266,0.352025,0.0008,0.5922
1787920943.830968,-0.217698,-2.574339,0.352101,-0.0033,0.5922
1787920943.837982,-0.217555,-2.574230,0.351438,0.0050,0.5922
1787920943.845591,-0.217519,-2.574274,0.351777,0.0042,0.5922
1787920943.850609,-0.217624,-2.574106,0.351048,0.0005,0.5922
1787920943.857831,-0.217624,-2.574422,0.352020,-0.0041,0.5922
1787920943.864752,-0.217705,-2.574134,0.351437,-0.0019,0.5922
1787920943.871853,-0.217760,-2.574019,0.351474,-0.0018,0.5922
1787920943.877830,-0.217622,-2.574288,0.351988,0.0005,0.5922
1787920943.884642,-0.217598,-2.574402,0.352143,-0.0003,0.5922
1787920943.890915,-0.217747,-2.574062,0.351501,-0.0013,0.5922
1787920943.897873,-0.217714,-2.574352,0.352014,-0.0039,0.5922
1787920943.904822,-0.217739,-2.574115,0.351484,-0.0002,0.5922
1787920943.910619,-0.217703,-2.574152,0.351614,0.0009,0.5922
1787920943.917987,-0.217554,-2.574142,0.351428,0.0065,0.5922
1787920943.923748,-0.217633,-2.574032,0.351189,0.0027,0.5922
1787920943.931138,-0.217593,-2.574174,0.351634,0.0014,0.5922
1787920943.937536,-0.217638,-2.574024,0.351017,0.0014,0.5922
1787920943.945885,-0.217526,-2.574418,0.352079,-0.0001,0.5922
1787920943.951401,-0.217485,-2.574151,0.351154,0.0070,0.5922
1787920943.957710,-0.217709,-2.574287,0.351720,-0.0073,0.5922
1787920943.964376,-0.217652,-2.574223,0.351681,-0.0017,0.5922
1787920943.971363,-0.217622,-2.574368,0.352663,-0.0022,0.5922
1787920943.979591,-0.217716,-2.574414,0.352476,-0.0053,0.5922
1787920943.986059,-0.217724,-2.574098,0.351493,0.0010,0.5922
1787920943.991165,-0.217759,-2.574166,0.351790,-0.0026,0.5922
1787920943.998187,-0.217807,-2.574142,0.351681,-0.0034,0.5922
1787920944.004532,-0.217737,-2.574000,0.351077,0.0030,0.5922
1787920944.011497,-0.217630,-2.574432,0.351935,0.0000,0.5926
1787920944.017503,-0.217507,-2.574440,0.351735,0.0057,0.5926
1787920944.024315,-0.217548,-2.574190,0.351548,0.0061,0.5926
1787920944.030945,-0.217593,-2.574150,0.351292,0.0029,0.5926
1787920944.037282,-0.217558,-2.574284,0.351599,0.0015,0.5926
1787920944.044004,-0.217671,-2.574050,0.351184,-0.0001,0.5926
1787920944.050796,-0.217579,-2.574259,0.351531,0.0005,0.5926
1787920944.057694,-0.217586,-2.574280,0.351819,-0.0002,0.5926
1787920944.064730,-0.217596,-2.574309,0.352092,-0.0010,0.5926
1787920944.070668,-0.217865,-2.574085,0.351636,-0.0096,0.5926
1787920944.078608,-0.217703,-2.574260,0.351870,-0.0032,0.5926
1787920944.084233,-0.217636,-2.574447,0.352347,-0.0023,0.5926
1787920944.090995,-0.217750,-2.574148,0.351568,-0.0018,0.5926
1787920944.097656,-0.217738,-2.574427,0.352215,-0.0051,0.5926
1787920944.106112,-0.217640,-2.574349,0.351906,0.0007,0.5926
1787920944.111257,-0.217632,-2.574185,0.351352,0.0042,0.5922
1787920944.120516,-0.217738,-2.574086,0.351057,0.0008,0.5922
1787920944.125600,-0.217590,-2.574190,0.351535,0.0067,0.5922
1787920944.130728,-0.217600,-2.574271,0.351796,0.0025,0.5922
1787920944.137682,-0.217477,-2.574184,0.351521,0.0080,0.5922
1787920944.144307,-0.217677,-2.574308,0.351932,-0.0048,0.5922
1787920944.152715,-0.217648,-2.574215,0.351628,-0.0013,0.5922
1787920944.157551,-0.217674,-2.574215,0.351797,-0.0024,0.5922
1787920944.163790,-0.217806,-2.574130,0.351588,-0.0063,0.5922
1787920944.171810,-0.217690,-2.574201,0.351709,-0.0012,0.5922
1787920944.177644,-0.217731,-2.574166,0.351353,-0.0022,0.5922
1787920944.184447,-0.217644,-2.574287,0.351756,0.0002,0.5922
1787920944.191077,-0.217678,-2.574308,0.352070,-0.0016,0.5922
1787920944.197860,-0.217634,-2.574214,0.351712,0.0021,0.5922
1787920944.208290,-0.217825,-2.574057,0.351478,-0.0021,0.5922
1787920944.211410,-0.217673,-2.574053,0.351246,0.0124,0.5922
1787920944.217513,-0.217666,-2.574307,0.351853,0.0047,0.5919
1787920944.224294,-0.217604,-2.574210,0.351683,0.0073,0.5919
1787920944.230862,-0.217661,-2.574183,0.351568,0.0031,0.5919
1787920944.237954,-0.217677,-2.574071,0.351297,0.0032,0.5919
1787920944.244259,-0.217604,-2.574180,0.351278,0.0037,0.5919
1787920944.251551,-0.217641,-2.574231,0.351564,0.0004,0.5919
1787920944.257286,-0.217595,-2.574273,0.351600,0.0018,0.5919
1787920944.264331,-0.217651,-2.574198,0.351472,0.0001,0.5919
1787920944.271079,-0.217681,-2.574207,0.351285,-0.0013,0.5919
1787920944.278274,-0.217713,-2.574077,0.351321,-0.0003,0.5919
1787920944.284138,-0.217788,-2.574098,0.351429,-0.0042,0.5919
1787920944.293008,-0.217618,-2.574185,0.351958,0.0015,0.5919
1787920944.297450,-0.217673,-2.574246,0.352140,-0.0039,0.5919
1787920944.304243,-0.217717,-2.574140,0.351976,-0.0029,0.5919
1787920944.317518,-0.217683,-2.574189,0.351845,-0.0017,0.5914
1787920944.318577,-0.217637,-2.574167,0.351440,0.0130,0.5914
1787920944.325068,-0.217683,-2.574365,0.351913,0.0039,0.5914
1787920944.331761,-0.217685,-2.574048,0.351298,0.0076,0.5914
1787920944.337629,-0.217573,-2.574145,0.351447,0.0090,0.5914
1787920944.344107,-0.217631,-2.574291,0.351668,0.0014,0.5914
1787920944.351008,-0.217634,-2.574249,0.351698,0.0015,0.5914
1787920944.358107,-0.217631,-2.574204,0.351468,0.0018,0.5914
1787920944.364515,-0.217632,-2.574285,0.351696,-0.0001,0.5914
1787920944.370595,-0.217537,-2.574222,0.351624,0.0054,0.5914
1787920944.377930,-0.217745,-2.574153,0.351746,-0.0032,0.5914
1787920944.384880,-0.217627,-2.574203,0.351842,0.0018,0.5914
1787920944.390695,-0.217692,-2.573969,0.351561,0.0023,0.5914
1787920944.397907,-0.217637,-2.574092,0.351577,0.0020,0.5914
1787920944.404741,-0.217738,-2.574156,0.351763,-0.0038,0.5914
1787920944.413015,-0.217757,-2.574254,0.352082,-0.0045,0.5918
1787920944.417405,-0.217663,-2.574108,0.351200,0.0063,0.5918
1787920944.424715,-0.217647,-2.574304,0.351834,0.0023,0.5918
1787920944.430750,-0.217649,-2.574152,0.351434,0.0041,0.5918
1787920944.437602,-0.217568,-2.574184,0.351339,0.0057,0.5918
1787920944.444153,-0.217557,-2.574320,0.351850,0.0024,0.5918
1787920944.450982,-0.217620,-2.574385,0.351960,-0.0020,0.5918
1787920944.457948,-0.217532,-2.574178,0.351553,0.0052,0.5918
1787920944.464331,-0.217555,-2.574096,0.351115,0.0040,0.5918
1787920944.470667,-0.217681,-2.574232,0.351734,-0.0050,0.5918
1787920944.477872,-0.217665,-2.574312,0.351667,-0.0040,0.5918
1787920944.484311,-0.217719,-2.574139,0.351585,-0.0024,0.5918
1787920944.491636,-0.217801,-2.574043,0.351456,-0.0035,0.5918
1787920944.498584,-0.217767,-2.574198,0.352182,-0.0034,0.5918
1787920944.504805,-0.217789,-2.574053,0.351811,-0.0010,0.5918
1787920944.511052,-0.217622,-2.574239,0.351997,0.0038,0.5918
1787920944.517684,-0.217645,-2.574249,0.352011,0.0015,0.5914
1787920944.524176,-0.217513,-2.574328,0.351747,0.0055,0.5914
1787920944.531151,-0.217495,-2.574475,0.352337,0.0024,0.5914
1787920944.537596,-0.217577,-2.574267,0.351617,0.0015,0.5914
1787920944.544413,-0.217564,-2.574171,0.351485,0.0030,0.5914
1787920944.551343,-0.217581,-2.574323,0.351651,-0.0008,0.5914
1787920944.557700,-0.217673,-2.574095,0.351357,-0.0010,0.5914
1787920944.564255,-0.217593,-2.574083,0.351014,0.0030,0.5914
1787920944.570940,-0.217690,-2.574169,0.351792,-0.0034,0.5914
1787920944.577425,-0.217699,-2.574235,0.351718,-0.0038,0.5914
1787920944.584392,-0.217712,-2.574192,0.351956,-0.0026,0.5914
1787920944.590742,-0.217636,-2.574119,0.351519,0.0028,0.5914
1787920944.599666,-0.217649,-2.574330,0.352150,-0.0009,0.5914
1787920944.605489,-0.217694,-2.574031,0.351351,0.0025,0.5914
1787920944.611969,-0.217645,-2.574057,0.351272,0.0035,0.5923
1787920944.618382,-0.217724,-2.574152,0.351604,-0.0026,0.5923
1787920944.624342,-0.217549,-2.574281,0.351666,0.0042,0.5923
1787920944.631871,-0.217727,-2.574104,0.351264,-0.0013,0.5923
1787920944.638045,-0.217569,-2.574156,0.351206,0.0054,0.5923
1787920944.644289,-0.217634,-2.574218,0.351197,-0.0001,0.5923
1787920944.651681,-0.217495,-2.574436,0.351964,0.0021,0.5923
1787920944.657462,-0.217533,-2.574263,0.351457,0.0027,0.5923
1787920944.664582,-0.217657,-2.574234,0.351737,-0.0026,0.5923
1787920944.671012,-0.217773,-2.574168,0.351653,-0.0058,0.5923
1787920944.677525,-0.217629,-2.574320,0.352073,-0.0003,0.5923
1787920944.683952,-0.217664,-2.574296,0.352103,-0.0013,0.5923
1787920944.691319,-0.217654,-2.574223,0.351812,0.0005,0.5923
1787920944.697948,-0.217685,-2.574251,0.352143,-0.0014,0.5923
1787920944.704376,-0.217678,-2.574287,0.352157,-0.0013,0.5923
1787920944.711190,-0.217668,-2.574169,0.351760,0.0013,0.5923
1787920944.720255,-0.217714,-2.574045,0.351283,0.0009,0.5915
1787920944.724601,-0.217723,-2.574180,0.351575,-0.0031,0.5915
1787920944.730829,-0.217602,-2.574071,0.351299,0.0050,0.5915
1787920944.737321,-0.217607,-2.574234,0.351288,0.0007,0.5915
1787920944.744742,-0.217610,-2.574197,0.351423,0.0009,0.5915
1787920944.750766,-0.217497,-2.574149,0.351440,0.0067,0.5915
1787920944.758071,-0.217624,-2.574150,0.351250,-0.0002,0.5915
1787920944.764275,-0.217634,-2.574064,0.351415,0.0009,0.5915
1787920944.770748,-0.217553,-2.574351,0.352060,-0.0005,0.5915
1787920944.777884,-0.217647,-2.574317,0.351984,-0.0036,0.5915
1787920944.784944,-0.217696,-2.574132,0.352013,-0.0017,0.5915
1787920944.791648,-0.217788,-2.574215,0.351704,-0.0063,0.5915
1787920944.799292,-0.217821,-2.574114,0.351739,-0.0043,0.5915
1787920944.805022,-0.217817,-2.574136,0.351287,-0.0032,0.5915
1787920944.811133,-0.217725,-2.574136,0.351593,0.0020,0.5924
1787920944.818006,-0.217777,-2.574136,0.351731,-0.0007,0.5924
1787920944.825119,-0.217628,-2.574370,0.352142,0.0020,0.5924
1787920944.830867,-0.217643,-2.574172,0.351615,0.0042,0.5924
1787920944.838563,-0.217691,-2.574135,0.351397,0.0017,0.5924
1787920944.845304,-0.217514,-2.574373,0.351689,0.0049,0.5924
1787920944.851779,-0.217556,-2.574250,0.351551,0.0036,0.5924
1787920944.857370,-0.217600,-2.574229,0.351534,0.0007,0.5924
1787920944.864617,-0.217551,-2.574258,0.351647,0.0020,0.5924
1787920944.871142,-0.217705,-2.574317,0.351977,-0.0062,0.5924
1787920944.877804,-0.217725,-2.574151,0.351555,-0.0026,0.5924
1787920944.884274,-0.217752,-2.574218,0.351801,-0.0041,0.5924
1787920944.892160,-0.217683,-2.574301,0.351835,-0.0015,0.5924
1787920944.904047,-0.217732,-2.574345,0.352679,-0.0026,0.5924
1787920944.905617,-0.217693,-2.574281,0.352254,0.0095,0.5924
1787920944.910727,-0.217636,-2.574321,0.351956,0.0090,0.5924
1787920944.918163,-0.217715,-2.574179,0.351790,0.0052,0.5913
1787920944.925663,-0.217615,-2.574185,0.351479,0.0074,0.5913
1787920944.930863,-0.217554,-2.574046,0.351179,0.0112,0.5913
1787920944.939352,-0.217629,-2.574176,0.351219,0.0038,0.5913
1787920944.944359,-0.217425,-2.574222,0.351405,0.0132,0.5913
1787920944.950866,-0.217564,-2.574473,0.351879,-0.0008,0.5913
1787920944.958089,-0.217578,-2.574186,0.351359,0.0030,0.5913
1787920944.964816,-0.217695,-2.574129,0.351450,-0.0019,0.5913
1787920944.971066,-0.217733,-2.574005,0.351284,-0.0010,0.5913
1787920944.977743,-0.217789,-2.574163,0.351671,-0.0055,0.5913
1787920944.984068,-0.217786,-2.574178,0.352089,-0.0040,0.5913
1787920944.990910,-0.217881,-2.573986,0.351602,-0.0038,0.5913
1787920944.998528,-0.217663,-2.574407,0.352395,-0.0003,0.5913
1787920945.004105,-0.217708,-2.574159,0.351695,0.0021,0.5913
1787920945.011203,-0.217611,-2.574234,0.351573,0.0042,0.5913
1787920945.017294,-0.217631,-2.574221,0.351688,0.0022,0.5920
1787920945.027726,-0.217583,-2.574265,0.351619,0.0024,0.5920
1787920945.031380,-0.217690,-2.574091,0.351159,-0.0016,0.5920
1787920945.043138,-0.217611,-2.574094,0.351110,0.0007,0.5920
1787920945.044332,-0.217644,-2.574161,0.351370,-0.0131,0.5920
1787920945.050784,-0.217711,-2.574022,0.350991,-0.0099,0.5920
1787920945.057782,-0.217588,-2.574267,0.351684,-0.0056,0.5920
1787920945.064574,-0.217753,-2.574118,0.351365,-0.0085,0.5920
1787920945.070938,-0.217609,-2.574291,0.351961,-0.0024,0.5920
1787920945.077652,-0.217678,-2.574272,0.351668,-0.0043,0.5920
1787920945.085178,-0.217758,-2.574246,0.351850,-0.0056,0.5920
1787920945.090806,-0.217782,-2.573846,0.351168,0.0022,0.5920
1787920945.098100,-0.217753,-2.574280,0.352352,-0.0035,0.5920
1787920945.106248,-0.217708,-2.574304,0.352237,-0.0012,0.5920
1787920945.112162,-0.217708,-2.573958,0.351435,0.0052,0.5914
1787920945.117265,-0.217687,-2.574029,0.351310,0.0034,0.5914
1787920945.124590,-0.217645,-2.574143,0.351264,0.0023,0.5914
1787920945.131059,-0.217627,-2.574032,0.350879,0.0042,0.5914
1787920945.141679,-0.217570,-2.574208,0.351327,0.0028,0.5914
1787920945.154915,-0.217484,-2.574202,0.351532,0.0038,0.5914
1787920945.158631,-0.217495,-2.574091,0.351103,0.0050,0.5914
1787920945.159503,-0.217579,-2.574208,0.351260,-0.0376,0.5914
1787920945.164189,-0.217669,-2.574219,0.351510,-0.0319,0.5914
1787920945.171303,-0.217647,-2.574215,0.351637,-0.0215,0.5914
1787920945.177810,-0.217740,-2.574158,0.351895,-0.0181,0.5914
1787920945.184931,-0.217723,-2.574192,0.352029,-0.0125,0.5914
1787920945.190933,-0.217892,-2.574149,0.352176,-0.0159,0.5914
1787920945.199646,-0.217648,-2.574411,0.352645,-0.0064,0.5914
1787920945.204285,-0.217746,-2.574129,0.352071,-0.0041,0.5914
1787920945.211006,-0.217807,-2.573935,0.350854,-0.0025,0.5914
1787920945.218097,-0.217760,-2.574078,0.350924,-0.0019,0.5912
1787920945.224902,-0.217756,-2.573873,0.350049,0.0019,0.5912
1787920945.233855,-0.217710,-2.574104,0.350220,0.0001,0.5912
1787920945.237517,-0.217609,-2.573977,0.349788,0.0115,0.5912
1787920945.246841,-0.217570,-2.573922,0.349213,0.0098,0.5912
1787920945.251892,-0.217635,-2.573927,0.348671,0.0031,0.5912
1787920945.257347,-0.217497,-2.573975,0.348245,0.0084,0.5912
1787920945.265677,-0.217572,-2.573884,0.348035,0.0045,0.5912
1787920945.270752,-0.217641,-2.573935,0.348106,-0.0017,0.5912
1787920945.277891,-0.217731,-2.574112,0.348668,-0.0073,0.5912
1787920945.284966,-0.217821,-2.573979,0.348100,-0.0068,0.5912
1787920945.290883,-0.218031,-2.574052,0.348613,-0.0160,0.5912
1787920945.297834,-0.217869,-2.573951,0.348348,-0.0032,0.5912
1787920945.306390,-0.217846,-2.574015,0.348275,-0.0022,0.5912
1787920945.312357,-0.217785,-2.574388,0.348468,-0.0051,0.5973
1787920945.317926,-0.217912,-2.573947,0.347444,-0.0019,0.5973
1787920945.324737,-0.217969,-2.573735,0.346046,-0.0005,0.5973
1787920945.330888,-0.217848,-2.573893,0.346446,0.0026,0.5973
1787920945.337694,-0.217734,-2.573902,0.346786,0.0064,0.5973
1787920945.345451,-0.217571,-2.574216,0.347429,0.0063,0.5973
1787920945.350601,-0.217423,-2.574462,0.347654,0.0076,0.5973
1787920945.357642,-0.217424,-2.574417,0.347857,0.0059,0.5973
1787920945.364214,-0.217483,-2.574481,0.347788,0.0006,0.5973
1787920945.371095,-0.217414,-2.575002,0.349851,-0.0045,0.5973
1787920945.377825,-0.217381,-2.574650,0.348704,0.0036,0.5973
1787920945.383888,-0.217636,-2.574848,0.349619,-0.0127,0.5973
1787920945.391462,-0.217682,-2.574880,0.349848,-0.0110,0.5973
1787920945.397966,-0.217530,-2.575404,0.350749,-0.0094,0.5973
1787920945.404182,-0.217552,-2.575074,0.349616,-0.0022,0.5973
1787920945.410617,-0.217545,-2.575145,0.349001,-0.0023,0.5973
1787920945.419492,-0.217303,-2.575229,0.348402,0.0051,0.5980
1787920945.424676,-0.217186,-2.575114,0.347442,0.0122,0.5980
1787920945.430929,-0.217302,-2.574912,0.346711,0.0066,0.5980
1787920945.438213,-0.217188,-2.574965,0.346513,0.0083,0.5980
1787920945.444658,-0.217139,-2.574995,0.346335,0.0075,0.5980
1787920945.451700,-0.217253,-2.574871,0.346192,0.0025,0.5980
1787920945.457463,-0.217478,-2.575040,0.346962,-0.0123,0.5980
1787920945.463851,-0.217413,-2.575582,0.348460,-0.0144,0.5980
1787920945.471049,-0.217460,-2.575579,0.349125,-0.0119,0.5980
1787920945.477478,-0.217561,-2.575437,0.349570,-0.0105,0.5980
1787920945.484657,-0.217648,-2.575503,0.349870,-0.0117,0.5980
1787920945.490821,-0.217554,-2.575629,0.350083,-0.0060,0.5980
1787920945.497438,-0.217799,-2.575121,0.349080,-0.0068,0.5980
1787920945.506582,-0.217737,-2.575518,0.350146,-0.0073,0.5980
1787920945.510643,-0.217811,-2.574947,0.348780,0.0042,0.5980
1787920945.517572,-0.217454,-2.575101,0.348315,0.0152,0.5978
1787920945.523916,-0.217527,-2.574917,0.347340,0.0103,0.5978
1787920945.530771,-0.217345,-2.574866,0.346684,0.0155,0.5978
1787920945.540024,-0.217360,-2.574398,0.345429,0.0155,0.5978
1787920945.544966,-0.217160,-2.574400,0.344814,0.0222,0.5978
1787920945.551737,-0.216855,-2.574615,0.345505,0.0251,0.5978
1787920945.557683,-0.216780,-2.574118,0.344443,0.0296,0.5978
1787920945.564137,-0.216506,-2.574175,0.345255,0.0318,0.5978
1787920945.570903,-0.215977,-2.574265,0.346216,0.0430,0.5978
1787920945.578410,-0.215706,-2.574159,0.347506,0.0417,0.5978
1787920945.584337,-0.215202,-2.574031,0.348152,0.0554,0.5978
1787920945.590750,-0.214764,-2.573802,0.349455,0.0617,0.5978
1787920945.598058,-0.214240,-2.573688,0.350345,0.0650,0.5978
1787920945.604495,-0.213761,-2.573870,0.351941,0.0635,0.5978
1787920945.611532,-0.212919,-2.573853,0.353556,0.0784,0.5914
1787920945.619028,-0.212027,-2.573533,0.354269,0.0928,0.5914
1787920945.624787,-0.211123,-2.573737,0.356226,0.1054,0.5914
1787920945.631054,-0.210443,-2.572963,0.355576,0.1172,0.5914
1787920945.637759,-0.209523,-2.572605,0.356408,0.1262,0.5914
1787920945.644665,-0.208657,-2.572275,0.356723,0.1286,0.5914
1787920945.651360,-0.207822,-2.571447,0.356279,0.1380,0.5914
1787920945.658008,-0.207031,-2.570388,0.355909,0.1468,0.5914
1787920945.664537,-0.206112,-2.570056,0.356796,0.1476,0.5914
1787920945.671674,-0.205467,-2.569671,0.358441,0.1344,0.5914
1787920945.678557,-0.204540,-2.569219,0.359511,0.1388,0.5914
1787920945.684359,-0.203687,-2.568885,0.360958,0.1445,0.5914
1787920945.692946,-0.203092,-2.568343,0.361742,0.1273,0.5914
1787920945.697669,-0.202192,-2.567962,0.363291,0.1512,0.5914
1787920945.703959,-0.201127,-2.567853,0.365034,0.1551,0.5914
1787920945.711503,-0.200145,-2.567140,0.365354,0.1552,0.5914
1787920945.717595,-0.199299,-2.566846,0.366722,0.1527,0.5393
1787920945.726803,-0.198382,-2.566366,0.368152,0.1404,0.5393
1787920945.731256,-0.197637,-2.565442,0.368375,0.1675,0.5393
1787920945.737434,-0.196683,-2.565189,0.369909,0.1649,0.5393
1787920945.744977,-0.195890,-2.564856,0.371568,0.1496,0.5393
1787920945.752335,-0.194899,-2.564441,0.373026,0.1486,0.5393
1787920945.758753,-0.193735,-2.563961,0.374124,0.1628,0.5393
1787920945.764474,-0.192648,-2.563259,0.375290,0.1805,0.5393
1787920945.771624,-0.191850,-2.563248,0.378144,0.1577,0.5393
1787920945.778724,-0.191015,-2.562786,0.379927,0.1503,0.5393
1787920945.784548,-0.190206,-2.562047,0.381786,0.1581,0.5393
1787920945.790701,-0.189146,-2.561940,0.384728,0.1605,0.5393
1787920945.797591,-0.188418,-2.560995,0.385608,0.1572,0.5393
1787920945.804498,-0.187396,-2.560199,0.386995,0.1642,0.5393
1787920945.811202,-0.186161,-2.559955,0.388682,0.1703,0.5393
1787920945.818074,-0.185151,-2.559689,0.391522,0.1643,0.4862
1787920945.824390,-0.184425,-2.558780,0.392225,0.1634,0.4862
1787920945.830548,-0.183251,-2.557954,0.392846,0.1826,0.4862
1787920945.837660,-0.181999,-2.557104,0.393696,0.1904,0.4862
1787920945.846892,-0.180945,-2.557145,0.396431,0.1643,0.4862
1787920945.854575,-0.179796,-2.556396,0.397551,0.1677,0.4862
1787920945.859924,-0.178665,-2.555599,0.398897,0.1932,0.4862
1787920945.864923,-0.177523,-2.555334,0.401400,0.2046,0.4862
1787920945.871367,-0.176429,-2.554179,0.402127,0.2111,0.4862
1787920945.877521,-0.175252,-2.553675,0.403919,0.2102,0.4862
1787920945.884434,-0.174076,-2.553338,0.406985,0.1998,0.4862
1787920945.891756,-0.172997,-2.552338,0.408340,0.1967,0.4862
1787920945.898122,-0.171538,-2.552086,0.411081,0.2055,0.4862
1787920945.904560,-0.170315,-2.551711,0.413232,0.2030,0.4862
1787920945.910917,-0.169339,-2.551277,0.415906,0.1925,0.4862
1787920945.917602,-0.168090,-2.549856,0.415888,0.2118,0.4413
1787920945.927384,-0.166711,-2.549528,0.418500,0.1910,0.4413
1787920945.931504,-0.165433,-2.548662,0.419122,0.2444,0.4413
1787920945.937392,-0.163990,-2.547894,0.420790,0.2542,0.4413
1787920945.944457,-0.162489,-2.547726,0.423604,0.2389,0.4413
1787920945.950977,-0.161457,-2.546138,0.424041,0.2406,0.4413
1787920945.957626,-0.159993,-2.545835,0.426551,0.2342,0.4413
1787920945.964462,-0.158783,-2.545394,0.428740,0.2203,0.4413
1787920945.970918,-0.157520,-2.544101,0.429494,0.2326,0.4413
1787920945.977606,-0.156293,-2.543232,0.430715,0.2291,0.4413
1787920945.984095,-0.155192,-2.542454,0.432783,0.2217,0.4413
1787920945.991672,-0.153994,-2.541213,0.433711,0.2188,0.4413
1787920945.997827,-0.152679,-2.540312,0.435483,0.2298,0.4413
1787920946.004304,-0.151450,-2.539634,0.437240,0.2258,0.4413
1787920946.012640,-0.150064,-2.538482,0.437791,0.2208,0.3836
1787920946.018954,-0.148863,-2.538268,0.440834,0.2105,0.3836
1787920946.024187,-0.147275,-2.537164,0.442039,0.2567,0.3836
1787920946.032707,-0.146065,-2.536210,0.443167,0.2326,0.3836
1787920946.037827,-0.144410,-2.535889,0.445571,0.2584,0.3836
1787920946.044443,-0.143217,-2.534536,0.446035,0.2562,0.3836
1787920946.051920,-0.141541,-2.533900,0.447584,0.2510,0.3836
1787920946.057401,-0.140448,-2.533015,0.449574,0.2506,0.3836
1787920946.065900,-0.138959,-2.532385,0.451384,0.2324,0.3836
1787920946.070726,-0.137585,-2.531581,0.453455,0.2614,0.3836
1787920946.078041,-0.136165,-2.530689,0.454986,0.2514,0.3836
1787920946.084103,-0.134988,-2.529738,0.456668,0.2490,0.3836
1787920946.091016,-0.133661,-2.529066,0.459227,0.2388,0.3836
1787920946.098264,-0.132034,-2.528473,0.462238,0.2384,0.3836
1787920946.104864,-0.130751,-2.527567,0.464084,0.2375,0.3836
1787920946.111311,-0.129153,-2.526982,0.465713,0.2449,0.3836
1787920946.117571,-0.127534,-2.526228,0.467641,0.2570,0.3369
1787920946.124078,-0.126091,-2.525637,0.469564,0.2515,0.3369
1787920946.131177,-0.124441,-2.524649,0.470880,0.2571,0.3369
1787920946.137751,-0.123111,-2.523709,0.472504,0.2536,0.3369
1787920946.144335,-0.121415,-2.523093,0.474470,0.2591,0.3369
1787920946.155415,-0.119913,-2.522024,0.476268,0.2308,0.3369
1787920946.158924,-0.118638,-2.521154,0.478187,0.2926,0.3369
1787920946.164279,-0.117067,-2.520182,0.479932,0.3080,0.3369
1787920946.171011,-0.115514,-2.519223,0.481676,0.2967,0.3369
1787920946.178837,-0.113735,-2.518721,0.485013,0.2770,0.3369
1787920946.184938,-0.112251,-2.517307,0.485594,0.2909,0.3369
1787920946.190882,-0.111000,-2.516514,0.488045,0.2782,0.3369
1787920946.198227,-0.109157,-2.515723,0.490788,0.2763,0.3369
1787920946.204054,-0.107647,-2.514728,0.493080,0.2861,0.3369
1787920946.210604,-0.105952,-2.514033,0.495378,0.2837,0.3369
1787920946.217871,-0.104514,-2.513136,0.497203,0.2684,0.2917
1787920946.224200,-0.103065,-2.512129,0.499549,0.2711,0.2917
1787920946.232474,-0.101342,-2.511249,0.501483,0.2599,0.2917
1787920946.238909,-0.099905,-2.510477,0.503486,0.2579,0.2917
1787920946.243843,-0.098253,-2.509214,0.505089,0.3056,0.2917
1787920946.251169,-0.096603,-2.508543,0.507303,0.2864,0.2917
1787920946.258452,-0.095049,-2.507285,0.508487,0.2816,0.2917
1787920946.265021,-0.093753,-2.506401,0.510921,0.2685,0.2917
1787920946.271073,-0.091949,-2.506135,0.514827,0.2723,0.2917
1787920946.277879,-0.090202,-2.505214,0.516896,0.2776,0.2917
1787920946.284030,-0.088996,-2.503693,0.517972,0.2821,0.2917
1787920946.291158,-0.087114,-2.503139,0.521225,0.2778,0.2917
1787920946.297414,-0.085846,-2.501941,0.522536,0.2758,0.2917
1787920946.304053,-0.084018,-2.501216,0.525760,0.2810,0.2917
1787920946.311567,-0.082618,-2.499996,0.527145,0.2695,0.2394
1787920946.317426,-0.080847,-2.499474,0.529614,0.2804,0.2394
1787920946.325383,-0.079317,-2.498094,0.530958,0.2724,0.2394
1787920946.335953,-0.077648,-2.497013,0.532558,0.2471,0.2394
1787920946.337184,-0.075851,-2.495875,0.533948,0.6908,0.2394
1787920946.344508,-0.071422,-2.498478,0.543760,0.5837,0.2394
1787920946.351316,-0.070063,-2.496892,0.544381,0.4960,0.2394
1787920946.361912,-0.067910,-2.496431,0.546607,0.4061,0.2394
1787920946.364242,-0.066338,-2.495066,0.547436,0.5485,0.2394
1787920946.370970,-0.064682,-2.494094,0.549683,0.4696,0.2394
1787920946.378050,-0.062931,-2.493150,0.550779,0.4129,0.2394
1787920946.384451,-0.061491,-2.491700,0.551504,0.3821,0.2394
1787920946.391290,-0.059774,-2.490513,0.552920,0.3589,0.2394
1787920946.397826,-0.059387,-2.491697,0.558420,0.2375,0.2394
1787920946.404878,-0.057440,-2.490188,0.559357,0.2705,0.2394
1787920946.410871,-0.055579,-2.489303,0.560966,0.2918,0.2394
1787920946.417386,-0.054283,-2.487751,0.561464,0.2928,0.2103
1787920946.425830,-0.052137,-2.487173,0.564672,0.2804,0.2103
1787920946.431198,-0.050298,-2.485905,0.565354,0.3210,0.2103
1787920946.438153,-0.048754,-2.484098,0.565079,0.3227,0.2103
1787920946.446300,-0.046762,-2.483159,0.566993,0.3063,0.2103
1787920946.452362,-0.045361,-2.481618,0.567179,0.3139,0.2103
1787920946.457247,-0.043592,-2.480616,0.568267,0.3444,0.2103
1787920946.464216,-0.041417,-2.479603,0.569987,0.3434,0.2103
1787920946.471643,-0.039822,-2.478015,0.570612,0.3293,0.2103
1787920946.477487,-0.038363,-2.476755,0.572043,0.3284,0.2103
1787920946.484230,-0.036450,-2.475725,0.573179,0.3263,0.2103
1787920946.490929,-0.034716,-2.474220,0.573750,0.3302,0.2103
1787920946.497603,-0.033400,-2.472992,0.575300,0.3108,0.2103
1787920946.504673,-0.031680,-2.471798,0.576669,0.3064,0.2103
1787920946.510917,-0.029587,-2.470406,0.578308,0.3352,0.2103
1787920946.517937,-0.028181,-2.469018,0.578820,0.3174,0.1825
1787920946.524020,-0.026365,-2.467876,0.580136,0.3279,0.1825
1787920946.531250,-0.024799,-2.466414,0.580889,0.3172,0.1825
1787920946.539811,-0.023044,-2.465524,0.581981,0.2906,0.1825
1787920946.546775,-0.021253,-2.464149,0.582490,0.3004,0.1825
1787920946.551037,-0.019763,-2.462880,0.583392,0.3471,0.1825
1787920946.557513,-0.017925,-2.461849,0.584936,0.3403,0.1825
1787920946.564980,-0.016391,-2.460181,0.584980,0.3266,0.1825
1787920946.571449,-0.014392,-2.459107,0.586269,0.3334,0.1825
1787920946.577549,-0.012786,-2.457784,0.587124,0.3352,0.1825
1787920946.584088,-0.011280,-2.456478,0.587776,0.3254,0.1825
1787920946.591005,-0.009643,-2.454653,0.587847,0.3307,0.1825
1787920946.598591,-0.008027,-2.453201,0.587644,0.3165,0.1825
1787920946.604545,-0.006310,-2.451977,0.588862,0.3278,0.1825
1787920946.611456,-0.004445,-2.450636,0.590056,0.3291,0.1825
1787920946.617572,-0.003041,-2.448950,0.589295,0.3336,0.1613
1787920946.624054,-0.001058,-2.447886,0.590922,0.3372,0.1613
1787920946.632490,0.000913,-2.446884,0.592389,0.3141,0.1613
1787920946.643108,0.002559,-2.445507,0.592815,0.2801,0.1613
1787920946.644425,0.004172,-2.443763,0.592542,0.7228,0.1613
1787920946.650821,0.006485,-2.442999,0.594673,0.6159,0.1613
1787920946.657710,0.008230,-2.441768,0.595852,0.5242,0.1613
1787920946.666099,0.010127,-2.440241,0.596056,0.4537,0.1613
1787920946.671131,0.011952,-2.438873,0.596532,0.4534,0.1613
1787920946.677501,0.013894,-2.437862,0.598800,0.4198,0.1613
1787920946.684135,0.015583,-2.436314,0.598669,0.3964,0.1613
1787920946.692306,0.017414,-2.434935,0.599693,0.3615,0.1613
1787920946.697480,0.019344,-2.433750,0.601045,0.3842,0.1613
1787920946.704679,0.021020,-2.432313,0.601968,0.3604,0.1613
1787920946.711109,0.022872,-2.431080,0.603161,0.3561,0.1613
1787920946.717762,0.024906,-2.429671,0.604331,0.3608,0.2163
1787920946.724185,0.026903,-2.428587,0.605598,0.3581,0.2163
1787920946.730599,0.028402,-2.427115,0.605868,0.3475,0.2163
1787920946.738236,0.030599,-2.425783,0.607150,0.3440,0.2163
1787920946.744785,0.032639,-2.424506,0.608019,0.3509,0.2163
1787920946.753042,0.034565,-2.423281,0.608876,0.3285,0.2163
1787920946.757713,0.036601,-2.422368,0.610958,0.3707,0.2163
1787920946.763895,0.038442,-2.420561,0.611070,0.3830,0.2163
1787920946.772027,0.040600,-2.419637,0.612739,0.3528,0.2163
1787920946.777800,0.042312,-2.418000,0.612507,0.3687,0.2163
1787920946.784288,0.043921,-2.416403,0.612827,0.3614,0.2163
1787920946.791488,0.045916,-2.415315,0.613169,0.3471,0.2163
1787920946.797477,0.047757,-2.413585,0.612891,0.3682,0.2163
1787920946.804428,0.049729,-2.412528,0.613874,0.3536,0.2163
1787920946.813883,0.051343,-2.411226,0.614025,0.3132,0.2132
1787920946.817668,0.052845,-2.409633,0.613561,0.3892,0.2132
1787920946.824209,0.054747,-2.408339,0.612586,0.3780,0.2132
1787920946.831012,0.056789,-2.406824,0.612702,0.3767,0.2132
1787920946.837533,0.058569,-2.405010,0.611912,0.3786,0.2132
1787920946.846882,0.060375,-2.404329,0.612915,0.3250,0.2132
1787920946.853946,0.062072,-2.402859,0.612337,0.3224,0.2132
1787920946.857134,0.063672,-2.401229,0.611526,0.4370,0.2132
1787920946.865134,0.065502,-2.400238,0.611652,0.3834,0.2132
1787920946.871330,0.067131,-2.398446,0.611188,0.3828,0.2132
1787920946.877733,0.068574,-2.396661,0.610494,0.3713,0.2132
1787920946.884891,0.070484,-2.395049,0.610210,0.3642,0.2132
1787920946.890955,0.072050,-2.393824,0.610794,0.3532,0.2132
1787920946.898254,0.073947,-2.392626,0.611853,0.3393,0.2132
1787920946.904453,0.075391,-2.390737,0.611723,0.3473,0.2132
1787920946.911107,0.077218,-2.389366,0.611528,0.3460,0.2132
1787920946.918287,0.079376,-2.388117,0.612469,0.3460,0.2211
1787920946.924769,0.080914,-2.386522,0.612383,0.3429,0.2211
1787920946.933219,0.082684,-2.385254,0.613412,0.3173,0.2211
1787920946.937459,0.084764,-2.383824,0.614098,0.4007,0.2211
1787920946.944366,0.086466,-2.382364,0.614547,0.3775,0.2211
1787920946.955323,0.088501,-2.381401,0.615880,0.3249,0.2211
1787920946.958282,0.090382,-2.380158,0.616745,0.4558,0.2211
1787920946.964174,0.091758,-2.378258,0.616753,0.4322,0.2211
1787920946.973664,0.094056,-2.377339,0.617737,0.3786,0.2211
1787920946.977647,0.095912,-2.375998,0.618884,0.4375,0.2211
1787920946.984267,0.097765,-2.374390,0.618828,0.4169,0.2211
1787920946.991308,0.099657,-2.373063,0.619112,0.3903,0.2211
1787920946.997582,0.101445,-2.371351,0.619405,0.3903,0.2211
1787920947.004694,0.103274,-2.370069,0.619974,0.3674,0.2211
1787920947.011218,0.105047,-2.368649,0.619743,0.3615,0.2211
1787920947.018689,0.106878,-2.367296,0.619831,0.3445,0.2243
1787920947.024446,0.108768,-2.365603,0.619747,0.3725,0.2243
1787920947.030972,0.110634,-2.364533,0.620587,0.3591,0.2243
1787920947.037979,0.112197,-2.362852,0.619827,0.3477,0.2243
1787920947.044682,0.114486,-2.361634,0.620964,0.3584,0.2243
1787920947.052757,0.115976,-2.360088,0.620443,0.3293,0.2243
1787920947.059581,0.117780,-2.359003,0.620595,0.3228,0.2243
1787920947.064523,0.119811,-2.357546,0.620756,0.3777,0.2243
1787920947.070606,0.121695,-2.356416,0.621557,0.3724,0.2243
1787920947.078618,0.123182,-2.354585,0.620844,0.3459,0.2243
1787920947.084015,0.125205,-2.353552,0.621721,0.3669,0.2243
1787920947.091697,0.126719,-2.351946,0.621641,0.3414,0.2243
1787920947.099286,0.128538,-2.350462,0.621489,0.3316,0.2243
1787920947.104220,0.130264,-2.349292,0.621900,0.3588,0.2243
1787920947.110754,0.132207,-2.347801,0.622446,0.3636,0.2243
1787920947.117962,0.133709,-2.346319,0.621894,0.3413,0.2980
1787920947.124125,0.135656,-2.345045,0.622354,0.3520,0.2980
1787920947.131559,0.137474,-2.343601,0.623083,0.3400,0.2980
1787920947.137537,0.139192,-2.341994,0.622379,0.3551,0.2980
1787920947.144554,0.140892,-2.340418,0.622714,0.3469,0.2980
1787920947.150803,0.142973,-2.339144,0.623446,0.3597,0.2980
1787920947.157300,0.144990,-2.338126,0.624609,0.3548,0.2980
1787920947.164655,0.146603,-2.336075,0.623914,0.3506,0.2980
1787920947.171272,0.148251,-2.334699,0.623996,0.3425,0.2980
1787920947.178464,0.150166,-2.333450,0.625318,0.3350,0.2980
1787920947.184482,0.152090,-2.331867,0.625326,0.3585,0.2980
1787920947.190939,0.153797,-2.330332,0.625708,0.3570,0.2980
1787920947.198359,0.155718,-2.328921,0.625890,0.3463,0.2980
1787920947.204595,0.157628,-2.327365,0.626202,0.3607,0.2980
1787920947.210871,0.159334,-2.325678,0.625835,0.3658,0.2980
1787920947.218517,0.161063,-2.324184,0.626403,0.3454,0.3055
1787920947.224833,0.162856,-2.322679,0.626892,0.3527,0.3055
1787920947.230733,0.164828,-2.321123,0.627494,0.3745,0.3055
1787920947.237498,0.166907,-2.319674,0.628327,0.3745,0.3055
1787920947.244729,0.168703,-2.318229,0.628902,0.3577,0.3055
1787920947.251654,0.170593,-2.316270,0.628979,0.3665,0.3055
1787920947.258328,0.172449,-2.315472,0.630741,0.3451,0.3055
1787920947.264059,0.174232,-2.313850,0.631691,0.3670,0.3055
1787920947.270731,0.176246,-2.312284,0.632634,0.3716,0.3055
1787920947.280244,0.177975,-2.310576,0.633689,0.3359,0.3055
1787920947.284058,0.180334,-2.309596,0.635822,0.4303,0.3055
1787920947.291039,0.182178,-2.308014,0.636802,0.4053,0.3055
1787920947.297366,0.184117,-2.306041,0.637281,0.4133,0.3055
1787920947.304017,0.186031,-2.305193,0.639638,0.3814,0.3055
1787920947.311302,0.187763,-2.303588,0.640537,0.3637,0.3055
1787920947.317595,0.189582,-2.301774,0.640896,0.3758,0.3035
1787920947.324129,0.191595,-2.300276,0.642903,0.3782,0.3035
1787920947.330996,0.193350,-2.298740,0.643584,0.3664,0.3035
1787920947.338053,0.195434,-2.297748,0.645674,0.3526,0.3035
1787920947.344395,0.197156,-2.295834,0.646417,0.3664,0.3035
1787920947.351406,0.198856,-2.294119,0.646703,0.3587,0.3035
1787920947.358898,0.200746,-2.292658,0.648930,0.3468,0.3035
1787920947.365009,0.202683,-2.291202,0.649524,0.3617,0.3035
1787920947.371588,0.204931,-2.290005,0.651366,0.3678,0.3035
1787920947.377599,0.206266,-2.287890,0.651743,0.3745,0.3035
1787920947.385139,0.208383,-2.286563,0.653209,0.3611,0.3035
1787920947.390987,0.210325,-2.284481,0.652982,0.3968,0.3035
1787920947.397869,0.212058,-2.282993,0.654666,0.3772,0.3035
1787920947.404342,0.214023,-2.281129,0.655311,0.3889,0.3035
1787920947.411289,0.215552,-2.279346,0.656010,0.3715,0.3035
1787920947.417805,0.217611,-2.277869,0.657504,0.3767,0.3966
1787920947.424065,0.219428,-2.276128,0.658134,0.3835,0.3966
1787920947.430566,0.221661,-2.275031,0.660922,0.3809,0.3966
1787920947.438017,0.223521,-2.273624,0.661878,0.3605,0.3966
1787920947.444759,0.225154,-2.271605,0.661910,0.3649,0.3966
1787920947.451734,0.226930,-2.270146,0.663135,0.3543,0.3966
1787920947.457436,0.228854,-2.268920,0.665381,0.3675,0.3966
1787920947.467462,0.230745,-2.266824,0.665624,0.3404,0.3966
1787920947.471022,0.232493,-2.265557,0.667439,0.4201,0.3966
1787920947.477798,0.233887,-2.263574,0.667764,0.3969,0.3966
1787920947.486943,0.235969,-2.262017,0.668943,0.3631,0.3966
1787920947.490906,0.237612,-2.260427,0.669662,0.4264,0.3966
1787920947.497922,0.239058,-2.258859,0.670351,0.3886,0.3966
1787920947.504173,0.240668,-2.256986,0.670172,0.3884,0.3966
1787920947.510960,0.242470,-2.255156,0.671262,0.3846,0.3966
1787920947.517502,0.244267,-2.253684,0.672333,0.3757,0.3897
1787920947.524576,0.246202,-2.252313,0.673981,0.3634,0.3897
1787920947.531310,0.247628,-2.250194,0.673760,0.3629,0.3897
1787920947.537483,0.249745,-2.248954,0.675644,0.3720,0.3897
1787920947.544462,0.251644,-2.247125,0.677312,0.3733,0.3897
1787920947.551026,0.253311,-2.245578,0.678541,0.3650,0.3897
1787920947.557364,0.255484,-2.244278,0.681350,0.3742,0.3897
1787920947.564625,0.257520,-2.242486,0.682470,0.3739,0.3897
1787920947.571300,0.259263,-2.240963,0.684884,0.3657,0.3897
1787920947.577797,0.261032,-2.239307,0.686140,0.3676,0.3897
1787920947.587583,0.262890,-2.237801,0.688459,0.3307,0.3897
1787920947.591327,0.264859,-2.236306,0.690707,0.4293,0.3897
1787920947.598385,0.266725,-2.234463,0.691710,0.4116,0.3897
1787920947.604268,0.268264,-2.232971,0.693849,0.3971,0.3897
1787920947.611700,0.270433,-2.231621,0.696906,0.3801,0.3802
1787920947.618306,0.272256,-2.230216,0.699047,0.3705,0.3802
1787920947.624267,0.273703,-2.228592,0.700504,0.3677,0.3802
1787920947.630639,0.275923,-2.227306,0.703189,0.3763,0.3802
1787920947.637938,0.277520,-2.225687,0.704937,0.3565,0.3802
1787920947.644456,0.279062,-2.223877,0.705988,0.3576,0.3802
1787920947.650923,0.280912,-2.222412,0.707689,0.3597,0.3802
1787920947.657614,0.282594,-2.220966,0.709846,0.3513,0.3802
1787920947.666649,0.284612,-2.219603,0.713153,0.3262,0.3802
1787920947.672202,0.285912,-2.217708,0.712944,0.3484,0.3802
1787920947.677684,0.287604,-2.216333,0.715435,0.3631,0.3802
1787920947.690387,0.289402,-2.214762,0.717460,0.3106,0.3802
1787920947.691565,0.290701,-2.212677,0.717909,0.8162,0.3802
1787920947.697259,0.292515,-2.211361,0.720455,0.6889,0.3802
1787920947.705986,0.294110,-2.209695,0.721898,0.5612,0.3802
1787920947.710757,0.295497,-2.207730,0.722311,0.5399,0.3802
1787920947.717800,0.297347,-2.206230,0.724173,0.4793,0.3636
1787920947.724277,0.299152,-2.204792,0.726072,0.4423,0.3636
1787920947.732086,0.300806,-2.203265,0.727461,0.3961,0.3636
1787920947.738149,0.302588,-2.201528,0.728889,0.4002,0.3636
1787920947.744842,0.304248,-2.200212,0.730614,0.3750,0.3636
1787920947.750967,0.305871,-2.198583,0.732028,0.3750,0.3636
1787920947.758914,0.307513,-2.196814,0.732743,0.3532,0.3636
1787920947.764035,0.309099,-2.195311,0.734309,0.3752,0.3636
1787920947.771040,0.310509,-2.193406,0.735163,0.3622,0.3636
1787920947.778245,0.312169,-2.191714,0.736793,0.3520,0.3636
1787920947.784773,0.313717,-2.189991,0.737723,0.3523,0.3636
1787920947.792263,0.314886,-2.187917,0.738120,0.3371,0.3636
1787920947.797924,0.316695,-2.186809,0.740799,0.3464,0.3636
1787920947.804983,0.318244,-2.185136,0.742690,0.3391,0.3636
1787920947.811355,0.319664,-2.183245,0.743608,0.3468,0.3636
1787920947.817297,0.321306,-2.181487,0.744420,0.3639,0.4042
1787920947.824162,0.322871,-2.179874,0.745996,0.3528,0.4042
1787920947.830995,0.324169,-2.178152,0.747036,0.3401,0.4042
1787920947.837506,0.325799,-2.176442,0.748164,0.3468,0.4042
1787920947.844825,0.327623,-2.174706,0.749618,0.3459,0.4042
1787920947.851224,0.329048,-2.173253,0.751653,0.3375,0.4042
1787920947.862590,0.330927,-2.171500,0.752622,0.3040,0.4042
1787920947.864569,0.332622,-2.169839,0.754658,0.5727,0.4042
1787920947.871019,0.334111,-2.168530,0.756952,0.4930,0.4042
1787920947.877661,0.335199,-2.166064,0.757125,0.4573,0.4042
1787920947.884480,0.336581,-2.164500,0.758419,0.4116,0.4042
1787920947.891160,0.338425,-2.162737,0.760198,0.4027,0.4042
1787920947.897315,0.339773,-2.161103,0.761157,0.3844,0.4042
1787920947.904479,0.341373,-2.159530,0.763222,0.3630,0.4042
1787920947.911535,0.343202,-2.157923,0.764061,0.3575,0.4042
1787920947.918104,0.344990,-2.156246,0.765311,0.3622,0.3950
1787920947.924324,0.346746,-2.154647,0.766993,0.3680,0.3950
1787920947.930848,0.348258,-2.152922,0.768342,0.3627,0.3950
1787920947.937670,0.349711,-2.151135,0.769152,0.3545,0.3950
1787920947.944576,0.351266,-2.149284,0.770606,0.3526,0.3950
1787920947.951052,0.352687,-2.147908,0.771812,0.3384,0.3950
1787920947.957880,0.354177,-2.146411,0.773245,0.3297,0.3950
1787920947.964533,0.355692,-2.144659,0.774489,0.3349,0.3950
1787920947.973368,0.357156,-2.143257,0.775508,0.3032,0.3950
1787920947.979593,0.359135,-2.142130,0.778369,0.3183,0.3950
1787920947.984212,0.360547,-2.140231,0.779459,0.3747,0.3950
1787920947.991354,0.361681,-2.138615,0.780938,0.3439,0.3950
1787920947.999225,0.363302,-2.137244,0.782234,0.3214,0.3950
1787920948.004347,0.364762,-2.135317,0.783216,0.3652,0.3950
1787920948.011169,0.366364,-2.133976,0.784931,0.3472,0.3950
1787920948.017365,0.367945,-2.132499,0.786522,0.3477,0.3914
1787920948.024426,0.369382,-2.130626,0.786813,0.3429,0.3914
1787920948.030716,0.370790,-2.129141,0.788707,0.3376,0.3914
1787920948.038040,0.372223,-2.127671,0.790168,0.3204,0.3914
1787920948.044203,0.373341,-2.125625,0.789952,0.3333,0.3914
1787920948.051614,0.375000,-2.124396,0.792292,0.3159,0.3914
1787920948.057237,0.376524,-2.122923,0.794213,0.3342,0.3914
1787920948.064472,0.377899,-2.120794,0.794594,0.3368,0.3914
1787920948.071139,0.379566,-2.119657,0.796978,0.3248,0.3914
1787920948.077963,0.380767,-2.117703,0.798012,0.3258,0.3914
1787920948.084814,0.381861,-2.115442,0.798156,0.3323,0.3914
1787920948.093625,0.383532,-2.113936,0.800360,0.3091,0.3914
1787920948.100070,0.385267,-2.112472,0.802833,0.3215,0.3914
1787920948.104487,0.386138,-2.110428,0.803051,0.3660,0.3914
1787920948.110786,0.387767,-2.108775,0.804648,0.3667,0.3914
1787920948.118085,0.389629,-2.107425,0.807794,0.3497,0.3828
1787920948.124074,0.390899,-2.105755,0.809256,0.3492,0.3828
1787920948.131399,0.392244,-2.103926,0.809997,0.3367,0.3828
1787920948.137456,0.393669,-2.102054,0.811619,0.3515,0.3828
1787920948.144019,0.394966,-2.100561,0.813162,0.3364,0.3828
1787920948.151196,0.396397,-2.098720,0.815160,0.3325,0.3828
1787920948.157969,0.398019,-2.097066,0.816768,0.3353,0.3828
1787920948.164256,0.399208,-2.095347,0.817613,0.3334,0.3828
1787920948.171234,0.400369,-2.093578,0.819266,0.3230,0.3828
1787920948.178062,0.401989,-2.091828,0.821286,0.3309,0.3828
1787920948.184281,0.403239,-2.089978,0.822456,0.3380,0.3828
1787920948.191508,0.404807,-2.088735,0.825153,0.3187,0.3828
1787920948.197656,0.406317,-2.087072,0.826723,0.3327,0.3828
1787920948.204721,0.407465,-2.085278,0.827838,0.3220,0.3828
1787920948.211798,0.408781,-2.083554,0.829334,0.3170,0.4167
1787920948.217748,0.410123,-2.081864,0.830250,0.3304,0.4167
1787920948.224780,0.411599,-2.080260,0.832219,0.3243,0.4167
1787920948.231094,0.412915,-2.078236,0.833207,0.3402,0.4167
1787920948.237391,0.414188,-2.076556,0.834709,0.3382,0.4167
1787920948.244654,0.415843,-2.074848,0.836441,0.3349,0.4167
1787920948.251192,0.417037,-2.072685,0.836591,0.3448,0.4167
1787920948.257498,0.418022,-2.071070,0.838403,0.3298,0.4167
1787920948.264562,0.420044,-2.069793,0.841122,0.3286,0.4167
1787920948.271251,0.421618,-2.068155,0.842878,0.3318,0.4167
1787920948.277976,0.422637,-2.066154,0.844109,0.3292,0.4167
1787920948.287307,0.423916,-2.064491,0.845277,0.2977,0.4167
1787920948.291818,0.425165,-2.062654,0.846944,0.3549,0.4167
1787920948.297839,0.426440,-2.060711,0.847600,0.3631,0.4167
1787920948.305976,0.428191,-2.059131,0.849731,0.3405,0.4167
1787920948.312033,0.429349,-2.057348,0.851177,0.3426,0.4063
1787920948.318059,0.431007,-2.055765,0.852966,0.3535,0.4063
1787920948.323989,0.432376,-2.053670,0.853914,0.3728,0.4063
1787920948.331141,0.434146,-2.052170,0.856091,0.3572,0.4063
1787920948.337697,0.435303,-2.049624,0.856022,0.3727,0.4063
1787920948.344265,0.436619,-2.047907,0.856990,0.3596,0.4063
1787920948.352029,0.438220,-2.046121,0.858401,0.3443,0.4063
1787920948.357578,0.439462,-2.044066,0.859718,0.3690,0.4063
1787920948.363979,0.440714,-2.042094,0.860254,0.3667,0.4063
1787920948.371252,0.442179,-2.040213,0.861747,0.3549,0.4063
1787920948.377700,0.443369,-2.038265,0.863705,0.3533,0.4063
1787920948.384737,0.444687,-2.036468,0.865366,0.3421,0.4063
1787920948.391099,0.446267,-2.034786,0.867169,0.3481,0.4063
1787920948.397585,0.447808,-2.033179,0.869235,0.3465,0.4063
1787920948.406638,0.449056,-2.031210,0.870682,0.3191,0.4063
1787920948.410561,0.450107,-2.029279,0.872258,0.3881,0.4063
1787920948.417749,0.451620,-2.027583,0.873820,0.3665,0.3916
1787920948.424330,0.453255,-2.025805,0.876214,0.3665,0.3916
1787920948.430873,0.454057,-2.023837,0.876721,0.3495,0.3916
1787920948.437594,0.455291,-2.021873,0.878451,0.3472,0.3916
1787920948.444120,0.456763,-2.019959,0.880401,0.3540,0.3916
1787920948.451495,0.457865,-2.018304,0.881704,0.3283,0.3916
1787920948.457825,0.459310,-2.016602,0.883907,0.3356,0.3916
1787920948.464429,0.461009,-2.014807,0.886227,0.3469,0.3916
1787920948.470629,0.461666,-2.012681,0.887095,0.3427,0.3916
1787920948.477757,0.463201,-2.011021,0.888998,0.3348,0.3916
1787920948.486475,0.464877,-2.009396,0.891487,0.3141,0.3916
1787920948.492427,0.465948,-2.007298,0.893149,0.3361,0.3916
1787920948.497947,0.467077,-2.005442,0.894017,0.3523,0.3916
1787920948.503990,0.468297,-2.003429,0.895977,0.3625,0.3916
1787920948.510929,0.469718,-2.001690,0.898308,0.3508,0.3916
1787920948.517992,0.470480,-1.999546,0.898747,0.3370,0.4254
1787920948.524145,0.471755,-1.997705,0.899989,0.3449,0.4254
1787920948.531513,0.473510,-1.996484,0.903027,0.3247,0.4254
1787920948.537439,0.474545,-1.994005,0.903679,0.3583,0.4254
1787920948.544293,0.475703,-1.992228,0.904871,0.3433,0.4254
1787920948.551203,0.476733,-1.990341,0.906081,0.3323,0.4254
1787920948.557300,0.478204,-1.988597,0.908351,0.3449,0.4254
1787920948.564601,0.479518,-1.986558,0.909967,0.3407,0.4254
1787920948.571324,0.480878,-1.984566,0.911265,0.3459,0.4254
1787920948.578219,0.481955,-1.982957,0.913161,0.3262,0.4254
1787920948.584480,0.483248,-1.981122,0.915032,0.3358,0.4254
1787920948.590803,0.484676,-1.979140,0.916218,0.3509,0.4254
1787920948.597795,0.485868,-1.977366,0.918617,0.3371,0.4254
1787920948.606087,0.486794,-1.975282,0.918984,0.3163,0.4254
1787920948.612735,0.488087,-1.973365,0.920785,0.3256,0.4140
1787920948.617360,0.489368,-1.971266,0.922663,0.3866,0.4140
1787920948.624661,0.490599,-1.969413,0.923608,0.3618,0.4140
1787920948.631096,0.492135,-1.967905,0.925602,0.3526,0.4140
1787920948.637812,0.493696,-1.966192,0.927537,0.3498,0.4140
1787920948.644084,0.494838,-1.964343,0.929622,0.3484,0.4140
1787920948.651042,0.496043,-1.962243,0.929808,0.3475,0.4140
1787920948.658047,0.497641,-1.960653,0.932111,0.3387,0.4140
1787920948.664427,0.498904,-1.959118,0.934229,0.3305,0.4140
1787920948.670948,0.499442,-1.956672,0.934308,0.3365,0.4140
1787920948.677538,0.501280,-1.955476,0.937492,0.3290,0.4140
1787920948.684341,0.502369,-1.953698,0.938557,0.3219,0.4140
1787920948.692040,0.503588,-1.951597,0.940401,0.3195,0.4140
1787920948.697737,0.504504,-1.949792,0.941420,0.3289,0.4140
1787920948.704715,0.505486,-1.947912,0.942447,0.3204,0.4140
1787920948.713963,0.507299,-1.946392,0.945608,0.2987,0.4035
1787920948.717965,0.507738,-1.944171,0.945355,0.3634,0.4035
1787920948.723981,0.508733,-1.942342,0.946929,0.3574,0.4035
1787920948.730655,0.509948,-1.940576,0.948550,0.3465,0.4035
1787920948.737775,0.511290,-1.938772,0.950713,0.3373,0.4035
1787920948.744389,0.512493,-1.937021,0.952556,0.3324,0.4035
1787920948.751024,0.513708,-1.935315,0.954123,0.3274,0.4035
1787920948.758485,0.515427,-1.933974,0.957751,0.3130,0.4035
1787920948.764716,0.516455,-1.931899,0.958649,0.3294,0.4035
1787920948.771237,0.517291,-1.929838,0.959664,0.3303,0.4035
1787920948.777585,0.518340,-1.928215,0.961418,0.3225,0.4035
1787920948.784785,0.519866,-1.926467,0.964085,0.3218,0.4035
1787920948.792565,0.520459,-1.923820,0.964410,0.3222,0.4035
1787920948.799772,0.521949,-1.922399,0.967188,0.3094,0.4035
1787920948.803908,0.523067,-1.920089,0.968626,0.4006,0.4035
1787920948.811335,0.524366,-1.918257,0.970832,0.3711,0.4360
1787920948.818078,0.525365,-1.916339,0.971973,0.3553,0.4360
1787920948.824684,0.526288,-1.914351,0.972532,0.3469,0.4360
1787920948.830935,0.527939,-1.912698,0.975706,0.3530,0.4360
1787920948.837614,0.528673,-1.910488,0.976119,0.3478,0.4360
1787920948.845479,0.529301,-1.908374,0.976359,0.3237,0.4360
1787920948.851047,0.530679,-1.906574,0.978968,0.3485,0.4360
1787920948.857681,0.532070,-1.904766,0.981075,0.3469,0.4360
1787920948.864344,0.532821,-1.902715,0.981616,0.3384,0.4360
1787920948.870592,0.533785,-1.900874,0.983032,0.3361,0.4360
1787920948.877684,0.534687,-1.898621,0.984161,0.3357,0.4360
1787920948.885254,0.536294,-1.897031,0.985816,0.3227,0.4360
1787920948.890754,0.536813,-1.895058,0.986196,0.3313,0.4360
1787920948.901164,0.537645,-1.892922,0.986888,0.2965,0.4360
1787920948.905065,0.538889,-1.891163,0.988595,0.3731,0.4360
1787920948.911269,0.539686,-1.889190,0.989160,0.3621,0.4360
1787920948.919195,0.540685,-1.887359,0.990487,0.3321,0.4278
1787920948.924520,0.541681,-1.885590,0.992569,0.3466,0.4278
1787920948.931251,0.542816,-1.883542,0.993692,0.3467,0.4278
1787920948.937612,0.544270,-1.882033,0.996282,0.3397,0.4278
1787920948.944351,0.545245,-1.880243,0.997517,0.3283,0.4278
1787920948.951860,0.545849,-1.877665,0.997381,0.3294,0.4278
1787920948.958182,0.547005,-1.876135,0.999647,0.3213,0.4278
1787920948.964309,0.548026,-1.873917,1.000591,0.3434,0.4278
1787920948.970928,0.549716,-1.872365,1.003522,0.3408,0.4278
1787920948.977700,0.550311,-1.870325,1.004351,0.3290,0.4278
1787920948.984463,0.551286,-1.868258,1.005868,0.3309,0.4278
1787920948.991019,0.552495,-1.866405,1.008068,0.3328,0.4278
1787920948.998014,0.553700,-1.864588,1.009791,0.3265,0.4278
1787920949.004678,0.554759,-1.862937,1.011926,0.3168,0.4278
1787920949.012783,0.555511,-1.860742,1.012536,0.3054,0.4227
1787920949.017421,0.556700,-1.859063,1.015139,0.3466,0.4227
1787920949.024460,0.557872,-1.857570,1.017089,0.3230,0.4227
1787920949.030749,0.558442,-1.855332,1.017683,0.3312,0.4227
1787920949.037935,0.559541,-1.853688,1.019224,0.3144,0.4227
1787920949.044238,0.560781,-1.851770,1.021080,0.3287,0.4227
1787920949.051517,0.561735,-1.849984,1.022642,0.3134,0.4227
1787920949.057863,0.562945,-1.848390,1.024609,0.3135,0.4227
1787920949.064364,0.563332,-1.846174,1.024669,0.3161,0.4227
1787920949.070848,0.564816,-1.844968,1.027382,0.3046,0.4227
1787920949.077449,0.565549,-1.842739,1.028246,0.3171,0.4227
1787920949.085850,0.566481,-1.841129,1.029697,0.2884,0.4227
1787920949.091592,0.567343,-1.839303,1.030767,0.3069,0.4227
1787920949.099747,0.568468,-1.837708,1.033116,0.2864,0.4227
1787920949.106114,0.569257,-1.835742,1.034301,0.2991,0.4227
1787920949.110908,0.570732,-1.834246,1.036947,0.3369,0.4227
1787920949.118163,0.571294,-1.832007,1.038110,0.3274,0.4499
1787920949.125949,0.572904,-1.830872,1.041101,0.2983,0.4499
1787920949.131790,0.573293,-1.828282,1.041448,0.3337,0.4499
1787920949.137560,0.574462,-1.826804,1.043799,0.3306,0.4499
1787920949.144630,0.575053,-1.824741,1.044486,0.3197,0.4499
1787920949.150611,0.576338,-1.822913,1.047126,0.3354,0.4499
1787920949.158516,0.577581,-1.821343,1.049388,0.3100,0.4499
1787920949.164529,0.577884,-1.818911,1.049921,0.3298,0.4499
1787920949.171109,0.579342,-1.817462,1.052624,0.3211,0.4499
1787920949.177880,0.580617,-1.815496,1.055378,0.3284,0.4499
1787920949.184229,0.581187,-1.813633,1.056629,0.3198,0.4499
1787920949.192924,0.582964,-1.812301,1.060426,0.2939,0.4499
1787920949.198941,0.584020,-1.810199,1.062570,0.3229,0.4499
1787920949.204417,0.584916,-1.808450,1.064759,0.3336,0.4499
1787920949.211149,0.585764,-1.806384,1.065920,0.3324,0.4382
1787920949.217354,0.586868,-1.804572,1.068544,0.3351,0.4382
1787920949.226205,0.588174,-1.802845,1.070874,0.3072,0.4382
1787920949.231029,0.588966,-1.801023,1.072786,0.3381,0.4382
1787920949.237626,0.590161,-1.799204,1.075049,0.3353,0.4382
1787920949.244174,0.591293,-1.797496,1.076937,0.3282,0.4382
1787920949.251804,0.592037,-1.795557,1.078974,0.3108,0.4382
1787920949.257973,0.592941,-1.793621,1.080681,0.3213,0.4382
1787920949.264347,0.593850,-1.792023,1.082219,0.3114,0.4382
1787920949.271354,0.594817,-1.790160,1.084497,0.3078,0.4382
1787920949.277748,0.595287,-1.788054,1.084799,0.3132,0.4382
1787920949.284097,0.595870,-1.786281,1.086651,0.3062,0.4382
1787920949.291850,0.596535,-1.784406,1.087895,0.2905,0.4382
1787920949.297899,0.597424,-1.782542,1.090084,0.3057,0.4382
1787920949.304965,0.597787,-1.780470,1.090808,0.2992,0.4382
1787920949.310696,0.598876,-1.778761,1.092887,0.3151,0.4382
1787920949.317950,0.599430,-1.776710,1.094748,0.3064,0.4208
1787920949.324252,0.600091,-1.774605,1.095795,0.3180,0.4208
1787920949.333698,0.601166,-1.772850,1.098198,0.2878,0.4208
1787920949.338836,0.601657,-1.770802,1.099631,0.3210,0.4208
1787920949.343995,0.602578,-1.768808,1.100736,0.3523,0.4208
1787920949.351392,0.603391,-1.766637,1.102516,0.3401,0.4208
1787920949.358020,0.603938,-1.764650,1.103796,0.3295,0.4208
1787920949.363910,0.605024,-1.762594,1.105820,0.3491,0.4208
1787920949.371824,0.606096,-1.760277,1.108109,0.3411,0.4208
1787920949.377162,0.606784,-1.758490,1.109921,0.3459,0.4208
1787920949.385231,0.606402,-1.755900,1.109563,0.3220,0.4208
1787920949.391209,0.607173,-1.753706,1.111395,0.3413,0.4208
1787920949.399174,0.607726,-1.751609,1.112751,0.3190,0.4208
1787920949.406859,0.608847,-1.749685,1.115425,0.3100,0.4208
1787920949.413625,0.609281,-1.747304,1.116179,0.3203,0.4273
1787920949.418639,0.610158,-1.745512,1.117965,0.3436,0.4273
1787920949.424538,0.611212,-1.743323,1.119815,0.3640,0.4273
1787920949.431853,0.611823,-1.741329,1.121247,0.3394,0.4273
1787920949.437825,0.612469,-1.739370,1.122719,0.3403,0.4273
1787920949.444069,0.613837,-1.737523,1.125633,0.3466,0.4273
1787920949.450998,0.614422,-1.735508,1.127042,0.3323,0.4273
1787920949.457705,0.614868,-1.733393,1.127764,0.3266,0.4273
1787920949.464191,0.616063,-1.731701,1.130669,0.3230,0.4273
1787920949.470654,0.616466,-1.729584,1.131403,0.3230,0.4273
1787920949.478081,0.617154,-1.727675,1.132595,0.3077,0.4273
1787920949.483958,0.616476,-1.725248,1.131647,0.3128,0.4273
1787920949.490796,0.616597,-1.722878,1.131273,0.3153,0.4273
1787920949.497396,0.616579,-1.720664,1.131339,0.3114,0.4273
1787920949.504578,0.617254,-1.718573,1.132802,0.3091,0.4273
1787920949.511361,0.618102,-1.716625,1.134699,0.3103,0.4273
1787920949.517715,0.618179,-1.714361,1.135009,0.3156,0.4115
1787920949.524133,0.619150,-1.712461,1.137165,0.3206,0.4115
1787920949.533058,0.620229,-1.710819,1.139156,0.2898,0.4115
1787920949.537427,0.620751,-1.708387,1.139936,0.3694,0.4115
1787920949.544616,0.621570,-1.706540,1.142283,0.3429,0.4115
1787920949.551178,0.623026,-1.704793,1.144772,0.3403,0.4115
1787920949.557456,0.624321,-1.702786,1.147754,0.3511,0.4115
1787920949.564635,0.625436,-1.700913,1.150274,0.3362,0.4115
1787920949.571850,0.627131,-1.698873,1.153614,0.3415,0.4115
1787920949.577273,0.628384,-1.697102,1.156490,0.3566,0.4115
1787920949.584507,0.629426,-1.695020,1.158697,0.3460,0.4115
1787920949.591002,0.630505,-1.693046,1.161200,0.3457,0.4115
1787920949.597924,0.631440,-1.690976,1.163129,0.3404,0.4115
1787920949.604215,0.632476,-1.689066,1.165210,0.3415,0.4115
1787920949.611715,0.633210,-1.686853,1.167055,0.3320,0.3996
1787920949.618226,0.634378,-1.685023,1.168923,0.3310,0.3996
1787920949.624806,0.634830,-1.682687,1.169939,0.3378,0.3996
1787920949.631094,0.635473,-1.680604,1.171126,0.3399,0.3996
1787920949.638608,0.636196,-1.678751,1.172794,0.3173,0.3996
1787920949.644020,0.637004,-1.676463,1.173979,0.3564,0.3996
1787920949.651770,0.637456,-1.674495,1.175112,0.3266,0.3996
1787920949.657746,0.638172,-1.672740,1.176839,0.3238,0.3996
1787920949.664175,0.639101,-1.670618,1.178190,0.3347,0.3996
1787920949.670945,0.639512,-1.668651,1.179164,0.3218,0.3996
1787920949.677732,0.640312,-1.666952,1.180796,0.3081,0.3996
1787920949.684334,0.641122,-1.664632,1.182083,0.3273,0.3996
1787920949.691783,0.641897,-1.662728,1.183774,0.3118,0.3996
1787920949.698442,0.642309,-1.660748,1.184377,0.3079,0.3996
1787920949.705467,0.643191,-1.658607,1.185844,0.3144,0.3996
1787920949.711003,0.643845,-1.656659,1.187063,0.3312,0.3996
1787920949.720433,0.644605,-1.654790,1.188734,0.2961,0.4083
1787920949.725118,0.645168,-1.652553,1.189944,0.3537,0.4083
1787920949.731403,0.645992,-1.650675,1.191769,0.3454,0.4083
1787920949.737870,0.646922,-1.648663,1.193831,0.3444,0.4083
1787920949.744373,0.646954,-1.646359,1.193746,0.3405,0.4083
1787920949.751074,0.648033,-1.644497,1.196059,0.3336,0.4083
1787920949.757483,0.649382,-1.642445,1.199206,0.3459,0.4083
1787920949.764778,0.649548,-1.640226,1.199081,0.3297,0.4083
1787920949.771220,0.650568,-1.638383,1.201317,0.3280,0.4083
1787920949.777557,0.651192,-1.636156,1.202479,0.3385,0.4083
1787920949.784817,0.651619,-1.634005,1.203412,0.3263,0.4083
1787920949.790535,0.652603,-1.632223,1.205621,0.3342,0.4083
1787920949.797958,0.653374,-1.630028,1.207233,0.3279,0.4083
1787920949.807420,0.653835,-1.627869,1.208462,0.2987,0.4083
1787920949.811744,0.654319,-1.626137,1.209239,0.3334,0.4083
1787920949.818038,0.655162,-1.623726,1.211452,0.3551,0.3973
1787920949.824455,0.655439,-1.621741,1.212082,0.3400,0.3973
1787920949.830636,0.656440,-1.619898,1.213928,0.3388,0.3973
1787920949.842641,0.656912,-1.617628,1.214779,0.2944,0.3973
1787920949.844491,0.657189,-1.615722,1.215609,0.5116,0.3973
1787920949.851055,0.657919,-1.613717,1.216624,0.4556,0.3973
1787920949.857873,0.658492,-1.611738,1.218305,0.4094,0.3973
1787920949.864162,0.659073,-1.609895,1.219526,0.3786,0.3973
1787920949.870879,0.659715,-1.607832,1.220714,0.3614,0.3973
1787920949.877883,0.660083,-1.605845,1.221968,0.3384,0.3973
1787920949.884201,0.660778,-1.604034,1.223765,0.3290,0.3973
1787920949.891189,0.661362,-1.601949,1.225287,0.3230,0.3973
1787920949.897305,0.661541,-1.599964,1.225908,0.3207,0.3973
1787920949.904994,0.662468,-1.597958,1.228441,0.3104,0.3973
1787920949.910768,0.663328,-1.596166,1.230545,0.3199,0.3973
1787920949.918934,0.663349,-1.593987,1.230977,0.2997,0.3899
1787920949.925247,0.663861,-1.591878,1.232617,0.3124,0.3899
1787920949.930894,0.665058,-1.590201,1.235103,0.3237,0.3899
1787920949.938174,0.665010,-1.587953,1.235421,0.3134,0.3899
1787920949.944735,0.665709,-1.585879,1.237310,0.3195,0.3899
1787920949.950949,0.666795,-1.584010,1.239639,0.3260,0.3899
1787920949.957757,0.667243,-1.581972,1.241166,0.3195,0.3899
1787920949.963909,0.667745,-1.579742,1.242309,0.3345,0.3899
1787920949.971263,0.668453,-1.577924,1.244158,0.3137,0.3899
1787920949.977613,0.668899,-1.575771,1.245177,0.3227,0.3899
1787920949.984690,0.669033,-1.573499,1.246014,0.3190,0.3899
1787920949.990793,0.670053,-1.571738,1.247967,0.3213,0.3899
1787920949.997669,0.670458,-1.569374,1.249194,0.3283,0.3899
1787920950.004300,0.670923,-1.567448,1.250253,0.3191,0.3899
1787920950.011997,0.671153,-1.565161,1.250788,0.3108,0.3824
1787920950.018534,0.672095,-1.563114,1.253377,0.3203,0.3824
1787920950.024459,0.671972,-1.560938,1.253523,0.3270,0.3824
1787920950.031421,0.672899,-1.559029,1.255461,0.3195,0.3824
1787920950.037826,0.673306,-1.556951,1.256560,0.3221,0.3824
1787920950.045648,0.673737,-1.555066,1.257671,0.2993,0.3824
1787920950.050822,0.674347,-1.553081,1.259411,0.3300,0.3824
1787920950.058494,0.674625,-1.550960,1.260013,0.3133,0.3824
1787920950.064968,0.675411,-1.549029,1.261683,0.3156,0.3824
1787920950.071029,0.675700,-1.546822,1.262743,0.3294,0.3824
1787920950.078561,0.676254,-1.544914,1.263871,0.3097,0.3824
1787920950.086655,0.676837,-1.542972,1.265289,0.2919,0.3824
1787920950.090865,0.677112,-1.540850,1.266526,0.3545,0.3824
1787920950.097699,0.677694,-1.539008,1.267995,0.3329,0.3824
1787920950.105452,0.678366,-1.537097,1.270173,0.3114,0.3824
1787920950.110933,0.678732,-1.534942,1.271080,0.3366,0.3824
1787920950.117704,0.679242,-1.533129,1.272142,0.3190,0.3744
1787920950.124357,0.679970,-1.530924,1.274148,0.3280,0.3744
1787920950.131196,0.680045,-1.528893,1.274240,0.3157,0.3744
1787920950.137900,0.680758,-1.527055,1.276323,0.3090,0.3744
1787920950.147547,0.681290,-1.524796,1.277124,0.2883,0.3744
1787920950.151283,0.681795,-1.523098,1.278771,0.3441,0.3744
1787920950.158411,0.682132,-1.520845,1.279870,0.3358,0.3744
1787920950.164027,0.682591,-1.518837,1.281222,0.3448,0.3744
1787920950.171303,0.682989,-1.516870,1.282241,0.3238,0.3744
1787920950.177447,0.683676,-1.514750,1.283978,0.3354,0.3744
1787920950.184315,0.683751,-1.512736,1.284400,0.3201,0.3744
1787920950.191394,0.684403,-1.510848,1.285961,0.3086,0.3744
1787920950.197810,0.684585,-1.508647,1.286803,0.3172,0.3744
1787920950.204156,0.685171,-1.506692,1.288634,0.3185,0.3744
1787920950.211410,0.685561,-1.504550,1.289613,0.3126,0.3744
1787920950.217635,0.686034,-1.502470,1.291185,0.3214,0.3626
1787920950.226343,0.686575,-1.500555,1.292631,0.2936,0.3626
1787920950.233362,0.686801,-1.498446,1.293745,0.2948,0.3626
1787920950.237791,0.687331,-1.496547,1.295228,0.3399,0.3626
1787920950.244136,0.687430,-1.494532,1.296321,0.3309,0.3626
1787920950.251910,0.687961,-1.492545,1.298017,0.3110,0.3626
1787920950.257482,0.688432,-1.490497,1.299638,0.3308,0.3626
1787920950.264526,0.688624,-1.488543,1.300549,0.3139,0.3626
1787920950.270824,0.689312,-1.486612,1.302656,0.3171,0.3626
1787920950.277207,0.689508,-1.484526,1.303754,0.3189,0.3626
1787920950.284985,0.689661,-1.482271,1.304378,0.3087,0.3626
1787920950.291198,0.690529,-1.480509,1.306866,0.3092,0.3626
1787920950.299322,0.690777,-1.478280,1.307562,0.2983,0.3626
1787920950.304483,0.691431,-1.476315,1.309527,0.3290,0.3626
1787920950.312585,0.692103,-1.474357,1.311273,0.3068,0.3461
1787920950.319180,0.692189,-1.472059,1.311550,0.3167,0.3461
1787920950.323983,0.692633,-1.470196,1.313345,0.3413,0.3461
1787920950.332165,0.693157,-1.467933,1.314542,0.3241,0.3461
1787920950.337532,0.693326,-1.466055,1.315975,0.3308,0.3461
1787920950.345140,0.693746,-1.463739,1.316558,0.3241,0.3461
1787920950.353271,0.694509,-1.461732,1.318893,0.3056,0.3461
1787920950.357847,0.694313,-1.459665,1.319202,0.3420,0.3461
1787920950.364943,0.695437,-1.457648,1.321903,0.3337,0.3461
1787920950.371055,0.695430,-1.455476,1.322412,0.3369,0.3461
1787920950.377524,0.695993,-1.453334,1.324310,0.3385,0.3461
1787920950.384445,0.696595,-1.451110,1.326061,0.3368,0.3461
1787920950.390707,0.697148,-1.449101,1.327460,0.3356,0.3461
1787920950.397646,0.697241,-1.446853,1.328160,0.3302,0.3461
1787920950.404772,0.697999,-1.444661,1.330014,0.3284,0.3461
1787920950.410765,0.698117,-1.442668,1.330937,0.3282,0.3461
1787920950.417441,0.698491,-1.440389,1.332062,0.3332,0.3251
1787920950.424824,0.698817,-1.438342,1.333230,0.3172,0.3251
1787920950.431149,0.699242,-1.436257,1.334438,0.3229,0.3251
1787920950.439118,0.699765,-1.434060,1.336209,0.3111,0.3251
1787920950.446335,0.700391,-1.432105,1.337913,0.3028,0.3251
1787920950.454714,0.700639,-1.429717,1.338847,0.2972,0.3251
1787920950.458321,0.700997,-1.427572,1.340173,0.3885,0.3251
1787920950.464153,0.701467,-1.425541,1.341844,0.3792,0.3251
1787920950.470677,0.701838,-1.423190,1.342856,0.3746,0.3251
1787920950.477872,0.702104,-1.421137,1.343966,0.3481,0.3251
1787920950.483819,0.702417,-1.418829,1.345070,0.3607,0.3251
1787920950.491325,0.703277,-1.416471,1.347413,0.3520,0.3251
1787920950.497799,0.703573,-1.414540,1.348475,0.3367,0.3251
1787920950.504454,0.703634,-1.412235,1.349429,0.3376,0.3251
1787920950.511174,0.704410,-1.410104,1.351673,0.3368,0.3108
1787920950.518304,0.704430,-1.408079,1.352112,0.3191,0.3108
1787920950.524564,0.705115,-1.405627,1.354172,0.3452,0.3108
1787920950.533320,0.705508,-1.403488,1.355558,0.3161,0.3108
1787920950.539628,0.705921,-1.401170,1.356783,0.3332,0.3108
1787920950.544839,0.705969,-1.398701,1.356998,0.3727,0.3108
1787920950.551535,0.706704,-1.396547,1.359057,0.3622,0.3108
1787920950.558128,0.706738,-1.394531,1.359778,0.3435,0.3108
1787920950.564451,0.707116,-1.392090,1.360837,0.3575,0.3108
1787920950.571467,0.707540,-1.389851,1.361763,0.3477,0.3108
1787920950.579407,0.707752,-1.387504,1.362475,0.3318,0.3108
1787920950.584735,0.707963,-1.385292,1.363311,0.3566,0.3108
1787920950.590789,0.708053,-1.383109,1.363635,0.3564,0.3108
1787920950.598072,0.708207,-1.380662,1.364149,0.3494,0.3108
1787920950.604331,0.708726,-1.378637,1.365473,0.3447,0.3108
1787920950.610991,0.708765,-1.376528,1.365839,0.3347,0.3108
1787920950.617754,0.709269,-1.374245,1.367197,0.3379,0.2960
1787920950.624150,0.709547,-1.372089,1.367849,0.3382,0.2960
1787920950.630805,0.709940,-1.369926,1.369257,0.3359,0.2960
1787920950.637618,0.709960,-1.367694,1.369559,0.3316,0.2960
1787920950.644394,0.710081,-1.365457,1.370254,0.3302,0.2960
1787920950.651088,0.710521,-1.363325,1.371751,0.3287,0.2960
1787920950.659848,0.710727,-1.361004,1.372761,0.3094,0.2960
1787920950.664390,0.711106,-1.359119,1.374282,0.3436,0.2960
1787920950.670903,0.711274,-1.356775,1.374985,0.3479,0.2960
1787920950.678121,0.711759,-1.354642,1.376718,0.3344,0.2960
1787920950.684144,0.712214,-1.352314,1.377840,0.3523,0.2960
1787920950.691242,0.712200,-1.350078,1.378545,0.3392,0.2960
1787920950.697729,0.712786,-1.347900,1.379822,0.3415,0.2960
1787920950.704480,0.713483,-1.345632,1.381663,0.3439,0.2960
1787920950.711505,0.713518,-1.343307,1.382249,0.3385,0.2960
1787920950.717813,0.713873,-1.341319,1.383276,0.3330,0.2842
1787920950.724291,0.714337,-1.338979,1.384656,0.3436,0.2842
1787920950.730647,0.714442,-1.336718,1.385090,0.3463,0.2842
1787920950.738551,0.715165,-1.334632,1.386681,0.3253,0.2842
1787920950.745288,0.715465,-1.332110,1.387756,0.3405,0.2842
1787920950.751585,0.715362,-1.330238,1.387909,0.3252,0.2842
1787920950.757789,0.717576,-1.327870,1.390496,0.3595,0.2842
1787920950.763844,0.717551,-1.325558,1.390700,0.3641,0.2842
1787920950.771214,0.717688,-1.323394,1.390628,0.3425,0.2842
1787920950.777813,0.718568,-1.321176,1.392528,0.3461,0.2842
1787920950.785747,0.718216,-1.318795,1.392290,0.3285,0.2842
1787920950.790890,0.718922,-1.316798,1.393390,0.3519,0.2842
1787920950.797278,0.719156,-1.314599,1.394481,0.3499,0.2842
1787920950.804914,0.719456,-1.312306,1.394518,0.3357,0.2842
1787920950.811064,0.719627,-1.310332,1.395616,0.3313,0.2842
1787920950.817505,0.720381,-1.307929,1.396873,0.3482,0.2866
1787920950.824185,0.720261,-1.305905,1.397163,0.3323,0.2866
1787920950.831407,0.720310,-1.303739,1.397365,0.3216,0.2866
1787920950.837778,0.721014,-1.301493,1.399463,0.3350,0.2866
1787920950.846844,0.721113,-1.299396,1.399360,0.3034,0.2866
1787920950.851274,0.721184,-1.297029,1.400263,0.3712,0.2866
1787920950.857567,0.722027,-1.294802,1.401517,0.3713,0.2866
1787920950.866281,0.721940,-1.292832,1.402308,0.3262,0.2866
1787920950.870707,0.722285,-1.290360,1.402710,0.3975,0.2866
1787920950.878319,0.722607,-1.288334,1.404079,0.3591,0.2866
1787920950.884570,0.722710,-1.285989,1.404149,0.3631,0.2866
1787920950.890947,0.723473,-1.283883,1.406576,0.3578,0.2866
1787920950.897962,0.722953,-1.281450,1.405739,0.3494,0.2866
1787920950.904482,0.723448,-1.279307,1.407106,0.3456,0.2866
1787920950.910906,0.724061,-1.277082,1.408565,0.3491,0.2866
1787920950.918262,0.723913,-1.275005,1.408649,0.3270,0.2771
1787920950.924174,0.724059,-1.272562,1.409136,0.3525,0.2771
1787920950.930928,0.725044,-1.270493,1.411299,0.3444,0.2771
1787920950.937619,0.724813,-1.268269,1.411022,0.3379,0.2771
1787920950.944113,0.725038,-1.266075,1.411983,0.3383,0.2771
1787920950.951013,0.725708,-1.263860,1.413443,0.3364,0.2771
1787920950.957854,0.725662,-1.261718,1.413607,0.3280,0.2771
1787920950.966728,0.725702,-1.259479,1.413622,0.3046,0.2771
1787920950.971129,0.726166,-1.257274,1.414935,0.3666,0.2771
1787920950.977715,0.726401,-1.255159,1.415349,0.3534,0.2771
1787920950.984325,0.726785,-1.253033,1.416612,0.3455,0.2771
1787920950.991697,0.726616,-1.250848,1.416140,0.3286,0.2771
1787920950.997373,0.726714,-1.248652,1.416717,0.3455,0.2771
1787920951.004373,0.727421,-1.246563,1.418454,0.3350,0.2771
1787920951.011437,0.727214,-1.244363,1.418164,0.3254,0.2771
1787920951.017518,0.727325,-1.242149,1.418494,0.3366,0.2732
1787920951.025070,0.727710,-1.240005,1.419621,0.3221,0.2732
1787920951.030608,0.727309,-1.237979,1.419597,0.3307,0.2732
1787920951.038548,0.727910,-1.235948,1.420935,0.3108,0.2732
1787920951.045330,0.728039,-1.233566,1.421413,0.3226,0.2732
1787920951.051956,0.728387,-1.231500,1.422440,0.3206,0.2732
1787920951.057895,0.728056,-1.229262,1.422240,0.3338,0.2732
1787920951.064392,0.728984,-1.227048,1.424242,0.3411,0.2732
1787920951.071981,0.728507,-1.224704,1.423475,0.3276,0.2732
1787920951.077810,0.729278,-1.222599,1.425081,0.3423,0.2732
1787920951.085578,0.728926,-1.220252,1.425700,0.3273,0.2732
1787920951.091468,0.729513,-1.218173,1.426635,0.3382,0.2732
1787920951.097832,0.729514,-1.215705,1.427054,0.3519,0.2732
1787920951.105135,0.729563,-1.213391,1.427441,0.3407,0.2732
1787920951.110866,0.729936,-1.211336,1.428902,0.3477,0.2732
1787920951.117963,0.730022,-1.208761,1.429218,0.3517,0.2679
1787920951.124074,0.729910,-1.206742,1.429562,0.3435,0.2679
1787920951.130658,0.730740,-1.204551,1.431636,0.3446,0.2679
1787920951.138455,0.730534,-1.202126,1.431653,0.3325,0.2679
1787920951.144828,0.730748,-1.200073,1.432349,0.3299,0.2679
1787920951.150844,0.731020,-1.197963,1.433486,0.3370,0.2679
1787920951.157677,0.730539,-1.195682,1.433246,0.3322,0.2679
1787920951.164438,0.730649,-1.193787,1.434188,0.3165,0.2679
1787920951.171831,0.730814,-1.191432,1.434508,0.3172,0.2679
1787920951.177733,0.730482,-1.189335,1.434919,0.3253,0.2679
1787920951.187071,0.730796,-1.187156,1.435893,0.2984,0.2679
1787920951.190954,0.730800,-1.185050,1.436494,0.3702,0.2679
1787920951.197718,0.730686,-1.182962,1.437013,0.3503,0.2679
1787920951.204484,0.730823,-1.180793,1.437921,0.3413,0.2679
1787920951.210878,0.730855,-1.178612,1.438694,0.3405,0.2679
1787920951.218222,0.730917,-1.176222,1.439024,0.3355,0.2504
1787920951.225439,0.731389,-1.174189,1.440665,0.3212,0.2504
1787920951.230828,0.731292,-1.172121,1.441160,0.3383,0.2504
1787920951.238410,0.731876,-1.169726,1.442690,0.3338,0.2504
1787920951.244595,0.731908,-1.167566,1.442987,0.3377,0.2504
1787920951.251460,0.731911,-1.165243,1.443616,0.3371,0.2504
1787920951.257616,0.732445,-1.163064,1.445195,0.3446,0.2504
1787920951.264825,0.732294,-1.160743,1.445201,0.3363,0.2504
1787920951.273976,0.732185,-1.158321,1.445462,0.3137,0.2504
1787920951.277899,0.732770,-1.156117,1.446771,0.3924,0.2504
1787920951.283863,0.732543,-1.153989,1.447048,0.3795,0.2504
1787920951.290839,0.732810,-1.151552,1.447546,0.3711,0.2504
1787920951.297911,0.733271,-1.149149,1.449321,0.3633,0.2504
1787920951.303998,0.733230,-1.146997,1.449280,0.3594,0.2504
1787920951.310830,0.733504,-1.144745,1.450660,0.3511,0.2504
1787920951.318887,0.733743,-1.142455,1.451052,0.3315,0.2395
1787920951.323852,0.733490,-1.140114,1.451010,0.3707,0.2395
1787920951.331890,0.734160,-1.137964,1.452738,0.3421,0.2395
1787920951.338450,0.734115,-1.135661,1.452878,0.3438,0.2395
1787920951.344843,0.734091,-1.133224,1.453167,0.3541,0.2395
1787920951.352868,0.734678,-1.131167,1.454320,0.3268,0.2395
1787920951.358840,0.734397,-1.128830,1.454403,0.3437,0.2395
1787920951.363952,0.734779,-1.126686,1.455383,0.3682,0.2395
1787920951.371118,0.735020,-1.124406,1.455971,0.3537,0.2395
1787920951.379158,0.734989,-1.122043,1.456402,0.3351,0.2395
1787920951.384812,0.735265,-1.120091,1.457547,0.3391,0.2395
1787920951.390782,0.735245,-1.117437,1.457448,0.3698,0.2395
1787920951.398100,0.735421,-1.115506,1.458346,0.3383,0.2395
1787920951.404328,0.735851,-1.113066,1.459008,0.3559,0.2395
1787920951.411026,0.735770,-1.110889,1.459592,0.3457,0.2395
1787920951.418695,0.735745,-1.108507,1.460020,0.3345,0.2313
1787920951.424662,0.736402,-1.106245,1.461567,0.3508,0.2313
1787920951.430501,0.736069,-1.103856,1.461407,0.3657,0.2313
1787920951.437890,0.736236,-1.101579,1.462138,0.3486,0.2313
1787920951.445925,0.736575,-1.099143,1.463022,0.3358,0.2313
1787920951.450905,0.736535,-1.096885,1.463285,0.3700,0.2313
1787920951.458099,0.737006,-1.094452,1.464636,0.3620,0.2313
1787920951.464498,0.737227,-1.092131,1.465527,0.3627,0.2313
1787920951.470957,0.736875,-1.089702,1.464968,0.3643,0.2313
1787920951.478713,0.737619,-1.087186,1.466895,0.3548,0.2313
1787920951.484060,0.737459,-1.084708,1.466934,0.3857,0.2313
1787920951.492586,0.738015,-1.082551,1.468465,0.3475,0.2313
1787920951.498393,0.737979,-1.079880,1.468279,0.3803,0.2313
1787920951.504400,0.738042,-1.077600,1.469111,0.3798,0.2313
1787920951.510773,0.738109,-1.075053,1.469281,0.3855,0.2313
1787920951.518253,0.738448,-1.072520,1.470635,0.3723,0.2237
1787920951.523858,0.738325,-1.070278,1.470802,0.3793,0.2237
1787920951.531183,0.738603,-1.067727,1.471678,0.3706,0.2237
1787920951.537832,0.738723,-1.065340,1.472725,0.3672,0.2237
1787920951.545572,0.739132,-1.063121,1.473304,0.3442,0.2237
1787920951.551270,0.738958,-1.060499,1.473548,0.3774,0.2237
1787920951.558064,0.739059,-1.058270,1.473840,0.3626,0.2237
1787920951.565081,0.739201,-1.056068,1.474750,0.3481,0.2237
1787920951.571360,0.739388,-1.053540,1.474662,0.3648,0.2237
1787920951.577569,0.739058,-1.051116,1.474614,0.3704,0.2237
1787920951.585049,0.739377,-1.048784,1.475318,0.3536,0.2237
1787920951.590945,0.739216,-1.046394,1.475653,0.3678,0.2237
1787920951.599160,0.739456,-1.044242,1.476118,0.3365,0.2237
1787920951.604495,0.739532,-1.041733,1.476762,0.3764,0.2237
1787920951.610966,0.739203,-1.039354,1.476514,0.3718,0.2237
1787920951.617125,0.739578,-1.037339,1.477319,0.3598,0.2179
1787920951.624960,0.739730,-1.034791,1.478269,0.3495,0.2179
1787920951.632317,0.739503,-1.032438,1.478263,0.3393,0.2179
1787920951.638280,0.739757,-1.030041,1.479229,0.3588,0.2179
1787920951.644725,0.739577,-1.027650,1.479296,0.3612,0.2179
1787920951.650751,0.740015,-1.025154,1.480573,0.3786,0.2179
1787920951.659708,0.739960,-1.022973,1.481107,0.3376,0.2179
1787920951.666015,0.739846,-1.020530,1.481727,0.3516,0.2179
1787920951.671474,0.740600,-1.018053,1.483516,0.3853,0.2179
1787920951.677835,0.740090,-1.015506,1.482659,0.3873,0.2179
1787920951.685314,0.740219,-1.013139,1.483621,0.3661,0.2179
1787920951.690765,0.741005,-1.010968,1.485065,0.3791,0.2179
1787920951.697694,0.740623,-1.008379,1.484923,0.3756,0.2179
1787920951.705659,0.740995,-1.006204,1.486003,0.3457,0.2179
1787920951.711702,0.741031,-1.003626,1.486448,0.3697,0.2365
1787920951.717734,0.741153,-1.001129,1.486980,0.3830,0.2365
1787920951.724066,0.741525,-0.999024,1.488005,0.3690,0.2365
1787920951.731095,0.741604,-0.996595,1.488389,0.3619,0.2365
1787920951.737884,0.741788,-0.994249,1.489134,0.3573,0.2365
1787920951.745350,0.742125,-0.991726,1.489779,0.3522,0.2365
1787920951.753078,0.742047,-0.989570,1.490411,0.3297,0.2365
1787920951.757542,0.742082,-0.987124,1.490096,0.3949,0.2365
1787920951.764452,0.742322,-0.984882,1.490623,0.3743,0.2365
1787920951.771361,0.742476,-0.982471,1.491115,0.3669,0.2365
1787920951.777565,0.742291,-0.980134,1.491022,0.3687,0.2365
1787920951.787927,0.742556,-0.977836,1.491378,0.3251,0.2365
1787920951.793922,0.742536,-0.975414,1.491984,0.3483,0.2365
1787920951.797448,0.742741,-0.973109,1.492010,0.4407,0.2365
1787920951.804607,0.742746,-0.970844,1.492050,0.4031,0.2365
1787920951.811082,0.743090,-0.968410,1.492576,0.3958,0.2365
1787920951.817906,0.743335,-0.966183,1.493183,0.3755,0.2395
1787920951.824164,0.742685,-0.963611,1.491750,0.3833,0.2395
1787920951.830907,0.743276,-0.961294,1.493378,0.3732,0.2395
1787920951.838112,0.743361,-0.959004,1.493462,0.3565,0.2395
1787920951.843846,0.743260,-0.956487,1.493400,0.3805,0.2395
1787920951.851660,0.743572,-0.954015,1.494535,0.3619,0.2395
1787920951.857864,0.743899,-0.951769,1.495193,0.3628,0.2395
1787920951.865178,0.743531,-0.949215,1.494559,0.3573,0.2395
1787920951.871269,0.744122,-0.946823,1.495860,0.3698,0.2395
1787920951.877501,0.743989,-0.944441,1.496149,0.3727,0.2395
1787920951.884120,0.744390,-0.941952,1.497312,0.3747,0.2395
1787920951.891033,0.744279,-0.939760,1.497245,0.3568,0.2395
1787920951.897924,0.744332,-0.937205,1.497702,0.3609,0.2395
1787920951.904724,0.744521,-0.934889,1.498110,0.3551,0.2395
1787920951.910858,0.744759,-0.932648,1.498988,0.3588,0.2395
1787920951.917836,0.744496,-0.930198,1.498867,0.3554,0.2477
1787920951.924396,0.744807,-0.927644,1.499596,0.3663,0.2477
1787920951.931100,0.743588,-0.925654,1.498741,0.3413,0.2477
1787920951.938453,0.743818,-0.923151,1.499228,0.3414,0.2477
1787920951.944307,0.743995,-0.920750,1.499780,0.3624,0.2477
1787920951.950673,0.743763,-0.918451,1.499318,0.3609,0.2477
1787920951.958591,0.743890,-0.916137,1.500008,0.3405,0.2477
1787920951.966995,0.744004,-0.913809,1.500697,0.3215,0.2477
1787920951.971359,0.743841,-0.911494,1.500241,0.3830,0.2477
1787920951.977890,0.744249,-0.908955,1.501527,0.3858,0.2477
1787920951.984454,0.743937,-0.906897,1.501244,0.3629,0.2477
1787920951.993498,0.744295,-0.904359,1.502280,0.3388,0.2477
1787920951.998030,0.744174,-0.902016,1.502753,0.3914,0.2477
1787920952.004794,0.743990,-0.899772,1.502399,0.3727,0.2477
1787920952.011660,0.744408,-0.897326,1.504071,0.3688,0.2856
1787920952.017913,0.743891,-0.894875,1.504166,0.3738,0.2856
1787920952.024939,0.743856,-0.892386,1.503770,0.3676,0.2856
1787920952.031896,0.743983,-0.889832,1.504800,0.3676,0.2856
1787920952.039767,0.744004,-0.887430,1.505143,0.3487,0.2856
1787920952.044242,0.743986,-0.884929,1.505755,0.4113,0.2856
1787920952.051197,0.743844,-0.882396,1.505547,0.3966,0.2856
1787920952.060146,0.743736,-0.880017,1.506010,0.3569,0.2856
1787920952.064421,0.743934,-0.877647,1.506971,0.4167,0.2856
1787920952.070918,0.743446,-0.875038,1.506395,0.4105,0.2856
1787920952.077618,0.743681,-0.872737,1.507225,0.3908,0.2856
1787920952.086730,0.743681,-0.870203,1.507878,0.3568,0.2856
1787920952.093107,0.743486,-0.867872,1.508150,0.3587,0.2856
1787920952.098379,0.743340,-0.865474,1.507949,0.3867,0.2856
1787920952.104825,0.743284,-0.863124,1.508567,0.3797,0.2856
1787920952.110686,0.743492,-0.860737,1.508839,0.3884,0.2856
1787920952.117701,0.743468,-0.858491,1.509793,0.3677,0.2861
1787920952.125320,0.743270,-0.856182,1.510141,0.3476,0.2861
1787920952.131719,0.743538,-0.853903,1.511276,0.3508,0.2861
1787920952.137693,0.743219,-0.851577,1.511322,0.3612,0.2861
1787920952.143818,0.743408,-0.849199,1.512677,0.3697,0.2861
1787920952.152390,0.743581,-0.847037,1.513795,0.3346,0.2861
1787920952.158050,0.743291,-0.844606,1.514043,0.3620,0.2861
1787920952.164459,0.743348,-0.842439,1.514912,0.3548,0.2861
1787920952.171972,0.743651,-0.840020,1.516557,0.3455,0.2861
1787920952.178158,0.743624,-0.837865,1.517358,0.3461,0.2861
1787920952.184654,0.743699,-0.835367,1.518371,0.3577,0.2861
1787920952.191060,0.743906,-0.832889,1.519867,0.3668,0.2861
1787920952.197952,0.743628,-0.830532,1.519385,0.3586,0.2861
1787920952.204300,0.743845,-0.828072,1.521139,0.3676,0.2861
1787920952.210726,0.743930,-0.825760,1.521829,0.3654,0.2861
1787920952.217877,0.743775,-0.823405,1.522508,0.3541,0.2836
1787920952.225089,0.743895,-0.820879,1.523550,0.3531,0.2836
1787920952.230564,0.743830,-0.818533,1.524186,0.3754,0.2836
1787920952.237914,0.743758,-0.815951,1.524880,0.3679,0.2836
1787920952.243965,0.743882,-0.813553,1.525794,0.3766,0.2836
1787920952.252189,0.743795,-0.811156,1.526800,0.3508,0.2836
1787920952.258085,0.743631,-0.808609,1.527069,0.3746,0.2836
1787920952.265097,0.743744,-0.806419,1.528483,0.3561,0.2836
1787920952.270818,0.743803,-0.803750,1.529310,0.3892,0.2836
1787920952.277853,0.743730,-0.801344,1.530000,0.3749,0.2836
1787920952.284017,0.743858,-0.799104,1.531280,0.3716,0.2836
1787920952.290998,0.743496,-0.796597,1.531269,0.3672,0.2836
1787920952.299256,0.743840,-0.794318,1.533012,0.3402,0.2836
1787920952.305185,0.743513,-0.791857,1.533342,0.3620,0.2836
1787920952.310606,0.743074,-0.789567,1.533809,0.3791,0.2836
1787920952.317692,0.743683,-0.787305,1.535682,0.3620,0.2822
1787920952.324178,0.743314,-0.784959,1.535849,0.3612,0.2822
1787920952.331101,0.742949,-0.782608,1.536169,0.3542,0.2822
1787920952.337321,0.743636,-0.780368,1.538565,0.3570,0.2822
1787920952.344835,0.743234,-0.777718,1.538397,0.3551,0.2822
1787920952.350733,0.743451,-0.775354,1.540082,0.3691,0.2822
1787920952.357743,0.742919,-0.773023,1.540268,0.3574,0.2822
1787920952.364070,0.743126,-0.770557,1.541780,0.3673,0.2822
1787920952.370785,0.743439,-0.768245,1.543214,0.3608,0.2822
1787920952.377764,0.742709,-0.765695,1.542949,0.3612,0.2822
1787920952.384261,0.741569,-0.762657,1.542062,0.3916,0.2822
1787920952.391051,0.741618,-0.760181,1.543527,0.3835,0.2822
1787920952.400549,0.741339,-0.757610,1.543935,0.3494,0.2822
1787920952.404633,0.741177,-0.755038,1.544705,0.4331,0.2822
1787920952.411458,0.741000,-0.752475,1.545456,0.4156,0.2712
1787920952.417861,0.740921,-0.750063,1.546123,0.4038,0.2712
1787920952.424577,0.741115,-0.747770,1.547935,0.3853,0.2712
1787920952.430679,0.740886,-0.745089,1.548191,0.4012,0.2712
1787920952.437767,0.740995,-0.742698,1.549298,0.3821,0.2712
1787920952.443917,0.740783,-0.740282,1.550099,0.3851,0.2712
1787920952.451764,0.740768,-0.737610,1.550897,0.3717,0.2712
1787920952.457357,0.740532,-0.735048,1.552509,0.3974,0.2712
1787920952.464567,0.740183,-0.732642,1.552553,0.3780,0.2712
1787920952.471529,0.740239,-0.730033,1.553255,0.3770,0.2712
1787920952.479150,0.739823,-0.727768,1.553697,0.3528,0.2712
1787920952.485255,0.739866,-0.725175,1.554568,0.3744,0.2712
1787920952.490785,0.741445,-0.722622,1.556615,0.4018,0.2712
1787920952.497867,0.740818,-0.720112,1.556374,0.3872,0.2712
1787920952.505952,0.741140,-0.717420,1.556678,0.3711,0.2712
1787920952.511982,0.741373,-0.715252,1.558035,0.3678,0.4581
1787920952.517856,0.741003,-0.712642,1.558198,0.3905,0.4581
1787920952.524206,0.740809,-0.710424,1.558934,0.3780,0.4581
1787920952.530749,0.740610,-0.707984,1.559377,0.3764,0.4581
1787920952.540323,0.740592,-0.705607,1.560800,0.3379,0.4581
1787920952.547888,0.740346,-0.703240,1.561416,0.3303,0.4581
1787920952.552685,0.740219,-0.700641,1.562265,0.3937,0.4581
1787920952.557556,0.740356,-0.698487,1.563875,0.4083,0.4581
1787920952.564512,0.739665,-0.695661,1.563899,0.4075,0.4581
1787920952.571801,0.740031,-0.693561,1.566005,0.3717,0.4581
1787920952.577940,0.739527,-0.690977,1.566276,0.3864,0.4581
1787920952.584690,0.739658,-0.688429,1.567488,0.3837,0.4581
1787920952.592100,0.739384,-0.686141,1.568140,0.3612,0.4581
1787920952.598004,0.739781,-0.684341,1.570740,0.3443,0.4581
1787920952.615841,0.739353,-0.681742,1.570497,0.2847,0.4610
1787920952.620458,0.739336,-0.679471,1.571543,0.3469,0.4610
1787920952.623024,0.738873,-0.677014,1.571840,0.5302,0.4610
1787920952.624943,0.738814,-0.674520,1.572889,0.7610,0.4610
1787920952.630887,0.738566,-0.672267,1.573702,0.6465,0.4610
1787920952.637541,0.738570,-0.669739,1.575299,0.5665,0.4610
1787920952.645725,0.738634,-0.667474,1.576786,0.4796,0.4610
1787920952.655052,0.738300,-0.664710,1.577437,0.4246,0.4610
1787920952.658179,0.738785,-0.662546,1.580032,0.5045,0.4610
1787920952.664031,0.738589,-0.659977,1.581403,0.4849,0.4610
1787920952.671147,0.738713,-0.657433,1.583789,0.4466,0.4610
1787920952.677989,0.739036,-0.655280,1.586404,0.4068,0.4610
1787920952.684434,0.739103,-0.652717,1.589596,0.4040,0.4610
1787920952.691148,0.738841,-0.650474,1.591260,0.3832,0.4610
1787920952.698449,0.738916,-0.648118,1.593523,0.3650,0.4610
1787920952.707815,0.739276,-0.645822,1.597260,0.3287,0.4610
1787920952.711196,0.738876,-0.643616,1.598775,0.4267,0.4546
1787920952.717734,0.738978,-0.641135,1.601524,0.4123,0.4546
1787920952.724280,0.739127,-0.638856,1.603789,0.3928,0.4546
1787920952.731373,0.738746,-0.636382,1.605715,0.3801,0.4546
1787920952.737868,0.739100,-0.634341,1.608723,0.3596,0.4546
1787920952.744540,0.738698,-0.631850,1.610524,0.3644,0.4546
1787920952.752220,0.738303,-0.629643,1.612093,0.3418,0.4546
1787920952.757403,0.738468,-0.627205,1.614429,0.3799,0.4546
1787920952.824638,0.737839,-0.625080,1.616005,0.2755,0.4494
1787920952.825969,0.737400,-0.622732,1.617294,0.7258,0.4494
1787920952.827390,0.737233,-0.620404,1.619163,1.0008,0.4494
1787920952.829639,0.736863,-0.618313,1.621326,0.9817,0.4494
1787920952.830538,0.736352,-0.615957,1.622736,1.4812,0.4494
1787920952.831343,0.735920,-0.613657,1.624279,1.9012,0.4494
1787920952.832211,0.735790,-0.611495,1.626630,2.0796,0.4494
1787920952.833944,0.735058,-0.609239,1.627388,1.8529,0.4494
1787920952.835063,0.735094,-0.607185,1.629571,1.8459,0.4494
1787920952.835831,0.734359,-0.604822,1.630848,2.2315,0.4494
1787920952.836744,0.734333,-0.602683,1.633080,2.2637,0.4494
1787920952.838445,0.733763,-0.600541,1.635090,1.9681,0.4494
1787920952.844177,0.733361,-0.598409,1.636846,1.4903,0.4494
1787920952.851397,0.732904,-0.596321,1.638758,1.1311,0.4494
1787920952.857408,0.733160,-0.594062,1.641959,0.9033,0.4494
1787920952.864859,0.732539,-0.592249,1.643014,0.7069,0.4494
1787920952.871150,0.731889,-0.589720,1.644538,0.6174,0.4494
1787920952.879046,0.731923,-0.587691,1.647029,0.5090,0.4494
1787920952.884298,0.731351,-0.585472,1.648934,0.4852,0.4494
1787920952.891068,0.731460,-0.583244,1.651369,0.4377,0.4494
1787920952.899924,0.730997,-0.581277,1.653821,0.3740,0.4494
1787920952.905591,0.730388,-0.578989,1.654972,0.3852,0.4494
1787920952.912716,0.730419,-0.576940,1.657635,0.3555,0.5047
1787920952.917871,0.729978,-0.574666,1.659626,0.3829,0.5047
1787920952.926320,0.729674,-0.572390,1.661632,0.3495,0.5047
1787920952.931110,0.729370,-0.570252,1.663777,0.3797,0.5047
1787920952.939430,0.729073,-0.568016,1.665601,0.3471,0.5047
1787920952.944396,0.728479,-0.565900,1.667164,0.3737,0.5047
1787920952.951120,0.727934,-0.563593,1.669120,0.3664,0.5047
1787920952.958283,0.727703,-0.561366,1.671180,0.3502,0.5047
1787920952.964322,0.727331,-0.559131,1.672917,0.3575,0.5047
1787920952.971186,0.727031,-0.556815,1.675050,0.3523,0.5047
1787920952.977888,0.726601,-0.554703,1.676419,0.3426,0.5047
1787920952.984396,0.726108,-0.552503,1.678195,0.3431,0.5047
1787920952.991555,0.725445,-0.550462,1.678966,0.3282,0.5047
1787920952.997756,0.725026,-0.548245,1.680333,0.3386,0.5047
1787920953.005268,0.724367,-0.545877,1.681279,0.3339,0.5047
1787920953.011109,0.724309,-0.543924,1.683662,0.3337,0.5047
1787920953.017677,0.723672,-0.541717,1.684738,0.3371,0.4947
1787920953.024396,0.722978,-0.539708,1.686082,0.3286,0.4947
1787920953.031516,0.722659,-0.537499,1.687953,0.3241,0.4947
1787920953.038279,0.722226,-0.535295,1.690321,0.3262,0.4947
1787920953.044452,0.721824,-0.533249,1.692071,0.3294,0.4947
1787920953.050998,0.721352,-0.531095,1.694265,0.3312,0.4947
1787920953.057309,0.720970,-0.529098,1.696195,0.3283,0.4947
1787920953.065094,0.720451,-0.526952,1.698278,0.3144,0.4947
1787920953.071143,0.720058,-0.524814,1.700535,0.3277,0.4947
1787920953.077940,0.719365,-0.522748,1.702532,0.3238,0.4947
1787920953.084304,0.719108,-0.520553,1.705865,0.3308,0.4947
1787920953.090848,0.718921,-0.518495,1.708395,0.3262,0.4947
1787920953.101072,0.718180,-0.516565,1.711057,0.2875,0.4947
1787920953.104854,0.718086,-0.514578,1.713952,0.3583,0.4947
1787920953.110952,0.717726,-0.512328,1.716621,0.3629,0.4947
1787920953.117903,0.717271,-0.510342,1.719031,0.3417,0.4710
1787920953.124338,0.717359,-0.508348,1.722227,0.3305,0.4710
1787920953.132057,0.716500,-0.506253,1.724073,0.3169,0.4710
1787920953.137934,0.716359,-0.504459,1.727315,0.3134,0.4710
1787920953.145871,0.715497,-0.502161,1.728862,0.3103,0.4710
1787920953.150883,0.715013,-0.500240,1.731077,0.3353,0.4710
1787920953.157690,0.714814,-0.498140,1.734022,0.3275,0.4710
1787920953.164642,0.714142,-0.496058,1.736561,0.3226,0.4710
1787920953.172513,0.713770,-0.493970,1.738897,0.3067,0.4710
1787920953.177474,0.713481,-0.491902,1.741617,0.3409,0.4710
1787920953.187039,0.712814,-0.490146,1.743512,0.2965,0.4710
1787920953.190838,0.712467,-0.487754,1.746063,0.3984,0.4710
1787920953.198322,0.712084,-0.485965,1.748389,0.3521,0.4710
1787920953.206263,0.711007,-0.483915,1.750000,0.3299,0.4710
1787920953.210908,0.711300,-0.481654,1.753837,0.3711,0.4710
1787920953.220753,0.710555,-0.479702,1.755818,0.3224,0.5081
1787920953.225203,0.710107,-0.477451,1.758914,0.3804,0.5081
1787920953.233289,0.709511,-0.475667,1.760868,0.3355,0.5081
1787920953.238707,0.708931,-0.473448,1.763085,0.3616,0.5081
1787920953.244174,0.708318,-0.471400,1.765324,0.3698,0.5081
1787920953.251332,0.707638,-0.469368,1.767102,0.3480,0.5081
1787920953.257787,0.707149,-0.467249,1.769755,0.3446,0.5081
1787920953.264125,0.706704,-0.465178,1.772397,0.3415,0.5081
1787920953.270947,0.705884,-0.463130,1.774235,0.3346,0.5081
1787920953.278145,0.705450,-0.461071,1.776552,0.3219,0.5081
1787920953.284377,0.705210,-0.459051,1.779293,0.3228,0.5081
1787920953.291325,0.704193,-0.456870,1.780824,0.3272,0.5081
1787920953.298257,0.703871,-0.454928,1.782918,0.3142,0.5081
1787920953.305187,0.703298,-0.452591,1.784864,0.3241,0.5081
1787920953.311137,0.702527,-0.450953,1.787226,0.3158,0.5081
1787920953.317691,0.702393,-0.448976,1.789952,0.3107,0.4816
1787920953.324975,0.701459,-0.446851,1.791582,0.3113,0.4816
1787920953.331189,0.701239,-0.445040,1.794402,0.3055,0.4816
1787920953.338150,0.700827,-0.442763,1.797287,0.3135,0.4816
1787920953.344308,0.700109,-0.440872,1.799373,0.3171,0.4816
1787920953.351532,0.699494,-0.438775,1.801591,0.3126,0.4816
1787920953.357508,0.698985,-0.436552,1.803672,0.3333,0.4816
1787920953.364133,0.698389,-0.434794,1.806420,0.3170,0.4816
1787920953.371203,0.697796,-0.432251,1.807971,0.3327,0.4816
1787920953.377574,0.697317,-0.430661,1.810846,0.3110,0.4816
1787920953.384372,0.696476,-0.428326,1.812589,0.3266,0.4816
1787920953.391165,0.696158,-0.426394,1.815989,0.3148,0.4816
1787920953.397576,0.695211,-0.424366,1.817944,0.3232,0.4816
1787920953.404189,0.694952,-0.422263,1.820996,0.3216,0.4816
1787920953.410908,0.694329,-0.420141,1.823985,0.3238,0.4816
1787920953.417738,0.693386,-0.418113,1.825606,0.3233,0.5469
1787920953.424666,0.692965,-0.416134,1.828270,0.3138,0.5469
1787920953.431248,0.691774,-0.413927,1.829535,0.3308,0.5469
1787920953.438358,0.691126,-0.412028,1.832050,0.3160,0.5469
1787920953.444286,0.690834,-0.410001,1.834724,0.3241,0.5469
1787920953.451084,0.689605,-0.408088,1.836053,0.3226,0.5469
1787920953.457599,0.688893,-0.406078,1.838766,0.3238,0.5469
1787920953.465746,0.688137,-0.404175,1.841195,0.3016,0.5469
1787920953.471936,0.687513,-0.402159,1.843624,0.3133,0.5469
1787920953.477421,0.686583,-0.400315,1.845125,0.3302,0.5469
1787920953.484008,0.685917,-0.398179,1.847533,0.3330,0.5469
1787920953.493745,0.684568,-0.396697,1.847866,0.2884,0.5469
1787920953.497514,0.684248,-0.394651,1.850422,0.3655,0.5469
1787920953.505309,0.683086,-0.392992,1.851819,0.3296,0.5469
1787920953.510746,0.682393,-0.391151,1.853615,0.3390,0.5469
1787920953.517321,0.682039,-0.389108,1.856731,0.3312,0.5351
1787920953.526644,0.680645,-0.387451,1.857762,0.2957,0.5351
1787920953.531014,0.680582,-0.385574,1.861674,0.3317,0.5351
1787920953.538056,0.679378,-0.383611,1.862697,0.3270,0.5351
1787920953.545300,0.678580,-0.381948,1.865226,0.3044,0.5351
1787920953.551002,0.677765,-0.379785,1.867359,0.3345,0.5351
1787920953.557697,0.677550,-0.378180,1.871011,0.3057,0.5351
1787920953.564820,0.676443,-0.376081,1.873126,0.3122,0.5351
1787920953.571742,0.675989,-0.374218,1.876538,0.3015,0.5351
1787920953.579880,0.675018,-0.372063,1.878940,0.2976,0.5351
1787920953.584216,0.674196,-0.370107,1.881840,0.3545,0.5351
1787920953.591347,0.673655,-0.368349,1.885393,0.3256,0.5351
1787920953.597969,0.672734,-0.365886,1.888107,0.3469,0.5351
1787920953.607900,0.672537,-0.363979,1.892207,0.2994,0.5351
1787920953.611617,0.671449,-0.362150,1.894852,0.3775,0.5351
1787920953.617295,0.670703,-0.359930,1.897333,0.3880,0.5032
1787920953.624288,0.669913,-0.358162,1.900724,0.3543,0.5032
1787920953.631159,0.669242,-0.355997,1.903173,0.3469,0.5032
1787920953.637414,0.668223,-0.354022,1.905952,0.3484,0.5032
1787920953.644373,0.667581,-0.352182,1.908193,0.3279,0.5032
1787920953.650990,0.666322,-0.350210,1.910039,0.3328,0.5032
1787920953.657422,0.665985,-0.348317,1.913040,0.3214,0.5032
1787920953.664806,0.664508,-0.346501,1.914458,0.3147,0.5032
1787920953.670611,0.663707,-0.344810,1.916720,0.3165,0.5032
1787920953.677817,0.663057,-0.343100,1.919092,0.2977,0.5032
1787920953.684388,0.662087,-0.340981,1.921193,0.3145,0.5032
1787920953.691847,0.661422,-0.339436,1.923272,0.2877,0.5032
1787920953.698494,0.660460,-0.337581,1.925195,0.2949,0.5032
1787920953.704273,0.659396,-0.336052,1.926969,0.3001,0.5032
1787920953.710817,0.658967,-0.334290,1.929882,0.2926,0.5032
1787920953.717777,0.658015,-0.332490,1.931311,0.2919,0.4862
1787920953.724482,0.657004,-0.330784,1.932996,0.2918,0.4862
1787920953.731821,0.655924,-0.329333,1.934871,0.2754,0.4862
1787920953.737574,0.655423,-0.327386,1.937674,0.2969,0.4862
1787920953.744812,0.654167,-0.325867,1.939269,0.2853,0.4862
1787920953.750928,0.653568,-0.323911,1.941665,0.2998,0.4862
1787920953.757579,0.652634,-0.322260,1.943582,0.2946,0.4862
1787920953.764658,0.651700,-0.320284,1.945932,0.2986,0.4862
1787920953.771399,0.650979,-0.318398,1.948502,0.2989,0.4862
1787920953.777909,0.649832,-0.316759,1.951019,0.2990,0.4862
1787920953.784667,0.649338,-0.314653,1.954340,0.3042,0.4862
1787920953.790714,0.648364,-0.312738,1.956687,0.3191,0.4862
1787920953.798025,0.647409,-0.310827,1.958849,0.3108,0.4862
1787920953.804363,0.646364,-0.308897,1.961072,0.3209,0.4862
1787920953.811072,0.645597,-0.306954,1.963938,0.3180,0.4620
1787920953.817525,0.644299,-0.305008,1.965858,0.3294,0.4620
1787920953.824450,0.643994,-0.303121,1.969160,0.3110,0.4620
1787920953.833922,0.643014,-0.301230,1.971396,0.2850,0.4620
1787920953.837800,0.641823,-0.299330,1.973079,0.3708,0.4620
1787920953.844248,0.641481,-0.297461,1.976444,0.3457,0.4620
1787920953.850696,0.640225,-0.295705,1.977509,0.3402,0.4620
1787920953.858039,0.639069,-0.293850,1.978973,0.3264,0.4620
1787920953.863852,0.638336,-0.291917,1.980951,0.3351,0.4620
1787920953.871526,0.637271,-0.290228,1.982344,0.3117,0.4620
1787920953.877964,0.636349,-0.288531,1.984084,0.3079,0.4620
1787920953.884114,0.635576,-0.286673,1.986396,0.3137,0.4620
1787920953.891385,0.634747,-0.284793,1.988016,0.3043,0.4620
1787920953.897367,0.633423,-0.283443,1.989597,0.3019,0.4620
1787920953.905322,0.633149,-0.281297,1.992435,0.2894,0.4620
1787920953.912627,0.632003,-0.279690,1.993671,0.2821,0.5094
1787920953.921039,0.631328,-0.278054,1.995837,0.2605,0.5094
1787920953.924598,0.630684,-0.276317,1.997707,0.3381,0.5094
1787920953.930900,0.629343,-0.274747,1.998382,0.3312,0.5094
1787920953.939316,0.628484,-0.273100,2.000126,0.2980,0.5094
1787920953.944435,0.627916,-0.271570,2.002136,0.3040,0.5094
1787920953.951070,0.626553,-0.269831,2.003174,0.3100,0.5094
1787920953.957429,0.625715,-0.268333,2.004459,0.2977,0.5094
1787920953.964082,0.625044,-0.266635,2.006643,0.2906,0.5094
1787920953.971298,0.623468,-0.265081,2.007090,0.2896,0.5094
1787920953.977653,0.623162,-0.263438,2.010185,0.2791,0.5094
1787920953.984870,0.621878,-0.261524,2.011457,0.2901,0.5094
1787920953.990813,0.621033,-0.260213,2.013279,0.2811,0.5094
1787920953.998243,0.620248,-0.258413,2.015529,0.2760,0.5094
1787920954.005651,0.619030,-0.256722,2.016201,0.2763,0.5094
1787920954.011088,0.618321,-0.255250,2.018319,0.2835,0.5094
1787920954.018362,0.616990,-0.253360,2.019741,0.2925,0.4986
1787920954.024254,0.616511,-0.251459,2.022414,0.3025,0.4986
1787920954.031531,0.615371,-0.249944,2.023801,0.2885,0.4986
1787920954.038729,0.614054,-0.248274,2.025289,0.2886,0.4986
1787920954.045837,0.613271,-0.246472,2.028079,0.2848,0.4986
1787920954.051815,0.612349,-0.244737,2.030481,0.2980,0.4986
1787920954.057562,0.611044,-0.243003,2.032121,0.3199,0.4986
1787920954.064461,0.610195,-0.241326,2.034979,0.3057,0.4986
1787920954.071829,0.609335,-0.239597,2.037464,0.2926,0.4986
1787920954.077707,0.608246,-0.237996,2.039751,0.3029,0.4986
1787920954.083919,0.607293,-0.236124,2.041674,0.3134,0.4986
1787920954.091253,0.606253,-0.234477,2.043564,0.2987,0.4986
1787920954.099415,0.605038,-0.232736,2.045783,0.2865,0.4986
1787920954.105224,0.604077,-0.231140,2.047654,0.2965,0.4986
1787920954.110893,0.603037,-0.229743,2.050027,0.2985,0.4986
1787920954.118204,0.601830,-0.227887,2.052234,0.2994,0.4848
1787920954.124313,0.600999,-0.226234,2.054386,0.3004,0.4848
1787920954.130898,0.599705,-0.224967,2.056628,0.2889,0.4848
1787920954.137591,0.598793,-0.223111,2.059023,0.2949,0.4848
1787920954.144978,0.597934,-0.221535,2.061503,0.2793,0.4848
1787920954.151394,0.596666,-0.220106,2.063102,0.2824,0.4848
1787920954.157706,0.595423,-0.218343,2.065276,0.2995,0.4848
1787920954.164807,0.594600,-0.216780,2.067923,0.2843,0.4848
1787920954.171452,0.593453,-0.215094,2.070111,0.2906,0.4848
1787920954.177546,0.592129,-0.213572,2.072222,0.3005,0.4848
1787920954.184932,0.591304,-0.211695,2.075010,0.2932,0.4848
1787920954.191187,0.589703,-0.210186,2.076710,0.3058,0.4848
1787920954.197768,0.589068,-0.208496,2.080098,0.2955,0.4848
1787920954.204256,0.587708,-0.206655,2.082310,0.3118,0.4848
1787920954.211400,0.586817,-0.205089,2.085695,0.2939,0.5617
1787920954.221869,0.585918,-0.203458,2.088223,0.2591,0.5617
1787920954.227989,0.584605,-0.201678,2.091007,0.2891,0.5617
1787920954.230558,0.583534,-0.199868,2.092949,0.4480,0.5617
1787920954.238140,0.582684,-0.198354,2.096137,0.3822,0.5617
1787920954.244263,0.581748,-0.196124,2.099500,0.3850,0.5617
1787920954.252649,0.580911,-0.194565,2.102542,0.3328,0.5617
1787920954.257787,0.579629,-0.193063,2.104548,0.3466,0.5617
1787920954.264842,0.578518,-0.191115,2.107215,0.3379,0.5617
1787920954.271867,0.577427,-0.189544,2.109308,0.3180,0.5617
1787920954.277669,0.576431,-0.187810,2.112301,0.3260,0.5617
1787920954.284456,0.575336,-0.185946,2.114399,0.3237,0.5617
1787920954.291391,0.574190,-0.184382,2.116344,0.3102,0.5617
1787920954.297646,0.572961,-0.182816,2.117970,0.3119,0.5617
1787920954.304727,0.571712,-0.180894,2.119901,0.3154,0.5617
1787920954.310889,0.570285,-0.179769,2.120754,0.3038,0.5617
1787920954.317968,0.569452,-0.178069,2.123601,0.2925,0.5365
1787920954.324236,0.567925,-0.176261,2.124537,0.3168,0.5365
1787920954.331125,0.567371,-0.174459,2.127632,0.3011,0.5365
1787920954.337955,0.566062,-0.173146,2.129637,0.2902,0.5365
1787920954.346442,0.564634,-0.171084,2.130597,0.2917,0.5365
1787920954.350919,0.563947,-0.169732,2.133452,0.3054,0.5365
1787920954.360475,0.562638,-0.167983,2.136068,0.2822,0.5365
1787920954.364459,0.561505,-0.166475,2.138720,0.3391,0.5365
1787920954.371086,0.560447,-0.164710,2.141394,0.3305,0.5365
1787920954.378822,0.559193,-0.163005,2.143809,0.3133,0.5365
1787920954.385161,0.558112,-0.161436,2.147194,0.3094,0.5365
1787920954.391756,0.556890,-0.159930,2.149874,0.3044,0.5365
1787920954.397648,0.555874,-0.158256,2.152868,0.3127,0.5365
1787920954.404144,0.554807,-0.156626,2.155801,0.3089,0.5365
1787920954.411434,0.553817,-0.154991,2.158687,0.2948,0.5365
1787920954.417943,0.552693,-0.153197,2.162147,0.3039,0.5144
1787920954.426076,0.551274,-0.151920,2.164071,0.2810,0.5144
1787920954.431039,0.550448,-0.150150,2.167257,0.3133,0.5144
1787920954.437612,0.549189,-0.148470,2.170136,0.3150,0.5144
1787920954.444837,0.547882,-0.147026,2.172336,0.3007,0.5144
1787920954.451139,0.546682,-0.145780,2.174641,0.2917,0.5144
1787920954.458115,0.545098,-0.144109,2.177024,0.3021,0.5144
1787920954.464546,0.544200,-0.142819,2.179874,0.2848,0.5144
1787920954.470813,0.543117,-0.141026,2.182483,0.2994,0.5144
1787920954.478116,0.541453,-0.139648,2.184209,0.2952,0.5144
1787920954.483996,0.540188,-0.138409,2.186922,0.2955,0.5144
1787920954.491369,0.539201,-0.136515,2.190332,0.2930,0.5144
1787920954.497938,0.537525,-0.135340,2.191766,0.2932,0.5144
1787920954.504647,0.536354,-0.133839,2.194444,0.2903,0.5144
1787920954.511170,0.535154,-0.132155,2.198022,0.2983,0.5144
1787920954.517736,0.533732,-0.131024,2.200111,0.2888,0.5244
1787920954.526930,0.532266,-0.129006,2.201861,0.2836,0.5244
1787920954.532597,0.531204,-0.127601,2.204931,0.2917,0.5244
1787920954.538283,0.529375,-0.126330,2.206432,0.3155,0.5244
1787920954.544923,0.528317,-0.124623,2.209311,0.3112,0.5244
1787920954.552335,0.526881,-0.123224,2.211222,0.2980,0.5244
1787920954.558040,0.525248,-0.121532,2.212504,0.3313,0.5244
1787920954.564235,0.524094,-0.119986,2.215131,0.3253,0.5244
1787920954.571270,0.522796,-0.118371,2.217207,0.3160,0.5244
1787920954.577467,0.520664,-0.117183,2.217392,0.3293,0.5244
1787920954.584051,0.520168,-0.115286,2.221388,0.3130,0.5244
1787920954.590978,0.518453,-0.113687,2.222541,0.3192,0.5244
1787920954.597613,0.516867,-0.112669,2.223935,0.3036,0.5244
1787920954.604866,0.515835,-0.110974,2.226275,0.2941,0.5244
1787920954.610991,0.514389,-0.109063,2.227834,0.3232,0.5244
1787920954.617614,0.512907,-0.108059,2.229072,0.3033,0.5088
1787920954.624521,0.512030,-0.106473,2.232117,0.2901,0.5088
1787920954.630638,0.510425,-0.104803,2.233505,0.3161,0.5088
1787920954.637980,0.509239,-0.103448,2.235536,0.2947,0.5088
1787920954.644474,0.508291,-0.101979,2.237854,0.2867,0.5088
1787920954.654569,0.506727,-0.100484,2.239496,0.2643,0.5088
1787920954.658479,0.505569,-0.099037,2.241910,0.3273,0.5088
1787920954.664574,0.504239,-0.097893,2.243880,0.3139,0.5088
1787920954.670912,0.503082,-0.096287,2.246771,0.3133,0.5088
1787920954.678071,0.502000,-0.094940,2.249629,0.2917,0.5088
1787920954.683974,0.500262,-0.093509,2.250626,0.3163,0.5088
1787920954.691361,0.499435,-0.091970,2.254151,0.2911,0.5088
1787920954.698331,0.498046,-0.090519,2.256374,0.2900,0.5088
1787920954.706426,0.496479,-0.089250,2.258194,0.2762,0.5088
1787920954.711096,0.495900,-0.087419,2.262489,0.3076,0.4937
1787920954.717368,0.494102,-0.086085,2.264246,0.3194,0.4937
1787920954.724456,0.492681,-0.084639,2.266601,0.3091,0.4937
1787920954.731861,0.491391,-0.083356,2.269037,0.2898,0.4937
1787920954.740073,0.489752,-0.081700,2.270828,0.2877,0.4937
1787920954.744060,0.488165,-0.080552,2.273195,0.3444,0.4937
1787920954.751071,0.486992,-0.079234,2.275742,0.3166,0.4937
1787920954.758065,0.485334,-0.077550,2.278265,0.3227,0.4937
1787920954.764441,0.483810,-0.076347,2.279760,0.3155,0.4937
1787920954.770927,0.482622,-0.074931,2.282324,0.3064,0.4937
1787920954.777865,0.480759,-0.073533,2.283977,0.3129,0.4937
1787920954.784594,0.479231,-0.072367,2.286238,0.3029,0.4937
1787920954.790651,0.477806,-0.071121,2.287946,0.3050,0.4937
1787920954.797861,0.476444,-0.069586,2.290092,0.2989,0.4937
1787920954.804520,0.474498,-0.068556,2.291094,0.3019,0.4937
1787920954.810747,0.473450,-0.067262,2.294223,0.2915,0.4937
1787920954.817903,0.471914,-0.065683,2.296001,0.2963,0.4744
1787920954.824952,0.470117,-0.064787,2.297059,0.2867,0.4744
1787920954.831234,0.468933,-0.063451,2.299943,0.2859,0.4744
1787920954.837869,0.467495,-0.062177,2.301355,0.2864,0.4744
1787920954.844272,0.465731,-0.060858,2.303309,0.3017,0.4744
1787920954.851548,0.464627,-0.059595,2.305427,0.2804,0.4744
1787920954.858075,0.463088,-0.058368,2.306761,0.2856,0.4744
1787920954.866526,0.461640,-0.057054,2.308767,0.2690,0.4744
1787920954.872102,0.460270,-0.055866,2.310179,0.2852,0.4744
1787920954.877720,0.458764,-0.054737,2.311635,0.2984,0.4744
1787920954.884078,0.457401,-0.053381,2.314306,0.2995,0.4744
1787920954.891445,0.456323,-0.051604,2.317019,0.2926,0.4744
1787920954.897465,0.454602,-0.050483,2.318693,0.3041,0.4744
1787920954.904906,0.453259,-0.049023,2.321756,0.2928,0.4744
1787920954.911196,0.451642,-0.047494,2.323566,0.3109,0.4744
1787920954.917404,0.450251,-0.046407,2.325646,0.3020,0.5167
1787920954.924396,0.448824,-0.044704,2.328190,0.3065,0.5167
1787920954.930785,0.447252,-0.043222,2.330089,0.3159,0.5167
1787920954.938142,0.445950,-0.041845,2.333071,0.2984,0.5167
1787920954.945080,0.444412,-0.040277,2.334635,0.3038,0.5167
1787920954.950711,0.442868,-0.038717,2.336759,0.3296,0.5167
1787920954.961748,0.441376,-0.037421,2.338915,0.2842,0.5167
1787920954.965343,0.439914,-0.035922,2.340805,0.3737,0.5167
1787920954.970892,0.438223,-0.034429,2.342415,0.3832,0.5167
1787920954.977555,0.436803,-0.033160,2.344383,0.3538,0.5167
1787920954.985291,0.435317,-0.031616,2.345173,0.3308,0.5167
1787920954.990983,0.433568,-0.030195,2.346701,0.3495,0.5167
1787920954.998012,0.431832,-0.029276,2.347287,0.3246,0.5167
1787920955.004029,0.430511,-0.027766,2.349200,0.3271,0.5167
1787920955.011034,0.428872,-0.026141,2.350819,0.3278,0.5167
1787920955.018003,0.427653,-0.025040,2.352307,0.3001,0.5121
1787920955.024178,0.426154,-0.023578,2.353879,0.3117,0.5121
1787920955.031199,0.424218,-0.022419,2.354972,0.3117,0.5121
1787920955.039005,0.422932,-0.021212,2.356292,0.2860,0.5121
1787920955.045444,0.421590,-0.019886,2.358261,0.2881,0.5121
1787920955.051130,0.419995,-0.018575,2.359929,0.3101,0.5121
1787920955.057363,0.418694,-0.017489,2.361562,0.2983,0.5121
1787920955.064647,0.417283,-0.016009,2.363693,0.2930,0.5121
1787920955.071321,0.415626,-0.015025,2.364782,0.2892,0.5121
1787920955.077775,0.414376,-0.013590,2.367090,0.2906,0.5121
1787920955.084277,0.413025,-0.012106,2.369538,0.2959,0.5121
1787920955.091301,0.411728,-0.011003,2.371664,0.2797,0.5121
1787920955.098547,0.410177,-0.009917,2.373215,0.2732,0.5121
1787920955.104939,0.408790,-0.008373,2.375453,0.2884,0.5121
1787920955.110684,0.407244,-0.007161,2.377128,0.3039,0.5121
1787920955.117615,0.405782,-0.006007,2.379372,0.2930,0.4951
1787920955.124655,0.404176,-0.004507,2.381309,0.2988,0.4951
1787920955.132170,0.402841,-0.003360,2.383914,0.2793,0.4951
1787920955.137912,0.401236,-0.002128,2.386376,0.3007,0.4951
1787920955.144367,0.399592,-0.000919,2.387790,0.3047,0.4951
1787920955.150920,0.398066,0.000342,2.390283,0.3037,0.4951
1787920955.157822,0.396547,0.001704,2.392545,0.3012,0.4951
1787920955.165654,0.394769,0.002731,2.395159,0.2876,0.4951
1787920955.171930,0.393582,0.004407,2.397487,0.2973,0.4951
1787920955.179724,0.391396,0.005029,2.398731,0.2863,0.4951
1787920955.185191,0.390117,0.006370,2.401563,0.3018,0.4951
1787920955.190969,0.388750,0.007951,2.404284,0.3190,0.4951
1787920955.197978,0.386552,0.008433,2.405042,0.3069,0.4951
1787920955.204507,0.385212,0.010121,2.408210,0.3125,0.4951
1787920955.211905,0.383894,0.011228,2.410540,0.2885,0.4639
1787920955.217670,0.382116,0.012323,2.412136,0.3089,0.4639
1787920955.224348,0.381172,0.013743,2.416754,0.2903,0.4639
1787920955.230954,0.379353,0.014818,2.418174,0.2974,0.4639
1787920955.237677,0.378065,0.016003,2.420943,0.2863,0.4639
1787920955.243993,0.376507,0.017201,2.423024,0.2936,0.4639
1787920955.252134,0.374619,0.018191,2.424351,0.2819,0.4639
1787920955.257370,0.373649,0.019612,2.427868,0.2926,0.4639
1787920955.267592,0.371623,0.020123,2.428496,0.2596,0.4639
1787920955.271060,0.369680,0.021430,2.429514,0.3828,0.4639
1787920955.277912,0.368574,0.022331,2.431561,0.3304,0.4639
1787920955.284169,0.366769,0.023265,2.432909,0.3261,0.4639
1787920955.291265,0.365297,0.024449,2.435690,0.3081,0.4639
1787920955.297937,0.363962,0.025470,2.436839,0.2912,0.4639
1787920955.305069,0.362433,0.026763,2.440885,0.2880,0.4639
1787920955.311310,0.360745,0.027720,2.442858,0.2933,0.4639
1787920955.317736,0.359386,0.029182,2.444593,0.2978,0.4369
1787920955.323946,0.358182,0.030827,2.448853,0.3040,0.4369
1787920955.331607,0.356278,0.031373,2.449496,0.2838,0.4369
1787920955.338070,0.354380,0.032805,2.451890,0.3089,0.4369
1787920955.346325,0.353339,0.034272,2.455205,0.2793,0.4369
1787920955.353973,0.351392,0.035120,2.457117,0.2757,0.4369
1787920955.357250,0.349780,0.036470,2.459557,0.3854,0.4369
1787920955.364448,0.348314,0.037721,2.461653,0.3501,0.4369
1787920955.371317,0.346691,0.038913,2.463883,0.3329,0.4369
1787920955.378069,0.345135,0.040077,2.465825,0.3193,0.4369
1787920955.384442,0.343324,0.041074,2.467185,0.3195,0.4369
1787920955.390875,0.342078,0.042661,2.469857,0.3151,0.4369
1787920955.397801,0.340401,0.043542,2.472219,0.3013,0.4369
1787920955.404001,0.338379,0.044414,2.472929,0.3138,0.4369
1787920955.411645,0.337395,0.046240,2.475991,0.2943,0.4500
1787920955.417358,0.335301,0.047030,2.476914,0.3181,0.4500
1787920955.424240,0.333590,0.047895,2.478610,0.3047,0.4500
1787920955.430829,0.331779,0.049012,2.479837,0.3096,0.4500
1787920955.437313,0.330280,0.050380,2.481923,0.3103,0.4500
1787920955.444511,0.328670,0.051527,2.484004,0.2995,0.4500
1787920955.451343,0.326655,0.052178,2.484053,0.2972,0.4500
1787920955.458222,0.325522,0.054054,2.487615,0.2970,0.4500
1787920955.464925,0.323664,0.054468,2.487669,0.2852,0.4500
1787920955.473103,0.321989,0.055730,2.489596,0.2765,0.4500
1787920955.477880,0.320058,0.057099,2.490992,0.3422,0.4500
1787920955.485966,0.318516,0.057794,2.491862,0.3007,0.4500
1787920955.491460,0.317254,0.059352,2.495521,0.3167,0.4500
1787920955.497833,0.314945,0.060082,2.495129,0.3292,0.4500
1787920955.505232,0.313808,0.061503,2.498172,0.3019,0.4500
1787920955.510731,0.312131,0.062727,2.499832,0.3245,0.4500
1787920955.517863,0.310371,0.063642,2.501232,0.3095,0.4265
1787920955.524575,0.308828,0.065123,2.503601,0.3115,0.4265
1787920955.531456,0.307201,0.066338,2.505067,0.3066,0.4265
1787920955.538152,0.305331,0.067190,2.506533,0.3047,0.4265
1787920955.544149,0.303826,0.068588,2.509105,0.3153,0.4265
1787920955.551335,0.302080,0.069688,2.510291,0.3067,0.4265
1787920955.557982,0.300355,0.071022,2.512320,0.3131,0.4265
1787920955.563814,0.298752,0.072013,2.513945,0.3158,0.4265
1787920955.574848,0.296869,0.073137,2.515096,0.2805,0.4265
1787920955.578543,0.295075,0.074205,2.516538,0.3652,0.4265
1787920955.585093,0.293353,0.075557,2.517549,0.3558,0.4265
1787920955.591010,0.291642,0.076758,2.519257,0.3551,0.4265
1787920955.597478,0.289746,0.077844,2.520689,0.3493,0.4265
1787920955.604778,0.288237,0.078936,2.522599,0.3211,0.4265
1787920955.611296,0.286353,0.080330,2.524483,0.3326,0.4265
1787920955.618011,0.284712,0.081623,2.525951,0.3261,0.4029
1787920955.624123,0.282897,0.082539,2.526765,0.3270,0.4029
1787920955.630991,0.281212,0.083758,2.528906,0.3197,0.4029
1787920955.637779,0.279300,0.084623,2.529899,0.3149,0.4029
1787920955.644239,0.277184,0.085681,2.530634,0.3291,0.4029
1787920955.654649,0.275736,0.086956,2.532760,0.2856,0.4029
1787920955.660334,0.273858,0.087800,2.533569,0.3067,0.4029
1787920955.664247,0.272262,0.089205,2.535134,0.3766,0.4029
1787920955.671191,0.270438,0.090152,2.536559,0.3517,0.4029
1787920955.678412,0.268599,0.090969,2.538346,0.3284,0.4029
1787920955.684526,0.266731,0.092260,2.539197,0.3413,0.4029
1787920955.692105,0.265143,0.093400,2.541745,0.3163,0.4029
1787920955.697855,0.263506,0.094492,2.543013,0.3241,0.4029
1787920955.704310,0.261601,0.095753,2.544840,0.3330,0.4029
1787920955.710931,0.259756,0.096487,2.545472,0.3209,0.4029
1787920955.717674,0.257971,0.097864,2.547164,0.3248,0.3873
1787920955.723981,0.256126,0.098603,2.548397,0.3198,0.3873
1787920955.731715,0.254165,0.099650,2.549032,0.3096,0.3873
1787920955.737437,0.252716,0.101325,2.551619,0.3287,0.3873
1787920955.747055,0.250693,0.101872,2.552422,0.2920,0.3873
1787920955.750898,0.248707,0.102912,2.553876,0.3785,0.3873
1787920955.757334,0.247119,0.104386,2.555623,0.3646,0.3873
1787920955.764324,0.245095,0.105259,2.556227,0.3483,0.3873
1787920955.771727,0.242669,0.105894,2.557098,0.3400,0.3873
1787920955.779577,0.241089,0.107221,2.558702,0.3164,0.3873
1787920955.784212,0.238719,0.107894,2.558822,0.3735,0.3873
1787920955.790993,0.237080,0.109070,2.560991,0.3506,0.3873
1787920955.798195,0.235277,0.110040,2.562225,0.3304,0.3873
1787920955.804007,0.233257,0.111485,2.563284,0.3594,0.3873
1787920955.811331,0.231564,0.112479,2.565492,0.3319,0.3873
1787920955.817934,0.229647,0.113480,2.566791,0.3301,0.3768
1787920955.825095,0.227770,0.114742,2.568449,0.3259,0.3768
1787920955.830615,0.225718,0.115603,2.569437,0.3472,0.3768
1787920955.838478,0.223801,0.116601,2.570592,0.3251,0.3768
1787920955.844063,0.221953,0.117732,2.571602,0.3440,0.3768
1787920955.851331,0.219969,0.118847,2.572608,0.3346,0.3768
1787920955.858932,0.217599,0.119526,2.572547,0.3274,0.3768
1787920955.864381,0.216172,0.120713,2.574587,0.3306,0.3768
1787920955.872492,0.214165,0.121756,2.576653,0.3148,0.3768
1787920955.877856,0.211851,0.122457,2.577062,0.3506,0.3768
1787920955.884887,0.210102,0.123445,2.578206,0.3311,0.3768
1787920955.891069,0.208353,0.124750,2.580820,0.3373,0.3768
1787920955.897873,0.206167,0.125541,2.581061,0.3363,0.3768
1787920955.904952,0.204401,0.126532,2.582580,0.3211,0.3768
1787920955.910944,0.202618,0.127535,2.584614,0.3271,0.3768
1787920955.917724,0.201004,0.128886,2.586698,0.3212,0.3552
1787920955.924106,0.198599,0.129390,2.586899,0.3334,0.3552
1787920955.931351,0.196799,0.130417,2.588704,0.3191,0.3552
1787920955.937407,0.194931,0.131632,2.590011,0.3338,0.3552
1787920955.944551,0.192906,0.132557,2.591604,0.3264,0.3552
1787920955.951761,0.190879,0.133289,2.592343,0.3163,0.3552
1787920955.957847,0.189276,0.134804,2.594991,0.3277,0.3552
1787920955.964221,0.187135,0.135515,2.596264,0.3329,0.3552
1787920955.972057,0.185153,0.136769,2.597903,0.3228,0.3552
1787920955.977551,0.183507,0.137796,2.599343,0.3319,0.3552
1787920955.985817,0.181270,0.138605,2.599675,0.3170,0.3552
1787920955.991450,0.179559,0.139783,2.601534,0.3324,0.3552
1787920955.998423,0.177336,0.140410,2.602132,0.3286,0.3552
1787920956.003791,0.175786,0.141897,2.604160,0.3469,0.3552
1787920956.010960,0.173532,0.142471,2.604858,0.3362,0.3552
1787920956.017881,0.171711,0.143889,2.607028,0.3346,0.3392
1787920956.024197,0.169855,0.144772,2.608145,0.3314,0.3392
1787920956.031013,0.167623,0.145568,2.609206,0.3344,0.3392
1787920956.037567,0.165811,0.146823,2.610677,0.3347,0.3392
1787920956.044482,0.164047,0.147869,2.612444,0.3233,0.3392
1787920956.051219,0.161783,0.148675,2.612766,0.3314,0.3392
1787920956.057937,0.159881,0.149750,2.613786,0.3296,0.3392
1787920956.065472,0.157987,0.150807,2.615310,0.3170,0.3392
1787920956.071791,0.155828,0.151731,2.616018,0.3326,0.3392
1787920956.077935,0.153811,0.152371,2.616557,0.3337,0.3392
1787920956.086888,0.151853,0.153859,2.618538,0.3153,0.3392
1787920956.091226,0.149746,0.154316,2.618753,0.3628,0.3392
1787920956.097398,0.147710,0.155494,2.620176,0.3683,0.3392
1787920956.104565,0.145853,0.156712,2.622145,0.3506,0.3392
1787920956.111789,0.143702,0.157245,2.623217,0.3340,0.3243
1787920956.117691,0.141793,0.158500,2.624803,0.3496,0.3243
1787920956.124450,0.139832,0.159268,2.625327,0.3373,0.3243
1787920956.131189,0.138039,0.160653,2.627316,0.3359,0.3243
1787920956.137242,0.135867,0.161081,2.627972,0.3393,0.3243
1787920956.144175,0.133892,0.162232,2.629745,0.3364,0.3243
1787920956.152298,0.132069,0.163207,2.631176,0.3118,0.3243
1787920956.158314,0.129940,0.164098,2.631992,0.3326,0.3243
1787920956.165354,0.127933,0.164841,2.633356,0.3230,0.3243
1787920956.173836,0.126080,0.165923,2.634653,0.3020,0.3243
1787920956.177697,0.123763,0.166514,2.634657,0.3910,0.3243
1787920956.184360,0.121906,0.167860,2.637084,0.3762,0.3243
1787920956.191555,0.119613,0.168096,2.636674,0.3518,0.3243
1787920956.197791,0.117790,0.169668,2.639280,0.3595,0.3243
1787920956.204302,0.115759,0.170147,2.639421,0.3443,0.3243
1787920956.210898,0.113296,0.170836,2.639677,0.3543,0.3243
1787920956.217417,0.111719,0.172074,2.641855,0.3390,0.0651
1787920956.224118,0.109489,0.173026,2.642872,0.3454,0.0651
1787920956.232352,0.107502,0.174135,2.644793,0.3246,0.0651
1787920956.237871,0.105669,0.174848,2.646353,0.3333,0.0651
1787920956.244255,0.103514,0.176136,2.648114,0.3512,0.0651
1787920956.251052,0.101457,0.177024,2.648438,0.3444,0.0651
1787920956.258283,0.099544,0.177978,2.650335,0.3297,0.0651
1787920956.264487,0.097469,0.178896,2.651149,0.3402,0.0651
1787920956.270655,0.095090,0.179649,2.652338,0.3575,0.0651
1787920956.277415,0.093020,0.180466,2.653158,0.3484,0.0651
1787920956.284833,0.091074,0.181745,2.655089,0.3376,0.0651
1787920956.291641,0.088714,0.182441,2.655652,0.3426,0.0651
1787920956.297791,0.087060,0.184084,2.658710,0.3485,0.0651
1787920956.304538,0.084890,0.184648,2.659597,0.3411,0.0651
1787920956.310745,0.082666,0.185817,2.660715,0.3602,0.0651
1787920956.317845,0.080832,0.186913,2.662037,0.3422,0.0240
1787920956.324025,0.078501,0.187850,2.663875,0.3610,0.0240
1787920956.331363,0.076625,0.188862,2.666171,0.3398,0.0240
1787920956.337867,0.074351,0.190217,2.668115,0.3597,0.0240
1787920956.344266,0.072569,0.191353,2.670019,0.3504,0.0240
1787920956.350722,0.070340,0.192339,2.671917,0.3584,0.0240
1787920956.357289,0.068300,0.193389,2.672644,0.3557,0.0240
1787920956.364133,0.065937,0.194466,2.673870,0.3627,0.0240
1787920956.370628,0.063810,0.194976,2.674785,0.3522,0.0240
1787920956.378336,0.061693,0.196509,2.676010,0.3470,0.0240
1787920956.384060,0.059574,0.197293,2.675748,0.3606,0.0240
1787920956.393961,0.057095,0.198007,2.676455,0.3292,0.0240
1787920956.398535,0.054747,0.198953,2.676291,0.3960,0.0240
1787920956.404088,0.052890,0.199986,2.676955,0.3919,0.0240
1787920956.411254,0.050315,0.200517,2.675798,0.3806,0.0240
1787920956.417430,0.048463,0.201700,2.676139,0.3726,-0.0113
1787920956.424337,0.046358,0.202639,2.676829,0.3608,-0.0113
1787920956.430939,0.043838,0.203410,2.675695,0.3706,-0.0113
1787920956.437905,0.041544,0.204235,2.675100,0.3636,-0.0113
1787920956.444068,0.039702,0.205533,2.676073,0.3630,-0.0113
1787920956.451710,0.037209,0.206153,2.675229,0.3525,-0.0113
1787920956.457840,0.035197,0.207222,2.674945,0.3582,-0.0113
1787920956.464860,0.033462,0.208525,2.676062,0.3420,-0.0113
1787920956.472610,0.030962,0.209314,2.675674,0.3396,-0.0113
1787920956.478971,0.028807,0.210183,2.674524,0.3469,-0.0113
1787920956.485034,0.026794,0.211752,2.676121,0.3667,-0.0113
1787920956.491152,0.024666,0.212674,2.676063,0.3702,-0.0113
1787920956.498290,0.022528,0.213554,2.675811,0.3561,-0.0113
1787920956.504542,0.020505,0.215078,2.676572,0.3688,-0.0113
1787920956.510699,0.018459,0.216052,2.675808,0.3685,-0.0113
1787920956.517599,0.016223,0.216964,2.675480,0.3626,-0.0163
1787920956.524169,0.014460,0.218658,2.676661,0.3605,-0.0163
1787920956.531736,0.012527,0.219547,2.675627,0.3367,-0.0163
1787920956.538162,0.010010,0.220083,2.673611,0.3518,-0.0163
1787920956.544623,0.008082,0.221637,2.674414,0.3587,-0.0163
1787920956.554693,0.006153,0.222716,2.673113,0.3169,-0.0163
1787920956.558534,0.003651,0.223132,2.671405,0.4107,-0.0163
1787920956.565794,0.001717,0.224634,2.671339,0.3869,-0.0163
1787920956.571066,-0.000417,0.225569,2.670121,0.4032,-0.0163
1787920956.578058,-0.002865,0.226240,2.668588,0.3889,-0.0163
1787920956.584380,-0.004676,0.227704,2.668498,0.3803,-0.0163
1787920956.591299,-0.007049,0.228388,2.667048,0.3713,-0.0163
1787920956.598790,-0.009367,0.229319,2.665642,0.3595,-0.0163
1787920956.604082,-0.011190,0.230723,2.665442,0.3800,-0.0163
1787920956.611379,-0.013363,0.231369,2.664003,0.3576,-0.0163
1787920956.617278,-0.015423,0.232792,2.663639,0.3766,0.0012
1787920956.624203,-0.017503,0.234026,2.662922,0.3682,0.0012
1787920956.631023,-0.019635,0.234829,2.662119,0.3573,0.0012
1787920956.639668,-0.021913,0.235956,2.660956,0.3382,0.0012
1787920956.644565,-0.023849,0.237396,2.660806,0.3828,0.0012
1787920956.650908,-0.026157,0.238339,2.660217,0.3854,0.0012
1787920956.657464,-0.028159,0.239467,2.659492,0.3748,0.0012
1787920956.665152,-0.030213,0.240877,2.658902,0.3589,0.0012
1787920956.672054,-0.032733,0.241612,2.657873,0.3630,0.0012
1787920956.678101,-0.035092,0.242497,2.656609,0.3782,0.0012
1787920956.684061,-0.037034,0.244052,2.656367,0.3877,0.0012
1787920956.690898,-0.039260,0.244846,2.655291,0.3740,0.0012
1787920956.697751,-0.041395,0.246153,2.655047,0.3712,0.0012
1787920956.704269,-0.043729,0.247223,2.653650,0.3778,0.0012
1787920956.710799,-0.045728,0.248178,2.652963,0.3661,0.0012
1787920956.717695,-0.048151,0.249577,2.652386,0.3780,0.0214
1787920956.723940,-0.050184,0.250806,2.651492,0.3785,0.0214
1787920956.731043,-0.052117,0.251857,2.651331,0.3579,0.0214
1787920956.737819,-0.054674,0.253184,2.649832,0.3781,0.0214
1787920956.744814,-0.056631,0.254228,2.649208,0.3598,0.0214
1787920956.752861,-0.059117,0.255183,2.647777,0.3503,0.0214
1787920956.758253,-0.061369,0.256264,2.646654,0.3840,0.0214
1787920956.765286,-0.063125,0.257669,2.647015,0.3632,0.0214
1787920956.771293,-0.065513,0.258681,2.645337,0.3832,0.0214
1787920956.779831,-0.067966,0.259559,2.644179,0.3587,0.0214
1787920956.786105,-0.069684,0.261265,2.644676,0.3622,0.0214
1787920956.791075,-0.072196,0.262117,2.642468,0.4113,0.0214
1787920956.797646,-0.074330,0.263241,2.642072,0.3980,0.0214
1787920956.804818,-0.076509,0.264537,2.641042,0.3846,0.0214
1787920956.811980,-0.078911,0.265379,2.640636,0.3744,-0.2786
1787920956.817325,-0.081097,0.266683,2.639796,0.4049,-0.2786
1787920956.824604,-0.083251,0.267997,2.637982,0.3873,-0.2786
1787920956.830705,-0.085850,0.268789,2.636975,0.4018,-0.2786
1787920956.838670,-0.087677,0.269946,2.636610,0.3626,-0.2786
1787920956.844113,-0.089805,0.271399,2.636397,0.3952,-0.2786
1787920956.851949,-0.092213,0.272385,2.634260,0.3756,-0.2786
1787920956.857592,-0.094327,0.273603,2.634358,0.3926,-0.2786
1787920956.864803,-0.096587,0.274712,2.633513,0.3794,-0.2786
1787920956.872462,-0.098940,0.275631,2.632239,0.3636,-0.2786
1787920956.879522,-0.101046,0.276560,2.631672,0.3519,-0.2786
1787920956.883979,-0.103502,0.277969,2.630369,0.4369,-0.2786
1787920956.891066,-0.105655,0.279155,2.629683,0.4099,-0.2786
1787920956.899517,-0.107674,0.280189,2.629662,0.3674,-0.2786
1787920956.907212,-0.110112,0.281838,2.629348,0.3715,-0.2786
1787920956.911069,-0.112473,0.282322,2.628215,0.4385,-0.2786
1787920956.917479,-0.114344,0.283971,2.629468,0.4211,-0.3116
1787920956.924021,-0.116711,0.285158,2.627944,0.4161,-0.3116
1787920956.931467,-0.119019,0.286315,2.628170,0.3951,-0.3116
1787920956.937234,-0.120769,0.288165,2.629039,0.4031,-0.3116
1787920956.946099,-0.123241,0.289135,2.627937,0.3712,-0.3116
1787920956.951248,-0.125247,0.290472,2.627856,0.3999,-0.3116
1787920956.958258,-0.127565,0.291647,2.627313,0.3910,-0.3116
1787920956.964528,-0.129784,0.292842,2.625960,0.3943,-0.3116
1787920956.971051,-0.132039,0.293804,2.624860,0.3880,-0.3116
1787920956.977505,-0.134345,0.294978,2.623052,0.3918,-0.3116
1787920956.984765,-0.136542,0.296218,2.621050,0.3785,-0.3116
1787920956.990994,-0.138741,0.297066,2.618281,0.3771,-0.3116
1787920956.997814,-0.141200,0.298266,2.617159,0.3840,-0.3116
1787920957.004174,-0.143643,0.298929,2.613311,0.3841,-0.3116
1787920957.011257,-0.145457,0.300200,2.611302,0.3624,-0.3116
1787920957.018273,-0.147526,0.301262,2.608646,0.3529,-0.3144
1787920957.024392,-0.150098,0.302066,2.605484,0.3756,-0.3144
1787920957.030977,-0.152262,0.303087,2.601898,0.3714,-0.3144
1787920957.037789,-0.154300,0.304139,2.599568,0.3608,-0.3144
1787920957.044371,-0.156437,0.305518,2.596937,0.3684,-0.3144
1787920957.052339,-0.158597,0.306344,2.594194,0.3435,-0.3144
1787920957.057445,-0.160753,0.307527,2.591061,0.3848,-0.3144
1787920957.064110,-0.162890,0.308761,2.587951,0.3804,-0.3144
1787920957.070860,-0.165017,0.309612,2.584978,0.3665,-0.3144
1787920957.077768,-0.166901,0.310896,2.582403,0.3555,-0.3144
1787920957.083930,-0.169245,0.312164,2.579494,0.3783,-0.3144
1787920957.093294,-0.171065,0.313536,2.577452,0.3376,-0.3144
1787920957.097593,-0.173078,0.314965,2.575612,0.4084,-0.3144
1787920957.104443,-0.175198,0.316022,2.573093,0.3890,-0.3144
1787920957.111701,-0.177041,0.317724,2.571116,0.3744,-0.2881
1787920957.118740,-0.179206,0.318865,2.568359,0.3660,-0.2881
1787920957.124331,-0.181341,0.320057,2.566399,0.3871,-0.2881
1787920957.130456,-0.183118,0.321522,2.563951,0.3831,-0.2881
1787920957.138106,-0.185034,0.322746,2.561419,0.3573,-0.2881
1787920957.144793,-0.186881,0.324436,2.558840,0.3610,-0.2881
1787920957.150725,-0.188733,0.325652,2.557121,0.3648,-0.2881
1787920957.157695,-0.190617,0.326933,2.555442,0.3534,-0.2881
1787920957.164298,-0.192629,0.328315,2.552172,0.3583,-0.2881
1787920957.171223,-0.194077,0.329999,2.551843,0.3435,-0.2881
1787920957.177877,-0.196113,0.331127,2.548936,0.3450,-0.2881
1787920957.184349,-0.198022,0.332585,2.546040,0.3527,-0.2881
1787920957.191015,-0.199785,0.333660,2.544081,0.3397,-0.2881
1787920957.197854,-0.201627,0.334966,2.541421,0.3368,-0.2881
1787920957.204148,-0.203410,0.336240,2.539021,0.3402,-0.2881
1787920957.216457,-0.205087,0.337818,2.537466,0.2936,-0.2516
1787920957.218310,-0.206766,0.338876,2.535508,0.5266,-0.2516
1787920957.224116,-0.209001,0.340358,2.532015,0.5072,-0.2516
1787920957.231056,-0.210512,0.341662,2.530680,0.4408,-0.2516
1787920957.238007,-0.212364,0.343083,2.528469,0.4092,-0.2516
1787920957.243986,-0.214377,0.344828,2.524958,0.4195,-0.2516
1787920957.251026,-0.216486,0.345636,2.521949,0.3868,-0.2516
1787920957.257436,-0.218378,0.347179,2.519199,0.3848,-0.2516
1787920957.265001,-0.220543,0.348552,2.516590,0.3708,-0.2516
1787920957.271132,-0.221989,0.350250,2.514714,0.3656,-0.2516
1787920957.277653,-0.224306,0.351631,2.511412,0.3795,-0.2516
1787920957.284482,-0.226329,0.352979,2.508745,0.3723,-0.2516
1787920957.292067,-0.228100,0.354588,2.505996,0.3548,-0.2516
1787920957.298477,-0.230162,0.355774,2.502801,0.3589,-0.2516
1787920957.304571,-0.232146,0.357265,2.500010,0.3734,-0.2516
1787920957.311019,-0.233840,0.359047,2.497580,0.3742,-0.2516
1787920957.320286,-0.235667,0.360415,2.496285,0.3358,-0.3665
1787920957.327169,-0.237974,0.361744,2.492642,0.3502,-0.3665
1787920957.354700,-0.239471,0.363317,2.491093,0.2685,-0.3665
1787920957.355832,-0.241331,0.364475,2.488257,0.7663,-0.3665
1787920957.356891,-0.243039,0.366460,2.486910,1.2621,-0.3665
1787920957.358499,-0.245009,0.367412,2.483713,1.2828,-0.3665
1787920957.363214,-0.246724,0.368817,2.482230,1.0390,-0.3665
1787920957.366017,-0.248233,0.370302,2.480571,0.9524,-0.3665
1787920957.371567,-0.250237,0.371580,2.477374,0.7945,-0.3665
1787920957.389644,-0.251695,0.373150,2.476331,0.5913,-0.3665
1787920957.390694,-0.253615,0.374357,2.473671,1.0580,-0.3665
1787920957.405804,-0.254951,0.375835,2.472390,0.7796,-0.3665
1787920957.406809,-0.256816,0.377021,2.469676,1.2023,-0.3665
1787920957.407646,-0.258454,0.378457,2.468044,1.6212,-0.3665
1787920957.411544,-0.260245,0.379719,2.465971,1.3031,-0.4793
1787920957.418005,-0.261551,0.381365,2.464997,1.0073,-0.4793
1787920957.424081,-0.263470,0.382516,2.462445,0.8145,-0.4793
1787920957.430623,-0.265031,0.384141,2.461367,0.6727,-0.4793
1787920957.437870,-0.266969,0.385276,2.458473,0.5628,-0.4793
1787920957.445247,-0.268395,0.386932,2.457228,0.4814,-0.4793
1787920957.450964,-0.270353,0.388497,2.453979,0.4685,-0.4793
1787920957.457529,-0.272167,0.389703,2.451726,0.4270,-0.4793
1787920957.464032,-0.273727,0.391566,2.449932,0.4091,-0.4793
1787920957.471370,-0.275853,0.392696,2.446019,0.3827,-0.4793
1787920957.477647,-0.277760,0.394045,2.443486,0.3792,-0.4793
1787920957.484295,-0.279366,0.395888,2.441106,0.3744,-0.4793
1787920957.491170,-0.281335,0.397156,2.437899,0.3634,-0.4793
1787920957.497618,-0.283150,0.398744,2.434970,0.3666,-0.4793
1787920957.504941,-0.284739,0.400315,2.433215,0.3479,-0.4793
1787920957.510545,-0.286646,0.401506,2.429478,0.3625,-0.4793
1787920957.520360,-0.288313,0.403264,2.427354,0.3274,-0.4622
1787920957.525417,-0.289545,0.405194,2.425759,0.3595,-0.4622
1787920957.531079,-0.291752,0.406107,2.422377,0.3715,-0.4622
1787920957.537951,-0.293606,0.407627,2.418181,0.3646,-0.4622
1787920957.544266,-0.294749,0.409420,2.416271,0.3524,-0.4622
1787920957.551309,-0.296800,0.410172,2.411969,0.3331,-0.4622
1787920957.558125,-0.298080,0.412031,2.409656,0.3298,-0.4622
1787920957.564199,-0.299570,0.413299,2.406692,0.3275,-0.4622
1787920957.571695,-0.301058,0.414363,2.403619,0.3019,-0.4622
1787920957.578116,-0.302827,0.415943,2.400188,0.3221,-0.4622
1787920957.584423,-0.304109,0.417068,2.396971,0.3066,-0.4622
1787920957.591594,-0.305657,0.418023,2.393734,0.2893,-0.4622
1787920957.599090,-0.307157,0.419485,2.389684,0.2863,-0.4622
1787920957.605794,-0.308623,0.420673,2.386305,0.2847,-0.4622
1787920957.611412,-0.309913,0.421758,2.382988,0.2891,-0.4274
1787920957.617532,-0.311025,0.423074,2.380226,0.2863,-0.4274
1787920957.625305,-0.312060,0.424293,2.377200,0.2618,-0.4274
1787920957.630885,-0.313808,0.425440,2.372653,0.2937,-0.4274
1787920957.637566,-0.315187,0.426641,2.368976,0.2876,-0.4274
1787920957.644487,-0.316330,0.428203,2.366505,0.2841,-0.4274
1787920957.650880,-0.317468,0.429260,2.363673,0.2717,-0.4274
1787920957.658005,-0.318651,0.430833,2.360813,0.2722,-0.4274
1787920957.663995,-0.319902,0.431843,2.357833,0.2706,-0.4274
1787920957.670871,-0.321276,0.433335,2.354908,0.2779,-0.4274
1787920957.677969,-0.321867,0.434739,2.353722,0.2542,-0.4274
1787920957.684183,-0.322887,0.436148,2.351364,0.2609,-0.4274
1787920957.692155,-0.324021,0.437244,2.348754,0.2420,-0.4274
1787920957.697663,-0.325642,0.438545,2.344561,0.2818,-0.4274
1787920957.706548,-0.326257,0.439660,2.343531,0.2387,-0.4274
1787920957.710936,-0.327164,0.440927,2.340486,0.2725,-0.4174
1787920957.717727,-0.328123,0.442096,2.338470,0.2573,-0.4174
1787920957.725521,-0.329013,0.443259,2.336023,0.2361,-0.4174
1787920957.730903,-0.330270,0.444330,2.333234,0.2568,-0.4174
1787920957.738013,-0.331304,0.445646,2.330528,0.2501,-0.4174
1787920957.744846,-0.332042,0.446841,2.328796,0.2354,-0.4174
1787920957.750993,-0.332698,0.448001,2.326824,0.2280,-0.4174
1787920957.757274,-0.333932,0.449158,2.324277,0.2402,-0.4174
1787920957.764292,-0.334879,0.450373,2.322161,0.2337,-0.4174
1787920957.771629,-0.335955,0.451109,2.319505,0.2156,-0.4174
1787920957.777509,-0.336743,0.452658,2.317774,0.2362,-0.4174
1787920957.784341,-0.337870,0.453553,2.314370,0.2278,-0.4174
1787920957.790498,-0.338721,0.454870,2.312860,0.2348,-0.4174
1787920957.797689,-0.339772,0.455895,2.309449,0.2255,-0.4174
1787920957.804651,-0.340421,0.457054,2.308302,0.2136,-0.4174
1787920957.811796,-0.341911,0.457777,2.304539,0.2140,-0.4064
1787920957.817869,-0.342321,0.459282,2.303958,0.2185,-0.4064
1787920957.828088,-0.343576,0.460284,2.300744,0.1995,-0.4064
1787920957.831964,-0.344558,0.461271,2.298191,0.2472,-0.4064
1787920957.837924,-0.345717,0.462131,2.295324,0.2441,-0.4064
1787920957.844071,-0.346824,0.463217,2.293068,0.2464,-0.4064
1787920957.851180,-0.347367,0.464545,2.290858,0.2297,-0.4064
1787920957.857574,-0.348383,0.465634,2.289295,0.2306,-0.4064
1787920957.864106,-0.349499,0.466421,2.287003,0.2224,-0.4064
1787920957.871012,-0.350220,0.467498,2.285025,0.2115,-0.4064
1787920957.877445,-0.351175,0.468701,2.282538,0.2196,-0.4064
1787920957.884184,-0.351804,0.469806,2.280864,0.2093,-0.4064
1787920957.891262,-0.352728,0.470714,2.278848,0.2012,-0.4064
1787920957.898591,-0.353862,0.471433,2.276688,0.1934,-0.4064
1787920957.906831,-0.354749,0.472360,2.274818,0.1820,-0.4064
1787920957.912590,-0.355759,0.473398,2.272178,0.2026,-0.3698
1787920957.917672,-0.356427,0.474386,2.271181,0.2119,-0.3698
1787920957.924595,-0.356962,0.475511,2.269422,0.2006,-0.3698
1787920957.931122,-0.357653,0.476591,2.268033,0.1988,-0.3698
1787920957.938955,-0.358701,0.477122,2.265512,0.1805,-0.3698
1787920957.945781,-0.359779,0.478112,2.262814,0.1901,-0.3698
1787920957.951453,-0.360426,0.479083,2.261429,0.1945,-0.3698
1787920957.957600,-0.361046,0.480189,2.259295,0.1970,-0.3698
1787920957.963735,-0.361787,0.481218,2.257677,0.1998,-0.3698
1787920957.971117,-0.362618,0.481936,2.255836,0.1838,-0.3698
1787920957.977675,-0.363406,0.482861,2.253715,0.1842,-0.3698
1787920957.984294,-0.364152,0.483862,2.251793,0.1855,-0.3698
1787920957.991408,-0.365048,0.484746,2.249412,0.1826,-0.3698
1787920957.999724,-0.366071,0.485687,2.246395,0.1774,-0.3698
1787920958.010624,-0.366709,0.486709,2.244807,0.1571,-0.3698
1787920958.012544,-0.367296,0.487565,2.243655,0.2717,-0.3341
1787920958.017615,-0.368132,0.488562,2.241089,0.2672,-0.3341
1787920958.024857,-0.368873,0.489593,2.239668,0.2395,-0.3341
1787920958.032728,-0.369372,0.490690,2.238277,0.2123,-0.3341
1787920958.037557,-0.370544,0.491527,2.235325,0.2344,-0.3341
1787920958.044385,-0.371063,0.492367,2.234103,0.2072,-0.3341
1787920958.051157,-0.371872,0.493767,2.232256,0.2160,-0.3341
1787920958.057747,-0.372181,0.494773,2.231594,0.1960,-0.3341
1787920958.064368,-0.372812,0.495774,2.230625,0.1906,-0.3341
1787920958.071796,-0.373936,0.496729,2.228192,0.1917,-0.3341
1787920958.078586,-0.374522,0.497742,2.226815,0.1854,-0.3341
1787920958.084331,-0.375258,0.498809,2.225075,0.1974,-0.3341
1787920958.091050,-0.375930,0.499793,2.223670,0.1913,-0.3341
1787920958.099200,-0.376459,0.500879,2.222108,0.1775,-0.3341
1787920958.104967,-0.377075,0.501766,2.220651,0.1804,-0.3341
1787920958.111094,-0.377945,0.502614,2.218598,0.1851,-0.3341
1787920958.118438,-0.378520,0.503536,2.217025,0.1738,-0.2894
1787920958.124896,-0.379316,0.504301,2.215293,0.1723,-0.2894
1787920958.131145,-0.380214,0.505131,2.213369,0.1783,-0.2894
1787920958.137870,-0.380555,0.506165,2.212217,0.1709,-0.2894
1787920958.144012,-0.380877,0.507365,2.211568,0.1760,-0.2894
1787920958.151241,-0.381799,0.508142,2.209499,0.1719,-0.2894
1787920958.158046,-0.382593,0.508927,2.207531,0.1690,-0.2894
1787920958.164881,-0.383255,0.509679,2.206270,0.1621,-0.2894
1787920958.171444,-0.384212,0.510540,2.204019,0.1711,-0.2894
1787920958.177540,-0.384915,0.511594,2.202374,0.1821,-0.2894
1787920958.184700,-0.385277,0.512454,2.201690,0.1654,-0.2894
1787920958.191474,-0.385931,0.513398,2.200038,0.1667,-0.2894
1787920958.198198,-0.386564,0.514406,2.198166,0.1697,-0.2894
1787920958.204016,-0.386975,0.515232,2.197424,0.1657,-0.2894
1787920958.213496,-0.387909,0.515789,2.195205,0.1476,-0.4882
1787920958.220034,-0.388873,0.516638,2.193299,0.1607,-0.4882
1787920958.224150,-0.389418,0.517545,2.192475,0.1894,-0.4882
1787920958.231311,-0.389964,0.518620,2.191473,0.1825,-0.4882
1787920958.239140,-0.390835,0.519375,2.189712,0.1707,-0.4882
1787920958.244505,-0.391375,0.520296,2.188791,0.1790,-0.4882
1787920958.251334,-0.392087,0.521186,2.187423,0.1752,-0.4882
1787920958.257330,-0.392476,0.522165,2.186980,0.1739,-0.4882
1787920958.264980,-0.393719,0.522897,2.184237,0.1733,-0.4882
1787920958.270764,-0.394440,0.523837,2.182673,0.1827,-0.4882
1787920958.277639,-0.394860,0.524903,2.181706,0.1765,-0.4882
1787920958.284174,-0.395403,0.525889,2.181250,0.1749,-0.4882
1787920958.292383,-0.395560,0.526722,2.181293,0.1507,-0.4882
1787920958.297774,-0.396378,0.527596,2.180291,0.1714,-0.4882
1787920958.307416,-0.397216,0.528297,2.178827,0.1528,-0.4882
1787920958.311488,-0.398114,0.529216,2.177371,0.2003,-0.4882
1787920958.318321,-0.398369,0.530355,2.177494,0.1877,-0.4780
1787920958.324392,-0.398967,0.531433,2.176961,0.1920,-0.4780
1787920958.331268,-0.399823,0.532340,2.175699,0.1882,-0.4780
1787920958.339608,-0.400248,0.533180,2.175386,0.1653,-0.4780
1787920958.344308,-0.401026,0.534266,2.173886,0.2009,-0.4780
1787920958.351169,-0.401764,0.535374,2.172537,0.1989,-0.4780
1787920958.358366,-0.402296,0.536343,2.171232,0.1851,-0.4780
1787920958.364296,-0.402969,0.537347,2.169781,0.1907,-0.4780
1787920958.371054,-0.403848,0.538201,2.167989,0.1868,-0.4780
1787920958.377220,-0.404387,0.539174,2.166564,0.1847,-0.4780
1787920958.384206,-0.405048,0.540290,2.165106,0.1849,-0.4780
1787920958.391156,-0.406267,0.540876,2.161956,0.1797,-0.4780
1787920958.398741,-0.406961,0.541980,2.159819,0.1774,-0.4780
1787920958.404467,-0.408079,0.542793,2.157019,0.1920,-0.4780
1787920958.411026,-0.408400,0.543565,2.155773,0.1720,-0.4780
1787920958.418415,-0.408796,0.544564,2.154530,0.1631,-0.4648
1787920958.424921,-0.409687,0.545583,2.152069,0.1760,-0.4648
1787920958.431141,-0.410231,0.546527,2.149895,0.1756,-0.4648
1787920958.437596,-0.410756,0.547136,2.148298,0.1600,-0.4648
1787920958.444321,-0.411304,0.548386,2.147105,0.1721,-0.4648
1787920958.452086,-0.411846,0.549280,2.145417,0.1608,-0.4648
1787920958.457436,-0.412649,0.549932,2.143406,0.1677,-0.4648
1787920958.464843,-0.413154,0.550913,2.142376,0.1619,-0.4648
1787920958.470936,-0.413231,0.551946,2.141479,0.1582,-0.4648
1787920958.477779,-0.413467,0.552862,2.140147,0.1501,-0.4648
1787920958.484434,-0.414105,0.553588,2.138898,0.1481,-0.4648
1787920958.490863,-0.414234,0.554436,2.137876,0.1403,-0.4648
1787920958.497653,-0.414423,0.555298,2.137215,0.1348,-0.4648
1787920958.504398,-0.415164,0.556006,2.135298,0.1386,-0.4648
1787920958.511179,-0.415695,0.556540,2.133349,0.1295,-0.4648
1787920958.517796,-0.416223,0.557440,2.131677,0.1380,-0.4128
1787920958.523993,-0.416630,0.558162,2.130330,0.1367,-0.4128
1787920958.531070,-0.416802,0.558931,2.128926,0.1272,-0.4128
1787920958.537578,-0.417105,0.560112,2.127428,0.1426,-0.4128
1787920958.545544,-0.417797,0.560700,2.125123,0.1324,-0.4128
1787920958.550879,-0.417787,0.561674,2.124269,0.1390,-0.4128
1787920958.557722,-0.418643,0.562352,2.122331,0.1423,-0.4128
1787920958.564065,-0.418828,0.563145,2.120941,0.1361,-0.4128
1787920958.572286,-0.419586,0.563760,2.119345,0.1289,-0.4128
1787920958.577394,-0.420137,0.564410,2.117749,0.1396,-0.4128
1787920958.584334,-0.420646,0.565310,2.115737,0.1424,-0.4128
1787920958.591118,-0.420631,0.566281,2.115058,0.1361,-0.4128
1787920958.597885,-0.421378,0.566988,2.112865,0.1392,-0.4128
1787920958.604755,-0.421670,0.567818,2.111839,0.1351,-0.4128
1787920958.610798,-0.422067,0.568557,2.110671,0.1362,-0.4128
1787920958.617272,-0.422290,0.569318,2.109561,0.1308,-0.3565
1787920958.624740,-0.423191,0.569790,2.107529,0.1264,-0.3565
1787920958.631044,-0.423745,0.570485,2.105828,0.1304,-0.3565
1787920958.638596,-0.424411,0.571304,2.103891,0.1328,-0.3565
1787920958.646796,-0.424997,0.572146,2.102428,0.1303,-0.3565
1787920958.651768,-0.425536,0.572959,2.100444,0.1500,-0.3565
1787920958.657709,-0.426121,0.573686,2.098618,0.1516,-0.3565
1787920958.665345,-0.426388,0.574767,2.097281,0.1481,-0.3565
1787920958.671254,-0.426580,0.575634,2.095979,0.1466,-0.3565
1787920958.677577,-0.427206,0.576152,2.094052,0.1388,-0.3565
1787920958.684256,-0.427943,0.576952,2.092086,0.1448,-0.3565
1787920958.691215,-0.428378,0.578014,2.090706,0.1504,-0.3565
1787920958.697389,-0.428927,0.578688,2.089266,0.1470,-0.3565
1787920958.704985,-0.429604,0.579387,2.087309,0.1401,-0.3565
1787920958.712773,-0.430318,0.580312,2.084902,0.1426,-0.3283
1787920958.718470,-0.430568,0.581127,2.083938,0.1437,-0.3283
1787920958.726136,-0.431008,0.582279,2.082790,0.1483,-0.3283
1787920958.731754,-0.431541,0.583187,2.080989,0.1600,-0.3283
1787920958.737964,-0.431564,0.584100,2.080514,0.1511,-0.3283
1787920958.744626,-0.431979,0.585295,2.079177,0.1619,-0.3283
1787920958.752086,-0.432847,0.586118,2.076687,0.1591,-0.3283
1787920958.757331,-0.433489,0.586917,2.074503,0.1692,-0.3283
1787920958.764254,-0.434107,0.587928,2.073130,0.1697,-0.3283
1787920958.771330,-0.434523,0.588887,2.071731,0.1630,-0.3283
1787920958.777518,-0.434575,0.590018,2.071166,0.1634,-0.3283
1787920958.784606,-0.435164,0.590994,2.070032,0.1625,-0.3283
1787920958.790600,-0.435104,0.592173,2.068846,0.1642,-0.3283
1787920958.798023,-0.435513,0.593096,2.067595,0.1556,-0.3283
1787920958.804820,-0.436395,0.593918,2.065801,0.1594,-0.3283
1787920958.811080,-0.436790,0.594979,2.064003,0.1653,-0.3283
1787920958.818200,-0.437342,0.595702,2.062721,0.1535,-0.5421
1787920958.824324,-0.437838,0.596750,2.061789,0.1642,-0.5421
1787920958.831172,-0.438584,0.597525,2.059302,0.1603,-0.5421
1787920958.837881,-0.438910,0.598586,2.058300,0.1609,-0.5421
1787920958.844694,-0.438839,0.599581,2.058019,0.1499,-0.5421
1787920958.852570,-0.439416,0.600400,2.056709,0.1428,-0.5421
1787920958.857668,-0.440167,0.601424,2.054648,0.1738,-0.5421
1787920958.864476,-0.440445,0.602206,2.053696,0.1579,-0.5421
1787920958.873211,-0.441239,0.603135,2.051922,0.1514,-0.5421
1787920958.877646,-0.441472,0.604060,2.051281,0.1688,-0.5421
1787920958.884161,-0.441879,0.604908,2.050754,0.1615,-0.5421
1787920958.891541,-0.442127,0.606074,2.049909,0.1597,-0.5421
1787920958.897455,-0.442280,0.606933,2.049398,0.1540,-0.5421
1787920958.904492,-0.442707,0.607862,2.048680,0.1514,-0.5421
1787920958.910648,-0.443029,0.608777,2.047702,0.1528,-0.5421
1787920958.917520,-0.443571,0.609797,2.045941,0.1574,-0.5163
1787920958.924688,-0.445002,0.610690,2.042804,0.1707,-0.5163
1787920958.931318,-0.445036,0.611680,2.042724,0.1601,-0.5163
1787920958.937631,-0.445429,0.612628,2.042561,0.1607,-0.5163
1787920958.948185,-0.445842,0.613638,2.041414,0.1434,-0.5163
1787920958.954941,-0.446083,0.614591,2.040743,0.1429,-0.5163
1787920958.957722,-0.446076,0.615606,2.040261,0.1974,-0.5163
1787920958.965146,-0.446944,0.616458,2.037951,0.1847,-0.5163
1787920958.971210,-0.447715,0.617195,2.035984,0.1790,-0.5163
1787920958.977320,-0.448287,0.618164,2.034210,0.1804,-0.5163
1787920958.984175,-0.448825,0.619111,2.032508,0.1739,-0.5163
1787920958.990833,-0.449323,0.619773,2.030317,0.1584,-0.5163
1787920958.998032,-0.450057,0.620620,2.028155,0.1561,-0.5163
1787920959.004163,-0.449894,0.621580,2.027397,0.1479,-0.5163
1787920959.010618,-0.450508,0.622356,2.025536,0.1485,-0.5163
1787920959.017857,-0.451114,0.622893,2.023214,0.1349,-0.0000
1787920959.024080,-0.451555,0.623791,2.021586,0.1426,-0.0000
1787920959.032549,-0.451620,0.624589,2.020889,0.1263,-0.0000
1787920959.039678,-0.452839,0.625005,2.017376,0.1264,-0.0000
1787920959.044234,-0.453189,0.625913,2.015760,0.1524,-0.0000
1787920959.057518,-0.453530,0.626795,2.013923,0.1279,-0.0000
1787920959.058864,-0.453700,0.627191,2.013577,0.1856,-0.0000
1787920959.065201,-0.453794,0.628000,2.012696,0.1665,-0.0000
1787920959.070966,-0.453910,0.628588,2.011919,0.1468,-0.0000
1787920959.078009,-0.453991,0.628967,2.011419,0.1188,-0.0000
1787920959.084618,-0.454032,0.629381,2.011029,0.1010,-0.0000
1787920959.091169,-0.454382,0.629524,2.009765,0.0834,-0.0000
1787920959.097223,-0.454400,0.629894,2.009210,0.0754,-0.0000
1787920959.103836,-0.454359,0.630130,2.008688,0.0616,-0.0000
1787920959.111333,-0.454493,0.630517,2.007709,0.0595,-0.0000
1787920959.117530,-0.454494,0.630653,2.007336,0.0476,-0.0000
1787920959.125473,-0.454570,0.630686,2.007016,0.0357,-0.0000
1787920959.131257,-0.454907,0.630887,2.005980,0.0418,-0.0000
1787920959.137211,-0.454779,0.630937,2.005419,0.0288,-0.0000
1787920959.144891,-0.455450,0.630676,2.003071,0.0219,-0.0000
1787920959.151444,-0.455214,0.630584,2.002689,0.0070,-0.0000
1787920959.158698,-0.455274,0.630370,2.001781,-0.0021,-0.0000
1787920959.164331,-0.455244,0.630221,2.000903,-0.0094,-0.0000
1787920959.170718,-0.455258,0.630103,1.999902,-0.0113,-0.0000
1787920959.178018,-0.455168,0.629946,2.000069,-0.0153,-0.0000
1787920959.184806,-0.454995,0.629749,1.999956,-0.0218,-0.0000
1787920959.190890,-0.454934,0.629646,2.000124,-0.0212,-0.0000
1787920959.198064,-0.454930,0.629558,2.000233,-0.0182,-0.0000
1787920959.203754,-0.454808,0.629478,2.000437,-0.0192,-0.0000
1787920959.211292,-0.454607,0.629369,2.001342,-0.0208,-0.0000
1787920959.217378,-0.454528,0.629505,2.001992,-0.0101,-0.0000
1787920959.228648,-0.454517,0.629447,2.002704,-0.0086,-0.0000
1787920959.231033,-0.454137,0.629441,2.004288,-0.0267,-0.0000
1787920959.238678,-0.453840,0.629641,2.005659,-0.0165,-0.0000
1787920959.244442,-0.453902,0.629906,2.006060,0.0023,-0.0000
1787920959.251946,-0.453801,0.629954,2.006173,0.0017,-0.0000
1787920959.261156,-0.454030,0.630028,2.005813,0.0065,-0.0000
1787920959.264554,-0.454334,0.629933,2.005531,0.0083,-0.0000
1787920959.270715,-0.454646,0.630042,2.004420,0.0170,-0.0000
1787920959.277585,-0.454510,0.630176,2.004427,0.0147,-0.0000
1787920959.284191,-0.454815,0.630199,2.003870,0.0171,-0.0000
1787920959.291019,-0.454475,0.630457,2.004380,0.0160,-0.0000
1787920959.298424,-0.454609,0.630449,2.004155,0.0131,-0.0000
1787920959.304377,-0.454636,0.630432,2.004359,0.0090,-0.0000
1787920959.310802,-0.454434,0.630622,2.004627,0.0104,-0.0000
1787920959.318003,-0.454592,0.630576,2.004192,0.0083,-0.0000
1787920959.324251,-0.454170,0.630629,2.005286,-0.0004,-0.0000
1787920959.331127,-0.454230,0.630661,2.005495,0.0021,-0.0000
1787920959.339818,-0.454363,0.630496,2.005257,-0.0018,-0.0000
1787920959.346124,-0.454132,0.630598,2.006126,-0.0015,-0.0000
1787920959.351376,-0.454369,0.630380,2.005592,-0.0066,-0.0000
1787920959.357479,-0.453910,0.630437,2.006178,-0.0116,-0.0000
1787920959.366623,-0.454293,0.630447,2.005151,-0.0026,-0.0000
1787920959.371187,-0.454064,0.630300,2.005687,-0.0169,-0.0000
1787920959.377964,-0.454079,0.630196,2.005625,-0.0157,-0.0000
1787920959.384506,-0.454160,0.630319,2.004806,-0.0043,-0.0000
1787920959.390777,-0.454091,0.630382,2.005012,-0.0017,-0.0000
1787920959.397911,-0.454081,0.630246,2.005006,-0.0065,-0.0000
1787920959.404359,-0.454177,0.630245,2.005139,-0.0028,-0.0000
1787920959.412175,-0.454142,0.630426,2.004924,0.0038,-0.0000
1787920959.417529,-0.454056,0.630385,2.005233,-0.0014,-0.0000
1787920959.425581,-0.454127,0.630344,2.005518,-0.0013,-0.0000
1787920959.430942,-0.454228,0.630376,2.005357,0.0031,-0.0000
1787920959.437325,-0.454299,0.630419,2.004965,0.0054,-0.0000
1787920959.444663,-0.454351,0.630557,2.004984,0.0098,-0.0000
1787920959.451133,-0.454168,0.630544,2.005658,0.0027,-0.0000
1787920959.457482,-0.453993,0.630480,2.006309,-0.0043,-0.0000
1787920959.465945,-0.454226,0.630497,2.005499,0.0010,-0.0000
1787920959.470850,-0.454055,0.630617,2.006083,0.0029,-0.0000
1787920959.478220,-0.453943,0.630594,2.006262,-0.0007,-0.0000
1787920959.484270,-0.454259,0.630452,2.005531,-0.0003,-0.0000
1787920959.490944,-0.454180,0.630683,2.005571,0.0077,-0.0000
1787920959.497887,-0.454327,0.630513,2.005186,0.0014,-0.0000
1787920959.504217,-0.454347,0.630372,2.005337,-0.0047,-0.0000
1787920959.511122,-0.454344,0.630420,2.005211,-0.0014,-0.0000
1787920959.517704,-0.454351,0.630464,2.004878,0.0009,-0.0000
1787920959.524478,-0.454298,0.630447,2.005193,-0.0010,-0.0000
1787920959.531309,-0.454045,0.630371,2.005497,-0.0084,-0.0000
1787920959.537757,-0.454207,0.630489,2.005242,0.0023,-0.0000
1787920959.545435,-0.453948,0.630476,2.005940,-0.0032,-0.0000
1787920959.551158,-0.454237,0.630288,2.005362,-0.0048,-0.0000
1787920959.557971,-0.453836,0.630410,2.006471,-0.0059,-0.0000
1787920959.564445,-0.454211,0.630443,2.005384,0.0046,-0.0000
1787920959.570950,-0.454012,0.630381,2.005951,-0.0033,-0.0000
1787920959.578336,-0.454416,0.630446,2.004944,0.0070,-0.0000
1787920959.584765,-0.454111,0.630516,2.005820,0.0019,-0.0000
1787920959.590858,-0.454255,0.630567,2.005455,0.0066,-0.0000
1787920959.599301,-0.454205,0.630647,2.005199,0.0064,-0.0000
1787920959.604150,-0.454147,0.630589,2.005534,-0.0003,-0.0000
1787920959.610457,-0.454327,0.630555,2.005013,0.0020,-0.0000
1787920959.618136,-0.454169,0.630546,2.005586,-0.0016,-0.0000
1787920959.624556,-0.453877,0.630505,2.006126,-0.0086,-0.0000
1787920959.630722,-0.454183,0.630527,2.005583,0.0012,-0.0000
1787920959.637659,-0.454052,0.630500,2.005971,-0.0026,-0.0000
1787920959.643850,-0.454035,0.630546,2.005587,-0.0001,-0.0000
1787920959.652373,-0.453893,0.630586,2.005984,-0.0009,-0.0000
1787920959.658041,-0.454324,0.630541,2.005122,0.0068,-0.0000
1787920959.664622,-0.454202,0.630523,2.005228,0.0017,-0.0000
1787920959.672791,-0.454119,0.630470,2.005563,-0.0019,-0.0000
1787920959.678311,-0.454222,0.630401,2.005403,-0.0024,-0.0000
1787920959.684631,-0.454260,0.630444,2.005150,0.0010,-0.0000
1787920959.691053,-0.454045,0.630611,2.005484,0.0035,-0.0000
1787920959.698734,-0.454201,0.630474,2.005188,0.0002,-0.0000
1787920959.704251,-0.454016,0.630475,2.005768,-0.0041,-0.0000
1787920959.710909,-0.454105,0.630492,2.005769,-0.0005,-0.0000
1787920959.717521,-0.454344,0.630318,2.005498,-0.0029,-0.0000
1787920959.724537,-0.453935,0.630540,2.006174,-0.0008,-0.0000
1787920959.730837,-0.454165,0.630474,2.005226,0.0012,-0.0000
1787920959.737322,-0.454108,0.630577,2.005799,0.0041,-0.0000
1787920959.745000,-0.454339,0.630497,2.005271,0.0038,-0.0000
1787920959.751366,-0.453999,0.630580,2.005810,-0.0006,-0.0000
1787920959.757819,-0.454314,0.630493,2.005307,0.0021,-0.0000
1787920959.763987,-0.454042,0.630645,2.005681,0.0026,-0.0000
1787920959.776290,-0.453991,0.630563,2.006112,-0.0005,-0.0000
1787920959.778684,-0.454026,0.630596,2.005802,0.0052,-0.0000
1787920959.784386,-0.453979,0.630504,2.006095,-0.0018,-0.0000
1787920959.790867,-0.453995,0.630570,2.005905,0.0019,-0.0000
1787920959.798231,-0.454149,0.630521,2.005456,0.0021,-0.0000
1787920959.804210,-0.454066,0.630561,2.005624,0.0016,-0.0000
1787920959.811291,-0.454147,0.630446,2.005298,-0.0019,-0.0000
1787920959.817624,-0.454393,0.630403,2.005007,0.0017,-0.0000
1787920959.824456,-0.453987,0.630551,2.006092,-0.0004,-0.0000
1787920959.830875,-0.454319,0.630546,2.005119,0.0060,-0.0000
1787920959.837661,-0.454230,0.630635,2.005209,0.0061,-0.0000
1787920959.844013,-0.454196,0.630520,2.005644,-0.0013,-0.0000
1787920959.852274,-0.454025,0.630481,2.005698,-0.0048,-0.0000
1787920959.858224,-0.454094,0.630618,2.005721,0.0044,-0.0000
1787920959.864530,-0.454201,0.630608,2.005481,0.0048,-0.0000
1787920959.871500,-0.454183,0.630366,2.005692,-0.0064,-0.0000
1787920959.878431,-0.454141,0.630392,2.005843,-0.0042,-0.0000
1787920959.884542,-0.454243,0.630490,2.005711,0.0035,-0.0000
1787920959.890641,-0.454042,0.630574,2.005787,0.0020,-0.0000
1787920959.897974,-0.454178,0.630530,2.005542,0.0021,-0.0000
1787920959.904779,-0.454362,0.630364,2.005288,-0.0017,-0.0000
1787920959.911625,-0.454284,0.630537,2.005094,0.0042,-0.0000
1787920959.917843,-0.454338,0.630429,2.005258,-0.0007,-0.0000
1787920959.924046,-0.454163,0.630479,2.005771,-0.0019,-0.0000
1787920959.930954,-0.454246,0.630486,2.005339,0.0005,-0.0000
1787920959.937947,-0.454187,0.630460,2.005544,-0.0017,-0.0000
1787920959.944930,-0.453887,0.630536,2.006549,-0.0037,-0.0000
1787920959.951231,-0.454243,0.630388,2.005559,-0.0018,-0.0000
1787920959.957618,-0.454181,0.630531,2.005312,0.0036,-0.0000
1787920959.965770,-0.454232,0.630626,2.005125,0.0065,-0.0000
1787920959.971269,-0.454174,0.630602,2.005246,0.0020,-0.0000
1787920959.979914,-0.454167,0.630543,2.005384,-0.0006,-0.0000
1787920959.984314,-0.454221,0.630480,2.005528,-0.0027,-0.0000
1787920959.992645,-0.454310,0.630363,2.005362,-0.0044,-0.0000
1787920959.999005,-0.454166,0.630496,2.005759,-0.0002,-0.0000
1787920960.004494,-0.453887,0.630607,2.005978,-0.0011,-0.0000
1787920960.011130,-0.454286,0.630492,2.005206,0.0021,-0.0000
1787920960.017286,-0.454210,0.630509,2.005652,0.0007,-0.0000
1787920960.024655,-0.454117,0.630451,2.005736,-0.0033,-0.0000
1787920960.031488,-0.454039,0.630482,2.005899,-0.0025,-0.0000
1787920960.037621,-0.454054,0.630583,2.005806,0.0030,-0.0000
1787920960.044073,-0.454172,0.630475,2.005476,-0.0001,-0.0000
1787920960.053528,-0.454153,0.630510,2.005563,0.0007,-0.0000
1787920960.057695,-0.454191,0.630547,2.005513,0.0040,-0.0000
1787920960.064126,-0.454251,0.630626,2.005088,0.0073,-0.0000
1787920960.070665,-0.454259,0.630547,2.005370,0.0020,-0.0000
1787920960.080877,-0.454229,0.630475,2.005503,-0.0009,-0.0000
1787920960.084578,-0.454107,0.630491,2.005759,-0.0036,-0.0000
1787920960.091799,-0.454324,0.630392,2.005311,-0.0024,-0.0000
1787920960.097506,-0.454143,0.630498,2.005612,-0.0007,-0.0000
1787920960.104936,-0.453534,0.630838,2.006373,0.0016,-0.0000
1787920960.111372,-0.453422,0.630889,2.006732,0.0010,-0.0000
1787920960.117412,-0.453663,0.630770,2.006561,0.0004,-0.0000
1787920960.124695,-0.453676,0.630889,2.005924,0.0050,-0.0000
1787920960.131388,-0.453456,0.630850,2.006526,-0.0023,-0.0000
1787920960.137509,-0.453694,0.630829,2.006264,0.0024,-0.0000
1787920960.145215,-0.453737,0.630841,2.005939,0.0028,-0.0000
1787920960.151247,-0.453703,0.630868,2.006371,0.0025,-0.0000
1787920960.159466,-0.453695,0.630891,2.006166,0.0024,-0.0000
1787920960.165423,-0.453814,0.630642,2.006056,-0.0072,-0.0000
1787920960.170734,-0.453599,0.630895,2.006262,0.0028,-0.0000
1787920960.178055,-0.453791,0.630896,2.005749,0.0053,-0.0000
1787920960.184946,-0.453467,0.630834,2.006792,-0.0047,-0.0000
1787920960.190629,-0.453667,0.630635,2.006620,-0.0084,-0.0000
1787920960.197762,-0.453696,0.630829,2.006172,0.0021,-0.0000
1787920960.204583,-0.453441,0.630945,2.006272,0.0013,-0.0000
1787920960.211084,-0.453520,0.630867,2.006427,-0.0008,-0.0000
1787920960.217950,-0.453567,0.630862,2.006218,0.0001,-0.0000
1787920960.223885,-0.453706,0.630899,2.006129,0.0047,-0.0000
1787920960.231070,-0.453591,0.630826,2.006282,-0.0014,-0.0000
1787920960.238134,-0.453679,0.630790,2.006285,-0.0008,-0.0000
1787920960.243786,-0.453740,0.630930,2.006117,0.0075,-0.0000
1787920960.251867,-0.453865,0.630645,2.006020,-0.0024,-0.0000
1787920960.257464,-0.453746,0.630850,2.005836,0.0056,-0.0000
1787920960.267792,-0.453731,0.630892,2.006032,0.0049,-0.0000
1787920960.271020,-0.453704,0.630832,2.005877,-0.0027,-0.0000
1787920960.277723,-0.453444,0.630776,2.006591,-0.0091,-0.0000
1787920960.285138,-0.453625,0.630912,2.006104,0.0017,-0.0000
1787920960.291268,-0.453501,0.630942,2.006475,-0.0000,-0.0000
1787920960.298788,-0.453616,0.630838,2.006178,-0.0018,-0.0000
1787920960.304909,-0.453624,0.630676,2.006434,-0.0083,-0.0000
1787920960.310682,-0.453754,0.630800,2.006228,0.0029,-0.0000
1787920960.317972,-0.453481,0.630794,2.006811,-0.0030,-0.0000
1787920960.323900,-0.453658,0.630795,2.006085,0.0018,-0.0000
1787920960.331531,-0.453467,0.630925,2.006570,0.0027,-0.0000
1787920960.337574,-0.453832,0.630762,2.005819,0.0022,-0.0000
1787920960.345278,-0.453718,0.630901,2.005975,0.0046,-0.0000
1787920960.351044,-0.453558,0.630869,2.006535,-0.0018,-0.0000
1787920960.357305,-0.453629,0.630959,2.006137,0.0041,-0.0000
1787920960.364541,-0.453754,0.630896,2.005905,0.0026,-0.0000
1787920960.371264,-0.453823,0.631009,2.005700,0.0077,-0.0000
1787920960.377598,-0.453744,0.630756,2.006290,-0.0070,-0.0000
1787920960.387843,-0.453721,0.630830,2.006055,-0.0032,-0.0000
1787920960.391977,-0.453629,0.630869,2.006264,-0.0025,-0.0000
1787920960.397727,-0.453466,0.630709,2.006857,-0.0129,-0.0000
1787920960.404659,-0.453335,0.630799,2.007206,-0.0079,-0.0000
1787920960.411107,-0.453790,0.630764,2.006184,0.0019,-0.0000
1787920960.417451,-0.453388,0.631068,2.006721,0.0063,-0.0000
1787920960.423912,-0.453434,0.630753,2.006685,-0.0079,-0.0000
1787920960.431969,-0.453371,0.630833,2.006857,-0.0038,-0.0000
1787920960.437839,-0.453899,0.630863,2.005608,0.0101,-0.0000
1787920960.444335,-0.453682,0.630843,2.006119,0.0020,-0.0000
1787920960.451518,-0.453885,0.630834,2.005752,0.0046,-0.0000
1787920960.457518,-0.453734,0.630861,2.005944,0.0013,-0.0000
1787920960.466214,-0.453840,0.630805,2.006025,0.0007,-0.0000
1787920960.472639,-0.453675,0.630795,2.006294,-0.0032,-0.0000
1787920960.477626,-0.453633,0.630921,2.006185,0.0036,-0.0000
1787920960.484162,-0.453647,0.630857,2.006284,0.0001,-0.0000
1787920960.491350,-0.453530,0.630924,2.006372,0.0006,-0.0000
1787920960.497634,-0.453688,0.630875,2.006004,0.0014,-0.0000
1787920960.504740,-0.453647,0.630915,2.006177,0.0018,-0.0000
1787920960.510538,-0.453607,0.630832,2.006455,-0.0035,-0.0000
1787920960.517495,-0.453530,0.630897,2.006501,-0.0013,0.3000
1787920960.524542,-0.453634,0.630878,2.006049,0.0002,0.3000
1787920960.530739,-0.453706,0.630859,2.006155,0.0008,0.3000
1787920960.537821,-0.453668,0.630895,2.006037,0.0012,0.3000
1787920960.544011,-0.453812,0.630869,2.005813,0.0027,0.3000
1787920960.551297,-0.453652,0.630849,2.006423,-0.0016,0.3000
1787920960.558984,-0.453778,0.630852,2.005835,0.0010,0.3000
1787920960.564062,-0.453768,0.630818,2.006038,-0.0014,0.3000
1787920960.570995,-0.453873,0.630809,2.005606,0.0006,0.3000
1787920960.577512,-0.453509,0.630970,2.006303,0.0001,0.3000
1787920960.584821,-0.453682,0.630871,2.005848,-0.0006,0.3000
1787920960.594042,-0.453603,0.630998,2.005945,0.0022,0.3000
1787920960.597851,-0.453659,0.630750,2.006098,-0.0143,0.3000
1787920960.604355,-0.453848,0.630790,2.004988,-0.0047,0.3000
1787920960.611598,-0.454076,0.630582,2.004020,-0.0071,0.6000
1787920960.618238,-0.453992,0.630576,2.003644,-0.0068,0.6000
1787920960.624398,-0.454150,0.630493,2.002916,-0.0052,0.6000
1787920960.630832,-0.454065,0.630493,2.003126,-0.0053,0.6000
1787920960.638080,-0.454255,0.630504,2.002316,-0.0000,0.6000
1787920960.644285,-0.454372,0.630332,2.002016,-0.0052,0.6000
1787920960.651160,-0.453912,0.630485,2.002971,-0.0060,0.6000
1787920960.657441,-0.454153,0.630283,2.002384,-0.0081,0.6000
1787920960.664843,-0.454129,0.630335,2.002955,-0.0042,0.6000
1787920960.671551,-0.453738,0.630485,2.004182,-0.0042,0.6000
1787920960.678448,-0.453418,0.630515,2.005483,-0.0076,0.6000
1787920960.683794,-0.453330,0.630648,2.006441,-0.0007,0.6000
1787920960.691066,-0.453074,0.630756,2.007544,-0.0009,0.6000
1787920960.699768,-0.452903,0.630889,2.008127,0.0010,0.6000
1787920960.704621,-0.452848,0.630949,2.008265,0.0027,0.6000
1787920960.711269,-0.452810,0.631059,2.008318,0.0056,0.6000
1787920960.717518,-0.452938,0.631049,2.008171,0.0061,0.7000
1787920960.724208,-0.452912,0.631049,2.008455,0.0038,0.7000
1787920960.731290,-0.452743,0.631041,2.008567,-0.0007,0.7000
1787920960.737338,-0.452389,0.631345,2.009163,0.0057,0.7000
1787920960.745276,-0.452514,0.631345,2.008797,0.0060,0.7000
1787920960.751390,-0.452513,0.631268,2.008853,0.0008,0.7000
1787920960.757448,-0.452461,0.631497,2.008860,0.0097,0.7000
1787920960.764429,-0.452608,0.631592,2.008672,0.0132,0.7000
1787920960.773506,-0.452635,0.631515,2.009074,0.0073,0.7000
1787920960.779764,-0.452163,0.631752,2.010257,0.0057,0.7000
1787920960.786718,-0.452246,0.631812,2.010404,0.0079,0.7000
1787920960.790747,-0.451545,0.632076,2.011826,0.0010,0.7000
1787920960.797566,-0.451500,0.632016,2.012593,-0.0025,0.7000
1787920960.804360,-0.451538,0.632144,2.012421,0.0041,0.7000
1787920960.810843,-0.451265,0.632150,2.013060,-0.0023,0.7000
1787920960.817865,-0.451391,0.632105,2.012656,-0.0011,0.7000
1787920960.824263,-0.451985,0.632523,2.010950,0.0288,0.7000
1787920960.830842,-0.451519,0.632154,2.012306,-0.0041,0.7000
1787920960.837681,-0.451932,0.632121,2.011121,0.0036,0.7000
1787920960.843926,-0.452198,0.632211,2.010275,0.0118,0.7000
1787920960.850984,-0.452010,0.632023,2.010951,-0.0024,0.7000
1787920960.857596,-0.452171,0.631849,2.010212,-0.0057,0.7000
1787920960.867689,-0.452098,0.631821,2.010698,-0.0057,0.7000
1787920960.871152,-0.452133,0.631758,2.010633,-0.0076,0.7000
1787920960.877547,-0.452223,0.631562,2.010608,-0.0118,0.7000
1787920960.884186,-0.452593,0.631437,2.009989,-0.0063,0.7000
1787920960.891509,-0.452284,0.631492,2.010885,-0.0078,0.7000
1787920960.899698,-0.452360,0.631483,2.010906,-0.0045,0.7000
1787920960.904292,-0.452292,0.631473,2.011267,-0.0057,0.7000
1787920960.910751,-0.452303,0.631273,2.011787,-0.0122,0.7000
1787920960.918108,-0.452341,0.631261,2.012147,-0.0083,0.7000
1787920960.924455,-0.451986,0.631226,2.012802,-0.0145,0.7000
1787920960.930799,-0.451930,0.631140,2.012991,-0.0149,0.7000
1787920960.937617,-0.451698,0.631006,2.013355,-0.0201,0.7000
1787920960.944542,-0.451886,0.630758,2.013058,-0.0203,0.7000
1787920960.951700,-0.451620,0.630565,2.013459,-0.0263,0.7000
1787920960.957636,-0.451384,0.630534,2.013539,-0.0249,0.7000
1787920960.964046,-0.451301,0.630115,2.013505,-0.0369,0.7000
1787920960.970810,-0.451025,0.629646,2.013450,-0.0498,0.7000
1787920960.978266,-0.450941,0.629112,2.013043,-0.0557,0.7000
1787920960.984622,-0.450602,0.628646,2.012698,-0.0657,0.7000
1787920960.991389,-0.450107,0.627967,2.012277,-0.0826,0.7000
1787920960.998307,-0.449862,0.627274,2.011534,-0.0896,0.7000
1787920961.005122,-0.449360,0.626586,2.010959,-0.0995,0.7000
1787920961.011008,-0.448966,0.626029,2.009235,-0.1039,0.7000
1787920961.017805,-0.448489,0.625428,2.008008,-0.1057,0.7000
1787920961.025147,-0.448805,0.624799,2.005674,-0.0918,0.7000
1787920961.031196,-0.447611,0.624397,2.005082,-0.1073,0.7000
1787920961.037492,-0.447224,0.623489,2.003850,-0.1221,0.7000
1787920961.044261,-0.446593,0.622542,2.003471,-0.1353,0.7000
1787920961.051421,-0.445717,0.621745,2.003221,-0.1404,0.7000
1787920961.058013,-0.445015,0.620670,2.002011,-0.1561,0.7000
1787920961.064520,-0.444369,0.619705,2.001799,-0.1621,0.7000
1787920961.071380,-0.444212,0.618768,2.000573,-0.1536,0.7000
1787920961.077793,-0.443702,0.617770,1.999316,-0.1599,0.7000
1787920961.084832,-0.442611,0.616947,1.999412,-0.1631,0.7000
1787920961.091725,-0.441828,0.615923,1.999120,-0.1689,0.7000
1787920961.097657,-0.441275,0.614980,1.998565,-0.1732,0.7000
1787920961.106678,-0.440749,0.613836,1.996983,-0.1631,0.7000
1787920961.110760,-0.440288,0.612773,1.996052,-0.1993,0.7000
1787920961.117558,-0.440050,0.611904,1.994608,-0.1788,0.6907
1787920961.124731,-0.438931,0.610685,1.994229,-0.1909,0.6907
1787920961.130932,-0.438542,0.609472,1.992909,-0.1948,0.6907
1787920961.137506,-0.437525,0.608636,1.992308,-0.1902,0.6907
1787920961.144160,-0.437110,0.607608,1.990236,-0.1831,0.6907
1787920961.150757,-0.436620,0.606447,1.989064,-0.1855,0.6907
1787920961.158071,-0.436316,0.605492,1.987047,-0.1707,0.6907
1787920961.164922,-0.435563,0.604243,1.985183,-0.1828,0.6907
1787920961.195863,-0.434341,0.603124,1.984593,-0.1427,0.6907
1787920961.198071,-0.433902,0.601916,1.982663,-0.2742,0.6907
1787920961.199401,-0.433329,0.600785,1.980461,-0.4772,0.6907
1787920961.200227,-0.432829,0.599627,1.978875,-0.7920,0.6907
1787920961.201129,-0.432361,0.598284,1.976567,-1.0263,0.6907
1787920961.208009,-0.431363,0.596969,1.975826,-0.7883,0.6907
1787920961.211442,-0.430433,0.595684,1.974156,-0.6870,0.6907
1787920961.217466,-0.430075,0.594705,1.970849,-0.5327,0.6697
1787920961.225167,-0.429632,0.593313,1.968501,-0.4296,0.6697
1787920961.231571,-0.428577,0.591759,1.967193,-0.3870,0.6697
1787920961.237753,-0.427748,0.590521,1.965601,-0.3418,0.6697
1787920961.244505,-0.427023,0.589102,1.963151,-0.3098,0.6697
1787920961.251387,-0.426757,0.587950,1.960205,-0.2677,0.6697
1787920961.257212,-0.425616,0.586475,1.958925,-0.2800,0.6697
1787920961.264166,-0.425064,0.584882,1.955937,-0.2686,0.6697
1787920961.270846,-0.424421,0.583565,1.953674,-0.2537,0.6697
1787920961.277409,-0.423692,0.582282,1.951222,-0.2444,0.6697
1787920961.285697,-0.423166,0.580745,1.949534,-0.2298,0.6697
1787920961.292685,-0.421984,0.579287,1.947944,-0.2378,0.6697
1787920961.297380,-0.421441,0.578040,1.945158,-0.2533,0.6697
1787920961.304320,-0.420204,0.576641,1.944879,-0.2531,0.6697
1787920961.311521,-0.419949,0.575395,1.942294,-0.2294,0.6697
1787920961.317536,-0.418913,0.574020,1.940802,-0.2432,0.6587
1787920961.324375,-0.417793,0.572882,1.940353,-0.2346,0.6587
1787920961.330756,-0.417586,0.571466,1.937406,-0.2298,0.6587
1787920961.337479,-0.416727,0.570258,1.936264,-0.2249,0.6587
1787920961.346022,-0.415744,0.568859,1.935098,-0.2156,0.6587
1787920961.350616,-0.414539,0.567638,1.934187,-0.2535,0.6587
1787920961.357438,-0.414352,0.566218,1.931912,-0.2387,0.6587
1787920961.364325,-0.413392,0.565232,1.930779,-0.2221,0.6587
1787920961.370861,-0.412735,0.563882,1.929168,-0.2240,0.6587
1787920961.378738,-0.412140,0.563153,1.927155,-0.1908,0.6587
1787920961.385092,-0.411046,0.561617,1.926445,-0.2195,0.6587
1787920961.390975,-0.410513,0.560512,1.925142,-0.2159,0.6587
1787920961.398412,-0.410377,0.559396,1.921734,-0.1953,0.6587
1787920961.405661,-0.409690,0.558143,1.919701,-0.1952,0.6587
1787920961.412814,-0.409010,0.556824,1.917893,-0.1984,0.7000
1787920961.417492,-0.407381,0.555720,1.917254,-0.2409,0.7000
1787920961.424372,-0.407143,0.554403,1.914306,-0.2262,0.7000
1787920961.430843,-0.406640,0.552982,1.911146,-0.2282,0.7000
1787920961.437533,-0.405527,0.551642,1.909916,-0.2330,0.7000
1787920961.444429,-0.405566,0.550104,1.906171,-0.2257,0.7000
1787920961.450848,-0.404963,0.548792,1.902809,-0.2252,0.7000
1787920961.458971,-0.404667,0.547233,1.899719,-0.2157,0.7000
1787920961.465951,-0.403853,0.545607,1.896872,-0.2284,0.7000
1787920961.471268,-0.403079,0.544157,1.894546,-0.2513,0.7000
1787920961.477818,-0.402626,0.542386,1.890835,-0.2594,0.7000
1787920961.484038,-0.402087,0.540859,1.887739,-0.2597,0.7000
1787920961.490746,-0.400747,0.539466,1.886199,-0.2596,0.7000
1787920961.497730,-0.400440,0.537722,1.882770,-0.2571,0.7000
1787920961.504689,-0.399982,0.536206,1.878703,-0.2482,0.7000
1787920961.514041,-0.399135,0.534403,1.876171,-0.2371,0.7000
1787920961.518255,-0.398311,0.532974,1.873742,-0.2805,0.7000
1787920961.524121,-0.397806,0.531383,1.871044,-0.2817,0.7000
1787920961.530766,-0.396439,0.529768,1.870294,-0.2851,0.7000
1787920961.538228,-0.395125,0.528205,1.868488,-0.2751,0.7000
1787920961.545264,-0.395011,0.526554,1.865589,-0.2613,0.7000
1787920961.551348,-0.394359,0.525323,1.863134,-0.2504,0.7000
1787920961.557504,-0.393312,0.523577,1.861565,-0.2714,0.7000
1787920961.564090,-0.392678,0.522249,1.859310,-0.2562,0.7000
1787920961.571316,-0.391716,0.520474,1.857912,-0.2613,0.7000
1787920961.578379,-0.391003,0.518937,1.855660,-0.2541,0.7000
1787920961.583947,-0.389998,0.517616,1.854285,-0.2613,0.7000
1787920961.592839,-0.389187,0.516104,1.852534,-0.2396,0.7000
1787920961.600248,-0.388078,0.514511,1.852247,-0.2421,0.7000
1787920961.604515,-0.387266,0.513307,1.850428,-0.2666,0.7000
1787920961.610960,-0.386442,0.511595,1.848977,-0.2738,0.7000
1787920961.618231,-0.386185,0.510203,1.846654,-0.2498,0.7000
1787920961.624557,-0.385137,0.508994,1.844998,-0.2435,0.7000
1787920961.630822,-0.384387,0.507369,1.843243,-0.2550,0.7000
1787920961.637810,-0.383759,0.505856,1.841340,-0.2483,0.7000
1787920961.644181,-0.383561,0.504648,1.838358,-0.2312,0.7000
1787920961.650651,-0.382640,0.502938,1.836861,-0.2495,0.7000
1787920961.658801,-0.381605,0.501456,1.835437,-0.2373,0.7000
1787920961.664234,-0.381228,0.500054,1.831926,-0.2463,0.7000
1787920961.671173,-0.380806,0.498247,1.829998,-0.2526,0.7000
1787920961.678313,-0.380175,0.496945,1.827531,-0.2365,0.7000
1787920961.687298,-0.379087,0.495194,1.825848,-0.2312,0.7000
1787920961.691941,-0.379035,0.493528,1.822535,-0.2670,0.7000
1787920961.697685,-0.378359,0.491791,1.819728,-0.2835,0.7000
1787920961.705371,-0.377289,0.490302,1.818159,-0.2650,0.7000
1787920961.710962,-0.376604,0.488529,1.815206,-0.2867,0.7000
1787920961.720218,-0.376349,0.486872,1.812245,-0.2548,0.7000
1787920961.724712,-0.375492,0.485054,1.810265,-0.3098,0.7000
1787920961.731061,-0.374823,0.483495,1.807777,-0.2959,0.7000
1787920961.737351,-0.374210,0.481741,1.805100,-0.2953,0.7000
1787920961.744714,-0.373905,0.480093,1.801397,-0.2749,0.7000
1787920961.751902,-0.372650,0.478400,1.800787,-0.2732,0.7000
1787920961.757794,-0.372212,0.476845,1.798027,-0.2734,0.7000
1787920961.764043,-0.372315,0.474836,1.795087,-0.2843,0.7000
1787920961.770896,-0.370928,0.473410,1.793666,-0.2733,0.7000
1787920961.777527,-0.369923,0.471599,1.792346,-0.2812,0.7000
1787920961.784839,-0.370283,0.469917,1.788678,-0.2611,0.7000
1787920961.790968,-0.368930,0.468473,1.787631,-0.2660,0.7000
1787920961.798617,-0.368236,0.466756,1.785649,-0.2578,0.7000
1787920961.804568,-0.368182,0.464966,1.782390,-0.2693,0.7000
1787920961.810712,-0.367358,0.463163,1.781482,-0.2830,0.7000
1787920961.817451,-0.366792,0.462193,1.777897,-0.2455,0.7000
1787920961.825756,-0.366071,0.460291,1.776452,-0.2444,0.7000
1787920961.830924,-0.366086,0.458843,1.773098,-0.2533,0.7000
1787920961.837548,-0.365707,0.457315,1.769955,-0.2485,0.7000
1787920961.844804,-0.364915,0.455875,1.768094,-0.2388,0.7000
1787920961.851187,-0.364443,0.454263,1.765452,-0.2458,0.7000
1787920961.857513,-0.364046,0.452417,1.763037,-0.2616,0.7000
1787920961.864733,-0.363342,0.450928,1.760480,-0.2493,0.7000
1787920961.870780,-0.362153,0.449223,1.759050,-0.2687,0.7000
1787920961.877692,-0.361968,0.447452,1.755912,-0.2651,0.7000
1787920961.884011,-0.361281,0.445417,1.754309,-0.2865,0.7000
1787920961.891262,-0.360885,0.444066,1.751196,-0.2585,0.7000
1787920961.899944,-0.359646,0.442136,1.750075,-0.2542,0.7000
1787920961.905506,-0.359666,0.440352,1.746639,-0.2725,0.7000
1787920961.911527,-0.358815,0.438584,1.744461,-0.2849,0.7000
1787920961.917459,-0.358256,0.436885,1.742441,-0.2889,0.7000
1787920961.925479,-0.357782,0.435265,1.739989,-0.2649,0.7000
1787920961.931337,-0.357362,0.433615,1.737480,-0.2723,0.7000
1787920961.937469,-0.356784,0.431960,1.734740,-0.2752,0.7000
1787920961.944873,-0.356033,0.430193,1.733357,-0.2682,0.7000
1787920961.951091,-0.355912,0.428682,1.729880,-0.2606,0.7000
1787920961.958124,-0.355836,0.427094,1.727465,-0.2498,0.7000
1787920961.964909,-0.354622,0.425202,1.726221,-0.2659,0.7000
1787920961.970890,-0.353936,0.423743,1.724343,-0.2637,0.7000
1787920961.977438,-0.353328,0.422046,1.722173,-0.2656,0.7000
1787920961.984231,-0.352787,0.420497,1.720386,-0.2571,0.7000
1787920961.992752,-0.352393,0.418714,1.717835,-0.2442,0.7000
1787920961.998082,-0.352192,0.417542,1.714875,-0.2378,0.7000
1787920962.004534,-0.352536,0.415685,1.711199,-0.2497,0.7000
1787920962.011574,-0.351267,0.414268,1.710151,-0.2421,0.7000
1787920962.017629,-0.351383,0.412379,1.707015,-0.2614,0.7000
1787920962.026299,-0.351396,0.410962,1.703370,-0.2315,0.7000
1787920962.034279,-0.350788,0.409527,1.700726,-0.2185,0.7000
1787920962.037633,-0.350221,0.407803,1.698310,-0.3124,0.7000
1787920962.045839,-0.349737,0.406156,1.696436,-0.2806,0.7000
1787920962.051051,-0.349574,0.404140,1.693830,-0.3128,0.7000
1787920962.057582,-0.349084,0.402501,1.690812,-0.2964,0.7000
1787920962.063946,-0.348655,0.400970,1.688339,-0.2815,0.7000
1787920962.071314,-0.348390,0.398990,1.685756,-0.2784,0.7000
1787920962.077853,-0.348390,0.397271,1.682410,-0.2733,0.7000
1787920962.084103,-0.347412,0.395721,1.680850,-0.2703,0.7000
1787920962.091329,-0.347466,0.393715,1.677396,-0.2718,0.7000
1787920962.097389,-0.346780,0.391998,1.675820,-0.2784,0.7000
1787920962.104695,-0.346416,0.390404,1.672776,-0.2615,0.7000
1787920962.111166,-0.345548,0.388543,1.671641,-0.2730,0.7000
1787920962.118970,-0.346133,0.386833,1.666830,-0.2543,0.7000
1787920962.124290,-0.345156,0.384990,1.665919,-0.2867,0.7000
1787920962.131635,-0.344793,0.383334,1.663041,-0.2694,0.7000
1787920962.137536,-0.344001,0.381626,1.662052,-0.2787,0.7000
1787920962.144484,-0.343453,0.379966,1.659412,-0.2686,0.7000
1787920962.151320,-0.343255,0.378266,1.657323,-0.2631,0.7000
1787920962.157870,-0.343061,0.376643,1.654600,-0.2590,0.7000
1787920962.164483,-0.342419,0.375277,1.653248,-0.2455,0.7000
1787920962.171041,-0.342235,0.373408,1.650400,-0.2577,0.7000
1787920962.178783,-0.341677,0.372038,1.649005,-0.2350,0.7000
1787920962.184482,-0.341517,0.370181,1.646661,-0.2626,0.7000
1787920962.191127,-0.341069,0.368740,1.644336,-0.2502,0.7000
1787920962.198289,-0.340533,0.367187,1.642888,-0.2417,0.7000
1787920962.204027,-0.340606,0.365507,1.639721,-0.2565,0.7000
1787920962.212749,-0.339781,0.364061,1.638446,-0.2311,0.7000
1787920962.217379,-0.339009,0.362497,1.637321,-0.2662,0.7000
1787920962.224931,-0.339310,0.361097,1.633503,-0.2411,0.7000
1787920962.231477,-0.338446,0.359354,1.632652,-0.2510,0.7000
1787920962.237844,-0.338665,0.357855,1.629197,-0.2456,0.7000
1787920962.244570,-0.337859,0.356451,1.627218,-0.2364,0.7000
1787920962.251469,-0.338063,0.354730,1.624063,-0.2398,0.7000
1787920962.257928,-0.338014,0.353015,1.620856,-0.2475,0.7000
1787920962.264594,-0.337609,0.351307,1.618358,-0.2509,0.7000
1787920962.271158,-0.337284,0.349609,1.615929,-0.2538,0.7000
1787920962.278015,-0.336886,0.347903,1.613514,-0.2530,0.7000
1787920962.284504,-0.336436,0.345936,1.611307,-0.2688,0.7000
1787920962.291693,-0.335867,0.344232,1.608641,-0.2601,0.7000
1787920962.300710,-0.335891,0.342359,1.606266,-0.2443,0.7000
1787920962.304418,-0.335508,0.340457,1.602824,-0.3258,0.7000
1787920962.311079,-0.334703,0.338421,1.602072,-0.3209,0.7000
1787920962.317796,-0.335721,0.337360,1.595080,-0.2709,0.7000
1787920962.324381,-0.334614,0.335368,1.594566,-0.2816,0.7000
1787920962.333375,-0.334396,0.333577,1.592501,-0.2569,0.7000
1787920962.337893,-0.334027,0.331772,1.590066,-0.3002,0.7000
1787920962.344837,-0.333699,0.330095,1.588401,-0.2828,0.7000
1787920962.350805,-0.333159,0.327892,1.587240,-0.3091,0.7000
1787920962.357788,-0.332461,0.326054,1.585997,-0.2958,0.7000
1787920962.364480,-0.332378,0.324199,1.584071,-0.2903,0.7000
1787920962.371377,-0.332385,0.322647,1.580979,-0.2707,0.7000
1787920962.377771,-0.331914,0.320777,1.579407,-0.2774,0.7000
1787920962.385391,-0.330862,0.319210,1.579213,-0.2562,0.7000
1787920962.391800,-0.331172,0.317641,1.576081,-0.2527,0.7000
1787920962.398024,-0.330913,0.315849,1.574261,-0.2633,0.7000
1787920962.404650,-0.330781,0.314082,1.572276,-0.2643,0.7000
1787920962.412073,-0.330243,0.312562,1.570984,-0.2465,0.7000
1787920962.418272,-0.330862,0.310883,1.567514,-0.2539,0.7000
1787920962.424038,-0.330548,0.309277,1.565719,-0.2612,0.7000
1787920962.431257,-0.330375,0.307679,1.564106,-0.2492,0.7000
1787920962.438409,-0.330098,0.306024,1.561932,-0.2437,0.7000
1787920962.444306,-0.330030,0.304698,1.559137,-0.2380,0.7000
1787920962.451530,-0.330026,0.302856,1.557366,-0.2431,0.7000
1787920962.457304,-0.329592,0.301279,1.555832,-0.2518,0.7000
1787920962.465240,-0.329289,0.299582,1.553980,-0.2402,0.7000
1787920962.471122,-0.328935,0.297818,1.552399,-0.2577,0.7000
1787920962.477510,-0.329453,0.296123,1.548909,-0.2605,0.7000
1787920962.484329,-0.329385,0.294477,1.546476,-0.2547,0.7000
1787920962.490651,-0.329070,0.293021,1.543125,-0.2469,0.7000
1787920962.498187,-0.328830,0.290958,1.540831,-0.2547,0.7000
1787920962.504686,-0.329000,0.289156,1.537602,-0.2617,0.7000
1787920962.510911,-0.329259,0.287387,1.533337,-0.2688,0.7000
1787920962.517599,-0.329285,0.285608,1.530267,-0.2680,0.7000
1787920962.524924,-0.329006,0.283713,1.527894,-0.2646,0.7000
1787920962.530759,-0.329030,0.281842,1.524394,-0.2814,0.7000
1787920962.538578,-0.328839,0.279860,1.522400,-0.2726,0.7000
1787920962.544577,-0.328842,0.278133,1.518565,-0.2770,0.7000
1787920962.550924,-0.328827,0.276245,1.516111,-0.2830,0.7000
1787920962.557638,-0.328627,0.274296,1.513585,-0.2845,0.7000
1787920962.564113,-0.328314,0.272388,1.511907,-0.2866,0.7000
1787920962.571081,-0.328104,0.270337,1.509787,-0.2882,0.7000
1787920962.577746,-0.327644,0.268669,1.507606,-0.2754,0.7000
1787920962.584988,-0.327504,0.266720,1.505401,-0.2729,0.7000
1787920962.590950,-0.327741,0.264920,1.502815,-0.2822,0.7000
1787920962.597442,-0.327138,0.263321,1.500600,-0.2693,0.7000
1787920962.604483,-0.327272,0.261487,1.498296,-0.2668,0.7000
1787920962.611357,-0.327006,0.259695,1.496477,-0.2639,0.7000
1787920962.617493,-0.326775,0.257936,1.494477,-0.2696,0.7000
1787920962.624274,-0.326629,0.256462,1.491909,-0.2533,0.7000
1787920962.630987,-0.326155,0.254577,1.490847,-0.2595,0.7000
1787920962.641045,-0.326537,0.252960,1.487806,-0.2307,0.7000
1787920962.645174,-0.326412,0.251350,1.485864,-0.2773,0.7000
1787920962.650876,-0.325919,0.249620,1.484332,-0.2825,0.7000
1787920962.657531,-0.325821,0.248045,1.482628,-0.2681,0.7000
1787920962.664253,-0.325817,0.246405,1.480385,-0.2606,0.7000
1787920962.671855,-0.325842,0.244852,1.477944,-0.2435,0.7000
1787920962.677768,-0.326133,0.243281,1.475198,-0.2512,0.7000
1787920962.684174,-0.325935,0.241592,1.473362,-0.2537,0.7000
1787920962.691301,-0.325789,0.239902,1.471035,-0.2478,0.7000
1787920962.697641,-0.325571,0.238217,1.468832,-0.2517,0.7000
1787920962.704206,-0.325840,0.236380,1.466392,-0.2610,0.7000
1787920962.711894,-0.325501,0.234603,1.463827,-0.2502,0.7000
1787920962.719131,-0.325975,0.232833,1.460028,-0.2502,0.7000
1787920962.725484,-0.326179,0.230945,1.456894,-0.2649,0.7000
1787920962.731213,-0.325665,0.228972,1.455039,-0.2849,0.7000
1787920962.737752,-0.325784,0.227038,1.451838,-0.2882,0.7000
1787920962.745910,-0.326275,0.225351,1.447538,-0.2655,0.7000
1787920962.751177,-0.326742,0.223324,1.444274,-0.3038,0.7000
1787920962.757389,-0.325884,0.221334,1.442713,-0.3026,0.7000
1787920962.764484,-0.326189,0.219250,1.439427,-0.3009,0.7000
1787920962.772965,-0.326414,0.217525,1.436503,-0.2722,0.7000
1787920962.777596,-0.326206,0.215290,1.434273,-0.3321,0.7000
1787920962.785527,-0.326294,0.213464,1.432421,-0.3013,0.7000
1787920962.790738,-0.326065,0.211464,1.430510,-0.3231,0.7000
1787920962.798379,-0.325754,0.209463,1.428524,-0.3022,0.7000
1787920962.804132,-0.325638,0.207684,1.427424,-0.3025,0.7000
1787920962.812603,-0.325607,0.205902,1.425162,-0.2740,0.7000
1787920962.818128,-0.325239,0.203807,1.423972,-0.3014,0.7000
1787920962.824652,-0.325203,0.202101,1.421381,-0.2883,0.7000
1787920962.831397,-0.324747,0.200105,1.420752,-0.2866,0.7000
1787920962.839062,-0.325045,0.198395,1.417972,-0.2685,0.7000
1787920962.845278,-0.325037,0.196410,1.416115,-0.2826,0.7000
1787920962.851082,-0.325181,0.194993,1.413489,-0.2713,0.7000
1787920962.859818,-0.325275,0.193194,1.411179,-0.2514,0.7000
1787920962.864353,-0.325192,0.191680,1.409634,-0.2740,0.7000
1787920962.871574,-0.325155,0.190077,1.406369,-0.2572,0.7000
1787920962.877796,-0.325105,0.188354,1.405118,-0.2616,0.7000
1787920962.883937,-0.325716,0.186784,1.401692,-0.2637,0.7000
1787920962.890749,-0.325459,0.184848,1.400332,-0.2667,0.7000
1787920962.898114,-0.325285,0.183071,1.398153,-0.2568,0.7000
1787920962.904556,-0.325574,0.181508,1.395067,-0.2538,0.7000
1787920962.910813,-0.325701,0.179620,1.392484,-0.2678,0.7000
1787920962.917834,-0.326268,0.178170,1.388750,-0.2528,0.7000
1787920962.924588,-0.326287,0.176247,1.386677,-0.2611,0.7000
1787920962.930754,-0.326610,0.174420,1.383469,-0.2730,0.7000
1787920962.939176,-0.327049,0.173030,1.380030,-0.2427,0.7000
1787920962.947972,-0.327108,0.171184,1.377240,-0.2321,0.7000
1787920962.951169,-0.326797,0.169294,1.375554,-0.3307,0.7000
1787920962.957463,-0.327118,0.167247,1.372937,-0.3302,0.7000
1787920962.963882,-0.327943,0.165728,1.368609,-0.3084,0.7000
1787920962.971130,-0.328169,0.164191,1.365772,-0.2801,0.7000
1787920962.977222,-0.327402,0.161909,1.364855,-0.2983,0.7000
1787920962.984428,-0.328015,0.160086,1.361935,-0.2884,0.7000
1787920962.991359,-0.328037,0.158295,1.359500,-0.2778,0.7000
1787920962.997745,-0.327961,0.156362,1.357530,-0.2825,0.7000
1787920963.004399,-0.328408,0.154592,1.354934,-0.2800,0.7000
1787920963.010931,-0.328750,0.152814,1.351848,-0.2791,0.7000
1787920963.017528,-0.328506,0.150900,1.350485,-0.2779,0.7000
1787920963.026339,-0.328015,0.148853,1.349156,-0.2589,0.7000
1787920963.032690,-0.328940,0.147264,1.346019,-0.2641,0.7000
1787920963.037408,-0.328655,0.145299,1.344229,-0.3025,0.7000
1787920963.044083,-0.328916,0.143594,1.342104,-0.2891,0.7000
1787920963.051844,-0.328935,0.141755,1.340073,-0.2717,0.7000
1787920963.058109,-0.328920,0.140078,1.338516,-0.2682,0.7000
1787920963.064070,-0.329436,0.138412,1.335620,-0.2753,0.7000
1787920963.071042,-0.329599,0.136742,1.333056,-0.2642,0.7000
1787920963.079088,-0.329586,0.134871,1.331427,-0.2526,0.7000
1787920963.084278,-0.329909,0.132974,1.328998,-0.2878,0.7000
1787920963.090985,-0.329850,0.131392,1.326819,-0.2695,0.7000
1787920963.097807,-0.330593,0.129707,1.323601,-0.2685,0.7000
1787920963.104521,-0.330571,0.127930,1.321300,-0.2646,0.7000
1787920963.110785,-0.331220,0.126354,1.317912,-0.2661,0.7000
1787920963.119398,-0.330951,0.124555,1.316780,-0.2446,0.7000
1787920963.124251,-0.331075,0.122535,1.315160,-0.2939,0.7000
1787920963.130937,-0.331721,0.120956,1.311962,-0.2817,0.7000
1787920963.137407,-0.331826,0.119272,1.309741,-0.2738,0.7000
1787920963.145741,-0.332101,0.117516,1.307629,-0.2553,0.7000
1787920963.153139,-0.332061,0.115614,1.305766,-0.2527,0.7000
1787920963.158156,-0.332803,0.113922,1.302511,-0.2862,0.7000
1787920963.164184,-0.333275,0.112295,1.299253,-0.2847,0.7000
1787920963.170715,-0.333289,0.110355,1.297726,-0.2853,0.7000
1787920963.178026,-0.333613,0.108819,1.294549,-0.2639,0.7000
1787920963.184194,-0.334389,0.107329,1.291014,-0.2648,0.7000
1787920963.191087,-0.334895,0.105495,1.288955,-0.2682,0.7000
1787920963.197923,-0.334449,0.103430,1.288061,-0.2693,0.7000
1787920963.204102,-0.335023,0.101789,1.285323,-0.2728,0.7000
1787920963.211325,-0.335345,0.100082,1.282840,-0.2628,0.7000
1787920963.218039,-0.335620,0.098393,1.280525,-0.2597,0.7000
1787920963.224081,-0.335591,0.096562,1.279004,-0.2685,0.7000
1787920963.231472,-0.335752,0.094790,1.276947,-0.2587,0.7000
1787920963.238258,-0.336192,0.093152,1.274085,-0.2560,0.7000
1787920963.244225,-0.336483,0.091526,1.271343,-0.2617,0.7000
1787920963.251319,-0.336726,0.089655,1.269404,-0.2617,0.7000
1787920963.257535,-0.337121,0.088092,1.266575,-0.2609,0.7000
1787920963.264480,-0.337245,0.086390,1.263850,-0.2544,0.7000
1787920963.271304,-0.337737,0.084686,1.261555,-0.2560,0.7000
1787920963.277493,-0.338443,0.083158,1.257974,-0.2602,0.7000
1787920963.283845,-0.338817,0.081178,1.255728,-0.2765,0.7000
1787920963.291012,-0.338747,0.079621,1.253231,-0.2546,0.7000
1787920963.297796,-0.338820,0.077415,1.251644,-0.2718,0.7000
1787920963.304685,-0.339905,0.075796,1.247836,-0.2721,0.7000
1787920963.310629,-0.340533,0.074405,1.243858,-0.2672,0.7000
1787920963.318190,-0.340433,0.072540,1.241563,-0.2558,0.7000
1787920963.324360,-0.341270,0.070848,1.238394,-0.2701,0.7000
1787920963.333573,-0.341528,0.069114,1.235802,-0.2451,0.7000
1787920963.339925,-0.341623,0.067332,1.233724,-0.2525,0.7000
1787920963.344508,-0.341397,0.065554,1.231844,-0.2816,0.7000
1787920963.351520,-0.342059,0.063701,1.229741,-0.2813,0.7000
1787920963.360148,-0.342949,0.061763,1.227050,-0.2708,0.7000
1787920963.363783,-0.343114,0.060360,1.224416,-0.3031,0.7000
1787920963.371454,-0.343495,0.058594,1.222911,-0.2822,0.7000
1787920963.377447,-0.343806,0.056867,1.220540,-0.2841,0.7000
1787920963.384281,-0.343625,0.054799,1.220414,-0.2814,0.7000
1787920963.390866,-0.344482,0.053578,1.217085,-0.2627,0.7000
1787920963.397554,-0.344903,0.051881,1.215243,-0.2618,0.7000
1787920963.403961,-0.344970,0.049952,1.213693,-0.2690,0.7000
1787920963.411097,-0.345017,0.048182,1.212306,-0.2586,0.7000
1787920963.417401,-0.345528,0.046691,1.209890,-0.2560,0.7000
1787920963.424289,-0.346465,0.045464,1.206598,-0.2437,0.7000
1787920963.431615,-0.346532,0.043434,1.205526,-0.2492,0.7000
1787920963.437377,-0.346317,0.041855,1.204069,-0.2472,0.7000
1787920963.444351,-0.347217,0.040348,1.201640,-0.2474,0.7000
1787920963.450993,-0.347705,0.038793,1.198716,-0.2467,0.7000
1787920963.459545,-0.348035,0.036987,1.196885,-0.2359,0.7000
1787920963.464473,-0.348671,0.035448,1.194050,-0.2665,0.7000
1787920963.473792,-0.349112,0.033893,1.191269,-0.2383,0.7000
1787920963.478053,-0.349252,0.032283,1.188890,-0.2757,0.7000
1787920963.484481,-0.349969,0.030463,1.186144,-0.2843,0.7000
1787920963.490809,-0.351090,0.029127,1.182042,-0.2777,0.7000
1787920963.497373,-0.350757,0.026962,1.180985,-0.2802,0.7000
1787920963.504175,-0.351226,0.025205,1.178162,-0.2756,0.7000
1787920963.510620,-0.352000,0.023589,1.174657,-0.2762,0.7000
1787920963.517429,-0.352757,0.021678,1.171949,-0.2839,0.7000
1787920963.524584,-0.353308,0.019945,1.168455,-0.2746,0.7000
1787920963.531240,-0.353356,0.017989,1.166851,-0.2742,0.7000
1787920963.538242,-0.354306,0.016481,1.162840,-0.2674,0.7000
1787920963.544683,-0.354878,0.014474,1.160545,-0.2835,0.7000
1787920963.552227,-0.354981,0.012652,1.158751,-0.2665,0.7000
1787920963.557685,-0.355381,0.010859,1.156603,-0.2856,0.7000
1787920963.564591,-0.356333,0.009351,1.153169,-0.2766,0.7000
1787920963.572138,-0.356837,0.007508,1.150918,-0.2687,0.7000
1787920963.577722,-0.356591,0.005464,1.150173,-0.2829,0.7000
1787920963.585497,-0.357757,0.003930,1.146858,-0.2705,0.7000
1787920963.591561,-0.357558,0.002093,1.145694,-0.2681,0.7000
1787920963.598850,-0.358350,0.000235,1.143307,-0.2708,0.7000
1787920963.604093,-0.358548,-0.001509,1.141937,-0.2850,0.7000
1787920963.611499,-0.359525,-0.002844,1.138917,-0.2652,0.7000
1787920963.617622,-0.359395,-0.004836,1.137935,-0.2716,0.7000
1787920963.624769,-0.360152,-0.006294,1.135457,-0.2590,0.7000
1787920963.631155,-0.360637,-0.007892,1.133168,-0.2589,0.7000
1787920963.637356,-0.360889,-0.009353,1.131600,-0.2504,0.7000
1787920963.644325,-0.361590,-0.010986,1.128960,-0.2518,0.7000
1787920963.651816,-0.361626,-0.012543,1.127651,-0.2332,0.7000
1787920963.657504,-0.362447,-0.014067,1.124661,-0.2544,0.7000
1787920963.664878,-0.362734,-0.015652,1.123310,-0.2413,0.7000
1787920963.670910,-0.363477,-0.017213,1.120755,-0.2549,0.7000
1787920963.677560,-0.364227,-0.018623,1.118485,-0.2504,0.7000
1787920963.684041,-0.364626,-0.020292,1.116148,-0.2528,0.7000
1787920963.690986,-0.365009,-0.021947,1.114667,-0.2484,0.7000
1787920963.697987,-0.366209,-0.023363,1.110476,-0.2511,0.7000
1787920963.704581,-0.366322,-0.025317,1.109175,-0.2577,0.7000
1787920963.710988,-0.367386,-0.026633,1.104985,-0.2578,0.7000
1787920963.717779,-0.367980,-0.028392,1.102089,-0.2616,0.7000
1787920963.724038,-0.368567,-0.030413,1.099878,-0.2822,0.7000
1787920963.731445,-0.369498,-0.031897,1.096003,-0.2683,0.7000
1787920963.737578,-0.370896,-0.033533,1.092043,-0.2903,0.7000
1787920963.744306,-0.371173,-0.035528,1.089591,-0.2878,0.7000
1787920963.751180,-0.371975,-0.037155,1.086441,-0.2806,0.7000
1787920963.757720,-0.372551,-0.039032,1.084219,-0.2849,0.7000
1787920963.766725,-0.373466,-0.040912,1.080895,-0.2690,0.7000
1787920963.771328,-0.374208,-0.042965,1.078679,-0.3291,0.7000
1787920963.777258,-0.374872,-0.044727,1.076009,-0.3247,0.7000
1787920963.784910,-0.375377,-0.046586,1.074005,-0.3008,0.7000
1787920963.790758,-0.376298,-0.048415,1.071246,-0.3156,0.7000
1787920963.797543,-0.376629,-0.050462,1.070489,-0.3074,0.7000
1787920963.804029,-0.377427,-0.052035,1.067405,-0.2967,0.7000
1787920963.811184,-0.377317,-0.054332,1.067302,-0.2898,0.7000
1787920963.817366,-0.378583,-0.055812,1.064136,-0.2955,0.7000
1787920963.824591,-0.378949,-0.057535,1.062513,-0.2767,0.7000
1787920963.831374,-0.379668,-0.059278,1.060322,-0.2765,0.7000
1787920963.837990,-0.380512,-0.060973,1.058315,-0.2793,0.7000
1787920963.846253,-0.380835,-0.062620,1.056326,-0.2533,0.7000
1787920963.852305,-0.381608,-0.064058,1.054169,-0.2583,0.7000
1787920963.857354,-0.382007,-0.065805,1.052284,-0.2827,0.7000
1787920963.864297,-0.382810,-0.067315,1.050199,-0.2717,0.7000
1787920963.871055,-0.383732,-0.068584,1.046961,-0.2595,0.7000
1787920963.878156,-0.383916,-0.070526,1.046168,-0.2565,0.7000
1787920963.884095,-0.384554,-0.071933,1.044062,-0.2572,0.7000
1787920963.890870,-0.385154,-0.073572,1.042259,-0.2561,0.7000
1787920963.897839,-0.385918,-0.074993,1.039776,-0.2487,0.7000
1787920963.904373,-0.386684,-0.076547,1.038092,-0.2534,0.7000
1787920963.910804,-0.387002,-0.078029,1.036213,-0.2445,0.7000
1787920963.918000,-0.387584,-0.079809,1.033638,-0.2473,0.7000
1787920963.924375,-0.388454,-0.081261,1.031178,-0.2527,0.7000
1787920963.930646,-0.389303,-0.082823,1.027806,-0.2619,0.7000
1787920963.938583,-0.390419,-0.084486,1.024896,-0.2589,0.7000
1787920963.943924,-0.391081,-0.085883,1.021308,-0.2676,0.7000
1787920963.954352,-0.391832,-0.087649,1.018770,-0.2419,0.7000
1787920963.958146,-0.392352,-0.089307,1.016194,-0.3025,0.7000
1787920963.964033,-0.393436,-0.091044,1.012867,-0.3160,0.7000
1787920963.971851,-0.394096,-0.092771,1.009934,-0.2908,0.7000
1787920963.977407,-0.394271,-0.095195,1.009723,-0.3194,0.7000
1787920963.986367,-0.394999,-0.096804,1.006015,-0.2821,0.7000
1787920963.991208,-0.395081,-0.099256,1.005820,-0.3286,0.7000
1787920963.997763,-0.396193,-0.100879,1.002579,-0.3200,0.7000
1787920964.004071,-0.396518,-0.102994,1.001080,-0.3170,0.7000
1787920964.010845,-0.397208,-0.104863,0.999633,-0.3081,0.7000
1787920964.017836,-0.397434,-0.107105,0.998545,-0.3018,0.7000
1787920964.024265,-0.398082,-0.108793,0.997200,-0.2938,0.7000
1787920964.031298,-0.398604,-0.110555,0.995056,-0.2808,0.7000
1787920964.037287,-0.398931,-0.112585,0.994746,-0.2908,0.7000
1787920964.043943,-0.399546,-0.114335,0.992554,-0.2847,0.7000
1787920964.051153,-0.400646,-0.115919,0.990747,-0.2795,0.7000
1787920964.058789,-0.400941,-0.117542,0.989442,-0.2553,0.7000
1787920964.067644,-0.402319,-0.118765,0.986094,-0.2390,0.7000
1787920964.073948,-0.402753,-0.120581,0.985182,-0.2508,0.7000
1787920964.079935,-0.403219,-0.122213,0.983063,-0.2566,0.7000
1787920964.084249,-0.403881,-0.123765,0.981634,-0.2949,0.7000
1787920964.090981,-0.404700,-0.125370,0.979161,-0.2862,0.7000
1787920964.097737,-0.405465,-0.126987,0.977249,-0.2788,0.7000
1787920964.104027,-0.406879,-0.128203,0.973697,-0.2810,0.7000
1787920964.111040,-0.407226,-0.129887,0.972541,-0.2646,0.7000
1787920964.117692,-0.408090,-0.131036,0.969085,-0.2500,0.7000
1787920964.124079,-0.408649,-0.132882,0.968025,-0.2613,0.7000
1787920964.131524,-0.409495,-0.134553,0.965500,-0.2577,0.7000
1787920964.141026,-0.410795,-0.135761,0.962116,-0.2352,0.7000
1787920964.144228,-0.411906,-0.137294,0.959039,-0.3419,0.7000
1787920964.152915,-0.412530,-0.139058,0.956587,-0.3015,0.7000
1787920964.161010,-0.413678,-0.140814,0.953861,-0.2887,0.7000
1787920964.164041,-0.414592,-0.142240,0.950637,-0.3696,0.7000
1787920964.171050,-0.415466,-0.143902,0.948128,-0.3383,0.7000
1787920964.177803,-0.416965,-0.145262,0.944275,-0.3248,0.7000
1787920964.184069,-0.417359,-0.147259,0.942823,-0.3158,0.7000
1787920964.191215,-0.418277,-0.148834,0.940316,-0.2972,0.7000
1787920964.197530,-0.419301,-0.150401,0.937102,-0.2968,0.7000
1787920964.204092,-0.420289,-0.152160,0.934813,-0.2993,0.7000
1787920964.210739,-0.421275,-0.154003,0.932443,-0.3028,0.7000
1787920964.217578,-0.422194,-0.155446,0.930219,-0.2868,0.6922
1787920964.224003,-0.422901,-0.157111,0.927993,-0.2828,0.6922
1787920964.230889,-0.423855,-0.158747,0.925901,-0.2799,0.6922
1787920964.238309,-0.424603,-0.160424,0.924287,-0.2683,0.6922
1787920964.245952,-0.425792,-0.161968,0.921473,-0.2643,0.6922
1787920964.251262,-0.426496,-0.163558,0.919469,-0.2805,0.6922
1787920964.257881,-0.427370,-0.165191,0.918062,-0.2792,0.6922
1787920964.264133,-0.428533,-0.166702,0.915867,-0.2869,0.6922
1787920964.270911,-0.429266,-0.167872,0.912996,-0.2617,0.6922
1787920964.279158,-0.429911,-0.169515,0.911824,-0.2448,0.6922
1787920964.284269,-0.431059,-0.170910,0.908772,-0.2774,0.6922
1787920964.292912,-0.431705,-0.172459,0.907216,-0.2503,0.6922
1787920964.297710,-0.432299,-0.174405,0.905536,-0.2939,0.6922
1787920964.305168,-0.433308,-0.175498,0.902364,-0.2654,0.6922
1787920964.310879,-0.433809,-0.177175,0.900563,-0.2711,0.6922
1787920964.318695,-0.435123,-0.178179,0.896912,-0.2514,0.6988
1787920964.324294,-0.436218,-0.179284,0.893637,-0.2589,0.6988
1787920964.331010,-0.436817,-0.181207,0.892165,-0.2649,0.6988
1787920964.337886,-0.437900,-0.182315,0.889057,-0.2527,0.6988
1787920964.344347,-0.438442,-0.184099,0.887594,-0.2571,0.6988
1787920964.352002,-0.439669,-0.185233,0.884539,-0.2448,0.6988
1787920964.358693,-0.440848,-0.186376,0.881432,-0.2445,0.6988
1787920964.365458,-0.441421,-0.187910,0.879725,-0.2398,0.6988
1787920964.371261,-0.442190,-0.188935,0.876742,-0.2340,0.6988
1787920964.377453,-0.442823,-0.190199,0.874485,-0.2304,0.6988
1787920964.384680,-0.443753,-0.191425,0.872257,-0.2251,0.6988
1787920964.391387,-0.444243,-0.192458,0.870035,-0.2070,0.6988
1787920964.397578,-0.445414,-0.193860,0.867509,-0.2334,0.6988
1787920964.404251,-0.446091,-0.194814,0.865479,-0.2158,0.6988
1787920964.411702,-0.447239,-0.195975,0.862815,-0.2166,0.6991
1787920964.418014,-0.448180,-0.197251,0.860565,-0.2268,0.6991
1787920964.424614,-0.448744,-0.198301,0.858488,-0.2116,0.6991
1787920964.431453,-0.449729,-0.199458,0.856549,-0.2148,0.6991
1787920964.437912,-0.450491,-0.200884,0.854886,-0.2235,0.6991
1787920964.444079,-0.451309,-0.202036,0.852742,-0.2249,0.6991
1787920964.450802,-0.452507,-0.203222,0.850374,-0.2324,0.6991
1787920964.459949,-0.453626,-0.204288,0.847667,-0.2132,0.6991
1787920964.466564,-0.454225,-0.205525,0.846159,-0.2093,0.6991
1787920964.470661,-0.454960,-0.207039,0.844859,-0.2651,0.6991
1787920964.477892,-0.455910,-0.207945,0.842508,-0.2399,0.6991
1787920964.485495,-0.456425,-0.209721,0.841664,-0.2337,0.6991
1787920964.490767,-0.457426,-0.210660,0.839077,-0.2414,0.6991
1787920964.498851,-0.458680,-0.211507,0.835910,-0.2235,0.6991
1787920964.504475,-0.459492,-0.212745,0.834285,-0.2345,0.6991
1787920964.511671,-0.460239,-0.213929,0.832361,-0.2216,0.7000
1787920964.518028,-0.461373,-0.214917,0.829975,-0.2256,0.7000
1787920964.523926,-0.462181,-0.216135,0.828109,-0.2314,0.7000
1787920964.530954,-0.463056,-0.217205,0.825910,-0.2209,0.7000
1787920964.537445,-0.463666,-0.218622,0.824595,-0.2218,0.7000
1787920964.544257,-0.464654,-0.219795,0.822180,-0.2227,0.7000
1787920964.553000,-0.465458,-0.220888,0.820385,-0.2022,0.7000
1787920964.557640,-0.466447,-0.221880,0.817947,-0.2320,0.7000
1787920964.564140,-0.467326,-0.223072,0.815992,-0.2303,0.7000
1787920964.571325,-0.468328,-0.224032,0.813342,-0.2191,0.7000
1787920964.577465,-0.468872,-0.225353,0.811878,-0.2185,0.7000
1787920964.586108,-0.469608,-0.226516,0.810338,-0.1998,0.7000
1787920964.590791,-0.470463,-0.227694,0.808147,-0.2323,0.7000
1787920964.597945,-0.470938,-0.229076,0.807550,-0.2182,0.7000
1787920964.604643,-0.471765,-0.230060,0.805112,-0.2102,0.7000
1787920964.610975,-0.473514,-0.230423,0.801060,-0.2171,0.7000
1787920964.617477,-0.473377,-0.232410,0.801983,-0.2135,0.7000
1787920964.624569,-0.474600,-0.233231,0.799111,-0.2104,0.7000
1787920964.630663,-0.475862,-0.233747,0.795752,-0.2089,0.7000
1787920964.637815,-0.475843,-0.235275,0.796018,-0.1915,0.7000
1787920964.644222,-0.476633,-0.236457,0.794578,-0.1995,0.7000
1787920964.650946,-0.477497,-0.237382,0.792138,-0.1961,0.7000
1787920964.657459,-0.478025,-0.238436,0.790779,-0.1889,0.7000
1787920964.665093,-0.478780,-0.239530,0.789447,-0.1836,0.7000
1787920964.671144,-0.479925,-0.239966,0.786030,-0.1840,0.7000
1787920964.677954,-0.480992,-0.240565,0.783862,-0.1807,0.7000
1787920964.684016,-0.482304,-0.241138,0.780794,-0.1926,0.7000
1787920964.691089,-0.483349,-0.241725,0.777829,-0.1838,0.7000
1787920964.697660,-0.483794,-0.243203,0.777849,-0.1905,0.7000
1787920964.704392,-0.484673,-0.243792,0.775240,-0.1797,0.7000
1787920964.711214,-0.485543,-0.244704,0.773332,-0.1812,0.7000
1787920964.717287,-0.486488,-0.245345,0.771477,-0.1824,0.7000
1787920964.724013,-0.487194,-0.246329,0.769799,-0.1808,0.7000
1787920964.731454,-0.488136,-0.247041,0.767132,-0.1739,0.7000
1787920964.737734,-0.489233,-0.247683,0.765094,-0.1807,0.7000
1787920964.744572,-0.489620,-0.248682,0.763957,-0.1691,0.7000
1787920964.751043,-0.490466,-0.249654,0.762060,-0.1779,0.7000
1787920964.758502,-0.490958,-0.250750,0.761394,-0.1692,0.7000
1787920964.764500,-0.491341,-0.251811,0.759733,-0.1689,0.7000
1787920964.775801,-0.491666,-0.253151,0.759239,-0.1490,0.7000
1787920964.777833,-0.492619,-0.254204,0.757501,-0.3133,0.7000
1787920964.784282,-0.493143,-0.255167,0.756070,-0.2678,0.7000
1787920964.791948,-0.493658,-0.256514,0.755413,-0.2383,0.7000
1787920964.798090,-0.494360,-0.257505,0.753949,-0.2249,0.7000
1787920964.805132,-0.495137,-0.258452,0.752247,-0.2092,0.7000
1787920964.810957,-0.495948,-0.259451,0.750486,-0.2120,0.7000
1787920964.817724,-0.496859,-0.260470,0.748621,-0.2088,0.7000
1787920964.824774,-0.497962,-0.261263,0.746128,-0.2035,0.7000
1787920964.831003,-0.498786,-0.262202,0.744015,-0.2023,0.7000
1787920964.837773,-0.499353,-0.263363,0.742907,-0.1949,0.7000
1787920964.843842,-0.500403,-0.264337,0.740661,-0.2072,0.7000
1787920964.851499,-0.501093,-0.265156,0.739124,-0.1867,0.7000
1787920964.857932,-0.501727,-0.266363,0.738015,-0.1904,0.7000
1787920964.864178,-0.502536,-0.267362,0.736461,-0.1943,0.7000
1787920964.871251,-0.503458,-0.268273,0.734617,-0.1909,0.7000
1787920964.878513,-0.504162,-0.269266,0.733156,-0.1827,0.7000
1787920964.884556,-0.505133,-0.269911,0.730770,-0.1852,0.7000
1787920964.893745,-0.505937,-0.270937,0.729429,-0.1715,0.7000
1787920964.897601,-0.506421,-0.272110,0.728607,-0.2090,0.7000
1787920964.905591,-0.507149,-0.272783,0.726617,-0.1835,0.7000
1787920964.910958,-0.507757,-0.273656,0.725384,-0.1863,0.7000
1787920964.918107,-0.508689,-0.274547,0.723586,-0.1845,0.7000
1787920964.924203,-0.509326,-0.275533,0.722405,-0.1847,0.7000
1787920964.930658,-0.510078,-0.276340,0.720574,-0.1803,0.7000
1787920964.937856,-0.510587,-0.277567,0.720002,-0.1759,0.7000
1787920964.944170,-0.511919,-0.277887,0.716535,-0.1808,0.7000
1787920964.951850,-0.512577,-0.278551,0.715073,-0.1630,0.7000
1787920964.957990,-0.513357,-0.279523,0.713591,-0.1740,0.7000
1787920964.964872,-0.514269,-0.280193,0.711994,-0.1710,0.7000
1787920964.972715,-0.515204,-0.280693,0.709769,-0.1593,0.7000
1787920964.977760,-0.515535,-0.281878,0.709182,-0.1723,0.7000
1787920964.984372,-0.516132,-0.282935,0.708178,-0.1724,0.7000
1787920964.991272,-0.517001,-0.283656,0.706549,-0.1698,0.7000
1787920964.998196,-0.517867,-0.284246,0.704570,-0.1640,0.7000
1787920965.004168,-0.518562,-0.284993,0.703322,-0.1657,0.7000
1787920965.010883,-0.519235,-0.285904,0.702009,-0.1652,0.7000
1787920965.017600,-0.520152,-0.286653,0.700367,-0.1685,0.7000
1787920965.024945,-0.520992,-0.287398,0.698489,-0.1638,0.7000
1787920965.031609,-0.521776,-0.288113,0.696736,-0.1624,0.7000
1787920965.038903,-0.522565,-0.288713,0.694880,-0.1544,0.7000
1787920965.044231,-0.523248,-0.289698,0.693807,-0.1731,0.7000
1787920965.050767,-0.524331,-0.290222,0.691614,-0.1748,0.7000
1787920965.057661,-0.525181,-0.290937,0.689998,-0.1707,0.7000
1787920965.065264,-0.525976,-0.292039,0.688680,-0.1714,0.7000
1787920965.070665,-0.526606,-0.293043,0.687738,-0.1824,0.7000
1787920965.080648,-0.527533,-0.293658,0.685223,-0.1609,0.7000
1787920965.084361,-0.528308,-0.294692,0.684198,-0.2139,0.7000
1787920965.090593,-0.529215,-0.295446,0.682550,-0.2065,0.7000
1787920965.099162,-0.530214,-0.296176,0.680202,-0.1878,0.7000
1787920965.104163,-0.531061,-0.297109,0.678845,-0.2062,0.7000
1787920965.112477,-0.531729,-0.298329,0.678004,-0.1907,0.7000
1787920965.117612,-0.532641,-0.299097,0.675795,-0.2031,0.7000
1787920965.125005,-0.533532,-0.300066,0.673938,-0.1950,0.7000
1787920965.130880,-0.534660,-0.300570,0.671467,-0.1976,0.7000
1787920965.137930,-0.535493,-0.301705,0.670055,-0.1961,0.7000
1787920965.144208,-0.536277,-0.302454,0.668366,-0.1888,0.7000
1787920965.150890,-0.537250,-0.303347,0.666191,-0.1913,0.7000
1787920965.158373,-0.537996,-0.304570,0.665024,-0.1877,0.7000
1787920965.165332,-0.539082,-0.305198,0.662499,-0.1849,0.7000
1787920965.171054,-0.539918,-0.306232,0.661153,-0.1974,0.7000
1787920965.177445,-0.540855,-0.307275,0.659403,-0.2029,0.7000
1787920965.184271,-0.541566,-0.308319,0.658121,-0.1948,0.7000
1787920965.191032,-0.542339,-0.309308,0.656355,-0.1903,0.7000
1787920965.202827,-0.543468,-0.310022,0.654198,-0.1671,0.7000
1787920965.204726,-0.544084,-0.310992,0.653264,-0.2872,0.7000
1787920965.210734,-0.545189,-0.311655,0.650578,-0.2651,0.7000
1787920965.217350,-0.546213,-0.312550,0.649144,-0.2471,0.7000
1787920965.224140,-0.546823,-0.313634,0.647562,-0.2233,0.7000
1787920965.231144,-0.547765,-0.314360,0.645344,-0.2072,0.7000
1787920965.238032,-0.548641,-0.315365,0.644255,-0.2019,0.7000
1787920965.245771,-0.549314,-0.316203,0.642512,-0.1817,0.7000
1787920965.250946,-0.549983,-0.317193,0.641317,-0.1926,0.7000
1787920965.257272,-0.550812,-0.318177,0.640732,-0.1942,0.7000
1787920965.264637,-0.551548,-0.318801,0.638685,-0.1752,0.7000
1787920965.270948,-0.552779,-0.319546,0.636415,-0.1907,0.7000
1787920965.279393,-0.553277,-0.320299,0.635574,-0.1636,0.7000
1787920965.286245,-0.553963,-0.321398,0.635065,-0.1673,0.7000
1787920965.292140,-0.554882,-0.322074,0.633498,-0.1752,0.7000
1787920965.303200,-0.555522,-0.322885,0.632604,-0.1496,0.7000
1787920965.305206,-0.556073,-0.323808,0.632064,-0.2528,0.7000
1787920965.311377,-0.556844,-0.324280,0.630287,-0.2208,0.7000
1787920965.317869,-0.557700,-0.324803,0.628391,-0.2008,0.7000
1787920965.324156,-0.558244,-0.325931,0.628050,-0.1931,0.7000
1787920965.331226,-0.558881,-0.326580,0.626712,-0.1732,0.7000
1787920965.337630,-0.559848,-0.327276,0.624621,-0.1771,0.7000
1787920965.344790,-0.560705,-0.328080,0.623358,-0.1728,0.7000
1787920965.350684,-0.561367,-0.328867,0.622354,-0.1717,0.7000
1787920965.357533,-0.562005,-0.329539,0.620792,-0.1600,0.7000
1787920965.364900,-0.562922,-0.330220,0.619267,-0.1585,0.7000
1787920965.372048,-0.563530,-0.331073,0.618180,-0.1525,0.7000
1787920965.377726,-0.564294,-0.331844,0.616723,-0.1632,0.7000
1787920965.384107,-0.565117,-0.332582,0.615442,-0.1659,0.7000
1787920965.390734,-0.565940,-0.333283,0.614047,-0.1649,0.7000
1787920965.398284,-0.566857,-0.333762,0.612014,-0.1562,0.7000
1787920965.406507,-0.567720,-0.334576,0.610452,-0.1521,0.7000
1787920965.410964,-0.568791,-0.335286,0.608446,-0.1929,0.7000
1787920965.419552,-0.569587,-0.336102,0.606765,-0.1742,0.7000
1787920965.423729,-0.570853,-0.336500,0.604119,-0.2130,0.7000
1787920965.431061,-0.571692,-0.337433,0.602870,-0.1990,0.7000
1787920965.437540,-0.572521,-0.338243,0.601365,-0.1922,0.7000
1787920965.445332,-0.573272,-0.339336,0.600044,-0.1821,0.7000
1787920965.450878,-0.574168,-0.339895,0.598114,-0.1846,0.7000
1787920965.457794,-0.575252,-0.340768,0.595417,-0.1894,0.7000
1787920965.464459,-0.576144,-0.341735,0.593549,-0.1902,0.7000
1787920965.470917,-0.577418,-0.342348,0.590952,-0.1982,0.7000
1787920965.477524,-0.578400,-0.343115,0.588872,-0.1951,0.7000
1787920965.485984,-0.579329,-0.343963,0.587647,-0.1807,0.7000
1787920965.492601,-0.580111,-0.345178,0.586799,-0.1865,0.7000
1787920965.497974,-0.581121,-0.345655,0.584637,-0.1923,0.7000
1787920965.510497,-0.582004,-0.346603,0.583182,-0.1647,0.7000
1787920965.512627,-0.582855,-0.347470,0.582081,-0.2826,0.7000
1787920965.518427,-0.583522,-0.348556,0.581500,-0.2575,0.7000
1787920965.524342,-0.584727,-0.348911,0.579138,-0.2413,0.7000
1787920965.530696,-0.585480,-0.349879,0.577709,-0.2236,0.7000
1787920965.538553,-0.586569,-0.350970,0.576797,-0.2141,0.7000
1787920965.544439,-0.587367,-0.351662,0.575115,-0.2032,0.7000
1787920965.551335,-0.588157,-0.352421,0.573193,-0.1890,0.7000
1787920965.558314,-0.588911,-0.353238,0.572379,-0.1786,0.7000
1787920965.563936,-0.589751,-0.354259,0.571226,-0.1922,0.7000
1787920965.571157,-0.590745,-0.354524,0.568548,-0.1753,0.7000
1787920965.578409,-0.591577,-0.355287,0.567277,-0.1686,0.7000
1787920965.586209,-0.592523,-0.355902,0.565868,-0.1615,0.7000
1787920965.592782,-0.593331,-0.356586,0.564483,-0.1609,0.7000
1787920965.597553,-0.594089,-0.357333,0.562976,-0.1780,0.7000
1787920965.604526,-0.594754,-0.358050,0.562515,-0.1652,0.7000
1787920965.611239,-0.595621,-0.358707,0.560992,-0.1641,0.7000
1787920965.617749,-0.596328,-0.359400,0.559912,-0.1594,0.7000
1787920965.624550,-0.597187,-0.360082,0.558531,-0.1597,0.7000
1787920965.632565,-0.598158,-0.360752,0.557436,-0.1559,0.7000
1787920965.637721,-0.598953,-0.361133,0.555587,-0.1601,0.7000
1787920965.644683,-0.599880,-0.361770,0.553535,-0.1605,0.7000
1787920965.650892,-0.600379,-0.362734,0.553314,-0.1573,0.7000
1787920965.657337,-0.601063,-0.363542,0.552813,-0.1570,0.7000
1787920965.664322,-0.601959,-0.363943,0.550796,-0.1517,0.7000
1787920965.671361,-0.602980,-0.364344,0.548621,-0.1522,0.7000
1787920965.679218,-0.603479,-0.365073,0.547740,-0.1373,0.7000
1787920965.684091,-0.604206,-0.365877,0.546898,-0.1601,0.7000
1787920965.691438,-0.605048,-0.366751,0.545610,-0.1600,0.7000
1787920965.697882,-0.606206,-0.367151,0.542911,-0.1678,0.7000
1787920965.703915,-0.606998,-0.367765,0.541735,-0.1669,0.7000
1787920965.712690,-0.607908,-0.368415,0.540263,-0.1550,0.7000
1787920965.717561,-0.608713,-0.369218,0.539008,-0.1764,0.7000
1787920965.727787,-0.609686,-0.369729,0.537181,-0.1557,0.7000
1787920965.731305,-0.610614,-0.370043,0.535524,-0.1907,0.7000
1787920965.737844,-0.611546,-0.370938,0.534308,-0.1912,0.7000
1787920965.744562,-0.612558,-0.371690,0.532780,-0.1898,0.7000
1787920965.751249,-0.613364,-0.372377,0.531565,-0.1797,0.7000
1787920965.757386,-0.614305,-0.373080,0.529822,-0.1828,0.7000
1787920965.764080,-0.615137,-0.373584,0.528562,-0.1716,0.7000
1787920965.771428,-0.615862,-0.374370,0.526592,-0.1618,0.7000
1787920965.778176,-0.616835,-0.375393,0.525597,-0.1735,0.7000
1787920965.784263,-0.617861,-0.376120,0.524096,-0.1831,0.7000
1787920965.791397,-0.618645,-0.376684,0.521801,-0.1686,0.7000
1787920965.798153,-0.619548,-0.377360,0.520259,-0.1677,0.7000
1787920965.804064,-0.620470,-0.378261,0.519053,-0.1807,0.7000
1787920965.810758,-0.621532,-0.378665,0.516847,-0.1768,0.7000
1787920965.818403,-0.622306,-0.379471,0.515537,-0.1658,0.7000
1787920965.824205,-0.623335,-0.380176,0.513938,-0.1803,0.7000
1787920965.830619,-0.624138,-0.380961,0.512916,-0.1770,0.7000
1787920965.837935,-0.625041,-0.381426,0.511011,-0.1655,0.7000
1787920965.845165,-0.626184,-0.381958,0.509218,-0.1680,0.7000
1787920965.851482,-0.626844,-0.382720,0.508327,-0.1626,0.7000
1787920965.858111,-0.627813,-0.383353,0.506450,-0.1661,0.7000
1787920965.864137,-0.628882,-0.384154,0.505242,-0.1821,0.7000
1787920965.871348,-0.629746,-0.384876,0.503443,-0.1735,0.7000
1787920965.877196,-0.630364,-0.385856,0.503068,-0.1734,0.7000
1787920965.884849,-0.631236,-0.386633,0.501647,-0.1660,0.7000
1787920965.893466,-0.632346,-0.386999,0.499744,-0.1562,0.7000
1787920965.900007,-0.633136,-0.387818,0.498714,-0.1592,0.7000
1787920965.905016,-0.634098,-0.388377,0.496797,-0.1780,0.7000
1787920965.910800,-0.634866,-0.389024,0.495381,-0.1756,0.7000
1787920965.918370,-0.635680,-0.389653,0.494430,-0.1631,0.7000
1787920965.924635,-0.636370,-0.390206,0.493379,-0.1558,0.7000
1787920965.933518,-0.637396,-0.390670,0.491922,-0.1470,0.7000
1787920965.937941,-0.638126,-0.391255,0.490306,-0.1653,0.7000
1787920965.944438,-0.639033,-0.391861,0.489003,-0.1658,0.7000
1787920965.950807,-0.639803,-0.392746,0.488085,-0.1676,0.7000
1787920965.957713,-0.640583,-0.393518,0.487019,-0.1630,0.7000
1787920965.963933,-0.641498,-0.393797,0.485344,-0.1594,0.7000
1787920965.970598,-0.642438,-0.394244,0.483527,-0.1584,0.7000
1787920965.977756,-0.643070,-0.395023,0.482660,-0.1495,0.7000
1787920965.984043,-0.643920,-0.395638,0.481360,-0.1542,0.7000
1787920965.991169,-0.644858,-0.395907,0.479326,-0.1482,0.7000
1787920965.997732,-0.645893,-0.396756,0.478464,-0.1636,0.7000
1787920966.004531,-0.646908,-0.397041,0.476530,-0.1601,0.7000
1787920966.011176,-0.647730,-0.397648,0.475601,-0.1576,0.7000
1787920966.019985,-0.648488,-0.398263,0.474538,-0.1428,0.7000
1787920966.024510,-0.649674,-0.398408,0.472314,-0.1744,0.7000
1787920966.031205,-0.650216,-0.399097,0.471483,-0.1577,0.7000
1787920966.037517,-0.651039,-0.399989,0.470947,-0.1645,0.7000
1787920966.044240,-0.652089,-0.400359,0.468942,-0.1644,0.7000
1787920966.050734,-0.652985,-0.400791,0.467360,-0.1610,0.7000
1787920966.057217,-0.653676,-0.401437,0.466387,-0.1547,0.7000
1787920966.064227,-0.654791,-0.402101,0.465211,-0.1637,0.7000
1787920966.070615,-0.655756,-0.402503,0.463379,-0.1636,0.7000
1787920966.077437,-0.656464,-0.402969,0.462031,-0.1515,0.7000
1787920966.084504,-0.657392,-0.403640,0.460295,-0.1540,0.7000
1787920966.091408,-0.658454,-0.404021,0.458412,-0.1565,0.7000
1787920966.098763,-0.659198,-0.404690,0.456795,-0.1488,0.7000
1787920966.105469,-0.660112,-0.405395,0.455553,-0.1548,0.7000
1787920966.110788,-0.661334,-0.405825,0.453977,-0.1809,0.7000
1787920966.118441,-0.662146,-0.406586,0.452685,-0.1683,0.7000
1787920966.124775,-0.662990,-0.407093,0.451062,-0.1642,0.7000
1787920966.130884,-0.663997,-0.407529,0.449601,-0.1688,0.7000
1787920966.137354,-0.664886,-0.408244,0.448802,-0.1697,0.7000
1787920966.144427,-0.665952,-0.408861,0.447248,-0.1709,0.7000
1787920966.150628,-0.666934,-0.409475,0.445580,-0.1753,0.7000
1787920966.157610,-0.667608,-0.410287,0.444997,-0.1639,0.7000
1787920966.164784,-0.668570,-0.410900,0.443894,-0.1620,0.7000
1787920966.171184,-0.669622,-0.411354,0.441763,-0.1671,0.7000
1787920966.177245,-0.670366,-0.411955,0.440660,-0.1630,0.7000
1787920966.184485,-0.671381,-0.412372,0.438945,-0.1595,0.7000
1787920966.191127,-0.672346,-0.413145,0.437681,-0.1659,0.7000
1787920966.197665,-0.673256,-0.413483,0.436128,-0.1605,0.7000
1787920966.204954,-0.674173,-0.414271,0.434943,-0.1603,0.7000
1787920966.210656,-0.675096,-0.415372,0.434567,-0.1806,0.7000
1787920966.218177,-0.675976,-0.415753,0.433074,-0.1647,0.7000
1787920966.225096,-0.676936,-0.416047,0.430808,-0.1584,0.7000
1787920966.230805,-0.677848,-0.417033,0.430243,-0.1760,0.7000
1787920966.238691,-0.678699,-0.417664,0.429409,-0.1627,0.7000
1787920966.244107,-0.679714,-0.418168,0.427577,-0.1766,0.7000
1787920966.253665,-0.680532,-0.418853,0.426742,-0.1559,0.7000
1787920966.259271,-0.681455,-0.419386,0.425080,-0.1659,0.7000
1787920966.272717,-0.682234,-0.420127,0.424372,-0.1388,0.7000
1787920966.274734,-0.683148,-0.420719,0.423009,-0.2572,0.7000
1787920966.280529,-0.683981,-0.421367,0.421759,-0.2332,0.7000
1787920966.284319,-0.684983,-0.421726,0.419948,-0.2472,0.7000
1787920966.290942,-0.685861,-0.422379,0.419113,-0.2214,0.7000
1787920966.298370,-0.686553,-0.422922,0.418002,-0.1894,0.7000
1787920966.312111,-0.687460,-0.423415,0.416760,-0.1551,0.7000
1787920966.313241,-0.688532,-0.423903,0.415310,-0.4212,0.7000
1787920966.317498,-0.689348,-0.424501,0.414455,-0.3644,0.7000
1787920966.326848,-0.690208,-0.424961,0.413057,-0.2863,0.7000
1787920966.331294,-0.691092,-0.425843,0.412171,-0.2789,0.7000
1787920966.337461,-0.692069,-0.426432,0.410735,-0.2502,0.7000
1787920966.344061,-0.692882,-0.427186,0.409673,-0.2227,0.7000
1787920966.351782,-0.693844,-0.427357,0.407633,-0.1928,0.7000
1787920966.358392,-0.694889,-0.427724,0.405782,-0.1852,0.7000
1787920966.364133,-0.695712,-0.428149,0.403935,-0.1779,0.7000
1787920966.372110,-0.696629,-0.428587,0.402611,-0.1627,0.7000
1787920966.377902,-0.697694,-0.429495,0.401537,-0.1830,0.7000
1787920966.383949,-0.698503,-0.430058,0.400310,-0.1760,0.7000
1787920966.391518,-0.699348,-0.430497,0.398746,-0.1608,0.7000
1787920966.397485,-0.700485,-0.430689,0.396317,-0.1690,0.7000
1787920966.406486,-0.701287,-0.431355,0.395683,-0.1515,0.7000
1787920966.412855,-0.702139,-0.432212,0.394989,-0.1587,0.4616
1787920966.417285,-0.703249,-0.432469,0.392508,-0.1871,0.4616
1787920966.424752,-0.704149,-0.432686,0.390654,-0.1678,0.4616
1787920966.431086,-0.704852,-0.433548,0.389750,-0.1637,0.4616
1787920966.438608,-0.706145,-0.434026,0.388172,-0.1696,0.4616
1787920966.444435,-0.706903,-0.434523,0.386942,-0.1645,0.4616
1787920966.451445,-0.707853,-0.434828,0.384286,-0.1578,0.4616
1787920966.457253,-0.708700,-0.435419,0.383423,-0.1624,0.4616
1787920966.464451,-0.709774,-0.435880,0.381651,-0.1624,0.4616
1787920966.471377,-0.710738,-0.436588,0.380403,-0.1638,0.4616
1787920966.477529,-0.711717,-0.437134,0.378338,-0.1689,0.4616
1787920966.484358,-0.712694,-0.437652,0.377489,-0.1665,0.4616
1787920966.490716,-0.713521,-0.438432,0.377091,-0.1664,0.4616
1787920966.499169,-0.714525,-0.438708,0.375169,-0.1532,0.4616
1787920966.504670,-0.715485,-0.438976,0.373402,-0.1613,0.4616
1787920966.511208,-0.716406,-0.439735,0.372817,-0.1649,0.0000
1787920966.517473,-0.717140,-0.440492,0.372239,-0.1614,0.0000
1787920966.524610,-0.717930,-0.440925,0.371103,-0.1505,0.0000
1787920966.531847,-0.718833,-0.441301,0.369988,-0.1459,0.0000
1787920966.537598,-0.719530,-0.442126,0.369976,-0.1516,0.0000
1787920966.546614,-0.720468,-0.442286,0.368043,-0.1372,0.0000
1787920966.550939,-0.721220,-0.442637,0.366529,-0.1534,0.0000
1787920966.557702,-0.722131,-0.442681,0.364358,-0.1459,0.0000
1787920966.564425,-0.722755,-0.443390,0.363406,-0.1394,0.0000
1787920966.570960,-0.723492,-0.443532,0.360891,-0.1315,0.0000
1787920966.577731,-0.724184,-0.443843,0.359200,-0.1256,0.0000
1787920966.584101,-0.724888,-0.443980,0.357470,-0.1213,0.0000
1787920966.591084,-0.725583,-0.444248,0.356128,-0.1169,0.0000
1787920966.598385,-0.726217,-0.444334,0.354414,-0.1075,0.0000
1787920966.605197,-0.726731,-0.444383,0.352707,-0.0972,0.0000
1787920966.611198,-0.727099,-0.444696,0.351971,-0.0907,0.0000
1787920966.618205,-0.727411,-0.444910,0.351045,-0.0792,0.0000
1787920966.624259,-0.727687,-0.445295,0.350552,-0.0749,0.0000
1787920966.634037,-0.728145,-0.445442,0.349788,-0.0671,0.0000
1787920966.638779,-0.728290,-0.445891,0.350184,-0.0654,0.0000
1787920966.644332,-0.728661,-0.445807,0.349285,-0.0630,0.0000
1787920966.651054,-0.728785,-0.446135,0.349422,-0.0543,0.0000
1787920966.657308,-0.728887,-0.446215,0.348927,-0.0440,0.0000
1787920966.664196,-0.728906,-0.446335,0.348551,-0.0333,0.0000
1787920966.670664,-0.729143,-0.446361,0.347611,-0.0341,0.0000
1787920966.677921,-0.729073,-0.446524,0.347279,-0.0234,0.0000
1787920966.684334,-0.729125,-0.446469,0.346506,-0.0178,0.0000
1787920966.691274,-0.729127,-0.446372,0.346176,-0.0111,0.0000
1787920966.697822,-0.729112,-0.446208,0.345117,-0.0046,0.0000
1787920966.706195,-0.729052,-0.446074,0.344635,0.0004,0.0000
1787920966.712764,-0.729007,-0.445931,0.343593,0.0045,0.0000
1787920966.719570,-0.728928,-0.445539,0.342726,0.0122,0.0000
1787920966.724947,-0.728840,-0.445462,0.341968,0.0146,0.0000
1787920966.731200,-0.728776,-0.444991,0.340901,0.0207,0.0000
1787920966.737241,-0.728717,-0.444822,0.340573,0.0200,0.0000
1787920966.744322,-0.728702,-0.444349,0.339904,0.0213,0.0000
1787920966.751735,-0.728589,-0.444293,0.340116,0.0200,0.0000
1787920966.757447,-0.728532,-0.444627,0.341068,0.0109,0.0000
1787920966.764060,-0.728424,-0.444491,0.341739,0.0143,0.0000
1787920966.770845,-0.728410,-0.444191,0.341687,0.0151,0.0000
1787920966.777720,-0.728289,-0.444177,0.342196,0.0157,0.0000
1787920966.784598,-0.728301,-0.444152,0.342516,0.0109,0.0000
1787920966.791180,-0.728379,-0.444222,0.342808,0.0032,0.0000
1787920966.799472,-0.728329,-0.444125,0.342752,0.0051,0.0000
1787920966.805871,-0.728349,-0.444101,0.342848,0.0031,0.0000
1787920966.810905,-0.728271,-0.444113,0.342973,0.0063,0.0000
1787920966.817507,-0.728370,-0.444063,0.342776,0.0009,0.0000
1787920966.824116,-0.728411,-0.444005,0.342288,-0.0002,0.0000
1787920966.831450,-0.728382,-0.444004,0.342067,0.0010,0.0000
1787920966.839003,-0.728521,-0.443961,0.341738,-0.0040,0.0000
1787920966.843790,-0.728470,-0.444113,0.341797,-0.0029,0.0000
1787920966.852223,-0.728642,-0.444180,0.341909,-0.0086,0.0000
1787920966.857486,-0.728611,-0.444164,0.341656,-0.0040,0.0000
1787920966.866210,-0.728617,-0.444350,0.341915,-0.0052,0.0000
1787920966.871123,-0.728422,-0.444445,0.342436,0.0056,0.0000
1787920966.877505,-0.728603,-0.444350,0.342076,-0.0026,0.0000
1787920966.884082,-0.728595,-0.444398,0.342080,-0.0022,0.0000
1787920966.890849,-0.728450,-0.444411,0.342445,0.0043,0.0000
1787920966.897119,-0.728539,-0.444551,0.342174,-0.0032,0.0000
1787920966.904322,-0.728497,-0.444549,0.342393,-0.0006,0.0000
1787920966.910991,-0.728491,-0.444296,0.341937,0.0037,0.0000
1787920966.918700,-0.728402,-0.444546,0.342221,0.0026,0.0000
1787920966.924289,-0.728556,-0.444437,0.342067,-0.0040,0.0000
1787920966.931468,-0.728442,-0.444467,0.342056,0.0013,0.0000
1787920966.937767,-0.728358,-0.444250,0.341939,0.0081,0.0000
1787920966.944568,-0.728486,-0.444515,0.342173,-0.0036,0.0000
1787920966.950705,-0.728427,-0.444271,0.341896,0.0042,0.0000
1787920966.957614,-0.728478,-0.444235,0.341798,0.0014,0.0000
1787920966.964376,-0.728421,-0.444259,0.341978,0.0030,0.0000
1787920966.970606,-0.728585,-0.444182,0.341819,-0.0041,0.0000
1787920966.977901,-0.728432,-0.444240,0.342159,0.0023,0.0000
1787920966.984338,-0.728628,-0.443952,0.341712,-0.0025,0.0000
1787920966.990740,-0.728541,-0.444309,0.342270,-0.0035,0.0000
1787920966.997806,-0.728596,-0.444061,0.341476,-0.0012,0.0000
1787920967.003739,-0.728545,-0.444315,0.342102,-0.0027,0.0000
1787920967.012075,-0.728594,-0.444274,0.341914,-0.0030,0.0000
1787920967.019778,-0.728520,-0.444149,0.341988,0.0022,0.0000
1787920967.026446,-0.728499,-0.444084,0.341652,0.0034,0.0000
1787920967.030805,-0.728492,-0.444177,0.341861,0.0007,0.0000
1787920967.037307,-0.728509,-0.444334,0.342076,-0.0027,0.0000
1787920967.045022,-0.728565,-0.444122,0.341623,-0.0012,0.0000
1787920967.051059,-0.728597,-0.444231,0.341695,-0.0041,0.0000
1787920967.058699,-0.728385,-0.444430,0.342283,0.0024,0.0000
1787920967.064311,-0.728561,-0.444275,0.341823,-0.0045,0.0000
1787920967.071479,-0.728506,-0.444525,0.342150,-0.0045,0.0000
1787920967.077379,-0.728410,-0.444633,0.342463,-0.0004,0.0000
1787920967.084429,-0.728436,-0.444402,0.342081,0.0020,0.0000
1787920967.090685,-0.728454,-0.444579,0.342415,-0.0023,0.0000
1787920967.097424,-0.728517,-0.444490,0.341916,-0.0029,0.0000
1787920967.104698,-0.728458,-0.444289,0.342022,0.0030,0.0000
1787920967.110642,-0.728463,-0.444227,0.341914,0.0030,0.0000
1787920967.118825,-0.728464,-0.444336,0.342114,0.0007,0.0000
1787920967.124167,-0.728473,-0.444327,0.342037,0.0001,0.0000
1787920967.130897,-0.728379,-0.444340,0.342279,0.0039,0.0000
1787920967.137938,-0.728540,-0.444139,0.341705,-0.0009,0.0000
1787920967.145958,-0.728485,-0.444225,0.342010,0.0002,0.0000
1787920967.150997,-0.728619,-0.444309,0.341923,-0.0090,0.0000
1787920967.160236,-0.728509,-0.444205,0.341789,-0.0018,0.0000
1787920967.163765,-0.728482,-0.444249,0.341869,-0.0003,0.0000
1787920967.171109,-0.728570,-0.444329,0.342049,-0.0047,0.0000
1787920967.177627,-0.728522,-0.444192,0.341870,0.0009,0.0000
1787920967.184484,-0.728531,-0.444330,0.341983,-0.0018,0.0000
1787920967.190883,-0.728424,-0.444389,0.342193,0.0025,0.0000
1787920967.197074,-0.728455,-0.444340,0.342006,0.0012,0.0000
1787920967.204259,-0.728555,-0.444354,0.341976,-0.0033,0.0000
1787920967.210907,-0.728409,-0.444462,0.342243,0.0023,0.0000
1787920967.219787,-0.728561,-0.444270,0.341837,-0.0011,0.0000
1787920967.225486,-0.728499,-0.444335,0.342175,0.0011,0.0000
1787920967.231392,-0.728538,-0.444319,0.341903,-0.0007,0.0000
1787920967.237880,-0.728584,-0.444396,0.341988,-0.0037,0.0000
1787920967.244274,-0.728538,-0.444259,0.341894,0.0015,0.0000
1787920967.250595,-0.728462,-0.444288,0.341789,0.0041,0.0000
1787920967.257686,-0.728549,-0.444377,0.342011,-0.0019,0.0000
1787920967.264577,-0.728541,-0.444306,0.341688,0.0000,0.0000
1787920967.274400,-0.728484,-0.444508,0.342107,-0.0004,0.0000
1787920967.277833,-0.728480,-0.444427,0.341720,0.0024,0.0000
1787920967.283904,-0.728506,-0.444186,0.341598,0.0045,0.0000
1787920967.290919,-0.728520,-0.444223,0.341449,0.0020,0.0000
1787920967.297900,-0.728460,-0.444298,0.341978,0.0028,0.0000
1787920967.305514,-0.728513,-0.444086,0.341728,0.0028,0.0000
1787920967.310939,-0.728414,-0.444386,0.342210,0.0015,0.0000
1787920967.317525,-0.728599,-0.444163,0.341612,-0.0034,0.0000
1787920967.324216,-0.728597,-0.444321,0.341885,-0.0047,0.0000
1787920967.333655,-0.728536,-0.444197,0.341746,-0.0001,0.0000
1787920967.337408,-0.728525,-0.444300,0.341728,-0.0021,0.0000
1787920967.344477,-0.728537,-0.444261,0.341959,-0.0014,0.0000
1787920967.351790,-0.728617,-0.444047,0.341330,-0.0011,0.0000
1787920967.358591,-0.728546,-0.444255,0.341579,-0.0009,0.0000
1787920967.365058,-0.728492,-0.444448,0.342094,-0.0013,0.0000
1787920967.371010,-0.728644,-0.444477,0.341822,-0.0086,0.0000
1787920967.377189,-0.728460,-0.444271,0.341482,0.0058,0.0000
1787920967.384308,-0.728460,-0.444380,0.341989,0.0025,0.0000
1787920967.391380,-0.728475,-0.444367,0.341964,0.0013,0.0000
1787920967.397783,-0.728468,-0.444271,0.341839,0.0027,0.0000
1787920967.404474,-0.728458,-0.444448,0.342221,-0.0003,0.0000
1787920967.410839,-0.728462,-0.444381,0.341966,0.0007,0.0000
1787920967.417304,-0.728505,-0.444405,0.342138,-0.0018,0.0000
1787920967.424015,-0.728546,-0.444293,0.341885,-0.0013,0.0000
1787920967.430587,-0.728510,-0.444366,0.341807,-0.0005,0.0000
1787920967.438147,-0.728582,-0.444406,0.342172,-0.0036,0.0000
1787920967.443984,-0.728560,-0.444281,0.341678,0.0007,0.0000
1787920967.455362,-0.728499,-0.444094,0.341653,0.0037,0.0000
1787920967.457590,-0.728534,-0.444239,0.341656,-0.0084,0.0000
1787920967.464210,-0.728616,-0.444113,0.341517,-0.0075,0.0000
1787920967.471135,-0.728533,-0.444369,0.341610,-0.0056,0.0000
1787920967.477992,-0.728459,-0.444385,0.341912,-0.0011,0.0000
1787920967.484295,-0.728554,-0.444384,0.341587,-0.0050,0.0000
1787920967.490711,-0.728559,-0.444335,0.341885,-0.0029,0.0000
1787920967.497786,-0.728435,-0.444451,0.342153,0.0012,0.0000
1787920967.504189,-0.728469,-0.444337,0.342021,0.0012,0.0000
1787920967.510470,-0.728536,-0.444369,0.341907,-0.0027,0.0000
1787920967.518580,-0.728481,-0.444391,0.342181,-0.0003,0.0000
1787920967.524492,-0.728416,-0.444294,0.342098,0.0046,0.0000
1787920967.531880,-0.728513,-0.444165,0.341501,0.0012,0.0000
1787920967.538672,-0.728538,-0.444399,0.342296,-0.0037,0.0000
1787920967.543745,-0.728580,-0.444099,0.341501,0.0011,0.0000
1787920967.551441,-0.728492,-0.444364,0.342040,0.0005,0.0000
1787920967.558051,-0.728518,-0.444285,0.341900,0.0004,0.0000
1787920967.565347,-0.728500,-0.444387,0.341921,-0.0004,0.0000
1787920967.570868,-0.728591,-0.444087,0.341340,0.0005,0.0000
1787920967.577578,-0.728456,-0.444475,0.342127,0.0002,0.0000
1787920967.584389,-0.728499,-0.444339,0.341870,0.0004,0.0000
1787920967.590979,-0.728584,-0.444375,0.341942,-0.0039,0.0000
1787920967.597767,-0.728495,-0.444299,0.341805,0.0021,0.0000
1787920967.603782,-0.728531,-0.444321,0.342051,-0.0006,0.0000
1787920967.611655,-0.728485,-0.444384,0.341869,0.0004,0.0000
