timestamp,x,y,yaw,velocity,steering
1787921175.059824,1.030245,-2.688999,1.599038,0.0000,0.0000
1787921175.066794,1.030295,-2.688993,1.598972,0.0002,0.0000
1787921175.073575,1.030247,-2.689035,1.598749,-0.0017,0.0000
1787921175.079621,1.030352,-2.688968,1.599051,0.0020,0.0000
1787921175.086814,1.030351,-2.689131,1.598496,-0.0054,0.0000
1787921175.092594,1.030560,-2.689105,1.598778,-0.0027,0.0000
1787921175.099936,1.030628,-2.689203,1.598740,-0.0060,0.0000
1787921175.106683,1.030619,-2.689149,1.598438,-0.0018,0.0000
1787921175.113309,1.030760,-2.689327,1.598809,-0.0095,0.0000
1787921175.119380,1.030961,-2.689355,1.599174,-0.0083,0.0000
1787921175.126256,1.030757,-2.689351,1.598664,-0.0054,0.0000
1787921175.134775,1.030832,-2.689219,1.598902,0.0008,0.0000
1787921175.139234,1.030694,-2.689318,1.598659,-0.0059,0.0000
1787921175.146545,1.030589,-2.689254,1.598770,-0.0013,0.0000
1787921175.152705,1.030474,-2.689065,1.598782,0.0084,0.0000
1787921175.160547,1.030316,-2.689035,1.598777,0.0072,0.0000
1787921175.166209,1.030307,-2.689040,1.599093,0.0048,0.0000
1787921175.172395,1.030462,-2.689030,1.598895,0.0036,0.0000
1787921175.180370,1.030598,-2.689158,1.599026,-0.0024,0.0000
1787921175.186111,1.030573,-2.689213,1.599023,-0.0045,0.0000
1787921175.192741,1.030614,-2.689250,1.598676,-0.0049,0.0000
1787921175.202893,1.030681,-2.689188,1.598298,-0.0017,0.0000
1787921175.207768,1.030805,-2.689157,1.598650,0.0005,0.0000
1787921175.212555,1.030796,-2.689224,1.598542,-0.0038,0.0000
1787921175.221919,1.030636,-2.689202,1.598407,-0.0018,0.0000
1787921175.225766,1.030705,-2.689322,1.598593,-0.0108,0.0000
1787921175.232781,1.030854,-2.689231,1.598637,-0.0038,0.0000
1787921175.239242,1.030653,-2.689306,1.598791,-0.0059,0.0000
1787921175.246271,1.030620,-2.689212,1.599097,-0.0001,0.0000
1787921175.253137,1.030515,-2.689068,1.599081,0.0064,0.0000
1787921175.259090,1.030376,-2.689141,1.598986,0.0010,0.0000
1787921175.266154,1.030437,-2.689039,1.598717,0.0050,0.0000
1787921175.273172,1.030287,-2.689084,1.598710,0.0017,0.0000
1787921175.279165,1.030509,-2.689048,1.598794,0.0027,0.0000
1787921175.286472,1.030398,-2.689095,1.598428,0.0001,0.0000
1787921175.292387,1.030665,-2.689101,1.598728,-0.0006,0.0000
1787921175.300116,1.030698,-2.689269,1.599085,-0.0070,0.0000
1787921175.306377,1.030747,-2.689273,1.598582,-0.0052,0.0000
1787921175.313829,1.030715,-2.689267,1.598702,-0.0033,0.0000
1787921175.319043,1.030928,-2.689315,1.599176,-0.0054,0.0000
1787921175.326258,1.030684,-2.689181,1.598871,0.0020,0.0000
1787921175.333012,1.030511,-2.689145,1.598569,0.0033,0.0000
1787921175.339676,1.030645,-2.689047,1.598653,0.0065,0.0000
1787921175.346337,1.030515,-2.689170,1.598481,-0.0008,0.0000
1787921175.352577,1.030478,-2.688979,1.598729,0.0087,0.0000
1787921175.359480,1.030512,-2.689052,1.598812,0.0029,0.0000
1787921175.366651,1.030656,-2.689129,1.599099,-0.0014,0.0000
1787921175.372717,1.030322,-2.689092,1.598721,0.0013,0.0000
1787921175.380360,1.030485,-2.689165,1.598411,-0.0021,0.0000
1787921175.385732,1.030522,-2.689223,1.598876,-0.0048,0.0000
1787921175.393990,1.030497,-2.689202,1.598716,-0.0026,0.0000
1787921175.399324,1.030699,-2.689343,1.598948,-0.0100,0.0000
1787921175.406209,1.030560,-2.689251,1.598604,-0.0029,0.0000
1787921175.412963,1.030790,-2.689323,1.599029,-0.0055,0.0000
1787921175.419344,1.030590,-2.689212,1.598466,0.0016,0.0000
1787921175.426996,1.030506,-2.689278,1.598490,-0.0013,0.0000
1787921175.432684,1.030702,-2.689189,1.598609,0.0035,0.0000
1787921175.441792,1.030470,-2.689050,1.598654,0.0072,0.0000
1787921175.446645,1.030582,-2.689270,1.598545,-0.0087,0.0000
1787921175.453948,1.030647,-2.689134,1.598813,-0.0006,0.0000
1787921175.459628,1.030443,-2.689177,1.598328,-0.0024,0.0000
1787921175.465940,1.030730,-2.689118,1.598907,0.0007,0.0000
1787921175.473511,1.030433,-2.689233,1.598696,-0.0037,0.0000
1787921175.479527,1.030508,-2.689083,1.598747,0.0048,0.0000
1787921175.486385,1.030576,-2.689233,1.599119,-0.0033,0.0000
1787921175.493043,1.030406,-2.689062,1.598406,0.0056,0.0000
1787921175.500663,1.030708,-2.689121,1.599027,0.0013,0.0000
1787921175.505858,1.030228,-2.689105,1.598136,0.0026,0.0000
1787921175.514603,1.030702,-2.689267,1.598429,-0.0042,0.0000
1787921175.519589,1.030786,-2.689222,1.598612,-0.0004,0.0000
1787921175.527829,1.030761,-2.689235,1.598587,-0.0007,0.0000
1787921175.532464,1.030745,-2.689192,1.598482,0.0023,0.0000
1787921175.540206,1.030579,-2.689155,1.598393,0.0032,0.0000
1787921175.545980,1.030822,-2.689177,1.598748,0.0008,0.0000
1787921175.553755,1.030577,-2.689173,1.598382,0.0010,0.0000
1787921175.559508,1.030605,-2.689125,1.598817,0.0031,0.0000
1787921175.566086,1.030463,-2.689042,1.598784,0.0061,0.0000
1787921175.573481,1.030485,-2.689077,1.599143,0.0029,0.0000
1787921175.579027,1.030455,-2.689098,1.598910,0.0009,0.0000
1787921175.586553,1.030471,-2.689169,1.598995,-0.0022,0.0000
1787921175.592827,1.030570,-2.689248,1.599074,-0.0054,0.0000
1787921175.599293,1.030489,-2.689066,1.598667,0.0047,0.0000
1787921175.608138,1.030511,-2.689088,1.598868,0.0025,0.0000
1787921175.612732,1.030495,-2.689249,1.598813,-0.0087,0.0000
1787921175.620294,1.030713,-2.689238,1.598763,-0.0059,0.0000
1787921175.626118,1.030691,-2.689246,1.598281,-0.0045,0.0000
1787921175.633251,1.030650,-2.689280,1.598272,-0.0045,0.0000
1787921175.639153,1.030731,-2.689289,1.598759,-0.0038,0.0000
1787921175.647178,1.030776,-2.689191,1.598805,0.0010,0.0000
1787921175.652309,1.030673,-2.689223,1.599018,-0.0010,0.0000
1787921175.659433,1.030454,-2.689153,1.598578,0.0025,0.0000
1787921175.666572,1.030491,-2.689213,1.598881,-0.0008,0.0000
1787921175.672686,1.030409,-2.689027,1.599023,0.0087,0.0000
1787921175.679810,1.030361,-2.689039,1.598968,0.0056,0.0000
1787921175.686162,1.030528,-2.689093,1.598492,0.0012,0.0000
1787921175.692645,1.030546,-2.689176,1.598935,-0.0031,0.0000
1787921175.701352,1.030433,-2.689157,1.598761,-0.0014,0.0000
1787921175.705746,1.030493,-2.689189,1.598188,-0.0033,0.0000
1787921175.712968,1.030963,-2.689241,1.599150,-0.0050,0.0000
1787921175.719508,1.030627,-2.689376,1.598436,-0.0093,0.0000
1787921175.726231,1.030754,-2.689240,1.598633,-0.0005,0.0000
1787921175.732643,1.030688,-2.689267,1.598744,-0.0016,0.0000
1787921175.739596,1.030512,-2.689168,1.598191,0.0034,0.0000
1787921175.748247,1.030545,-2.689193,1.598407,0.0015,0.0000
1787921175.753802,1.030645,-2.689275,1.598897,-0.0036,0.0000
1787921175.759480,1.030471,-2.689152,1.598816,0.0043,0.0000
1787921175.765951,1.030482,-2.689102,1.598876,0.0053,0.0000
1787921175.772852,1.030470,-2.689025,1.598936,0.0071,0.0000
1787921175.779916,1.030414,-2.689106,1.598578,0.0016,0.0000
1787921175.788994,1.030481,-2.689182,1.598960,-0.0015,0.0000
1787921175.793180,1.030549,-2.689245,1.598980,-0.0057,0.0000
1787921175.799058,1.030558,-2.689177,1.598594,-0.0005,0.0000
1787921175.807131,1.030417,-2.689097,1.598252,0.0028,0.0000
1787921175.813399,1.030691,-2.689167,1.598856,-0.0018,0.0000
1787921175.821530,1.030584,-2.689319,1.598487,-0.0068,0.0000
1787921175.826562,1.030758,-2.689260,1.598532,-0.0015,0.0000
1787921175.835101,1.030603,-2.689200,1.598495,0.0012,0.0000
1787921175.839363,1.030627,-2.689181,1.598787,0.0021,0.0000
1787921175.846281,1.030716,-2.689224,1.598645,-0.0005,0.0000
1787921175.853022,1.030569,-2.689133,1.598824,0.0039,0.0000
1787921175.862189,1.030533,-2.689090,1.598449,0.0042,0.0000
1787921175.866834,1.030378,-2.689219,1.598679,-0.0051,0.0000
1787921175.873194,1.030404,-2.689178,1.598667,-0.0017,0.0000
1787921175.879870,1.030636,-2.689244,1.599103,-0.0044,0.0000
1787921175.886000,1.030471,-2.689162,1.598487,0.0011,0.0000
1787921175.893005,1.030845,-2.689200,1.599260,-0.0013,0.0000
1787921175.899435,1.030504,-2.689216,1.598527,-0.0012,0.0000
1787921175.906296,1.030555,-2.689128,1.598444,0.0029,0.0000
1787921175.916077,1.030577,-2.689246,1.598511,-0.0016,0.0000
1787921175.919307,1.030884,-2.689294,1.599008,-0.0064,0.0000
1787921175.925643,1.030548,-2.689339,1.598698,-0.0062,0.0000
1787921175.932341,1.030494,-2.689081,1.598629,0.0073,0.0000
1787921175.939491,1.030542,-2.689159,1.598651,0.0018,0.0000
1787921175.946303,1.030541,-2.689167,1.598967,0.0009,0.0000
1787921175.953279,1.030532,-2.689156,1.598697,0.0011,0.0000
1787921175.959139,1.030473,-2.689183,1.598658,-0.0005,0.0000
1787921175.966210,1.030515,-2.689124,1.598739,0.0021,0.0000
1787921175.972579,1.030456,-2.689115,1.598797,0.0020,0.0000
1787921175.979532,1.030623,-2.689257,1.598971,-0.0049,0.0000
1787921175.985816,1.030541,-2.689206,1.598633,-0.0009,0.0000
1787921175.992671,1.030677,-2.689210,1.598715,-0.0010,0.0000
1787921176.000112,1.030523,-2.689262,1.598914,-0.0026,0.0000
1787921176.005853,1.030693,-2.689227,1.598669,-0.0002,0.0000
1787921176.013004,1.030720,-2.689188,1.598580,0.0014,0.0000
1787921176.019584,1.030595,-2.689230,1.598490,-0.0007,0.0000
1787921176.026365,1.030723,-2.689289,1.598871,-0.0033,0.0000
1787921176.032948,1.030516,-2.689281,1.598783,-0.0017,0.0000
1787921176.039665,1.030820,-2.689252,1.598928,-0.0003,0.0000
1787921176.046913,1.030557,-2.689073,1.599034,0.0075,0.0000
1787921176.056193,1.030300,-2.689093,1.598302,0.0049,0.0000
1787921176.059254,1.030442,-2.688990,1.598692,0.0132,0.0000
1787921176.066065,1.030635,-2.689232,1.598762,-0.0017,0.0000
1787921176.072632,1.030605,-2.689202,1.598744,0.0002,0.0000
1787921176.081662,1.030780,-2.689259,1.598950,-0.0019,0.0000
1787921176.087610,1.030542,-2.689179,1.598530,0.0030,0.0000
1787921176.092889,1.030568,-2.689253,1.598717,-0.0021,0.0000
1787921176.099523,1.030551,-2.689234,1.598664,-0.0006,0.0000
1787921176.106075,1.030713,-2.689215,1.598733,0.0002,0.0000
1787921176.112895,1.030553,-2.689233,1.598637,-0.0004,0.0000
1787921176.120040,1.030667,-2.689218,1.598857,0.0002,0.0000
1787921176.128669,1.030503,-2.689085,1.598604,0.0049,0.0000
1787921176.133020,1.030373,-2.689108,1.598420,0.0021,0.0000
1787921176.142206,1.030595,-2.689183,1.598919,-0.0012,0.0000
1787921176.146194,1.030423,-2.689155,1.598633,0.0016,0.0000
1787921176.154397,1.030473,-2.689051,1.598382,0.0049,0.0000
1787921176.160036,1.030644,-2.689200,1.598982,-0.0048,0.0000
1787921176.166483,1.030739,-2.689218,1.599087,-0.0043,0.0000
1787921176.173669,1.030501,-2.689199,1.598400,-0.0019,0.0000
1787921176.179143,1.030425,-2.689123,1.598396,0.0029,0.0000
1787921176.186104,1.030614,-2.689284,1.598485,-0.0051,0.0000
1787921176.192930,1.030724,-2.689172,1.598591,0.0012,0.0000
1787921176.200284,1.030565,-2.689215,1.598482,-0.0007,0.0000
1787921176.205735,1.030592,-2.689108,1.598559,0.0053,0.0000
1787921176.212696,1.030404,-2.689117,1.598322,0.0035,0.0000
1787921176.221601,1.030476,-2.689139,1.598830,0.0017,0.0000
1787921176.225803,1.030600,-2.689114,1.598482,0.0027,0.0000
1787921176.232972,1.030373,-2.689204,1.598137,-0.0016,0.0000
1787921176.239273,1.030595,-2.689198,1.598769,-0.0011,0.0000
1787921176.247910,1.030417,-2.689105,1.598402,0.0026,0.0891
1787921176.252684,1.030468,-2.689067,1.598760,0.0041,0.0891
1787921176.260487,1.030588,-2.689137,1.598842,0.0001,0.0891
1787921176.267790,1.030466,-2.689158,1.598473,-0.0007,0.0891
1787921176.273361,1.030626,-2.689279,1.598890,-0.0072,0.0891
1787921176.279113,1.030440,-2.689240,1.598574,-0.0028,0.0891
1787921176.286200,1.030706,-2.689182,1.598791,0.0002,0.0891
1787921176.292457,1.030444,-2.689340,1.598665,-0.0071,0.0891
1787921176.300994,1.030686,-2.689194,1.599155,-0.0001,0.0891
1787921176.305943,1.030183,-2.689125,1.598109,0.0050,0.0891
1787921176.312519,1.030750,-2.689162,1.598583,0.0011,0.0891
1787921176.319298,1.030544,-2.689239,1.598087,-0.0024,0.0891
1787921176.326121,1.030454,-2.689181,1.598019,0.0010,0.0891
1787921176.333443,1.030492,-2.689157,1.598046,0.0016,0.0891
1787921176.339661,1.030157,-2.689062,1.597291,0.0061,0.0891
1787921176.346991,1.030282,-2.689178,1.597477,-0.0006,0.0907
1787921176.352522,1.030491,-2.689216,1.597417,-0.0028,0.0907
1787921176.359345,1.030358,-2.689142,1.596877,0.0015,0.0907
1787921176.366373,1.030498,-2.689069,1.597068,0.0040,0.0907
1787921176.373647,1.030728,-2.689185,1.597578,-0.0023,0.0907
1787921176.379448,1.030667,-2.689084,1.597417,0.0037,0.0907
1787921176.385967,1.030746,-2.689080,1.597518,0.0027,0.0907
1787921176.392825,1.030837,-2.689244,1.597579,-0.0054,0.0907
1787921176.399761,1.030892,-2.689170,1.598021,-0.0006,0.0907
1787921176.406845,1.030721,-2.689149,1.597604,0.0006,0.0907
1787921176.412906,1.030754,-2.689051,1.597609,0.0053,0.0907
1787921176.419278,1.030431,-2.689059,1.597273,0.0037,0.0907
1787921176.427042,1.030568,-2.689052,1.597609,0.0027,0.0907
1787921176.433047,1.030486,-2.689176,1.597223,-0.0042,0.0907
1787921176.439289,1.030576,-2.689138,1.597267,-0.0012,0.0907
1787921176.449665,1.030775,-2.689222,1.597858,-0.0034,0.0929
1787921176.452626,1.030333,-2.689143,1.597216,0.0068,0.0929
1787921176.459679,1.030698,-2.689153,1.597636,0.0039,0.0929
1787921176.466507,1.030499,-2.689116,1.597661,0.0046,0.0929
1787921176.472768,1.030393,-2.689066,1.597390,0.0058,0.0929
1787921176.479107,1.030387,-2.689120,1.597321,0.0015,0.0929
1787921176.486176,1.030306,-2.689117,1.597050,0.0012,0.0929
1787921176.492558,1.030660,-2.689070,1.597627,0.0026,0.0929
1787921176.501353,1.030371,-2.689067,1.596991,0.0022,0.0929
1787921176.506020,1.030529,-2.689101,1.597600,-0.0009,0.0929
1787921176.512628,1.030495,-2.689057,1.597515,0.0014,0.0929
1787921176.519953,1.030395,-2.689153,1.597309,-0.0028,0.0929
1787921176.526102,1.030651,-2.689162,1.597891,-0.0027,0.0929
1787921176.532540,1.030758,-2.689015,1.597581,0.0048,0.0929
1787921176.539316,1.030551,-2.689115,1.597080,-0.0008,0.0929
1787921176.545555,1.030705,-2.689051,1.597416,0.0023,0.0929
1787921176.553553,1.030650,-2.689065,1.597373,0.0011,0.0933
1787921176.559373,1.030580,-2.689243,1.597383,-0.0083,0.0933
1787921176.567579,1.030762,-2.689094,1.597789,-0.0005,0.0933
1787921176.572634,1.030451,-2.688987,1.597089,0.0065,0.0933
1787921176.579095,1.030587,-2.689034,1.597354,0.0022,0.0933
1787921176.586328,1.030815,-2.689008,1.597469,0.0023,0.0933
1787921176.592787,1.030423,-2.689172,1.596835,-0.0055,0.0933
1787921176.599954,1.030599,-2.689222,1.597275,-0.0061,0.0933
1787921176.606531,1.030555,-2.689168,1.597323,-0.0018,0.0933
1787921176.612512,1.030411,-2.689179,1.597401,-0.0016,0.0933
1787921176.619686,1.030546,-2.689236,1.597175,-0.0037,0.0933
1787921176.626198,1.030540,-2.689197,1.597636,-0.0007,0.0933
1787921176.636173,1.030489,-2.689169,1.597096,0.0003,0.0933
1787921176.639889,1.030586,-2.689110,1.597287,0.0048,0.0933
1787921176.645782,1.030549,-2.689155,1.597498,0.0012,0.0933
1787921176.654947,1.030457,-2.689109,1.597465,0.0024,0.0929
1787921176.659461,1.030279,-2.689061,1.596898,0.0052,0.0929
1787921176.665976,1.030423,-2.688906,1.597553,0.0106,0.0929
1787921176.672757,1.030418,-2.688855,1.597292,0.0097,0.0929
1787921176.679238,1.030508,-2.688651,1.597283,0.0161,0.0929
1787921176.686133,1.030720,-2.688303,1.597281,0.0261,0.0929
1787921176.692935,1.030661,-2.687847,1.597464,0.0385,0.0929
1787921176.699301,1.030641,-2.687380,1.597245,0.0490,0.0929
1787921176.705995,1.030307,-2.686359,1.596353,0.0804,0.0929
1787921176.713083,1.030287,-2.685664,1.596477,0.0857,0.0929
1787921176.718950,1.030783,-2.684714,1.597089,0.1079,0.0929
1787921176.726569,1.030549,-2.683549,1.596972,0.1216,0.0929
1787921176.733560,1.030334,-2.682461,1.596919,0.1320,0.0929
1787921176.741293,1.030457,-2.681116,1.595901,0.1445,0.0929
1787921176.745985,1.030647,-2.679847,1.596267,0.1819,0.0972
1787921176.756624,1.030759,-2.678692,1.596679,0.1598,0.0972
1787921176.759353,1.030072,-2.677396,1.595349,0.2562,0.0972
1787921176.766029,1.030283,-2.675993,1.595668,0.2421,0.0972
1787921176.772974,1.030313,-2.674672,1.595502,0.2265,0.0972
1787921176.779248,1.030504,-2.673501,1.595760,0.2143,0.0972
1787921176.785769,1.029846,-2.672317,1.594645,0.2052,0.0972
1787921176.793720,1.030073,-2.671015,1.595055,0.1925,0.0972
1787921176.799278,1.030292,-2.669728,1.595179,0.2039,0.0972
1787921176.807333,1.030592,-2.668487,1.595734,0.1887,0.0972
1787921176.812260,1.029990,-2.667483,1.594530,0.1940,0.0972
1787921176.819077,1.029606,-2.666184,1.594634,0.1934,0.0972
1787921176.826635,1.029923,-2.665208,1.595204,0.1738,0.0972
1787921176.832732,1.029781,-2.663922,1.594835,0.1851,0.0972
1787921176.839147,1.029730,-2.662917,1.594293,0.1766,0.0972
1787921176.846269,1.029844,-2.661650,1.594669,0.1768,0.0955
1787921176.853050,1.029825,-2.660341,1.595021,0.1817,0.0955
1787921176.859687,1.029423,-2.659055,1.594150,0.1857,0.0955
1787921176.867037,1.029060,-2.657890,1.593707,0.1779,0.0955
1787921176.874541,1.029166,-2.656502,1.594240,0.1799,0.0955
1787921176.879799,1.029191,-2.654963,1.594121,0.2137,0.0955
1787921176.885866,1.028902,-2.653752,1.593575,0.2098,0.0955
1787921176.893074,1.028640,-2.652314,1.593900,0.2069,0.0955
1787921176.899780,1.028586,-2.650867,1.593785,0.2096,0.0955
1787921176.905689,1.028516,-2.649316,1.593178,0.2255,0.0955
1787921176.912910,1.028738,-2.647921,1.593374,0.2156,0.0955
1787921176.919032,1.028857,-2.646386,1.593968,0.2260,0.0955
1787921176.925948,1.028909,-2.644989,1.594429,0.2187,0.0955
1787921176.932989,1.028231,-2.643357,1.593068,0.2233,0.0955
1787921176.939476,1.028815,-2.641662,1.594165,0.2340,0.0955
1787921176.947854,1.028490,-2.640135,1.594299,0.2188,0.0923
1787921176.952775,1.028157,-2.638518,1.593415,0.2522,0.0923
1787921176.961344,1.028540,-2.636827,1.593979,0.2354,0.0923
1787921176.966253,1.028926,-2.635232,1.594699,0.2616,0.0923
1787921176.972597,1.028462,-2.633660,1.593871,0.2580,0.0923
1787921176.979220,1.028269,-2.631782,1.594469,0.2658,0.0923
1787921176.986452,1.028216,-2.630211,1.593565,0.2513,0.0923
1787921176.992377,1.028427,-2.628793,1.594066,0.2474,0.0923
1787921176.999327,1.028073,-2.627063,1.594094,0.2482,0.0923
1787921177.006055,1.028294,-2.625181,1.593843,0.2574,0.0923
1787921177.012964,1.028119,-2.623651,1.593377,0.2468,0.0923
1787921177.019673,1.027982,-2.621645,1.593475,0.2626,0.0923
1787921177.026152,1.027950,-2.620055,1.594002,0.2574,0.0923
1787921177.032638,1.027942,-2.618115,1.593120,0.2699,0.0923
1787921177.041112,1.027407,-2.616141,1.592459,0.2592,0.0923
1787921177.045963,1.027433,-2.614464,1.592659,0.2851,0.0902
1787921177.052678,1.026880,-2.612536,1.592440,0.2862,0.0902
1787921177.059238,1.027552,-2.610746,1.593596,0.2815,0.0902
1787921177.065726,1.027025,-2.609034,1.593107,0.2768,0.0902
1787921177.072863,1.026725,-2.606989,1.592131,0.2799,0.0902
1787921177.079348,1.027224,-2.605182,1.593110,0.2790,0.0902
1787921177.085958,1.026572,-2.603263,1.592351,0.2830,0.0902
1787921177.092641,1.026677,-2.601184,1.592931,0.2913,0.0902
1787921177.099338,1.027107,-2.599616,1.593761,0.2737,0.0902
1787921177.106266,1.026312,-2.597411,1.593109,0.2878,0.0902
1787921177.113279,1.026577,-2.595568,1.593487,0.2800,0.0902
1787921177.119288,1.026840,-2.593659,1.593941,0.2910,0.0902
1787921177.126397,1.026319,-2.591625,1.593546,0.2900,0.0902
1787921177.134339,1.026460,-2.589596,1.594826,0.2795,0.0902
1787921177.139580,1.026116,-2.587515,1.593929,0.3152,0.0902
1787921177.146187,1.026278,-2.585341,1.594874,0.3191,0.0865
1787921177.152815,1.025937,-2.583541,1.594481,0.3052,0.0865
1787921177.159838,1.025890,-2.581416,1.594550,0.3044,0.0865
1787921177.167171,1.026212,-2.579427,1.595830,0.2941,0.0865
1787921177.172502,1.025651,-2.577487,1.595340,0.3158,0.0865
1787921177.182202,1.026288,-2.575139,1.596444,0.2932,0.0865
1787921177.186278,1.025651,-2.573049,1.596464,0.3602,0.0865
1787921177.192426,1.026183,-2.571053,1.596948,0.3488,0.0865
1787921177.200454,1.025819,-2.568803,1.597126,0.3286,0.0865
1787921177.206429,1.025602,-2.566952,1.597080,0.3232,0.0865
1787921177.212541,1.026001,-2.564722,1.597988,0.3351,0.0865
1787921177.219888,1.025639,-2.562530,1.597812,0.3245,0.0865
1787921177.226532,1.025840,-2.560307,1.598475,0.3272,0.0865
1787921177.233412,1.025280,-2.558131,1.598385,0.3246,0.0865
1787921177.240297,1.025343,-2.555964,1.598738,0.3215,0.0865
1787921177.246117,1.025111,-2.553940,1.598620,0.3297,0.0788
1787921177.252307,1.025272,-2.551496,1.598205,0.3490,0.0788
1787921177.259454,1.025045,-2.549366,1.599075,0.3339,0.0788
1787921177.268526,1.025207,-2.547295,1.599145,0.3021,0.0788
1787921177.272477,1.024749,-2.544772,1.599203,0.4039,0.0788
1787921177.279767,1.024941,-2.542869,1.599596,0.3608,0.0788
1787921177.286206,1.024604,-2.540160,1.598357,0.3792,0.0788
1787921177.292783,1.024693,-2.538159,1.599534,0.3565,0.0788
1787921177.299436,1.024523,-2.535919,1.598920,0.3508,0.0788
1787921177.305892,1.024538,-2.533547,1.599556,0.3557,0.0788
1787921177.312791,1.024054,-2.531471,1.599016,0.3398,0.0788
1787921177.319422,1.024247,-2.528854,1.598904,0.3560,0.0788
1787921177.326585,1.024137,-2.526757,1.599281,0.3371,0.0788
1787921177.332702,1.023786,-2.524427,1.598936,0.3507,0.0788
1787921177.339385,1.023508,-2.522018,1.598434,0.3539,0.0788
1787921177.348319,1.023599,-2.520133,1.599110,0.3109,0.0805
1787921177.352625,1.023516,-2.517443,1.598465,0.4051,0.0805
1787921177.359515,1.023350,-2.515455,1.598582,0.3703,0.0805
1787921177.370909,1.023186,-2.512983,1.598825,0.3244,0.0805
1787921177.372696,1.022735,-2.510654,1.598203,0.6199,0.0805
1787921177.379096,1.023166,-2.508607,1.600026,0.5293,0.0805
1787921177.387743,1.022342,-2.505987,1.597988,0.4621,0.0805
1787921177.392745,1.022964,-2.503886,1.599259,0.4484,0.0805
1787921177.399638,1.022687,-2.501705,1.598884,0.4091,0.0805
1787921177.406245,1.022479,-2.499057,1.598850,0.4068,0.0805
1787921177.412568,1.022522,-2.497062,1.599707,0.3793,0.0805
1787921177.419782,1.022252,-2.494327,1.599063,0.3795,0.0805
1787921177.425719,1.022454,-2.492176,1.599572,0.3740,0.0805
1787921177.432820,1.022156,-2.489891,1.599215,0.3587,0.0805
1787921177.440950,1.021907,-2.487371,1.599258,0.3443,0.0805
1787921177.446274,1.022162,-2.485320,1.600422,0.3561,0.0817
1787921177.454065,1.021724,-2.482610,1.599807,0.3541,0.0817
1787921177.459911,1.021982,-2.480396,1.600144,0.3610,0.0817
1787921177.466060,1.021834,-2.478123,1.600114,0.3638,0.0817
1787921177.473985,1.021618,-2.475651,1.599804,0.3484,0.0817
1787921177.479011,1.021470,-2.473456,1.599902,0.3751,0.0817
1787921177.489105,1.021111,-2.470839,1.599067,0.3406,0.0817
1787921177.493291,1.021336,-2.468635,1.599698,0.3959,0.0817
1787921177.499532,1.021324,-2.466188,1.599636,0.3947,0.0817
1787921177.505891,1.021216,-2.463634,1.599623,0.3969,0.0817
1787921177.512640,1.020908,-2.461442,1.599581,0.3756,0.0817
1787921177.520207,1.020762,-2.458748,1.599300,0.3698,0.0817
1787921177.526264,1.020791,-2.456679,1.599100,0.3613,0.0817
1787921177.532535,1.020931,-2.454183,1.599210,0.3721,0.0817
1787921177.539666,1.020381,-2.451802,1.597860,0.3612,0.0817
1787921177.545577,1.020531,-2.449394,1.598663,0.3748,0.0817
1787921177.553095,1.019983,-2.446874,1.597561,0.3635,0.0866
1787921177.559509,1.019958,-2.444588,1.597817,0.3613,0.0866
1787921177.565911,1.019756,-2.442080,1.597101,0.3707,0.0866
1787921177.575894,1.019982,-2.439826,1.598442,0.3270,0.0866
1787921177.579679,1.019602,-2.437355,1.597321,0.4255,0.0866
1787921177.586230,1.019531,-2.434847,1.597688,0.4127,0.0866
1787921177.592834,1.019410,-2.432630,1.597953,0.3897,0.0866
1787921177.599175,1.019357,-2.429965,1.598115,0.3989,0.0866
1787921177.605904,1.018807,-2.427805,1.597300,0.3762,0.0866
1787921177.612895,1.018985,-2.425247,1.597310,0.3729,0.0866
1787921177.619205,1.018706,-2.422863,1.597281,0.3746,0.0866
1787921177.625844,1.018821,-2.420381,1.597665,0.3742,0.0866
1787921177.632790,1.018429,-2.418257,1.597486,0.3541,0.0866
1787921177.639304,1.018215,-2.415568,1.597577,0.3719,0.0866
1787921177.646683,1.017815,-2.413245,1.597176,0.3552,0.1092
1787921177.652373,1.017902,-2.410546,1.597950,0.3907,0.1092
1787921177.659513,1.017627,-2.408154,1.597709,0.3743,0.1092
1787921177.666422,1.017350,-2.405457,1.597428,0.3794,0.1092
1787921177.672728,1.017187,-2.403056,1.596917,0.3800,0.1092
1787921177.679348,1.016933,-2.400538,1.597085,0.3803,0.1092
1787921177.686164,1.016663,-2.398342,1.596388,0.3632,0.1092
1787921177.693963,1.016813,-2.395881,1.597219,0.3487,0.1092
1787921177.699564,1.016567,-2.393308,1.597125,0.3822,0.1092
1787921177.710039,1.016269,-2.390863,1.596780,0.3378,0.1092
1787921177.712904,1.016171,-2.388438,1.596943,0.4905,0.1092
1787921177.719690,1.015943,-2.386027,1.597126,0.4502,0.1092
1787921177.725870,1.016198,-2.383444,1.598015,0.4401,0.1092
1787921177.732776,1.015543,-2.380857,1.597165,0.4212,0.1092
1787921177.739601,1.015658,-2.378089,1.597533,0.4163,0.1092
1787921177.745712,1.015100,-2.375551,1.596991,0.4167,0.1092
1787921177.752796,1.015247,-2.373011,1.598157,0.3990,0.1105
1787921177.759107,1.014867,-2.370500,1.597827,0.3991,0.1105
1787921177.767891,1.014964,-2.367899,1.598200,0.3681,0.1105
1787921177.774808,1.014407,-2.365478,1.597848,0.3633,0.1105
1787921177.781293,1.014701,-2.362892,1.598656,0.3735,0.1105
1787921177.786015,1.014161,-2.360399,1.598209,0.4207,0.1105
1787921177.792372,1.014463,-2.357856,1.598975,0.4141,0.1105
1787921177.799078,1.013685,-2.355367,1.598285,0.4021,0.1105
1787921177.806450,1.014208,-2.352720,1.599435,0.3885,0.1105
1787921177.812510,1.013424,-2.350164,1.598839,0.3996,0.1105
1787921177.819582,1.014130,-2.347494,1.600555,0.3920,0.1105
1787921177.826997,1.013405,-2.344963,1.600182,0.3776,0.1105
1787921177.832459,1.013556,-2.342546,1.600993,0.3968,0.1105
1787921177.839465,1.013231,-2.339751,1.601359,0.3978,0.1105
1787921177.846048,1.012838,-2.337456,1.601011,0.3835,0.1712
1787921177.852514,1.012845,-2.334777,1.601552,0.3927,0.1712
1787921177.860019,1.012740,-2.332310,1.602068,0.3736,0.1712
1787921177.866266,1.012968,-2.329995,1.603828,0.3722,0.1712
1787921177.872616,1.013086,-2.327436,1.604912,0.3812,0.1712
1787921177.879417,1.013133,-2.325267,1.605824,0.3624,0.1712
1787921177.885726,1.013359,-2.322549,1.606821,0.3824,0.1712
1787921177.892575,1.013118,-2.320373,1.607257,0.3634,0.1712
1787921177.899314,1.013457,-2.317895,1.608750,0.3640,0.1712
1787921177.905925,1.012697,-2.315393,1.607465,0.3695,0.1712
1787921177.912963,1.013140,-2.312953,1.609167,0.3619,0.1712
1787921177.918993,1.012558,-2.310708,1.608194,0.3660,0.1712
1787921177.926413,1.012843,-2.308130,1.609995,0.3599,0.1712
1787921177.932809,1.012206,-2.305910,1.608510,0.3571,0.1712
1787921177.940434,1.012199,-2.303286,1.609411,0.3531,0.1712
1787921177.946316,1.011973,-2.301096,1.608946,0.3593,0.1674
1787921177.953179,1.012265,-2.298497,1.609939,0.3645,0.1674
1787921177.959623,1.012188,-2.296172,1.610016,0.3635,0.1674
1787921177.966707,1.011839,-2.293575,1.609292,0.3649,0.1674
1787921177.972896,1.011955,-2.291055,1.610464,0.3772,0.1674
1787921177.980581,1.011279,-2.288682,1.609379,0.3577,0.1674
1787921177.985981,1.011889,-2.286151,1.611557,0.3895,0.1674
1787921177.992984,1.011380,-2.283739,1.610814,0.3767,0.1674
1787921177.999904,1.011836,-2.281204,1.612689,0.3727,0.1674
1787921178.006862,1.010952,-2.278774,1.611956,0.3671,0.1674
1787921178.012366,1.011689,-2.276293,1.613641,0.3904,0.1674
1787921178.020074,1.010850,-2.273817,1.612267,0.3709,0.1674
1787921178.025810,1.011320,-2.271290,1.613953,0.3906,0.1674
1787921178.033288,1.010336,-2.268687,1.612582,0.3794,0.1674
1787921178.038973,1.010652,-2.266236,1.613756,0.3941,0.1674
1787921178.045805,1.010393,-2.263718,1.614056,0.3868,0.1674
1787921178.052822,1.010714,-2.261321,1.615529,0.3726,0.1769
1787921178.059456,1.010117,-2.258848,1.614194,0.3737,0.1769
1787921178.066501,1.010150,-2.256328,1.615291,0.3687,0.1769
1787921178.074294,1.009161,-2.253890,1.613986,0.3535,0.1769
1787921178.079212,1.009596,-2.251507,1.614985,0.3915,0.1769
1787921178.088603,1.008970,-2.249079,1.614172,0.3524,0.1769
1787921178.092206,1.009203,-2.246464,1.614999,0.4634,0.1769
1787921178.099720,1.008695,-2.244358,1.614786,0.4093,0.1769
1787921178.106333,1.008465,-2.241678,1.615052,0.4084,0.1769
1787921178.112624,1.008538,-2.239196,1.615693,0.4040,0.1769
1787921178.119368,1.008332,-2.236779,1.616110,0.3906,0.1769
1787921178.125788,1.008465,-2.234106,1.617206,0.3979,0.1769
1787921178.134483,1.007988,-2.231565,1.616667,0.3669,0.1769
1787921178.140399,1.007931,-2.229067,1.617216,0.3835,0.1769
1787921178.146153,1.007406,-2.226417,1.617105,0.4077,0.2679
1787921178.153202,1.007799,-2.224019,1.618523,0.3865,0.2679
1787921178.159259,1.007119,-2.221521,1.617737,0.3958,0.2679
1787921178.167827,1.007312,-2.218882,1.618882,0.3690,0.2679
1787921178.172554,1.006730,-2.216360,1.618535,0.4200,0.2679
1787921178.179360,1.007060,-2.213761,1.619776,0.4076,0.2679
1787921178.186024,1.006120,-2.211145,1.618445,0.4050,0.2679
1787921178.192651,1.006898,-2.208685,1.620362,0.3930,0.2679
1787921178.199659,1.006187,-2.206107,1.620280,0.3868,0.2679
1787921178.205977,1.006378,-2.203579,1.621078,0.3902,0.2679
1787921178.212484,1.005753,-2.200892,1.620759,0.3983,0.2679
1787921178.219163,1.006104,-2.198323,1.621235,0.3933,0.2679
1787921178.226095,1.005297,-2.195706,1.620728,0.3901,0.2679
1787921178.232941,1.005319,-2.193226,1.620654,0.3816,0.2679
1787921178.239145,1.004475,-2.190444,1.619959,0.4035,0.2679
1787921178.247165,1.005044,-2.188041,1.621333,0.3711,0.2847
1787921178.252705,1.004223,-2.185366,1.620554,0.4066,0.2847
1787921178.260643,1.004704,-2.182845,1.622436,0.3789,0.2847
1787921178.265968,1.003785,-2.180164,1.621141,0.4187,0.2847
1787921178.272957,1.004181,-2.177674,1.623265,0.3989,0.2847
1787921178.279057,1.003691,-2.174990,1.623077,0.4123,0.2847
1787921178.286392,1.003852,-2.172462,1.624247,0.3915,0.2847
1787921178.293299,1.003631,-2.170080,1.624634,0.3779,0.2847
1787921178.299026,1.003703,-2.167365,1.626357,0.4063,0.2847
1787921178.306609,1.003752,-2.165028,1.627248,0.3766,0.2847
1787921178.312519,1.003169,-2.162118,1.628320,0.4128,0.2847
1787921178.319379,1.003343,-2.159875,1.629910,0.3864,0.2847
1787921178.326353,1.002971,-2.157023,1.631680,0.3939,0.2847
1787921178.333697,1.002969,-2.154728,1.633204,0.3694,0.2847
1787921178.339644,1.002459,-2.152048,1.634284,0.3951,0.2847
1787921178.345648,1.002349,-2.149474,1.634954,0.4052,0.2847
1787921178.353106,1.002111,-2.146919,1.636016,0.3868,0.2866
1787921178.359426,1.001606,-2.144403,1.636049,0.3916,0.2866
1787921178.366108,1.001775,-2.141955,1.637727,0.3833,0.2866
1787921178.372877,1.001409,-2.139279,1.637922,0.3877,0.2866
1787921178.381451,1.001290,-2.136987,1.639105,0.3517,0.2866
1787921178.386314,1.001101,-2.134187,1.640299,0.4193,0.2866
1787921178.395006,1.001170,-2.132130,1.641151,0.3642,0.2866
1787921178.399377,1.000489,-2.129147,1.641395,0.4624,0.2866
1787921178.405913,1.000273,-2.126918,1.641874,0.4264,0.2866
1787921178.412616,0.999847,-2.124214,1.642686,0.4206,0.2866
1787921178.419974,0.999852,-2.121778,1.643866,0.3935,0.2866
1787921178.425993,0.999105,-2.119176,1.644004,0.4075,0.2866
1787921178.432816,0.999351,-2.116525,1.645098,0.4007,0.2866
1787921178.439481,0.998413,-2.114014,1.644776,0.3963,0.2866
1787921178.446190,0.998640,-2.111547,1.646660,0.3866,0.3861
1787921178.453108,0.998221,-2.108958,1.647175,0.3840,0.3861
1787921178.459450,0.997733,-2.106510,1.647782,0.3860,0.3861
1787921178.465953,0.997868,-2.104219,1.648875,0.3751,0.3861
1787921178.474513,0.997591,-2.101626,1.650490,0.3539,0.3861
1787921178.480002,0.997332,-2.099224,1.650880,0.3797,0.3861
1787921178.486364,0.997058,-2.096741,1.651774,0.3836,0.3861
1787921178.492450,0.996835,-2.094190,1.652595,0.3947,0.3861
1787921178.499480,0.996392,-2.091719,1.653576,0.3830,0.3861
1787921178.506203,0.996131,-2.089267,1.654543,0.3781,0.3861
1787921178.512986,0.995468,-2.086582,1.655033,0.3855,0.3861
1787921178.519343,0.994911,-2.084319,1.654816,0.3785,0.3861
1787921178.525878,0.994476,-2.081672,1.656210,0.3877,0.3861
1787921178.532469,0.994087,-2.079300,1.655841,0.3804,0.3861
1787921178.539292,0.993331,-2.076597,1.653721,0.3875,0.3861
1787921178.546240,0.992952,-2.073926,1.653455,0.3876,0.3989
1787921178.553752,0.992224,-2.071492,1.652893,0.3706,0.3989
1787921178.559795,0.991952,-2.068792,1.653361,0.3941,0.3989
1787921178.567934,0.991246,-2.066306,1.653296,0.3693,0.3989
1787921178.572368,0.991008,-2.063637,1.654842,0.4398,0.3989
1787921178.579489,0.990565,-2.061183,1.655355,0.4125,0.3989
1787921178.586261,0.990288,-2.058354,1.656913,0.4146,0.3989
1787921178.592389,0.989871,-2.055955,1.658347,0.4090,0.3989
1787921178.600049,0.989992,-2.053233,1.660980,0.3921,0.3989
1787921178.606601,0.989397,-2.050709,1.662444,0.3920,0.3989
1787921178.612614,0.989206,-2.048029,1.665232,0.4084,0.3989
1787921178.619685,0.989191,-2.045505,1.667851,0.3926,0.3989
1787921178.625551,0.988384,-2.042761,1.670002,0.4185,0.3989
1787921178.632832,0.988266,-2.040249,1.672309,0.3964,0.3989
1787921178.639528,0.987881,-2.037387,1.675645,0.4068,0.3989
1787921178.645756,0.987160,-2.034810,1.676786,0.4119,0.3989
1787921178.652628,0.987026,-2.032005,1.679945,0.4107,0.4897
1787921178.659716,0.986207,-2.029350,1.681359,0.4030,0.4897
1787921178.666161,0.985970,-2.026716,1.683659,0.4052,0.4897
1787921178.672688,0.985073,-2.024127,1.684889,0.4065,0.4897
1787921178.679158,0.984724,-2.021511,1.686596,0.4069,0.4897
1787921178.688726,0.984153,-2.019083,1.688616,0.3625,0.4897
1787921178.692525,0.983305,-2.016709,1.689480,0.4479,0.4897
1787921178.702429,0.982954,-2.013949,1.691240,0.3978,0.4897
1787921178.705707,0.982118,-2.011742,1.692652,0.4883,0.4897
1787921178.712805,0.981460,-2.009114,1.693596,0.4554,0.4897
1787921178.719651,0.980634,-2.006747,1.694001,0.4262,0.4897
1787921178.726490,0.979913,-2.004361,1.694868,0.4061,0.4897
1787921178.733265,0.979127,-2.001914,1.695556,0.3961,0.4897
1787921178.739312,0.978371,-1.999745,1.696515,0.3887,0.4897
1787921178.747367,0.977916,-1.997358,1.698256,0.3625,0.4703
1787921178.752737,0.977084,-1.995008,1.699181,0.3899,0.4703
1787921178.759157,0.976678,-1.992510,1.701455,0.3911,0.4703
1787921178.766000,0.976222,-1.990409,1.703323,0.3677,0.4703
1787921178.772551,0.975611,-1.987967,1.705976,0.3720,0.4703
1787921178.781572,0.975757,-1.985865,1.709327,0.3290,0.4703
1787921178.786169,0.974819,-1.983247,1.711052,0.4080,0.4703
1787921178.792753,0.974725,-1.981117,1.714549,0.3823,0.4703
1787921178.799148,0.974722,-1.978513,1.718585,0.3884,0.4703
1787921178.806105,0.973865,-1.976280,1.720499,0.3726,0.4703
1787921178.813988,0.974025,-1.973936,1.724317,0.3481,0.4703
1787921178.820124,0.973721,-1.971618,1.727969,0.3579,0.4703
1787921178.826112,0.972955,-1.969287,1.729823,0.3719,0.4703
1787921178.832508,0.973053,-1.966978,1.733991,0.3665,0.4703
1787921178.839016,0.972286,-1.964863,1.735606,0.3585,0.4703
1787921178.846506,0.971937,-1.962460,1.738651,0.3482,0.4631
1787921178.852903,0.971599,-1.960426,1.740844,0.3404,0.4631
1787921178.859625,0.970993,-1.957973,1.743599,0.3508,0.4631
1787921178.865773,0.970855,-1.955966,1.745662,0.3432,0.4631
1787921178.875532,0.970158,-1.953661,1.747888,0.3137,0.4631
1787921178.879270,0.969680,-1.951542,1.749899,0.3938,0.4631
1787921178.886345,0.969309,-1.949426,1.752249,0.3668,0.4631
1787921178.894612,0.968669,-1.947034,1.754240,0.3463,0.4631
1787921178.900507,0.968115,-1.945121,1.755790,0.3433,0.4631
1787921178.908525,0.967357,-1.942759,1.758056,0.3324,0.4631
1787921178.912524,0.966808,-1.940653,1.759811,0.3957,0.4631
1787921178.919229,0.966347,-1.938563,1.762518,0.3727,0.4631
1787921178.926283,0.965602,-1.936511,1.763906,0.3526,0.4631
1787921178.932558,0.964769,-1.934326,1.765368,0.3570,0.4631
1787921178.939096,0.964244,-1.932241,1.767680,0.3484,0.4631
1787921178.946418,0.963736,-1.930077,1.770022,0.3349,0.5080
1787921178.952952,0.963062,-1.928060,1.771638,0.3314,0.5080
1787921178.959085,0.962617,-1.926068,1.774176,0.3318,0.5080
1787921178.965686,0.961709,-1.923942,1.775686,0.3353,0.5080
1787921178.973725,0.961602,-1.921977,1.778528,0.3072,0.5080
1787921178.979415,0.960684,-1.919876,1.780721,0.3335,0.5080
1787921178.987375,0.960410,-1.917667,1.783349,0.3170,0.5080
1787921178.992877,0.959398,-1.915749,1.784232,0.3358,0.5080
1787921178.998933,0.959410,-1.913594,1.788485,0.3392,0.5080
1787921179.009367,0.958482,-1.911713,1.789450,0.2960,0.5080
1787921179.014068,0.957976,-1.909496,1.792388,0.3523,0.5080
1787921179.019357,0.957129,-1.907451,1.793727,0.3704,0.5080
1787921179.026242,0.956990,-1.905346,1.797052,0.3500,0.5080
1787921179.033345,0.956234,-1.903276,1.798935,0.3374,0.5080
1787921179.042696,0.955987,-1.901309,1.802259,0.2994,0.5080
1787921179.046481,0.955318,-1.899129,1.804456,0.3900,0.4955
1787921179.053611,0.954514,-1.897162,1.806159,0.3614,0.4955
1787921179.059415,0.954207,-1.894980,1.809122,0.3663,0.4955
1787921179.066374,0.953649,-1.892905,1.811956,0.3490,0.4955
1787921179.072896,0.953054,-1.890849,1.814069,0.3427,0.4955
1787921179.079424,0.952638,-1.888583,1.816777,0.3455,0.4955
1787921179.089188,0.951766,-1.886712,1.818587,0.3042,0.4955
1787921179.094785,0.951539,-1.884663,1.821958,0.3223,0.4955
1787921179.100426,0.950681,-1.882767,1.823472,0.3346,0.4955
1787921179.106013,0.950218,-1.880712,1.826501,0.3473,0.4955
1787921179.112673,0.949528,-1.878508,1.829003,0.3470,0.4955
1787921179.119583,0.948897,-1.876507,1.831578,0.3339,0.4955
1787921179.128635,0.948352,-1.874466,1.834159,0.3038,0.4955
1787921179.132802,0.947325,-1.872446,1.835690,0.3724,0.4955
1787921179.138967,0.946928,-1.870476,1.838016,0.3582,0.4955
1787921179.146774,0.945750,-1.868724,1.839340,0.3277,0.4841
1787921179.152889,0.945457,-1.866579,1.841990,0.3346,0.4841
1787921179.159211,0.944430,-1.864718,1.843602,0.3324,0.4841
1787921179.166409,0.943620,-1.862850,1.845292,0.3168,0.4841
1787921179.172541,0.943001,-1.860929,1.848034,0.3204,0.4841
1787921179.179462,0.942136,-1.859153,1.849417,0.3086,0.4841
1787921179.186197,0.941400,-1.857069,1.851728,0.3143,0.4841
1787921179.192751,0.940401,-1.855311,1.852961,0.3100,0.4841
1787921179.201249,0.939911,-1.853309,1.855781,0.2897,0.4841
1787921179.206815,0.938887,-1.851341,1.857045,0.3202,0.4841
1787921179.214105,0.938487,-1.849488,1.859979,0.3019,0.4841
1787921179.219439,0.937610,-1.847448,1.862096,0.3354,0.4841
1787921179.226306,0.936464,-1.845526,1.863754,0.3296,0.4841
1787921179.232779,0.936072,-1.843539,1.866880,0.3241,0.4841
1787921179.239490,0.935024,-1.841418,1.868986,0.3313,0.4841
1787921179.246029,0.934623,-1.839408,1.871917,0.3254,0.5175
1787921179.252555,0.933691,-1.837413,1.874574,0.3281,0.5175
1787921179.259725,0.932802,-1.835502,1.876731,0.3171,0.5175
1787921179.265918,0.932422,-1.833365,1.879561,0.3262,0.5175
1787921179.272843,0.931336,-1.831395,1.881805,0.3240,0.5175
1787921179.279311,0.930827,-1.829470,1.884052,0.3190,0.5175
1787921179.286756,0.929964,-1.827569,1.885844,0.3069,0.5175
1787921179.293545,0.929129,-1.825519,1.887966,0.3124,0.5175
1787921179.299317,0.928783,-1.823510,1.890509,0.3235,0.5175
1787921179.305833,0.927707,-1.821623,1.892309,0.3245,0.5175
1787921179.312653,0.927238,-1.819636,1.894322,0.3166,0.5175
1787921179.319620,0.926060,-1.817743,1.895641,0.3150,0.5175
1787921179.325929,0.925197,-1.815908,1.897346,0.3164,0.5175
1787921179.333368,0.924256,-1.814271,1.898330,0.2961,0.5175
1787921179.339365,0.923407,-1.812437,1.900151,0.3078,0.5175
1787921179.345973,0.922444,-1.810731,1.901867,0.3030,0.5019
1787921179.353200,0.922066,-1.808740,1.904163,0.2953,0.5019
1787921179.359218,0.921271,-1.806881,1.906260,0.3073,0.5019
1787921179.366302,0.920585,-1.805010,1.908128,0.2995,0.5019
1787921179.372926,0.919840,-1.803474,1.909987,0.2865,0.5019
1787921179.379596,0.918856,-1.801508,1.911535,0.2986,0.5019
1787921179.386779,0.917945,-1.799985,1.913441,0.2818,0.5019
1787921179.398988,0.917462,-1.797937,1.916085,0.2486,0.5019
1787921179.399933,0.916625,-1.796366,1.918521,0.7333,0.5019
1787921179.406846,0.915937,-1.794376,1.920974,0.6047,0.5019
1787921179.412302,0.914865,-1.792697,1.922871,0.5303,0.5019
1787921179.419229,0.914779,-1.790517,1.926759,0.4610,0.5019
1787921179.425617,0.913274,-1.788818,1.928364,0.4222,0.5019
1787921179.434318,0.912847,-1.786855,1.931723,0.3640,0.5019
1787921179.439205,0.911692,-1.784902,1.933760,0.3921,0.5019
1787921179.445879,0.911193,-1.782965,1.937263,0.3638,0.4822
1787921179.453068,0.910069,-1.781003,1.939422,0.3479,0.4822
1787921179.459107,0.909384,-1.779031,1.942383,0.3472,0.4822
1787921179.466180,0.908289,-1.777229,1.944911,0.3311,0.4822
1787921179.472374,0.907336,-1.775330,1.946982,0.3343,0.4822
1787921179.479319,0.906716,-1.773295,1.950899,0.3256,0.4822
1787921179.486050,0.905269,-1.771548,1.951748,0.3242,0.4822
1787921179.492204,0.904381,-1.769807,1.954476,0.3218,0.4822
1787921179.499608,0.903385,-1.767796,1.956751,0.3160,0.4822
1787921179.509598,0.902898,-1.766040,1.959897,0.2755,0.4822
1787921179.512365,0.901587,-1.764152,1.961757,0.4363,0.4822
1787921179.521354,0.900710,-1.762378,1.963876,0.3713,0.4822
1787921179.526070,0.899414,-1.760975,1.965192,0.3740,0.4822
1787921179.532541,0.898989,-1.758916,1.968598,0.3574,0.4822
1787921179.539713,0.897630,-1.757252,1.969981,0.3364,0.4822
1787921179.545605,0.896989,-1.755512,1.971956,0.3298,0.4822
1787921179.552642,0.895641,-1.754012,1.973774,0.3122,0.4813
1787921179.559993,0.894982,-1.752184,1.976182,0.2977,0.4813
1787921179.565886,0.894194,-1.750444,1.978581,0.3056,0.4813
1787921179.572738,0.893331,-1.748806,1.980764,0.2948,0.4813
1787921179.579420,0.892477,-1.746857,1.983160,0.3019,0.4813
1787921179.585864,0.891429,-1.745480,1.984139,0.2896,0.4813
1787921179.592571,0.890459,-1.743700,1.986350,0.2931,0.4813
1787921179.600980,0.889355,-1.741898,1.988163,0.2799,0.4813
1787921179.606217,0.888531,-1.740003,1.990136,0.3143,0.4813
1787921179.612898,0.887507,-1.738248,1.992010,0.3107,0.4813
1787921179.619841,0.886329,-1.736578,1.994294,0.3042,0.4813
1787921179.625796,0.885748,-1.734211,1.997447,0.3336,0.4813
1787921179.632700,0.884765,-1.732685,1.999586,0.3116,0.4813
1787921179.640081,0.883651,-1.730633,2.001665,0.3128,0.4813
1787921179.645848,0.882851,-1.728666,2.004565,0.3293,0.4553
1787921179.652500,0.881576,-1.726801,2.005769,0.3310,0.4553
1787921179.659683,0.880622,-1.725043,2.008273,0.3151,0.4553
1787921179.665606,0.879485,-1.723241,2.010371,0.3277,0.4553
1787921179.672569,0.878443,-1.721300,2.012325,0.3241,0.4553
1787921179.679531,0.877783,-1.719320,2.015640,0.3162,0.4553
1787921179.686427,0.876357,-1.717586,2.017292,0.3161,0.4553
1787921179.694123,0.875531,-1.715745,2.019494,0.2999,0.4553
1787921179.699618,0.874287,-1.713953,2.021486,0.3276,0.4553
1787921179.705934,0.873247,-1.712157,2.023422,0.3276,0.4553
1787921179.713628,0.872022,-1.710269,2.025081,0.3164,0.4553
1787921179.719408,0.870842,-1.708766,2.027086,0.3185,0.4553
1787921179.726217,0.869762,-1.706759,2.029267,0.3233,0.4553
1787921179.732923,0.868723,-1.705202,2.031279,0.3094,0.4553
1787921179.740993,0.867681,-1.703424,2.033111,0.2930,0.4553
1787921179.747091,0.866257,-1.702080,2.034217,0.2956,0.4289
1787921179.752815,0.865378,-1.700255,2.036088,0.3130,0.4289
1787921179.759682,0.864332,-1.698699,2.038274,0.3004,0.4289
1787921179.765844,0.863280,-1.696935,2.040597,0.3100,0.4289
1787921179.772831,0.862412,-1.695392,2.042585,0.2930,0.4289
1787921179.779834,0.861251,-1.693660,2.044436,0.2938,0.4289
1787921179.785786,0.859889,-1.692058,2.045619,0.3089,0.4289
1787921179.792547,0.858858,-1.690394,2.047623,0.3028,0.4289
1787921179.799622,0.857732,-1.688681,2.049794,0.2984,0.4289
1787921179.805798,0.856603,-1.686977,2.051335,0.3077,0.4289
1787921179.815145,0.855477,-1.685108,2.054084,0.2853,0.4289
1787921179.819452,0.854708,-1.683357,2.056980,0.3326,0.4289
1787921179.828486,0.853491,-1.681426,2.059568,0.3084,0.4289
1787921179.832734,0.852947,-1.679465,2.063213,0.3561,0.4289
1787921179.840039,0.850533,-1.678173,2.063282,0.3429,0.4289
1787921179.846194,0.849793,-1.676354,2.066199,0.3352,0.4019
1787921179.852632,0.848248,-1.674732,2.067031,0.3354,0.4019
1787921179.859601,0.847515,-1.672844,2.069835,0.3212,0.4019
1787921179.866696,0.846503,-1.670979,2.072201,0.3146,0.4019
1787921179.872517,0.845302,-1.669487,2.073456,0.3174,0.4019
1787921179.879177,0.844355,-1.667402,2.076397,0.3250,0.4019
1787921179.886376,0.843080,-1.665943,2.077424,0.3065,0.4019
1787921179.892272,0.842091,-1.664049,2.080076,0.3232,0.4019
1787921179.899367,0.840995,-1.662273,2.081915,0.3144,0.4019
1787921179.907994,0.838471,-1.661638,2.080915,0.2822,0.4019
1787921179.912656,0.837330,-1.660099,2.082344,0.3198,0.4019
1787921179.919391,0.836173,-1.658249,2.084093,0.3209,0.4019
1787921179.925940,0.835312,-1.656553,2.085913,0.3117,0.4019
1787921179.932261,0.833503,-1.655263,2.086164,0.3138,0.4019
1787921179.939753,0.832782,-1.653418,2.088664,0.2981,0.4019
1787921179.946992,0.831855,-1.651516,2.090482,0.2962,0.3813
1787921179.952816,0.830783,-1.650110,2.092259,0.2976,0.3813
1787921179.959054,0.828998,-1.648693,2.092830,0.3102,0.3813
1787921179.969020,0.828018,-1.647160,2.094505,0.2719,0.3813
1787921179.973201,0.827055,-1.645354,2.096402,0.3370,0.3813
1787921179.979388,0.826215,-1.643645,2.098749,0.3281,0.3813
1787921179.985892,0.824864,-1.642098,2.099699,0.3227,0.3813
1787921179.992651,0.824032,-1.640264,2.101999,0.3148,0.3813
1787921180.000996,0.822361,-1.638837,2.102398,0.2950,0.3813
1787921180.006904,0.821701,-1.637029,2.105328,0.3026,0.3813
1787921180.013299,0.820833,-1.634798,2.107543,0.3226,0.3813
1787921180.019890,0.820404,-1.632704,2.110975,0.3176,0.3813
1787921180.026005,0.819806,-1.630323,2.114130,0.3375,0.3813
1787921180.033323,0.818964,-1.628518,2.116697,0.3174,0.3813
1787921180.039234,0.817932,-1.626418,2.118718,0.3404,0.3813
1787921180.049275,0.817034,-1.624665,2.121342,0.2970,0.3631
1787921180.052647,0.816122,-1.622653,2.123263,0.4028,0.3631
1787921180.059186,0.815324,-1.620718,2.125482,0.3767,0.3631
1787921180.066148,0.813737,-1.619325,2.126352,0.3508,0.3631
1787921180.073051,0.812679,-1.617445,2.128583,0.3392,0.3631
1787921180.079095,0.811481,-1.615594,2.129934,0.3469,0.3631
1787921180.085810,0.810710,-1.613937,2.132181,0.3238,0.3631
1787921180.093225,0.809672,-1.611898,2.134334,0.3188,0.3631
1787921180.100098,0.808504,-1.610270,2.135542,0.3105,0.3631
1787921180.106812,0.807200,-1.608406,2.136747,0.3189,0.3631
1787921180.113534,0.805848,-1.607066,2.137693,0.3061,0.3631
1787921180.118986,0.804918,-1.605114,2.139422,0.3323,0.3631
1787921180.126602,0.803755,-1.603491,2.141045,0.3112,0.3631
1787921180.136073,0.802266,-1.601966,2.141876,0.2839,0.3631
1787921180.139667,0.801201,-1.600339,2.143364,0.3611,0.3631
1787921180.146058,0.799867,-1.598580,2.144458,0.3561,0.3456
1787921180.153456,0.798728,-1.596934,2.146069,0.3304,0.3456
1787921180.159284,0.797470,-1.595271,2.147237,0.3383,0.3456
1787921180.166112,0.796558,-1.593444,2.149322,0.3260,0.3456
1787921180.172309,0.795115,-1.591883,2.150025,0.3296,0.3456
1787921180.179500,0.793943,-1.590472,2.150912,0.3068,0.3456
1787921180.186385,0.792596,-1.588699,2.152038,0.3116,0.3456
1787921180.192703,0.791289,-1.587129,2.153311,0.3145,0.3456
1787921180.199236,0.790501,-1.585292,2.155167,0.3104,0.3456
1787921180.207843,0.788665,-1.583863,2.155632,0.2942,0.3456
1787921180.215227,0.787526,-1.582074,2.157243,0.2921,0.3456
1787921180.219760,0.786176,-1.580304,2.159048,0.3515,0.3456
1787921180.225864,0.785025,-1.578548,2.161134,0.3492,0.3456
1787921180.238194,0.783752,-1.576908,2.162316,0.2949,0.3456
1787921180.239115,0.782489,-1.575040,2.163652,0.9406,0.3456
1787921180.248617,0.781201,-1.573370,2.165062,0.7249,0.3159
1787921180.254030,0.779885,-1.571608,2.166109,0.6292,0.3159
1787921180.259246,0.778708,-1.569963,2.167612,0.5568,0.3159
1787921180.266441,0.777128,-1.568273,2.168510,0.4851,0.3159
1787921180.272578,0.776370,-1.566461,2.171036,0.4336,0.3159
1787921180.279447,0.774647,-1.564854,2.171815,0.4039,0.3159
1787921180.286073,0.773529,-1.563097,2.173597,0.3770,0.3159
1787921180.292290,0.772178,-1.561501,2.174484,0.3643,0.3159
1787921180.300098,0.771142,-1.559902,2.175883,0.3282,0.3159
1787921180.305807,0.769619,-1.558128,2.176925,0.3519,0.3159
1787921180.312489,0.768548,-1.556414,2.178520,0.3370,0.3159
1787921180.319188,0.767217,-1.554551,2.179686,0.3384,0.3159
1787921180.327154,0.766146,-1.552959,2.181169,0.3091,0.3159
1787921180.333642,0.764919,-1.551266,2.183611,0.3131,0.3159
1787921180.340711,0.763751,-1.549770,2.184515,0.2996,0.3159
1787921180.345855,0.762239,-1.547988,2.185883,0.3455,0.3008
1787921180.352374,0.761486,-1.546302,2.187631,0.3252,0.3008
1787921180.359694,0.759893,-1.544712,2.188425,0.3185,0.3008
1787921180.366001,0.758784,-1.543130,2.189784,0.3149,0.3008
1787921180.372751,0.757363,-1.541249,2.190257,0.3252,0.3008
1787921180.379625,0.756105,-1.540028,2.191398,0.3029,0.3008
1787921180.385726,0.754579,-1.538205,2.192042,0.3286,0.3008
1787921180.392654,0.753576,-1.536506,2.193221,0.3151,0.3008
1787921180.399260,0.751868,-1.535122,2.193299,0.3169,0.3008
1787921180.406083,0.750755,-1.533526,2.194751,0.3073,0.3008
1787921180.412600,0.749191,-1.531682,2.194924,0.3261,0.3008
1787921180.419992,0.748014,-1.530056,2.196199,0.3098,0.3008
1787921180.425798,0.746659,-1.528410,2.197439,0.3267,0.3008
1787921180.432916,0.745487,-1.526601,2.198969,0.3195,0.3008
1787921180.442929,0.744120,-1.524991,2.199521,0.2867,0.3008
1787921180.446170,0.742398,-1.523805,2.199678,0.3832,0.2954
1787921180.453096,0.741258,-1.521667,2.200810,0.3722,0.2954
1787921180.460745,0.739858,-1.520188,2.201481,0.3398,0.2954
1787921180.466795,0.738662,-1.518352,2.202794,0.3463,0.2954
1787921180.472741,0.736814,-1.517034,2.202539,0.3511,0.2954
1787921180.480008,0.735846,-1.515131,2.203973,0.3328,0.2954
1787921180.486177,0.734372,-1.513624,2.204888,0.3344,0.2954
1787921180.492336,0.733095,-1.511719,2.206049,0.3457,0.2954
1787921180.499878,0.731659,-1.510261,2.206883,0.3226,0.2954
1787921180.506000,0.730313,-1.508613,2.207815,0.3300,0.2954
1787921180.513406,0.728959,-1.506793,2.208825,0.3229,0.2954
1787921180.519030,0.727398,-1.505368,2.209300,0.3367,0.2954
1787921180.525987,0.726261,-1.503621,2.210780,0.3254,0.2954
1787921180.532870,0.724661,-1.502266,2.211172,0.3168,0.2954
1787921180.539314,0.723380,-1.500334,2.212430,0.3295,0.2954
1787921180.546914,0.721850,-1.499005,2.212882,0.3088,0.2610
1787921180.552835,0.720561,-1.497013,2.214262,0.3361,0.2610
1787921180.561284,0.719354,-1.495268,2.215527,0.3106,0.2610
1787921180.566242,0.718266,-1.493369,2.217061,0.3488,0.2610
1787921180.572084,0.716496,-1.491894,2.217199,0.3594,0.2610
1787921180.580257,0.715156,-1.490140,2.217898,0.3326,0.2610
1787921180.586215,0.713882,-1.488717,2.219115,0.3286,0.2610
1787921180.593756,0.712556,-1.486887,2.220319,0.3199,0.2610
1787921180.598928,0.711162,-1.485473,2.221000,0.3382,0.2610
1787921180.605924,0.709674,-1.483668,2.221973,0.3370,0.2610
1787921180.612936,0.708552,-1.482092,2.223210,0.3186,0.2610
1787921180.620268,0.707058,-1.480243,2.224016,0.3202,0.2610
1787921180.625876,0.705946,-1.478578,2.225705,0.3311,0.2610
1787921180.634717,0.704305,-1.476806,2.226254,0.3134,0.2610
1787921180.639146,0.703036,-1.474971,2.227217,0.3703,0.2610
1787921180.647722,0.701673,-1.473397,2.228260,0.3319,0.2516
1787921180.653897,0.700153,-1.471884,2.228943,0.3356,0.2516
1787921180.659195,0.698786,-1.470306,2.229594,0.3530,0.2516
1787921180.666111,0.697121,-1.468621,2.230044,0.3491,0.2516
1787921180.673023,0.695752,-1.466938,2.231208,0.3385,0.2516
1787921180.679427,0.694304,-1.465387,2.231804,0.3360,0.2516
1787921180.687270,0.692770,-1.464042,2.231932,0.3118,0.2516
1787921180.692304,0.691449,-1.462071,2.233461,0.3593,0.2516
1787921180.699311,0.690094,-1.460558,2.233891,0.3383,0.2516
1787921180.706705,0.688499,-1.458967,2.234422,0.3275,0.2516
1787921180.712490,0.687273,-1.457285,2.235411,0.3371,0.2516
1787921180.720101,0.685689,-1.455705,2.235717,0.3235,0.2516
1787921180.727146,0.684259,-1.454078,2.236404,0.3186,0.2516
1787921180.737369,0.682478,-1.452475,2.236707,0.2923,0.2516
1787921180.741091,0.681212,-1.450783,2.237958,0.3748,0.2516
1787921180.745633,0.679509,-1.449173,2.238492,0.4155,0.2380
1787921180.754733,0.678111,-1.447479,2.239798,0.3633,0.2380
1787921180.758992,0.676395,-1.445880,2.240013,0.4177,0.2380
1787921180.766085,0.675193,-1.444041,2.241623,0.3849,0.2380
1787921180.772573,0.673415,-1.442541,2.241778,0.3749,0.2380
1787921180.779243,0.672324,-1.440686,2.243272,0.3582,0.2380
1787921180.786141,0.670385,-1.439217,2.243266,0.3533,0.2380
1787921180.792454,0.669541,-1.437187,2.245646,0.3477,0.2380
1787921180.801603,0.667662,-1.436084,2.245177,0.3101,0.2380
1787921180.805845,0.666349,-1.434066,2.247022,0.3865,0.2380
1787921180.812493,0.664588,-1.432489,2.247313,0.3758,0.2380
1787921180.820173,0.663466,-1.430632,2.248955,0.3470,0.2380
1787921180.825591,0.661840,-1.429049,2.249448,0.3677,0.2380
1787921180.832911,0.660450,-1.427136,2.250888,0.3542,0.2380
1787921180.839444,0.658761,-1.425700,2.251383,0.3480,0.2380
1787921180.845979,0.657462,-1.423786,2.252796,0.3494,0.2380
1787921180.852964,0.655812,-1.422371,2.252673,0.3364,0.1999
1787921180.859858,0.654071,-1.420778,2.253016,0.3371,0.1999
1787921180.867841,0.652768,-1.419205,2.253869,0.3127,0.1999
1787921180.873903,0.650964,-1.417565,2.253442,0.3382,0.1999
1787921180.879368,0.649938,-1.415635,2.255495,0.3544,0.1999
1787921180.886110,0.648318,-1.413980,2.256182,0.3507,0.1999
1787921180.892544,0.646915,-1.412335,2.256627,0.3463,0.1999
1787921180.899827,0.644985,-1.410790,2.256816,0.3420,0.1999
1787921180.906015,0.643750,-1.409041,2.257920,0.3430,0.1999
1787921180.913014,0.642119,-1.407561,2.257768,0.3335,0.1999
1787921180.918885,0.640520,-1.406102,2.258396,0.3429,0.1999
1787921180.926380,0.639263,-1.403913,2.259327,0.3396,0.1999
1787921180.932845,0.637776,-1.402481,2.259930,0.3329,0.1999
1787921180.941550,0.636154,-1.400924,2.260176,0.3100,0.1999
1787921180.946170,0.634563,-1.399272,2.260733,0.3655,0.1920
1787921180.956161,0.633246,-1.397476,2.261556,0.3226,0.1920
1787921180.959895,0.631725,-1.395862,2.262373,0.4037,0.1920
1787921180.966200,0.630174,-1.394073,2.263161,0.3952,0.1920
1787921180.972863,0.628820,-1.392517,2.264008,0.3695,0.1920
1787921180.979269,0.627263,-1.390733,2.264622,0.3695,0.1920
1787921180.986488,0.625769,-1.389381,2.264976,0.3416,0.1920
1787921180.992210,0.624730,-1.387155,2.266944,0.3636,0.1920
1787921180.999359,0.622797,-1.385841,2.266338,0.3488,0.1920
1787921181.006224,0.621788,-1.383723,2.268155,0.3434,0.1920
1787921181.012610,0.619873,-1.382428,2.267798,0.3448,0.1920
1787921181.019544,0.618662,-1.380394,2.269242,0.3424,0.1920
1787921181.025556,0.617176,-1.378782,2.269708,0.3490,0.1920
1787921181.035954,0.615724,-1.376922,2.270396,0.3123,0.1920
1787921181.039389,0.614154,-1.375341,2.270405,0.4126,0.1920
1787921181.045963,0.612631,-1.373589,2.270753,0.3947,0.1877
1787921181.053494,0.610943,-1.372014,2.271226,0.3676,0.1877
1787921181.059238,0.609627,-1.370020,2.271612,0.3813,0.1877
1787921181.066459,0.608085,-1.368336,2.272013,0.3617,0.1877
1787921181.072893,0.606438,-1.366823,2.271785,0.3566,0.1877
1787921181.079080,0.604869,-1.365143,2.272243,0.3609,0.1877
1787921181.085967,0.603474,-1.363312,2.272966,0.3528,0.1877
1787921181.092344,0.601990,-1.361686,2.272990,0.3505,0.1877
1787921181.099535,0.600538,-1.359858,2.273573,0.3426,0.1877
1787921181.106152,0.598998,-1.358416,2.273701,0.3349,0.1877
1787921181.112389,0.597704,-1.356452,2.274289,0.3467,0.1877
1787921181.119104,0.596125,-1.354994,2.274245,0.3380,0.1877
1787921181.127894,0.594520,-1.353110,2.275088,0.3211,0.1877
1787921181.132336,0.593146,-1.351723,2.274902,0.3562,0.1877
1787921181.139862,0.591585,-1.349816,2.275775,0.3476,0.1877
1787921181.146547,0.590129,-1.348463,2.275843,0.3319,0.1630
1787921181.152802,0.588564,-1.346457,2.276152,0.3543,0.1630
1787921181.161614,0.586895,-1.345129,2.276485,0.3193,0.1630
1787921181.165785,0.585579,-1.343197,2.277003,0.3906,0.1630
1787921181.175435,0.584115,-1.341763,2.277511,0.3369,0.1630
1787921181.179471,0.582629,-1.339925,2.278016,0.4115,0.1630
1787921181.185759,0.580871,-1.338436,2.278198,0.3965,0.1630
1787921181.195248,0.579699,-1.336491,2.279032,0.3484,0.1630
1787921181.200362,0.577993,-1.335073,2.279108,0.3722,0.1630
1787921181.213768,0.576687,-1.333185,2.279933,0.3116,0.1630
1787921181.214818,0.574834,-1.331834,2.279670,0.8560,0.1630
1787921181.219571,0.573638,-1.329839,2.281055,0.7438,0.1630
1787921181.225544,0.571907,-1.328357,2.280973,0.6338,0.1630
1787921181.232718,0.570566,-1.326610,2.281908,0.5356,0.1630
1787921181.239190,0.568949,-1.324971,2.281656,0.4814,0.1630
1787921181.248677,0.567279,-1.323195,2.282096,0.4140,0.1608
1787921181.255222,0.565502,-1.321658,2.281957,0.3963,0.1608
1787921181.262087,0.564032,-1.319944,2.282174,0.3761,0.1608
1787921181.265997,0.562489,-1.318157,2.282330,0.4444,0.1608
1787921181.273283,0.561029,-1.316574,2.282813,0.3997,0.1608
1787921181.279109,0.559565,-1.314830,2.283391,0.3970,0.1608
1787921181.286233,0.557554,-1.313383,2.282565,0.3794,0.1608
1787921181.292501,0.556334,-1.311538,2.283645,0.3705,0.1608
1787921181.299542,0.554437,-1.310047,2.282461,0.3603,0.1608
1787921181.306659,0.553104,-1.308377,2.283456,0.3422,0.1608
1787921181.312600,0.551432,-1.306824,2.283025,0.3541,0.1608
1787921181.319205,0.549895,-1.305151,2.283276,0.3510,0.1608
1787921181.325725,0.548463,-1.303381,2.283682,0.3504,0.1608
1787921181.332639,0.546703,-1.301941,2.282648,0.3425,0.1608
1787921181.341644,0.545667,-1.300027,2.284283,0.3105,0.1608
1787921181.345663,0.543801,-1.298570,2.283419,0.3907,0.1608
1787921181.353526,0.542612,-1.296684,2.284605,0.3576,0.1641
1787921181.359021,0.540592,-1.295280,2.283411,0.3804,0.1641
1787921181.366140,0.539450,-1.293532,2.284178,0.3535,0.1641
1787921181.372857,0.537956,-1.291721,2.284650,0.3523,0.1641
1787921181.380291,0.536359,-1.290401,2.284125,0.3290,0.1641
1787921181.385725,0.534698,-1.288473,2.284406,0.3708,0.1641
1787921181.393072,0.533216,-1.286927,2.284547,0.3469,0.1641
1787921181.399534,0.531843,-1.285140,2.284772,0.3473,0.1641
1787921181.406189,0.530457,-1.283280,2.285283,0.3473,0.1641
1787921181.412596,0.528328,-1.282188,2.283695,0.3470,0.1641
1787921181.419039,0.527220,-1.280091,2.285215,0.3505,0.1641
1787921181.425989,0.525600,-1.278472,2.284788,0.3439,0.1641
1787921181.434958,0.523990,-1.276870,2.284911,0.3165,0.1641
1787921181.440082,0.522234,-1.275145,2.284310,0.3652,0.1641
1787921181.446225,0.520940,-1.273386,2.284707,0.3620,0.1440
1787921181.453684,0.519213,-1.271830,2.284870,0.3461,0.1440
1787921181.459571,0.517503,-1.270307,2.284297,0.3580,0.1440
1787921181.467167,0.516164,-1.268452,2.284709,0.3406,0.1440
1787921181.474201,0.514635,-1.266807,2.284710,0.3342,0.1440
1787921181.479350,0.512959,-1.265126,2.284587,0.3719,0.1440
1787921181.485977,0.511083,-1.263628,2.284252,0.3671,0.1440
1787921181.493149,0.509706,-1.261699,2.284962,0.3557,0.1440
1787921181.499677,0.508131,-1.260027,2.284870,0.3545,0.1440
1787921181.505697,0.506401,-1.258522,2.284993,0.3613,0.1440
1787921181.512585,0.505189,-1.256569,2.285833,0.3517,0.1440
1787921181.519239,0.503380,-1.254994,2.285403,0.3533,0.1440
1787921181.526442,0.502046,-1.253082,2.286301,0.3439,0.1440
1787921181.532965,0.500049,-1.251676,2.285439,0.3497,0.1440
1787921181.539251,0.498963,-1.249609,2.286918,0.3533,0.1440
1787921181.547088,0.497245,-1.248217,2.286481,0.3307,0.1477
1787921181.552567,0.495744,-1.246305,2.287177,0.3644,0.1477
1787921181.559051,0.493839,-1.244876,2.286800,0.3628,0.1477
1787921181.570060,0.492432,-1.243119,2.287081,0.3153,0.1477
1787921181.572486,0.490986,-1.241331,2.287766,0.5047,0.1477
1787921181.579025,0.489345,-1.239537,2.287432,0.4648,0.1477
1787921181.586360,0.488019,-1.237964,2.287900,0.4095,0.1477
1787921181.593081,0.486134,-1.236284,2.287522,0.3985,0.1477
1787921181.599076,0.484736,-1.234585,2.287857,0.3890,0.1477
1787921181.606332,0.483079,-1.232670,2.288046,0.3770,0.1477
1787921181.612489,0.481544,-1.231125,2.288507,0.3698,0.1477
1787921181.619511,0.479930,-1.229431,2.288188,0.3587,0.1477
1787921181.625925,0.478696,-1.227765,2.289275,0.3478,0.1477
1787921181.632533,0.476753,-1.226167,2.288260,0.3561,0.1477
1787921181.639776,0.475400,-1.224547,2.288621,0.3367,0.1477
1787921181.645859,0.473606,-1.222921,2.288257,0.3542,0.1504
1787921181.652535,0.472429,-1.221064,2.289223,0.3456,0.1504
1787921181.659363,0.470595,-1.219454,2.288544,0.3482,0.1504
1787921181.668011,0.468844,-1.217973,2.287908,0.3224,0.1504
1787921181.672554,0.467676,-1.216002,2.288584,0.3745,0.1504
1787921181.679706,0.465946,-1.214433,2.288332,0.3594,0.1504
1787921181.685734,0.464381,-1.212755,2.288126,0.3657,0.1504
1787921181.692451,0.462491,-1.211328,2.287343,0.3595,0.1504
1787921181.700111,0.461261,-1.209469,2.287976,0.3382,0.1504
1787921181.705934,0.459395,-1.207829,2.287547,0.3636,0.1504
1787921181.712908,0.457862,-1.206188,2.287439,0.3511,0.1504
1787921181.719008,0.456629,-1.204408,2.288241,0.3516,0.1504
1787921181.725932,0.454859,-1.202652,2.287760,0.3538,0.1504
1787921181.732992,0.453188,-1.201204,2.287613,0.3407,0.1504
1787921181.743028,0.451652,-1.199282,2.287910,0.3120,0.1504
1787921181.746409,0.450252,-1.197700,2.288092,0.4059,0.1306
1787921181.752888,0.448441,-1.196023,2.287880,0.3977,0.1306
1787921181.760620,0.446778,-1.194456,2.288033,0.3666,0.1306
1787921181.766208,0.445387,-1.192844,2.288280,0.3710,0.1306
1787921181.774221,0.443731,-1.190716,2.288808,0.3605,0.1306
1787921181.779394,0.441915,-1.189317,2.288501,0.3827,0.1306
1787921181.786260,0.440372,-1.187323,2.288955,0.3779,0.1306
1787921181.792678,0.438623,-1.185724,2.289114,0.3746,0.1306
1787921181.799263,0.437044,-1.183829,2.289514,0.3745,0.1306
1787921181.806113,0.435372,-1.182135,2.289626,0.3662,0.1306
1787921181.812288,0.433917,-1.180220,2.290395,0.3729,0.1306
1787921181.819360,0.431986,-1.178474,2.290393,0.3708,0.1306
1787921181.826048,0.430463,-1.176605,2.290543,0.3676,0.1306
1787921181.832211,0.429055,-1.174796,2.291431,0.3687,0.1306
1787921181.839922,0.427151,-1.173195,2.291062,0.3538,0.1306
1787921181.846705,0.425629,-1.171392,2.291175,0.3520,0.1324
1787921181.853632,0.423599,-1.169926,2.290613,0.3521,0.1324
1787921181.859504,0.422067,-1.168211,2.290866,0.3639,0.1324
1787921181.865522,0.420389,-1.166345,2.291488,0.3798,0.1324
1787921181.872953,0.418930,-1.164637,2.291577,0.3566,0.1324
1787921181.879360,0.416945,-1.163011,2.291145,0.3682,0.1324
1787921181.885862,0.415489,-1.161314,2.291681,0.3608,0.1324
1787921181.892826,0.413551,-1.159708,2.290849,0.3597,0.1324
1787921181.900067,0.412347,-1.157767,2.291988,0.3451,0.1324
1787921181.906221,0.410220,-1.156327,2.290763,0.3627,0.1324
1787921181.912916,0.408977,-1.154593,2.291920,0.3491,0.1324
1787921181.919039,0.407082,-1.152953,2.291174,0.3659,0.1324
1787921181.925726,0.405814,-1.150968,2.292445,0.3606,0.1324
1787921181.932894,0.403965,-1.149499,2.291790,0.3497,0.1324
1787921181.939338,0.402448,-1.147701,2.292698,0.3543,0.1324
1787921181.947344,0.401039,-1.145946,2.292872,0.3322,0.1345
1787921181.956069,0.399387,-1.144318,2.292969,0.3121,0.1345
1787921181.960007,0.398161,-1.142535,2.293394,0.3821,0.1345
1787921181.966262,0.396364,-1.140784,2.292996,0.3875,0.1345
1787921181.972271,0.394924,-1.138895,2.293693,0.3896,0.1345
1787921181.979430,0.392933,-1.137545,2.292452,0.3702,0.1345
1787921181.985889,0.391395,-1.135607,2.293038,0.3739,0.1345
1787921181.992691,0.390020,-1.133745,2.293319,0.3635,0.1345
1787921181.999331,0.388332,-1.131950,2.293502,0.3657,0.1345
1787921182.005743,0.386826,-1.130100,2.293516,0.3675,0.1345
1787921182.012871,0.385118,-1.128516,2.292821,0.3548,0.1345
1787921182.019607,0.383821,-1.126361,2.293244,0.3585,0.1345
1787921182.026003,0.381575,-1.125163,2.291803,0.3627,0.1345
1787921182.032504,0.380458,-1.123136,2.292707,0.3582,0.1345
1787921182.074768,0.378850,-1.121421,2.292441,0.2674,0.1187
1787921182.076927,0.377383,-1.119485,2.292240,0.5237,0.1187
1787921182.078815,0.375838,-1.117833,2.292316,0.7258,0.1187
1787921182.080618,0.373981,-1.116250,2.291696,0.9100,0.1187
1787921182.082381,0.372762,-1.114300,2.292247,1.0232,0.1187
1787921182.084160,0.370857,-1.112853,2.291660,1.1114,0.1187
1787921182.085995,0.369761,-1.110817,2.292265,1.1464,0.1187
1787921182.087775,0.367963,-1.109211,2.291608,1.2057,0.1187
1787921182.093475,0.366437,-1.107587,2.291321,0.9612,0.1187
1787921182.099217,0.364732,-1.105878,2.291008,0.7987,0.1187
1787921182.106636,0.363236,-1.104123,2.291327,0.6524,0.1187
1787921182.113310,0.361641,-1.102358,2.291079,0.5635,0.1187
1787921182.119282,0.360145,-1.100667,2.291109,0.5079,0.1187
1787921182.125876,0.358597,-1.098806,2.291150,0.4656,0.1187
1787921182.132244,0.356840,-1.097353,2.290411,0.4320,0.1187
1787921182.139609,0.355339,-1.095394,2.290766,0.4027,0.1187
1787921182.145714,0.353706,-1.093875,2.290172,0.3909,0.1187
1787921182.152707,0.351962,-1.092124,2.289861,0.3794,0.1295
1787921182.161668,0.350340,-1.090479,2.289634,0.3428,0.1295
1787921182.165919,0.348621,-1.088975,2.288934,0.3997,0.1295
1787921182.172982,0.347205,-1.087057,2.289455,0.3807,0.1295
1787921182.179302,0.345635,-1.085386,2.289344,0.3753,0.1295
1787921182.185616,0.344071,-1.083522,2.290003,0.3783,0.1295
1787921182.192665,0.342250,-1.082028,2.288976,0.3637,0.1295
1787921182.198942,0.340598,-1.080079,2.289250,0.3767,0.1295
1787921182.206879,0.339388,-1.078137,2.290999,0.3490,0.1295
1787921182.212382,0.337596,-1.076237,2.290572,0.3866,0.1295
1787921182.219497,0.335901,-1.074481,2.290342,0.3734,0.1295
1787921182.225916,0.334339,-1.072612,2.290470,0.3752,0.1295
1787921182.233202,0.332212,-1.071139,2.289291,0.3659,0.1295
1787921182.239173,0.330702,-1.069240,2.289360,0.3779,0.1295
1787921182.246131,0.329140,-1.067563,2.289628,0.3633,0.1404
1787921182.254980,0.327415,-1.065921,2.289014,0.3347,0.1404
1787921182.259455,0.325625,-1.064254,2.288960,0.3974,0.1404
1787921182.266161,0.323955,-1.062610,2.288129,0.3827,0.1404
1787921182.272658,0.322444,-1.061010,2.288191,0.3694,0.1404
1787921182.279613,0.320807,-1.059264,2.288142,0.3618,0.1404
1787921182.286220,0.319283,-1.057296,2.287956,0.3661,0.1404
1787921182.292839,0.317614,-1.055666,2.287926,0.3616,0.1404
1787921182.299170,0.316280,-1.053948,2.289488,0.3561,0.1404
1787921182.305759,0.314874,-1.051879,2.290094,0.3622,0.1404
1787921182.313283,0.313093,-1.050359,2.289857,0.3460,0.1404
1787921182.320325,0.311630,-1.048469,2.289889,0.3438,0.1404
1787921182.326333,0.309719,-1.046909,2.289305,0.3621,0.1404
1787921182.332458,0.308493,-1.045068,2.290208,0.3609,0.1404
1787921182.339469,0.306426,-1.043552,2.288680,0.3596,0.1404
1787921182.346309,0.305244,-1.041713,2.289337,0.3466,0.0966
1787921182.352567,0.303494,-1.040288,2.288358,0.3492,0.0966
1787921182.359095,0.302024,-1.038255,2.288610,0.3593,0.0966
1787921182.366102,0.300328,-1.036693,2.287716,0.3496,0.0966
1787921182.372260,0.298502,-1.035271,2.286569,0.3554,0.0966
1787921182.379344,0.297072,-1.033177,2.286433,0.3554,0.0966
1787921182.390060,0.295250,-1.031681,2.285083,0.3139,0.0966
1787921182.392729,0.293723,-1.029803,2.285224,0.4916,0.0966
1787921182.399389,0.291708,-1.028426,2.283475,0.4504,0.0966
1787921182.406042,0.290658,-1.026137,2.285903,0.4243,0.0966
1787921182.412495,0.288728,-1.024612,2.284278,0.4093,0.0966
1787921182.419754,0.287103,-1.022789,2.284485,0.3875,0.0966
1787921182.425783,0.285751,-1.020862,2.284727,0.3877,0.0966
1787921182.432859,0.283988,-1.019231,2.284024,0.3726,0.0966
1787921182.439570,0.282198,-1.017641,2.283042,0.3669,0.0966
1787921182.446326,0.280594,-1.016099,2.282226,0.3552,0.1093
1787921182.452548,0.278804,-1.014212,2.282334,0.3739,0.1093
1787921182.459261,0.277616,-1.012381,2.282238,0.3584,0.1093
1787921182.467967,0.275759,-1.010623,2.282080,0.3386,0.1093
1787921182.472845,0.273900,-1.009115,2.280949,0.3818,0.1093
1787921182.482415,0.272862,-1.007226,2.283612,0.3333,0.1093
1787921182.486170,0.271126,-1.005454,2.282964,0.4312,0.1093
1787921182.492545,0.269451,-1.003640,2.282865,0.4179,0.1093
1787921182.499562,0.267972,-1.001623,2.283535,0.3991,0.1093
1787921182.506456,0.266329,-1.000008,2.283783,0.3793,0.1093
1787921182.512889,0.264690,-0.998073,2.283789,0.3838,0.1093
1787921182.519106,0.263002,-0.996324,2.283600,0.3857,0.1093
1787921182.525719,0.261521,-0.994176,2.284400,0.3877,0.1093
1787921182.532439,0.259751,-0.992815,2.283360,0.3690,0.1093
1787921182.540656,0.258383,-0.990684,2.284158,0.3498,0.1093
1787921182.545681,0.256255,-0.989302,2.282788,0.3903,0.1093
1787921182.552653,0.255047,-0.987226,2.283490,0.3748,0.0243
1787921182.559247,0.253212,-0.985652,2.282781,0.3711,0.0243
1787921182.566591,0.251370,-0.984027,2.282039,0.3592,0.0243
1787921182.572540,0.250322,-0.981953,2.283929,0.3651,0.0243
1787921182.580163,0.248099,-0.980484,2.281721,0.3565,0.0243
1787921182.585640,0.246835,-0.978765,2.282356,0.3661,0.0243
1787921182.594326,0.245019,-0.976932,2.282365,0.3451,0.0243
1787921182.601555,0.243838,-0.975000,2.283262,0.3343,0.0243
1787921182.605989,0.241941,-0.973412,2.282603,0.3992,0.0243
1787921182.612784,0.240421,-0.971659,2.282526,0.3819,0.0243
1787921182.619525,0.238638,-0.969933,2.281889,0.3773,0.0243
1787921182.625990,0.237177,-0.967992,2.282463,0.3766,0.0243
1787921182.632789,0.235808,-0.966256,2.283256,0.3611,0.0243
1787921182.639926,0.233890,-0.964640,2.283231,0.3569,0.0243
1787921182.646357,0.232571,-0.962870,2.283529,0.3525,0.0218
1787921182.652191,0.230886,-0.961015,2.283430,0.3756,0.0218
1787921182.659534,0.229486,-0.959313,2.283745,0.3529,0.0218
1787921182.665943,0.227462,-0.957679,2.282300,0.3669,0.0218
1787921182.672835,0.226080,-0.955743,2.283198,0.3599,0.0218
1787921182.679205,0.224464,-0.954138,2.282888,0.3589,0.0218
1787921182.686195,0.222493,-0.952300,2.281928,0.3662,0.0218
1787921182.695889,0.221222,-0.950276,2.282589,0.3294,0.0218
1787921182.699747,0.219230,-0.948706,2.281979,0.4242,0.0218
1787921182.705935,0.217885,-0.946605,2.283061,0.4167,0.0218
1787921182.712953,0.215925,-0.945053,2.281907,0.3966,0.0218
1787921182.719096,0.214492,-0.942883,2.282529,0.4036,0.0218
1787921182.725862,0.212750,-0.941235,2.282623,0.3883,0.0218
1787921182.733613,0.210850,-0.939479,2.281770,0.3713,0.0218
1787921182.738966,0.209409,-0.937521,2.282048,0.3957,0.0218
1787921182.746166,0.207616,-0.935913,2.281863,0.3765,0.0217
1787921182.753149,0.206050,-0.933873,2.281954,0.3739,0.0217
1787921182.759588,0.204543,-0.931993,2.282461,0.3739,0.0217
1787921182.767820,0.202745,-0.930198,2.281823,0.3541,0.0217
1787921182.772387,0.201125,-0.928494,2.281398,0.4021,0.0217
1787921182.779819,0.199434,-0.926557,2.281519,0.3852,0.0217
1787921182.786361,0.197383,-0.925173,2.280551,0.3791,0.0217
1787921182.792467,0.196039,-0.923102,2.280737,0.3856,0.0217
1787921182.799383,0.194066,-0.921501,2.280027,0.3783,0.0217
1787921182.805897,0.192673,-0.919535,2.280698,0.3753,0.0217
1787921182.813714,0.190718,-0.918168,2.279130,0.3514,0.0217
1787921182.819416,0.189497,-0.915914,2.280162,0.3778,0.0217
1787921182.825726,0.187712,-0.914365,2.279406,0.3756,0.0217
1787921182.833420,0.185901,-0.912631,2.279011,0.3602,0.0217
1787921182.840578,0.184576,-0.910850,2.278689,0.3450,0.0217
1787921182.845670,0.182802,-0.909171,2.278763,0.3846,0.0217
1787921182.855238,0.181506,-0.907235,2.278816,0.3417,-0.0982
1787921182.861626,0.179810,-0.905474,2.278595,0.3538,-0.0982
1787921182.869527,0.178413,-0.903641,2.278957,0.3351,-0.0982
1787921182.874452,0.176621,-0.901820,2.278641,0.3898,-0.0982
1787921182.880711,0.175188,-0.899943,2.278713,0.3859,-0.0982
1787921182.888611,0.173698,-0.898012,2.278612,0.3626,-0.0982
1787921182.893278,0.171876,-0.896081,2.278538,0.4243,-0.0982
1787921182.900665,0.170531,-0.894111,2.278675,0.3933,-0.0982
1787921182.906903,0.168649,-0.892195,2.278117,0.4042,-0.0982
1787921182.917226,0.167212,-0.890247,2.278116,0.3531,-0.0982
1787921182.919226,0.165753,-0.888016,2.278361,0.6438,-0.0982
1787921182.925871,0.163700,-0.886684,2.277953,0.5566,-0.0982
1787921182.932197,0.162884,-0.884024,2.279850,0.5106,-0.0982
1787921182.939405,0.160827,-0.882306,2.279237,0.4674,-0.0982
1787921182.946245,0.159737,-0.880036,2.280046,0.4339,-0.1074
1787921182.953064,0.157613,-0.878354,2.278789,0.4207,-0.1074
1787921182.959356,0.156226,-0.876369,2.278285,0.4094,-0.1074
1787921182.966132,0.154569,-0.874411,2.277831,0.4001,-0.1074
1787921182.972344,0.152750,-0.872650,2.276235,0.4018,-0.1074
1787921182.979929,0.150954,-0.870897,2.275087,0.3801,-0.1074
1787921182.985974,0.149257,-0.868915,2.274273,0.3956,-0.1074
1787921182.992301,0.147733,-0.867220,2.272843,0.3849,-0.1074
1787921182.999223,0.145701,-0.865512,2.271249,0.3828,-0.1074
1787921183.008078,0.144183,-0.863787,2.270266,0.3458,-0.1074
1787921183.012880,0.142493,-0.861910,2.268837,0.3997,-0.1074
1787921183.019480,0.141007,-0.860073,2.268347,0.3872,-0.1074
1787921183.025728,0.139308,-0.858366,2.266478,0.3862,-0.1074
1787921183.032511,0.137606,-0.856707,2.265763,0.3750,-0.1074
1787921183.039495,0.136196,-0.854831,2.264983,0.3631,-0.1074
1787921183.045890,0.134337,-0.853174,2.263458,0.3697,-0.1074
1787921183.053641,0.133027,-0.851294,2.262744,0.3472,-0.0958
1787921183.059057,0.131300,-0.849355,2.261717,0.3868,-0.0958
1787921183.066328,0.129662,-0.847474,2.260527,0.3736,-0.0958
1787921183.072916,0.128401,-0.845372,2.261070,0.3719,-0.0958
1787921183.078755,0.126656,-0.843637,2.259621,0.3861,-0.0958
1787921183.086470,0.125398,-0.841653,2.259560,0.3609,-0.0958
1787921183.093063,0.123496,-0.839767,2.258126,0.3739,-0.0958
1787921183.099365,0.122027,-0.837844,2.257514,0.3769,-0.0958
1787921183.106375,0.120341,-0.835981,2.256085,0.3712,-0.0958
1787921183.112362,0.118792,-0.833734,2.255978,0.3961,-0.0958
1787921183.119845,0.117346,-0.832008,2.254768,0.3676,-0.0958
1787921183.125816,0.115780,-0.829882,2.254359,0.3898,-0.0958
1787921183.133183,0.114150,-0.828294,2.252680,0.3649,-0.0958
1787921183.139385,0.112213,-0.826297,2.251001,0.3894,-0.0958
1787921183.147809,0.111230,-0.824236,2.250784,0.3517,-0.2195
1787921183.152617,0.109425,-0.822193,2.249326,0.4161,-0.2195
1787921183.159094,0.107730,-0.820339,2.247863,0.4074,-0.2195
1787921183.165952,0.106626,-0.818413,2.247641,0.3811,-0.2195
1787921183.175891,0.104650,-0.816618,2.245734,0.3463,-0.2195
1787921183.179657,0.103607,-0.814593,2.245489,0.4203,-0.2195
1787921183.185911,0.101478,-0.812747,2.243303,0.4271,-0.2195
1787921183.194377,0.100465,-0.810694,2.242617,0.3783,-0.2195
1787921183.198946,0.098525,-0.809122,2.240226,0.4248,-0.2195
1787921183.208371,0.097125,-0.807213,2.239260,0.3726,-0.2195
1787921183.213180,0.095276,-0.805383,2.237289,0.4219,-0.2195
1787921183.219383,0.093956,-0.803237,2.236751,0.4164,-0.2195
1787921183.226221,0.092291,-0.801400,2.235469,0.4000,-0.2195
1787921183.232398,0.091009,-0.799514,2.234794,0.3905,-0.2195
1787921183.239533,0.089752,-0.797410,2.234347,0.3756,-0.2195
1787921183.246382,0.087849,-0.795858,2.232178,0.3677,-0.2080
1787921183.252347,0.086749,-0.793524,2.231436,0.3841,-0.2080
1787921183.259485,0.084909,-0.791839,2.229354,0.3722,-0.2080
1787921183.265776,0.083577,-0.789627,2.227965,0.3829,-0.2080
1787921183.272244,0.081904,-0.788029,2.225846,0.3740,-0.2080
1787921183.279208,0.080185,-0.785925,2.223636,0.3788,-0.2080
1787921183.287035,0.078497,-0.784206,2.221213,0.3568,-0.2080
1787921183.292999,0.077224,-0.781974,2.220239,0.3779,-0.2080
1787921183.300377,0.075277,-0.780255,2.217308,0.3680,-0.2080
1787921183.306548,0.073786,-0.778204,2.215346,0.3809,-0.2080
1787921183.312747,0.071910,-0.776372,2.212625,0.3920,-0.2080
1787921183.319390,0.070519,-0.774284,2.211078,0.3875,-0.2080
1787921183.326478,0.068821,-0.772681,2.208142,0.3685,-0.2080
1787921183.332627,0.067164,-0.770527,2.206134,0.3906,-0.2080
1787921183.339188,0.066287,-0.768355,2.205436,0.3772,-0.2080
1787921183.346117,0.064167,-0.766686,2.202199,0.3765,-0.3145
1787921183.352605,0.063158,-0.764931,2.201165,0.3566,-0.3145
1787921183.360346,0.061671,-0.762960,2.199489,0.3453,-0.3145
1787921183.365917,0.059958,-0.761140,2.196604,0.3752,-0.3145
1787921183.372520,0.059037,-0.759086,2.195701,0.3628,-0.3145
1787921183.380692,0.057394,-0.757233,2.193163,0.3444,-0.3145
1787921183.386523,0.055981,-0.755356,2.191321,0.3619,-0.3145
1787921183.392685,0.054654,-0.753249,2.190049,0.3744,-0.3145
1787921183.399849,0.052920,-0.751542,2.187171,0.3624,-0.3145
1787921183.406642,0.052033,-0.749500,2.186773,0.3499,-0.3145
1787921183.413172,0.050280,-0.747643,2.184506,0.3610,-0.3145
1787921183.419242,0.049274,-0.745369,2.184142,0.3732,-0.3145
1787921183.427330,0.047698,-0.743567,2.181833,0.3496,-0.3145
1787921183.432328,0.046768,-0.741169,2.181274,0.3947,-0.3145
1787921183.439221,0.045120,-0.739279,2.179111,0.3847,-0.3145
1787921183.446335,0.043595,-0.737202,2.177566,0.3780,-0.3005
1787921183.452464,0.042861,-0.735129,2.176343,0.3684,-0.3005
1787921183.459113,0.040737,-0.733199,2.173148,0.3840,-0.3005
1787921183.467106,0.039632,-0.730984,2.171211,0.3608,-0.3005
1787921183.472491,0.037913,-0.729263,2.168129,0.3857,-0.3005
1787921183.479260,0.036440,-0.726986,2.165796,0.3902,-0.3005
1787921183.486760,0.034796,-0.725173,2.162725,0.3700,-0.3005
1787921183.492632,0.033004,-0.723188,2.159345,0.3942,-0.3005
1787921183.501545,0.031580,-0.721068,2.156374,0.3619,-0.3005
1787921183.505558,0.030195,-0.719204,2.153637,0.4267,-0.3005
1787921183.515208,0.028594,-0.717187,2.150553,0.3784,-0.3005
1787921183.519008,0.027098,-0.715427,2.147127,0.4457,-0.3005
1787921183.526042,0.025835,-0.713524,2.144418,0.4094,-0.3005
1787921183.532681,0.024472,-0.711581,2.141177,0.3937,-0.3005
1787921183.539012,0.022890,-0.709714,2.137585,0.3905,-0.3005
1787921183.546386,0.021584,-0.708049,2.134167,0.3590,-0.2682
1787921183.552588,0.020043,-0.706501,2.131489,0.3544,-0.2682
1787921183.559134,0.018941,-0.704620,2.128565,0.3479,-0.2682
1787921183.566164,0.017676,-0.702821,2.126391,0.3372,-0.2682
1787921183.572615,0.016629,-0.700888,2.123577,0.3381,-0.2682
1787921183.579310,0.015284,-0.699212,2.120999,0.3322,-0.2682
1787921183.586895,0.014123,-0.697399,2.118438,0.3177,-0.2682
1787921183.594350,0.012728,-0.695557,2.115262,0.3149,-0.2682
1787921183.599039,0.011764,-0.693676,2.113111,0.3553,-0.2682
1787921183.606030,0.010347,-0.691824,2.110234,0.3481,-0.2682
1787921183.612636,0.009286,-0.689962,2.107862,0.3410,-0.2682
1787921183.619654,0.007858,-0.687973,2.104414,0.3429,-0.2682
1787921183.625871,0.006348,-0.686252,2.100712,0.3486,-0.2682
1787921183.633541,0.005781,-0.683811,2.100188,0.3376,-0.2682
1787921183.639104,0.004503,-0.681976,2.097557,0.3565,-0.2682
1787921183.646059,0.003307,-0.680027,2.095402,0.3482,-0.3499
1787921183.654102,0.002353,-0.678006,2.093479,0.3268,-0.3499
1787921183.659585,0.001016,-0.676196,2.090906,0.3511,-0.3499
1787921183.666348,0.000010,-0.673963,2.089003,0.3539,-0.3499
1787921183.672499,-0.001166,-0.672118,2.086697,0.3543,-0.3499
1787921183.678750,-0.001810,-0.670063,2.085890,0.3490,-0.3499
1787921183.688126,-0.003052,-0.667999,2.083396,0.3214,-0.3499
1787921183.693319,-0.004255,-0.666029,2.081349,0.3582,-0.3499
1787921183.700006,-0.004687,-0.663896,2.080905,0.3437,-0.3499
1787921183.710522,-0.006033,-0.661900,2.078296,0.3090,-0.3499
1787921183.712463,-0.007115,-0.660091,2.076864,0.5419,-0.3499
1787921183.719637,-0.007575,-0.657763,2.076478,0.4738,-0.3499
1787921183.725982,-0.008742,-0.656049,2.074787,0.4293,-0.3499
1787921183.733534,-0.009530,-0.653876,2.073477,0.3912,-0.3499
1787921183.739448,-0.010507,-0.652152,2.071738,0.3744,-0.3499
1787921183.745559,-0.011716,-0.650114,2.069503,0.3783,-0.3499
1787921183.752522,-0.012327,-0.648342,2.068565,0.3445,-0.3371
1787921183.758844,-0.013457,-0.646293,2.066170,0.3522,-0.3371
1787921183.766363,-0.014665,-0.644432,2.063467,0.3347,-0.3371
1787921183.772630,-0.015484,-0.642563,2.061487,0.3317,-0.3371
1787921183.779453,-0.016393,-0.640389,2.059349,0.3354,-0.3371
1787921183.785950,-0.017847,-0.638461,2.055969,0.3448,-0.3371
1787921183.792341,-0.018710,-0.636394,2.053420,0.3461,-0.3371
1787921183.799686,-0.019979,-0.634369,2.050560,0.3396,-0.3371
1787921183.805771,-0.020925,-0.632225,2.047967,0.3530,-0.3371
1787921183.812665,-0.022011,-0.630103,2.045281,0.3508,-0.3371
1787921183.822123,-0.023472,-0.628295,2.041673,0.3177,-0.3371
1787921183.826146,-0.024212,-0.626134,2.039126,0.3911,-0.3371
1787921183.832629,-0.025565,-0.624149,2.036279,0.3840,-0.3371
1787921183.839284,-0.026641,-0.622352,2.033318,0.3629,-0.3371
1787921183.845794,-0.027401,-0.619990,2.031347,0.3671,-0.3371
1787921183.853144,-0.028305,-0.618168,2.029117,0.3400,-0.3051
1787921183.859287,-0.029545,-0.616382,2.026307,0.3430,-0.3051
1787921183.866217,-0.030475,-0.614125,2.023809,0.3455,-0.3051
1787921183.872509,-0.031321,-0.612415,2.022004,0.3329,-0.3051
1787921183.879648,-0.032260,-0.610504,2.020140,0.3224,-0.3051
1787921183.886135,-0.033110,-0.608565,2.018139,0.3236,-0.3051
1787921183.892958,-0.033825,-0.606651,2.016936,0.3160,-0.3051
1787921183.902704,-0.034781,-0.604782,2.014557,0.2858,-0.3051
1787921183.907931,-0.035378,-0.602731,2.013802,0.3211,-0.3051
1787921183.912637,-0.036044,-0.600888,2.011709,0.3491,-0.3051
1787921183.919497,-0.037282,-0.598963,2.009399,0.3436,-0.3051
1787921183.926147,-0.037808,-0.597272,2.007417,0.3197,-0.3051
1787921183.932355,-0.038614,-0.595356,2.005912,0.3242,-0.3051
1787921183.940825,-0.039415,-0.593395,2.003126,0.3019,-0.3051
1787921183.945814,-0.040102,-0.591629,2.001714,0.3251,-0.3051
1787921183.952496,-0.040729,-0.589642,1.999322,0.3204,-0.4059
1787921183.959539,-0.041722,-0.587686,1.997354,0.3176,-0.4059
1787921183.965862,-0.042294,-0.585647,1.995322,0.3216,-0.4059
1787921183.972604,-0.043077,-0.583605,1.993014,0.3224,-0.4059
1787921183.978903,-0.044323,-0.582097,1.989595,0.3154,-0.4059
1787921183.985688,-0.044835,-0.579821,1.987733,0.3219,-0.4059
1787921183.992762,-0.045873,-0.578252,1.984672,0.3040,-0.4059
1787921183.998846,-0.046853,-0.576173,1.981803,0.3261,-0.4059
1787921184.006074,-0.047102,-0.573807,1.980776,0.3225,-0.4059
1787921184.013424,-0.048168,-0.572138,1.978147,0.3055,-0.4059
1787921184.019293,-0.048707,-0.569933,1.977083,0.3283,-0.4059
1787921184.026811,-0.049213,-0.567784,1.975627,0.3166,-0.4059
1787921184.032242,-0.050054,-0.565771,1.973062,0.3421,-0.4059
1787921184.039592,-0.050660,-0.563967,1.971448,0.3169,-0.4059
1787921184.046120,-0.051451,-0.561836,1.968732,0.3262,-0.3802
1787921184.052149,-0.052006,-0.559747,1.967572,0.3349,-0.3802
1787921184.059939,-0.052998,-0.558075,1.964702,0.3086,-0.3802
1787921184.066027,-0.053590,-0.555815,1.962717,0.3300,-0.3802
1787921184.072569,-0.054230,-0.553939,1.960796,0.3218,-0.3802
1787921184.079951,-0.055264,-0.551987,1.957496,0.3146,-0.3802
1787921184.086009,-0.056013,-0.550359,1.955326,0.3088,-0.3802
1787921184.092836,-0.056790,-0.548220,1.952303,0.3162,-0.3802
1787921184.099723,-0.057294,-0.546133,1.950135,0.3139,-0.3802
1787921184.106687,-0.058487,-0.544529,1.946514,0.3028,-0.3802
1787921184.112389,-0.058856,-0.542333,1.944128,0.3266,-0.3802
1787921184.119262,-0.059959,-0.540448,1.940262,0.3227,-0.3802
1787921184.125690,-0.060584,-0.538803,1.937334,0.3081,-0.3802
1787921184.132520,-0.061701,-0.536924,1.933768,0.3102,-0.3802
1787921184.139494,-0.062652,-0.535371,1.930382,0.2941,-0.3802
1787921184.146267,-0.062971,-0.533458,1.928145,0.2902,-0.3452
1787921184.153340,-0.064141,-0.531702,1.923874,0.2902,-0.3452
1787921184.158887,-0.064858,-0.529791,1.921022,0.3135,-0.3452
1787921184.166358,-0.065515,-0.528073,1.918068,0.2933,-0.3452
1787921184.172819,-0.066731,-0.526258,1.913751,0.3037,-0.3452
1787921184.180096,-0.066797,-0.523981,1.912716,0.3019,-0.3452
1787921184.186175,-0.067509,-0.522253,1.909325,0.3034,-0.3452
1787921184.193097,-0.068321,-0.520480,1.906359,0.2965,-0.3452
1787921184.201257,-0.068827,-0.518621,1.904223,0.2782,-0.3452
1787921184.208768,-0.069276,-0.516724,1.901467,0.2723,-0.3452
1787921184.212397,-0.069963,-0.514893,1.899316,0.3521,-0.3452
1787921184.219270,-0.070869,-0.513182,1.895675,0.3299,-0.3452
1787921184.225710,-0.070908,-0.511162,1.894577,0.3207,-0.3452
1787921184.232485,-0.071959,-0.509321,1.890592,0.3165,-0.3452
1787921184.239092,-0.072347,-0.507411,1.889188,0.3094,-0.3452
1787921184.247447,-0.073099,-0.505677,1.885661,0.2842,-0.4304
1787921184.252075,-0.073334,-0.503851,1.883876,0.3163,-0.4304
1787921184.259248,-0.073658,-0.501831,1.881644,0.3060,-0.4304
1787921184.265675,-0.074381,-0.500048,1.878826,0.3037,-0.4304
1787921184.273986,-0.074589,-0.498074,1.877018,0.2828,-0.4304
1787921184.279426,-0.075131,-0.496228,1.874505,0.3040,-0.4304
1787921184.285794,-0.075377,-0.494175,1.872849,0.3086,-0.4304
1787921184.292317,-0.075906,-0.492107,1.870723,0.3141,-0.4304
1787921184.299521,-0.076604,-0.490274,1.868126,0.3014,-0.4304
1787921184.306492,-0.076944,-0.488393,1.866231,0.2926,-0.4304
1787921184.312747,-0.077765,-0.486265,1.863397,0.3139,-0.4304
1787921184.320652,-0.078484,-0.484243,1.860830,0.3011,-0.4304
1787921184.325819,-0.078377,-0.482211,1.859989,0.3221,-0.4304
1787921184.334927,-0.079180,-0.480369,1.857650,0.2911,-0.4304
1787921184.338876,-0.079604,-0.478251,1.855339,0.3673,-0.4304
1787921184.345809,-0.079930,-0.476147,1.853445,0.3485,-0.4304
1787921184.352719,-0.080667,-0.474449,1.850640,0.3236,-0.4008
1787921184.359023,-0.081336,-0.472575,1.847768,0.3210,-0.4008
1787921184.366020,-0.082113,-0.470690,1.845262,0.3115,-0.4008
1787921184.372233,-0.082218,-0.468355,1.843591,0.3280,-0.4008
1787921184.379593,-0.082613,-0.466616,1.841793,0.3022,-0.4008
1787921184.385940,-0.083278,-0.464657,1.838945,0.3092,-0.4008
1787921184.392327,-0.083892,-0.462792,1.836424,0.3085,-0.4008
1787921184.399008,-0.084531,-0.460908,1.833988,0.3051,-0.4008
1787921184.406204,-0.085234,-0.459163,1.831517,0.2914,-0.4008
1787921184.413613,-0.085404,-0.457353,1.829739,0.2766,-0.4008
1787921184.419251,-0.085870,-0.455534,1.826492,0.2936,-0.4008
1787921184.425502,-0.086672,-0.453789,1.823367,0.2962,-0.4008
1787921184.432618,-0.087081,-0.451921,1.820213,0.2879,-0.4008
1787921184.439410,-0.087495,-0.450271,1.818121,0.2767,-0.4008
1787921184.445683,-0.087997,-0.448374,1.814963,0.2875,-0.4008
1787921184.452478,-0.088127,-0.446587,1.813492,0.2792,-0.3698
1787921184.459153,-0.088942,-0.444924,1.810167,0.2768,-0.3698
1787921184.467229,-0.089465,-0.443221,1.806853,0.2598,-0.3698
1787921184.472712,-0.090062,-0.441165,1.803652,0.2989,-0.3698
1787921184.479869,-0.090433,-0.439427,1.800696,0.2837,-0.3698
1787921184.485731,-0.091083,-0.437554,1.797669,0.2994,-0.3698
1787921184.493721,-0.091497,-0.435685,1.794618,0.2815,-0.3698
1787921184.499210,-0.092153,-0.433703,1.791099,0.3106,-0.3698
1787921184.506758,-0.092920,-0.431676,1.786827,0.3026,-0.3698
1787921184.515884,-0.093198,-0.429567,1.785274,0.2815,-0.3698
1787921184.519565,-0.093492,-0.427591,1.781799,0.3596,-0.3698
1787921184.526758,-0.093859,-0.425524,1.779520,0.3392,-0.3698
1787921184.533196,-0.093709,-0.423565,1.778307,0.3253,-0.3698
1787921184.539828,-0.094424,-0.421442,1.775001,0.3284,-0.3698
1787921184.546373,-0.095187,-0.419655,1.771814,0.3171,-0.4445
1787921184.555219,-0.094787,-0.417613,1.770917,0.2872,-0.4445
1787921184.558981,-0.095328,-0.415561,1.768436,0.3699,-0.4445
1787921184.566117,-0.095786,-0.413672,1.766044,0.3406,-0.4445
1787921184.571976,-0.096152,-0.411629,1.763734,0.3447,-0.4445
1787921184.579312,-0.095886,-0.409688,1.763030,0.3171,-0.4445
1787921184.585850,-0.095974,-0.407638,1.760877,0.3151,-0.4445
1787921184.592303,-0.096623,-0.405813,1.758642,0.3096,-0.4445
1787921184.599143,-0.096577,-0.403825,1.757288,0.3020,-0.4445
1787921184.606598,-0.096934,-0.402178,1.755677,0.2792,-0.4445
1787921184.612609,-0.097003,-0.399949,1.754621,0.3055,-0.4445
1787921184.619603,-0.096705,-0.398397,1.753979,0.2770,-0.4445
1787921184.627925,-0.097508,-0.396506,1.751556,0.2661,-0.4445
1787921184.632207,-0.097645,-0.394727,1.749881,0.3107,-0.4445
1787921184.641569,-0.097575,-0.392997,1.748599,0.2716,-0.4445
1787921184.645896,-0.097633,-0.391188,1.746943,0.3143,-0.4243
1787921184.652456,-0.098635,-0.389420,1.742718,0.3075,-0.4243
1787921184.659196,-0.098860,-0.387730,1.740937,0.2911,-0.4243
1787921184.666269,-0.099086,-0.385831,1.738076,0.2848,-0.4243
1787921184.672939,-0.099083,-0.383984,1.736688,0.2812,-0.4243
1787921184.679103,-0.099888,-0.382351,1.732439,0.2816,-0.4243
1787921184.688821,-0.100265,-0.380551,1.729663,0.2539,-0.4243
1787921184.692883,-0.100945,-0.378729,1.725560,0.3184,-0.4243
1787921184.699272,-0.100871,-0.376821,1.723435,0.3109,-0.4243
1787921184.705592,-0.101469,-0.374977,1.719279,0.3084,-0.4243
1787921184.713764,-0.102056,-0.372970,1.715588,0.2919,-0.4243
1787921184.720624,-0.102605,-0.370996,1.711307,0.2932,-0.4243
1787921184.725769,-0.103116,-0.369077,1.707813,0.3202,-0.4243
1787921184.732579,-0.103177,-0.367119,1.704942,0.3099,-0.4243
1787921184.739916,-0.103552,-0.365129,1.702354,0.2996,-0.4243
1787921184.746676,-0.104143,-0.363195,1.698508,0.2982,-0.3853
1787921184.753049,-0.103911,-0.361082,1.696963,0.3061,-0.3853
1787921184.759769,-0.104362,-0.359177,1.693722,0.3011,-0.3853
1787921184.765911,-0.104650,-0.357214,1.691384,0.3076,-0.3853
1787921184.772621,-0.104398,-0.355545,1.689821,0.2881,-0.3853
1787921184.779679,-0.104630,-0.353716,1.687687,0.2800,-0.3853
1787921184.785978,-0.104621,-0.352067,1.686011,0.2740,-0.3853
1787921184.792509,-0.104595,-0.350114,1.684020,0.2808,-0.3853
1787921184.799282,-0.104596,-0.348428,1.682569,0.2708,-0.3853
1787921184.805599,-0.104281,-0.346707,1.681463,0.2691,-0.3853
1787921184.813878,-0.104628,-0.345054,1.678879,0.2493,-0.3853
1787921184.819678,-0.104344,-0.343371,1.677568,0.2595,-0.3853
1787921184.825697,-0.104498,-0.341887,1.675119,0.2560,-0.3853
1787921184.833331,-0.104558,-0.340340,1.673342,0.2399,-0.3853
1787921184.838903,-0.105072,-0.338617,1.669779,0.2630,-0.3853
1787921184.846036,-0.105389,-0.337097,1.667897,0.2490,-0.3571
1787921184.852895,-0.105580,-0.335530,1.664907,0.2433,-0.3571
1787921184.861953,-0.105465,-0.334120,1.662785,0.2165,-0.3571
1787921184.865803,-0.105830,-0.332380,1.659867,0.2891,-0.3571
1787921184.872253,-0.105978,-0.330641,1.656776,0.2836,-0.3571
1787921184.879023,-0.106224,-0.329031,1.653765,0.2705,-0.3571
1787921184.886155,-0.106165,-0.327218,1.651566,0.2651,-0.3571
1787921184.892301,-0.106408,-0.325374,1.648698,0.2763,-0.3571
1787921184.898847,-0.106550,-0.323740,1.645681,0.2686,-0.3571
1787921184.906415,-0.106703,-0.321944,1.642920,0.2594,-0.3571
1787921184.912580,-0.107063,-0.320071,1.639685,0.2738,-0.3571
1787921184.919415,-0.107396,-0.318111,1.636765,0.2784,-0.3571
1787921184.926588,-0.107286,-0.316143,1.634394,0.2768,-0.3571
1787921184.935924,-0.107162,-0.314278,1.631971,0.2533,-0.3571
1787921184.939135,-0.107364,-0.312366,1.629285,0.3567,-0.3571
1787921184.948496,-0.107605,-0.310258,1.626627,0.3176,-0.4349
1787921184.953490,-0.107663,-0.308458,1.624203,0.3305,-0.4349
1787921184.959057,-0.107579,-0.306612,1.621889,0.3305,-0.4349
1787921184.965600,-0.108001,-0.304613,1.618974,0.3238,-0.4349
1787921184.972579,-0.107906,-0.302682,1.616881,0.3094,-0.4349
1787921184.979457,-0.107898,-0.300504,1.614655,0.3115,-0.4349
1787921184.986023,-0.107647,-0.298714,1.613085,0.2993,-0.4349
1787921184.992381,-0.107970,-0.296964,1.610260,0.2926,-0.4349
1787921184.999013,-0.107963,-0.295160,1.608430,0.2863,-0.4349
1787921185.006178,-0.107682,-0.293311,1.607344,0.2774,-0.4349
1787921185.012090,-0.107898,-0.291528,1.605084,0.2849,-0.4349
1787921185.019878,-0.107917,-0.289763,1.603610,0.2675,-0.4349
1787921185.027895,-0.107556,-0.287853,1.603093,0.2582,-0.4349
1787921185.032323,-0.107371,-0.286356,1.602197,0.2817,-0.4349
1787921185.039264,-0.107402,-0.284446,1.600348,0.2798,-0.4349
1787921185.045884,-0.107212,-0.282773,1.599162,0.2714,-0.4349
1787921185.052662,-0.107139,-0.280924,1.597099,0.2717,-0.4162
1787921185.059837,-0.106995,-0.279232,1.595599,0.2607,-0.4162
1787921185.066870,-0.107093,-0.277403,1.593198,0.2606,-0.4162
1787921185.072016,-0.107533,-0.275758,1.590275,0.2788,-0.4162
1787921185.079373,-0.107415,-0.273965,1.588046,0.2682,-0.4162
1787921185.085823,-0.107602,-0.272286,1.585157,0.2660,-0.4162
1787921185.093346,-0.107845,-0.270326,1.581971,0.2644,-0.4162
1787921185.099944,-0.107563,-0.268601,1.579990,0.2634,-0.4162
1787921185.105599,-0.107676,-0.266756,1.576612,0.2823,-0.4162
1787921185.112760,-0.107787,-0.264925,1.573545,0.2743,-0.4162
1787921185.121209,-0.107663,-0.263043,1.570553,0.2589,-0.4162
1787921185.125930,-0.107963,-0.261310,1.566751,0.2913,-0.4162
1787921185.132779,-0.108046,-0.259431,1.563576,0.2862,-0.4162
1787921185.139874,-0.107516,-0.257564,1.561781,0.2794,-0.4162
1787921185.146311,-0.107941,-0.255710,1.557581,0.2817,-0.3772
1787921185.154461,-0.107652,-0.253815,1.555467,0.2672,-0.3772
1787921185.159144,-0.107753,-0.251987,1.552044,0.3039,-0.3772
1787921185.166253,-0.107073,-0.250168,1.550550,0.2901,-0.3772
1787921185.172480,-0.107400,-0.248055,1.547425,0.3045,-0.3772
1787921185.179818,-0.107101,-0.246353,1.544869,0.2830,-0.3772
1787921185.186219,-0.106975,-0.244254,1.541739,0.2966,-0.3772
1787921185.192460,-0.106776,-0.242446,1.539530,0.2948,-0.3772
1787921185.199156,-0.106366,-0.240755,1.537234,0.2827,-0.3772
1787921185.205851,-0.106035,-0.238734,1.535212,0.2889,-0.3772
1787921185.212519,-0.106157,-0.237089,1.532219,0.2760,-0.3772
1787921185.219780,-0.106333,-0.235179,1.528603,0.2717,-0.3772
1787921185.225643,-0.106029,-0.233360,1.526464,0.2839,-0.3772
1787921185.232742,-0.106064,-0.231619,1.524027,0.2722,-0.3772
1787921185.239304,-0.105536,-0.229911,1.522140,0.2697,-0.3772
1787921185.245878,-0.105282,-0.228139,1.520452,0.2701,-0.3772
1787921185.255915,-0.105535,-0.226285,1.517413,0.2440,-0.3302
1787921185.259854,-0.104942,-0.224875,1.515956,0.2805,-0.3302
1787921185.265875,-0.105148,-0.223004,1.513356,0.2888,-0.3302
1787921185.272684,-0.104765,-0.221323,1.511214,0.2771,-0.3302
1787921185.279261,-0.104287,-0.219759,1.509964,0.2665,-0.3302
1787921185.286362,-0.104452,-0.217953,1.506869,0.2623,-0.3302
1787921185.292734,-0.103827,-0.216089,1.505406,0.2731,-0.3302
1787921185.298878,-0.104045,-0.214367,1.502159,0.2743,-0.3302
1787921185.306155,-0.103770,-0.212578,1.499815,0.2664,-0.3302
1787921185.312847,-0.103752,-0.210636,1.497497,0.2734,-0.3302
1787921185.319014,-0.103507,-0.209021,1.494993,0.2706,-0.3302
1787921185.326234,-0.103873,-0.206815,1.491286,0.2796,-0.3302
1787921185.332119,-0.103343,-0.205114,1.489488,0.2843,-0.3302
1787921185.339234,-0.103439,-0.203339,1.486204,0.2733,-0.3302
1787921185.346458,-0.103401,-0.201470,1.483936,0.2688,-0.4174
1787921185.352251,-0.103114,-0.199772,1.481638,0.2770,-0.4174
1787921185.359149,-0.102301,-0.197827,1.480523,0.2813,-0.4174
1787921185.365710,-0.102527,-0.195815,1.477510,0.2876,-0.4174
1787921185.373925,-0.102437,-0.194021,1.474945,0.2668,-0.4174
1787921185.379591,-0.101908,-0.192117,1.472893,0.2899,-0.4174
1787921185.386214,-0.101525,-0.190075,1.471429,0.2967,-0.4174
1787921185.392666,-0.101605,-0.188197,1.468851,0.2941,-0.4174
1787921185.399179,-0.101611,-0.186021,1.466394,0.3055,-0.4174
1787921185.406530,-0.100859,-0.184358,1.465692,0.2846,-0.4174
1787921185.412448,-0.101133,-0.182392,1.462847,0.2968,-0.4174
1787921185.419219,-0.100317,-0.180689,1.462043,0.2867,-0.4174
1787921185.428400,-0.100407,-0.178681,1.459944,0.2656,-0.4174
1787921185.432764,-0.099971,-0.176815,1.458253,0.3167,-0.4174
1787921185.442285,-0.100083,-0.174866,1.456097,0.2823,-0.4174
1787921185.447934,-0.099650,-0.172748,1.454640,0.3120,-0.3929
1787921185.452277,-0.099410,-0.171021,1.452396,0.3388,-0.3929
1787921185.461843,-0.099099,-0.169109,1.450572,0.2979,-0.3929
1787921185.465975,-0.099217,-0.167384,1.447564,0.3318,-0.3929
1787921185.472186,-0.099124,-0.165252,1.445154,0.3349,-0.3929
1787921185.479607,-0.099078,-0.163431,1.442413,0.3077,-0.3929
1787921185.486164,-0.098590,-0.161889,1.440903,0.2883,-0.3929
1787921185.492454,-0.098564,-0.159879,1.438057,0.2970,-0.3929
1787921185.498927,-0.098634,-0.157922,1.434954,0.2973,-0.3929
1787921185.506002,-0.098223,-0.156140,1.432840,0.2853,-0.3929
1787921185.512785,-0.098482,-0.153955,1.429327,0.2938,-0.3929
1787921185.519848,-0.098301,-0.152235,1.426563,0.2791,-0.3929
1787921185.526629,-0.098341,-0.150395,1.423964,0.2756,-0.3929
1787921185.532592,-0.098323,-0.148529,1.420947,0.2859,-0.3929
1787921185.540272,-0.097962,-0.146793,1.418683,0.2693,-0.3929
1787921185.546247,-0.097977,-0.145100,1.416208,0.2724,-0.3644
1787921185.552232,-0.097481,-0.143491,1.414668,0.2742,-0.3644
1787921185.559411,-0.097173,-0.141804,1.412797,0.2636,-0.3644
1787921185.566133,-0.096390,-0.140276,1.411847,0.2573,-0.3644
1787921185.572573,-0.096465,-0.138611,1.409025,0.2562,-0.3644
1787921185.579737,-0.096433,-0.137189,1.407012,0.2383,-0.3644
1787921185.585586,-0.095642,-0.135645,1.406075,0.2516,-0.3644
1787921185.592457,-0.095991,-0.134026,1.403195,0.2433,-0.3644
1787921185.598983,-0.095305,-0.132689,1.401833,0.2362,-0.3644
1787921185.606424,-0.094762,-0.131127,1.399954,0.2311,-0.3644
1787921185.612839,-0.094704,-0.129459,1.398272,0.2391,-0.3644
1787921185.619329,-0.094107,-0.128247,1.396415,0.2273,-0.3644
1787921185.625728,-0.093989,-0.126570,1.394418,0.2375,-0.3644
1787921185.632977,-0.093750,-0.125130,1.392606,0.2266,-0.3644
1787921185.639358,-0.093542,-0.123692,1.390500,0.2269,-0.3644
1787921185.645671,-0.093125,-0.122267,1.388788,0.2290,-0.3644
1787921185.652617,-0.092704,-0.120821,1.387756,0.2250,-0.3750
1787921185.659794,-0.092847,-0.119297,1.384656,0.2190,-0.3750
1787921185.666922,-0.092314,-0.117892,1.383166,0.2156,-0.3750
1787921185.672633,-0.092340,-0.116188,1.380441,0.2385,-0.3750
1787921185.681098,-0.091665,-0.114838,1.379131,0.2185,-0.3750
1787921185.685982,-0.091471,-0.113315,1.376876,0.2471,-0.3750
1787921185.692154,-0.091264,-0.111857,1.375111,0.2444,-0.3750
1787921185.699504,-0.090894,-0.110285,1.373383,0.2370,-0.3750
1787921185.705876,-0.090637,-0.108805,1.371524,0.2366,-0.3750
1787921185.712576,-0.089934,-0.107646,1.370844,0.2227,-0.3750
1787921185.718897,-0.089859,-0.105973,1.368819,0.2344,-0.3750
1787921185.726146,-0.089565,-0.104705,1.366665,0.2179,-0.3750
1787921185.733080,-0.089222,-0.103201,1.365179,0.2193,-0.3750
1787921185.739419,-0.088583,-0.101724,1.364145,0.2281,-0.3750
1787921185.747393,-0.088245,-0.100321,1.362609,0.2140,-0.3447
1787921185.754897,-0.087808,-0.098844,1.361255,0.2112,-0.3447
1787921185.760189,-0.087358,-0.097415,1.359932,0.2324,-0.3447
1787921185.767940,-0.086964,-0.096066,1.358193,0.2169,-0.3447
1787921185.772281,-0.086907,-0.094460,1.355905,0.2611,-0.3447
1787921185.779743,-0.086435,-0.093224,1.354601,0.2354,-0.3447
1787921185.785541,-0.086311,-0.091842,1.353155,0.2360,-0.3447
1787921185.792773,-0.085509,-0.090599,1.352399,0.2227,-0.3447
1787921185.798799,-0.085056,-0.089351,1.350814,0.2214,-0.3447
1787921185.805578,-0.085199,-0.088071,1.348692,0.2089,-0.3447
1787921185.813006,-0.084237,-0.086867,1.348086,0.2022,-0.3447
1787921185.819357,-0.084344,-0.085588,1.345691,0.1993,-0.3447
1787921185.825648,-0.084010,-0.084335,1.344088,0.2013,-0.3447
1787921185.832347,-0.082950,-0.083502,1.344511,0.1879,-0.3447
1787921185.838706,-0.082776,-0.082182,1.342736,0.1940,-0.3447
1787921185.847113,-0.082538,-0.080891,1.341083,0.1826,-0.3151
1787921185.853320,-0.082433,-0.079844,1.339469,0.1782,-0.3151
1787921185.859369,-0.081937,-0.078866,1.338609,0.1776,-0.3151
1787921185.866140,-0.081923,-0.077549,1.336835,0.1813,-0.3151
1787921185.873502,-0.081778,-0.076474,1.334924,0.1709,-0.3151
1787921185.878836,-0.081239,-0.075496,1.334767,0.1802,-0.3151
1787921185.886939,-0.080906,-0.074558,1.333276,0.1628,-0.3151
1787921185.892494,-0.080628,-0.073391,1.331954,0.1787,-0.3151
1787921185.899200,-0.080492,-0.072226,1.330574,0.1772,-0.3151
1787921185.905819,-0.080086,-0.071379,1.329869,0.1657,-0.3151
1787921185.912374,-0.080131,-0.070189,1.328190,0.1683,-0.3151
1787921185.919490,-0.079810,-0.069156,1.327080,0.1634,-0.3151
1787921185.926054,-0.079482,-0.068176,1.326244,0.1615,-0.3151
1787921185.932273,-0.079048,-0.067138,1.325629,0.1667,-0.3151
1787921185.940631,-0.078595,-0.066176,1.324817,0.1541,-0.3151
1787921185.945378,-0.077867,-0.065238,1.324613,0.1766,-0.3151
1787921185.953647,-0.077968,-0.064206,1.323064,0.1590,-0.2946
1787921185.959777,-0.077488,-0.063029,1.322428,0.1729,-0.2946
1787921185.965863,-0.077310,-0.062116,1.321457,0.1668,-0.2946
1787921185.972963,-0.077280,-0.060881,1.319942,0.1676,-0.2946
1787921185.979167,-0.076823,-0.059845,1.319537,0.1713,-0.2946
1787921185.986078,-0.076568,-0.058792,1.318572,0.1670,-0.2946
1787921185.994735,-0.076226,-0.057743,1.317899,0.1551,-0.2946
1787921185.999332,-0.076154,-0.056643,1.316339,0.1792,-0.2946
1787921186.005776,-0.075809,-0.055619,1.315237,0.1756,-0.2946
1787921186.012236,-0.075588,-0.054534,1.314034,0.1743,-0.2946
1787921186.019535,-0.075490,-0.053414,1.312330,0.1675,-0.2946
1787921186.025767,-0.075305,-0.052345,1.310998,0.1693,-0.2946
1787921186.032475,-0.075039,-0.051325,1.310033,0.1656,-0.2946
1787921186.039932,-0.074687,-0.050264,1.308854,0.1608,-0.2946
1787921186.046939,-0.074466,-0.049331,1.307429,0.1536,-0.2811
1787921186.052366,-0.074130,-0.048508,1.306845,0.1563,-0.2811
1787921186.061470,-0.073724,-0.047570,1.305986,0.1427,-0.2811
1787921186.065343,-0.073519,-0.046421,1.304504,0.1900,-0.2811
1787921186.075170,-0.073082,-0.045691,1.303926,0.1580,-0.2811
1787921186.080259,-0.072752,-0.044738,1.303383,0.1699,-0.2811
1787921186.085667,-0.072670,-0.043639,1.301707,0.1789,-0.2811
1787921186.092288,-0.072494,-0.042555,1.300687,0.1747,-0.2811
1787921186.099154,-0.072156,-0.041716,1.299852,0.1616,-0.2811
1787921186.105580,-0.071885,-0.040855,1.298980,0.1552,-0.2811
1787921186.112604,-0.071676,-0.039930,1.298148,0.1491,-0.2811
1787921186.118969,-0.071125,-0.039027,1.297474,0.1524,-0.2811
1787921186.125919,-0.070854,-0.038163,1.296624,0.1457,-0.2811
1787921186.132334,-0.070821,-0.036876,1.294986,0.1604,-0.2811
1787921186.138867,-0.070210,-0.036094,1.294390,0.1544,-0.2811
1787921186.145527,-0.070202,-0.035073,1.293115,0.1524,-0.2811
1787921186.154285,-0.069399,-0.034293,1.293075,0.1399,-0.3840
1787921186.159540,-0.068816,-0.033379,1.292579,0.1573,-0.3840
1787921186.165472,-0.068978,-0.032417,1.291043,0.1546,-0.3840
1787921186.177596,-0.068189,-0.031486,1.290550,0.1357,-0.3840
1787921186.180706,-0.068244,-0.030573,1.288963,0.1782,-0.3840
1787921186.185904,-0.067966,-0.029738,1.288429,0.1755,-0.3840
1787921186.193111,-0.067561,-0.028795,1.287687,0.1652,-0.3840
1787921186.199094,-0.067354,-0.027888,1.286458,0.1622,-0.3840
1787921186.205743,-0.067030,-0.027104,1.286293,0.1516,-0.3840
1787921186.212169,-0.066741,-0.026248,1.285866,0.1483,-0.3840
1787921186.218918,-0.066118,-0.025311,1.285966,0.1516,-0.3840
1787921186.225872,-0.065936,-0.024259,1.285042,0.1518,-0.3840
1787921186.232105,-0.065620,-0.023272,1.284771,0.1562,-0.3840
1787921186.239368,-0.065251,-0.022414,1.284072,0.1476,-0.3840
1787921186.245458,-0.065034,-0.021570,1.283371,0.1462,-0.3840
1787921186.253006,-0.064608,-0.020597,1.282700,0.1442,-0.3646
1787921186.259086,-0.064349,-0.019835,1.282237,0.1407,-0.3646
1787921186.266275,-0.064218,-0.019002,1.281433,0.1333,-0.3646
1787921186.272660,-0.063864,-0.018143,1.280724,0.1368,-0.3646
1787921186.279934,-0.063534,-0.017165,1.279773,0.1383,-0.3646
1787921186.286533,-0.063288,-0.016375,1.278983,0.1344,-0.3646
1787921186.292470,-0.062998,-0.015333,1.277666,0.1487,-0.3646
1787921186.299235,-0.062716,-0.014411,1.276300,0.1469,-0.3646
1787921186.305801,-0.062510,-0.013453,1.274891,0.1474,-0.3646
1787921186.312328,-0.062647,-0.012474,1.272907,0.1443,-0.3646
1787921186.319207,-0.061847,-0.011846,1.272769,0.1375,-0.3646
1787921186.326037,-0.062138,-0.010781,1.270610,0.1371,-0.3646
1787921186.332492,-0.062140,-0.010065,1.269280,0.1277,-0.3646
1787921186.339250,-0.061711,-0.009241,1.268475,0.1300,-0.3646
1787921186.345899,-0.061552,-0.008324,1.267045,0.1326,-0.3455
1787921186.352587,-0.061006,-0.007625,1.266530,0.1301,-0.3455
1787921186.360085,-0.060637,-0.007035,1.266154,0.1180,-0.3455
1787921186.365686,-0.060680,-0.005997,1.264665,0.1349,-0.3455
1787921186.372045,-0.060647,-0.005203,1.263068,0.1306,-0.3455
1787921186.382051,-0.060182,-0.004550,1.262490,0.1143,-0.3455
1787921186.386285,-0.059855,-0.003873,1.261820,0.1328,-0.3455
1787921186.392655,-0.059484,-0.002824,1.260490,0.1453,-0.3455
1787921186.398832,-0.059606,-0.001976,1.258412,0.1391,-0.3455
1787921186.405706,-0.059067,-0.001305,1.257868,0.1325,-0.3455
1787921186.412583,-0.058715,-0.000400,1.256848,0.1350,-0.3455
1787921186.418786,-0.058762,0.000591,1.254971,0.1394,-0.3455
1787921186.425579,-0.057913,0.001342,1.254798,0.1407,-0.3455
1787921186.432942,-0.057876,0.002322,1.252898,0.1369,-0.3455
1787921186.438983,-0.057602,0.003170,1.251569,0.1401,-0.3455
1787921186.445931,-0.057390,0.004058,1.250155,0.1373,-0.3139
1787921186.452989,-0.056745,0.004953,1.249362,0.1409,-0.3139
1787921186.461601,-0.056277,0.005764,1.248181,0.1306,-0.3139
1787921186.466210,-0.056365,0.006732,1.246193,0.1493,-0.3139
1787921186.472659,-0.055820,0.007620,1.245496,0.1517,-0.3139
1787921186.479729,-0.055513,0.008564,1.243930,0.1484,-0.3139
1787921186.486129,-0.055277,0.009343,1.242777,0.1420,-0.3139
1787921186.492500,-0.054976,0.010225,1.241374,0.1432,-0.3139
1787921186.500158,-0.054357,0.011234,1.240626,0.1455,-0.3139
1787921186.505947,-0.054068,0.012019,1.239723,0.1452,-0.3139
1787921186.514108,-0.053764,0.012888,1.238711,0.1355,-0.3139
1787921186.519273,-0.053774,0.013998,1.236691,0.1556,-0.3139
1787921186.525792,-0.053478,0.014732,1.235498,0.1453,-0.3139
1787921186.534400,-0.052807,0.015671,1.235119,0.1403,-0.3139
1787921186.539612,-0.052481,0.016521,1.234177,0.1506,-0.3139
1787921186.545382,-0.052282,0.017630,1.232386,0.1632,-0.3139
1787921186.552600,-0.051740,0.018389,1.231538,0.1515,-0.2743
1787921186.559090,-0.051311,0.019300,1.230589,0.1524,-0.2743
1787921186.565733,-0.051083,0.020436,1.228871,0.1584,-0.2743
1787921186.574011,-0.050736,0.021411,1.227549,0.1484,-0.2743
1787921186.579129,-0.050470,0.022103,1.226748,0.1473,-0.2743
1787921186.587137,-0.050201,0.022921,1.225517,0.1354,-0.2743
1787921186.592657,-0.049495,0.023833,1.225135,0.1544,-0.2743
1787921186.598876,-0.049088,0.024932,1.223980,0.1646,-0.2743
1787921186.606087,-0.048689,0.025767,1.222947,0.1536,-0.2743
1787921186.612206,-0.048236,0.026505,1.222257,0.1491,-0.2743
1787921186.621080,-0.047941,0.027346,1.221015,0.1345,-0.2743
1787921186.626264,-0.048209,0.028525,1.218576,0.1528,-0.2743
1787921186.632460,-0.047815,0.029411,1.217569,0.1538,-0.2743
1787921186.638717,-0.047198,0.030180,1.217214,0.1525,-0.2743
1787921186.646286,-0.046832,0.030948,1.216389,0.1403,-0.2367
1787921186.652061,-0.046349,0.031826,1.215659,0.1497,-0.2367
1787921186.659423,-0.046324,0.032771,1.214228,0.1412,-0.2367
1787921186.666616,-0.045836,0.033620,1.213649,0.1392,-0.2367
1787921186.673286,-0.045440,0.034560,1.212719,0.1433,-0.2367
1787921186.679180,-0.045116,0.035266,1.212240,0.1397,-0.2367
1787921186.689527,-0.044934,0.036286,1.210745,0.1273,-0.2367
1787921186.692845,-0.044670,0.037182,1.209919,0.1734,-0.2367
1787921186.699699,-0.044325,0.038153,1.208750,0.1665,-0.2367
1787921186.705754,-0.043883,0.038886,1.208276,0.1583,-0.2367
1787921186.712874,-0.043301,0.039771,1.207912,0.1543,-0.2367
1787921186.718838,-0.043093,0.040624,1.206444,0.1519,-0.2367
1787921186.725314,-0.042533,0.041597,1.205962,0.1577,-0.2367
1787921186.732544,-0.042551,0.042414,1.204585,0.1418,-0.2367
1787921186.738904,-0.042147,0.043431,1.203467,0.1509,-0.2367
1787921186.745709,-0.041864,0.044268,1.202606,0.1445,-0.2367
1787921186.752793,-0.041644,0.045219,1.201447,0.1421,-0.2116
1787921186.759630,-0.041217,0.045955,1.200668,0.1363,-0.2116
1787921186.765936,-0.040776,0.047005,1.199658,0.1496,-0.2116
1787921186.772269,-0.040606,0.047946,1.198020,0.1492,-0.2116
1787921186.779078,-0.040186,0.048731,1.197379,0.1434,-0.2116
1787921186.785738,-0.040155,0.049774,1.195990,0.1446,-0.2116
1787921186.793353,-0.039245,0.050425,1.196397,0.1382,-0.2116
1787921186.799846,-0.039251,0.051284,1.194831,0.1335,-0.2116
1787921186.808111,-0.039023,0.052488,1.193670,0.1372,-0.2116
1787921186.812204,-0.038376,0.053301,1.193478,0.1689,-0.2116
1787921186.823181,-0.038091,0.054044,1.192758,0.1399,-0.2116
1787921186.826192,-0.037676,0.054946,1.192018,0.1968,-0.2116
1787921186.843243,-0.037394,0.056085,1.191201,0.1582,-0.2116
1787921186.844355,-0.036904,0.056788,1.190787,0.3358,-0.2116
1787921186.848533,-0.036446,0.057842,1.190084,0.3176,-0.3933
1787921186.852585,-0.036176,0.058928,1.188772,0.3043,-0.3933
1787921186.859341,-0.035550,0.059710,1.188482,0.2556,-0.3933
1787921186.866511,-0.034943,0.060708,1.187750,0.2272,-0.3933
1787921186.872585,-0.034852,0.061748,1.185956,0.2083,-0.3933
1787921186.880473,-0.034397,0.062754,1.185545,0.1878,-0.3933
1787921186.887437,-0.033467,0.063546,1.185710,0.1781,-0.3933
1787921186.895566,-0.033503,0.064677,1.183976,0.1628,-0.3933
1787921186.902245,-0.032985,0.065530,1.183505,0.1582,-0.3933
1787921186.906959,-0.032569,0.066375,1.182547,0.1706,-0.3933
1787921186.912527,-0.032102,0.067608,1.181543,0.1904,-0.3933
1787921186.919249,-0.031476,0.068376,1.181648,0.1756,-0.3933
1787921186.926815,-0.031053,0.069238,1.181186,0.1609,-0.3933
1787921186.932134,-0.030244,0.070338,1.181168,0.1873,-0.3933
1787921186.939141,-0.030098,0.071480,1.179941,0.1787,-0.3933
1787921186.945914,-0.029316,0.072220,1.180463,0.1686,-0.3717
1787921186.952287,-0.029172,0.073341,1.179213,0.1694,-0.3717
1787921186.959119,-0.028482,0.074501,1.178847,0.1772,-0.3717
1787921186.965717,-0.028050,0.075451,1.178513,0.1715,-0.3717
1787921186.974190,-0.027625,0.076589,1.177183,0.1630,-0.3717
1787921186.979397,-0.027066,0.077698,1.175958,0.1855,-0.3717
1787921186.986157,-0.026594,0.078438,1.175658,0.1682,-0.3717
1787921186.998373,-0.026441,0.079783,1.173545,0.1497,-0.3717
1787921186.999359,-0.026373,0.081109,1.171375,0.4843,-0.3717
1787921187.005376,-0.025634,0.081889,1.170382,0.3892,-0.3717
1787921187.012600,-0.025695,0.083262,1.167873,0.3239,-0.3717
1787921187.019197,-0.025166,0.084324,1.166119,0.2806,-0.3717
1787921187.025766,-0.024991,0.085386,1.163813,0.2441,-0.3717
1787921187.032743,-0.024562,0.086563,1.162452,0.2247,-0.3717
1787921187.039068,-0.024305,0.087512,1.160724,0.2034,-0.3717
1787921187.045659,-0.024012,0.088583,1.159330,0.1924,-0.3717
1787921187.052608,-0.023381,0.089435,1.158142,0.1793,-0.3533
1787921187.059428,-0.023299,0.090399,1.156517,0.1658,-0.3533
1787921187.067082,-0.022762,0.091183,1.155602,0.1526,-0.3533
1787921187.072390,-0.022408,0.092261,1.153973,0.1707,-0.3533
1787921187.080528,-0.021737,0.093068,1.153481,0.1567,-0.3533
1787921187.086047,-0.021710,0.094031,1.151714,0.1581,-0.3533
1787921187.095311,-0.020843,0.094937,1.151088,0.1489,-0.3533
1787921187.101131,-0.020329,0.095519,1.150546,0.1424,-0.3533
1787921187.105826,-0.020076,0.096499,1.148978,0.1634,-0.3533
1787921187.114506,-0.019786,0.097533,1.147089,0.1511,-0.3533
1787921187.119709,-0.018883,0.098201,1.147162,0.1623,-0.3533
1787921187.126339,-0.018420,0.099032,1.145540,0.1565,-0.3533
1787921187.135233,-0.018147,0.100204,1.143669,0.1493,-0.3533
1787921187.139687,-0.017834,0.100865,1.142677,0.1538,-0.3533
1787921187.145603,-0.017494,0.101718,1.141019,0.1542,-0.3533
1787921187.152681,-0.016949,0.102759,1.139998,0.1577,-0.3118
1787921187.159614,-0.016583,0.103744,1.138967,0.1557,-0.3118
1787921187.166222,-0.016226,0.104500,1.137643,0.1470,-0.3118
1787921187.172600,-0.015443,0.105377,1.136939,0.1558,-0.3118
1787921187.179206,-0.015203,0.106097,1.135569,0.1433,-0.3118
1787921187.188668,-0.014927,0.107028,1.134372,0.1308,-0.3118
1787921187.193329,-0.014443,0.107973,1.133204,0.1598,-0.3118
1787921187.203006,-0.013874,0.108724,1.132642,0.1404,-0.3118
1787921187.206298,-0.013473,0.109713,1.131204,0.1954,-0.3118
1787921187.212573,-0.013128,0.110464,1.129689,0.1763,-0.3118
1787921187.219229,-0.012881,0.111381,1.128394,0.1655,-0.3118
1787921187.225742,-0.012400,0.112404,1.127340,0.1680,-0.3118
1787921187.232517,-0.011696,0.113323,1.126407,0.1677,-0.3118
1787921187.238849,-0.011593,0.114269,1.124479,0.1599,-0.3118
1787921187.246199,-0.011292,0.115449,1.122556,0.1607,-0.2761
1787921187.252573,-0.010554,0.116273,1.121736,0.1625,-0.2761
1787921187.258982,-0.010290,0.117188,1.120042,0.1577,-0.2761
1787921187.265627,-0.010098,0.118434,1.117910,0.1648,-0.2761
1787921187.273120,-0.009449,0.119458,1.117102,0.1636,-0.2761
1787921187.283848,-0.009012,0.120171,1.116046,0.1378,-0.2761
1787921187.286629,-0.008322,0.121073,1.115162,0.2165,-0.2761
1787921187.293755,-0.008088,0.122233,1.113538,0.1997,-0.2761
1787921187.299047,-0.007315,0.122980,1.113225,0.1972,-0.2761
1787921187.306277,-0.007096,0.124235,1.111220,0.1887,-0.2761
1787921187.312828,-0.006716,0.125231,1.110353,0.1807,-0.2761
1787921187.319250,-0.006011,0.126072,1.109432,0.1763,-0.2761
1787921187.325984,-0.005425,0.127368,1.108056,0.1867,-0.2761
1787921187.332541,-0.005037,0.128228,1.107036,0.1739,-0.2761
1787921187.339965,-0.004404,0.129240,1.105736,0.1697,-0.2761
1787921187.345452,-0.004193,0.130391,1.103984,0.1802,-0.2761
1787921187.352612,-0.003523,0.131318,1.103115,0.1735,-0.2423
1787921187.359250,-0.003361,0.132720,1.100944,0.1812,-0.2423
1787921187.365738,-0.002938,0.133810,1.099532,0.1807,-0.2423
1787921187.375162,-0.002520,0.135024,1.097999,0.1669,-0.2423
1787921187.379286,-0.002030,0.136066,1.096333,0.2005,-0.2423
1787921187.385445,-0.003738,0.137650,1.092400,0.1706,-0.2423
1787921187.392697,-0.002965,0.138706,1.091701,0.1729,-0.2423
1787921187.399626,-0.003133,0.140145,1.088912,0.1729,-0.2423
1787921187.407108,-0.002757,0.141403,1.087468,0.1727,-0.2423
1787921187.412296,-0.002338,0.142222,1.086645,0.1741,-0.2423
1787921187.421741,-0.002205,0.143266,1.085214,0.1532,-0.2423
1787921187.426303,-0.001719,0.144217,1.084132,0.1774,-0.2423
1787921187.432622,-0.001037,0.142204,1.089511,0.0545,-0.2423
1787921187.438802,-0.000236,0.143623,1.088561,0.1172,-0.2423
1787921187.445425,-0.000115,0.144450,1.087990,0.1177,-0.2423
1787921187.452741,0.000601,0.144907,1.088402,0.1126,-0.0000
1787921187.459105,0.000948,0.145653,1.087926,0.1176,-0.0000
1787921187.465681,0.001612,0.146439,1.087780,0.1281,-0.0000
1787921187.472839,0.002194,0.147169,1.087628,0.1281,-0.0000
1787921187.480179,0.002799,0.147972,1.087520,0.1302,-0.0000
1787921187.486963,0.003049,0.148631,1.086977,0.1221,-0.0000
1787921187.492253,0.003521,0.149243,1.086754,0.1287,-0.0000
1787921187.500320,0.003749,0.149923,1.085869,0.1164,-0.0000
1787921187.508464,0.004149,0.150251,1.086388,0.0990,-0.0000
1787921187.513217,0.004603,0.150740,1.085930,0.1100,-0.0000
1787921187.519571,0.004694,0.150848,1.085898,0.0835,-0.0000
1787921187.526194,0.004780,0.151442,1.085413,0.0841,-0.0000
1787921187.532343,0.004868,0.151739,1.084610,0.0737,-0.0000
1787921187.539465,0.004909,0.152187,1.083496,0.0690,-0.0000
1787921187.545759,0.004961,0.152403,1.082039,0.0586,-0.0000
1787921187.553003,0.004807,0.152880,1.080095,0.0554,-0.0000
1787921187.559239,0.004998,0.153032,1.079140,0.0496,-0.0000
1787921187.566080,0.004979,0.153277,1.078239,0.0438,-0.0000
1787921187.572459,0.005134,0.153352,1.077706,0.0372,-0.0000
1787921187.579103,0.005389,0.153317,1.078216,0.0301,-0.0000
1787921187.587871,0.005593,0.153171,1.079297,0.0200,-0.0000
1787921187.592816,0.005596,0.153174,1.079721,0.0142,-0.0000
1787921187.599354,0.005855,0.153114,1.080167,0.0131,-0.0000
1787921187.605853,0.005828,0.153165,1.080301,0.0107,-0.0000
1787921187.613457,0.006100,0.152949,1.080877,0.0050,-0.0000
1787921187.618856,0.006196,0.152914,1.081200,0.0043,-0.0000
1787921187.626519,0.006214,0.152732,1.081447,-0.0029,-0.0000
1787921187.632643,0.006318,0.152678,1.082103,-0.0020,-0.0000
1787921187.640544,0.006241,0.152762,1.081812,0.0000,-0.0000
1787921187.645870,0.006157,0.152783,1.081415,-0.0011,-0.0000
1787921187.652471,0.006170,0.152696,1.081456,-0.0040,-0.0000
1787921187.660664,0.006015,0.152644,1.080758,-0.0072,-0.0000
1787921187.666124,0.005707,0.152642,1.080025,-0.0131,-0.0000
1787921187.672276,0.005662,0.152566,1.079618,-0.0135,-0.0000
1787921187.679243,0.005354,0.152637,1.079068,-0.0130,-0.0000
1787921187.685700,0.005287,0.152630,1.079340,-0.0109,-0.0000
1787921187.692619,0.005198,0.152579,1.079335,-0.0114,-0.0000
1787921187.700016,0.005439,0.152596,1.079799,-0.0028,-0.0000
1787921187.705832,0.005186,0.152591,1.079611,-0.0083,-0.0000
1787921187.714351,0.005310,0.152442,1.080045,-0.0084,-0.0000
1787921187.719226,0.005253,0.152443,1.080012,-0.0075,-0.0000
1787921187.728058,0.005435,0.152452,1.080146,-0.0020,-0.0000
1787921187.732584,0.005237,0.152313,1.080119,-0.0157,-0.0000
1787921187.738958,0.005252,0.152388,1.080150,-0.0076,-0.0000
1787921187.745523,0.005184,0.152359,1.080224,-0.0079,-0.0000
1787921187.752867,0.005333,0.152381,1.080269,-0.0019,-0.0000
1787921187.759222,0.005210,0.152339,1.080328,-0.0058,-0.0000
1787921187.766400,0.005228,0.152434,1.079947,-0.0002,-0.0000
1787921187.773032,0.005162,0.152430,1.079911,-0.0017,-0.0000
1787921187.779096,0.005449,0.152381,1.080260,0.0033,-0.0000
1787921187.786129,0.005227,0.152584,1.079607,0.0055,-0.0000
1787921187.792668,0.005491,0.152400,1.080166,0.0021,-0.0000
1787921187.798837,0.005304,0.152531,1.079799,0.0028,-0.0000
1787921187.806381,0.005715,0.152474,1.080377,0.0077,-0.0000
1787921187.815865,0.005451,0.152514,1.080287,0.0025,-0.0000
1787921187.819682,0.005616,0.152386,1.080666,-0.0010,-0.0000
1787921187.825897,0.005505,0.152373,1.080431,-0.0037,-0.0000
1787921187.832014,0.005722,0.152300,1.081105,-0.0008,-0.0000
1787921187.839212,0.005733,0.152383,1.080976,0.0027,-0.0000
1787921187.846195,0.005458,0.152465,1.080358,-0.0005,-0.0000
1787921187.852215,0.005554,0.152336,1.080719,-0.0038,-0.0000
1787921187.859196,0.005438,0.152440,1.080490,-0.0011,-0.0000
1787921187.866233,0.005706,0.152428,1.080668,0.0042,-0.0000
1787921187.872500,0.005259,0.152520,1.079947,-0.0033,-0.0000
1787921187.879240,0.005461,0.152389,1.080409,-0.0032,-0.0000
1787921187.886498,0.005474,0.152471,1.080272,0.0010,-0.0000
1787921187.892232,0.005625,0.152482,1.080532,0.0049,-0.0000
1787921187.899930,0.005401,0.152337,1.080287,-0.0056,-0.0000
1787921187.907018,0.005331,0.152417,1.080578,-0.0024,-0.0000
1787921187.912664,0.005422,0.152333,1.080282,-0.0033,-0.0000
1787921187.919411,0.005614,0.152226,1.081020,-0.0025,-0.0000
1787921187.925984,0.005325,0.152457,1.080131,0.0014,-0.0000
1787921187.934456,0.005484,0.152373,1.080368,0.0010,-0.0000
1787921187.938892,0.005547,0.152336,1.080628,0.0004,-0.0000
1787921187.946415,0.005589,0.152273,1.080709,-0.0011,-0.0000
1787921187.952264,0.005487,0.152311,1.080461,-0.0015,-0.0000
1787921187.958895,0.005486,0.152345,1.080604,0.0003,-0.0000
1787921187.965812,0.005576,0.152348,1.080697,0.0021,-0.0000
1787921187.972231,0.005392,0.152607,1.079959,0.0081,-0.0000
1787921187.979033,0.005634,0.152485,1.080433,0.0060,-0.0000
1787921187.985857,0.005514,0.152417,1.080560,-0.0009,-0.0000
1787921187.992714,0.005262,0.152550,1.079929,-0.0007,-0.0000
1787921187.999301,0.005518,0.152396,1.080382,-0.0012,-0.0000
1787921188.007207,0.005713,0.152258,1.080930,-0.0020,-0.0000
1787921188.012231,0.005533,0.152292,1.080764,-0.0047,-0.0000
1787921188.021136,0.005636,0.152382,1.080758,0.0011,-0.0000
1787921188.026576,0.005545,0.152452,1.080331,0.0018,-0.0000
1787921188.032737,0.005725,0.152384,1.080628,0.0024,-0.0000
1787921188.038980,0.005575,0.152287,1.080579,-0.0058,-0.0000
1787921188.046606,0.005570,0.152316,1.080672,-0.0031,-0.0000
1787921188.053094,0.005750,0.152403,1.080612,0.0053,-0.0000
1787921188.059129,0.005610,0.152324,1.080664,-0.0031,-0.0000
1787921188.065340,0.005465,0.152292,1.080557,-0.0068,-0.0000
1787921188.073458,0.005443,0.152449,1.080346,-0.0000,-0.0000
1787921188.079075,0.005505,0.152468,1.080310,0.0025,-0.0000
1787921188.086099,0.005519,0.152433,1.080436,0.0007,-0.0000
1787921188.092502,0.005241,0.152431,1.080205,-0.0058,-0.0000
1787921188.100100,0.005549,0.152430,1.080676,0.0017,-0.0000
1787921188.106246,0.005340,0.152540,1.080141,0.0011,-0.0000
1787921188.112723,0.005702,0.152342,1.080926,0.0006,-0.0000
1787921188.123218,0.005455,0.152414,1.080310,-0.0011,-0.0000
1787921188.127929,0.005611,0.152379,1.080736,0.0019,-0.0000
1787921188.133014,0.005654,0.152490,1.080451,0.0083,-0.0000
1787921188.138990,0.005493,0.152383,1.080488,-0.0027,-0.0000
1787921188.145527,0.005431,0.152292,1.080482,-0.0069,-0.0000
1787921188.153181,0.005433,0.152413,1.080314,-0.0006,-0.0000
1787921188.159000,0.005341,0.152196,1.080634,-0.0126,-0.0000
1787921188.166149,0.005517,0.152301,1.080564,-0.0014,-0.0000
1787921188.172389,0.005392,0.152470,1.080167,0.0033,-0.0000
1787921188.179417,0.005459,0.152509,1.080300,0.0052,-0.0000
1787921188.186254,0.005580,0.152407,1.080462,0.0022,-0.0000
1787921188.193300,0.005482,0.152363,1.080373,-0.0021,-0.0000
1787921188.202771,0.005695,0.152366,1.080718,0.0018,-0.0000
1787921188.206183,0.005535,0.152505,1.080381,0.0054,-0.0000
1787921188.212849,0.005669,0.152453,1.080610,0.0046,-0.0000
1787921188.220089,0.005380,0.152610,1.080217,0.0033,-0.0000
1787921188.226187,0.005507,0.152373,1.080415,-0.0050,-0.0000
1787921188.233890,0.005444,0.152415,1.080330,-0.0032,-0.0000
1787921188.241098,0.005405,0.152379,1.080459,-0.0044,-0.0000
1787921188.245991,0.005455,0.152244,1.080873,-0.0089,-0.0000
1787921188.253200,0.005409,0.152461,1.080108,0.0008,-0.0000
1787921188.259162,0.005651,0.152276,1.080866,-0.0019,-0.0000
1787921188.266325,0.005634,0.152323,1.080816,0.0001,-0.0000
1787921188.272361,0.005575,0.152349,1.080502,-0.0002,-0.0000
1787921188.279987,0.005862,0.152180,1.081314,-0.0007,-0.0000
1787921188.285637,0.005688,0.152440,1.080518,0.0073,-0.0000
1787921188.292426,0.005652,0.152376,1.080747,0.0019,-0.0000
1787921188.298933,0.005544,0.152446,1.080496,0.0018,-0.0000
1787921188.305603,0.005567,0.152500,1.080419,0.0039,-0.0000
1787921188.314646,0.005490,0.152361,1.080696,-0.0025,-0.0000
1787921188.319180,0.005184,0.152489,1.079948,-0.0038,-0.0000
1787921188.328743,0.005493,0.152364,1.080486,-0.0016,-0.0000
1787921188.332760,0.005451,0.152325,1.080519,-0.0051,-0.0000
1787921188.339170,0.005777,0.152255,1.081168,0.0007,-0.0000
1787921188.345786,0.005554,0.152217,1.080766,-0.0058,-0.0000
1787921188.353156,0.005677,0.152498,1.080429,0.0084,-0.0000
1787921188.359152,0.005805,0.152278,1.080950,-0.0008,-0.0000
1787921188.365638,0.005649,0.152425,1.080532,0.0020,-0.0000
1787921188.373596,0.005556,0.152395,1.080568,-0.0012,-0.0000
1787921188.379288,0.005508,0.152539,1.080308,0.0046,-0.0000
1787921188.385869,0.005434,0.152448,1.080317,-0.0020,-0.0000
1787921188.393211,0.005443,0.152416,1.080530,-0.0024,-0.0000
1787921188.398777,0.005419,0.152307,1.080580,-0.0074,-0.0000
1787921188.407327,0.005454,0.152318,1.080600,-0.0043,-0.0000
1787921188.412515,0.005424,0.152306,1.080585,-0.0044,-0.0000
1787921188.419604,0.005522,0.152522,1.080245,0.0069,-0.0000
1787921188.425865,0.005459,0.152442,1.080318,0.0000,-0.0000
1787921188.432769,0.005383,0.152545,1.080191,0.0024,-0.0000
1787921188.439262,0.005661,0.152294,1.080960,-0.0025,-0.0000
1787921188.445856,0.005427,0.152508,1.080349,0.0018,-0.0000
1787921188.452520,0.005621,0.152551,1.080475,0.0071,-0.0000
1787921188.459139,0.005356,0.152427,1.080413,-0.0057,-0.0000
1787921188.465749,0.005522,0.152323,1.080727,-0.0046,-0.0000
1787921188.472127,0.005360,0.152479,1.080301,-0.0003,-0.0000
1787921188.478849,0.005573,0.152330,1.080638,-0.0016,-0.0000
1787921188.486198,0.005460,0.152227,1.080570,-0.0070,-0.0000
1787921188.492589,0.005439,0.152518,1.080193,0.0066,-0.0000
1787921188.500708,0.005617,0.152331,1.080452,0.0017,-0.0000
1787921188.506002,0.005632,0.152395,1.080841,0.0048,-0.0000
1787921188.512531,0.005590,0.152485,1.080337,0.0061,-0.0000
1787921188.519815,0.005652,0.152388,1.080572,0.0019,-0.0000
1787921188.525957,0.005857,0.152322,1.081097,0.0032,-0.0000
1787921188.534796,0.005509,0.152496,1.080144,0.0019,-0.0000
1787921188.539240,0.005592,0.152472,1.080342,0.0026,-0.0000
1787921188.548158,0.005359,0.152388,1.080478,-0.0044,-0.0000
1787921188.553502,0.005400,0.152451,1.080055,0.0011,-0.0000
1787921188.558959,0.005436,0.152310,1.080669,-0.0051,-0.0000
1787921188.566056,0.005492,0.152209,1.080845,-0.0062,-0.0000
1787921188.572735,0.005256,0.152482,1.079961,0.0015,-0.0000
1787921188.579116,0.005507,0.152556,1.080198,0.0096,-0.0000
1787921188.585892,0.005623,0.152388,1.080578,0.0026,-0.0000
1787921188.592561,0.005608,0.152377,1.080560,0.0011,-0.0000
1787921188.599503,0.005372,0.152418,1.080025,-0.0025,-0.0000
1787921188.606263,0.005624,0.152540,1.080297,0.0083,-0.0000
1787921188.613901,0.005295,0.152558,1.079909,0.0003,-0.0000
1787921188.618951,0.005269,0.152524,1.079918,-0.0023,-0.0000
1787921188.625945,0.005312,0.152414,1.080246,-0.0049,-0.0000
1787921188.634886,0.005394,0.152345,1.080465,-0.0041,-0.0000
1787921188.639375,0.005361,0.152338,1.080446,-0.0044,-0.0000
1787921188.645880,0.005453,0.152374,1.080600,0.0004,-0.0000
1787921188.652183,0.005367,0.152368,1.080366,-0.0019,-0.0000
1787921188.659562,0.005704,0.152511,1.080585,0.0102,-0.0000
1787921188.665770,0.005654,0.152432,1.080526,0.0027,-0.0000
1787921188.672625,0.005675,0.152603,1.080186,0.0089,-0.0000
1787921188.679082,0.005766,0.152354,1.080679,-0.0020,-0.0000
1787921188.685928,0.005592,0.152312,1.080766,-0.0066,-0.0000
1787921188.692785,0.005499,0.152431,1.080302,-0.0020,-0.0000
1787921188.699707,0.005367,0.152468,1.080267,-0.0026,-0.0000
1787921188.708066,0.005396,0.152462,1.080254,-0.0016,-0.0000
1787921188.714388,0.005557,0.152182,1.080818,-0.0092,-0.0000
1787921188.718858,0.005432,0.152164,1.080677,-0.0114,-0.0000
1787921188.726163,0.005601,0.152365,1.080607,0.0025,-0.0000
1787921188.732768,0.005521,0.152380,1.080574,0.0007,-0.0000
1787921188.740368,0.005673,0.152516,1.080410,0.0081,-0.0000
1787921188.745719,0.005609,0.152601,1.080217,0.0081,-0.0000
1787921188.752848,0.005694,0.152414,1.080900,0.0004,-0.0000
1787921188.759302,0.005671,0.152450,1.080547,0.0013,-0.0000
1787921188.766425,0.005579,0.152394,1.080615,-0.0030,-0.0000
1787921188.772818,0.005441,0.152584,1.080001,0.0027,-0.0000
1787921188.779047,0.005678,0.152415,1.080664,0.0001,-0.0000
1787921188.785933,0.005477,0.152429,1.080434,-0.0035,-0.0000
1787921188.793123,0.005321,0.152345,1.080336,-0.0086,-0.0000
1787921188.799590,0.005387,0.152175,1.080532,-0.0116,-0.0000
1787921188.807741,0.005455,0.152228,1.080508,-0.0052,-0.0000
1787921188.812296,0.005391,0.152495,1.080274,0.0099,-0.0000
1787921188.819084,0.005778,0.152265,1.080800,0.0060,-0.0000
1787921188.826439,0.005617,0.152562,1.080172,0.0118,-0.0000
1787921188.832527,0.005858,0.152408,1.080733,0.0072,-0.0000
1787921188.840047,0.005667,0.152428,1.080662,0.0021,-0.0000
1787921188.846010,0.005616,0.152607,1.080355,0.0082,-0.0000
1787921188.855579,0.005583,0.152486,1.080357,0.0019,-0.0000
1787921188.859277,0.005532,0.152347,1.080761,-0.0105,-0.0000
1787921188.865808,0.005385,0.152373,1.080592,-0.0095,-0.0000
1787921188.872523,0.005466,0.152409,1.080570,-0.0035,-0.0000
1787921188.879338,0.005345,0.152454,1.080213,-0.0032,-0.0000
1787921188.886374,0.005594,0.152335,1.080827,-0.0017,-0.0000
1787921188.892445,0.005481,0.152422,1.080503,-0.0001,-0.0000
1787921188.899177,0.005604,0.152439,1.080375,0.0032,-0.0000
1787921188.905941,0.005732,0.152412,1.080690,0.0038,-0.0000
1787921188.913815,0.005635,0.152447,1.080319,0.0021,-0.0000
1787921188.919706,0.006065,0.152316,1.081360,0.0059,-0.0000
1787921188.928648,0.005631,0.152150,1.080978,-0.0076,-0.0000
1787921188.932166,0.005559,0.152602,1.080387,0.0258,-0.0000
1787921188.942142,0.005411,0.152465,1.080231,0.0123,-0.0000
1787921188.946408,0.005494,0.152391,1.080599,0.0068,-0.0000
1787921188.952625,0.005419,0.152348,1.080473,0.0012,-0.0000
1787921188.958938,0.005436,0.152322,1.080473,0.0001,-0.0000
1787921188.966010,0.005357,0.152443,1.080259,0.0031,-0.0000
1787921188.972355,0.005591,0.152349,1.080647,0.0034,-0.0000
1787921188.979578,0.005724,0.152535,1.080345,0.0118,-0.0000
1787921188.986244,0.005768,0.152443,1.080847,0.0056,-0.0000
1787921188.992529,0.005922,0.152492,1.080908,0.0094,-0.0000
1787921188.999006,0.005498,0.152403,1.080131,-0.0063,-0.0000
1787921189.046729,0.005658,0.152326,1.080699,-0.0044,-0.0000
1787921189.048535,0.005148,0.152467,1.079620,-0.0224,-0.0000
1787921189.050313,0.005687,0.152156,1.081159,-0.0193,-0.0000
1787921189.052026,0.005337,0.152459,1.080109,0.0044,-0.0000
1787921189.053803,0.005216,0.152433,1.080206,-0.0104,-0.0000
1787921189.055585,0.005572,0.152284,1.080846,-0.0012,-0.0000
1787921189.057465,0.005607,0.152354,1.080747,0.0117,-0.0000
1787921189.059398,0.005423,0.152512,1.080181,0.0164,-0.0000
1787921189.061282,0.005742,0.152579,1.080444,0.0448,-0.0000
1787921189.065495,0.005966,0.152391,1.080971,0.0271,-0.0000
1787921189.072482,0.005643,0.152507,1.080490,0.0168,-0.0000
1787921189.079206,0.005490,0.152593,1.080238,0.0119,-0.0000
1787921189.085794,0.005682,0.152354,1.080428,0.0029,-0.0000
1787921189.092384,0.005400,0.152372,1.080311,-0.0033,-0.0000
1787921189.099366,0.005258,0.152446,1.079977,-0.0024,-0.0000
1787921189.106117,0.005375,0.152392,1.080140,-0.0013,-0.0000
1787921189.112566,0.005419,0.152373,1.080614,-0.0008,-0.0000
1787921189.119229,0.005526,0.152352,1.080615,0.0009,-0.0000
1787921189.125697,0.005618,0.152241,1.081102,-0.0019,-0.0000
1787921189.134283,0.005654,0.152337,1.080882,0.0022,-0.0000
1787921189.139761,0.005601,0.152498,1.080289,0.0080,-0.0000
1787921189.148003,0.005602,0.152437,1.080546,0.0036,0.3000
1787921189.152674,0.005569,0.152563,1.080284,0.0087,0.3000
1787921189.158761,0.005563,0.152415,1.080331,-0.0005,0.3000
1787921189.165743,0.005448,0.152274,1.080525,-0.0080,0.3000
1787921189.172705,0.005438,0.152259,1.080612,-0.0064,0.3000
1787921189.179209,0.005245,0.152620,1.079798,0.0060,0.3000
1787921189.185980,0.005391,0.152352,1.080447,-0.0032,0.3000
1787921189.192536,0.005434,0.152282,1.080630,-0.0041,0.3000
1787921189.198823,0.005397,0.152222,1.080694,-0.0063,0.3000
1787921189.206054,0.005313,0.152460,1.080015,0.0027,0.3000
1787921189.212765,0.005541,0.152528,1.079737,0.0094,0.3000
1787921189.219452,0.005643,0.152617,1.079067,0.0122,0.3000
1787921189.226418,0.005442,0.152584,1.078251,0.0032,0.3000
1787921189.233279,0.005250,0.152580,1.077719,-0.0019,0.3000
1787921189.239020,0.005092,0.152587,1.077439,-0.0049,0.3000
1787921189.249410,0.004641,0.152698,1.076393,-0.0068,0.6000
1787921189.253710,0.004591,0.152781,1.076498,-0.0014,0.6000
1787921189.258955,0.004277,0.152903,1.076045,-0.0033,0.6000
1787921189.266355,0.004397,0.152702,1.076528,-0.0072,0.6000
1787921189.272882,0.004496,0.152652,1.076897,-0.0049,0.6000
1787921189.279166,0.004835,0.152693,1.077765,0.0060,0.6000
1787921189.286357,0.004949,0.152653,1.078792,0.0050,0.6000
1787921189.292510,0.005529,0.152427,1.080426,0.0071,0.6000
1787921189.299293,0.005800,0.152539,1.081495,0.0149,0.6000
1787921189.306660,0.005861,0.152399,1.082454,0.0066,0.6000
1787921189.312869,0.006126,0.152549,1.082831,0.0170,0.6000
1787921189.319507,0.005906,0.152485,1.082361,0.0047,0.6000
1787921189.325541,0.005949,0.152550,1.082549,0.0071,0.6000
1787921189.332297,0.005818,0.152619,1.082447,0.0050,0.6000
1787921189.339671,0.005841,0.152731,1.082683,0.0080,0.6000
1787921189.346200,0.005843,0.152855,1.082700,0.0106,0.6963
1787921189.352979,0.005917,0.152998,1.082741,0.0146,0.6963
1787921189.359422,0.006136,0.152923,1.083009,0.0119,0.6963
1787921189.367484,0.006082,0.152992,1.083330,0.0096,0.6963
1787921189.372581,0.006068,0.153084,1.083144,0.0112,0.6963
1787921189.378856,0.006309,0.153122,1.083860,0.0148,0.6963
1787921189.385711,0.006401,0.153213,1.084406,0.0158,0.6963
1787921189.393048,0.006620,0.153050,1.085831,0.0093,0.6963
1787921189.399928,0.006941,0.152886,1.087301,0.0067,0.6963
1787921189.406073,0.007124,0.152984,1.088120,0.0130,0.6963
1787921189.412268,0.007284,0.152931,1.089257,0.0105,0.6963
1787921189.419652,0.007549,0.152822,1.090093,0.0084,0.6963
1787921189.425980,0.007484,0.152825,1.090188,0.0046,0.6963
1787921189.432626,0.007718,0.152821,1.090833,0.0079,0.6963
1787921189.441294,0.007525,0.153099,1.090310,0.0110,0.6963
1787921189.446344,0.007849,0.153001,1.090663,0.0114,0.7000
1787921189.455227,0.007805,0.153260,1.090066,0.0150,0.7000
1787921189.459023,0.007677,0.153565,1.089205,0.0273,0.7000
1787921189.465889,0.007872,0.153405,1.089366,0.0168,0.7000
1787921189.473043,0.007557,0.153412,1.088800,0.0059,0.7000
1787921189.479034,0.007667,0.153332,1.089111,0.0031,0.7000
1787921189.486224,0.007637,0.153409,1.088972,0.0045,0.7000
1787921189.492385,0.007456,0.153326,1.089127,-0.0045,0.7000
1787921189.502393,0.007490,0.153198,1.089666,-0.0061,0.7000
1787921189.506042,0.007733,0.153065,1.090407,-0.0047,0.7000
1787921189.512800,0.007605,0.153027,1.090543,-0.0074,0.7000
1787921189.518844,0.007757,0.152902,1.090742,-0.0072,0.7000
1787921189.525620,0.007509,0.152760,1.090647,-0.0157,0.7000
1787921189.533584,0.007395,0.152781,1.090346,-0.0123,0.7000
1787921189.539316,0.007303,0.152770,1.090016,-0.0113,0.7000
1787921189.545772,0.007328,0.152490,1.090328,-0.0189,0.7000
1787921189.552572,0.007214,0.152340,1.090564,-0.0215,0.7000
1787921189.558814,0.007119,0.151986,1.090195,-0.0322,0.7000
1787921189.566586,0.007181,0.151641,1.090627,-0.0333,0.7000
1787921189.573246,0.006425,0.151558,1.088904,-0.0424,0.7000
1787921189.579225,0.006431,0.151155,1.088723,-0.0474,0.7000
1787921189.585977,0.006207,0.151041,1.087417,-0.0423,0.7000
1787921189.593896,0.006170,0.150488,1.086953,-0.0488,0.7000
1787921189.599238,0.005863,0.150101,1.085750,-0.0614,0.7000
1787921189.606174,0.005461,0.149805,1.084174,-0.0624,0.7000
1787921189.612277,0.005440,0.149107,1.083958,-0.0745,0.7000
1787921189.618792,0.005233,0.148586,1.082616,-0.0778,0.7000
1787921189.627342,0.004901,0.147824,1.081242,-0.0835,0.7000
1787921189.632437,0.004505,0.147285,1.079810,-0.0975,0.7000
1787921189.639253,0.003832,0.146468,1.078475,-0.1139,0.7000
1787921189.645798,0.003915,0.145398,1.078003,-0.1212,0.7000
1787921189.652859,0.003360,0.144521,1.076695,-0.1288,0.7000
1787921189.660856,0.003125,0.143682,1.076457,-0.1221,0.7000
1787921189.665644,0.002753,0.142727,1.074949,-0.1491,0.7000
1787921189.674976,0.002275,0.141899,1.073773,-0.1351,0.7000
1787921189.679179,0.002424,0.140583,1.074225,-0.1721,0.7000
1787921189.685682,0.001594,0.139843,1.071769,-0.1688,0.7000
1787921189.692885,0.001242,0.138560,1.070983,-0.1721,0.7000
1787921189.699049,0.000779,0.137659,1.069802,-0.1698,0.7000
1787921189.706502,0.000500,0.136476,1.068656,-0.1660,0.7000
1787921189.712543,-0.000148,0.135534,1.067266,-0.1727,0.7000
1787921189.718778,-0.000151,0.134166,1.067247,-0.1786,0.7000
1787921189.726167,-0.000951,0.133223,1.065010,-0.1742,0.7000
1787921189.732347,-0.001011,0.132029,1.064507,-0.1741,0.7000
1787921189.740787,-0.001622,0.130941,1.062597,-0.1662,0.7000
1787921189.747933,-0.002030,0.129926,1.061201,-0.1619,0.7000
1787921189.752918,-0.002563,0.128789,1.059572,-0.1887,0.7000
1787921189.762728,-0.003295,0.127960,1.057378,-0.1652,0.7000
1787921189.766552,-0.003710,0.126857,1.056293,-0.2069,0.7000
1787921189.772951,-0.004095,0.125754,1.054784,-0.1988,0.7000
1787921189.779304,-0.004272,0.124648,1.053533,-0.1887,0.7000
1787921189.785986,-0.004632,0.123442,1.052307,-0.1871,0.7000
1787921189.793084,-0.005480,0.122429,1.049941,-0.1859,0.7000
1787921189.799231,-0.006093,0.121426,1.048788,-0.1875,0.7000
1787921189.806651,-0.006780,0.120368,1.046618,-0.1822,0.7000
1787921189.814571,-0.007178,0.119024,1.045808,-0.1791,0.7000
1787921189.819388,-0.007636,0.117826,1.044629,-0.2042,0.7000
1787921189.826020,-0.007745,0.116537,1.043802,-0.1958,0.7000
1787921189.832619,-0.008394,0.115483,1.042437,-0.1933,0.7000
1787921189.842791,-0.008660,0.114456,1.041256,-0.1654,0.7000
1787921189.846188,-0.009341,0.113104,1.039928,-0.2492,0.7000
1787921189.852987,-0.009912,0.112101,1.038594,-0.2254,0.7000
1787921189.858906,-0.010278,0.110933,1.036823,-0.2182,0.7000
1787921189.866095,-0.010565,0.109392,1.036517,-0.2142,0.7000
1787921189.872707,-0.011398,0.108709,1.033572,-0.1959,0.7000
1787921189.879777,-0.011543,0.107010,1.033397,-0.2022,0.7000
1787921189.886190,-0.012346,0.105943,1.031301,-0.2037,0.7000
1787921189.892080,-0.013195,0.104937,1.028879,-0.2088,0.7000
1787921189.899847,-0.013401,0.103470,1.028436,-0.1988,0.7000
1787921189.906117,-0.014043,0.102424,1.026515,-0.1978,0.7000
1787921189.912589,-0.014661,0.101188,1.025144,-0.2024,0.7000
1787921189.919145,-0.014958,0.099991,1.023813,-0.1955,0.7000
1787921189.925862,-0.015601,0.098917,1.021864,-0.1927,0.7000
1787921189.934398,-0.015759,0.097522,1.020943,-0.1796,0.7000
1787921189.939479,-0.016448,0.096206,1.019223,-0.2132,0.7000
1787921189.946241,-0.016755,0.095058,1.017454,-0.1998,0.7000
1787921189.953270,-0.017663,0.093819,1.015066,-0.2052,0.7000
1787921189.959302,-0.017954,0.092485,1.013477,-0.2076,0.7000
1787921189.966424,-0.018421,0.091008,1.012020,-0.2085,0.7000
1787921189.972337,-0.019362,0.089834,1.009264,-0.2218,0.7000
1787921189.981570,-0.020066,0.088685,1.006422,-0.1990,0.7000
1787921189.985803,-0.020236,0.087224,1.004983,-0.2332,0.7000
1787921189.992603,-0.021271,0.086155,1.001763,-0.2275,0.7000
1787921189.998883,-0.021496,0.084672,1.000165,-0.2247,0.7000
1787921190.005879,-0.021914,0.083168,0.998395,-0.2212,0.7000
1787921190.012845,-0.022230,0.081766,0.996546,-0.2129,0.7000
1787921190.019180,-0.023017,0.080423,0.994437,-0.2227,0.7000
1787921190.025849,-0.023507,0.078917,0.992933,-0.2247,0.7000
1787921190.036702,-0.024508,0.077716,0.990283,-0.2002,0.7000
1787921190.039135,-0.025223,0.076379,0.988068,-0.3263,0.7000
1787921190.046004,-0.025463,0.074471,0.987353,-0.3037,0.7000
1787921190.052254,-0.026588,0.073505,0.984062,-0.2811,0.7000
1787921190.059023,-0.027397,0.072071,0.981477,-0.2695,0.7000
1787921190.068483,-0.027894,0.070495,0.979985,-0.2390,0.7000
1787921190.072904,-0.028361,0.069115,0.977980,-0.2627,0.7000
1787921190.079242,-0.028700,0.067769,0.976036,-0.2456,0.7000
1787921190.085829,-0.029539,0.066226,0.973977,-0.2516,0.7000
1787921190.091985,-0.029867,0.064682,0.972878,-0.2473,0.7000
1787921190.099397,-0.030919,0.063584,0.969900,-0.2338,0.7000
1787921190.105934,-0.031278,0.061846,0.968893,-0.2387,0.7000
1787921190.113843,-0.032143,0.060512,0.966448,-0.2274,0.7000
1787921190.119081,-0.032855,0.058928,0.965102,-0.2570,0.7000
1787921190.125647,-0.033679,0.057496,0.963118,-0.2551,0.7000
1787921190.132239,-0.034566,0.056066,0.961199,-0.2551,0.7000
1787921190.139372,-0.035079,0.054895,0.959356,-0.2312,0.7000
1787921190.147979,-0.035713,0.053378,0.958097,-0.2178,0.7000
1787921190.153130,-0.036277,0.052063,0.956162,-0.2340,0.7000
1787921190.159090,-0.036959,0.050823,0.953864,-0.2346,0.7000
1787921190.166860,-0.037756,0.049734,0.951807,-0.2163,0.7000
1787921190.172955,-0.038482,0.048000,0.950483,-0.2416,0.7000
1787921190.178928,-0.039251,0.046533,0.948159,-0.2515,0.7000
1787921190.186833,-0.040017,0.045068,0.946565,-0.2382,0.7000
1787921190.192582,-0.041159,0.044149,0.943321,-0.2405,0.7000
1787921190.198870,-0.041737,0.042398,0.942185,-0.2521,0.7000
1787921190.205878,-0.042317,0.041040,0.940157,-0.2381,0.7000
1787921190.212134,-0.043463,0.039611,0.937600,-0.2545,0.7000
1787921190.220477,-0.044148,0.037969,0.935202,-0.2402,0.7000
1787921190.226261,-0.045352,0.036777,0.932329,-0.2551,0.7000
1787921190.232224,-0.046142,0.035705,0.928923,-0.2455,0.7000
1787921190.238986,-0.046932,0.034037,0.927233,-0.2521,0.7000
1787921190.246394,-0.047415,0.032606,0.925018,-0.2345,0.7000
1787921190.252364,-0.048073,0.030989,0.923546,-0.2489,0.7000
1787921190.260113,-0.049329,0.029723,0.920496,-0.2427,0.7000
1787921190.265829,-0.050364,0.028223,0.917995,-0.2654,0.7000
1787921190.273256,-0.051180,0.026612,0.916339,-0.2575,0.7000
1787921190.279565,-0.051835,0.024945,0.914412,-0.2621,0.7000
1787921190.285747,-0.052632,0.023614,0.912570,-0.2582,0.7000
1787921190.292389,-0.053587,0.021991,0.910316,-0.2651,0.7000
1787921190.299293,-0.054331,0.020838,0.908362,-0.2449,0.7000
1787921190.305662,-0.055196,0.019372,0.905899,-0.2510,0.7000
1787921190.312888,-0.055694,0.017813,0.904587,-0.2393,0.7000
1787921190.318808,-0.056228,0.016506,0.903016,-0.2363,0.7000
1787921190.325665,-0.056964,0.014676,0.901520,-0.2482,0.7000
1787921190.332590,-0.058083,0.013669,0.898579,-0.2380,0.7000
1787921190.338959,-0.059055,0.011994,0.896924,-0.2569,0.7000
1787921190.345940,-0.059849,0.010531,0.895194,-0.2502,0.7000
1787921190.352939,-0.060709,0.009177,0.893000,-0.2435,0.7000
1787921190.358866,-0.061481,0.007374,0.891238,-0.2660,0.7000
1787921190.365811,-0.062504,0.006172,0.888618,-0.2543,0.7000
1787921190.375789,-0.063182,0.004402,0.886676,-0.2322,0.7000
1787921190.379284,-0.064295,0.003406,0.883419,-0.2892,0.7000
1787921190.385755,-0.064979,0.001753,0.881671,-0.2817,0.7000
1787921190.392601,-0.065870,0.000561,0.878734,-0.2624,0.7000
1787921190.398958,-0.066965,-0.000917,0.875875,-0.2703,0.7000
1787921190.406699,-0.068049,-0.001955,0.872503,-0.2470,0.7000
1787921190.412248,-0.069003,-0.003636,0.870427,-0.2757,0.7000
1787921190.419516,-0.069806,-0.005238,0.868247,-0.2648,0.7000
1787921190.425796,-0.070920,-0.006629,0.865823,-0.2705,0.7000
1787921190.432146,-0.071804,-0.008547,0.863936,-0.2854,0.7000
1787921190.439097,-0.073124,-0.009722,0.860447,-0.2754,0.7000
1787921190.446149,-0.074019,-0.011257,0.858475,-0.2670,0.7000
1787921190.455129,-0.075200,-0.012729,0.855317,-0.2499,0.7000
1787921190.460149,-0.075914,-0.014418,0.853922,-0.2791,0.7000
1787921190.467044,-0.077108,-0.015605,0.850864,-0.2684,0.7000
1787921190.472675,-0.077570,-0.017230,0.849554,-0.2691,0.7000
1787921190.479028,-0.078845,-0.018633,0.846368,-0.2779,0.7000
1787921190.485712,-0.079475,-0.020307,0.845141,-0.2695,0.7000
1787921190.494156,-0.080376,-0.021760,0.842827,-0.2485,0.7000
1787921190.499854,-0.081185,-0.023232,0.841084,-0.2601,0.7000
1787921190.505526,-0.082366,-0.025049,0.839737,-0.2954,0.7000
1787921190.512900,-0.083165,-0.026228,0.837570,-0.2641,0.7000
1787921190.518984,-0.084016,-0.027893,0.836119,-0.2739,0.7000
1787921190.525709,-0.084813,-0.029331,0.834451,-0.2632,0.7000
1787921190.533449,-0.085520,-0.030641,0.832952,-0.2402,0.7000
1787921190.539588,-0.086466,-0.031990,0.830927,-0.2480,0.7000
1787921190.548279,-0.087383,-0.033239,0.829128,-0.2268,0.7000
1787921190.553242,-0.087913,-0.034755,0.828022,-0.2479,0.7000
1787921190.559422,-0.088922,-0.035794,0.825638,-0.2438,0.7000
1787921190.567508,-0.089501,-0.037271,0.824445,-0.2255,0.7000
1787921190.572325,-0.090317,-0.038629,0.822610,-0.2544,0.7000
1787921190.580504,-0.091527,-0.040246,0.820231,-0.2517,0.7000
1787921190.585706,-0.092280,-0.041687,0.818226,-0.2666,0.7000
1787921190.593073,-0.093848,-0.042720,0.815192,-0.2610,0.7000
1787921190.598772,-0.094851,-0.044068,0.812707,-0.2705,0.7000
1787921190.605808,-0.095659,-0.045654,0.810890,-0.2621,0.7000
1787921190.612557,-0.096804,-0.047074,0.808264,-0.2643,0.7000
1787921190.619279,-0.097678,-0.048197,0.805487,-0.2482,0.7000
1787921190.625758,-0.098951,-0.049626,0.802905,-0.2622,0.7000
1787921190.632449,-0.099792,-0.050865,0.800392,-0.2497,0.7000
1787921190.638721,-0.101145,-0.052244,0.797351,-0.2672,0.7000
1787921190.645890,-0.102255,-0.053571,0.794575,-0.2592,0.7000
1787921190.654465,-0.103618,-0.055127,0.791764,-0.2537,0.7000
1787921190.660692,-0.104959,-0.056954,0.789244,-0.2856,0.7000
1787921190.665842,-0.106692,-0.057710,0.784939,-0.3024,0.7000
1787921190.672485,-0.107675,-0.059662,0.783247,-0.3054,0.7000
1787921190.678698,-0.109042,-0.060794,0.779728,-0.2991,0.7000
1787921190.687153,-0.110273,-0.062532,0.777415,-0.2838,0.7000
1787921190.692563,-0.111294,-0.064025,0.775671,-0.2970,0.7000
1787921190.699059,-0.112429,-0.065552,0.773870,-0.2947,0.7000
1787921190.706058,-0.113429,-0.066624,0.771077,-0.2690,0.7000
1787921190.712201,-0.114328,-0.068403,0.770132,-0.2804,0.7000
1787921190.718976,-0.115296,-0.070049,0.768414,-0.2777,0.7000
1787921190.726290,-0.116360,-0.071213,0.766248,-0.2589,0.7000
1787921190.732763,-0.117369,-0.072488,0.764457,-0.2559,0.7000
1787921190.739500,-0.118380,-0.073853,0.762384,-0.2537,0.7000
1787921190.745498,-0.119584,-0.074957,0.760117,-0.2593,0.7000
1787921190.752985,-0.120338,-0.076517,0.759235,-0.2464,0.7000
1787921190.759569,-0.121560,-0.077667,0.756703,-0.2490,0.7000
1787921190.766515,-0.122513,-0.078891,0.754958,-0.2405,0.7000
1787921190.772272,-0.123529,-0.080146,0.752973,-0.2517,0.7000
1787921190.779428,-0.124464,-0.081366,0.751055,-0.2397,0.7000
1787921190.786920,-0.125500,-0.082418,0.749370,-0.2269,0.7000
1787921190.792744,-0.126586,-0.083578,0.746999,-0.2405,0.7000
1787921190.801090,-0.127589,-0.084872,0.744978,-0.2264,0.7000
1787921190.806451,-0.128666,-0.086258,0.742992,-0.2553,0.7000
1787921190.812516,-0.129827,-0.087248,0.739994,-0.2542,0.7000
1787921190.819341,-0.130824,-0.088711,0.738140,-0.2536,0.7000
1787921190.827124,-0.131931,-0.090150,0.735524,-0.2464,0.7000
1787921190.833144,-0.133243,-0.091122,0.731955,-0.2535,0.7000
1787921190.839685,-0.134642,-0.092305,0.728453,-0.2614,0.7000
1787921190.845997,-0.135980,-0.093476,0.725290,-0.2675,0.7000
1787921190.852503,-0.137369,-0.094317,0.721245,-0.2609,0.7000
1787921190.858984,-0.138457,-0.096130,0.718818,-0.2759,0.7000
1787921190.866308,-0.139579,-0.097390,0.715988,-0.2616,0.7000
1787921190.874489,-0.140972,-0.098823,0.713022,-0.2562,0.7000
1787921190.880420,-0.142255,-0.100279,0.710539,-0.2765,0.7000
1787921190.888283,-0.143636,-0.101480,0.707062,-0.2634,0.7000
1787921190.892030,-0.144745,-0.103257,0.705235,-0.3443,0.7000
1787921190.899251,-0.146139,-0.104601,0.702261,-0.3212,0.7000
1787921190.906168,-0.147336,-0.106183,0.700120,-0.3088,0.7000
1787921190.913128,-0.148489,-0.107718,0.697938,-0.2967,0.7000
1787921190.920307,-0.149803,-0.108805,0.695468,-0.2790,0.7000
1787921190.926183,-0.150909,-0.110336,0.693677,-0.2887,0.7000
1787921190.932362,-0.152001,-0.111738,0.691575,-0.2863,0.7000
1787921190.939451,-0.153391,-0.113007,0.689211,-0.2800,0.7000
1787921190.946318,-0.154187,-0.114774,0.688370,-0.2719,0.7000
1787921190.952678,-0.155175,-0.115800,0.686193,-0.2571,0.7000
1787921190.959609,-0.156329,-0.117212,0.684529,-0.2573,0.7000
1787921190.967277,-0.157394,-0.118447,0.682864,-0.2429,0.7000
1787921190.972299,-0.158493,-0.119688,0.680976,-0.2677,0.7000
1787921190.979193,-0.159814,-0.120918,0.679181,-0.2657,0.7000
1787921190.985708,-0.160752,-0.121974,0.676613,-0.2501,0.7000
1787921190.993045,-0.162003,-0.123220,0.674786,-0.2469,0.7000
1787921190.998893,-0.162912,-0.124315,0.673195,-0.2443,0.7000
1787921191.006921,-0.163775,-0.125438,0.671300,-0.2224,0.7000
1787921191.012577,-0.164571,-0.126890,0.670189,-0.2366,0.7000
1787921191.019573,-0.166231,-0.127476,0.666870,-0.2371,0.7000
1787921191.026302,-0.166908,-0.128861,0.665209,-0.2278,0.7000
1787921191.032056,-0.168061,-0.129905,0.662427,-0.2403,0.7000
1787921191.039898,-0.169187,-0.130947,0.659866,-0.2267,0.7000
1787921191.046656,-0.170669,-0.131767,0.655922,-0.2330,0.7000
1787921191.052271,-0.171780,-0.133128,0.653307,-0.2544,0.7000
1787921191.060282,-0.173269,-0.134195,0.649811,-0.2467,0.7000
1787921191.065556,-0.174726,-0.135070,0.645737,-0.2689,0.7000
1787921191.072618,-0.176031,-0.136242,0.642806,-0.2624,0.7000
1787921191.079467,-0.177305,-0.137616,0.639739,-0.2644,0.7000
1787921191.085659,-0.178642,-0.138629,0.636181,-0.2663,0.7000
1787921191.093054,-0.179655,-0.140242,0.633109,-0.2583,0.7000
1787921191.099653,-0.181210,-0.141213,0.629277,-0.2639,0.7000
1787921191.107536,-0.182683,-0.142630,0.626290,-0.2618,0.7000
1787921191.112856,-0.183942,-0.143256,0.622259,-0.2615,0.7000
1787921191.118885,-0.185066,-0.145357,0.620608,-0.2893,0.7000
1787921191.125512,-0.186216,-0.146921,0.618486,-0.2860,0.7000
1787921191.133056,-0.187504,-0.148161,0.616379,-0.2705,0.7000
1787921191.139087,-0.188850,-0.149382,0.613852,-0.2791,0.7000
1787921191.146147,-0.189984,-0.150981,0.612817,-0.2739,0.6859
1787921191.152306,-0.191109,-0.152500,0.611338,-0.2790,0.6859
1787921191.158789,-0.192113,-0.153778,0.609790,-0.2673,0.6859
1787921191.166578,-0.193336,-0.155104,0.607754,-0.2549,0.6859
1787921191.172822,-0.194570,-0.156455,0.606553,-0.2642,0.6859
1787921191.181660,-0.195485,-0.157717,0.604998,-0.2348,0.6859
1787921191.185960,-0.196395,-0.158969,0.603320,-0.2662,0.6859
1787921191.195131,-0.197388,-0.160383,0.602307,-0.2393,0.6859
1787921191.199297,-0.198676,-0.160984,0.599714,-0.2686,0.6859
1787921191.205940,-0.199836,-0.161965,0.597428,-0.2562,0.6859
1787921191.213619,-0.201074,-0.163535,0.596208,-0.2538,0.6859
1787921191.219158,-0.202038,-0.164229,0.593394,-0.2420,0.6859
1787921191.225600,-0.203106,-0.165516,0.592038,-0.2441,0.6859
1787921191.232219,-0.204359,-0.166268,0.589367,-0.2370,0.6859
1787921191.239479,-0.205259,-0.167585,0.588006,-0.2270,0.6859
1787921191.245764,-0.206552,-0.168476,0.585239,-0.2339,0.6859
1787921191.253331,-0.208121,-0.169025,0.581672,-0.2277,0.7000
1787921191.259829,-0.209375,-0.170446,0.579446,-0.2437,0.7000
1787921191.266322,-0.210586,-0.171451,0.576612,-0.2428,0.7000
1787921191.274434,-0.211999,-0.172518,0.574043,-0.2353,0.7000
1787921191.279004,-0.213454,-0.173105,0.570230,-0.2659,0.7000
1787921191.285828,-0.214834,-0.174399,0.568311,-0.2679,0.7000
1787921191.292855,-0.216206,-0.175249,0.564803,-0.2564,0.7000
1787921191.298939,-0.217849,-0.176559,0.562333,-0.2825,0.7000
1787921191.306056,-0.219210,-0.177705,0.559639,-0.2720,0.7000
1787921191.312582,-0.220579,-0.179215,0.557741,-0.2805,0.7000
1787921191.319154,-0.222067,-0.180275,0.554705,-0.2796,0.7000
1787921191.325970,-0.223515,-0.181652,0.552763,-0.2818,0.7000
1787921191.332285,-0.224664,-0.182691,0.549783,-0.2696,0.7000
1787921191.341813,-0.226647,-0.183465,0.545829,-0.2547,0.7000
1787921191.347024,-0.227870,-0.184583,0.543512,-0.2719,0.6879
1787921191.352565,-0.229198,-0.186022,0.541491,-0.2921,0.6879
1787921191.359253,-0.230709,-0.186938,0.538711,-0.2837,0.6879
1787921191.367882,-0.232194,-0.188418,0.537127,-0.2693,0.6879
1787921191.372389,-0.233494,-0.189436,0.534219,-0.2975,0.6879
1787921191.379176,-0.234861,-0.190723,0.532501,-0.2892,0.6879
1787921191.386940,-0.236271,-0.191746,0.530243,-0.2694,0.6879
1787921191.392584,-0.237509,-0.193235,0.528861,-0.2854,0.6879
1787921191.399899,-0.238853,-0.194201,0.526423,-0.2673,0.6879
1787921191.405831,-0.240016,-0.195580,0.524695,-0.2730,0.6879
1787921191.415687,-0.241579,-0.196037,0.521537,-0.2392,0.6879
1787921191.419734,-0.242638,-0.197446,0.520085,-0.2875,0.6879
1787921191.425729,-0.243729,-0.198848,0.518635,-0.2835,0.6879
1787921191.432823,-0.245262,-0.199324,0.515312,-0.2648,0.6879
1787921191.439125,-0.246608,-0.200591,0.513629,-0.2707,0.6879
1787921191.446125,-0.247801,-0.201628,0.511440,-0.2559,0.6936
1787921191.452362,-0.249268,-0.202557,0.508771,-0.2625,0.6936
1787921191.459215,-0.250760,-0.203268,0.505666,-0.2560,0.6936
1787921191.465648,-0.252066,-0.204428,0.503558,-0.2586,0.6936
1787921191.472703,-0.253322,-0.205380,0.500779,-0.2473,0.6936
1787921191.479307,-0.254550,-0.206592,0.498655,-0.2484,0.6936
1787921191.486018,-0.256204,-0.207319,0.495214,-0.2544,0.6936
1787921191.493040,-0.257545,-0.208245,0.492199,-0.2473,0.6936
1787921191.509582,-0.258923,-0.209555,0.490466,-0.2063,0.6936
1787921191.511533,-0.260475,-0.210327,0.486979,-0.4110,0.6936
1787921191.513539,-0.262052,-0.211042,0.484064,-0.5462,0.6936
1787921191.527916,-0.263371,-0.212070,0.481799,-0.4166,0.6936
1787921191.529890,-0.264853,-0.213521,0.479832,-0.5932,0.6936
1787921191.532458,-0.266352,-0.214337,0.476809,-0.6146,0.6936
1787921191.541513,-0.267852,-0.215568,0.474657,-0.4931,0.6936
1787921191.550807,-0.269413,-0.216350,0.471674,-0.4015,0.5557
1787921191.553159,-0.271003,-0.217313,0.469153,-0.5175,0.5557
1787921191.565321,-0.272288,-0.218244,0.466448,-0.4009,0.5557
1787921191.568792,-0.273632,-0.219554,0.465088,-0.4351,0.5557
1787921191.572500,-0.274977,-0.220889,0.463189,-0.4503,0.5557
1787921191.582188,-0.276475,-0.221650,0.460435,-0.3672,0.5557
1787921191.587615,-0.277977,-0.222912,0.458648,-0.3624,0.5557
1787921191.594633,-0.279661,-0.223590,0.455392,-0.3311,0.5557
1787921191.607098,-0.281123,-0.224701,0.453485,-0.2751,0.5557
1787921191.608307,-0.282629,-0.225738,0.451259,-0.6414,0.5557
1787921191.612265,-0.284254,-0.226669,0.449012,-0.5906,0.5557
1787921191.623719,-0.285600,-0.227501,0.446654,-0.4546,0.5557
1787921191.626675,-0.287279,-0.228209,0.443362,-0.5029,0.5557
1787921191.636004,-0.288600,-0.229753,0.442469,-0.4117,0.5557
1787921191.641906,-0.289983,-0.230589,0.439669,-0.3698,0.5557
1787921191.652806,-0.291395,-0.231859,0.437970,-0.3089,0.5454
1787921191.655166,-0.293184,-0.232639,0.434624,-0.4642,0.5454
1787921191.659432,-0.294367,-0.234065,0.433456,-0.4426,0.5454
1787921191.666229,-0.296005,-0.234904,0.430201,-0.3909,0.5454
1787921191.673077,-0.297297,-0.236214,0.428892,-0.3490,0.5454
1787921191.678888,-0.299056,-0.237006,0.426302,-0.3439,0.5454
1787921191.686672,-0.300451,-0.238149,0.424024,-0.3078,0.5454
1787921191.693665,-0.301966,-0.239492,0.422372,-0.2984,0.5454
1787921191.699452,-0.303588,-0.240330,0.419859,-0.3033,0.5454
1787921191.707070,-0.305151,-0.241372,0.417771,-0.2853,0.5454
1787921191.712698,-0.306616,-0.242557,0.416073,-0.2966,0.5454
1787921191.719353,-0.308219,-0.243509,0.414198,-0.2911,0.5454
1787921191.727087,-0.309644,-0.244662,0.412647,-0.2723,0.5454
1787921191.733588,-0.311318,-0.245632,0.410601,-0.2793,0.5454
1787921191.739176,-0.313247,-0.246444,0.408106,-0.3079,0.5454
1787921191.746742,-0.314692,-0.247333,0.406060,-0.2821,0.5460
1787921191.752790,-0.316202,-0.248394,0.404361,-0.2870,0.5460
1787921191.760030,-0.317885,-0.249263,0.401996,-0.2792,0.5460
1787921191.766453,-0.319402,-0.249965,0.400029,-0.2735,0.5460
1787921191.772374,-0.320748,-0.251285,0.398695,-0.2802,0.5460
1787921191.779319,-0.322349,-0.252181,0.396931,-0.2749,0.5460
1787921191.786576,-0.323941,-0.252831,0.394285,-0.2635,0.5460
1787921191.792665,-0.325299,-0.253771,0.392819,-0.2640,0.5460
1787921191.798946,-0.326891,-0.254761,0.390762,-0.2731,0.5460
1787921191.809690,-0.328463,-0.255654,0.389077,-0.2413,0.5460
1787921191.813068,-0.330067,-0.256372,0.386523,-0.3248,0.5460
1787921191.820350,-0.331638,-0.257249,0.384200,-0.3009,0.5460
1787921191.826217,-0.333428,-0.258277,0.382037,-0.3152,0.5460
1787921191.832393,-0.335071,-0.259141,0.379321,-0.3103,0.5460
1787921191.839708,-0.336727,-0.259914,0.376872,-0.2920,0.5460
1787921191.846318,-0.338394,-0.261200,0.375390,-0.2962,0.5444
1787921191.852483,-0.340339,-0.261482,0.371832,-0.3005,0.5444
1787921191.859635,-0.341817,-0.262505,0.370011,-0.2837,0.5444
1787921191.865582,-0.343492,-0.263297,0.367254,-0.2918,0.5444
1787921191.872482,-0.345263,-0.264183,0.365119,-0.2899,0.5444
1787921191.879957,-0.346784,-0.265006,0.362888,-0.2717,0.5444
1787921191.886039,-0.348692,-0.265727,0.360100,-0.2908,0.5444
1787921191.893039,-0.350162,-0.266767,0.358435,-0.2782,0.5444
1787921191.899130,-0.352134,-0.267487,0.355607,-0.2981,0.5444
1787921191.905974,-0.353885,-0.268250,0.353316,-0.2923,0.5444
1787921191.914209,-0.355365,-0.269422,0.351856,-0.2699,0.5444
1787921191.919374,-0.357222,-0.270501,0.350553,-0.3118,0.5444
1787921191.925528,-0.358824,-0.271798,0.349377,-0.3133,0.5444
1787921191.932440,-0.360783,-0.272337,0.346508,-0.3072,0.5444
1787921191.939592,-0.362333,-0.273371,0.345528,-0.2909,0.5444
1787921191.946692,-0.364001,-0.274363,0.343507,-0.2841,0.3254
1787921191.952713,-0.365663,-0.275112,0.341438,-0.2894,0.3254
1787921191.959140,-0.367290,-0.275299,0.338592,-0.2771,0.3254
1787921191.965840,-0.368706,-0.277010,0.338727,-0.2792,0.3254
1787921191.972485,-0.370269,-0.278348,0.338498,-0.2821,0.3254
1787921191.979008,-0.372003,-0.278658,0.335852,-0.2775,0.3254
1787921191.988564,-0.373534,-0.279872,0.334999,-0.2521,0.3254
1787921191.993138,-0.375159,-0.280724,0.333241,-0.2955,0.3254
1787921192.001125,-0.376684,-0.281664,0.332033,-0.2725,0.3254
1787921192.005785,-0.378479,-0.281944,0.328930,-0.3060,0.3254
1787921192.014124,-0.379944,-0.282812,0.327446,-0.2741,0.3254
1787921192.019020,-0.381762,-0.283074,0.323964,-0.3026,0.3254
1787921192.025675,-0.383156,-0.284377,0.323434,-0.2901,0.3254
1787921192.032524,-0.384922,-0.284609,0.319982,-0.2797,0.3254
1787921192.039099,-0.386610,-0.285581,0.318756,-0.2828,0.3254
1787921192.046373,-0.388249,-0.286488,0.317333,-0.2739,0.3118
1787921192.052691,-0.389903,-0.287289,0.316081,-0.2782,0.3118
1787921192.059379,-0.391624,-0.288063,0.314113,-0.2789,0.3118
1787921192.065724,-0.393410,-0.288934,0.312326,-0.2882,0.3118
1787921192.072045,-0.395247,-0.289795,0.310580,-0.2973,0.3118
1787921192.079315,-0.397081,-0.290085,0.306905,-0.2839,0.3118
1787921192.086195,-0.398868,-0.290775,0.304652,-0.2820,0.3118
1787921192.094274,-0.400576,-0.291549,0.302200,-0.2665,0.3118
1787921192.104004,-0.402341,-0.292446,0.300369,-0.2467,0.3118
1787921192.106278,-0.404089,-0.292916,0.298252,-0.4113,0.3118
1787921192.112248,-0.406042,-0.293383,0.294967,-0.3887,0.3118
1787921192.119108,-0.407611,-0.294407,0.294091,-0.3507,0.3118
1787921192.126082,-0.409575,-0.294884,0.291751,-0.3323,0.3118
1787921192.134595,-0.411158,-0.295819,0.290636,-0.2955,0.3118
1787921192.139435,-0.413088,-0.296550,0.288573,-0.3345,0.3118
1787921192.145873,-0.414814,-0.297646,0.288098,-0.3258,0.2910
1787921192.152705,-0.416400,-0.298250,0.286373,-0.3023,0.2910
1787921192.159860,-0.418217,-0.298562,0.284069,-0.2884,0.2910
1787921192.166105,-0.419800,-0.299476,0.283589,-0.2872,0.2910
1787921192.172340,-0.421561,-0.300231,0.281853,-0.2925,0.2910
1787921192.179407,-0.423115,-0.301079,0.281195,-0.2781,0.2910
1787921192.189624,-0.424847,-0.301957,0.280622,-0.2507,0.2910
1787921192.193288,-0.426545,-0.302599,0.279363,-0.3235,0.2910
1787921192.199294,-0.428407,-0.303119,0.277852,-0.3231,0.2910
1787921192.207251,-0.429956,-0.303608,0.276407,-0.2874,0.2910
1787921192.212151,-0.431532,-0.304591,0.276309,-0.3104,0.2910
1787921192.219573,-0.433310,-0.305262,0.275075,-0.2938,0.2910
1787921192.226019,-0.435011,-0.305934,0.274318,-0.2904,0.2910
1787921192.235321,-0.436586,-0.306436,0.272943,-0.2565,0.2910
1787921192.239511,-0.438264,-0.306913,0.271202,-0.3045,0.2910
1787921192.245758,-0.439854,-0.307584,0.270614,-0.2953,0.2973
1787921192.252980,-0.441411,-0.308357,0.269516,-0.2776,0.2973
1787921192.259061,-0.443068,-0.308716,0.268402,-0.2778,0.2973
1787921192.265718,-0.444537,-0.309394,0.267912,-0.2664,0.2973
1787921192.272840,-0.446072,-0.310080,0.267055,-0.2565,0.2973
1787921192.279075,-0.447867,-0.310400,0.265750,-0.2669,0.2973
1787921192.286920,-0.449344,-0.310994,0.264474,-0.2473,0.2973
1787921192.292601,-0.450795,-0.311390,0.263273,-0.2525,0.2973
1787921192.300237,-0.452502,-0.311595,0.261617,-0.2436,0.2973
1787921192.308309,-0.454515,-0.312487,0.260706,-0.2514,0.2973
1787921192.312516,-0.456036,-0.313035,0.259664,-0.2908,0.2973
1787921192.321305,-0.457775,-0.313776,0.258610,-0.2674,0.2973
1787921192.325948,-0.459470,-0.314095,0.256617,-0.2984,0.2973
1787921192.332794,-0.461123,-0.314677,0.255936,-0.2854,0.2973
1787921192.339402,-0.462872,-0.315215,0.253981,-0.2828,0.2973
1787921192.346119,-0.464342,-0.315852,0.253416,-0.2686,0.3088
1787921192.352267,-0.466037,-0.315992,0.251437,-0.2698,0.3088
1787921192.359264,-0.467465,-0.317180,0.251690,-0.2609,0.3088
1787921192.366012,-0.469194,-0.317085,0.249409,-0.2560,0.3088
1787921192.372447,-0.470617,-0.317713,0.249005,-0.2508,0.3088
1787921192.379037,-0.472051,-0.318227,0.247667,-0.2446,0.3088
1787921192.385473,-0.473556,-0.318648,0.246568,-0.2440,0.3088
1787921192.393829,-0.475207,-0.319286,0.245779,-0.2339,0.3088
1787921192.401438,-0.476687,-0.319680,0.244591,-0.2241,0.3088
1787921192.407421,-0.478198,-0.320413,0.243843,-0.2392,0.3088
1787921192.412400,-0.479595,-0.320831,0.242428,-0.2553,0.3088
1787921192.418916,-0.481188,-0.321638,0.242233,-0.2588,0.3088
1787921192.425601,-0.482921,-0.322221,0.240884,-0.2629,0.3088
1787921192.432712,-0.484336,-0.323180,0.240784,-0.2517,0.3088
1787921192.439632,-0.486064,-0.323317,0.238829,-0.2504,0.3088
1787921192.446404,-0.487536,-0.324077,0.238203,-0.2465,0.3143
1787921192.452933,-0.489214,-0.324569,0.237187,-0.2528,0.3143
1787921192.461182,-0.490698,-0.324927,0.236151,-0.2325,0.3143
1787921192.466279,-0.492383,-0.325583,0.235246,-0.2682,0.3143
1787921192.472446,-0.493938,-0.326147,0.234307,-0.2677,0.3143
1787921192.479114,-0.495574,-0.326502,0.233170,-0.2627,0.3143
1787921192.486278,-0.497089,-0.326890,0.231725,-0.2494,0.3143
1787921192.494127,-0.498644,-0.327402,0.231086,-0.2369,0.3143
1787921192.499541,-0.500286,-0.327976,0.230375,-0.2617,0.3143
1787921192.506151,-0.501701,-0.328490,0.229438,-0.2510,0.3143
1787921192.513457,-0.503408,-0.329032,0.228555,-0.2490,0.3143
1787921192.519560,-0.504835,-0.329475,0.227473,-0.2475,0.3143
1787921192.526634,-0.506363,-0.330004,0.226654,-0.2415,0.3143
1787921192.532562,-0.507919,-0.330599,0.226008,-0.2526,0.3143
1787921192.541820,-0.509307,-0.331204,0.225417,-0.2250,0.3143
1787921192.547260,-0.510820,-0.331583,0.224268,-0.2435,0.3271
1787921192.553337,-0.512468,-0.332292,0.223871,-0.2575,0.3271
1787921192.558929,-0.514180,-0.332496,0.222287,-0.2723,0.3271
1787921192.565947,-0.515564,-0.333106,0.221570,-0.2540,0.3271
1787921192.572850,-0.517236,-0.333468,0.220728,-0.2522,0.3271
1787921192.579376,-0.518867,-0.333480,0.217553,-0.2498,0.3271
1787921192.585864,-0.520292,-0.334158,0.217363,-0.2460,0.3271
1787921192.592525,-0.521956,-0.334758,0.216387,-0.2512,0.3271
1787921192.599449,-0.523550,-0.334877,0.214991,-0.2444,0.3271
1787921192.606599,-0.525223,-0.335688,0.214339,-0.2469,0.3271
1787921192.612578,-0.526657,-0.335856,0.213133,-0.2450,0.3271
1787921192.619378,-0.528219,-0.336093,0.211999,-0.2410,0.3271
1787921192.628759,-0.529594,-0.336650,0.210963,-0.2155,0.3271
1787921192.633052,-0.531100,-0.337068,0.210316,-0.2599,0.3271
1787921192.638946,-0.532654,-0.337579,0.209581,-0.2646,0.3271
1787921192.646359,-0.534071,-0.338131,0.208931,-0.2460,0.4725
1787921192.652758,-0.535737,-0.338424,0.207886,-0.2514,0.4725
1787921192.662547,-0.537121,-0.339007,0.207248,-0.2212,0.4725
1787921192.667169,-0.538670,-0.339372,0.206777,-0.2581,0.4725
1787921192.672437,-0.540032,-0.340062,0.206504,-0.2647,0.4725
1787921192.679047,-0.541530,-0.340195,0.205429,-0.2531,0.4725
1787921192.686523,-0.543027,-0.340701,0.204991,-0.2401,0.4725
1787921192.693475,-0.544504,-0.341162,0.204337,-0.2345,0.4725
1787921192.699736,-0.546019,-0.341615,0.203681,-0.2396,0.4725
1787921192.708245,-0.547525,-0.341980,0.203093,-0.2224,0.4725
1787921192.712857,-0.548945,-0.342558,0.202366,-0.2537,0.4725
1787921192.719065,-0.550430,-0.342990,0.201545,-0.2521,0.4725
1787921192.725638,-0.551766,-0.343439,0.200350,-0.2403,0.4725
1787921192.732629,-0.553432,-0.343543,0.198336,-0.2392,0.4725
1787921192.739210,-0.554843,-0.344014,0.197647,-0.2347,0.4725
1787921192.746912,-0.556279,-0.344138,0.196226,-0.2201,0.4970
1787921192.752886,-0.557757,-0.344820,0.196665,-0.2335,0.4970
1787921192.759259,-0.559317,-0.345212,0.195941,-0.2391,0.4970
1787921192.765913,-0.560720,-0.345865,0.196770,-0.2352,0.4970
1787921192.773067,-0.562274,-0.346026,0.195675,-0.2299,0.4970
1787921192.779241,-0.563831,-0.346494,0.195669,-0.2395,0.4970
1787921192.785827,-0.565401,-0.346711,0.194125,-0.2398,0.4970
1787921192.792852,-0.566826,-0.346869,0.193251,-0.2288,0.4970
1787921192.799119,-0.568451,-0.347312,0.192426,-0.2406,0.4970
1787921192.805875,-0.569835,-0.348191,0.192697,-0.2362,0.4970
1787921192.812340,-0.571365,-0.348493,0.191470,-0.2377,0.4970
1787921192.820197,-0.572944,-0.348733,0.190651,-0.2273,0.4970
1787921192.826337,-0.574585,-0.349155,0.189369,-0.2418,0.4970
1787921192.833843,-0.575970,-0.349342,0.188234,-0.2250,0.4970
1787921192.839984,-0.577375,-0.349780,0.187509,-0.2289,0.4970
1787921192.846380,-0.578947,-0.349821,0.185716,-0.2331,0.5282
1787921192.852258,-0.580462,-0.349857,0.183947,-0.2395,0.5282
1787921192.859485,-0.581810,-0.350280,0.182858,-0.2258,0.5282
1787921192.865778,-0.583448,-0.350370,0.181295,-0.2357,0.5282
1787921192.874548,-0.584934,-0.351133,0.180761,-0.2197,0.5282
1787921192.879443,-0.586214,-0.351558,0.179789,-0.2356,0.5282
1787921192.885826,-0.587587,-0.352370,0.179858,-0.2353,0.5282
1787921192.892615,-0.589067,-0.352578,0.178561,-0.2307,0.5282
1787921192.899255,-0.590368,-0.353001,0.177411,-0.2227,0.5282
1787921192.905970,-0.591773,-0.353367,0.176033,-0.2206,0.5282
1787921192.914153,-0.593157,-0.353750,0.174993,-0.2068,0.5282
1787921192.919117,-0.594426,-0.353896,0.173357,-0.2218,0.5282
1787921192.926730,-0.595918,-0.354466,0.172474,-0.2170,0.5282
1787921192.937966,-0.597207,-0.354885,0.171705,-0.1878,0.5282
1787921192.939273,-0.598582,-0.355490,0.171215,-0.4662,0.5282
1787921192.946623,-0.599989,-0.355651,0.169542,-0.3840,0.5553
1787921192.953113,-0.601544,-0.355962,0.168185,-0.3421,0.5553
1787921192.959046,-0.602875,-0.356336,0.167240,-0.3090,0.5553
1787921192.966108,-0.604200,-0.356455,0.165172,-0.2726,0.5553
1787921192.972546,-0.605384,-0.357496,0.165703,-0.2533,0.5553
1787921192.979063,-0.607022,-0.357254,0.163303,-0.2499,0.5553
1787921192.986751,-0.608193,-0.358197,0.163415,-0.2260,0.5553
1787921192.993086,-0.609422,-0.358678,0.162583,-0.2193,0.5553
1787921192.999525,-0.610656,-0.359084,0.161725,-0.2133,0.5553
1787921193.008368,-0.612086,-0.359448,0.160431,-0.1992,0.5553
1787921193.012394,-0.613559,-0.359813,0.159193,-0.2521,0.5553
1787921193.019387,-0.614696,-0.360199,0.157807,-0.2272,0.5553
1787921193.026477,-0.616089,-0.360463,0.156077,-0.2190,0.5553
1787921193.032259,-0.617321,-0.360872,0.154732,-0.2197,0.5553
1787921193.039164,-0.618747,-0.361140,0.152898,-0.2168,0.5553
1787921193.046719,-0.619967,-0.361597,0.152414,-0.2024,0.2553
1787921193.054110,-0.621367,-0.362051,0.150932,-0.2006,0.2553
1787921193.059554,-0.622399,-0.362309,0.149720,-0.1988,0.2553
1787921193.065788,-0.623939,-0.362368,0.147853,-0.2129,0.2553
1787921193.072370,-0.625237,-0.362929,0.146491,-0.2113,0.2553
1787921193.079489,-0.626534,-0.363248,0.145194,-0.2039,0.2553
1787921193.085876,-0.627744,-0.363516,0.144056,-0.2008,0.2553
1787921193.092388,-0.629287,-0.363656,0.142007,-0.2119,0.2553
1787921193.099335,-0.630682,-0.363934,0.140694,-0.2096,0.2553
1787921193.105662,-0.631949,-0.364243,0.139727,-0.2083,0.2553
1787921193.112896,-0.633262,-0.364638,0.138827,-0.2020,0.2553
1787921193.118993,-0.634705,-0.364782,0.137312,-0.2127,0.2553
1787921193.127803,-0.636046,-0.365725,0.137408,-0.1985,0.2553
1787921193.133045,-0.637248,-0.365949,0.135760,-0.2088,0.2553
1787921193.144133,-0.638635,-0.366181,0.133962,-0.1842,0.2553
1787921193.145491,-0.639758,-0.366635,0.133300,-0.3882,-0.0447
1787921193.152960,-0.641026,-0.367096,0.132793,-0.3246,-0.0447
1787921193.159580,-0.642277,-0.367741,0.132512,-0.2873,-0.0447
1787921193.168828,-0.643591,-0.367975,0.131525,-0.2444,-0.0447
1787921193.172731,-0.644832,-0.368690,0.130846,-0.2728,-0.0447
1787921193.179772,-0.646244,-0.368797,0.129199,-0.2512,-0.0447
1787921193.185424,-0.647508,-0.368955,0.127746,-0.2435,-0.0447
1787921193.192802,-0.648803,-0.369223,0.125834,-0.2240,-0.0447
1787921193.201124,-0.650252,-0.369220,0.123885,-0.2086,-0.0447
1787921193.205842,-0.651542,-0.369591,0.123064,-0.2304,-0.0447
1787921193.212454,-0.652720,-0.369788,0.121862,-0.2154,-0.0447
1787921193.220251,-0.654004,-0.369986,0.121075,-0.2007,-0.0447
1787921193.225799,-0.655205,-0.370555,0.121248,-0.2087,-0.0447
1787921193.232780,-0.656488,-0.371382,0.121804,-0.2051,-0.0447
1787921193.239568,-0.657786,-0.371484,0.120321,-0.2011,-0.0447
1787921193.246423,-0.659318,-0.371804,0.119403,-0.2090,-0.1770
1787921193.252838,-0.660732,-0.372176,0.119044,-0.2140,-0.1770
1787921193.259403,-0.662299,-0.372096,0.117155,-0.2205,-0.1770
1787921193.265651,-0.663417,-0.372791,0.117134,-0.2116,-0.1770
1787921193.272498,-0.664966,-0.372841,0.115993,-0.2158,-0.1770
1787921193.279218,-0.666346,-0.373246,0.115016,-0.2143,-0.1770
1787921193.285965,-0.667914,-0.373317,0.113109,-0.2197,-0.1770
1787921193.292680,-0.669413,-0.373207,0.111529,-0.2198,-0.1770
1787921193.299479,-0.670861,-0.373567,0.110161,-0.2191,-0.1770
1787921193.306016,-0.672342,-0.373844,0.109000,-0.2223,-0.1770
1787921193.313274,-0.673827,-0.373774,0.107672,-0.2163,-0.1770
1787921193.319537,-0.675454,-0.373877,0.106675,-0.2295,-0.1770
1787921193.325693,-0.676881,-0.374217,0.106251,-0.2315,-0.1770
1787921193.333128,-0.678486,-0.374807,0.106781,-0.2290,-0.1770
1787921193.339293,-0.679982,-0.375212,0.106575,-0.2348,-0.1770
1787921193.346192,-0.681545,-0.375240,0.105734,-0.2321,-0.2260
1787921193.352679,-0.683082,-0.375683,0.105800,-0.2353,-0.2260
1787921193.361567,-0.684723,-0.375672,0.105059,-0.2197,-0.2260
1787921193.365545,-0.686351,-0.375345,0.104011,-0.2734,-0.2260
1787921193.374722,-0.687810,-0.375706,0.103935,-0.2401,-0.2260
1787921193.381009,-0.689468,-0.376131,0.104461,-0.2488,-0.2260
1787921193.386027,-0.690902,-0.376227,0.104319,-0.2601,-0.2260
1787921193.392946,-0.692330,-0.376303,0.105010,-0.2439,-0.2260
1787921193.399045,-0.693990,-0.376533,0.105079,-0.2532,-0.2260
1787921193.405922,-0.695460,-0.376743,0.105579,-0.2419,-0.2260
1787921193.412746,-0.696907,-0.376658,0.105537,-0.2322,-0.2260
1787921193.419308,-0.698315,-0.377082,0.106832,-0.2286,-0.2260
1787921193.425943,-0.699834,-0.377108,0.106747,-0.2284,-0.2260
1787921193.433607,-0.701267,-0.377300,0.108187,-0.2165,-0.2260
1787921193.439229,-0.702701,-0.377352,0.108794,-0.2279,-0.2260
1787921193.448152,-0.704161,-0.378007,0.110499,-0.2108,-0.5260
1787921193.452660,-0.705838,-0.378036,0.111332,-0.2587,-0.5260
1787921193.460115,-0.707250,-0.378360,0.112809,-0.2390,-0.5260
1787921193.466077,-0.708650,-0.378674,0.113710,-0.2391,-0.5260
1787921193.473121,-0.709922,-0.379069,0.115414,-0.2231,-0.5260
1787921193.479048,-0.711512,-0.378940,0.115683,-0.2353,-0.5260
1787921193.485722,-0.713022,-0.379207,0.116893,-0.2336,-0.5260
1787921193.492636,-0.714498,-0.379170,0.116962,-0.2269,-0.5260
1787921193.499414,-0.715903,-0.379621,0.118953,-0.2230,-0.5260
1787921193.505628,-0.717285,-0.379777,0.119927,-0.2232,-0.5260
1787921193.512619,-0.718597,-0.379681,0.120928,-0.2116,-0.5260
1787921193.519235,-0.720199,-0.379427,0.121008,-0.2189,-0.5260
1787921193.527346,-0.721655,-0.379725,0.123119,-0.2080,-0.5260
1787921193.533904,-0.722984,-0.380244,0.125456,-0.2089,-0.5260
1787921193.539204,-0.724352,-0.380433,0.127085,-0.2244,-0.5260
1787921193.545445,-0.725891,-0.380696,0.128702,-0.2321,-0.5260
1787921193.552727,-0.727520,-0.381132,0.130877,-0.2313,-0.7000
1787921193.558939,-0.729011,-0.381383,0.132148,-0.2349,-0.7000
1787921193.566014,-0.730290,-0.381440,0.133435,-0.2185,-0.7000
1787921193.572659,-0.731754,-0.381619,0.134397,-0.2195,-0.7000
1787921193.579414,-0.733436,-0.381709,0.135840,-0.2282,-0.7000
1787921193.585853,-0.734848,-0.382346,0.137915,-0.2290,-0.7000
1787921193.592542,-0.736361,-0.382259,0.138552,-0.2270,-0.7000
1787921193.599694,-0.738060,-0.382286,0.138787,-0.2296,-0.7000
1787921193.606385,-0.739613,-0.382413,0.139470,-0.2305,-0.7000
1787921193.612669,-0.741138,-0.382725,0.140795,-0.2355,-0.7000
1787921193.621454,-0.742721,-0.382577,0.141469,-0.2177,-0.7000
1787921193.625759,-0.744190,-0.382974,0.143410,-0.2576,-0.7000
1787921193.633247,-0.745751,-0.382946,0.144507,-0.2421,-0.7000
1787921193.639661,-0.747154,-0.383387,0.146288,-0.2374,-0.7000
1787921193.646484,-0.748820,-0.384026,0.148718,-0.2428,-0.7000
1787921193.653588,-0.750162,-0.384118,0.150072,-0.2266,-0.7000
1787921193.659140,-0.751930,-0.384164,0.151179,-0.2534,-0.7000
1787921193.668335,-0.753517,-0.384447,0.152596,-0.2300,-0.7000
1787921193.672652,-0.754917,-0.384870,0.154441,-0.2616,-0.7000
1787921193.679426,-0.756247,-0.385032,0.156344,-0.2424,-0.7000
1787921193.685869,-0.757975,-0.384706,0.156742,-0.2468,-0.7000
1787921193.692060,-0.759266,-0.385311,0.159073,-0.2392,-0.7000
1787921193.699893,-0.760639,-0.385303,0.160328,-0.2193,-0.7000
1787921193.705662,-0.762086,-0.385751,0.162696,-0.2315,-0.7000
1787921193.712691,-0.763413,-0.385950,0.164297,-0.2193,-0.7000
1787921193.719192,-0.764732,-0.386263,0.165724,-0.2159,-0.7000
1787921193.726946,-0.766013,-0.386173,0.167307,-0.1995,-0.7000
1787921193.732763,-0.767423,-0.386155,0.168714,-0.2112,-0.7000
1787921193.741807,-0.768777,-0.386015,0.169515,-0.1913,-0.7000
1787921193.745843,-0.769934,-0.386425,0.171658,-0.2238,-0.7000
1787921193.756667,-0.770997,-0.386749,0.173997,-0.1873,0.0000
1787921193.760212,-0.772201,-0.386705,0.175455,-0.2307,0.0000
1787921193.766156,-0.773431,-0.386641,0.176634,-0.2221,0.0000
1787921193.772637,-0.774397,-0.386611,0.178647,-0.1992,0.0000
1787921193.778942,-0.775206,-0.386876,0.180633,-0.1796,0.0000
1787921193.786086,-0.776265,-0.387045,0.182523,-0.1707,0.0000
1787921193.792709,-0.777183,-0.386928,0.183801,-0.1594,0.0000
1787921193.799613,-0.778031,-0.387108,0.185690,-0.1493,0.0000
1787921193.805969,-0.778855,-0.387039,0.187314,-0.1421,0.0000
1787921193.812116,-0.779625,-0.387014,0.188777,-0.1362,0.0000
1787921193.819055,-0.780480,-0.387010,0.189720,-0.1316,0.0000
1787921193.826091,-0.781202,-0.387009,0.190520,-0.1223,0.0000
1787921193.834406,-0.781900,-0.387085,0.191380,-0.1109,0.0000
1787921193.839300,-0.782410,-0.386956,0.191979,-0.1068,0.0000
1787921193.845964,-0.783022,-0.386991,0.192685,-0.1021,0.0000
1787921193.852755,-0.783585,-0.387057,0.193717,-0.0965,0.0000
1787921193.859304,-0.784102,-0.386776,0.193782,-0.0883,0.0000
1787921193.865764,-0.784511,-0.386769,0.194147,-0.0804,0.0000
1787921193.873499,-0.784904,-0.386601,0.194373,-0.0699,0.0000
1787921193.879401,-0.785121,-0.386562,0.195255,-0.0594,0.0000
1787921193.886325,-0.785356,-0.386597,0.196444,-0.0519,0.0000
1787921193.892533,-0.785586,-0.386436,0.196868,-0.0457,0.0000
1787921193.899323,-0.785831,-0.386440,0.198063,-0.0426,0.0000
1787921193.905669,-0.785889,-0.386555,0.199061,-0.0336,0.0000
1787921193.912937,-0.785979,-0.386717,0.200651,-0.0285,0.0000
1787921193.919669,-0.786080,-0.386719,0.201654,-0.0244,0.0000
1787921193.927916,-0.786061,-0.387137,0.203526,-0.0195,0.0000
1787921193.932459,-0.786113,-0.387255,0.204824,-0.0185,0.0000
1787921193.939009,-0.786110,-0.387278,0.205643,-0.0131,0.0000
1787921193.947073,-0.785786,-0.387464,0.207295,0.0012,0.0000
1787921193.953260,-0.785773,-0.387786,0.209093,-0.0018,0.0000
1787921193.962432,-0.785524,-0.387902,0.210247,0.0059,0.0000
1787921193.966371,-0.785324,-0.388139,0.211697,0.0152,0.0000
1787921193.972353,-0.785056,-0.388353,0.213304,0.0215,0.0000
1787921193.979668,-0.784930,-0.388624,0.214628,0.0178,0.0000
1787921193.986015,-0.784852,-0.388643,0.214763,0.0158,0.0000
1787921193.992511,-0.784636,-0.388739,0.214908,0.0199,0.0000
1787921193.999351,-0.784390,-0.388856,0.214691,0.0234,0.0000
1787921194.005852,-0.784378,-0.388637,0.213758,0.0190,0.0000
1787921194.013040,-0.784241,-0.388435,0.212643,0.0207,0.0000
1787921194.020582,-0.784218,-0.388219,0.211591,0.0172,0.0000
1787921194.025820,-0.784070,-0.388227,0.211262,0.0202,0.0000
1787921194.032532,-0.784172,-0.387984,0.210297,0.0119,0.0000
1787921194.039560,-0.783963,-0.387734,0.209449,0.0193,0.0000
1787921194.045952,-0.783955,-0.387808,0.209092,0.0132,0.0000
1787921194.052828,-0.783829,-0.387870,0.209303,0.0141,0.0000
1787921194.064018,-0.783634,-0.387976,0.209596,0.0143,0.0000
1787921194.065473,-0.783734,-0.387901,0.209298,-0.0069,0.0000
1787921194.073147,-0.783553,-0.388245,0.210448,-0.0007,0.0000
1787921194.079339,-0.783627,-0.388211,0.210458,-0.0037,0.0000
1787921194.086457,-0.783618,-0.388245,0.211023,-0.0025,0.0000
1787921194.092618,-0.783536,-0.388366,0.211526,0.0009,0.0000
1787921194.099050,-0.783614,-0.388237,0.211450,-0.0016,0.0000
1787921194.106487,-0.783647,-0.388504,0.211893,-0.0047,0.0000
1787921194.113128,-0.783634,-0.388449,0.211746,-0.0022,0.0000
1787921194.119506,-0.783778,-0.388350,0.211213,-0.0072,0.0000
1787921194.125970,-0.783785,-0.388492,0.211446,-0.0067,0.0000
1787921194.132850,-0.783879,-0.388130,0.210608,-0.0054,0.0000
1787921194.141658,-0.783920,-0.388240,0.210543,-0.0059,0.0000
1787921194.145869,-0.783965,-0.388159,0.210352,-0.0061,0.0000
1787921194.152847,-0.784102,-0.388166,0.210240,-0.0101,0.0000
1787921194.158979,-0.784127,-0.388205,0.210637,-0.0087,0.0000
1787921194.166628,-0.784188,-0.388194,0.210677,-0.0083,0.0000
1787921194.172472,-0.784210,-0.388090,0.210690,-0.0058,0.0000
1787921194.181370,-0.784185,-0.388477,0.211795,-0.0060,0.0000
1787921194.185922,-0.784283,-0.388106,0.211091,-0.0054,0.0000
1787921194.192636,-0.784220,-0.388298,0.211498,-0.0028,0.0000
1787921194.199345,-0.784258,-0.388249,0.211412,-0.0032,0.0000
1787921194.205842,-0.784261,-0.388244,0.211399,-0.0023,0.0000
1787921194.212290,-0.784124,-0.388301,0.211500,0.0040,0.0000
1787921194.219794,-0.784128,-0.388284,0.211369,0.0028,0.0000
1787921194.225820,-0.784132,-0.388222,0.211101,0.0024,0.0000
1787921194.232555,-0.784073,-0.388357,0.211324,0.0030,0.0000
1787921194.240515,-0.784107,-0.388076,0.210666,0.0031,0.0000
1787921194.246314,-0.784044,-0.387954,0.210229,0.0067,0.0000
1787921194.255641,-0.784073,-0.388232,0.210718,0.0019,0.0000
1787921194.260569,-0.784087,-0.388161,0.210590,0.0014,0.0000
1787921194.266987,-0.783931,-0.388160,0.210808,0.0081,0.0000
1787921194.273170,-0.784012,-0.388240,0.210824,0.0010,0.0000
1787921194.279505,-0.783922,-0.388309,0.211232,0.0042,0.0000
1787921194.286040,-0.783839,-0.388437,0.211390,0.0055,0.0000
1787921194.292295,-0.783881,-0.388248,0.210993,0.0037,0.0000
1787921194.299814,-0.783764,-0.388351,0.211640,0.0063,0.0000
1787921194.305883,-0.783927,-0.388162,0.210931,-0.0015,0.0000
1787921194.312876,-0.783847,-0.388394,0.211243,0.0002,0.0000
1787921194.319190,-0.783838,-0.388108,0.210801,0.0034,0.0000
1787921194.326091,-0.783973,-0.388110,0.210818,-0.0034,0.0000
1787921194.332349,-0.783847,-0.388309,0.211040,0.0015,0.0000
1787921194.339577,-0.783974,-0.388083,0.210636,-0.0021,0.0000
1787921194.346487,-0.784003,-0.388147,0.210848,-0.0033,0.0000
1787921194.352463,-0.784002,-0.388243,0.210904,-0.0033,0.0000
1787921194.360157,-0.784100,-0.388201,0.210789,-0.0057,0.0000
1787921194.365785,-0.784039,-0.388098,0.210842,0.0004,0.0000
1787921194.372597,-0.783990,-0.388265,0.210991,0.0008,0.0000
1787921194.379086,-0.784075,-0.388146,0.210861,-0.0021,0.0000
1787921194.385632,-0.784051,-0.388218,0.211062,-0.0011,0.0000
1787921194.392787,-0.783972,-0.388178,0.211117,0.0028,0.0000
1787921194.400919,-0.784066,-0.388201,0.211070,-0.0016,0.0000
1787921194.409123,-0.784060,-0.388151,0.210979,-0.0005,0.0000
1787921194.412319,-0.784054,-0.388218,0.211200,-0.0012,0.0000
1787921194.420309,-0.784034,-0.388204,0.210927,0.0000,0.0000
1787921194.426107,-0.784020,-0.388221,0.211115,0.0005,0.0000
1787921194.432750,-0.784113,-0.388196,0.210903,-0.0035,0.0000
1787921194.440589,-0.784057,-0.388184,0.210774,-0.0002,0.0000
1787921194.446321,-0.783995,-0.388208,0.210847,0.0027,0.0000
1787921194.453099,-0.784008,-0.388283,0.211216,0.0006,0.0000
1787921194.459246,-0.783999,-0.388228,0.210981,0.0014,0.0000
1787921194.466177,-0.783956,-0.387998,0.210901,0.0049,0.0000
1787921194.473305,-0.783921,-0.388111,0.210989,0.0039,0.0000
1787921194.479543,-0.783971,-0.388135,0.210803,0.0001,0.0000
1787921194.487607,-0.783937,-0.388182,0.211048,0.0009,0.0000
1787921194.492393,-0.783983,-0.388037,0.210654,-0.0003,0.0000
1787921194.499238,-0.784000,-0.388377,0.211203,-0.0040,0.0000
1787921194.506012,-0.784045,-0.388189,0.210971,-0.0030,0.0000
1787921194.512504,-0.784015,-0.388126,0.210917,-0.0001,0.0000
1787921194.519328,-0.783989,-0.388303,0.210882,-0.0006,0.0000
1787921194.526178,-0.784001,-0.388235,0.211161,-0.0003,0.0000
1787921194.532619,-0.784120,-0.388225,0.210893,-0.0056,0.0000
1787921194.541878,-0.783988,-0.387982,0.210526,0.0019,0.0000
1787921194.546322,-0.783911,-0.388231,0.211031,0.0029,0.0000
1787921194.552524,-0.784000,-0.388133,0.211058,-0.0012,0.0000
1787921194.560059,-0.783958,-0.388209,0.211121,0.0002,0.0000
1787921194.566391,-0.784028,-0.388005,0.210562,-0.0011,0.0000
1787921194.574299,-0.783991,-0.388062,0.210622,0.0001,0.0000
1787921194.580625,-0.784051,-0.388287,0.211110,-0.0049,0.0000
1787921194.586204,-0.783992,-0.388334,0.211306,-0.0009,0.0000
1787921194.592926,-0.784021,-0.388184,0.210721,-0.0005,0.0000
1787921194.599535,-0.784000,-0.388325,0.211286,-0.0008,0.0000
1787921194.605858,-0.783958,-0.388375,0.211320,0.0009,0.0000
1787921194.613929,-0.784006,-0.388271,0.211193,-0.0003,0.0000
1787921194.625626,-0.784018,-0.388222,0.210781,-0.0002,0.0000
1787921194.626616,-0.783956,-0.388337,0.211032,0.0109,0.0000
1787921194.633307,-0.783977,-0.388139,0.211058,0.0086,0.0000
1787921194.639278,-0.783991,-0.388201,0.210877,0.0047,0.0000
1787921194.646523,-0.783908,-0.388142,0.210739,0.0071,0.0000
1787921194.654823,-0.783969,-0.388095,0.210802,0.0032,0.0000
1787921194.659377,-0.783888,-0.388290,0.211338,0.0047,0.0000
1787921194.665731,-0.783945,-0.388248,0.211147,0.0011,0.0000
1787921194.672614,-0.783897,-0.388255,0.210972,0.0028,0.0000
1787921194.679209,-0.783988,-0.388297,0.211247,-0.0025,0.0000
1787921194.686179,-0.783939,-0.388354,0.211207,-0.0002,0.0000
1787921194.692546,-0.783976,-0.388148,0.210909,0.0002,0.0000
1787921194.698866,-0.783995,-0.388366,0.211190,-0.0029,0.0000
1787921194.706062,-0.784070,-0.388107,0.210924,-0.0029,0.0000
1787921194.712485,-0.783983,-0.388327,0.211215,-0.0001,0.0000
1787921194.719166,-0.783912,-0.388134,0.210877,0.0048,0.0000
1787921194.726212,-0.784026,-0.387896,0.210369,0.0008,0.0000
1787921194.732032,-0.783882,-0.388204,0.210965,0.0044,0.0000
1787921194.739298,-0.783874,-0.388155,0.210893,0.0039,0.0000
1787921194.747212,-0.784056,-0.387879,0.210498,-0.0019,0.0000
1787921194.752667,-0.783895,-0.388380,0.211352,0.0016,0.0000
1787921194.759499,-0.784032,-0.388040,0.210735,-0.0016,0.0000
1787921194.765790,-0.784028,-0.388195,0.210843,-0.0025,0.0000
1787921194.772868,-0.784060,-0.388263,0.211078,-0.0037,0.0000
1787921194.780293,-0.783993,-0.388269,0.211158,0.0000,0.0000
1787921194.785628,-0.784042,-0.388164,0.210761,-0.0014,0.0000
1787921194.794901,-0.784083,-0.388260,0.211124,-0.0030,0.0000
1787921194.799171,-0.784006,-0.388203,0.210903,0.0041,0.0000
1787921194.806305,-0.783981,-0.388367,0.211350,0.0024,0.0000
1787921194.812511,-0.784000,-0.388273,0.211027,0.0018,0.0000
1787921194.819424,-0.783914,-0.388149,0.210972,0.0060,0.0000
1787921194.825537,-0.783906,-0.388270,0.211088,0.0033,0.0000
1787921194.834679,-0.784041,-0.388261,0.211137,-0.0019,0.0000
1787921194.839433,-0.783930,-0.388191,0.210797,0.0064,0.0000
1787921194.845751,-0.783981,-0.388298,0.211006,0.0011,0.0000
1787921194.853059,-0.784015,-0.388237,0.210966,-0.0001,0.0000
1787921194.861486,-0.783959,-0.388335,0.211147,0.0011,0.0000
1787921194.868316,-0.784049,-0.388110,0.210746,-0.0010,0.0000
1787921194.872942,-0.784031,-0.388151,0.210801,-0.0001,0.0000
1787921194.881513,-0.784070,-0.388322,0.211014,-0.0027,0.0000
1787921194.886487,-0.783952,-0.388243,0.211089,0.0061,0.0000
1787921194.892387,-0.784021,-0.388092,0.210741,0.0024,0.0000
1787921194.899171,-0.783976,-0.388154,0.210895,0.0031,0.0000
1787921194.906062,-0.784000,-0.388219,0.211052,0.0005,0.0000
1787921194.912092,-0.783990,-0.388150,0.210910,0.0016,0.0000
1787921194.919579,-0.783949,-0.388424,0.211442,0.0004,0.0000
1787921194.926185,-0.783981,-0.388370,0.211320,-0.0006,0.0000
1787921194.932314,-0.783996,-0.388271,0.211127,-0.0002,0.0000
1787921194.939224,-0.784016,-0.388143,0.210820,0.0002,0.0000
1787921194.945892,-0.783964,-0.388325,0.211052,0.0007,0.0000
