timestamp,x,y,yaw,velocity,steering
1787924874.164755,1.001032,-2.694013,1.568743,0.0000,0.0000
1787924874.170534,1.000983,-2.694025,1.568835,-0.0006,0.0000
1787924874.178080,1.001007,-2.694059,1.568869,-0.0018,0.0000
1787924874.183279,1.001033,-2.694031,1.568583,0.0004,0.0000
1787924874.192538,1.001111,-2.693991,1.568911,0.0016,0.0000
1787924874.198266,1.001012,-2.694062,1.568871,-0.0026,0.0000
1787924874.203620,1.000924,-2.694066,1.568699,-0.0021,0.0000
1787924874.210390,1.001160,-2.694053,1.569202,-0.0009,0.0000
1787924874.218193,1.001204,-2.693930,1.568858,0.0041,0.0000
1787924874.223550,1.001060,-2.694094,1.568886,-0.0063,0.0000
1787924874.230426,1.001091,-2.694010,1.568885,-0.0007,0.0000
1787924874.237852,1.001005,-2.693998,1.568901,-0.0001,0.0000
1787924874.244218,1.000953,-2.693968,1.568695,0.0014,0.0000
1787924874.250127,1.000810,-2.694005,1.568730,-0.0009,0.0000
1787924874.256196,1.000998,-2.693968,1.568788,0.0012,0.0000
1787924874.263626,1.001165,-2.694105,1.568931,-0.0047,0.0000
1787924874.270548,1.000852,-2.694108,1.568600,-0.0034,0.0000
1787924874.281226,1.001007,-2.694070,1.568878,-0.0013,0.0000
1787924874.285571,1.000968,-2.693948,1.568519,0.0075,0.0000
1787924874.291330,1.001035,-2.694007,1.568536,0.0022,0.0000
1787924874.296180,1.000971,-2.693923,1.568938,0.0067,0.0000
1787924874.307151,1.000971,-2.694062,1.568540,0.0009,0.0000
1787924874.311684,1.000926,-2.694138,1.568904,-0.0044,0.0000
1787924874.317552,1.001081,-2.694191,1.568965,-0.0058,0.0000
1787924874.323383,1.000960,-2.693995,1.568559,0.0060,0.0000
1787924874.329835,1.001070,-2.693959,1.569041,0.0059,0.0000
1787924874.338790,1.001067,-2.694001,1.568902,0.0027,0.0000
1787924874.343685,1.001098,-2.694046,1.569228,-0.0009,0.0000
1787924874.350909,1.001227,-2.694002,1.568982,0.0012,0.0000
1787924874.357140,1.001144,-2.694105,1.569326,-0.0041,0.0000
1787924874.362838,1.001001,-2.693961,1.568814,0.0047,0.0000
1787924874.370764,1.000918,-2.693980,1.568754,0.0026,0.0000
1787924874.376744,1.000966,-2.693962,1.568654,0.0027,0.0000
1787924874.383820,1.000934,-2.693877,1.568710,0.0055,0.0000
1787924874.390610,1.001037,-2.693960,1.568752,0.0002,0.0000
1787924874.397916,1.001143,-2.694060,1.569135,-0.0040,0.0000
1787924874.407337,1.001062,-2.694041,1.569060,-0.0022,0.0000
1787924874.413161,1.001165,-2.694045,1.568914,-0.0017,0.0000
1787924874.419228,1.001023,-2.694166,1.568752,-0.0072,0.0000
1787924874.424191,1.001195,-2.694039,1.569018,0.0026,0.0000
1787924874.431453,1.000957,-2.693993,1.568495,0.0037,0.0000
1787924874.436194,1.001090,-2.694028,1.569009,0.0004,0.0000
1787924874.444029,1.001125,-2.694009,1.568910,0.0010,0.0000
1787924874.449893,1.000917,-2.693967,1.568608,0.0028,0.0000
1787924874.457804,1.001069,-2.693879,1.568696,0.0053,0.0000
1787924874.464569,1.000994,-2.694030,1.568845,-0.0030,0.0000
1787924874.471664,1.001052,-2.694068,1.568823,-0.0037,0.0000
1787924874.476894,1.000978,-2.694095,1.568744,-0.0041,0.0000
1787924874.483405,1.001061,-2.693976,1.568897,0.0026,0.0000
1787924874.490158,1.001032,-2.694027,1.568708,-0.0005,0.0000
1787924874.499378,1.001064,-2.693998,1.568808,0.0006,0.0000
1787924874.509518,1.001030,-2.693961,1.569051,0.0015,0.0000
1787924874.511144,1.000970,-2.694033,1.568833,-0.0122,0.0000
1787924874.519270,1.001203,-2.694035,1.569043,-0.0086,0.0000
1787924874.524132,1.001202,-2.693973,1.568864,-0.0022,0.0000
1787924874.529954,1.001125,-2.694086,1.568948,-0.0074,0.0000
1787924874.537246,1.001028,-2.693963,1.568848,-0.0001,0.0000
1787924874.540276,1.001276,-2.694044,1.569177,-0.0081,0.0000
1787924874.550170,1.001040,-2.694092,1.568967,-0.0071,0.0000
1787924874.556558,1.001262,-2.693949,1.568574,0.0017,0.0000
1787924874.563797,1.000909,-2.693970,1.568751,0.0003,0.0000
1787924874.570859,1.000903,-2.693969,1.568624,0.0003,0.0000
1787924874.577718,1.000828,-2.694010,1.568668,-0.0016,0.0000
1787924874.584002,1.000863,-2.693948,1.568418,0.0019,0.0000
1787924874.590281,1.000808,-2.694015,1.568385,-0.0019,0.0000
1787924874.598449,1.001114,-2.694102,1.569046,-0.0045,0.0000
1787924874.603285,1.000958,-2.694094,1.568498,-0.0027,0.0000
1787924874.614127,1.001139,-2.694066,1.568931,-0.0011,0.0000
1787924874.616924,1.000958,-2.693998,1.568794,0.0065,0.0000
1787924874.623587,1.001133,-2.694063,1.569122,0.0016,0.0000
1787924874.630454,1.001202,-2.694135,1.568933,-0.0020,0.0000
1787924874.641315,1.000927,-2.693941,1.568696,0.0040,0.0000
1787924874.645708,1.001068,-2.694074,1.568866,-0.0063,0.0000
1787924874.650753,1.000806,-2.693930,1.568454,0.0041,0.0000
1787924874.655781,1.001027,-2.693922,1.568542,0.0034,0.0000
1787924874.662534,1.000929,-2.693979,1.568590,-0.0002,0.0000
1787924874.670173,1.001032,-2.694088,1.568857,-0.0044,0.0000
1787924874.677773,1.000977,-2.694020,1.569101,-0.0004,0.0000
1787924874.684093,1.001120,-2.694044,1.568851,-0.0014,0.0000
1787924874.690490,1.000929,-2.694092,1.568679,-0.0032,0.0000
1787924874.697739,1.000915,-2.693979,1.568599,0.0024,0.0000
1787924874.706108,1.001116,-2.693981,1.568672,0.0016,0.0000
1787924874.707013,1.001059,-2.694003,1.568774,-0.0063,0.0000
1787924874.717239,1.001117,-2.694069,1.569011,-0.0063,0.0000
1787924874.722678,1.001137,-2.694059,1.568944,-0.0039,0.0000
1787924874.733349,1.000985,-2.694037,1.568709,-0.0021,0.0000
1787924874.738407,1.001116,-2.694059,1.569045,-0.0027,0.0000
1787924874.745196,1.000979,-2.694098,1.568675,-0.0037,0.0000
1787924874.755546,1.001053,-2.694021,1.568806,-0.0003,0.0000
1787924874.758787,1.000943,-2.693957,1.568345,0.0057,0.0000
1787924874.765273,1.001114,-2.694031,1.569265,0.0006,0.0000
1787924874.770580,1.000864,-2.694009,1.568635,0.0016,0.0000
1787924874.776851,1.001184,-2.694018,1.569006,0.0007,0.0000
1787924874.783631,1.000951,-2.694035,1.568894,-0.0003,0.0000
1787924874.789970,1.000967,-2.693973,1.568797,0.0028,0.0000
1787924874.797862,1.000949,-2.694127,1.568428,-0.0039,0.0000
1787924874.804013,1.001054,-2.694003,1.568781,0.0033,0.0000
1787924874.812534,1.001263,-2.693962,1.569139,0.0038,0.0000
1787924874.816801,1.000922,-2.693907,1.568679,0.0064,0.0000
1787924874.824795,1.001249,-2.694081,1.569130,-0.0020,0.0000
1787924874.830605,1.000909,-2.694097,1.568724,-0.0022,0.0000
1787924874.837112,1.001029,-2.694032,1.568869,0.0014,0.0000
1787924874.844688,1.000995,-2.694088,1.568904,-0.0012,0.0000
1787924874.850585,1.001073,-2.693979,1.568685,0.0047,0.0000
1787924874.856596,1.000937,-2.694042,1.568731,0.0001,0.0000
1787924874.862876,1.001188,-2.694038,1.569074,0.0003,0.0000
1787924874.870102,1.001037,-2.694021,1.568756,0.0009,0.0000
1787924874.877948,1.001051,-2.694002,1.568935,0.0014,0.0000
1787924874.883290,1.001045,-2.694004,1.568908,0.0008,0.0000
1787924874.890839,1.000921,-2.693988,1.568488,0.0012,0.0000
1787924874.896447,1.000992,-2.693921,1.568775,0.0044,0.0000
1787924874.904855,1.000985,-2.694040,1.568786,-0.0011,0.0000
1787924874.911698,1.000996,-2.693976,1.568685,0.0020,0.0000
1787924874.913349,1.001026,-2.694074,1.568873,-0.0164,0.0000
1787924874.924250,1.001127,-2.694146,1.569212,-0.0134,0.0000
1787924874.929370,1.001076,-2.693958,1.568837,0.0016,0.0000
1787924874.939304,1.000925,-2.693978,1.568562,0.0005,0.0000
1787924874.943887,1.000985,-2.693947,1.568674,0.0024,0.0000
1787924874.950823,1.000989,-2.693934,1.568638,0.0022,0.0000
1787924874.957537,1.000956,-2.693963,1.568757,0.0003,0.0000
1787924874.962485,1.001091,-2.694019,1.568728,-0.0032,0.0000
1787924874.970683,1.001113,-2.694136,1.568900,-0.0065,0.0000
1787924874.977208,1.001006,-2.694003,1.568850,0.0016,0.0000
1787924874.983909,1.001074,-2.694072,1.568971,-0.0020,0.0000
1787924874.989669,1.000876,-2.693969,1.568429,0.0040,0.0000
1787924874.996625,1.001197,-2.694113,1.568937,-0.0034,0.0000
1787924875.005967,1.001127,-2.694116,1.568842,-0.0025,0.0000
1787924875.012711,1.001021,-2.694091,1.568832,-0.0006,0.0000
1787924875.016343,1.001102,-2.694002,1.568999,0.0069,0.0000
1787924875.024070,1.001142,-2.693993,1.568930,0.0052,0.0000
1787924875.030525,1.001037,-2.693985,1.568684,0.0040,0.0000
1787924875.038579,1.001023,-2.693993,1.568769,0.0025,0.0000
1787924875.044650,1.001019,-2.693988,1.568885,0.0020,0.0000
1787924875.051893,1.001043,-2.694020,1.568683,0.0001,0.0000
1787924875.056745,1.001123,-2.693981,1.568832,0.0025,0.0000
1787924875.064150,1.000879,-2.694022,1.568516,0.0000,0.0000
1787924875.070046,1.000992,-2.694044,1.568827,-0.0010,0.0000
1787924875.076790,1.000935,-2.693960,1.568697,0.0030,0.0000
1787924875.084460,1.001031,-2.694119,1.568950,-0.0041,0.0000
1787924875.090452,1.000912,-2.694000,1.568743,0.0030,0.0000
1787924875.097695,1.001147,-2.693998,1.568826,0.0022,0.0000
1787924875.109926,1.001051,-2.694104,1.568850,-0.0010,0.0000
1787924875.113636,1.001169,-2.694045,1.568933,0.0040,0.0000
1787924875.118171,1.000999,-2.694085,1.568630,0.0001,0.0000
1787924875.124464,1.001016,-2.694049,1.568768,0.0019,0.0000
1787924875.131981,1.001204,-2.694037,1.569107,0.0018,0.0000
1787924875.138547,1.000928,-2.693985,1.568853,0.0036,0.0000
1787924875.144801,1.001053,-2.693980,1.568609,0.0028,0.0000
1787924875.146886,1.001069,-2.694009,1.568749,-0.0022,0.0000
1787924875.158606,1.001163,-2.694090,1.569043,-0.0036,0.0000
1787924875.164989,1.001071,-2.694006,1.569165,0.0014,0.0000
1787924875.167019,1.001182,-2.694092,1.568920,-0.0117,0.0000
1787924875.175629,1.000988,-2.693881,1.568649,-0.0009,0.0000
1787924875.182253,1.001058,-2.694070,1.568889,-0.0092,0.0000
1787924875.190597,1.001086,-2.693861,1.568951,0.0011,0.0000
1787924875.196266,1.000965,-2.694001,1.568872,-0.0067,0.0000
1787924875.203828,1.001357,-2.694250,1.569307,-0.0145,0.0000
1787924875.210502,1.001124,-2.694154,1.568711,-0.0059,0.0000
1787924875.218278,1.001120,-2.694089,1.568980,-0.0016,0.0000
1787924875.226667,1.001021,-2.693999,1.568826,0.0021,0.0000
1787924875.230968,1.001120,-2.694082,1.568822,-0.0043,0.0000
1787924875.237875,1.001012,-2.694050,1.568883,-0.0016,0.0000
1787924875.245408,1.001211,-2.693941,1.569096,0.0032,0.0000
1787924875.250736,1.000812,-2.694035,1.568547,-0.0031,0.0000
1787924875.256873,1.001080,-2.693947,1.569131,0.0021,0.0000
1787924875.260358,1.000924,-2.693944,1.568495,0.0017,0.0000
1787924875.269409,1.000859,-2.693965,1.568449,0.0005,0.0000
1787924875.277380,1.000918,-2.693948,1.568640,0.0010,0.0000
1787924875.283228,1.000975,-2.693971,1.568636,-0.0005,0.0000
1787924875.290451,1.001133,-2.694086,1.569132,-0.0051,0.0000
1787924875.298047,1.001069,-2.694045,1.568908,-0.0020,0.0000
1787924875.303666,1.001096,-2.694066,1.569023,-0.0025,0.0000
1787924875.309182,1.001144,-2.694050,1.568735,-0.0009,0.0000
1787924875.318257,1.001035,-2.694126,1.568802,-0.0031,0.0000
1787924875.324251,1.001215,-2.694068,1.569309,0.0007,0.0000
1787924875.330450,1.000829,-2.693911,1.568345,0.0081,0.0000
1787924875.336699,1.001009,-2.693993,1.568846,0.0017,0.0107
1787924875.344193,1.000960,-2.694065,1.568971,-0.0017,0.0107
1787924875.352482,1.001222,-2.694062,1.569188,-0.0011,0.0107
1787924875.356803,1.001110,-2.694057,1.568879,-0.0004,0.0107
1787924875.366907,1.000935,-2.694063,1.568576,-0.0005,0.0107
1787924875.370909,1.001044,-2.694047,1.568834,0.0009,0.0107
1787924875.376868,1.001178,-2.693938,1.569080,0.0061,0.0107
1787924875.383967,1.000834,-2.694015,1.568669,0.0010,0.0107
1787924875.390288,1.001271,-2.694061,1.569026,-0.0014,0.0107
1787924875.396084,1.001131,-2.694010,1.569231,0.0016,0.0107
1787924875.403721,1.001209,-2.694126,1.568842,-0.0034,0.0107
1787924875.411301,1.001197,-2.694126,1.569030,-0.0024,0.0107
1787924875.417626,1.001239,-2.694193,1.569135,-0.0048,0.0107
1787924875.424676,1.001177,-2.694014,1.568896,0.0042,0.0107
1787924875.431916,1.001026,-2.693951,1.568547,0.0055,0.0107
1787924875.436449,1.001107,-2.694034,1.568543,-0.0016,0.0111
1787924875.445577,1.001166,-2.694097,1.568923,-0.0032,0.0111
1787924875.451390,1.001019,-2.694099,1.568573,-0.0023,0.0111
1787924875.459507,1.000889,-2.694006,1.568650,0.0018,0.0111
1787924875.465663,1.000928,-2.693983,1.568723,0.0024,0.0111
1787924875.474010,1.001021,-2.693998,1.568561,0.0011,0.0111
1787924875.476972,1.001138,-2.694085,1.569027,-0.0080,0.0111
1787924875.483196,1.001104,-2.694127,1.568414,-0.0076,0.0111
1787924875.490702,1.001134,-2.694002,1.568867,-0.0003,0.0111
1787924875.498136,1.001040,-2.694044,1.568699,-0.0019,0.0111
1787924875.505972,1.001015,-2.694034,1.568444,-0.0010,0.0111
1787924875.509780,1.000903,-2.694048,1.568484,-0.0018,0.0111
1787924875.516822,1.001169,-2.694103,1.568952,-0.0035,0.0111
1787924875.524524,1.000949,-2.694099,1.568568,-0.0024,0.0111
1787924875.533188,1.000933,-2.693986,1.568404,0.0023,0.0108
1787924875.538322,1.000964,-2.694044,1.568337,-0.0018,0.0108
1787924875.545837,1.000836,-2.693944,1.568679,0.0027,0.0108
1787924875.551004,1.000828,-2.693909,1.568226,0.0039,0.0108
1787924875.558834,1.000859,-2.693915,1.568410,0.0025,0.0108
1787924875.564756,1.000930,-2.694030,1.568357,-0.0040,0.0108
1787924875.573954,1.000879,-2.694090,1.568636,-0.0048,0.0108
1787924875.576846,1.001116,-2.694087,1.568769,-0.0030,0.0108
1787924875.585307,1.001031,-2.693998,1.568641,0.0010,0.0108
1787924875.590028,1.001210,-2.694042,1.568915,-0.0020,0.0108
1787924875.597727,1.001161,-2.694121,1.569029,-0.0045,0.0108
1787924875.604228,1.001000,-2.694068,1.568303,-0.0007,0.0108
1787924875.610129,1.001391,-2.694066,1.568918,-0.0004,0.0108
1787924875.620005,1.001124,-2.693919,1.568388,0.0042,0.0108
1787924875.625607,1.001011,-2.694062,1.568399,-0.0048,0.0108
1787924875.629943,1.000953,-2.694032,1.568561,-0.0012,0.0108
1787924875.637808,1.001169,-2.694066,1.568560,-0.0022,0.0108
1787924875.645527,1.000925,-2.694048,1.568320,-0.0008,0.0108
1787924875.650139,1.001043,-2.693953,1.568273,0.0056,0.0108
1787924875.656904,1.000930,-2.693968,1.568404,0.0033,0.0108
1787924875.664572,1.000826,-2.694010,1.568333,0.0006,0.0108
1787924875.670936,1.000856,-2.693995,1.568119,0.0011,0.0108
1787924875.677616,1.000953,-2.693990,1.568119,0.0010,0.0108
1787924875.683483,1.000977,-2.693902,1.567868,0.0052,0.0108
1787924875.690499,1.000988,-2.693876,1.568289,0.0048,0.0108
1787924875.698024,1.001155,-2.693834,1.568121,0.0050,0.0108
1787924875.704296,1.001172,-2.693633,1.568604,0.0131,0.0108
1787924875.711698,1.001404,-2.693592,1.568875,0.0109,0.0108
1787924875.716803,1.001596,-2.693544,1.569693,0.0104,0.0108
1787924875.723247,1.001471,-2.693398,1.569147,0.0141,0.0108
1787924875.731291,1.001514,-2.693222,1.569439,0.0164,0.0108
1787924875.741560,1.001512,-2.692869,1.569371,0.0218,0.0120
1787924875.744607,1.001503,-2.692592,1.568934,0.0425,0.0120
1787924875.750674,1.001672,-2.692212,1.568965,0.0486,0.0120
1787924875.756992,1.001456,-2.691984,1.568449,0.0448,0.0120
1787924875.764792,1.001711,-2.691566,1.568124,0.0475,0.0120
1787924875.771773,1.002053,-2.691226,1.567918,0.0479,0.0120
1787924875.772968,1.001765,-2.690615,1.566600,0.1866,0.0120
1787924875.782748,1.001519,-2.689915,1.565277,0.1521,0.0120
1787924875.790049,1.001288,-2.689131,1.564489,0.1386,0.0120
1787924875.799124,1.001121,-2.688582,1.564001,0.1151,0.0120
1787924875.803930,1.001256,-2.687967,1.563788,0.1190,0.0120
1787924875.810911,1.001137,-2.686920,1.562492,0.1282,0.0120
1787924875.817610,1.001085,-2.685897,1.562062,0.1356,0.0120
1787924875.825485,1.000802,-2.684811,1.561709,0.1362,0.0120
1787924875.834982,1.001169,-2.684053,1.562351,0.1194,0.0261
1787924875.841627,1.000750,-2.682986,1.561691,0.1316,0.0261
1787924875.842955,1.000576,-2.681880,1.561637,0.3415,0.0261
1787924875.850263,1.000745,-2.680777,1.562462,0.2844,0.0261
1787924875.856636,1.000817,-2.679596,1.562335,0.2547,0.0261
1787924875.866149,1.000994,-2.678602,1.562924,0.2097,0.0261
1787924875.870862,1.001034,-2.677574,1.562757,0.2122,0.0261
1787924875.876952,1.000957,-2.676455,1.562505,0.2036,0.0261
1787924875.883460,1.000838,-2.675336,1.562617,0.1941,0.0261
1787924875.891768,1.000857,-2.674187,1.562592,0.1774,0.0261
1787924875.897166,1.000740,-2.673391,1.562305,0.1683,0.0261
1787924875.903074,1.000726,-2.672065,1.561264,0.1852,0.0261
1787924875.909528,1.000941,-2.670958,1.561831,0.1811,0.0261
1787924875.916895,1.000586,-2.669814,1.561670,0.1733,0.0261
1787924875.923481,1.000206,-2.668736,1.560738,0.1702,0.0261
1787924875.932791,1.000078,-2.667645,1.560342,0.1543,0.0248
1787924875.938112,1.000595,-2.666457,1.560602,0.1753,0.0248
1787924875.944725,1.000241,-2.665116,1.559852,0.1833,0.0248
1787924875.952006,0.999850,-2.664006,1.559425,0.1739,0.0248
1787924875.958624,0.999766,-2.662983,1.559168,0.1680,0.0248
1787924875.964078,1.000097,-2.661650,1.559728,0.1912,0.0248
1787924875.970142,1.000424,-2.660300,1.560004,0.2008,0.0248
1787924875.975559,1.000123,-2.658862,1.559011,0.2200,0.0248
1787924875.983655,1.000048,-2.657437,1.559026,0.2067,0.0248
1787924875.995005,1.000419,-2.656060,1.560410,0.1812,0.0248
1787924876.000060,1.000427,-2.655077,1.560062,0.1852,0.0248
1787924876.003957,0.999998,-2.653350,1.558906,0.2622,0.0248
1787924876.007752,1.000388,-2.651983,1.560086,0.2919,0.0248
1787924876.021906,1.000365,-2.650580,1.560415,0.2340,0.0248
1787924876.025424,0.999538,-2.648986,1.557964,0.2989,0.0248
1787924876.038503,0.999806,-2.647448,1.558490,0.2446,0.0262
1787924876.040271,1.000628,-2.645990,1.559920,0.4202,0.0262
1787924876.045739,0.999987,-2.644669,1.558870,0.3662,0.0262
1787924876.052852,0.999759,-2.643198,1.558386,0.3183,0.0262
1787924876.058940,1.000499,-2.641457,1.559419,0.3089,0.0262
1787924876.064697,1.000034,-2.639886,1.557823,0.2978,0.0262
1787924876.070874,0.999420,-2.638660,1.557126,0.2676,0.0262
1787924876.077263,1.000032,-2.637010,1.558131,0.2651,0.0262
1787924876.083372,1.000174,-2.635344,1.557768,0.2675,0.0262
1787924876.089870,0.999680,-2.633776,1.556926,0.2593,0.0262
1787924876.097045,0.999929,-2.632491,1.557991,0.2354,0.0262
1787924876.106151,1.000130,-2.630771,1.557977,0.2215,0.0262
1787924876.110128,0.999847,-2.629194,1.556988,0.2738,0.0262
1787924876.116503,0.999865,-2.627568,1.556993,0.2681,0.0262
1787924876.123581,1.000066,-2.625963,1.557832,0.2558,0.0262
1787924876.132116,0.999870,-2.624360,1.557123,0.2353,0.0262
1787924876.140733,0.999897,-2.622684,1.557051,0.2231,0.0279
1787924876.148335,1.000209,-2.621138,1.558159,0.2173,0.0279
1787924876.150334,0.999903,-2.619395,1.557382,0.4132,0.0279
1787924876.158146,0.999847,-2.617632,1.556866,0.3569,0.0279
1787924876.163504,1.000192,-2.615757,1.556751,0.3550,0.0279
1787924876.172361,1.000089,-2.614302,1.557448,0.2977,0.0279
1787924876.180475,1.000121,-2.612451,1.557517,0.2769,0.0279
1787924876.185394,1.000533,-2.610667,1.557765,0.3029,0.0279
1787924876.190163,1.000838,-2.609008,1.558651,0.3166,0.0279
1787924876.198320,1.000428,-2.607218,1.557801,0.2873,0.0279
1787924876.205115,1.001214,-2.605492,1.558934,0.2777,0.0279
1787924876.210835,1.000807,-2.603611,1.558598,0.2928,0.0279
1787924876.216756,1.000672,-2.601839,1.558637,0.2947,0.0279
1787924876.224458,1.000604,-2.599715,1.557962,0.2889,0.0279
1787924876.234118,1.000421,-2.597512,1.557498,0.2706,0.0288
1787924876.241132,1.000507,-2.595978,1.557297,0.2551,0.0288
1787924876.245058,1.000739,-2.594194,1.557512,0.3150,0.0288
1787924876.253616,1.001195,-2.592190,1.558230,0.2910,0.0288
1787924876.257545,1.000606,-2.590420,1.557405,0.3382,0.0288
1787924876.264761,1.000817,-2.588332,1.557302,0.3237,0.0288
1787924876.270557,1.001079,-2.586252,1.557467,0.3344,0.0288
1787924876.277723,1.001031,-2.584567,1.557562,0.3046,0.0288
1787924876.284545,1.001117,-2.582557,1.557203,0.3017,0.0288
1787924876.290042,1.001467,-2.580532,1.557647,0.3219,0.0288
1787924876.295289,1.000889,-2.578746,1.556821,0.3270,0.0288
1787924876.303897,1.001175,-2.576776,1.556939,0.2977,0.0288
1787924876.309965,1.001330,-2.574608,1.556829,0.3157,0.0288
1787924876.317132,1.000512,-2.572781,1.555609,0.2969,0.0288
1787924876.325591,1.001256,-2.570380,1.555836,0.2934,0.0288
1787924876.333036,1.000736,-2.568599,1.554297,0.2768,0.0350
1787924876.337433,1.000741,-2.566512,1.553787,0.3361,0.0350
1787924876.343660,1.001521,-2.564444,1.555436,0.3355,0.0350
1787924876.353221,1.000836,-2.562666,1.554012,0.2903,0.0350
1787924876.358085,1.001099,-2.560351,1.554093,0.3462,0.0350
1787924876.364243,1.001463,-2.558239,1.553460,0.3455,0.0350
1787924876.370303,1.001067,-2.556612,1.553430,0.3221,0.0350
1787924876.378771,1.001423,-2.554342,1.553924,0.3060,0.0350
1787924876.383530,1.000992,-2.552127,1.552106,0.3534,0.0350
1787924876.389764,1.001176,-2.550168,1.553186,0.3418,0.0350
1787924876.398384,1.001514,-2.547939,1.553071,0.3170,0.0350
1787924876.405749,1.000805,-2.546147,1.551837,0.2943,0.0350
1787924876.411707,1.001490,-2.543896,1.553209,0.3199,0.0350
1787924876.417791,1.000802,-2.541882,1.551493,0.3226,0.0350
1787924876.423980,1.001126,-2.539705,1.552239,0.3316,0.0350
1787924876.431181,1.001051,-2.537746,1.551894,0.3137,0.0350
1787924876.438675,1.001006,-2.535555,1.551248,0.3072,0.0405
1787924876.445275,1.001481,-2.533417,1.552295,0.3126,0.0405
1787924876.451227,1.001194,-2.531490,1.551634,0.3156,0.0405
1787924876.458595,1.001263,-2.529097,1.550664,0.3184,0.0405
1787924876.463876,1.001290,-2.526857,1.551082,0.3502,0.0405
1787924876.469578,1.000950,-2.524860,1.549920,0.3498,0.0405
1787924876.478989,1.001298,-2.522582,1.550229,0.3177,0.0405
1787924876.483551,1.001250,-2.520766,1.550306,0.3417,0.0405
1787924876.491242,1.001338,-2.518614,1.550006,0.3232,0.0405
1787924876.497798,1.001557,-2.516386,1.550151,0.3284,0.0405
1787924876.506607,1.001152,-2.514325,1.549813,0.2997,0.0405
1787924876.511284,1.001915,-2.512108,1.550803,0.3530,0.0405
1787924876.517840,1.001494,-2.509727,1.549433,0.3556,0.0405
1787924876.524600,1.001637,-2.507548,1.549381,0.3457,0.0405
1787924876.531039,1.001252,-2.505390,1.547992,0.3421,0.0405
1787924876.537971,1.001396,-2.503161,1.548174,0.3361,0.0484
1787924876.547576,1.001160,-2.500969,1.547118,0.3035,0.0484
1787924876.550573,1.001568,-2.498575,1.547020,0.4530,0.0484
1787924876.557413,1.001181,-2.496594,1.546567,0.4035,0.0484
1787924876.563995,1.001578,-2.494349,1.546677,0.3852,0.0484
1787924876.570812,1.001691,-2.492208,1.546761,0.3640,0.0484
1787924876.577598,1.001542,-2.490208,1.546688,0.3430,0.0484
1787924876.583546,1.002050,-2.488007,1.546896,0.3517,0.0484
1787924876.590281,1.001717,-2.485642,1.546469,0.3512,0.0484
1787924876.596946,1.001859,-2.483448,1.546188,0.3447,0.0484
1787924876.604102,1.002435,-2.481092,1.546715,0.3406,0.0484
1787924876.611188,1.001389,-2.479067,1.545526,0.3230,0.0484
1787924876.617563,1.002645,-2.476700,1.546960,0.3389,0.0484
1787924876.623648,1.002116,-2.474438,1.545939,0.3481,0.0484
1787924876.629187,1.002208,-2.472254,1.546072,0.3620,0.0484
1787924876.638576,1.002336,-2.469997,1.545580,0.3256,0.0572
1787924876.645529,1.002038,-2.467896,1.545327,0.3182,0.0572
1787924876.652762,1.002659,-2.465583,1.546199,0.3193,0.0572
1787924876.655967,1.002062,-2.463099,1.544420,0.4544,0.0572
1787924876.664490,1.002420,-2.460995,1.545289,0.3925,0.0572
1787924876.670654,1.003129,-2.458805,1.546116,0.3821,0.0572
1787924876.676748,1.002458,-2.456529,1.544973,0.3786,0.0572
1787924876.684308,1.003312,-2.454091,1.545998,0.3626,0.0572
1787924876.689732,1.002782,-2.451733,1.544420,0.3834,0.0572
1787924876.698130,1.003191,-2.449508,1.545615,0.3482,0.0572
1787924876.703489,1.003297,-2.447286,1.545071,0.3682,0.0572
1787924876.710836,1.002774,-2.444870,1.543956,0.3558,0.0572
1787924876.718649,1.003475,-2.442897,1.545230,0.3255,0.0572
1787924876.724011,1.002950,-2.440280,1.543722,0.3735,0.0572
1787924876.733201,1.003524,-2.438299,1.545296,0.3265,0.0629
1787924876.737076,1.003124,-2.435651,1.543063,0.4326,0.0629
1787924876.746348,1.003202,-2.433493,1.543074,0.3727,0.0629
1787924876.752653,1.003200,-2.431204,1.543138,0.3698,0.0629
1787924876.757513,1.003190,-2.428849,1.542485,0.4041,0.0629
1787924876.765197,1.003604,-2.426794,1.544045,0.3635,0.0629
1787924876.771695,1.003536,-2.424309,1.542565,0.3691,0.0629
1787924876.776149,1.003847,-2.422174,1.544452,0.4027,0.0629
1787924876.784508,1.003412,-2.419675,1.542668,0.3711,0.0629
1787924876.785956,1.003554,-2.417424,1.543145,0.7268,0.0629
1787924876.796820,1.003320,-2.415042,1.542276,0.5743,0.0629
1787924876.802790,1.003660,-2.412828,1.542648,0.5137,0.0629
1787924876.810522,1.003452,-2.410415,1.542365,0.4530,0.0629
1787924876.816569,1.003319,-2.408114,1.541758,0.4310,0.0629
1787924876.824101,1.003566,-2.405859,1.542176,0.3917,0.0629
1787924876.831195,1.003466,-2.403441,1.541833,0.3763,0.0629
1787924876.838251,1.003565,-2.401246,1.541376,0.3568,0.0689
1787924876.843140,1.003674,-2.398869,1.542262,0.3958,0.0689
1787924876.854449,1.003542,-2.396599,1.541209,0.3371,0.0689
1787924876.857446,1.003878,-2.394094,1.541515,0.4876,0.0689
1787924876.865041,1.003720,-2.391812,1.541947,0.4313,0.0689
1787924876.871077,1.003614,-2.389505,1.541288,0.4164,0.0689
1787924876.878013,1.003920,-2.387094,1.542428,0.3961,0.0689
1787924876.882988,1.003808,-2.384724,1.541321,0.4199,0.0689
1787924876.889776,1.004319,-2.382348,1.542706,0.3995,0.0689
1787924876.896163,1.003652,-2.380103,1.541589,0.3842,0.0689
1787924876.903615,1.003772,-2.377526,1.541826,0.3728,0.0689
1787924876.912224,1.004013,-2.375185,1.541949,0.3427,0.0689
1787924876.917594,1.003650,-2.372549,1.541600,0.3865,0.0689
1787924876.923962,1.004745,-2.370281,1.543922,0.3787,0.0689
1787924876.930571,1.003419,-2.367821,1.540452,0.3749,0.0689
1787924876.937042,1.004384,-2.365400,1.542888,0.3759,0.0714
1787924876.943588,1.003891,-2.363010,1.540964,0.3719,0.0714
1787924876.950982,1.004119,-2.360647,1.542562,0.3565,0.0714
1787924876.957100,1.004060,-2.358325,1.541587,0.3632,0.0714
1787924876.969349,1.003776,-2.356251,1.541803,0.3048,0.0714
1787924876.970809,1.004437,-2.353467,1.542436,0.7889,0.0714
1787924876.978864,1.003715,-2.351207,1.541051,0.6355,0.0714
1787924876.984434,1.004411,-2.348652,1.542806,0.5835,0.0714
1787924876.990674,1.003546,-2.346454,1.540695,0.5128,0.0714
1787924876.996812,1.004147,-2.344189,1.542413,0.4704,0.0714
1787924877.004137,1.003600,-2.341852,1.539802,0.4243,0.0714
1787924877.010789,1.004147,-2.339508,1.541038,0.4034,0.0714
1787924877.017942,1.003757,-2.337404,1.540193,0.3701,0.0714
1787924877.023946,1.003630,-2.334678,1.539759,0.3950,0.0714
1787924877.031170,1.003817,-2.332520,1.540185,0.3663,0.0714
1787924877.037150,1.003573,-2.330066,1.539591,0.3791,0.0714
1787924877.044988,1.004414,-2.328067,1.541213,0.3428,0.0714
1787924877.050718,1.003485,-2.325687,1.539198,0.3630,0.0714
1787924877.059361,1.004227,-2.323315,1.540373,0.3372,0.0714
1787924877.065209,1.004159,-2.321001,1.539664,0.3545,0.0714
1787924877.071853,1.004242,-2.318632,1.540678,0.3552,0.0714
1787924877.077779,1.004162,-2.316375,1.539852,0.3627,0.0714
1787924877.082786,1.004009,-2.314104,1.539781,0.3896,0.0714
1787924877.091606,1.004269,-2.311891,1.539848,0.3483,0.0714
1787924877.097217,1.004452,-2.309514,1.540699,0.3711,0.0714
1787924877.103737,1.004386,-2.307163,1.540473,0.3678,0.0714
1787924877.110484,1.004455,-2.304653,1.539837,0.3691,0.0714
1787924877.116535,1.004412,-2.302609,1.540705,0.3596,0.0714
1787924877.123256,1.004558,-2.300098,1.540619,0.3639,0.0714
1787924877.130308,1.003963,-2.297834,1.539777,0.3502,0.0714
1787924877.137194,1.004405,-2.295328,1.540445,0.3549,0.0746
1787924877.144656,1.004331,-2.293142,1.540334,0.3362,0.0746
1787924877.152418,1.004185,-2.290936,1.540276,0.3204,0.0746
1787924877.157837,1.004309,-2.288339,1.540670,0.3682,0.0746
1787924877.164914,1.004100,-2.286313,1.540303,0.3433,0.0746
1787924877.172724,1.004782,-2.283981,1.541772,0.3306,0.0746
1787924877.177710,1.004292,-2.281656,1.540351,0.3703,0.0746
1787924877.183362,1.004650,-2.279692,1.541352,0.3640,0.0746
1787924877.190490,1.004538,-2.277107,1.541175,0.3634,0.0746
1787924877.197415,1.004429,-2.275032,1.541439,0.3441,0.0746
1787924877.205547,1.004921,-2.272620,1.541937,0.3303,0.0746
1787924877.210883,1.004272,-2.270467,1.540534,0.3511,0.0746
1787924877.217754,1.004701,-2.268082,1.541987,0.3504,0.0746
1787924877.224579,1.004279,-2.265741,1.540805,0.3476,0.0746
1787924877.230964,1.004634,-2.263347,1.541953,0.3562,0.0746
1787924877.237391,1.004961,-2.260979,1.542803,0.3603,0.0759
1787924877.244293,1.004535,-2.258939,1.542116,0.3403,0.0759
1787924877.251460,1.005469,-2.256504,1.543635,0.3412,0.0759
1787924877.258962,1.005040,-2.254282,1.542182,0.3271,0.0759
1787924877.265393,1.005200,-2.251846,1.542420,0.3428,0.0759
1787924877.270170,1.005261,-2.249540,1.542709,0.3848,0.0759
1787924877.277176,1.004983,-2.247197,1.541920,0.3693,0.0759
1787924877.285098,1.005746,-2.244936,1.543711,0.3449,0.0759
1787924877.290474,1.004747,-2.242443,1.541131,0.3788,0.0759
1787924877.297091,1.005708,-2.240321,1.543423,0.3625,0.0759
1787924877.304006,1.005566,-2.237679,1.542234,0.3682,0.0759
1787924877.309749,1.005242,-2.235438,1.542016,0.3742,0.0759
1787924877.317960,1.005140,-2.232828,1.541235,0.3572,0.0759
1787924877.325605,1.004859,-2.230573,1.540879,0.3381,0.0759
1787924877.330352,1.005419,-2.228302,1.541511,0.3812,0.0759
1787924877.332724,1.005318,-2.225824,1.540515,0.5796,0.0759
1787924877.344775,1.005801,-2.223664,1.541409,0.4599,0.0752
1787924877.351106,1.005501,-2.221127,1.540629,0.4416,0.0752
1787924877.357704,1.005221,-2.218858,1.540707,0.4119,0.0752
1787924877.366936,1.005462,-2.216328,1.541200,0.3707,0.0752
1787924877.371398,1.005630,-2.214236,1.540980,0.4004,0.0752
1787924877.377817,1.005807,-2.211841,1.541255,0.3924,0.0752
1787924877.383773,1.006047,-2.209354,1.541365,0.4003,0.0752
1787924877.390285,1.005691,-2.207171,1.540962,0.3802,0.0752
1787924877.396907,1.005793,-2.204568,1.541287,0.3842,0.0752
1787924877.403173,1.005709,-2.202364,1.541138,0.3743,0.0752
1787924877.410635,1.005792,-2.200012,1.541942,0.3566,0.0752
1787924877.417472,1.005749,-2.197563,1.541320,0.3570,0.0752
1787924877.423707,1.005903,-2.195292,1.542079,0.3594,0.0752
1787924877.430026,1.006028,-2.192790,1.542087,0.3705,0.0752
1787924877.437409,1.005591,-2.190368,1.541048,0.3571,0.0790
1787924877.443573,1.006108,-2.188027,1.541967,0.3646,0.0790
1787924877.451682,1.006084,-2.185617,1.541776,0.3443,0.0790
1787924877.456631,1.005861,-2.183503,1.541734,0.3687,0.0790
1787924877.465472,1.006225,-2.180915,1.542114,0.3462,0.0790
1787924877.473565,1.005700,-2.178562,1.541192,0.3290,0.0790
1787924877.474455,1.006131,-2.176099,1.541747,1.0648,0.0790
1787924877.483098,1.005704,-2.173801,1.540883,0.8246,0.0790
1787924877.489727,1.006501,-2.171472,1.542502,0.6836,0.0790
1787924877.496364,1.005990,-2.168849,1.541220,0.5964,0.0790
1787924877.502732,1.006492,-2.166805,1.542537,0.5144,0.0790
1787924877.509499,1.006135,-2.164190,1.541337,0.4755,0.0790
1787924877.516632,1.006221,-2.162188,1.542007,0.4171,0.0790
1787924877.525006,1.006552,-2.159564,1.542277,0.3863,0.0790
1787924877.526707,1.006115,-2.157251,1.541533,0.6758,0.0790
1787924877.536857,1.006639,-2.154963,1.542200,0.5411,0.0833
1787924877.543714,1.006347,-2.152470,1.541844,0.4874,0.0833
1787924877.551474,1.006597,-2.150322,1.542473,0.4245,0.0833
1787924877.556965,1.007000,-2.147762,1.543193,0.4375,0.0833
1787924877.565226,1.006334,-2.145398,1.541557,0.3914,0.0833
1787924877.572039,1.007017,-2.143108,1.543416,0.3756,0.0833
1787924877.577980,1.006765,-2.140685,1.542144,0.3849,0.0833
1787924877.583900,1.007301,-2.138373,1.543333,0.3873,0.0833
1787924877.590397,1.006867,-2.135947,1.541990,0.3825,0.0833
1787924877.597764,1.007265,-2.133407,1.543373,0.3716,0.0833
1787924877.603511,1.007238,-2.131082,1.543594,0.3814,0.0833
1787924877.610054,1.006988,-2.128428,1.543037,0.3883,0.0833
1787924877.615812,1.007567,-2.126394,1.545011,0.3785,0.0833
1787924877.623441,1.007144,-2.123865,1.544443,0.3639,0.0833
1787924877.632438,1.007404,-2.121718,1.545280,0.3266,0.0833
1787924877.637197,1.007254,-2.118813,1.545007,0.4114,0.1038
1787924877.643090,1.007061,-2.116601,1.544657,0.4003,0.1038
1787924877.649919,1.007373,-2.113984,1.545355,0.3955,0.1038
1787924877.656938,1.007228,-2.111816,1.544246,0.3693,0.1038
1787924877.663852,1.007683,-2.109559,1.545640,0.3569,0.1038
1787924877.670677,1.007251,-2.106775,1.544245,0.3716,0.1038
1787924877.677987,1.007573,-2.104835,1.546011,0.3401,0.1038
1787924877.684829,1.007149,-2.101939,1.544310,0.3645,0.1038
1787924877.689911,1.007549,-2.100071,1.545204,0.3660,0.1038
1787924877.694256,1.007101,-2.097339,1.543907,0.4439,0.1038
1787924877.700257,1.007721,-2.095099,1.545043,0.4235,0.1038
1787924877.710327,1.007297,-2.092692,1.544085,0.3678,0.1038
1787924877.716253,1.007561,-2.090285,1.544957,0.3796,0.1038
1787924877.725156,1.007249,-2.088023,1.544242,0.3416,0.1038
1787924877.731764,1.007851,-2.085737,1.545743,0.3436,0.1038
1787924877.736967,1.007752,-2.083327,1.545202,0.3793,0.1083
1787924877.745568,1.007731,-2.080909,1.545697,0.3498,0.1083
1787924877.750826,1.007704,-2.078553,1.545361,0.3792,0.1083
1787924877.758555,1.007689,-2.076181,1.545196,0.3575,0.1083
1787924877.763035,1.007800,-2.073670,1.545276,0.4185,0.1083
1787924877.771065,1.007335,-2.071384,1.543666,0.3779,0.1083
1787924877.779259,1.007632,-2.068630,1.543438,0.3656,0.1083
1787924877.787075,1.007251,-2.066133,1.542113,0.3513,0.1083
1787924877.789260,1.007401,-2.063721,1.541936,0.5774,0.1083
1787924877.799619,1.007145,-2.061065,1.541135,0.4809,0.1083
1787924877.805424,1.007127,-2.058827,1.541064,0.4521,0.1083
1787924877.817548,1.007025,-2.056231,1.540398,0.3806,0.1083
1787924877.818785,1.006843,-2.053702,1.539707,0.8783,0.1083
1787924877.825545,1.006756,-2.051023,1.539141,0.7335,0.1083
1787924877.830188,1.006794,-2.048838,1.539672,0.6547,0.1083
1787924877.839980,1.006628,-2.046208,1.538447,0.5386,0.1524
1787924877.843976,1.007021,-2.044162,1.540137,0.5315,0.1524
1787924877.849718,1.006538,-2.041531,1.538789,0.5086,0.1524
1787924877.858042,1.006981,-2.039291,1.540168,0.4372,0.1524
1787924877.864084,1.006500,-2.036424,1.538763,0.4475,0.1524
1787924877.870592,1.006625,-2.034010,1.539372,0.4247,0.1524
1787924877.878635,1.006614,-2.031469,1.538497,0.3920,0.1524
1787924877.884130,1.006132,-2.028752,1.538097,0.4218,0.1524
1787924877.891396,1.006293,-2.026381,1.537826,0.3933,0.1524
1787924877.896879,1.005905,-2.023841,1.537516,0.4135,0.1524
1787924877.902997,1.006233,-2.021452,1.538070,0.4071,0.1524
1787924877.910244,1.005908,-2.018817,1.537580,0.3935,0.1524
1787924877.917326,1.005942,-2.016532,1.537551,0.3723,0.1524
1787924877.923227,1.005932,-2.013907,1.537815,0.3939,0.1524
1787924877.926561,1.006188,-2.011670,1.538443,0.4777,0.1524
1787924877.935923,1.005918,-2.009326,1.537787,0.4092,0.1630
1787924877.945440,1.005739,-2.006878,1.537653,0.3634,0.1630
1787924877.953767,1.005909,-2.004691,1.537788,0.3333,0.1630
1787924877.956996,1.005901,-2.002324,1.537757,0.4531,0.1630
1787924877.963867,1.005681,-1.999888,1.537289,0.4232,0.1630
1787924877.972070,1.005649,-1.997609,1.536905,0.3794,0.1630
1787924877.977215,1.005580,-1.994998,1.537666,0.4177,0.1630
1787924877.984655,1.005442,-1.992711,1.537133,0.3843,0.1630
1787924877.992717,1.005062,-1.990272,1.536704,0.3593,0.1630
1787924877.996879,1.004754,-1.987727,1.536008,0.4341,0.1630
1787924878.002495,1.004712,-1.985379,1.536107,0.4291,0.1630
1787924878.010888,1.004391,-1.982957,1.535136,0.3865,0.1630
1787924878.016576,1.004341,-1.980575,1.535029,0.3960,0.1630
1787924878.023949,1.003559,-1.977982,1.533843,0.3815,0.1630
1787924878.028970,1.003785,-1.975741,1.534381,0.4013,0.1630
1787924878.037146,1.003604,-1.973203,1.534051,0.3737,0.1702
1787924878.044154,1.003299,-1.970846,1.534200,0.3620,0.1702
1787924878.049738,1.003563,-1.968615,1.534567,0.3736,0.1702
1787924878.056463,1.002700,-1.966039,1.533209,0.3750,0.1702
1787924878.063969,1.003115,-1.963912,1.533838,0.3480,0.1702
1787924878.070342,1.002734,-1.961256,1.533684,0.3679,0.1702
1787924878.077308,1.002936,-1.959116,1.534237,0.3499,0.1702
1787924878.083855,1.002822,-1.956661,1.534553,0.3572,0.1702
1787924878.094294,1.002787,-1.954474,1.534598,0.3128,0.1702
1787924878.098573,1.003115,-1.952101,1.535721,0.3860,0.1702
1787924878.103225,1.002753,-1.949809,1.535834,0.4171,0.1702
1787924878.110495,1.003276,-1.947540,1.536976,0.3863,0.1702
1787924878.116669,1.002713,-1.945018,1.536655,0.3919,0.1702
1787924878.124027,1.003243,-1.942852,1.537899,0.3633,0.1702
1787924878.130797,1.003071,-1.940422,1.538067,0.3617,0.1702
1787924878.137286,1.002933,-1.938350,1.537922,0.3487,0.2163
1787924878.144545,1.003208,-1.936019,1.538918,0.3408,0.2163
1787924878.149742,1.002961,-1.933901,1.538809,0.3603,0.2163
1787924878.158144,1.003436,-1.931457,1.539727,0.3399,0.2163
1787924878.163435,1.003008,-1.929063,1.539694,0.3729,0.2163
1787924878.170641,1.003216,-1.926822,1.540349,0.3545,0.2163
1787924878.176970,1.003357,-1.924446,1.540677,0.3610,0.2163
1787924878.185726,1.002928,-1.922172,1.540654,0.3301,0.2163
1787924878.190930,1.003370,-1.919793,1.541299,0.3689,0.2163
1787924878.197802,1.003407,-1.917486,1.541853,0.3590,0.2163
1787924878.202955,1.003208,-1.915033,1.541275,0.3937,0.2163
1787924878.210801,1.003502,-1.912788,1.542265,0.3617,0.2163
1787924878.218760,1.003009,-1.910236,1.541242,0.3488,0.2163
1787924878.220816,1.002935,-1.908204,1.540924,0.5402,0.2163
1787924878.229849,1.002781,-1.905736,1.541262,0.4599,0.2163
1787924878.237715,1.003395,-1.903657,1.542931,0.4018,0.2200
1787924878.244509,1.003261,-1.901111,1.543650,0.3935,0.2200
1787924878.252053,1.003302,-1.898919,1.543434,0.3627,0.2200
1787924878.258655,1.003371,-1.896443,1.544611,0.3664,0.2200
1787924878.263727,1.003601,-1.894177,1.544823,0.3908,0.2200
1787924878.270323,1.003313,-1.891842,1.545080,0.3794,0.2200
1787924878.277244,1.003698,-1.889317,1.545829,0.3754,0.2200
1787924878.284613,1.003500,-1.887027,1.546082,0.3558,0.2200
1787924878.292667,1.003743,-1.884661,1.547602,0.3374,0.2200
1787924878.299974,1.003435,-1.882354,1.547507,0.3305,0.2200
1787924878.303419,1.003587,-1.879944,1.548504,0.4416,0.2200
1787924878.310230,1.003715,-1.877641,1.548749,0.4106,0.2200
1787924878.317138,1.003469,-1.875447,1.548842,0.3825,0.2200
1787924878.323643,1.003894,-1.873063,1.549827,0.3781,0.2200
1787924878.329639,1.003562,-1.871114,1.549729,0.3618,0.2200
1787924878.336935,1.003704,-1.868468,1.550225,0.3622,0.2251
1787924878.343689,1.003424,-1.866169,1.550239,0.3553,0.2251
1787924878.350543,1.003526,-1.863810,1.550994,0.3521,0.2251
1787924878.358402,1.003649,-1.861467,1.552034,0.3359,0.2251
1787924878.368332,1.003090,-1.859236,1.551207,0.3022,0.2251
1787924878.373618,1.003534,-1.856771,1.552743,0.3519,0.2251
1787924878.378460,1.003136,-1.854688,1.552397,0.3749,0.2251
1787924878.385221,1.003329,-1.852162,1.553487,0.3746,0.2251
1787924878.391355,1.002717,-1.849982,1.552895,0.3683,0.2251
1787924878.400593,1.003176,-1.847400,1.554264,0.3419,0.2251
1787924878.403927,1.002648,-1.845174,1.553767,0.4388,0.2251
1787924878.411706,1.002950,-1.842782,1.555120,0.3996,0.2251
1787924878.417180,1.002621,-1.840531,1.554747,0.4028,0.2251
1787924878.425545,1.002878,-1.838512,1.555935,0.3545,0.2251
1787924878.430236,1.002542,-1.835924,1.556026,0.4133,0.2251
1787924878.439892,1.002767,-1.833866,1.556472,0.3533,0.2563
1787924878.443624,1.002521,-1.831267,1.557111,0.4559,0.2563
1787924878.452447,1.002632,-1.829132,1.557382,0.3918,0.2563
1787924878.457423,1.002573,-1.826810,1.558520,0.4142,0.2563
1787924878.465453,1.002319,-1.824710,1.557897,0.3682,0.2563
1787924878.470613,1.002701,-1.822294,1.559752,0.3985,0.2563
1787924878.477874,1.002145,-1.819884,1.559122,0.3782,0.2563
1787924878.484335,1.002343,-1.817613,1.560409,0.3703,0.2563
1787924878.492977,1.001770,-1.815274,1.559960,0.3402,0.2563
1787924878.497211,1.002003,-1.813016,1.561118,0.3983,0.2563
1787924878.505514,1.001788,-1.810705,1.561065,0.3622,0.2563
1787924878.509681,1.001921,-1.808523,1.561661,0.4107,0.2563
1787924878.517965,1.001729,-1.806222,1.561796,0.3707,0.2563
1787924878.526147,1.001530,-1.803856,1.561864,0.3462,0.2563
1787924878.530697,1.001528,-1.801570,1.562669,0.3930,0.2563
1787924878.536880,1.001661,-1.799308,1.563404,0.3849,0.2586
1787924878.543625,1.001482,-1.797012,1.563833,0.3715,0.2586
1787924878.551722,1.001300,-1.794775,1.563979,0.3429,0.2586
1787924878.556846,1.001376,-1.792234,1.565460,0.3888,0.2586
1787924878.563886,1.001366,-1.790212,1.565852,0.3583,0.2586
1787924878.570731,1.001302,-1.787654,1.567014,0.3629,0.2586
1787924878.576901,1.001316,-1.785620,1.567213,0.3530,0.2586
1787924878.583828,1.000928,-1.782862,1.567927,0.3665,0.2586
1787924878.590212,1.000853,-1.780733,1.568056,0.3566,0.2586
1787924878.598281,1.001045,-1.778279,1.569858,0.3409,0.2586
1787924878.606044,1.001498,-1.776107,1.571395,0.3225,0.2586
1787924878.610483,1.001170,-1.773769,1.572226,0.3838,0.2586
1787924878.616932,1.000703,-1.771466,1.571783,0.3758,0.2586
1787924878.624845,1.000876,-1.769255,1.573699,0.3469,0.2586
1787924878.633641,1.000690,-1.767039,1.573714,0.3184,0.2593
1787924878.639193,1.000720,-1.764844,1.575336,0.3415,0.2593
1787924878.645499,1.000445,-1.762282,1.575540,0.3609,0.2593
1787924878.652833,1.000300,-1.760284,1.576278,0.3344,0.2593
1787924878.657433,1.000600,-1.757790,1.577940,0.3966,0.2593
1787924878.663486,0.999958,-1.755776,1.577310,0.3777,0.2593
1787924878.666196,1.001557,-1.753131,1.581651,0.5553,0.2593
1787924878.678935,1.001384,-1.750962,1.582260,0.4398,0.2593
1787924878.682982,1.001477,-1.748549,1.583493,0.4866,0.2593
1787924878.691381,1.000862,-1.746324,1.583698,0.4204,0.2593
1787924878.698368,1.000976,-1.743981,1.584841,0.3948,0.2593
1787924878.703128,1.000284,-1.741690,1.584632,0.4214,0.2593
1787924878.711290,1.000290,-1.739468,1.586000,0.3766,0.2593
1787924878.717040,1.000138,-1.737120,1.586196,0.3862,0.2593
1787924878.722878,0.999668,-1.734761,1.586457,0.3920,0.2593
1787924878.729548,0.999752,-1.732637,1.587331,0.3698,0.2593
1787924878.739025,0.999332,-1.730183,1.587905,0.3368,0.2640
1787924878.743927,0.999103,-1.728060,1.588099,0.3659,0.2640
1787924878.750623,0.999083,-1.725772,1.589739,0.3586,0.2640
1787924878.759036,0.998812,-1.723409,1.589783,0.3355,0.2640
1787924878.763677,1.000348,-1.720839,1.594221,0.3986,0.2640
1787924878.772221,0.999976,-1.718577,1.594656,0.3587,0.2640
1787924878.777334,0.999532,-1.716274,1.595582,0.3868,0.2640
1787924878.783513,0.999407,-1.713982,1.596170,0.3822,0.2640
1787924878.790427,0.999289,-1.711710,1.597690,0.3662,0.2640
1787924878.796241,0.999324,-1.709205,1.598325,0.3855,0.2640
1787924878.804625,0.998765,-1.707155,1.599185,0.3437,0.2640
1787924878.811206,0.998829,-1.704572,1.599903,0.3582,0.2640
1787924878.817571,0.998325,-1.702351,1.600189,0.3561,0.2640
1787924878.824497,0.997834,-1.700190,1.600537,0.3434,0.2640
1787924878.830132,0.997108,-1.698173,1.600719,0.3489,0.2640
1787924878.837978,0.996834,-1.695732,1.601556,0.3379,0.2562
1787924878.845022,0.996358,-1.693699,1.602036,0.3237,0.2562
1787924878.850743,0.995973,-1.691284,1.602616,0.3538,0.2562
1787924878.856430,0.996003,-1.689104,1.603690,0.3625,0.2562
1787924878.865514,0.995548,-1.686664,1.604466,0.3348,0.2562
1787924878.872353,0.995310,-1.684546,1.604623,0.3276,0.2562
1787924878.878036,0.994613,-1.682138,1.604468,0.3576,0.2562
1787924878.882987,0.994805,-1.680133,1.606429,0.3713,0.2562
1787924878.890668,0.994147,-1.677869,1.606201,0.3492,0.2562
1787924878.897343,0.994949,-1.675985,1.608579,0.3277,0.2562
1787924878.904465,0.994937,-1.673724,1.609719,0.3246,0.2562
1787924878.906018,0.994267,-1.671624,1.609732,0.6375,0.2562
1787924878.917512,0.994639,-1.669321,1.611013,0.5059,0.2562
1787924878.923067,0.993993,-1.667276,1.610831,0.4659,0.2562
1787924878.930855,0.994061,-1.664922,1.612098,0.4166,0.2562
1787924878.937233,0.993290,-1.662920,1.611654,0.3872,0.2481
1787924878.944572,0.993409,-1.660721,1.612500,0.3607,0.2481
1787924878.951412,0.992486,-1.658496,1.611974,0.3516,0.2481
1787924878.958262,0.992683,-1.656355,1.613730,0.3394,0.2481
1787924878.964099,0.992371,-1.654174,1.614037,0.3503,0.2481
1787924878.970531,0.992159,-1.651815,1.615166,0.3556,0.2481
1787924878.978575,0.992203,-1.649756,1.616284,0.3255,0.2481
1787924878.985871,0.991597,-1.647457,1.616798,0.3234,0.2481
1787924878.990745,0.992047,-1.645238,1.618850,0.3615,0.2481
1787924878.999230,0.992018,-1.643351,1.620399,0.3198,0.2481
1787924879.004890,0.991431,-1.640915,1.620341,0.3543,0.2481
1787924879.010746,0.991076,-1.638743,1.621112,0.3601,0.2481
1787924879.017109,0.990865,-1.636467,1.621746,0.3598,0.2481
1787924879.023203,0.989965,-1.634463,1.621389,0.3526,0.2481
1787924879.029890,0.989685,-1.632000,1.622113,0.3578,0.2481
1787924879.038064,0.989412,-1.629948,1.623019,0.3262,0.2386
1787924879.043703,0.988470,-1.627737,1.622367,0.3484,0.2386
1787924879.051282,0.989010,-1.625516,1.624820,0.3305,0.2386
1787924879.056912,0.988309,-1.623320,1.624840,0.3502,0.2386
1787924879.066275,0.988073,-1.621168,1.625788,0.3144,0.2386
1787924879.070486,0.988053,-1.619022,1.626887,0.3728,0.2386
1787924879.078089,0.987688,-1.616886,1.627254,0.3459,0.2386
1787924879.083960,0.987777,-1.614771,1.628758,0.3498,0.2386
1787924879.090426,0.987465,-1.612554,1.629435,0.3484,0.2386
1787924879.097463,0.987376,-1.610486,1.630909,0.3321,0.2386
1787924879.104326,0.986875,-1.608228,1.631342,0.3323,0.2386
1787924879.110053,0.986843,-1.606041,1.632478,0.3470,0.2386
1787924879.119343,0.986378,-1.603817,1.632862,0.3155,0.2386
1787924879.123931,0.986226,-1.601699,1.633932,0.3597,0.2386
1787924879.131361,0.986025,-1.599397,1.634975,0.3451,0.2386
1787924879.142454,0.986000,-1.597200,1.635854,0.3009,0.2304
1787924879.147978,0.985552,-1.595076,1.636517,0.3273,0.2304
1787924879.156352,0.985542,-1.592765,1.637484,0.3118,0.2304
1787924879.157774,0.985198,-1.590565,1.638381,0.6863,0.2304
1787924879.165469,0.984833,-1.588415,1.638657,0.5650,0.2304
1787924879.171291,0.984608,-1.586084,1.639681,0.5161,0.2304
1787924879.177027,0.984449,-1.583889,1.640353,0.4764,0.2304
1787924879.184946,0.984457,-1.581744,1.641688,0.4145,0.2304
1787924879.190711,0.983991,-1.579563,1.642030,0.4051,0.2304
1787924879.197677,0.983692,-1.577400,1.642405,0.3774,0.2304
1787924879.203533,0.983654,-1.575196,1.643462,0.3769,0.2304
1787924879.210917,0.983168,-1.572963,1.643325,0.3558,0.2304
1787924879.215989,0.983110,-1.570751,1.644658,0.3798,0.2304
1787924879.226351,0.982543,-1.568585,1.644508,0.3296,0.2304
1787924879.231644,0.982639,-1.566512,1.645766,0.3474,0.2304
1787924879.237743,0.982752,-1.564135,1.646804,0.3594,0.2217
1787924879.244811,0.981814,-1.562105,1.646480,0.3405,0.2217
1787924879.250327,0.982125,-1.559796,1.648007,0.3622,0.2217
1787924879.258357,0.981751,-1.557908,1.648402,0.3250,0.2217
1787924879.264010,0.981513,-1.555627,1.649038,0.3491,0.2217
1787924879.272182,0.981149,-1.553580,1.649178,0.3204,0.2217
1787924879.276857,0.980797,-1.551304,1.649692,0.3716,0.2217
1787924879.284571,0.980738,-1.549260,1.650440,0.3395,0.2217
1787924879.291805,0.980215,-1.547066,1.650530,0.3301,0.2217
1787924879.297783,0.979755,-1.544849,1.650948,0.3438,0.2217
1787924879.303468,0.979707,-1.542762,1.652137,0.3507,0.2217
1787924879.309457,0.979679,-1.540527,1.653398,0.3572,0.2217
1787924879.317246,0.979224,-1.538409,1.653748,0.3328,0.2217
1787924879.324982,0.979420,-1.536123,1.655407,0.3206,0.2217
1787924879.332870,0.978837,-1.534121,1.655374,0.3022,0.2217
1787924879.337409,0.978392,-1.531816,1.655645,0.3658,0.1856
1787924879.343057,0.978150,-1.529666,1.656344,0.3709,0.1856
1787924879.352329,0.977943,-1.527477,1.657158,0.3308,0.1856
1787924879.357924,0.977614,-1.525263,1.657741,0.3514,0.1856
1787924879.369928,0.977408,-1.523021,1.658415,0.3022,0.1856
1787924879.374294,0.976859,-1.520729,1.658674,0.3718,0.1856
1787924879.378520,0.976868,-1.518635,1.659700,0.4082,0.1856
1787924879.384269,0.976106,-1.516421,1.659589,0.4044,0.1856
1787924879.390289,0.976025,-1.514089,1.660346,0.3991,0.1856
1787924879.396249,0.975112,-1.512115,1.660078,0.3825,0.1856
1787924879.404124,0.975545,-1.510034,1.662034,0.3452,0.1856
1787924879.409991,0.975012,-1.507837,1.661989,0.3560,0.1856
1787924879.417845,0.974650,-1.505860,1.662094,0.3256,0.1856
1787924879.424972,0.974557,-1.503628,1.663361,0.3219,0.1856
1787924879.427115,0.973889,-1.501704,1.662821,0.5020,0.1856
1787924879.436909,0.973880,-1.499366,1.664130,0.4227,0.1787
1787924879.443313,0.973274,-1.497375,1.664175,0.3914,0.1787
1787924879.451138,0.973203,-1.495142,1.665123,0.3595,0.1787
1787924879.457314,0.972839,-1.493111,1.665591,0.3515,0.1787
1787924879.462772,0.972602,-1.490826,1.666377,0.3723,0.1787
1787924879.469847,0.972114,-1.488760,1.666392,0.3498,0.1787
1787924879.476314,0.971879,-1.486665,1.667165,0.3427,0.1787
1787924879.483428,0.971682,-1.484246,1.668201,0.3422,0.1787
1787924879.491137,0.970917,-1.482259,1.667878,0.3194,0.1787
1787924879.498082,0.970872,-1.479835,1.668862,0.3280,0.1787
1787924879.501071,0.970566,-1.477955,1.669553,0.4204,0.1787
1787924879.510467,0.970002,-1.475621,1.669804,0.3702,0.1787
1787924879.516595,0.969728,-1.473524,1.670260,0.3626,0.1787
1787924879.523289,0.969548,-1.471078,1.671158,0.3637,0.1787
1787924879.531245,0.969115,-1.468987,1.671301,0.3347,0.1787
1787924879.537436,0.968748,-1.466798,1.671531,0.3416,0.1704
1787924879.542714,0.968373,-1.464465,1.672122,0.3732,0.1704
1787924879.546376,0.968618,-1.462290,1.673498,0.4364,0.1704
1787924879.556319,0.968077,-1.460076,1.674080,0.3736,0.1704
1787924879.562274,0.967872,-1.457865,1.674173,0.3734,0.1704
1787924879.569841,0.967469,-1.455508,1.675290,0.3560,0.1704
1787924879.577481,0.967429,-1.453401,1.675934,0.3316,0.1704
1787924879.583903,0.966713,-1.451120,1.676226,0.3416,0.1704
1787924879.587537,0.967034,-1.448953,1.677850,0.4142,0.1704
1787924879.596287,0.966332,-1.446783,1.677402,0.3665,0.1704
1787924879.603702,0.966306,-1.444543,1.678099,0.3467,0.1704
1787924879.610876,0.966033,-1.442443,1.678645,0.3312,0.1704
1787924879.616399,0.965565,-1.440389,1.678840,0.3456,0.1704
1787924879.624216,0.965518,-1.438202,1.679228,0.3255,0.1704
1787924879.630264,0.964854,-1.436074,1.679341,0.3364,0.1704
1787924879.633761,0.964847,-1.433879,1.680058,0.4227,0.1087
1787924879.642779,0.964092,-1.431762,1.679625,0.3686,0.1087
1787924879.650289,0.963968,-1.429634,1.680268,0.3431,0.1087
1787924879.656567,0.963891,-1.427587,1.681142,0.3378,0.1087
1787924879.663541,0.963039,-1.425251,1.680418,0.3403,0.1087
1787924879.670030,0.962956,-1.423179,1.681017,0.3339,0.1087
1787924879.677049,0.962272,-1.420906,1.681036,0.3335,0.1087
1787924879.683055,0.962376,-1.418851,1.681967,0.3349,0.1087
1787924879.690426,0.961490,-1.416513,1.681345,0.3330,0.1087
1787924879.697146,0.961192,-1.414362,1.681766,0.3300,0.1087
1787924879.702805,0.960751,-1.412040,1.682102,0.3559,0.1087
1787924879.716071,0.960584,-1.409766,1.683064,0.3007,0.1087
1787924879.721829,0.960143,-1.407565,1.683282,0.3270,0.1087
1787924879.726074,0.959753,-1.405187,1.684245,0.3990,0.1087
1787924879.735602,0.959338,-1.402919,1.684775,0.3517,0.1002
1787924879.739348,0.959172,-1.400582,1.685797,0.4336,0.1002
1787924879.743665,0.958824,-1.398368,1.686362,0.4592,0.1002
1787924879.751173,0.958461,-1.396056,1.687279,0.4149,0.1002
1787924879.757708,0.958312,-1.393836,1.687861,0.3924,0.1002
1787924879.763912,0.957883,-1.391457,1.688433,0.3914,0.1002
1787924879.771201,0.957283,-1.389139,1.688397,0.3716,0.1002
1787924879.776297,0.956947,-1.386976,1.689164,0.3889,0.1002
1787924879.785793,0.956558,-1.384718,1.689369,0.3445,0.1002
1787924879.792747,0.956400,-1.382389,1.690460,0.3417,0.1002
1787924879.798530,0.955880,-1.380296,1.690487,0.3502,0.1002
1787924879.803491,0.955514,-1.377883,1.691401,0.3927,0.1002
1787924879.809888,0.955678,-1.375673,1.692291,0.3768,0.1002
1787924879.817979,0.954772,-1.373349,1.692215,0.3534,0.1002
1787924879.825173,0.954763,-1.371193,1.692793,0.3367,0.1002
1787924879.830100,0.954046,-1.369190,1.692548,0.3620,0.1002
1787924879.838241,0.953672,-1.366683,1.692806,0.3468,0.0869
1787924879.844778,0.953536,-1.364653,1.693366,0.3360,0.0869
1787924879.850771,0.952878,-1.362423,1.693017,0.3500,0.0869
1787924879.858200,0.953171,-1.360318,1.694612,0.3279,0.0869
1787924879.863822,0.952267,-1.358005,1.693669,0.3579,0.0869
1787924879.870657,0.952537,-1.355663,1.695169,0.3511,0.0869
1787924879.879244,0.951613,-1.353576,1.693962,0.3221,0.0869
1787924879.885153,0.951144,-1.351320,1.693836,0.3420,0.0869
1787924879.891184,0.950704,-1.349244,1.693684,0.3446,0.0869
1787924879.899562,0.949879,-1.346919,1.692616,0.3274,0.0869
1787924879.904032,0.950043,-1.344758,1.693796,0.3718,0.0869
1787924879.911124,0.949016,-1.342593,1.692413,0.3565,0.0869
1787924879.918237,0.949020,-1.340303,1.693083,0.3453,0.0869
1787924879.923187,0.948477,-1.338266,1.693103,0.3683,0.0869
1787924879.930430,0.948036,-1.335735,1.692761,0.3641,0.0869
1787924879.938620,0.947752,-1.333869,1.693097,0.3240,0.0135
1787924879.944357,0.947054,-1.331520,1.692666,0.3531,0.0135
1787924879.951229,0.947024,-1.329475,1.693401,0.3359,0.0135
1787924879.957858,0.946179,-1.327178,1.692941,0.3430,0.0135
1787924879.964244,0.946404,-1.324956,1.693792,0.3424,0.0135
1787924879.970930,0.945702,-1.322772,1.693474,0.3408,0.0135
1787924879.979273,0.945442,-1.320477,1.693745,0.3216,0.0135
1787924879.983870,0.945039,-1.318460,1.694552,0.3590,0.0135
1787924879.995374,0.945061,-1.316116,1.695419,0.3119,0.0135
1787924880.001099,0.944761,-1.314028,1.696381,0.3288,0.0135
1787924880.005384,0.944340,-1.311793,1.696775,0.3891,0.0135
1787924880.010711,0.944329,-1.309621,1.697799,0.3938,0.0135
1787924880.018494,0.943431,-1.307516,1.696658,0.3605,0.0135
1787924880.024773,0.943499,-1.305262,1.697870,0.3588,0.0135
1787924880.030358,0.942823,-1.303034,1.697420,0.3744,0.0135
1787924880.042076,0.942585,-1.300935,1.697558,0.3162,0.0005
1787924880.043888,0.942415,-1.298798,1.698202,0.5759,0.0005
1787924880.054284,0.941858,-1.296443,1.697994,0.4726,0.0005
1787924880.061282,0.941552,-1.294494,1.698261,0.4153,0.0005
1787924880.067482,0.940850,-1.292070,1.697385,0.4114,0.0005
1787924880.070659,0.940491,-1.290034,1.697262,0.4830,0.0005
1787924880.078415,0.940248,-1.287720,1.697296,0.4280,0.0005
1787924880.085397,0.940141,-1.285561,1.697890,0.3923,0.0005
1787924880.091898,0.939794,-1.283222,1.697443,0.3836,0.0005
1787924880.100031,0.939289,-1.280943,1.696967,0.3543,0.0005
1787924880.107867,0.938835,-1.278993,1.696730,0.3243,0.0005
1787924880.112772,0.938725,-1.276489,1.696953,0.3797,0.0005
1787924880.117171,0.938188,-1.274525,1.696227,0.4033,0.0005
1787924880.125258,0.938164,-1.272189,1.697111,0.3684,0.0005
1787924880.131344,0.937833,-1.269985,1.696627,0.3677,0.0005
1787924880.137017,0.937360,-1.267802,1.696233,0.3750,-0.0026
1787924880.144607,0.937272,-1.265495,1.696548,0.3534,-0.0026
1787924880.150296,0.937056,-1.263421,1.696617,0.3574,-0.0026
1787924880.157063,0.936669,-1.261235,1.695977,0.3484,-0.0026
1787924880.165410,0.936285,-1.259028,1.695689,0.3243,-0.0026
1787924880.171225,0.935973,-1.256942,1.695189,0.3358,-0.0026
1787924880.177307,0.935910,-1.254788,1.695133,0.3409,-0.0026
1787924880.184134,0.935563,-1.252452,1.694766,0.3424,-0.0026
1787924880.193096,0.935116,-1.250634,1.693761,0.3019,-0.0026
1787924880.198774,0.934818,-1.248205,1.693615,0.3406,-0.0026
1787924880.206760,0.934363,-1.246258,1.692675,0.3131,-0.0026
1787924880.210890,0.934153,-1.244114,1.692100,0.3756,-0.0026
1787924880.217176,0.933811,-1.241844,1.691492,0.3724,-0.0026
1787924880.225577,0.933504,-1.239699,1.690831,0.3381,-0.0026
1787924880.230941,0.933120,-1.237629,1.690089,0.3542,-0.0026
1787924880.238974,0.933194,-1.235412,1.690219,0.3298,-0.0459
1787924880.245646,0.932578,-1.233302,1.688684,0.3283,-0.0459
1787924880.251114,0.932565,-1.231007,1.688906,0.3549,-0.0459
1787924880.258517,0.932374,-1.228857,1.688223,0.3359,-0.0459
1787924880.265149,0.931789,-1.226724,1.687378,0.3341,-0.0459
1787924880.272748,0.931526,-1.224405,1.686375,0.3259,-0.0459
1787924880.278687,0.931016,-1.222305,1.685469,0.3365,-0.0459
1787924880.285244,0.930942,-1.220159,1.685355,0.3335,-0.0459
1787924880.291229,0.930242,-1.217919,1.683709,0.3490,-0.0459
1787924880.297409,0.930240,-1.215603,1.684025,0.3560,-0.0459
1787924880.305301,0.930252,-1.213380,1.683919,0.3331,-0.0459
1787924880.311083,0.929516,-1.211395,1.682899,0.3398,-0.0459
1787924880.315979,0.929913,-1.208999,1.683359,0.3810,-0.0459
1787924880.323469,0.929276,-1.206776,1.682547,0.3580,-0.0459
1787924880.331699,0.929059,-1.204688,1.681707,0.3272,-0.0459
1787924880.339957,0.928799,-1.202477,1.681532,0.3099,-0.0359
1787924880.348985,0.928447,-1.200208,1.680683,0.2931,-0.0359
1787924880.351981,0.927721,-1.197943,1.679044,0.4385,-0.0359
1787924880.358872,0.927787,-1.195820,1.679141,0.3985,-0.0359
1787924880.364541,0.927404,-1.193479,1.678572,0.4043,-0.0359
1787924880.370966,0.926836,-1.191437,1.677038,0.3807,-0.0359
1787924880.377550,0.926603,-1.189233,1.676490,0.3674,-0.0359
1787924880.386409,0.926187,-1.187094,1.675107,0.3307,-0.0359
1787924880.399310,0.925831,-1.184928,1.674593,0.2824,-0.0359
1787924880.400657,0.925705,-1.182673,1.673698,0.7005,-0.0359
1787924880.404007,0.925028,-1.180552,1.672256,0.6853,-0.0359
1787924880.410658,0.924557,-1.178315,1.670727,0.5823,-0.0359
1787924880.418019,0.924938,-1.176243,1.671399,0.4901,-0.0359
1787924880.423912,0.924254,-1.174104,1.669674,0.4548,-0.0359
1787924880.432726,0.924797,-1.172548,1.671725,0.3692,-0.0226
1787924880.439220,0.924273,-1.170375,1.670390,0.3607,-0.0226
1787924880.444254,0.923885,-1.168048,1.669757,0.3928,-0.0226
1787924880.452551,0.924218,-1.166027,1.670453,0.3465,-0.0226
1787924880.456453,0.923727,-1.163782,1.669456,0.4180,-0.0226
1787924880.464900,0.923241,-1.161412,1.668275,0.3781,-0.0226
1787924880.473609,0.923333,-1.159411,1.668602,0.3329,-0.0226
1787924880.480814,0.923103,-1.156971,1.667970,0.3351,-0.0226
1787924880.488343,0.922707,-1.154949,1.667464,0.3163,-0.0226
1787924880.495492,0.922368,-1.152771,1.665773,0.3137,-0.0226
1787924880.499452,0.922337,-1.150307,1.665767,0.4057,-0.0226
1787924880.504974,0.922307,-1.148235,1.665302,0.3962,-0.0226
1787924880.512976,0.921925,-1.146046,1.664538,0.3604,-0.0226
1787924880.518588,0.921850,-1.143689,1.663842,0.3781,-0.0226
1787924880.523395,0.921644,-1.141731,1.663589,0.3875,-0.0226
1787924880.530251,0.921054,-1.139399,1.661775,0.3752,-0.0226
1787924880.537423,0.921453,-1.137100,1.662659,0.3569,-0.0458
1787924880.545781,0.920727,-1.134787,1.660550,0.3349,-0.0458
1787924880.552949,0.920672,-1.132645,1.660417,0.3239,-0.0458
1787924880.558974,0.920791,-1.130249,1.660415,0.3450,-0.0458
1787924880.563996,0.920035,-1.128123,1.658618,0.3720,-0.0458
1787924880.570677,0.920331,-1.125816,1.658707,0.3624,-0.0458
1787924880.577447,0.919783,-1.123541,1.657491,0.3562,-0.0458
1787924880.586857,0.919630,-1.121409,1.656645,0.3175,-0.0458
1787924880.593219,0.919328,-1.119119,1.655903,0.3310,-0.0458
1787924880.597280,0.919000,-1.117099,1.654833,0.3824,-0.0458
1787924880.604368,0.918762,-1.114874,1.654195,0.3624,-0.0458
1787924880.611628,0.918759,-1.112678,1.654000,0.3441,-0.0458
1787924880.617983,0.918452,-1.110284,1.653505,0.3547,-0.0458
1787924880.624076,0.918483,-1.108197,1.653383,0.3506,-0.0458
1787924880.630049,0.918206,-1.105716,1.652774,0.3707,-0.0458
1787924880.637644,0.917914,-1.103693,1.651953,0.3401,-0.0320
1787924880.644470,0.917755,-1.101375,1.651804,0.3402,-0.0320
1787924880.655325,0.917621,-1.099092,1.650922,0.3013,-0.0320
1787924880.658169,0.917117,-1.096796,1.650117,0.4566,-0.0320
1787924880.665036,0.917007,-1.094689,1.649695,0.4117,-0.0320
1787924880.670672,0.916883,-1.092044,1.649619,0.4291,-0.0320
1787924880.677995,0.916730,-1.089865,1.649347,0.3899,-0.0320
1787924880.684658,0.916406,-1.087530,1.648786,0.3788,-0.0320
1787924880.691917,0.916438,-1.085326,1.648637,0.3559,-0.0320
1787924880.696890,0.915994,-1.082881,1.647369,0.3982,-0.0320
1787924880.705461,0.915823,-1.080697,1.646798,0.3555,-0.0320
1787924880.710850,0.915397,-1.078421,1.645661,0.3769,-0.0320
1787924880.717775,0.915355,-1.076082,1.645356,0.3650,-0.0320
1787924880.723283,0.914969,-1.073806,1.644528,0.3807,-0.0320
1787924880.733047,0.914739,-1.071390,1.643536,0.3411,-0.0226
1787924880.740106,0.914621,-1.069260,1.643224,0.3294,-0.0226
1787924880.747769,0.914278,-1.066994,1.642878,0.3200,-0.0226
1787924880.750870,0.913992,-1.064732,1.641974,0.4442,-0.0226
1787924880.757638,0.914086,-1.062346,1.641845,0.4162,-0.0226
1787924880.765231,0.913523,-1.060209,1.640611,0.3771,-0.0226
1787924880.770743,0.913143,-1.057693,1.639526,0.4020,-0.0226
1787924880.777305,0.913299,-1.055664,1.639310,0.3735,-0.0226
1787924880.783020,0.912518,-1.053272,1.637781,0.3894,-0.0226
1787924880.789743,0.912691,-1.050974,1.637499,0.3744,-0.0226
1787924880.799992,0.912396,-1.048821,1.637010,0.3256,-0.0226
1787924880.807630,0.911974,-1.046508,1.635812,0.3196,-0.0226
1787924880.812243,0.911863,-1.044178,1.635691,0.3754,-0.0226
1787924880.817575,0.911586,-1.041924,1.634605,0.3903,-0.0226
1787924880.824178,0.911404,-1.039616,1.634181,0.3784,-0.0226
1787924880.831580,0.911674,-1.037207,1.634857,0.3616,-0.0226
1787924880.837907,0.911272,-1.035133,1.633657,0.3525,-0.0357
1787924880.845018,0.911012,-1.032784,1.633439,0.3463,-0.0357
1787924880.851965,0.910567,-1.030388,1.632421,0.3469,-0.0357
1787924880.860836,0.910643,-1.028169,1.632304,0.3176,-0.0357
1787924880.865499,0.910514,-1.025658,1.631990,0.3840,-0.0357
1787924880.871501,0.910283,-1.023260,1.631747,0.3892,-0.0357
1787924880.879900,0.910079,-1.021095,1.631500,0.3501,-0.0357
1787924880.884257,0.910175,-1.018582,1.631840,0.4174,-0.0357
1787924880.890532,0.909928,-1.016195,1.631304,0.4068,-0.0357
1787924880.898221,0.909744,-1.014047,1.631273,0.3688,-0.0357
1787924880.904001,0.909534,-1.011593,1.630364,0.3860,-0.0357
1787924880.910738,0.909273,-1.009279,1.629866,0.3737,-0.0357
1787924880.923279,0.908323,-1.007184,1.629142,0.3130,-0.0357
1787924880.928655,0.907698,-1.004898,1.627537,0.3484,-0.0357
1787924880.932354,0.907893,-1.002708,1.628094,0.4203,-0.0357
1787924880.940932,0.907464,-1.000547,1.627298,0.3705,-0.0337
1787924880.945127,0.907078,-0.998201,1.626359,0.4285,-0.0337
1787924880.952782,0.907394,-0.996111,1.626668,0.3810,-0.0337
1787924880.962439,0.906812,-0.993708,1.625746,0.3422,-0.0337
1787924880.977013,0.906749,-0.991549,1.624786,0.2840,-0.0337
1787924880.979652,0.906125,-0.989458,1.623624,0.4400,-0.0337
1787924880.981438,0.905906,-0.987012,1.623382,0.7202,-0.0337
1787924880.985899,0.905757,-0.985048,1.623226,0.6365,-0.0337
1787924880.992034,0.905369,-0.982805,1.622244,0.5561,-0.0337
1787924880.999556,0.905036,-0.980466,1.621564,0.4831,-0.0337
1787924881.005097,0.905450,-0.978256,1.622496,0.4565,-0.0337
1787924881.014520,0.904879,-0.975998,1.621290,0.3923,-0.0337
1787924881.015437,0.904936,-0.973571,1.620876,1.0663,-0.0337
1787924881.023027,0.904501,-0.971516,1.620448,0.8284,-0.0337
1787924881.029577,0.904610,-0.969158,1.619817,0.6875,-0.0337
1787924881.037575,0.904040,-0.966816,1.618870,0.5700,-0.0281
1787924881.043825,0.904176,-0.964750,1.618755,0.4978,-0.0281
1787924881.050088,0.904131,-0.962225,1.619032,0.4693,-0.0281
1787924881.057289,0.903651,-0.959933,1.617524,0.4249,-0.0281
1787924881.064978,0.903556,-0.957893,1.617820,0.3771,-0.0281
1787924881.072921,0.903880,-0.955466,1.617880,0.3549,-0.0281
1787924881.078500,0.903176,-0.953099,1.617097,0.3773,-0.0281
1787924881.084771,0.903546,-0.951167,1.617396,0.3557,-0.0281
1787924881.091737,0.903332,-0.948652,1.617204,0.3576,-0.0281
1787924881.097703,0.902937,-0.946231,1.615751,0.3728,-0.0281
1787924881.110560,0.902637,-0.944125,1.615224,0.3104,-0.0281
1787924881.115103,0.902925,-0.941952,1.615374,0.3598,-0.0281
1787924881.118772,0.902173,-0.939725,1.613879,0.4364,-0.0281
1787924881.123812,0.902496,-0.937461,1.614014,0.4393,-0.0281
1787924881.131274,0.902208,-0.935428,1.613929,0.3897,-0.0281
1787924881.136840,0.902144,-0.933067,1.613267,0.4001,-0.0364
1787924881.143396,0.902152,-0.930955,1.613161,0.3766,-0.0364
1787924881.149816,0.902048,-0.928742,1.612841,0.3671,-0.0364
1787924881.156887,0.903197,-0.925954,1.612877,0.3731,-0.0364
1787924881.166116,0.902956,-0.923973,1.612346,0.3258,-0.0364
1787924881.167025,0.903153,-0.921533,1.612304,1.0296,-0.0364
1787924881.176734,0.902824,-0.919229,1.611344,0.7923,-0.0364
1787924881.184921,0.903167,-0.917035,1.611565,0.6344,-0.0364
1787924881.189809,0.902367,-0.914629,1.610309,0.5935,-0.0364
1787924881.198490,0.902913,-0.912388,1.610684,0.4921,-0.0364
1787924881.205138,0.902643,-0.910160,1.610574,0.4454,-0.0364
1787924881.210715,0.902703,-0.907997,1.610469,0.4280,-0.0364
1787924881.216893,0.902490,-0.905604,1.610170,0.4161,-0.0364
1787924881.224177,0.901996,-0.903428,1.608352,0.3816,-0.0364
1787924881.231363,0.901957,-0.901120,1.608186,0.3634,-0.0364
1787924881.237240,0.902142,-0.898809,1.608115,0.3719,-0.0247
1787924881.243366,0.901846,-0.896511,1.607500,0.3733,-0.0247
1787924881.249448,0.901698,-0.894131,1.606987,0.3790,-0.0247
1787924881.258015,0.901917,-0.891851,1.606984,0.3448,-0.0247
1787924881.264218,0.901518,-0.889438,1.606110,0.3586,-0.0247
1787924881.270966,0.901604,-0.887430,1.605761,0.3401,-0.0247
1787924881.277664,0.901865,-0.884651,1.605286,0.3621,-0.0247
1787924881.285352,0.901792,-0.882398,1.604698,0.3414,-0.0247
1787924881.290959,0.901745,-0.880156,1.604115,0.3589,-0.0247
1787924881.298975,0.901647,-0.877826,1.603391,0.3385,-0.0247
1787924881.307403,0.899766,-0.874925,1.600093,0.3422,-0.0247
1787924881.310435,0.900382,-0.872888,1.600482,0.4392,-0.0247
1787924881.318991,0.899760,-0.870701,1.599557,0.3847,-0.0247
1787924881.323669,0.898968,-0.868303,1.597496,0.4244,-0.0247
1787924881.330744,0.899531,-0.866221,1.598280,0.3847,-0.0247
1787924881.337322,0.899148,-0.864010,1.597192,0.3705,-0.0143
1787924881.344795,0.898712,-0.861549,1.595757,0.3586,-0.0143
1787924881.351126,0.898986,-0.859579,1.595952,0.3440,-0.0143
1787924881.357088,0.898491,-0.857127,1.594451,0.3648,-0.0143
1787924881.371440,0.898394,-0.854965,1.594185,0.3005,-0.0143
1787924881.375427,0.898426,-0.852840,1.593499,0.3702,-0.0143
1787924881.379510,0.898189,-0.850569,1.592973,0.4263,-0.0143
1787924881.384297,0.898138,-0.848255,1.592635,0.4435,-0.0143
1787924881.389478,0.898381,-0.846106,1.592858,0.4346,-0.0143
1787924881.398048,0.898485,-0.843925,1.592724,0.3804,-0.0143
1787924881.404336,0.897997,-0.841619,1.591773,0.3768,-0.0143
1787924881.409806,0.898359,-0.839423,1.591954,0.3837,-0.0143
1787924881.418283,0.898229,-0.837070,1.591412,0.3520,-0.0143
1787924881.423992,0.897924,-0.834773,1.590426,0.3674,-0.0143
1787924881.431582,0.897778,-0.832362,1.590257,0.3526,-0.0143
1787924881.437375,0.898141,-0.830382,1.590527,0.3489,-0.0125
1787924881.442999,0.897864,-0.827862,1.590152,0.3789,-0.0125
1787924881.451304,0.897737,-0.825903,1.588447,0.3361,-0.0125
1787924881.458469,0.897980,-0.823481,1.589196,0.3365,-0.0125
1787924881.465035,0.897696,-0.821252,1.588110,0.3375,-0.0125
1787924881.473097,0.897556,-0.818971,1.587725,0.3212,-0.0125
1787924881.478625,0.897632,-0.816685,1.587231,0.3489,-0.0125
1787924881.482963,0.897518,-0.814438,1.587033,0.3997,-0.0125
1787924881.491416,0.897573,-0.812059,1.586381,0.3642,-0.0125
1787924881.497355,0.897474,-0.809678,1.586695,0.3752,-0.0125
1787924881.504281,0.897508,-0.807458,1.586429,0.3588,-0.0125
1787924881.511435,0.897664,-0.805129,1.586159,0.3487,-0.0125
1787924881.517884,0.897652,-0.802922,1.586112,0.3468,-0.0125
1787924881.524561,0.897474,-0.800493,1.585279,0.3520,-0.0125
1787924881.531166,0.897263,-0.798350,1.584298,0.3438,-0.0125
1787924881.538533,0.897335,-0.796140,1.584506,0.3306,-0.0031
1787924881.543521,0.897126,-0.793542,1.583110,0.3879,-0.0031
1787924881.550519,0.897132,-0.791461,1.583114,0.3607,-0.0031
1787924881.558577,0.897343,-0.789212,1.582521,0.3361,-0.0031
1787924881.565017,0.896877,-0.786901,1.581441,0.3432,-0.0031
1787924881.570086,0.896745,-0.784748,1.581054,0.3677,-0.0031
1787924881.576440,0.896772,-0.782276,1.580409,0.3741,-0.0031
1787924881.584578,0.896877,-0.780097,1.580783,0.3422,-0.0031
1787924881.591119,0.896591,-0.777611,1.579457,0.3537,-0.0031
1787924881.599690,0.896881,-0.775355,1.580049,0.3264,-0.0031
1787924881.604265,0.896464,-0.773150,1.578884,0.3733,-0.0031
1787924881.611338,0.896618,-0.770542,1.578236,0.3719,-0.0031
1787924881.617973,0.896823,-0.768201,1.578814,0.3661,-0.0031
1787924881.626229,0.896334,-0.765815,1.577701,0.3431,-0.0031
1787924881.630759,0.896441,-0.763331,1.577661,0.4046,-0.0031
1787924881.637601,0.896708,-0.761211,1.578110,0.3761,0.0080
1787924881.643495,0.896295,-0.759044,1.576886,0.3737,0.0080
1787924881.650914,0.896127,-0.756403,1.576573,0.3684,0.0080
1787924881.658605,0.896673,-0.754116,1.577167,0.3470,0.0080
1787924881.667644,0.896067,-0.751816,1.575875,0.3193,0.0080
1787924881.672214,0.896368,-0.749397,1.576301,0.3822,0.0080
1787924881.678798,0.896232,-0.746983,1.575443,0.3775,0.0080
1787924881.685563,0.896159,-0.744814,1.575109,0.3605,0.0080
1787924881.696120,0.896024,-0.742408,1.575007,0.3207,0.0080
1787924881.697816,0.895982,-0.739916,1.574212,0.6652,0.0080
1787924881.706403,0.895834,-0.737862,1.573934,0.5374,0.0080
1787924881.710725,0.896054,-0.735289,1.573922,0.5548,0.0080
1787924881.718901,0.895608,-0.733079,1.572838,0.4694,0.0080
1787924881.724308,0.895727,-0.730799,1.572575,0.4551,0.0080
1787924881.730604,0.895677,-0.728345,1.572088,0.4355,0.0080
1787924881.737153,0.895182,-0.726129,1.571668,0.4064,0.0116
1787924881.743586,0.895047,-0.723708,1.570580,0.3974,0.0116
1787924881.751258,0.894953,-0.721597,1.570248,0.3607,0.0116
1787924881.754116,0.894685,-0.719028,1.569445,0.5222,0.0116
1787924881.765304,0.894812,-0.716693,1.569508,0.4281,0.0116
1787924881.771077,0.894471,-0.714478,1.568923,0.4148,0.0116
1787924881.780203,0.894317,-0.712128,1.568621,0.3676,0.0116
1787924881.784450,0.894470,-0.709652,1.568794,0.4323,0.0116
1787924881.790508,0.894265,-0.707543,1.568194,0.4070,0.0116
1787924881.799754,0.894076,-0.705040,1.568152,0.3661,0.0116
1787924881.804075,0.894164,-0.702445,1.568053,0.4364,0.0116
1787924881.811477,0.894110,-0.700472,1.568374,0.3854,0.0116
1787924881.818000,0.894048,-0.697831,1.567860,0.3913,0.0116
1787924881.824534,0.894694,-0.695485,1.568988,0.3817,0.0116
1787924881.831599,0.894154,-0.693389,1.568516,0.3561,0.0116
1787924881.836564,0.894213,-0.690747,1.568269,0.4090,0.0138
1787924881.846078,0.894522,-0.688612,1.569467,0.3536,0.0138
1787924881.851212,0.894401,-0.686333,1.568989,0.3807,0.0138
1787924881.857144,0.893640,-0.683768,1.567424,0.3961,0.0138
1787924881.862561,0.894515,-0.681539,1.569583,0.4008,0.0138
1787924881.872438,0.893915,-0.679277,1.568148,0.3492,0.0138
1787924881.877486,0.893768,-0.676745,1.567504,0.3949,0.0138
1787924881.883923,0.893688,-0.674625,1.566887,0.3752,0.0138
1787924881.891419,0.893633,-0.672593,1.566693,0.3440,0.0138
1787924881.897268,0.893277,-0.669911,1.565282,0.3782,0.0138
1787924881.904439,0.893707,-0.668037,1.565631,0.3432,0.0138
1787924881.911429,0.893449,-0.665675,1.565333,0.3416,0.0138
1787924881.918335,0.893395,-0.663209,1.564424,0.3462,0.0138
1787924881.924359,0.893575,-0.661233,1.564359,0.3408,0.0138
1787924881.929847,0.893036,-0.658878,1.563547,0.3671,0.0138
1787924881.936359,0.893169,-0.656611,1.563319,0.3615,0.0163
1787924881.943947,0.893035,-0.654415,1.562564,0.3398,0.0163
1787924881.950586,0.893065,-0.652197,1.562359,0.3381,0.0163
1787924881.958748,0.892834,-0.649967,1.562063,0.3185,0.0163
1787924881.964334,0.892734,-0.647875,1.561404,0.3353,0.0163
1787924881.970714,0.892930,-0.645523,1.561781,0.3454,0.0163
1787924881.978368,0.892738,-0.643339,1.561258,0.3273,0.0163
1787924881.985515,0.892675,-0.640969,1.560906,0.3285,0.0163
1787924881.990681,0.893080,-0.638638,1.561612,0.3655,0.0163
1787924881.997916,0.892491,-0.636341,1.560467,0.3509,0.0163
1787924882.004182,0.892655,-0.634145,1.560608,0.3508,0.0163
1787924882.010533,0.892598,-0.631931,1.560436,0.3501,0.0163
1787924882.019477,0.892782,-0.629506,1.560725,0.3265,0.0163
1787924882.025017,0.892950,-0.627145,1.561128,0.3564,0.0163
1787924882.032949,0.892791,-0.624874,1.560632,0.3354,0.0163
1787924882.037910,0.892495,-0.622371,1.560198,0.3859,0.0197
1787924882.043681,0.892378,-0.620151,1.560026,0.3855,0.0197
1787924882.051527,0.892438,-0.618091,1.559791,0.3486,0.0197
1787924882.058629,0.892133,-0.615490,1.559566,0.3537,0.0197
1787924882.064103,0.892388,-0.613382,1.560434,0.3633,0.0197
1787924882.071313,0.892348,-0.611282,1.559919,0.3417,0.0197
1787924882.078158,0.891990,-0.608659,1.559112,0.3539,0.0197
1787924882.087617,0.892254,-0.606707,1.559590,0.3098,0.0197
1787924882.092585,0.892122,-0.604504,1.559345,0.3498,0.0197
1787924882.100189,0.891906,-0.602043,1.559024,0.3418,0.0197
1787924882.104615,0.891991,-0.599735,1.558806,0.3958,0.0197
1787924882.110922,0.892147,-0.597718,1.559499,0.3731,0.0197
1787924882.116777,0.891488,-0.595439,1.557767,0.3774,0.0197
1787924882.125523,0.891514,-0.593051,1.558706,0.3461,0.0197
1787924882.130897,0.891700,-0.590988,1.558757,0.3576,0.0197
1787924882.139430,0.891260,-0.588565,1.558045,0.3353,0.0184
1787924882.144554,0.891845,-0.586074,1.558819,0.3810,0.0184
1787924882.151575,0.891209,-0.583963,1.557493,0.3565,0.0184
1787924882.156987,0.891006,-0.581639,1.557180,0.3782,0.0184
1787924882.166043,0.891425,-0.579260,1.557834,0.3437,0.0184
1787924882.173276,0.891394,-0.576999,1.557520,0.3344,0.0184
1787924882.180399,0.890529,-0.574736,1.556031,0.3288,0.0184
1787924882.184512,0.891427,-0.572314,1.557426,0.4076,0.0184
1787924882.191746,0.891294,-0.570014,1.557100,0.3807,0.0184
1787924882.198283,0.891218,-0.567850,1.556938,0.3657,0.0184
1787924882.204306,0.891904,-0.565386,1.557540,0.3792,0.0184
1787924882.210085,0.891649,-0.563151,1.557068,0.3813,0.0184
1787924882.217422,0.891318,-0.560856,1.556414,0.3605,0.0184
1787924882.225832,0.891849,-0.558416,1.557255,0.3397,0.0184
1787924882.231247,0.891626,-0.556015,1.556774,0.3706,0.0184
1787924882.237232,0.891668,-0.553715,1.556837,0.3747,0.0215
1787924882.243057,0.891690,-0.551444,1.556236,0.3793,0.0215
1787924882.251285,0.891712,-0.549029,1.556421,0.3535,0.0215
1787924882.257448,0.891433,-0.546832,1.555935,0.3542,0.0215
1787924882.265299,0.891827,-0.544545,1.556171,0.3355,0.0215
1787924882.270983,0.891652,-0.542213,1.555855,0.3578,0.0215
1787924882.277131,0.891291,-0.539835,1.554683,0.3662,0.0215
1787924882.285558,0.891653,-0.537739,1.555104,0.3311,0.0215
1787924882.291985,0.891176,-0.535297,1.554303,0.3454,0.0215
1787924882.297637,0.890897,-0.533197,1.553569,0.3530,0.0215
1787924882.304148,0.891277,-0.530863,1.553697,0.3549,0.0215
1787924882.310063,0.891036,-0.528516,1.553344,0.3673,0.0215
1787924882.318826,0.890971,-0.526371,1.552552,0.3305,0.0215
1787924882.324368,0.891000,-0.524311,1.552741,0.3428,0.0215
1787924882.330473,0.891153,-0.521806,1.552463,0.3632,0.0215
1787924882.335878,0.890888,-0.519521,1.552116,0.3808,0.0276
1787924882.343500,0.891063,-0.517306,1.552355,0.3539,0.0276
1787924882.350355,0.891173,-0.514766,1.552179,0.3589,0.0276
1787924882.362029,0.890802,-0.512614,1.551528,0.3063,0.0276
1787924882.368324,0.891240,-0.510329,1.552419,0.3237,0.0276
1787924882.373451,0.891086,-0.507822,1.551748,0.3731,0.0276
1787924882.378832,0.891026,-0.505655,1.551858,0.3819,0.0276
1787924882.385388,0.891344,-0.503415,1.552233,0.3701,0.0276
1787924882.390299,0.891157,-0.500958,1.551755,0.4089,0.0276
1787924882.398201,0.891236,-0.498699,1.551910,0.3720,0.0276
1787924882.404138,0.891187,-0.496443,1.551656,0.3743,0.0276
1787924882.411147,0.891311,-0.493954,1.551359,0.3687,0.0276
1787924882.416385,0.891508,-0.491847,1.551818,0.3789,0.0276
1787924882.423497,0.891267,-0.489447,1.550978,0.3663,0.0276
1787924882.433490,0.891329,-0.487049,1.551548,0.3284,0.0303
1787924882.437598,0.891091,-0.484662,1.550875,0.4039,0.0303
1787924882.445594,0.890804,-0.482337,1.550242,0.3697,0.0303
1787924882.452756,0.891029,-0.480020,1.550830,0.3560,0.0303
1787924882.457892,0.890871,-0.477661,1.549748,0.3867,0.0303
1787924882.464210,0.890948,-0.475433,1.550010,0.3766,0.0303
1787924882.470800,0.891208,-0.473013,1.550069,0.3740,0.0303
1787924882.480705,0.890855,-0.470564,1.549138,0.3357,0.0303
1787924882.486642,0.891237,-0.468521,1.549520,0.3386,0.0303
1787924882.491872,0.891346,-0.466086,1.549616,0.3768,0.0303
1787924882.497149,0.890884,-0.463780,1.548317,0.3942,0.0303
1787924882.504505,0.891031,-0.461652,1.548721,0.3629,0.0303
1787924882.510174,0.891399,-0.459228,1.548806,0.3826,0.0303
1787924882.518288,0.891193,-0.456847,1.548036,0.3557,0.0303
1787924882.523439,0.891350,-0.454725,1.548428,0.3728,0.0303
1787924882.529899,0.891326,-0.452290,1.548111,0.3740,0.0303
1787924882.538141,0.891546,-0.450014,1.548529,0.3448,0.0368
1787924882.544507,0.891621,-0.447481,1.548247,0.3607,0.0368
1787924882.550923,0.891864,-0.445333,1.549023,0.3532,0.0368
1787924882.557627,0.891718,-0.442949,1.548172,0.3537,0.0368
1787924882.563393,0.891587,-0.440366,1.547922,0.3818,0.0368
1787924882.572935,0.891998,-0.438141,1.548376,0.3375,0.0368
1787924882.577426,0.891696,-0.435726,1.547683,0.3971,0.0368
1787924882.584275,0.891788,-0.433165,1.547649,0.3902,0.0368
1787924882.591004,0.891737,-0.430943,1.547607,0.3721,0.0368
1787924882.600060,0.891779,-0.428668,1.547422,0.3359,0.0368
1787924882.605929,0.891639,-0.426151,1.546853,0.3635,0.0368
1787924882.613060,0.891601,-0.423909,1.546847,0.3488,0.0368
1787924882.613922,0.891788,-0.421625,1.546569,1.0403,0.0368
1787924882.624953,0.891542,-0.419170,1.546263,0.7947,0.0368
1787924882.630106,0.891411,-0.416740,1.545555,0.6976,0.0368
1787924882.637301,0.891855,-0.414431,1.546016,0.5850,0.0413
1787924882.643711,0.891963,-0.412220,1.546404,0.5131,0.0413
1787924882.652108,0.891235,-0.409642,1.545147,0.4506,0.0413
1787924882.656666,0.891519,-0.407368,1.545378,0.4655,0.0413
1787924882.664213,0.891327,-0.405059,1.545069,0.4174,0.0413
1787924882.671237,0.891251,-0.402578,1.544791,0.3980,0.0413
1787924882.677625,0.891718,-0.400342,1.545278,0.3842,0.0413
1787924882.686984,0.891181,-0.397976,1.544553,0.3443,0.0413
1787924882.693465,0.891131,-0.395539,1.544069,0.3537,0.0413
1787924882.697477,0.891643,-0.393247,1.544839,0.4200,0.0413
1787924882.705193,0.891097,-0.391089,1.544048,0.3773,0.0413
1787924882.712710,0.891115,-0.388597,1.543910,0.3635,0.0413
1787924882.719344,0.891468,-0.386375,1.544852,0.3553,0.0413
1787924882.725611,0.891220,-0.384053,1.543999,0.3595,0.0413
1787924882.731378,0.891208,-0.381377,1.543992,0.3908,0.0413
1787924882.737291,0.891712,-0.379370,1.545237,0.3760,0.0431
1787924882.743882,0.891605,-0.377033,1.544946,0.3694,0.0431
1787924882.753752,0.891155,-0.374358,1.544676,0.3395,0.0431
1787924882.757584,0.891566,-0.372116,1.545353,0.4140,0.0431
1787924882.764052,0.891656,-0.369681,1.545379,0.4028,0.0431
1787924882.771672,0.891225,-0.367150,1.545228,0.3811,0.0431
1787924882.777419,0.891705,-0.364875,1.545998,0.3861,0.0431
1787924882.783598,0.891546,-0.362668,1.545923,0.3772,0.0431
1787924882.791218,0.891435,-0.360006,1.545964,0.3687,0.0431
1787924882.798226,0.891720,-0.357865,1.546827,0.3500,0.0431
1787924882.804670,0.891453,-0.355664,1.546766,0.3471,0.0431
1787924882.812541,0.891652,-0.352953,1.546382,0.3465,0.0431
1787924882.817436,0.891878,-0.350899,1.547520,0.3687,0.0431
1787924882.824667,0.891931,-0.348502,1.547239,0.3576,0.0431
1787924882.830536,0.891704,-0.346014,1.547002,0.3772,0.0431
1787924882.836890,0.891976,-0.343918,1.547627,0.3632,0.0651
1787924882.846115,0.891896,-0.341527,1.546971,0.3319,0.0651
1787924882.851552,0.891647,-0.339220,1.546634,0.3593,0.0651
1787924882.856558,0.891849,-0.336971,1.546982,0.3866,0.0651
1787924882.863638,0.891788,-0.334680,1.547010,0.3675,0.0651
1787924882.870901,0.891605,-0.332448,1.546113,0.3493,0.0651
1787924882.878769,0.891626,-0.330108,1.546063,0.3337,0.0651
1787924882.885160,0.891312,-0.327727,1.545285,0.3450,0.0651
1787924882.890080,0.891170,-0.325449,1.544817,0.3801,0.0651
1787924882.897156,0.891435,-0.323374,1.545651,0.3543,0.0651
1787924882.907253,0.891424,-0.321089,1.545298,0.3159,0.0651
1787924882.911353,0.891088,-0.318642,1.544555,0.3994,0.0651
1787924882.918733,0.891491,-0.316539,1.545704,0.3655,0.0651
1787924882.924309,0.891222,-0.314275,1.544921,0.3772,0.0651
1787924882.931399,0.891081,-0.311920,1.545000,0.3635,0.0651
1787924882.937593,0.890970,-0.309601,1.544659,0.3666,0.0682
1787924882.940675,0.891247,-0.307428,1.545069,0.4688,0.0682
1787924882.946540,0.891089,-0.305122,1.545297,0.4458,0.0682
1787924882.957133,0.891062,-0.302612,1.545373,0.3831,0.0682
1787924882.968625,0.891330,-0.300488,1.545950,0.3238,0.0682
1787924882.975856,0.891007,-0.298184,1.545559,0.3219,0.0682
1787924882.980472,0.890803,-0.295783,1.545584,0.3810,0.0682
1787924882.985115,0.891199,-0.293533,1.545982,0.4126,0.0682
1787924882.993632,0.890668,-0.291324,1.545651,0.3662,0.0682
1787924883.000159,0.890947,-0.288986,1.546294,0.3640,0.0682
1787924883.005252,0.890882,-0.286554,1.546014,0.3979,0.0682
1787924883.008619,0.890757,-0.284618,1.546590,0.4507,0.0682
1787924883.017083,0.890430,-0.281991,1.545946,0.4083,0.0682
1787924883.023527,0.890853,-0.279930,1.546596,0.3822,0.0682
1787924883.031614,0.890946,-0.277790,1.546864,0.3470,0.0682
1787924883.037318,0.890537,-0.275474,1.546412,0.3641,0.0653
1787924883.044141,0.891012,-0.273281,1.547464,0.3518,0.0653
1787924883.047075,0.891197,-0.271015,1.547968,0.4783,0.0653
1787924883.056302,0.890562,-0.268825,1.546899,0.4055,0.0653
1787924883.064435,0.890708,-0.266478,1.547634,0.3705,0.0653
1787924883.071223,0.890625,-0.264042,1.547123,0.3669,0.0653
1787924883.077857,0.890460,-0.261881,1.547056,0.3544,0.0653
1787924883.083946,0.890741,-0.259560,1.547964,0.3627,0.0653
1787924883.090570,0.890911,-0.257076,1.548560,0.3665,0.0653
1787924883.097206,0.890420,-0.255132,1.547885,0.3439,0.0653
1787924883.101353,0.890942,-0.252579,1.548365,0.4262,0.0653
1787924883.110856,0.890829,-0.250326,1.548511,0.3694,0.0653
1787924883.118013,0.890611,-0.247731,1.548151,0.3671,0.0653
1787924883.124846,0.890309,-0.245250,1.547913,0.3656,0.0653
1787924883.130652,0.890709,-0.243046,1.548798,0.3702,0.0653
1787924883.137149,0.890730,-0.240699,1.548606,0.3675,0.1072
1787924883.145779,0.890138,-0.238287,1.547833,0.3406,0.1072
1787924883.150590,0.890526,-0.235876,1.548215,0.3893,0.1072
1787924883.157628,0.890818,-0.233604,1.548990,0.3696,0.1072
1787924883.164805,0.890626,-0.231348,1.548541,0.3528,0.1072
1787924883.170969,0.890477,-0.228725,1.547855,0.3745,0.1072
1787924883.177126,0.890697,-0.226654,1.548477,0.3632,0.1072
1787924883.180259,0.890330,-0.224236,1.547880,0.4849,0.1072
1787924883.189715,0.890482,-0.222002,1.548092,0.4104,0.1072
1787924883.198875,0.890837,-0.219189,1.547610,0.3797,0.1072
1787924883.204859,0.890389,-0.217062,1.547613,0.3718,0.1072
1787924883.213768,0.890681,-0.214858,1.547962,0.3347,0.1072
1787924883.218301,0.890767,-0.212327,1.548169,0.4019,0.1072
1787924883.225854,0.890488,-0.210117,1.547461,0.3688,0.1072
1787924883.231500,0.890875,-0.207874,1.548084,0.3778,0.1072
1787924883.238139,0.890885,-0.205432,1.548203,0.3748,0.1151
1787924883.245047,0.890339,-0.202614,1.547662,0.3841,0.1151
1787924883.250228,0.890157,-0.200495,1.547366,0.3913,0.1151
1787924883.257600,0.890474,-0.198111,1.547929,0.3712,0.1151
1787924883.260550,0.890337,-0.195867,1.547900,0.4876,0.1151
1787924883.266546,0.889935,-0.193683,1.547612,0.4501,0.1151
1787924883.273277,0.890948,-0.191189,1.548846,0.4272,0.1151
1787924883.283821,0.890367,-0.189037,1.548506,0.3599,0.1151
1787924883.292825,0.890103,-0.187027,1.547880,0.3187,0.1151
1787924883.297126,0.890830,-0.184410,1.549300,0.4067,0.1151
1787924883.307360,0.890173,-0.182143,1.548092,0.3507,0.1151
1787924883.310868,0.890255,-0.180076,1.548929,0.4224,0.1151
1787924883.317736,0.890354,-0.177550,1.549022,0.4061,0.1151
1787924883.325169,0.890058,-0.175252,1.548616,0.3767,0.1151
1787924883.332987,0.890323,-0.173105,1.549272,0.3463,0.1161
1787924883.337833,0.890111,-0.170867,1.549325,0.3806,0.1161
1787924883.344613,0.889351,-0.168029,1.548424,0.3912,0.1161
1787924883.350987,0.889969,-0.165896,1.549588,0.3748,0.1161
1787924883.358083,0.889147,-0.163429,1.548422,0.3659,0.1161
1787924883.367318,0.889498,-0.160852,1.549514,0.3401,0.1161
1787924883.370867,0.889709,-0.158762,1.549819,0.4151,0.1161
1787924883.377254,0.889223,-0.156180,1.548927,0.4113,0.1161
1787924883.384331,0.889699,-0.153787,1.550301,0.3897,0.1161
1787924883.390996,0.889601,-0.151811,1.550159,0.3616,0.1161
1787924883.398401,0.889177,-0.149254,1.549424,0.3564,0.1161
1787924883.403461,0.889531,-0.146827,1.550025,0.3937,0.1161
1787924883.409034,0.889716,-0.144722,1.550608,0.3891,0.1161
1787924883.418049,0.889441,-0.142444,1.550410,0.3480,0.1161
1787924883.423855,0.888855,-0.139644,1.549949,0.3876,0.1161
1787924883.432040,0.889712,-0.137588,1.551269,0.3473,0.1161
1787924883.436944,0.889242,-0.135353,1.550773,0.3792,0.1732
1787924883.445527,0.888916,-0.132900,1.550294,0.3509,0.1732
1787924883.450935,0.889651,-0.130400,1.551524,0.3851,0.1732
1787924883.457855,0.889184,-0.128362,1.551280,0.3575,0.1732
1787924883.464658,0.889524,-0.125726,1.551709,0.3668,0.1732
1787924883.471346,0.889930,-0.123374,1.552133,0.3625,0.1732
1787924883.476578,0.889474,-0.121003,1.552153,0.3892,0.1732
1787924883.484503,0.889753,-0.118394,1.552460,0.3714,0.1732
1787924883.492489,0.889972,-0.116397,1.553230,0.3352,0.1732
1787924883.497807,0.889535,-0.114088,1.552936,0.3644,0.1732
1787924883.505278,0.889931,-0.111514,1.553494,0.3587,0.1732
1787924883.511706,0.890393,-0.109085,1.554543,0.3647,0.1732
1787924883.516658,0.889665,-0.106715,1.552668,0.3981,0.1732
1787924883.525264,0.889640,-0.104377,1.552943,0.3601,0.1732
1787924883.531224,0.889755,-0.101746,1.553032,0.3846,0.1732
1787924883.537883,0.890079,-0.099476,1.553751,0.3718,0.1809
1787924883.544012,0.889664,-0.097133,1.553442,0.3745,0.1809
1787924883.550101,0.889859,-0.094562,1.554142,0.3890,0.1809
1787924883.559525,0.889913,-0.092216,1.554278,0.3470,0.1809
1787924883.564612,0.889394,-0.089901,1.554119,0.3789,0.1809
1787924883.572615,0.889944,-0.087270,1.554659,0.3642,0.1809
1787924883.578053,0.889465,-0.084838,1.554532,0.3887,0.1809
1787924883.583352,0.889328,-0.082395,1.554671,0.4102,0.1809
1787924883.590890,0.889995,-0.080035,1.555595,0.3815,0.1809
1787924883.597933,0.889409,-0.077560,1.555141,0.3721,0.1809
1787924883.603500,0.889072,-0.075186,1.555057,0.3880,0.1809
1787924883.610468,0.889581,-0.072828,1.556057,0.3735,0.1809
1787924883.619040,0.889318,-0.070419,1.556274,0.3456,0.1809
1787924883.624707,0.889278,-0.068064,1.556278,0.3665,0.1809
1787924883.631156,0.889509,-0.065854,1.557571,0.3595,0.1809
1787924883.634639,0.889176,-0.063243,1.557304,0.4762,0.1903
1787924883.643188,0.888919,-0.060947,1.556806,0.4138,0.1903
1787924883.650945,0.889036,-0.058581,1.558083,0.3812,0.1903
1787924883.653181,0.888975,-0.056006,1.558482,0.6122,0.1903
1787924883.663377,0.888594,-0.053732,1.558323,0.4953,0.1903
1787924883.669437,0.888721,-0.051423,1.559269,0.4611,0.1903
1787924883.677913,0.888457,-0.048761,1.559128,0.4168,0.1903
1787924883.683955,0.888293,-0.046314,1.559828,0.4132,0.1903
1787924883.691129,0.888074,-0.044125,1.560255,0.3807,0.1903
1787924883.697790,0.887760,-0.041365,1.559686,0.3906,0.1903
1787924883.703717,0.887678,-0.039044,1.560418,0.3909,0.1903
1787924883.711277,0.888556,-0.036650,1.562472,0.3689,0.1903
1787924883.718099,0.887269,-0.033890,1.560395,0.3790,0.1903
1787924883.726209,0.887769,-0.031554,1.562478,0.3519,0.1903
1787924883.730777,0.887664,-0.029319,1.562612,0.3931,0.1903
1787924883.736903,0.887553,-0.026738,1.563085,0.4015,0.2757
1787924883.744488,0.888005,-0.024533,1.565396,0.3683,0.2757
1787924883.753345,0.887929,-0.022194,1.565547,0.3370,0.2757
1787924883.759283,0.887976,-0.019813,1.566143,0.3562,0.2757
1787924883.765146,0.887525,-0.017033,1.566326,0.3915,0.2757
1787924883.771294,0.887612,-0.014776,1.566761,0.3842,0.2757
1787924883.777651,0.887490,-0.012405,1.567108,0.3808,0.2757
1787924883.784027,0.886786,-0.009769,1.566936,0.3905,0.2757
1787924883.791252,0.887408,-0.007548,1.568175,0.3656,0.2757
1787924883.802081,0.886545,-0.005030,1.566784,0.3256,0.2757
1787924883.806026,0.886394,-0.002874,1.566927,0.3918,0.2757
1787924883.813905,0.886467,-0.000685,1.566814,0.3576,0.2757
1787924883.820297,0.886281,0.001839,1.566939,0.3688,0.2757
1787924883.824327,0.885721,0.004175,1.566400,0.4318,0.2757
1787924883.832612,0.885711,0.006309,1.566559,0.3795,0.2757
1787924883.841764,0.886269,0.008854,1.568551,0.3491,0.2781
1787924883.846417,0.885504,0.011314,1.567699,0.4029,0.2781
1787924883.851696,0.885681,0.013426,1.568879,0.4021,0.2781
1787924883.858210,0.885766,0.015775,1.570249,0.3896,0.2781
1787924883.865530,0.885480,0.018280,1.570949,0.3754,0.2781
1787924883.870502,0.885162,0.020456,1.571165,0.3941,0.2781
1787924883.882797,0.885745,0.023165,1.573197,0.3419,0.2781
1787924883.885532,0.885319,0.025488,1.573959,0.4943,0.2781
1787924883.890415,0.885448,0.027671,1.575037,0.4801,0.2781
1787924883.898319,0.885577,0.030214,1.576554,0.4325,0.2781
1787924883.905456,0.885219,0.032553,1.577471,0.4012,0.2781
1787924883.911259,0.885242,0.034959,1.578452,0.4052,0.2781
1787924883.921209,0.885396,0.037554,1.579523,0.3619,0.2781
1787924883.924886,0.884963,0.039712,1.580321,0.4297,0.2781
1787924883.933475,0.885277,0.042079,1.582378,0.3833,0.2778
1787924883.938128,0.884984,0.044665,1.582821,0.4353,0.2778
1787924883.947104,0.884527,0.046773,1.583703,0.3753,0.2778
1787924883.954027,0.884799,0.049349,1.585519,0.3742,0.2778
1787924883.956961,0.884681,0.051657,1.586799,0.4980,0.2778
1787924883.964034,0.884048,0.054017,1.587192,0.4492,0.2778
1787924883.972510,0.884230,0.056553,1.588976,0.4040,0.2778
1787924883.978297,0.884079,0.058702,1.589915,0.3943,0.2778
1787924883.987180,0.883958,0.061062,1.591186,0.3558,0.2778
1787924883.995521,0.883751,0.063458,1.592610,0.3354,0.2778
1787924883.998302,0.883807,0.065673,1.593772,0.4736,0.2778
1787924884.003800,0.883652,0.068045,1.595092,0.4611,0.2778
1787924884.011185,0.884114,0.070900,1.595923,0.4382,0.2778
1787924884.018699,0.883775,0.073014,1.597235,0.3915,0.2778
1787924884.025207,0.883394,0.075313,1.598493,0.3805,0.2778
1787924884.033339,0.883341,0.077860,1.598996,0.3603,0.3666
1787924884.039087,0.883597,0.080093,1.600837,0.3683,0.3666
1787924884.054410,0.882821,0.082472,1.601233,0.3048,0.3666
1787924884.058749,0.883034,0.084709,1.602566,0.3675,0.3666
1787924884.065650,0.882867,0.087206,1.603384,0.3660,0.3666
1787924884.067143,0.882391,0.089370,1.604331,0.6938,0.3666
1787924884.076653,0.882534,0.091674,1.606080,0.5581,0.3666
1787924884.080108,0.881652,0.094241,1.606330,0.6162,0.3666
1787924884.086097,0.881211,0.096744,1.606680,0.5574,0.3666
1787924884.092770,0.881752,0.098924,1.609068,0.4872,0.3666
1787924884.099924,0.881001,0.101309,1.608812,0.4421,0.3666
1787924884.105732,0.880432,0.103632,1.609169,0.4306,0.3666
1787924884.111789,0.880581,0.106283,1.609381,0.4323,0.3666
1787924884.119632,0.880471,0.108504,1.610347,0.3877,0.3666
1787924884.127732,0.879537,0.110828,1.609713,0.3587,0.3666
1787924884.131080,0.879624,0.113304,1.611084,0.4724,0.3666
1787924884.137490,0.879451,0.115553,1.612116,0.4362,0.3696
1787924884.145943,0.879240,0.117755,1.613491,0.3838,0.3696
1787924884.151648,0.878847,0.120310,1.614413,0.4037,0.3696
1787924884.157722,0.878644,0.122383,1.615484,0.3854,0.3696
1787924884.165749,0.878733,0.124660,1.617565,0.3546,0.3696
1787924884.172631,0.878353,0.127123,1.618296,0.3562,0.3696
1787924884.176767,0.878072,0.129351,1.619836,0.4118,0.3696
1787924884.184673,0.877789,0.131583,1.621756,0.3734,0.3696
1787924884.191113,0.878113,0.133888,1.624048,0.3678,0.3696
1787924884.201006,0.877735,0.136227,1.625278,0.3289,0.3696
1787924884.205778,0.877546,0.138677,1.627218,0.3847,0.3696
1787924884.212384,0.877621,0.140886,1.629048,0.3692,0.3696
1787924884.218303,0.877323,0.143256,1.630845,0.3793,0.3696
1787924884.224573,0.877019,0.145583,1.632412,0.3775,0.3696
1787924884.232152,0.877079,0.147844,1.634574,0.3534,0.3696
1787924884.240361,0.876604,0.150369,1.635437,0.3406,0.4559
1787924884.243947,0.875943,0.152803,1.636182,0.4452,0.4559
1787924884.251150,0.876404,0.155023,1.639305,0.4026,0.4559
1787924884.258828,0.875146,0.157253,1.639243,0.3721,0.4559
1787924884.263760,0.874947,0.159594,1.640882,0.4034,0.4559
1787924884.272175,0.875128,0.162284,1.642973,0.3775,0.4559
1787924884.280827,0.874249,0.164346,1.643692,0.3378,0.4559
1787924884.286612,0.874393,0.166606,1.645860,0.3527,0.4559
1787924884.290850,0.873865,0.169073,1.646770,0.4239,0.4559
1787924884.297385,0.873095,0.171234,1.646938,0.3983,0.4559
1787924884.303585,0.873213,0.173704,1.648623,0.3975,0.4559
1787924884.311237,0.872553,0.175960,1.649988,0.3685,0.4559
1787924884.318698,0.872340,0.178435,1.651777,0.3578,0.4559
1787924884.323991,0.872104,0.180886,1.653415,0.3900,0.4559
1787924884.333344,0.871387,0.183054,1.654827,0.3443,0.4559
1787924884.340679,0.871350,0.185528,1.657236,0.3419,0.4470
1787924884.344779,0.871408,0.187787,1.659553,0.4036,0.4470
1787924884.351022,0.870903,0.190003,1.661265,0.3908,0.4470
1787924884.358171,0.870882,0.192458,1.664078,0.3762,0.4470
1787924884.364894,0.870255,0.194856,1.665759,0.3725,0.4470
1787924884.370310,0.870467,0.196959,1.669078,0.3755,0.4470
1787924884.379269,0.869867,0.199483,1.671103,0.3490,0.4470
1787924884.384948,0.870133,0.201513,1.674294,0.3495,0.4470
1787924884.389907,0.869781,0.203626,1.676863,0.3740,0.4470
1787924884.400794,0.869524,0.206140,1.678657,0.3314,0.4470
1787924884.405893,0.869541,0.208098,1.681684,0.3464,0.4470
1787924884.412177,0.869573,0.210317,1.684493,0.3476,0.4470
1787924884.417445,0.868688,0.212546,1.685636,0.3752,0.4470
1787924884.426822,0.869355,0.214816,1.689472,0.3322,0.4470
1787924884.433171,0.868726,0.216868,1.691047,0.3324,0.4325
1787924884.437479,0.868060,0.219133,1.693143,0.3949,0.4325
1787924884.445325,0.868193,0.221372,1.695512,0.3607,0.4325
1787924884.451225,0.867339,0.223491,1.697229,0.3649,0.4325
1787924884.458328,0.867277,0.225552,1.699451,0.3421,0.4325
1787924884.464384,0.866790,0.227792,1.701510,0.3526,0.4325
1787924884.470879,0.866025,0.229883,1.702681,0.3472,0.4325
1787924884.481787,0.866139,0.232021,1.705222,0.3009,0.4325
1787924884.483757,0.865373,0.234195,1.706668,0.5544,0.4325
1787924884.490567,0.864792,0.236190,1.708539,0.4787,0.4325
1787924884.499580,0.864528,0.238440,1.710504,0.4105,0.4325
1787924884.504661,0.864041,0.240391,1.712622,0.4054,0.4325
1787924884.510920,0.863286,0.242756,1.714019,0.4012,0.4325
1787924884.517724,0.862496,0.244845,1.715032,0.3770,0.4325
1787924884.524713,0.861278,0.246987,1.716466,0.3624,0.4325
1787924884.530075,0.861545,0.249156,1.719114,0.3715,0.4325
1787924884.539153,0.860779,0.251187,1.720551,0.3302,0.5043
1787924884.546492,0.859803,0.253203,1.721758,0.3186,0.5043
1787924884.554818,0.859682,0.255312,1.724418,0.2988,0.5043
1787924884.559893,0.858618,0.257482,1.725272,0.3456,0.5043
1787924884.564821,0.857900,0.259613,1.727199,0.3769,0.5043
1787924884.570508,0.857602,0.261800,1.729469,0.3802,0.5043
1787924884.577390,0.857039,0.264014,1.731435,0.3654,0.5043
1787924884.584912,0.856055,0.265960,1.733142,0.3386,0.5043
1787924884.590818,0.855851,0.268144,1.735706,0.3482,0.5043
1787924884.598123,0.854905,0.270441,1.736562,0.3432,0.5043
1787924884.603234,0.854667,0.272433,1.739130,0.3579,0.5043
1787924884.609695,0.853827,0.274728,1.740800,0.3621,0.5043
1787924884.618087,0.853294,0.277013,1.743003,0.3372,0.5043
1787924884.623869,0.852554,0.279050,1.744393,0.3468,0.5043
1787924884.632125,0.851867,0.281317,1.747369,0.3282,0.5043
1787924884.639071,0.852172,0.283677,1.750898,0.3277,0.4920
1787924884.647316,0.851156,0.285692,1.752188,0.3082,0.4920
1787924884.652583,0.850729,0.288002,1.754938,0.3495,0.4920
1787924884.656760,0.850705,0.290289,1.758278,0.4064,0.4920
1787924884.663099,0.850293,0.292292,1.760814,0.3812,0.4920
1787924884.670132,0.849587,0.294596,1.762764,0.3691,0.4920
1787924884.678039,0.849479,0.296768,1.765730,0.3400,0.4920
1787924884.686410,0.848687,0.298625,1.767965,0.3088,0.4920
1787924884.690870,0.848219,0.301035,1.769375,0.3813,0.4920
1787924884.698868,0.847977,0.302973,1.772498,0.3400,0.4920
1787924884.704195,0.846649,0.304907,1.773398,0.3597,0.4920
1787924884.711937,0.846673,0.306939,1.776631,0.3287,0.4920
1787924884.718427,0.846326,0.308931,1.779318,0.3235,0.4920
1787924884.724396,0.845266,0.311034,1.780477,0.3409,0.4920
1787924884.733798,0.844780,0.313042,1.782589,0.3045,0.4742
1787924884.740795,0.844329,0.314933,1.784586,0.2965,0.4742
1787924884.745720,0.842956,0.316842,1.785313,0.3390,0.4742
1787924884.753118,0.842986,0.318889,1.788670,0.3180,0.4742
1787924884.757554,0.841844,0.320758,1.789277,0.3628,0.4742
1787924884.764605,0.841152,0.322831,1.791271,0.3465,0.4742
1787924884.771129,0.840698,0.324824,1.793667,0.3365,0.4742
1787924884.776457,0.839879,0.326912,1.795302,0.3605,0.4742
1787924884.786268,0.839361,0.328785,1.798198,0.3117,0.4742
1787924884.791310,0.838964,0.331042,1.800360,0.3543,0.4742
1787924884.803087,0.837757,0.333157,1.801994,0.3075,0.4742
1787924884.806556,0.837218,0.335018,1.804760,0.3827,0.4742
1787924884.811759,0.836852,0.337206,1.807349,0.3955,0.4742
1787924884.818936,0.836205,0.339314,1.810813,0.3688,0.4742
1787924884.825250,0.835366,0.341263,1.813113,0.3576,0.4742
1787924884.830277,0.834675,0.343522,1.815356,0.3911,0.4742
1787924884.837637,0.833948,0.345492,1.818565,0.3589,0.5416
1787924884.846057,0.832984,0.347492,1.820655,0.3288,0.5416
1787924884.854049,0.832766,0.349816,1.824101,0.3167,0.5416
1787924884.857878,0.831695,0.351725,1.826155,0.3876,0.5416
1787924884.863217,0.831119,0.353964,1.828788,0.4012,0.5416
1787924884.871472,0.830570,0.355894,1.831220,0.3537,0.5416
1787924884.878300,0.829974,0.357890,1.834137,0.3391,0.5416
1787924884.884472,0.828783,0.359898,1.835664,0.3467,0.5416
1787924884.891904,0.828842,0.361918,1.838672,0.3207,0.5416
1787924884.897189,0.827531,0.363559,1.839792,0.3341,0.5416
1787924884.905446,0.826577,0.365518,1.841256,0.3117,0.5416
1787924884.910960,0.826378,0.367537,1.844167,0.3269,0.5416
1787924884.917487,0.825606,0.369550,1.846051,0.3275,0.5416
1787924884.923774,0.824646,0.371374,1.848209,0.3255,0.5416
1787924884.931457,0.824009,0.373282,1.849951,0.3063,0.5416
1787924884.938579,0.823789,0.375278,1.853221,0.2977,0.5212
1787924884.946744,0.822693,0.377024,1.854524,0.2813,0.5212
1787924884.950557,0.822665,0.379094,1.857372,0.3537,0.5212
1787924884.957490,0.821355,0.380981,1.859169,0.3420,0.5212
1787924884.963541,0.820903,0.382717,1.862200,0.3283,0.5212
1787924884.971300,0.820730,0.384811,1.865302,0.3092,0.5212
1787924884.977390,0.819693,0.386728,1.867584,0.3217,0.5212
1787924884.983615,0.818724,0.388432,1.869912,0.3174,0.5212
1787924884.993157,0.819249,0.390870,1.875052,0.2904,0.5212
1787924884.998215,0.818077,0.392688,1.877394,0.3270,0.5212
1787924885.005673,0.817270,0.394439,1.880571,0.3059,0.5212
1787924885.010535,0.817229,0.396852,1.884373,0.3565,0.5212
1787924885.020147,0.816148,0.398765,1.887065,0.3168,0.5212
1787924885.024923,0.814986,0.400412,1.888974,0.3429,0.5212
1787924885.032487,0.815437,0.402787,1.894196,0.3237,0.5212
1787924885.037595,0.814063,0.404741,1.895158,0.3610,0.4961
1787924885.046990,0.813335,0.406272,1.898050,0.3065,0.4961
1787924885.051234,0.812356,0.408227,1.899794,0.3677,0.4961
1787924885.057496,0.811637,0.410314,1.902327,0.3631,0.4961
1787924885.066854,0.810351,0.411956,1.903339,0.3174,0.4961
1787924885.071339,0.809393,0.413831,1.906321,0.3617,0.4961
1787924885.078474,0.808795,0.415810,1.908210,0.3400,0.4961
1787924885.083765,0.807856,0.417407,1.910471,0.3411,0.4961
1787924885.091007,0.806694,0.419244,1.912301,0.3266,0.4961
1787924885.099668,0.806196,0.421030,1.914977,0.2927,0.4961
1787924885.105216,0.805357,0.422971,1.916728,0.3190,0.4961
1787924885.110283,0.803930,0.424581,1.918121,0.3417,0.4961
1787924885.118972,0.803365,0.426304,1.921129,0.3018,0.4961
1787924885.124791,0.802540,0.428236,1.922767,0.3194,0.4961
1787924885.130731,0.801493,0.429918,1.925723,0.3216,0.4961
1787924885.137753,0.800857,0.431837,1.928594,0.3114,0.5477
1787924885.144608,0.800263,0.433804,1.931743,0.3077,0.5477
1787924885.151155,0.799065,0.435413,1.933295,0.3038,0.5477
1787924885.159382,0.798641,0.437610,1.936727,0.2930,0.5477
1787924885.165041,0.797241,0.439425,1.937924,0.3215,0.5477
1787924885.170349,0.796443,0.441142,1.940491,0.3319,0.5477
1787924885.177232,0.796053,0.443290,1.944004,0.3257,0.5477
1787924885.183718,0.794859,0.445085,1.946109,0.3255,0.5477
1787924885.190959,0.794105,0.446804,1.948957,0.3056,0.5477
1787924885.198370,0.793175,0.448638,1.950789,0.2968,0.5477
1787924885.203669,0.792025,0.450559,1.952755,0.3329,0.5477
1787924885.211570,0.791188,0.452520,1.954957,0.3140,0.5477
1787924885.217622,0.790545,0.454357,1.958094,0.3162,0.5477
1787924885.225207,0.789576,0.456146,1.960263,0.3013,0.5477
1787924885.231261,0.788569,0.458105,1.962392,0.3197,0.5477
1787924885.237941,0.787613,0.459960,1.964294,0.3172,0.5266
1787924885.243716,0.786734,0.461795,1.966865,0.3276,0.5266
1787924885.252832,0.786275,0.463821,1.969738,0.2966,0.5266
1787924885.257536,0.784464,0.465356,1.970471,0.3427,0.5266
1787924885.264799,0.784213,0.467527,1.974183,0.3265,0.5266
1787924885.271259,0.783303,0.469254,1.976568,0.3189,0.5266
1787924885.276788,0.782165,0.470943,1.978524,0.3318,0.5266
1787924885.285310,0.781271,0.472867,1.981103,0.3069,0.5266
1787924885.290201,0.780796,0.474770,1.984103,0.3335,0.5266
1787924885.297106,0.779109,0.476080,1.985045,0.3150,0.5266
1787924885.304483,0.778572,0.478087,1.988439,0.3040,0.5266
1787924885.313497,0.778026,0.480005,1.991403,0.2785,0.5266
1787924885.319901,0.776690,0.481476,1.993212,0.2835,0.5266
1787924885.326040,0.775852,0.483213,1.995880,0.2926,0.5266
1787924885.330677,0.775670,0.485504,1.999707,0.3445,0.5266
1787924885.336821,0.774089,0.486863,2.001597,0.3337,0.5080
1787924885.344260,0.773409,0.488804,2.004205,0.3162,0.5080
1787924885.354158,0.772608,0.490580,2.007486,0.2804,0.5080
1787924885.358841,0.771286,0.492034,2.008921,0.3165,0.5080
1787924885.366862,0.770662,0.494095,2.012335,0.3012,0.5080
1787924885.372884,0.769268,0.495730,2.014153,0.3142,0.5080
1787924885.377101,0.768381,0.497422,2.016570,0.3557,0.5080
1787924885.381050,0.767858,0.499095,2.020268,0.3808,0.5080
1787924885.390157,0.766566,0.500932,2.022129,0.3396,0.5080
1787924885.396731,0.765756,0.502518,2.025178,0.3190,0.5080
1787924885.406304,0.764973,0.504075,2.027997,0.2779,0.5080
1787924885.413546,0.763871,0.505878,2.029712,0.2817,0.5080
1787924885.417894,0.762770,0.507357,2.032127,0.3224,0.5080
1787924885.424255,0.762171,0.509173,2.034495,0.3149,0.5080
1787924885.431429,0.760559,0.510745,2.035931,0.3094,0.5080
1787924885.440235,0.759921,0.512440,2.038913,0.2779,0.4843
1787924885.444857,0.759037,0.514061,2.041167,0.3144,0.4843
1787924885.450775,0.757728,0.515635,2.043741,0.3213,0.4843
1787924885.458207,0.756952,0.517409,2.046161,0.3029,0.4843
1787924885.466605,0.756013,0.519217,2.048866,0.2848,0.4843
1787924885.471071,0.754761,0.520518,2.050821,0.3157,0.4843
1787924885.478143,0.753645,0.522279,2.053315,0.3092,0.4843
1787924885.483002,0.753206,0.524176,2.056630,0.3326,0.4843
1787924885.489705,0.751780,0.525466,2.058426,0.3138,0.4843
1787924885.497308,0.750799,0.527388,2.061029,0.3048,0.4843
1787924885.503717,0.749767,0.529004,2.063284,0.3028,0.4843
1787924885.511402,0.749142,0.530912,2.066547,0.2891,0.4843
1787924885.519184,0.747268,0.532186,2.067864,0.2800,0.4843
1787924885.526427,0.747006,0.534045,2.071675,0.2688,0.4843
1787924885.533004,0.745996,0.535957,2.074410,0.2867,0.4843
1787924885.537295,0.744177,0.537301,2.075596,0.3445,0.5281
1787924885.544572,0.743859,0.539232,2.079359,0.3170,0.5281
1787924885.552490,0.742193,0.541015,2.080382,0.3117,0.5281
1787924885.560637,0.741239,0.542769,2.082771,0.2917,0.5281
1787924885.564011,0.740240,0.544282,2.084701,0.3651,0.5281
1787924885.570184,0.739152,0.546159,2.087027,0.3610,0.5281
1787924885.577411,0.737885,0.547638,2.088636,0.3321,0.5281
1787924885.584255,0.736860,0.549412,2.090232,0.3222,0.5281
1787924885.590659,0.735622,0.551077,2.091840,0.3221,0.5281
1787924885.599942,0.734688,0.552815,2.094216,0.2892,0.5281
1787924885.603689,0.733405,0.554333,2.095757,0.3591,0.5281
1787924885.613348,0.732047,0.555886,2.097567,0.3143,0.5281
1787924885.617753,0.730984,0.557612,2.099384,0.3580,0.5281
1787924885.624619,0.729886,0.559048,2.101208,0.3289,0.5281
1787924885.630966,0.728973,0.560692,2.103738,0.3191,0.5281
1787924885.637894,0.727763,0.562239,2.104838,0.3077,0.5095
1787924885.646294,0.726901,0.564099,2.107317,0.2882,0.5095
1787924885.651199,0.725804,0.565488,2.109307,0.3091,0.5095
1787924885.657820,0.724290,0.567011,2.110634,0.3108,0.5095
1787924885.664714,0.723422,0.568817,2.113659,0.3044,0.5095
1787924885.672901,0.722328,0.570098,2.116206,0.2740,0.5095
1787924885.676907,0.720778,0.571787,2.117748,0.3602,0.5095
1787924885.686393,0.720222,0.573582,2.121382,0.3097,0.5095
1787924885.692285,0.718801,0.574859,2.123322,0.3101,0.5095
1787924885.697453,0.717906,0.576628,2.126077,0.3318,0.5095
1787924885.705279,0.716555,0.578338,2.128739,0.3152,0.5095
1787924885.711266,0.715695,0.580046,2.131306,0.3161,0.5095
1787924885.718539,0.713886,0.581431,2.133211,0.3094,0.5095
1787924885.726785,0.713061,0.583207,2.136167,0.2872,0.5095
1787924885.731902,0.712492,0.585362,2.139639,0.3255,0.5095
1787924885.736447,0.710269,0.586410,2.140289,0.3651,0.4833
1787924885.744063,0.709752,0.588361,2.143639,0.3312,0.4833
1787924885.751424,0.707790,0.589794,2.144793,0.3243,0.4833
1787924885.757958,0.706786,0.591430,2.147073,0.3151,0.4833
1787924885.765945,0.705672,0.593081,2.150426,0.2954,0.4833
1787924885.774590,0.704221,0.594529,2.152025,0.2764,0.4833
1787924885.778185,0.703039,0.596135,2.154117,0.3597,0.4833
1787924885.784077,0.701396,0.597552,2.155063,0.3582,0.4833
1787924885.791211,0.700428,0.599113,2.157606,0.3279,0.4833
1787924885.800831,0.699191,0.600660,2.159735,0.2911,0.4833
1787924885.801807,0.697934,0.602050,2.161450,0.7735,0.4833
1787924885.813790,0.696676,0.603384,2.163980,0.5867,0.4833
1787924885.818979,0.694935,0.604832,2.165095,0.5364,0.4833
1787924885.825855,0.694677,0.606452,2.168741,0.4402,0.4833
1787924885.829445,0.692938,0.607714,2.170054,0.4772,0.4833
1787924885.839861,0.691009,0.609042,2.170581,0.3970,0.5353
1787924885.854518,0.690301,0.610589,2.173716,0.3122,0.5353
1787924885.857437,0.689027,0.611988,2.175373,0.4113,0.5353
1787924885.859601,0.687285,0.613266,2.176869,0.5711,0.5353
1787924885.866895,0.686857,0.615058,2.180367,0.4703,0.5353
1787924885.870269,0.685667,0.616608,2.182814,0.5028,0.5353
1787924885.878848,0.683976,0.617550,2.184414,0.4130,0.5353
1787924885.886462,0.682698,0.619179,2.186670,0.3705,0.5353
1787924885.890254,0.681532,0.620586,2.188746,0.4036,0.5353
1787924885.897300,0.680250,0.622311,2.190637,0.3740,0.5353
1787924885.904589,0.678762,0.623510,2.192578,0.3376,0.5353
1787924885.910445,0.677836,0.625174,2.194875,0.3332,0.5353
1787924885.917292,0.676113,0.626754,2.196376,0.3336,0.5353
1787924885.925389,0.674393,0.627978,2.197728,0.3076,0.5353
1787924885.930657,0.674019,0.630203,2.202399,0.3302,0.5353
1787924885.941162,0.672222,0.631658,2.204408,0.2950,0.5186
1787924885.944620,0.671056,0.633083,2.207312,0.3660,0.5186
1787924885.952287,0.669813,0.635116,2.209664,0.3491,0.5186
1787924885.957198,0.668276,0.636391,2.212100,0.3629,0.5186
1787924885.964922,0.667175,0.638068,2.214671,0.3318,0.5186
1787924885.972388,0.666248,0.640052,2.218277,0.3183,0.5186
1787924885.980353,0.664956,0.641573,2.220422,0.2979,0.5186
1787924885.984612,0.663965,0.643217,2.223766,0.3429,0.5186
1787924885.990607,0.662681,0.644740,2.226368,0.3396,0.5186
1787924885.998096,0.661462,0.646140,2.228168,0.3120,0.5186
1787924886.004575,0.659811,0.647610,2.230046,0.3190,0.5186
1787924886.011681,0.659430,0.649316,2.233519,0.2900,0.5186
1787924886.018075,0.657909,0.650305,2.234859,0.2835,0.5186
1787924886.026149,0.656413,0.651522,2.236756,0.2684,0.5186
1787924886.031062,0.655252,0.652859,2.237973,0.2958,0.5186
1787924886.039260,0.654720,0.654540,2.241192,0.2674,0.4940
1787924886.045311,0.653033,0.655444,2.242367,0.2743,0.4940
1787924886.050474,0.651990,0.656865,2.244455,0.2943,0.4940
1787924886.057460,0.651237,0.658442,2.247591,0.2791,0.4940
1787924886.066078,0.649855,0.659462,2.249115,0.2532,0.4940
1787924886.073776,0.648355,0.660816,2.251439,0.2550,0.4940
1787924886.077133,0.647302,0.662304,2.254188,0.3411,0.4940
1787924886.083755,0.646067,0.663554,2.256123,0.3180,0.4940
1787924886.091448,0.644650,0.664781,2.258736,0.2947,0.4940
1787924886.097701,0.643416,0.665988,2.261093,0.2886,0.4940
1787924886.103775,0.642430,0.667805,2.264306,0.3022,0.4940
1787924886.110945,0.640821,0.669000,2.266682,0.2931,0.4940
1787924886.117973,0.639573,0.670459,2.269009,0.2871,0.4940
1787924886.124708,0.638445,0.672109,2.272197,0.2895,0.4940
1787924886.133627,0.637247,0.673577,2.274765,0.2664,0.4650
1787924886.139945,0.635303,0.674839,2.276548,0.2919,0.4650
1787924886.146063,0.633891,0.676120,2.278853,0.2971,0.4650
1787924886.150969,0.632810,0.677822,2.281807,0.3299,0.4650
1787924886.159115,0.631147,0.679307,2.284130,0.3124,0.4650
1787924886.165489,0.629912,0.680502,2.285945,0.2993,0.4650
1787924886.173398,0.628550,0.682014,2.288373,0.2867,0.4650
1787924886.177985,0.626963,0.683261,2.290562,0.3304,0.4650
1787924886.183544,0.625853,0.684862,2.292753,0.3357,0.4650
1787924886.191564,0.624374,0.685954,2.295042,0.3023,0.4650
1787924886.197725,0.622812,0.687188,2.296563,0.3070,0.4650
1787924886.205999,0.621204,0.688249,2.298051,0.2824,0.4650
1787924886.211442,0.620533,0.689915,2.300999,0.2908,0.4650
1787924886.218594,0.618906,0.690982,2.303075,0.2825,0.4650
1787924886.225561,0.617202,0.692191,2.303807,0.2855,0.4650
1787924886.234078,0.616273,0.693418,2.305974,0.2538,0.5270
1787924886.238177,0.614837,0.694610,2.307652,0.3129,0.5270
1787924886.243420,0.613431,0.695747,2.309720,0.3213,0.5270
1787924886.251734,0.611939,0.696870,2.310145,0.2911,0.5270
1787924886.258589,0.610899,0.698419,2.312708,0.2845,0.5270
1787924886.265528,0.609870,0.699505,2.314924,0.2639,0.5270
1787924886.272168,0.608325,0.700705,2.315706,0.2719,0.5270
1787924886.278797,0.607143,0.701975,2.317762,0.2688,0.5270
1787924886.286331,0.606363,0.703573,2.320442,0.2559,0.5270
1787924886.292024,0.604606,0.704543,2.321223,0.2797,0.5270
1787924886.297125,0.603144,0.705579,2.322488,0.2990,0.5270
1787924886.305566,0.601799,0.706905,2.323935,0.2764,0.5270
1787924886.311059,0.600853,0.708620,2.326228,0.2971,0.5270
1787924886.318014,0.598949,0.709367,2.326608,0.2877,0.5270
1787924886.325211,0.597866,0.710967,2.329548,0.2809,0.5270
1787924886.331400,0.596535,0.712481,2.331330,0.2943,0.5270
1787924886.338300,0.594984,0.713734,2.333094,0.2919,0.5174
1787924886.345354,0.592886,0.714816,2.334524,0.2993,0.5174
1787924886.350374,0.591756,0.716234,2.336651,0.3174,0.5174
1787924886.358025,0.590437,0.717982,2.339420,0.3074,0.5174
1787924886.365586,0.588545,0.719098,2.341013,0.2992,0.5174
1787924886.372862,0.587315,0.720622,2.343790,0.2898,0.5174
1787924886.379760,0.586202,0.722211,2.346747,0.2861,0.5174
1787924886.384332,0.584375,0.723507,2.348224,0.3450,0.5174
1787924886.391392,0.582856,0.724649,2.350628,0.3214,0.5174
1787924886.398412,0.582052,0.726309,2.354635,0.2995,0.5174
1787924886.405611,0.580490,0.727706,2.357210,0.2968,0.5174
1787924886.412245,0.578962,0.729010,2.359123,0.2984,0.5174
1787924886.417064,0.577554,0.730119,2.361627,0.3197,0.5174
1787924886.423759,0.576435,0.731506,2.364240,0.3031,0.5174
1787924886.430952,0.575066,0.732880,2.365916,0.2931,0.5174
1787924886.440065,0.573617,0.733994,2.368120,0.2649,0.4906
1787924886.446885,0.572390,0.734935,2.369795,0.2530,0.4906
1787924886.451188,0.570831,0.735939,2.372078,0.3039,0.4906
1787924886.459170,0.569640,0.737219,2.374292,0.2783,0.4906
1787924886.464106,0.567685,0.738106,2.375131,0.3178,0.4906
1787924886.475302,0.566818,0.739308,2.378350,0.2615,0.4906
1787924886.476458,0.565117,0.740210,2.379992,0.6639,0.4906
1787924886.485386,0.563624,0.741521,2.382211,0.5314,0.4906
1787924886.491095,0.562638,0.742978,2.384732,0.4622,0.4906
1787924886.497786,0.561028,0.743865,2.386988,0.4034,0.4906
1787924886.506456,0.559653,0.745032,2.389173,0.3447,0.4906
1787924886.512584,0.558100,0.746211,2.391874,0.3363,0.4906
1787924886.518247,0.556987,0.747539,2.394451,0.3265,0.4906
1787924886.523929,0.555240,0.748737,2.396687,0.3392,0.4906
1787924886.530290,0.553724,0.749679,2.399268,0.3202,0.4906
1787924886.536167,0.552792,0.751301,2.402759,0.3150,0.5540
1787924886.543626,0.550907,0.752296,2.404267,0.3036,0.5540
1787924886.550283,0.549144,0.753304,2.406457,0.3019,0.5540
1787924886.561052,0.548252,0.755034,2.409982,0.2620,0.5540
1787924886.565039,0.546655,0.755965,2.412091,0.3197,0.5540
1787924886.572624,0.544922,0.757373,2.413892,0.3120,0.5540
1787924886.578378,0.543146,0.758216,2.415885,0.3168,0.5540
1787924886.585427,0.542023,0.759464,2.418353,0.2928,0.5540
1787924886.594257,0.540256,0.760820,2.420128,0.2805,0.5540
1787924886.598305,0.538618,0.761770,2.421263,0.3340,0.5540
1787924886.602968,0.537006,0.762948,2.423048,0.3617,0.5540
1787924886.610068,0.535619,0.763711,2.425303,0.3186,0.5540
1787924886.617764,0.534390,0.765326,2.427730,0.3004,0.5540
1787924886.624763,0.532690,0.766302,2.429079,0.2928,0.5540
1787924886.632098,0.531038,0.767105,2.430986,0.2776,0.5540
1787924886.637024,0.529757,0.768469,2.433603,0.3076,0.5324
1787924886.645749,0.528346,0.769587,2.435362,0.2772,0.5324
1787924886.651547,0.527067,0.770847,2.437873,0.2867,0.5324
1787924886.658564,0.525241,0.771778,2.439268,0.2860,0.5324
1787924886.666351,0.524117,0.772807,2.441935,0.2588,0.5324
1787924886.672332,0.522735,0.774315,2.444813,0.2829,0.5324
1787924886.679718,0.520783,0.774843,2.445801,0.2726,0.5324
1787924886.681019,0.519965,0.776208,2.449440,0.5367,0.5324
1787924886.690378,0.518325,0.777460,2.451706,0.4418,0.5324
1787924886.697365,0.516649,0.778324,2.453633,0.3884,0.5324
1787924886.705202,0.515218,0.779501,2.456683,0.3428,0.5324
1787924886.711516,0.513974,0.780762,2.459262,0.3236,0.5324
1787924886.717579,0.512336,0.781570,2.462078,0.3147,0.5324
1787924886.724156,0.510844,0.782654,2.464491,0.3043,0.5324
1787924886.730449,0.509389,0.783748,2.466324,0.2998,0.5324
1787924886.737008,0.508088,0.785174,2.469499,0.2970,0.5049
1787924886.745344,0.506286,0.785664,2.471322,0.2697,0.5049
1787924886.751786,0.504705,0.786934,2.473300,0.2832,0.5049
1787924886.757241,0.503479,0.787980,2.476026,0.2868,0.5049
1787924886.765821,0.502081,0.789104,2.478740,0.2635,0.5049
1787924886.772439,0.500458,0.790304,2.480875,0.2759,0.5049
1787924886.777886,0.498776,0.790871,2.482857,0.2855,0.5049
1787924886.788573,0.497252,0.791991,2.485295,0.2529,0.5049
1787924886.791246,0.495909,0.793066,2.487592,0.3701,0.5049
1787924886.798740,0.494071,0.793988,2.489348,0.3400,0.5049
1787924886.804483,0.492575,0.795000,2.491860,0.3322,0.5049
1787924886.811058,0.490703,0.795309,2.493326,0.3091,0.5049
1787924886.817172,0.489516,0.796977,2.496406,0.3121,0.5049
1787924886.824953,0.487617,0.797688,2.497790,0.2935,0.5049
1787924886.831639,0.485968,0.798567,2.499780,0.2883,0.5049
1787924886.839161,0.484379,0.799091,2.501733,0.2651,0.4832
1787924886.845841,0.482884,0.800533,2.504700,0.2781,0.4832
1787924886.851547,0.480843,0.801151,2.505837,0.3003,0.4832
1787924886.857531,0.479526,0.802443,2.508905,0.3018,0.4832
1787924886.864311,0.477983,0.803384,2.511778,0.2909,0.4832
1787924886.872344,0.476286,0.804353,2.514433,0.2762,0.4832
1787924886.878526,0.474224,0.805460,2.516269,0.3059,0.4832
1787924886.884030,0.473024,0.806515,2.519092,0.3008,0.4832
1787924886.890634,0.471527,0.807385,2.522457,0.2889,0.4832
1787924886.900534,0.469842,0.808728,2.524680,0.2674,0.4832
1787924886.906570,0.467985,0.809355,2.526873,0.2806,0.4832
1787924886.912720,0.466568,0.810790,2.529744,0.2932,0.4832
1787924886.917382,0.464699,0.811275,2.531255,0.3217,0.4832
1787924886.924578,0.462936,0.812330,2.532750,0.3106,0.4832
1787924886.932381,0.461077,0.813045,2.534426,0.2918,0.4832
1787924886.939580,0.459466,0.814050,2.536478,0.2833,0.5368
1787924886.944533,0.457904,0.815132,2.538699,0.3134,0.5368
1787924886.953658,0.456200,0.816234,2.541104,0.2861,0.5368
1787924886.958103,0.454302,0.816759,2.542582,0.3260,0.5368
1787924886.965077,0.452918,0.818064,2.545292,0.3090,0.5368
1787924886.972018,0.451158,0.818682,2.546422,0.2943,0.5368
1787924886.978868,0.449368,0.819747,2.547583,0.2971,0.5368
1787924886.983368,0.447899,0.820493,2.549689,0.3170,0.5368
1787924886.992589,0.446225,0.821109,2.550755,0.2783,0.5368
1787924886.998417,0.444656,0.822205,2.552429,0.2933,0.5368
1787924887.004673,0.442450,0.823042,2.552794,0.3156,0.5368
1787924887.011397,0.441034,0.823634,2.554500,0.2881,0.5368
1787924887.016930,0.439836,0.824934,2.557461,0.2947,0.5368
1787924887.026567,0.438062,0.825688,2.558876,0.2654,0.5368
1787924887.032045,0.436149,0.826560,2.560591,0.2995,0.5368
1787924887.038024,0.434714,0.827618,2.563119,0.2990,0.5283
1787924887.044117,0.432944,0.828245,2.564763,0.2992,0.5283
1787924887.050914,0.431504,0.829148,2.566736,0.2844,0.5283
1787924887.058531,0.429603,0.830203,2.568700,0.2845,0.5283
1787924887.064830,0.427853,0.830996,2.570960,0.2897,0.5283
1787924887.071575,0.426706,0.831948,2.573320,0.2686,0.5283
1787924887.077757,0.424525,0.832767,2.575188,0.2987,0.5283
1787924887.085505,0.423102,0.833683,2.577678,0.2746,0.5283
1787924887.090808,0.421508,0.834746,2.580637,0.3006,0.5283
1787924887.096998,0.420041,0.836119,2.584313,0.3059,0.5283
1787924887.105268,0.418212,0.836609,2.586624,0.2799,0.5283
1787924887.111580,0.416743,0.837979,2.589466,0.2895,0.5283
1787924887.119728,0.414988,0.838689,2.591967,0.2714,0.5283
1787924887.124263,0.413393,0.839647,2.594606,0.3131,0.5283
1787924887.130742,0.411639,0.840551,2.596910,0.3103,0.5283
1787924887.138002,0.409766,0.841086,2.599095,0.2949,0.4974
1787924887.146520,0.408122,0.842285,2.602130,0.2778,0.4974
1787924887.156235,0.406775,0.843375,2.605086,0.2474,0.4974
1787924887.157494,0.404118,0.843821,2.604594,0.7713,0.4974
1787924887.164039,0.402708,0.844707,2.607436,0.6162,0.4974
1787924887.171313,0.401139,0.845552,2.610052,0.5048,0.4974
1787924887.177701,0.399512,0.846362,2.611856,0.4385,0.4974
1787924887.186673,0.398006,0.847132,2.614177,0.3634,0.4974
1787924887.191846,0.396276,0.847764,2.616251,0.3596,0.4974
1787924887.199283,0.394861,0.848614,2.618462,0.3183,0.4974
1787924887.207489,0.393510,0.849250,2.621032,0.2772,0.4974
1787924887.211727,0.391987,0.850031,2.623140,0.3151,0.4974
1787924887.216953,0.390368,0.850800,2.625276,0.3232,0.4974
1787924887.223680,0.388925,0.851647,2.627276,0.3009,0.4974
1787924887.230965,0.387266,0.851991,2.628538,0.2770,0.4974
1787924887.237646,0.385776,0.852785,2.630728,0.2697,0.5559
1787924887.243868,0.384178,0.853509,2.632494,0.2731,0.5559
1787924887.251133,0.382281,0.853838,2.633967,0.2663,0.5559
1787924887.260763,0.380872,0.854878,2.636406,0.2405,0.5559
1787924887.265140,0.379570,0.855976,2.639147,0.2827,0.5559
1787924887.271322,0.377659,0.856219,2.640270,0.2849,0.5559
1787924887.279332,0.375852,0.857285,2.642727,0.2780,0.5559
1787924887.284782,0.374154,0.857708,2.644161,0.2878,0.5559
1787924887.291620,0.372627,0.858885,2.646915,0.2850,0.5559
1787924887.296960,0.371284,0.859737,2.649594,0.2885,0.5559
1787924887.304580,0.369061,0.860219,2.650620,0.2881,0.5559
1787924887.312270,0.367274,0.860906,2.652469,0.2758,0.5559
1787924887.317545,0.366002,0.862001,2.655666,0.2861,0.5559
1787924887.324368,0.363310,0.862653,2.655975,0.3183,0.5559
1787924887.331232,0.361974,0.863491,2.658425,0.2916,0.5559
1787924887.336739,0.359886,0.864416,2.660963,0.3283,0.5473
1787924887.345222,0.357924,0.864595,2.662632,0.2943,0.5473
1787924887.351980,0.356483,0.866351,2.665751,0.2985,0.5473
1787924887.358402,0.354772,0.866980,2.668231,0.2935,0.5473
1787924887.363921,0.352811,0.867367,2.670499,0.3100,0.5473
1787924887.371153,0.351634,0.868955,2.673812,0.2903,0.5473
1787924887.379302,0.349788,0.869419,2.675876,0.2716,0.5473
1787924887.386109,0.348204,0.870543,2.678234,0.2747,0.5473
1787924887.390069,0.346076,0.870658,2.679935,0.3405,0.5473
1787924887.396842,0.344967,0.871700,2.682841,0.3028,0.5473
1787924887.405442,0.343033,0.872285,2.684218,0.2815,0.5473
1787924887.412928,0.341622,0.873153,2.686295,0.2632,0.5473
1787924887.417976,0.340084,0.873532,2.688117,0.2763,0.5473
1787924887.424390,0.338284,0.873929,2.689459,0.2772,0.5473
1787924887.431182,0.336926,0.874619,2.691548,0.2613,0.5473
1787924887.438184,0.335446,0.874989,2.692991,0.2469,0.5217
1787924887.444678,0.333903,0.875813,2.695551,0.2536,0.5217
1787924887.450993,0.332581,0.876301,2.697801,0.2442,0.5217
1787924887.456933,0.330999,0.877041,2.699579,0.2591,0.5217
1787924887.464128,0.329291,0.877265,2.700327,0.2497,0.5217
1787924887.471412,0.327945,0.877777,2.702567,0.2340,0.5217
1787924887.480584,0.326473,0.878809,2.704501,0.2217,0.5217
1787924887.485241,0.325017,0.879478,2.706799,0.2584,0.5217
1787924887.490771,0.323390,0.879786,2.708932,0.2680,0.5217
1787924887.498978,0.321859,0.880474,2.710998,0.2490,0.5217
1787924887.505565,0.320310,0.880868,2.713152,0.2459,0.5217
1787924887.514971,0.318733,0.881439,2.715680,0.2255,0.5217
1787924887.519684,0.316991,0.882190,2.718160,0.2785,0.5217
1787924887.524609,0.315493,0.882682,2.721027,0.2905,0.5217
1787924887.530985,0.313554,0.883296,2.724134,0.2985,0.5217
1787924887.537859,0.311637,0.883289,2.725465,0.2853,0.5014
1787924887.545598,0.310393,0.885167,2.729837,0.2730,0.5014
1787924887.553508,0.308481,0.884908,2.731653,0.2537,0.5014
1787924887.557838,0.306447,0.885886,2.735011,0.3338,0.5014
1787924887.565984,0.304830,0.886306,2.737960,0.2946,0.5014
1787924887.571064,0.304116,0.888176,2.743173,0.2879,0.5014
1787924887.577292,0.301667,0.888582,2.744887,0.3179,0.5014
1787924887.584712,0.299997,0.889326,2.747452,0.2964,0.5014
1787924887.590893,0.297736,0.889204,2.748809,0.3066,0.5014
1787924887.598690,0.296484,0.890583,2.753331,0.2793,0.5014
1787924887.603329,0.294812,0.890926,2.755297,0.3040,0.5014
1787924887.612970,0.292829,0.891157,2.757244,0.2727,0.5014
1787924887.619654,0.291427,0.892165,2.759818,0.2662,0.5014
1787924887.623933,0.289455,0.892547,2.761092,0.3246,0.5014
1787924887.631260,0.287608,0.892451,2.762139,0.2960,0.5014
1787924887.637416,0.286564,0.893792,2.765191,0.2785,0.5588
1787924887.644888,0.284494,0.893871,2.766499,0.2735,0.5588
1787924887.650984,0.283252,0.894520,2.768219,0.2600,0.5588
1787924887.657885,0.281551,0.894956,2.770022,0.2577,0.5588
1787924887.664315,0.279688,0.895022,2.770594,0.2626,0.5588
1787924887.670244,0.278345,0.895558,2.772410,0.2570,0.5588
1787924887.683581,0.276557,0.896307,2.774649,0.2235,0.5588
1787924887.684841,0.275051,0.896348,2.775137,0.4943,0.5588
1787924887.693929,0.273324,0.896833,2.776433,0.4050,0.5588
1787924887.698216,0.271581,0.897103,2.777740,0.4042,0.5588
1787924887.705696,0.269818,0.897133,2.778717,0.3495,0.5588
1787924887.712017,0.268548,0.898055,2.780831,0.3165,0.5588
1787924887.719998,0.266580,0.898042,2.781580,0.2906,0.5588
1787924887.725725,0.264987,0.898532,2.783591,0.2906,0.5588
1787924887.731620,0.263477,0.899262,2.786034,0.2884,0.5588
1787924887.737605,0.261467,0.899445,2.787308,0.2995,0.5437
1787924887.743425,0.260247,0.900211,2.790518,0.2823,0.5437
1787924887.751102,0.258484,0.900675,2.792647,0.2686,0.5437
1787924887.759189,0.256829,0.900871,2.794376,0.2482,0.5437
1787924887.764486,0.255193,0.901536,2.797121,0.2737,0.5437
1787924887.772197,0.253901,0.902449,2.799885,0.2508,0.5437
1787924887.778050,0.252290,0.903091,2.802189,0.2644,0.5437
1787924887.784533,0.250469,0.903513,2.804870,0.2711,0.5437
1787924887.791014,0.248889,0.903901,2.807635,0.2647,0.5437
1787924887.798757,0.247411,0.904698,2.810560,0.2495,0.5437
1787924887.805821,0.245771,0.905130,2.812545,0.2465,0.5437
1787924887.812030,0.244380,0.905669,2.814530,0.2446,0.5437
1787924887.823457,0.242863,0.906077,2.816959,0.2124,0.5437
1787924887.824971,0.241456,0.906409,2.818859,0.4342,0.5437
1787924887.831230,0.240093,0.906560,2.820505,0.3682,0.5437
1787924887.838002,0.238598,0.906865,2.822156,0.3248,0.5289
1787924887.844956,0.237256,0.907131,2.823714,0.2860,0.5289
1787924887.850886,0.235628,0.907217,2.824432,0.2798,0.5289
1787924887.858406,0.234473,0.907731,2.826604,0.2460,0.5289
1787924887.863836,0.233451,0.908257,2.828000,0.2349,0.5289
1787924887.873932,0.231880,0.908248,2.829453,0.2088,0.5289
1787924887.877254,0.230701,0.908256,2.830836,0.2477,0.5289
1787924887.883975,0.229645,0.908623,2.832072,0.2233,0.5289
1787924887.891794,0.228169,0.908693,2.833220,0.2111,0.5289
1787924887.896909,0.227062,0.908790,2.834856,0.2113,0.5289
1787924887.906859,0.225793,0.909032,2.836321,0.1866,0.5289
1787924887.915145,0.224443,0.909508,2.837717,0.1824,0.5289
1787924887.919985,0.223352,0.909427,2.838546,0.1908,0.5289
1787924887.925904,0.222209,0.909578,2.840293,0.1911,0.5289
1787924887.930748,0.220941,0.910006,2.841570,0.2166,0.5289
1787924887.936963,0.219612,0.910229,2.842858,0.2161,0.5178
1787924887.945764,0.218576,0.910239,2.844333,0.1851,0.5178
1787924887.951274,0.217269,0.910423,2.846189,0.2006,0.5178
1787924887.957771,0.215984,0.910619,2.847612,0.1998,0.5178
1787924887.963572,0.214729,0.910977,2.848704,0.2074,0.5178
1787924887.970788,0.213649,0.911257,2.851291,0.1915,0.5178
1787924887.978718,0.212351,0.911630,2.852770,0.1851,0.5178
1787924887.984123,0.211118,0.912098,2.854723,0.2026,0.5178
1787924887.991896,0.209745,0.912293,2.856377,0.1948,0.5178
1787924887.997464,0.208438,0.912427,2.858234,0.2060,0.5178
1787924888.003400,0.207113,0.912741,2.859607,0.2129,0.5178
1787924888.012072,0.206245,0.913010,2.861690,0.1805,0.5178
1787924888.019808,0.204980,0.913721,2.863849,0.1811,0.5178
1787924888.029533,0.203960,0.914008,2.865452,0.1594,0.5178
1787924888.031222,0.202700,0.914296,2.866547,0.3408,0.5178
1787924888.038541,0.201375,0.914422,2.867823,0.2922,0.5075
1787924888.045698,0.199890,0.914448,2.868793,0.2648,0.5075
1787924888.051093,0.198606,0.914531,2.870326,0.2554,0.5075
1787924888.057149,0.198007,0.915542,2.873234,0.2207,0.5075
1787924888.063710,0.196622,0.915448,2.873943,0.2144,0.5075
1787924888.070928,0.195573,0.915936,2.876340,0.1974,0.5075
1787924888.078072,0.194495,0.916245,2.877476,0.1853,0.5075
1787924888.084247,0.193405,0.916734,2.879529,0.1870,0.5075
1787924888.091076,0.192076,0.916517,2.880398,0.1849,0.5075
1787924888.096766,0.190672,0.916575,2.881392,0.2017,0.5075
1787924888.105227,0.189461,0.917047,2.883691,0.1870,0.5075
1787924888.116065,0.188026,0.916837,2.884123,0.1678,0.5075
1787924888.120225,0.186857,0.917148,2.886136,0.2047,0.5075
1787924888.124632,0.185357,0.917079,2.887108,0.2409,0.5075
1787924888.130308,0.184004,0.917063,2.888221,0.2377,0.5075
1787924888.138223,0.182903,0.917180,2.889155,0.2079,0.5116
1787924888.145524,0.182142,0.917886,2.891914,0.1830,0.5116
1787924888.151119,0.180873,0.918422,2.893356,0.2011,0.5116
1787924888.157094,0.179918,0.918433,2.894637,0.1874,0.5116
1787924888.164655,0.178520,0.918618,2.895928,0.1868,0.5116
1787924888.171543,0.177556,0.918426,2.896747,0.1694,0.5116
1787924888.177964,0.175934,0.918493,2.897399,0.1929,0.5116
1787924888.184923,0.175042,0.918729,2.899034,0.1748,0.5116
1787924888.191713,0.173966,0.919144,2.900836,0.1729,0.5116
1787924888.198812,0.172648,0.919339,2.901618,0.1771,0.5116
1787924888.203501,0.171596,0.919549,2.903890,0.1925,0.5116
1787924888.211413,0.170303,0.919584,2.904472,0.1828,0.5116
1787924888.218291,0.169213,0.919909,2.905768,0.1775,0.5116
1787924888.225440,0.167900,0.920227,2.906960,0.1809,0.5116
1787924888.232851,0.166623,0.920004,2.907808,0.1748,0.4987
1787924888.237875,0.165579,0.920175,2.909250,0.1854,0.4987
1787924888.244097,0.164325,0.920078,2.910467,0.1876,0.4987
1787924888.250595,0.163094,0.920254,2.911331,0.1885,0.4987
1787924888.257135,0.162265,0.920503,2.913408,0.1715,0.4987
1787924888.265348,0.161311,0.920999,2.915138,0.1581,0.4987
1787924888.272368,0.160070,0.920949,2.916343,0.1619,0.4987
1787924888.278543,0.158983,0.921199,2.917758,0.1675,0.4987
1787924888.284005,0.157945,0.921234,2.918940,0.1733,0.4987
1787924888.291747,0.156606,0.921046,2.919446,0.1703,0.4987
1787924888.298506,0.155591,0.921161,2.920861,0.1643,0.4987
1787924888.304226,0.154277,0.921360,2.921752,0.1846,0.4987
1787924888.309822,0.153429,0.921637,2.923787,0.1768,0.4987
1787924888.317463,0.152215,0.921792,2.925220,0.1716,0.4987
1787924888.324686,0.151223,0.922001,2.926685,0.1622,0.4987
1787924888.333889,0.150210,0.922116,2.927938,0.1466,0.4782
1787924888.338893,0.149283,0.921439,2.929134,0.1484,0.4782
1787924888.344900,0.148211,0.921889,2.930570,0.1610,0.4782
1787924888.351252,0.147280,0.922199,2.932389,0.1587,0.4782
1787924888.357982,0.145999,0.922100,2.932794,0.1660,0.4782
1787924888.366274,0.145058,0.922258,2.934006,0.1507,0.4782
1787924888.373716,0.144140,0.922505,2.935527,0.1438,0.4782
1787924888.378900,0.142984,0.922669,2.936297,0.1681,0.4782
1787924888.385067,0.141852,0.922674,2.936979,0.1716,0.4782
1787924888.393979,0.140895,0.923058,2.938642,0.1543,0.4782
1787924888.399190,0.139952,0.923311,2.939673,0.1641,0.4782
1787924888.405331,0.139306,0.923778,2.941719,0.1504,0.4782
1787924888.411081,0.137991,0.923587,2.942629,0.1705,0.4782
1787924888.418150,0.136875,0.923745,2.943365,0.1671,0.4782
1787924888.426356,0.136003,0.924091,2.944914,0.1507,0.4782
1787924888.430835,0.135118,0.924261,2.946333,0.1659,0.4782
1787924888.439729,0.134069,0.924239,2.947081,0.1507,0.4616
1787924888.445112,0.133032,0.924562,2.948152,0.1657,0.4616
1787924888.451412,0.131925,0.924622,2.949007,0.1683,0.4616
1787924888.457308,0.130831,0.924805,2.950249,0.1742,0.4616
1787924888.463984,0.129910,0.924833,2.951108,0.1628,0.4616
1787924888.470407,0.129074,0.924924,2.952043,0.1531,0.4616
1787924888.479903,0.127808,0.924711,2.952190,0.1452,0.4616
1787924888.484943,0.126709,0.924857,2.953229,0.1675,0.4616
1787924888.490219,0.125627,0.925096,2.954032,0.1802,0.4616
1787924888.497561,0.124633,0.924784,2.954959,0.1637,0.4616
1787924888.505845,0.123455,0.924688,2.955775,0.1559,0.4616
1787924888.510818,0.122340,0.924642,2.955998,0.1747,0.4616
1787924888.518123,0.121255,0.925000,2.958024,0.1688,0.4616
1787924888.524616,0.120296,0.925028,2.958920,0.1620,0.4616
1787924888.532869,0.119286,0.924825,2.959847,0.1481,0.4487
1787924888.538991,0.118230,0.924666,2.960722,0.1532,0.4487
1787924888.543857,0.117243,0.925148,2.961972,0.1724,0.4487
1787924888.551682,0.116376,0.925293,2.963178,0.1544,0.4487
1787924888.557302,0.115827,0.925959,2.964743,0.1432,0.4487
1787924888.565734,0.114831,0.926109,2.966233,0.1360,0.4487
1787924888.571725,0.113840,0.926108,2.966999,0.1441,0.4487
1787924888.576887,0.112686,0.926522,2.968586,0.1711,0.4487
1787924888.584913,0.111546,0.926182,2.968193,0.1595,0.4487
1787924888.591406,0.110724,0.926533,2.969720,0.1519,0.4487
1787924888.597895,0.109696,0.926613,2.970798,0.1538,0.4487
1787924888.606027,0.108794,0.926736,2.971293,0.1412,0.4487
1787924888.610988,0.107536,0.926764,2.971814,0.1741,0.4487
1787924888.616106,0.106427,0.926484,2.972080,0.1832,0.4487
1787924888.625335,0.105754,0.926833,2.973712,0.1517,0.4487
1787924888.632661,0.104700,0.927061,2.974874,0.1503,0.4487
1787924888.642450,0.103753,0.927003,2.975504,0.1335,0.4403
1787924888.645273,0.102713,0.927261,2.976877,0.2070,0.4403
1787924888.652216,0.101724,0.927544,2.978326,0.1890,0.4403
1787924888.658545,0.100562,0.927232,2.978743,0.1843,0.4403
1787924888.665504,0.099507,0.927307,2.979485,0.1744,0.4403
1787924888.671356,0.098395,0.927602,2.980310,0.1808,0.4403
1787924888.681182,0.097329,0.927430,2.981135,0.1579,0.4403
1787924888.686616,0.096453,0.927415,2.981625,0.1581,0.4403
1787924888.691755,0.095431,0.927753,2.982568,0.1727,0.4403
1787924888.697101,0.094407,0.928337,2.984469,0.1828,0.4403
1787924888.704168,0.093586,0.928017,2.984980,0.1603,0.4403
1787924888.710903,0.092345,0.928105,2.985977,0.1674,0.4403
1787924888.718798,0.091615,0.928415,2.987483,0.1464,0.4403
1787924888.724855,0.090558,0.928572,2.988231,0.1554,0.4403
1787924888.734205,0.089614,0.928559,2.988918,0.1387,0.6068
1787924888.739064,0.088509,0.928417,2.989346,0.1632,0.6068
1787924888.743229,0.087548,0.928466,2.990319,0.1831,0.6068
1787924888.750745,0.086521,0.928626,2.991077,0.1697,0.6068
1787924888.758746,0.085411,0.928660,2.991365,0.1601,0.6068
1787924888.763603,0.084687,0.928742,2.992407,0.1571,0.6068
1787924888.773536,0.083646,0.928721,2.992952,0.1410,0.6068
1787924888.781169,0.082703,0.928930,2.993876,0.1365,0.6068
1787924888.785626,0.081916,0.929045,2.994534,0.1491,0.6068
1787924888.790600,0.080960,0.928857,2.994893,0.1597,0.6068
1787924888.797624,0.079970,0.928921,2.994987,0.1541,0.6068
1787924888.804398,0.079191,0.928714,2.995513,0.1407,0.6068
1787924888.811604,0.078171,0.928640,2.995550,0.1400,0.6068
1787924888.817786,0.077167,0.929025,2.996696,0.1489,0.6068
1787924888.823661,0.076304,0.929061,2.997026,0.1481,0.6068
1787924888.830753,0.075354,0.929154,2.998017,0.1440,0.6068
1787924888.837317,0.074406,0.929255,2.998610,0.1444,0.6008
1787924888.846457,0.073198,0.929132,2.999313,0.1397,0.6008
1787924888.850948,0.072296,0.929534,3.000590,0.1612,0.6008
1787924888.857536,0.071312,0.929787,3.001518,0.1589,0.6008
1787924888.864233,0.070632,0.930275,3.003020,0.1444,0.6008
1787924888.871525,0.069895,0.930518,3.004056,0.1325,0.6008
1787924888.876908,0.068797,0.930404,3.004690,0.1525,0.6008
1787924888.883935,0.067802,0.930539,3.005809,0.1496,0.6008
1787924888.891248,0.066761,0.930786,3.007150,0.1484,0.6008
1787924888.899845,0.066012,0.930826,3.008223,0.1300,0.6008
1787924888.903917,0.065218,0.930927,3.009571,0.1499,0.6008
1787924888.910937,0.064327,0.930930,3.010346,0.1427,0.6008
1787924888.916626,0.063449,0.930902,3.011438,0.1456,0.6008
1787924888.923734,0.062534,0.930837,3.012351,0.1399,0.6008
1787924888.932119,0.061974,0.931022,3.013632,0.1186,0.6008
1787924888.940265,0.061045,0.931034,3.014597,0.1170,0.5967
1787924888.948485,0.060860,0.930752,3.016661,0.0873,0.5967
1787924888.951772,0.059813,0.930793,3.017344,0.1564,0.5967
1787924888.957953,0.059011,0.930806,3.018061,0.1482,0.5967
1787924888.964237,0.058289,0.931240,3.019147,0.1405,0.5967
1787924888.970221,0.057473,0.930865,3.019916,0.1367,0.5967
1787924888.979536,0.056488,0.930962,3.021277,0.1275,0.5967
1787924888.985651,0.055728,0.930984,3.022055,0.1264,0.5967
1787924888.993574,0.054946,0.930963,3.023171,0.1178,0.5967
1787924888.997852,0.053932,0.931123,3.024832,0.1544,0.5967
1787924889.005005,0.052996,0.931002,3.025809,0.1465,0.5967
1787924889.010374,0.052179,0.930786,3.026944,0.1465,0.5967
1787924889.016822,0.051439,0.931021,3.028155,0.1380,0.5967
1787924889.024736,0.050673,0.931020,3.029322,0.1255,0.5967
1787924889.030884,0.049706,0.930680,3.029974,0.1329,0.5967
1787924889.038409,0.048828,0.930679,3.031510,0.1278,0.5679
1787924889.045235,0.047976,0.930712,3.032960,0.1268,0.5679
1787924889.051037,0.047173,0.930568,3.033635,0.1293,0.5679
1787924889.057341,0.046447,0.930998,3.035752,0.1270,0.5679
1787924889.064768,0.045476,0.930692,3.036642,0.1266,0.5679
1787924889.072630,0.044642,0.930712,3.038115,0.1203,0.5679
1787924889.079603,0.044312,0.930289,3.039511,0.0965,0.5679
1787924889.086329,0.043360,0.929999,3.040150,0.1085,0.5679
1787924889.090340,0.042536,0.930284,3.041740,0.1394,0.5679
1787924889.098187,0.041681,0.930576,3.043015,0.1312,0.5679
1787924889.105172,0.040776,0.930280,3.044101,0.1293,0.5679
1787924889.110332,0.040020,0.930718,3.045860,0.1367,0.5679
1787924889.118035,0.039072,0.930433,3.046719,0.1314,0.5679
1787924889.123792,0.038214,0.930846,3.048454,0.1385,0.5679
1787924889.131268,0.037271,0.930827,3.049158,0.1346,0.5679
1787924889.138327,0.036522,0.930839,3.050220,0.1259,0.5400
1787924889.145474,0.035611,0.930749,3.051202,0.1259,0.5400
1787924889.153635,0.034504,0.930616,3.052644,0.1282,0.5400
1787924889.157225,0.033720,0.930550,3.053976,0.1545,0.5400
1787924889.164713,0.032978,0.930356,3.054843,0.1371,0.5400
1787924889.171107,0.032187,0.930482,3.056111,0.1335,0.5400
1787924889.177567,0.031482,0.930563,3.056940,0.1264,0.5400
1787924889.184339,0.030702,0.930733,3.058285,0.1235,0.5400
1787924889.190830,0.029896,0.931036,3.059837,0.1247,0.5400
1787924889.199387,0.029225,0.930909,3.060631,0.1104,0.5400
1787924889.205480,0.028745,0.931186,3.062301,0.1019,0.5400
1787924889.211000,0.027717,0.931214,3.064106,0.1272,0.5400
1787924889.217696,0.026861,0.931167,3.065391,0.1271,0.5400
1787924889.225375,0.026096,0.931513,3.067113,0.1198,0.5400
1787924889.231307,0.025414,0.931347,3.067687,0.1176,0.5400
1787924889.236729,0.024520,0.931126,3.068881,0.1308,0.5207
1787924889.247144,0.023788,0.931136,3.070240,0.1126,0.5207
1787924889.255833,0.023205,0.931140,3.071265,0.0989,0.5207
1787924889.260025,0.022254,0.930922,3.072044,0.1360,0.5207
1787924889.267399,0.021486,0.930968,3.073085,0.1265,0.5207
1787924889.272592,0.020608,0.931018,3.073992,0.1394,0.5207
1787924889.279320,0.019886,0.930521,3.074567,0.1282,0.5207
1787924889.285425,0.018912,0.930849,3.075400,0.1386,0.5207
1787924889.291389,0.018453,0.931044,3.076967,0.1207,0.5207
1787924889.298379,0.017608,0.930912,3.078036,0.1203,0.5207
1787924889.304058,0.016851,0.930896,3.078978,0.1240,0.5207
1787924889.311615,0.016068,0.930773,3.080004,0.1176,0.5207
1787924889.318049,0.015228,0.930941,3.081280,0.1219,0.5207
1787924889.323617,0.014496,0.930966,3.082914,0.1248,0.5207
1787924889.330913,0.013679,0.930790,3.083480,0.1205,0.5207
1787924889.341666,0.012799,0.931034,3.084748,0.1092,0.4893
1787924889.345401,0.012146,0.930804,3.085599,0.1278,0.4893
1787924889.350523,0.011233,0.930675,3.086075,0.1425,0.4893
1787924889.359044,0.010418,0.930580,3.086925,0.1282,0.4893
1787924889.364755,0.009629,0.930695,3.087893,0.1314,0.4893
1787924889.376271,0.008832,0.930700,3.089259,0.1127,0.4893
1787924889.381955,0.008079,0.930747,3.090313,0.1187,0.4893
1787924889.386689,0.007082,0.930589,3.091110,0.1458,0.4893
1787924889.393335,0.006338,0.930738,3.092301,0.1359,0.4893
1787924889.399161,0.005412,0.930491,3.092922,0.1421,0.4893
1787924889.405402,0.004635,0.930084,3.093839,0.1359,0.4893
1787924889.410944,0.003691,0.930188,3.095066,0.1464,0.4893
1787924889.417993,0.002779,0.930074,3.095734,0.1411,0.4893
1787924889.424047,0.002064,0.930212,3.097323,0.1344,0.4893
1787924889.431369,0.001441,0.930612,3.098875,0.1203,0.4893
1787924889.436913,0.000609,0.930358,3.099369,0.1286,0.5902
1787924889.444913,-0.000177,0.930335,3.100764,0.1194,0.5902
1787924889.453070,-0.001021,0.930424,3.101754,0.1148,0.5902
1787924889.460346,-0.001749,0.930388,3.102499,0.1103,0.5902
1787924889.464783,-0.002815,0.930274,3.103781,0.1490,0.5902
1787924889.470770,-0.003735,0.930313,3.104982,0.1504,0.5902
1787924889.477878,-0.004595,0.930373,3.106205,0.1416,0.5902
1787924889.485328,-0.005465,0.930129,3.106906,0.1338,0.5902
1787924889.491520,-0.006130,0.930436,3.108036,0.1264,0.5902
1787924889.497493,-0.007048,0.930178,3.108632,0.1341,0.5902
1787924889.504795,-0.007855,0.930147,3.109540,0.1270,0.5902
1787924889.513010,-0.008887,0.929931,3.109733,0.1263,0.5902
1787924889.518362,-0.009708,0.929609,3.109678,0.1338,0.5902
1787924889.523041,-0.010571,0.929781,3.110758,0.1493,0.5902
1787924889.530985,-0.011392,0.929621,3.111482,0.1353,0.5902
1787924889.537250,-0.012391,0.929581,3.112668,0.1425,0.5707
1787924889.544929,-0.012901,0.929020,3.114192,0.1191,0.5707
1787924889.552803,-0.013818,0.929110,3.117432,0.1184,0.5707
1787924889.558438,-0.014766,0.929282,3.118728,0.1335,0.5707
1787924889.566201,-0.015628,0.929418,3.120245,0.1269,0.5707
1787924889.572156,-0.016743,0.929292,3.122074,0.1449,0.5707
1787924889.579624,-0.017597,0.929239,3.123284,0.1357,0.5707
1787924889.585094,-0.018568,0.929563,3.125034,0.1485,0.5707
1787924889.591016,-0.019729,0.929729,3.127032,0.1629,0.5707
1787924889.597265,-0.020532,0.929986,3.128557,0.1527,0.5707
1787924889.606622,-0.021417,0.930052,3.130309,0.1353,0.5707
1787924889.613955,-0.022354,0.929993,3.131717,0.1330,0.5707
1787924889.618301,-0.023473,0.930045,3.133133,0.1704,0.5707
1787924889.624095,-0.024253,0.930130,3.134248,0.1597,0.5707
1787924889.631120,-0.025124,0.929530,3.134732,0.1488,0.5707
1787924889.636858,-0.026010,0.929776,3.136735,0.1506,0.5434
1787924889.646103,-0.026905,0.929292,3.137184,0.1343,0.5434
1787924889.655131,-0.028022,0.929168,3.137989,0.1311,0.5434
1787924889.659171,-0.028811,0.929245,3.139177,0.1504,0.5434
1787924889.666476,-0.029519,0.929001,3.140489,0.1343,0.5434
1787924889.672397,-0.030130,0.929411,-3.140838,0.1250,0.5434
1787924889.677314,-0.031151,0.929376,-3.140131,0.1498,0.5434
1787924889.683735,-0.031830,0.928822,-3.139484,0.1366,0.5434
1787924889.691191,-0.032456,0.928769,-3.138329,0.1208,0.5434
1787924889.697490,-0.033306,0.928857,-3.136638,0.1251,0.5434
1787924889.706333,-0.034175,0.928748,-3.135629,0.1170,0.5434
1787924889.710931,-0.034808,0.928646,-3.134315,0.1232,0.5434
1787924889.717438,-0.035807,0.928619,-3.133303,0.1323,0.5434
1787924889.723713,-0.036463,0.928401,-3.132238,0.1241,0.5434
1787924889.730467,-0.037213,0.928374,-3.131284,0.1202,0.5434
1787924889.738818,-0.038150,0.928357,-3.130016,0.1178,0.5012
1787924889.746397,-0.039029,0.928085,-3.129026,0.1174,0.5012
1787924889.751660,-0.039678,0.928791,-3.124020,0.1184,0.5012
1787924889.759002,-0.040322,0.928605,-3.124008,0.1094,0.5012
1787924889.767882,-0.041232,0.928564,-3.121443,0.1073,0.5012
1787924889.771675,-0.041883,0.928426,-3.120359,0.1268,0.5012
1787924889.777996,-0.042727,0.928155,-3.120125,0.1291,0.5012
1787924889.784077,-0.043550,0.928094,-3.118990,0.1311,0.5012
1787924889.790778,-0.044364,0.927892,-3.117738,0.1284,0.5012
1787924889.799520,-0.045102,0.927984,-3.116914,0.1151,0.5012
1787924889.804593,-0.045901,0.927657,-3.116342,0.1283,0.5012
1787924889.811959,-0.046704,0.927333,-3.115428,0.1228,0.5012
1787924889.819378,-0.047564,0.927551,-3.113909,0.1205,0.5012
1787924889.824528,-0.048369,0.927415,-3.113160,0.1315,0.5012
1787924889.831135,-0.049007,0.927212,-3.112814,0.1212,0.5012
1787924889.839994,-0.049951,0.927305,-3.111250,0.1167,0.4619
1787924889.844455,-0.050506,0.926906,-3.111116,0.1198,0.4619
1787924889.851464,-0.051433,0.926944,-3.109849,0.1235,0.4619
1787924889.860926,-0.052330,0.927149,-3.108842,0.1147,0.4619
1787924889.865418,-0.052996,0.926856,-3.108223,0.1253,0.4619
1787924889.871520,-0.053791,0.926748,-3.106814,0.1270,0.4619
1787924889.879439,-0.054461,0.926530,-3.106235,0.1145,0.4619
1787924889.885641,-0.055243,0.926542,-3.104706,0.1180,0.4619
1787924889.894588,-0.056130,0.926299,-3.103920,0.1126,0.4619
1787924889.897763,-0.056991,0.926129,-3.103633,0.1607,0.4619
1787924889.905341,-0.057865,0.926274,-3.101888,0.1468,0.4619
1787924889.910355,-0.058698,0.926202,-3.100601,0.1528,0.4619
1787924889.917359,-0.059434,0.926312,-3.098624,0.1382,0.4619
1787924889.923893,-0.060434,0.926063,-3.098017,0.1431,0.4619
1787924889.932164,-0.061270,0.925806,-3.097154,0.1309,0.4619
1787924889.938026,-0.062098,0.925778,-3.096052,0.1340,0.4327
1787924889.949163,-0.062991,0.925547,-3.094847,0.1182,0.4327
1787924889.953225,-0.063920,0.925545,-3.093641,0.1512,0.4327
1787924889.957539,-0.064777,0.925580,-3.092892,0.1653,0.4327
1787924889.964104,-0.065661,0.925615,-3.091608,0.1560,0.4327
1787924889.973534,-0.066428,0.925250,-3.091197,0.1341,0.4327
1787924889.977577,-0.067029,0.925529,-3.090156,0.1374,0.4327
1787924889.983145,-0.068106,0.925365,-3.089014,0.1546,0.4327
1787924889.993035,-0.068946,0.925236,-3.088648,0.1339,0.4327
1787924889.998293,-0.069609,0.925191,-3.086943,0.1316,0.4327
1787924890.007175,-0.070636,0.925171,-3.086474,0.1268,0.4327
1787924890.011523,-0.071541,0.924744,-3.085349,0.1527,0.4327
1787924890.016475,-0.072361,0.924746,-3.083871,0.1565,0.4327
1787924890.023634,-0.073067,0.924468,-3.083155,0.1398,0.4327
1787924890.031271,-0.073992,0.924238,-3.082242,0.1347,0.4327
1787924890.039915,-0.074850,0.924374,-3.081458,0.1237,0.4000
1787924890.044602,-0.075854,0.924649,-3.080132,0.1496,0.4000
1787924890.053149,-0.076556,0.923943,-3.079678,0.1309,0.4000
1787924890.059017,-0.077648,0.924277,-3.078275,0.1462,0.4000
1787924890.065021,-0.078436,0.923817,-3.077796,0.1431,0.4000
1787924890.075428,-0.079297,0.924069,-3.075991,0.1245,0.4000
1787924890.078550,-0.080289,0.923807,-3.075121,0.1839,0.4000
1787924890.085849,-0.081193,0.923881,-3.073808,0.1656,0.4000
1787924890.090979,-0.081984,0.923543,-3.073123,0.1634,0.4000
1787924890.098861,-0.082923,0.923513,-3.071384,0.1501,0.4000
1787924890.104308,-0.083799,0.923547,-3.069946,0.1531,0.4000
1787924890.110886,-0.084649,0.923495,-3.068927,0.1460,0.4000
1787924890.117695,-0.085306,0.923601,-3.067792,0.1307,0.4000
1787924890.125935,-0.086132,0.923262,-3.067250,0.1224,0.4000
1787924890.130321,-0.086989,0.922880,-3.066589,0.1461,0.4000
1787924890.137449,-0.087832,0.923243,-3.065289,0.1365,-0.0000
1787924890.143701,-0.088458,0.923194,-3.064196,0.1257,-0.0000
1787924890.150873,-0.089283,0.923148,-3.063272,0.1225,-0.0000
1787924890.161113,-0.090059,0.923134,-3.062133,0.1085,-0.0000
1787924890.164375,-0.090870,0.923005,-3.061127,0.1512,-0.0000
1787924890.170899,-0.091455,0.922808,-3.060614,0.1334,-0.0000
1787924890.178418,-0.091889,0.922790,-3.059472,0.1107,-0.0000
1787924890.184617,-0.092555,0.922688,-3.058594,0.1100,-0.0000
1787924890.190355,-0.092960,0.922423,-3.057930,0.0993,-0.0000
1787924890.198611,-0.093294,0.922673,-3.056992,0.0808,-0.0000
1787924890.204549,-0.093554,0.922462,-3.056778,0.0706,-0.0000
1787924890.210723,-0.093542,0.921921,-3.055733,0.0510,-0.0000
1787924890.217583,-0.093859,0.921941,-3.055052,0.0495,-0.0000
1787924890.228330,-0.093913,0.921990,-3.053514,0.0360,-0.0000
1787924890.231529,-0.094016,0.922144,-3.052732,0.0336,-0.0000
1787924890.238003,-0.094300,0.922292,-3.052253,0.0360,-0.0000
1787924890.244622,-0.094351,0.922186,-3.051720,0.0279,-0.0000
1787924890.250878,-0.094311,0.922318,-3.051109,0.0171,-0.0000
1787924890.257160,-0.094405,0.922672,-3.050556,0.0149,-0.0000
1787924890.265621,-0.094273,0.922312,-3.050397,0.0069,-0.0000
1787924890.272810,-0.094216,0.922453,-3.049993,0.0019,-0.0000
1787924890.279542,-0.094125,0.922599,-3.049110,-0.0033,-0.0000
1787924890.284576,-0.093872,0.922595,-3.049315,-0.0173,-0.0000
1787924890.291485,-0.093822,0.922618,-3.049424,-0.0143,-0.0000
1787924890.297907,-0.093771,0.922822,-3.049801,-0.0133,-0.0000
1787924890.305490,-0.093665,0.922173,-3.051246,-0.0112,-0.0000
1787924890.310970,-0.093604,0.922236,-3.052126,-0.0115,-0.0000
1787924890.317203,-0.094122,0.921849,-3.054309,0.0184,-0.0000
1787924890.324344,-0.093892,0.921755,-3.055072,0.0036,-0.0000
1787924890.327119,-0.093889,0.921734,-3.056145,0.0024,-0.0000
1787924890.337285,-0.093811,0.922018,-3.056023,-0.0013,-0.0000
1787924890.344799,-0.093777,0.922047,-3.056069,-0.0024,-0.0000
1787924890.351233,-0.093876,0.921985,-3.056138,0.0032,-0.0000
1787924890.358678,-0.093727,0.922343,-3.055463,-0.0050,-0.0000
1787924890.369328,-0.093727,0.922116,-3.055823,-0.0030,-0.0000
1787924890.375242,-0.093581,0.922654,-3.054618,-0.0118,-0.0000
1787924890.382672,-0.093583,0.922494,-3.054727,-0.0076,-0.0000
1787924890.386993,-0.093498,0.922713,-3.054323,-0.0125,-0.0000
1787924890.392225,-0.093422,0.922881,-3.053489,-0.0140,-0.0000
1787924890.397465,-0.093658,0.922877,-3.053402,0.0037,-0.0000
1787924890.404067,-0.093691,0.922549,-3.053997,0.0054,-0.0000
1787924890.412269,-0.093785,0.922428,-3.054190,0.0076,-0.0000
1787924890.414305,-0.093824,0.922239,-3.054759,0.0134,-0.0000
1787924890.423318,-0.093643,0.922558,-3.054480,0.0025,-0.0000
1787924890.429269,-0.093746,0.922188,-3.055574,0.0085,-0.0000
1787924890.438916,-0.093853,0.922478,-3.055288,0.0085,-0.0000
1787924890.444296,-0.093649,0.922398,-3.055457,-0.0050,-0.0000
1787924890.451296,-0.093761,0.922477,-3.055442,0.0010,-0.0000
1787924890.457394,-0.093839,0.922484,-3.055384,0.0045,-0.0000
1787924890.466132,-0.093705,0.922233,-3.055381,-0.0007,-0.0000
1787924890.471596,-0.093806,0.922462,-3.054969,0.0040,-0.0000
1787924890.477788,-0.093869,0.922437,-3.054640,0.0059,-0.0000
1787924890.485056,-0.093963,0.922298,-3.054799,0.0085,-0.0000
1787924890.490263,-0.093886,0.922465,-3.054301,0.0007,-0.0000
1787924890.499053,-0.093879,0.922346,-3.054664,0.0006,-0.0000
1787924890.504955,-0.093878,0.922392,-3.054254,0.0002,-0.0000
1787924890.506710,-0.093928,0.922451,-3.054471,0.0076,-0.0000
1787924890.518073,-0.093918,0.922370,-3.054734,0.0053,-0.0000
1787924890.523627,-0.093804,0.922250,-3.054855,-0.0019,-0.0000
1787924890.531236,-0.093789,0.922352,-3.054960,-0.0023,-0.0000
1787924890.537077,-0.093834,0.922280,-3.055269,0.0011,-0.0000
1787924890.544555,-0.093841,0.922176,-3.055206,0.0014,-0.0000
1787924890.550407,-0.093708,0.922376,-3.055090,-0.0067,-0.0000
1787924890.556705,-0.093866,0.922415,-3.055035,0.0026,-0.0000
1787924890.563859,-0.093739,0.922482,-3.054748,-0.0037,-0.0000
1787924890.571986,-0.093837,0.922342,-3.054988,0.0015,-0.0000
1787924890.579223,-0.093785,0.922273,-3.055044,-0.0009,-0.0000
1787924890.587052,-0.093924,0.922619,-3.054642,0.0035,-0.0000
1787924890.591543,-0.093749,0.922458,-3.054774,-0.0082,-0.0000
1787924890.597556,-0.093786,0.922316,-3.055054,-0.0033,-0.0000
1787924890.604543,-0.093804,0.922354,-3.055040,-0.0017,-0.0000
1787924890.610963,-0.093724,0.922265,-3.054976,-0.0045,-0.0000
1787924890.618998,-0.093739,0.922356,-3.055082,-0.0029,-0.0000
1787924890.624903,-0.093715,0.922522,-3.054630,-0.0040,-0.0000
1787924890.629969,-0.093843,0.922398,-3.055017,0.0054,-0.0000
1787924890.638205,-0.093985,0.922177,-3.055340,0.0096,-0.0000
1787924890.643928,-0.093948,0.922301,-3.055040,0.0043,-0.0000
1787924890.651362,-0.093875,0.922404,-3.054913,-0.0003,-0.0000
1787924890.657506,-0.093821,0.922442,-3.054971,-0.0030,-0.0000
1787924890.666692,-0.093723,0.922482,-3.054599,-0.0054,-0.0000
1787924890.672990,-0.093759,0.922421,-3.054770,-0.0018,-0.0000
1787924890.679234,-0.093804,0.922129,-3.054797,0.0021,-0.0000
1787924890.684131,-0.093763,0.922505,-3.054906,-0.0030,-0.0000
1787924890.691575,-0.093863,0.922326,-3.054943,0.0025,-0.0000
1787924890.700243,-0.093848,0.922157,-3.055013,0.0017,-0.0000
1787924890.704838,-0.093722,0.922336,-3.054972,-0.0080,-0.0000
1787924890.710749,-0.093797,0.922393,-3.054886,-0.0020,-0.0000
1787924890.717626,-0.093861,0.922246,-3.055026,0.0019,-0.0000
1787924890.725455,-0.093873,0.922260,-3.054851,0.0017,-0.0000
1787924890.730598,-0.093955,0.922129,-3.055398,0.0067,-0.0000
1787924890.736756,-0.093842,0.922322,-3.055217,-0.0016,-0.0000
1787924890.743953,-0.093915,0.922380,-3.055046,0.0017,-0.0000
1787924890.753774,-0.093838,0.922299,-3.055073,-0.0010,-0.0000
1787924890.758459,-0.093849,0.922352,-3.055052,-0.0002,-0.0000
1787924890.764622,-0.093738,0.922328,-3.055148,-0.0054,-0.0000
1787924890.771007,-0.093764,0.922329,-3.055227,-0.0026,-0.0000
1787924890.777495,-0.093764,0.922484,-3.054886,-0.0025,-0.0000
1787924890.786187,-0.093827,0.922181,-3.055067,0.0014,-0.0000
1787924890.791701,-0.093918,0.922148,-3.055243,0.0060,-0.0000
1787924890.799853,-0.094026,0.922025,-3.055373,0.0086,-0.0000
1787924890.803952,-0.094062,0.922015,-3.055227,0.0087,-0.0000
1787924890.810877,-0.093938,0.921906,-3.055292,0.0011,-0.0000
1787924890.818114,-0.094112,0.922022,-3.055532,0.0076,-0.0000
1787924890.825358,-0.094104,0.921872,-3.055271,0.0055,-0.0000
1787924890.830259,-0.094063,0.921898,-3.055323,0.0012,-0.0000
1787924890.837217,-0.094171,0.921638,-3.055685,0.0065,-0.0000
1787924890.844167,-0.094247,0.921614,-3.055536,0.0079,-0.0000
1787924890.851666,-0.094118,0.921853,-3.055581,-0.0005,-0.0000
1787924890.859174,-0.094103,0.921746,-3.055190,-0.0005,-0.0000
1787924890.864738,-0.094042,0.921966,-3.055274,-0.0047,-0.0000
1787924890.871669,-0.094167,0.921861,-3.055303,0.0025,-0.0000
1787924890.879027,-0.094063,0.921800,-3.055426,-0.0023,-0.0000
1787924890.885143,-0.094174,0.921685,-3.055560,0.0043,-0.0000
1787924890.901756,-0.094127,0.921765,-3.055458,0.0021,-0.0000
1787924890.903110,-0.094147,0.921833,-3.055803,0.0047,-0.0000
1787924890.906195,-0.094066,0.921772,-3.055737,-0.0041,-0.0000
1787924890.911053,-0.093864,0.922284,-3.055256,-0.0180,-0.0000
1787924890.917753,-0.093879,0.922227,-3.055081,-0.0117,-0.0000
1787924890.923623,-0.093825,0.922252,-3.055195,-0.0111,-0.0000
1787924890.933342,-0.093798,0.922422,-3.054898,-0.0090,-0.0000
1787924890.938079,-0.093828,0.922430,-3.054927,-0.0044,-0.0000
1787924890.943782,-0.093871,0.922349,-3.055027,-0.0005,-0.0000
1787924890.951074,-0.093882,0.922390,-3.054801,-0.0001,-0.0000
1787924890.959008,-0.093819,0.922248,-3.055442,-0.0020,-0.0000
1787924890.966982,-0.093898,0.922322,-3.054887,0.0014,-0.0000
1787924890.971923,-0.093792,0.922377,-3.054952,-0.0057,-0.0000
1787924890.982940,-0.093808,0.922291,-3.055132,-0.0034,-0.0000
1787924890.989869,-0.093770,0.922373,-3.055247,-0.0043,-0.0000
1787924890.997286,-0.093795,0.922273,-3.055219,-0.0016,-0.0000
1787924891.001802,-0.093862,0.922232,-3.055200,0.0035,-0.0000
1787924891.006017,-0.093690,0.922482,-3.054790,-0.0113,-0.0000
1787924891.010458,-0.093792,0.922180,-3.055276,0.0007,-0.0000
1787924891.017233,-0.093966,0.922231,-3.055268,0.0080,-0.0000
1787924891.024673,-0.093928,0.922292,-3.054821,0.0038,-0.0000
1787924891.030680,-0.093791,0.922276,-3.055205,-0.0040,-0.0000
1787924891.038137,-0.093898,0.922307,-3.055038,0.0013,-0.0000
1787924891.044513,-0.093881,0.922079,-3.055282,0.0011,-0.0000
1787924891.051696,-0.093842,0.922342,-3.055075,-0.0018,-0.0000
1787924891.057880,-0.093818,0.922286,-3.055364,-0.0022,-0.0000
1787924891.069558,-0.093715,0.922405,-3.055252,-0.0044,-0.0000
1787924891.072203,-0.093862,0.922409,-3.055027,0.0134,-0.0000
1787924891.077529,-0.093777,0.922348,-3.054827,0.0049,-0.0000
1787924891.086136,-0.093873,0.922240,-3.055495,0.0071,-0.0000
1787924891.091047,-0.093857,0.922133,-3.055129,0.0046,-0.0000
1787924891.099577,-0.093877,0.922085,-3.055294,0.0041,-0.0000
1787924891.104481,-0.093900,0.922056,-3.055352,0.0044,-0.0000
1787924891.113234,-0.094058,0.921987,-3.055500,0.0087,-0.0000
1787924891.120270,-0.093871,0.922346,-3.055027,-0.0032,-0.0000
1787924891.126252,-0.093917,0.922322,-3.055121,0.0002,-0.0000
1787924891.130631,-0.093892,0.922044,-3.055302,0.0000,-0.0000
1787924891.137560,-0.093808,0.922272,-3.055377,-0.0044,-0.0000
1787924891.144208,-0.093845,0.922353,-3.055101,-0.0018,-0.0000
1787924891.151675,-0.093753,0.922315,-3.055037,-0.0048,-0.0000
1787924891.159449,-0.093895,0.922210,-3.055507,0.0025,-0.0000
1787924891.165180,-0.093936,0.922334,-3.055230,0.0033,-0.0000
1787924891.170933,-0.093816,0.922125,-3.055208,-0.0030,-0.0000
1787924891.179469,-0.093825,0.922360,-3.055088,-0.0025,-0.0000
1787924891.186565,-0.093864,0.922094,-3.055517,0.0009,-0.0000
1787924891.193208,-0.093802,0.922500,-3.054593,-0.0038,-0.0000
1787924891.201906,-0.093753,0.922275,-3.055370,-0.0037,-0.0000
1787924891.204765,-0.093834,0.922251,-3.055202,0.0062,-0.0000
1787924891.211484,-0.093819,0.922378,-3.055100,0.0031,-0.0000
1787924891.217476,-0.093808,0.922211,-3.055210,0.0024,-0.0000
1787924891.223639,-0.093873,0.922327,-3.055136,0.0043,-0.0000
1787924891.230616,-0.093743,0.922393,-3.054932,-0.0028,-0.0000
1787924891.237591,-0.093968,0.922250,-3.055241,0.0082,-0.0000
1787924891.243983,-0.093898,0.922345,-3.054939,0.0021,-0.0000
1787924891.252539,-0.093910,0.922305,-3.054969,0.0020,-0.0000
1787924891.257862,-0.093970,0.922287,-3.055021,0.0049,-0.0000
1787924891.263317,-0.093995,0.922206,-3.055257,0.0052,-0.0000
1787924891.271543,-0.093958,0.922134,-3.055130,0.0025,-0.0000
1787924891.277507,-0.093947,0.921972,-3.055701,0.0019,-0.0000
1787924891.283355,-0.093807,0.922288,-3.055203,-0.0072,-0.0000
1787924891.294369,-0.093885,0.922331,-3.055493,-0.0030,-0.0000
1787924891.298626,-0.093848,0.922196,-3.055467,-0.0039,-0.0000
1787924891.306856,-0.093929,0.922385,-3.054962,-0.0004,-0.0000
1787924891.311371,-0.093874,0.922223,-3.055372,-0.0030,-0.0000
1787924891.318619,-0.093806,0.922221,-3.055171,-0.0049,-0.0000
1787924891.323972,-0.093924,0.922249,-3.055107,0.0031,-0.0000
1787924891.327433,-0.093955,0.922091,-3.055252,0.0060,-0.0000
1787924891.336834,-0.093886,0.922247,-3.055285,0.0015,-0.0000
1787924891.344388,-0.093778,0.922169,-3.055312,-0.0029,-0.0000
1787924891.351703,-0.093883,0.922484,-3.055184,0.0011,-0.0000
1787924891.357959,-0.094003,0.922223,-3.055430,0.0076,-0.0000
1787924891.364850,-0.093966,0.922191,-3.055081,0.0038,-0.0000
1787924891.376240,-0.093707,0.922300,-3.055346,-0.0044,-0.0000
1787924891.381801,-0.093925,0.922545,-3.054968,0.0075,-0.0000
1787924891.385975,-0.093778,0.922206,-3.055216,-0.0032,-0.0000
1787924891.390380,-0.093894,0.922380,-3.055046,0.0046,-0.0000
1787924891.398938,-0.093947,0.922299,-3.055056,0.0053,-0.0000
1787924891.406796,-0.093912,0.922260,-3.055025,0.0025,-0.0000
1787924891.412001,-0.093926,0.922092,-3.055404,0.0034,-0.0000
1787924891.419371,-0.093906,0.922107,-3.055350,0.0015,-0.0000
1787924891.425240,-0.094012,0.922045,-3.055418,0.0067,-0.0000
1787924891.430078,-0.093930,0.921951,-3.055570,0.0002,-0.0000
1787924891.437891,-0.093863,0.922379,-3.054891,-0.0039,-0.0000
1787924891.445197,-0.093959,0.922242,-3.055199,0.0017,-0.0000
1787924891.450323,-0.093809,0.922312,-3.055278,-0.0079,-0.0000
1787924891.457819,-0.093890,0.922396,-3.055067,-0.0026,-0.0000
1787924891.465510,-0.093859,0.922065,-3.055618,-0.0019,-0.0000
1787924891.471017,-0.093840,0.922242,-3.055239,-0.0032,-0.0000
1787924891.477473,-0.093870,0.922317,-3.055480,-0.0011,-0.0000
1787924891.485085,-0.093940,0.922057,-3.055261,0.0028,-0.0000
1787924891.492841,-0.093801,0.922406,-3.054966,-0.0046,-0.0000
1787924891.500746,-0.093798,0.922340,-3.055067,-0.0031,-0.0000
1787924891.509943,-0.093811,0.922240,-3.055257,-0.0015,-0.0000
1787924891.512783,-0.093970,0.922296,-3.055404,0.0152,-0.0000
1787924891.518399,-0.093961,0.922346,-3.055192,0.0100,-0.0000
1787924891.523871,-0.093790,0.922232,-3.055583,-0.0019,-0.0000
1787924891.532270,-0.093882,0.922292,-3.055355,0.0018,-0.0000
1787924891.538024,-0.093916,0.922290,-3.055316,0.0030,-0.3000
1787924891.545180,-0.093886,0.922440,-3.055218,0.0003,-0.3000
1787924891.551020,-0.093879,0.922229,-3.055103,0.0008,-0.3000
1787924891.559780,-0.093890,0.922292,-3.055279,0.0008,-0.3000
1787924891.565280,-0.093897,0.922318,-3.054989,0.0008,-0.3000
1787924891.570132,-0.093967,0.922216,-3.055175,0.0054,-0.3000
1787924891.578690,-0.093851,0.922214,-3.055044,-0.0003,-0.3000
1787924891.588525,-0.093846,0.922295,-3.055291,-0.0005,-0.3000
1787924891.592135,-0.093886,0.922457,-3.054743,0.0018,-0.3000
1787924891.602746,-0.093899,0.922573,-3.054023,0.0013,-0.3000
1787924891.606441,-0.093975,0.922616,-3.053462,0.0068,-0.3000
1787924891.611866,-0.094074,0.922842,-3.052852,0.0091,-0.3000
1787924891.617680,-0.093846,0.922921,-3.052424,-0.0057,-0.3000
1787924891.624534,-0.093772,0.922915,-3.052326,-0.0072,-0.3000
1787924891.631787,-0.094015,0.922500,-3.053432,0.0065,-0.3000
1787924891.637678,-0.094103,0.922504,-3.053521,0.0090,-0.6000
1787924891.643775,-0.093951,0.922729,-3.053451,-0.0022,-0.6000
1787924891.651089,-0.094004,0.922605,-3.054090,0.0011,-0.6000
1787924891.657337,-0.094040,0.922451,-3.055125,0.0031,-0.6000
1787924891.664551,-0.093888,0.922316,-3.055972,-0.0036,-0.6000
1787924891.671710,-0.093930,0.922125,-3.057393,-0.0001,-0.6000
1787924891.677652,-0.094049,0.921874,-3.058484,0.0070,-0.6000
1787924891.684153,-0.093999,0.921524,-3.059674,0.0039,-0.6000
1787924891.691135,-0.094057,0.921426,-3.060466,0.0055,-0.6000
1787924891.697463,-0.094236,0.921581,-3.061031,0.0118,-0.6000
1787924891.709623,-0.094089,0.921386,-3.061262,0.0050,-0.6000
1787924891.714280,-0.094223,0.921484,-3.061445,0.0116,-0.6000
1787924891.718165,-0.094395,0.921299,-3.061860,0.0225,-0.6000
1787924891.725564,-0.094494,0.921371,-3.061951,0.0195,-0.6000
1787924891.731269,-0.094253,0.921781,-3.062134,-0.0007,-0.6000
1787924891.736964,-0.094421,0.921527,-3.063022,0.0094,-0.7000
1787924891.743570,-0.094408,0.921589,-3.063298,0.0058,-0.7000
1787924891.752458,-0.094427,0.921777,-3.063314,0.0042,-0.7000
1787924891.757738,-0.094321,0.921568,-3.064183,-0.0021,-0.7000
1787924891.766794,-0.094378,0.921739,-3.064605,-0.0001,-0.7000
1787924891.771856,-0.094289,0.921439,-3.065680,-0.0039,-0.7000
1787924891.777693,-0.094277,0.921420,-3.066517,-0.0033,-0.7000
1787924891.784892,-0.094265,0.921232,-3.068309,-0.0022,-0.7000
1787924891.792137,-0.094069,0.921062,-3.069567,-0.0091,-0.7000
1787924891.799328,-0.094036,0.920939,-3.070571,-0.0074,-0.7000
1787924891.806000,-0.093972,0.920627,-3.071919,-0.0071,-0.7000
1787924891.810812,-0.093986,0.920492,-3.073407,-0.0035,-0.7000
1787924891.820810,-0.093889,0.920439,-3.074142,-0.0052,-0.7000
1787924891.826586,-0.094113,0.920423,-3.075195,0.0080,-0.7000
1787924891.831715,-0.093964,0.920333,-3.075836,-0.0027,-0.7000
1787924891.837389,-0.094093,0.920590,-3.075429,0.0040,-0.7000
1787924891.847732,-0.093865,0.920178,-3.075829,-0.0030,-0.7000
1787924891.852541,-0.094105,0.920754,-3.074763,0.0104,-0.7000
1787924891.858455,-0.094212,0.920758,-3.074369,0.0127,-0.7000
1787924891.867520,-0.093982,0.920734,-3.073527,0.0014,-0.7000
1787924891.871404,-0.094186,0.920796,-3.073342,0.0163,-0.7000
1787924891.877949,-0.094092,0.921009,-3.072482,0.0064,-0.7000
1787924891.883369,-0.094106,0.920704,-3.072781,0.0064,-0.7000
1787924891.891285,-0.094116,0.920705,-3.072786,0.0049,-0.7000
1787924891.899271,-0.094065,0.920886,-3.072789,0.0010,-0.7000
1787924891.910217,-0.093948,0.920588,-3.073523,-0.0019,-0.7000
1787924891.918386,-0.094115,0.920396,-3.073552,0.0053,-0.7000
1787924891.919612,-0.094049,0.920365,-3.073649,-0.0120,-0.7000
1787924891.923929,-0.094003,0.920273,-3.074225,-0.0111,-0.7000
1787924891.931582,-0.093862,0.919948,-3.074641,-0.0124,-0.7000
1787924891.939482,-0.093801,0.919734,-3.075444,-0.0105,-0.7000
1787924891.944803,-0.093526,0.919447,-3.075683,-0.0217,-0.7000
1787924891.950649,-0.093430,0.919596,-3.075917,-0.0206,-0.7000
1787924891.957587,-0.093293,0.919331,-3.076298,-0.0196,-0.7000
1787924891.964096,-0.093171,0.919461,-3.075975,-0.0197,-0.7000
1787924891.972830,-0.092884,0.919496,-3.075337,-0.0237,-0.7000
1787924891.977309,-0.092512,0.919785,-3.073896,-0.0427,-0.7000
1787924891.984979,-0.092235,0.919946,-3.072725,-0.0411,-0.7000
1787924891.991545,-0.091639,0.920255,-3.070715,-0.0570,-0.7000
1787924891.996568,-0.091298,0.920433,-3.068764,-0.0609,-0.7000
1787924892.006607,-0.090605,0.920539,-3.066574,-0.0635,-0.7000
1787924892.010267,-0.089928,0.920816,-3.064096,-0.1016,-0.7000
1787924892.020745,-0.088911,0.921189,-3.061621,-0.1010,-0.7000
1787924892.024549,-0.088097,0.921346,-3.058859,-0.1357,-0.7000
1787924892.030674,-0.086991,0.921478,-3.057136,-0.1495,-0.7000
1787924892.037687,-0.086442,0.921648,-3.054085,-0.1287,-0.7000
1787924892.043968,-0.085305,0.921208,-3.053083,-0.1423,-0.7000
1787924892.050594,-0.084213,0.921402,-3.050695,-0.1497,-0.7000
1787924892.056743,-0.083241,0.921239,-3.049108,-0.1512,-0.7000
1787924892.064977,-0.082093,0.921455,-3.047670,-0.1483,-0.7000
1787924892.071256,-0.080801,0.921395,-3.046689,-0.1649,-0.7000
1787924892.078880,-0.079675,0.921102,-3.045083,-0.1584,-0.7000
1787924892.084717,-0.078475,0.920968,-3.043846,-0.1716,-0.7000
1787924892.095943,-0.077324,0.920944,-3.042378,-0.1507,-0.7000
1787924892.098727,-0.076157,0.920399,-3.041315,-0.2247,-0.7000
1787924892.104696,-0.074994,0.920375,-3.039676,-0.2153,-0.7000
1787924892.113535,-0.073688,0.920515,-3.038130,-0.1953,-0.7000
1787924892.117801,-0.072773,0.920277,-3.037043,-0.1989,-0.7000
1787924892.124279,-0.071592,0.920248,-3.034797,-0.1935,-0.7000
1787924892.132741,-0.070505,0.920212,-3.033053,-0.1736,-0.7000
1787924892.137671,-0.069326,0.919933,-3.031530,-0.1910,-0.7000
1787924892.144784,-0.068056,0.920330,-3.028659,-0.1888,-0.7000
1787924892.150655,-0.066900,0.920738,-3.026008,-0.1932,-0.7000
1787924892.157828,-0.065882,0.920393,-3.023875,-0.1759,-0.7000
1787924892.165903,-0.064616,0.920610,-3.021768,-0.1707,-0.7000
1787924892.171595,-0.063370,0.920820,-3.018970,-0.1861,-0.7000
1787924892.178965,-0.062404,0.920835,-3.017098,-0.1693,-0.7000
1787924892.185028,-0.061187,0.920787,-3.014644,-0.1780,-0.7000
1787924892.191035,-0.060114,0.920575,-3.013534,-0.1764,-0.7000
1787924892.198258,-0.058745,0.920772,-3.011918,-0.1809,-0.7000
1787924892.204546,-0.057710,0.920978,-3.009385,-0.1769,-0.7000
1787924892.215506,-0.056508,0.920799,-3.008088,-0.1558,-0.7000
1787924892.219060,-0.055289,0.920758,-3.006874,-0.2105,-0.7000
1787924892.226574,-0.054429,0.920820,-3.005309,-0.1817,-0.7000
1787924892.231465,-0.053337,0.920887,-3.003903,-0.1941,-0.7000
1787924892.238071,-0.052117,0.921033,-3.002088,-0.1917,-0.7000
1787924892.244551,-0.051041,0.920820,-3.000421,-0.1821,-0.7000
1787924892.251068,-0.050003,0.920985,-2.999056,-0.1758,-0.7000
1787924892.259647,-0.048713,0.921044,-2.997088,-0.1680,-0.7000
1787924892.264734,-0.047890,0.921082,-2.996099,-0.1660,-0.7000
1787924892.271397,-0.046811,0.920976,-2.994105,-0.1635,-0.7000
1787924892.277171,-0.045640,0.921017,-2.992201,-0.1750,-0.7000
1787924892.285217,-0.044877,0.920899,-2.989708,-0.1499,-0.7000
1787924892.294081,-0.043482,0.921484,-2.986184,-0.1546,-0.7000
1787924892.298286,-0.042578,0.921587,-2.984237,-0.1731,-0.7000
1787924892.304939,-0.041324,0.922109,-2.980002,-0.1808,-0.7000
1787924892.311361,-0.040115,0.922228,-2.977583,-0.1832,-0.7000
1787924892.319075,-0.038780,0.922462,-2.974339,-0.1809,-0.7000
1787924892.327790,-0.037607,0.922662,-2.970874,-0.1676,-0.7000
1787924892.335298,-0.036246,0.922765,-2.967683,-0.1716,-0.7000
1787924892.336797,-0.034800,0.922990,-2.964205,-0.4129,-0.7000
1787924892.343197,-0.033449,0.923259,-2.960410,-0.3536,-0.7000
1787924892.350272,-0.032059,0.923882,-2.956792,-0.3103,-0.7000
1787924892.358573,-0.030287,0.923322,-2.954573,-0.2764,-0.7000
1787924892.366310,-0.029001,0.923750,-2.950707,-0.2456,-0.7000
1787924892.371585,-0.027457,0.923822,-2.948220,-0.2589,-0.7000
1787924892.378969,-0.025673,0.923876,-2.945294,-0.2527,-0.7000
1787924892.385833,-0.024260,0.924271,-2.942006,-0.2408,-0.7000
1787924892.392130,-0.022573,0.923821,-2.938629,-0.2430,-0.7000
1787924892.399045,-0.020895,0.923896,-2.936851,-0.2420,-0.7000
1787924892.405910,-0.019361,0.924229,-2.933582,-0.2380,-0.7000
1787924892.410396,-0.017447,0.924356,-2.931486,-0.2935,-0.7000
1787924892.417544,-0.015966,0.924510,-2.928170,-0.2676,-0.7000
1787924892.424352,-0.014432,0.924770,-2.925619,-0.2558,-0.7000
1787924892.431796,-0.012807,0.924932,-2.923650,-0.2444,-0.7000
1787924892.438517,-0.011058,0.924990,-2.921082,-0.2479,-0.7000
1787924892.444442,-0.009483,0.924992,-2.920012,-0.2513,-0.7000
1787924892.451689,-0.008175,0.924691,-2.917558,-0.2259,-0.7000
1787924892.457748,-0.006685,0.924785,-2.915906,-0.2311,-0.7000
1787924892.465561,-0.005604,0.925027,-2.913853,-0.2043,-0.7000
1787924892.471669,-0.004036,0.925132,-2.911999,-0.2192,-0.7000
1787924892.479011,-0.002752,0.925663,-2.909490,-0.2095,-0.7000
1787924892.485458,-0.001316,0.925577,-2.907154,-0.2107,-0.7000
1787924892.491723,-0.000260,0.925428,-2.905104,-0.1950,-0.7000
1787924892.498575,0.000675,0.925898,-2.902310,-0.1811,-0.7000
1787924892.508106,0.002160,0.925849,-2.900559,-0.1718,-0.7000
1787924892.511355,0.003397,0.926419,-2.897291,-0.2439,-0.7000
1787924892.518573,0.004828,0.926491,-2.894882,-0.2291,-0.7000
1787924892.527070,0.006030,0.926482,-2.892273,-0.2014,-0.7000
1787924892.532744,0.007158,0.927053,-2.888928,-0.2063,-0.7000
1787924892.539335,0.008297,0.926911,-2.886503,-0.1929,-0.7000
1787924892.544803,0.009574,0.927728,-2.882213,-0.2143,-0.7000
1787924892.550916,0.010962,0.928089,-2.878619,-0.2204,-0.7000
1787924892.558396,0.012438,0.928367,-2.876092,-0.2143,-0.7000
1787924892.566694,0.013642,0.928889,-2.871992,-0.1970,-0.7000
1787924892.572906,0.015197,0.928978,-2.869689,-0.2114,-0.7000
1787924892.576792,0.016574,0.929408,-2.865919,-0.2593,-0.7000
1787924892.584495,0.017981,0.929800,-2.863175,-0.2384,-0.7000
1787924892.593096,0.019561,0.930117,-2.859592,-0.2229,-0.7000
1787924892.603555,0.020933,0.930304,-2.857084,-0.1953,-0.7000
1787924892.608268,0.022379,0.930827,-2.853870,-0.2344,-0.7000
1787924892.615494,0.023962,0.931040,-2.850813,-0.2296,-0.7000
1787924892.620008,0.025471,0.931156,-2.847932,-0.2589,-0.7000
1787924892.626016,0.027091,0.931696,-2.844602,-0.2665,-0.7000
1787924892.635200,0.028618,0.931857,-2.842212,-0.2358,-0.7000
1787924892.638389,0.030337,0.932320,-2.839857,-0.3324,-0.7000
1787924892.644537,0.031814,0.932115,-2.837445,-0.2984,-0.7000
1787924892.651865,0.033133,0.932604,-2.833837,-0.2664,-0.7000
1787924892.659645,0.034970,0.932944,-2.832107,-0.2579,-0.7000
1787924892.664836,0.036492,0.932963,-2.830048,-0.2646,-0.7000
1787924892.673820,0.037526,0.934063,-2.825616,-0.2295,-0.7000
1787924892.679693,0.039347,0.933954,-2.823739,-0.2473,-0.7000
1787924892.686790,0.040691,0.933918,-2.821766,-0.2265,-0.7000
1787924892.720794,0.042151,0.934338,-2.818852,-0.1720,-0.7000
1787924892.723297,0.043667,0.934772,-2.816113,-0.3092,-0.7000
1787924892.724714,0.045038,0.935207,-2.813263,-0.5209,-0.7000
1787924892.727455,0.046243,0.935933,-2.810566,-0.5151,-0.7000
1787924892.728952,0.047819,0.935844,-2.807969,-0.6531,-0.7000
1787924892.730575,0.049125,0.936092,-2.804779,-0.7003,-0.7000
1787924892.733084,0.050554,0.936745,-2.802070,-0.6773,-0.7000
1787924892.739009,0.051924,0.937223,-2.798436,-0.5476,-0.6944
1787924892.744346,0.053464,0.937811,-2.795342,-0.4759,-0.6944
1787924892.751752,0.054947,0.938188,-2.792194,-0.3948,-0.6944
1787924892.757371,0.056379,0.938383,-2.788393,-0.3517,-0.6944
1787924892.763475,0.057608,0.938699,-2.785231,-0.3082,-0.6944
1787924892.771606,0.059238,0.939429,-2.781017,-0.2815,-0.6944
1787924892.777850,0.060565,0.940178,-2.777427,-0.2695,-0.6944
1787924892.785463,0.062302,0.940422,-2.774614,-0.2560,-0.6944
1787924892.791313,0.063883,0.941082,-2.771070,-0.2670,-0.6944
1787924892.799109,0.065174,0.941297,-2.768356,-0.2362,-0.6944
1787924892.804885,0.066722,0.941871,-2.764573,-0.2511,-0.6944
1787924892.811567,0.068315,0.942412,-2.761519,-0.2512,-0.6944
1787924892.818705,0.070095,0.942384,-2.759568,-0.2448,-0.6944
1787924892.823673,0.071251,0.943083,-2.756053,-0.2519,-0.6944
1787924892.832798,0.073226,0.943291,-2.754478,-0.2390,-0.6678
1787924892.840235,0.074710,0.943548,-2.751850,-0.2266,-0.6678
1787924892.845086,0.075973,0.943961,-2.749386,-0.2406,-0.6678
1787924892.850192,0.077851,0.944022,-2.747827,-0.2717,-0.6678
1787924892.858071,0.079212,0.944681,-2.745052,-0.2477,-0.6678
1787924892.865214,0.080531,0.945219,-2.742933,-0.2332,-0.6678
1787924892.871103,0.081885,0.945258,-2.741192,-0.2275,-0.6678
1787924892.879172,0.083340,0.945844,-2.737924,-0.2176,-0.6678
1787924892.884297,0.084583,0.946225,-2.736015,-0.2279,-0.6678
1787924892.892627,0.086104,0.946416,-2.733983,-0.2126,-0.6678
1787924892.898602,0.087340,0.947175,-2.730804,-0.2209,-0.6678
1787924892.904866,0.088815,0.947625,-2.728680,-0.2280,-0.6678
1787924892.912035,0.089710,0.948258,-2.725682,-0.2046,-0.6678
1787924892.918899,0.090999,0.948423,-2.723444,-0.1976,-0.6678
1787924892.927305,0.092285,0.948975,-2.720674,-0.1883,-0.6678
1787924892.936083,0.093420,0.949608,-2.718227,-0.1760,-0.6589
1787924892.942372,0.094995,0.950156,-2.715709,-0.2024,-0.6589
1787924892.944174,0.096015,0.951042,-2.711314,-0.3577,-0.6589
1787924892.951138,0.097422,0.951527,-2.708866,-0.3142,-0.6589
1787924892.957911,0.098920,0.952341,-2.705144,-0.2953,-0.6589
1787924892.969257,0.099945,0.952892,-2.701401,-0.2374,-0.6589
1787924892.972725,0.101271,0.953570,-2.697838,-0.2950,-0.6589
1787924892.978548,0.102847,0.953856,-2.695007,-0.2861,-0.6589
1787924892.984840,0.104092,0.955140,-2.690289,-0.2804,-0.6589
1787924892.992233,0.105601,0.955568,-2.686948,-0.2589,-0.6589
1787924892.998052,0.107187,0.956397,-2.682603,-0.2735,-0.6589
1787924893.008340,0.108633,0.956992,-2.679115,-0.2369,-0.6589
1787924893.012218,0.110218,0.957518,-2.675488,-0.2937,-0.6589
1787924893.017774,0.111446,0.958510,-2.670955,-0.2890,-0.6589
1787924893.026675,0.113559,0.958832,-2.668681,-0.2706,-0.6589
1787924893.031689,0.115163,0.959548,-2.665356,-0.2944,-0.6589
1787924893.039330,0.116846,0.960082,-2.661889,-0.2743,-0.6331
1787924893.047689,0.118530,0.960926,-2.659294,-0.2596,-0.6331
1787924893.051194,0.120139,0.960862,-2.657085,-0.3011,-0.6331
1787924893.056801,0.121619,0.962101,-2.653575,-0.3117,-0.6331
1787924893.063911,0.123327,0.962069,-2.651252,-0.2812,-0.6331
1787924893.071486,0.124821,0.962760,-2.649086,-0.2619,-0.6331
1787924893.077841,0.126432,0.963572,-2.646675,-0.2685,-0.6331
1787924893.085309,0.127930,0.963662,-2.644517,-0.2425,-0.6331
1787924893.091732,0.129406,0.963867,-2.642803,-0.2349,-0.6331
1787924893.098514,0.130846,0.964746,-2.639895,-0.2390,-0.6331
1787924893.104948,0.132234,0.965032,-2.637512,-0.2304,-0.6331
1787924893.111196,0.133626,0.965487,-2.635472,-0.2303,-0.6331
1787924893.119507,0.134784,0.966293,-2.632925,-0.2119,-0.6331
1787924893.126988,0.136057,0.966847,-2.630581,-0.2037,-0.6331
1787924893.131478,0.137307,0.967211,-2.627455,-0.2273,-0.6331
1787924893.139929,0.138457,0.967574,-2.625192,-0.2009,-0.6520
1787924893.146996,0.139747,0.968472,-2.621937,-0.2071,-0.6520
1787924893.151110,0.140741,0.969291,-2.618799,-0.2376,-0.6520
1787924893.160394,0.141834,0.969779,-2.616246,-0.2048,-0.6520
1787924893.163883,0.143230,0.970419,-2.613025,-0.2748,-0.6520
1787924893.170547,0.144142,0.971337,-2.610361,-0.2487,-0.6520
1787924893.178133,0.145114,0.971786,-2.607641,-0.2162,-0.6520
1787924893.184091,0.146350,0.972198,-2.604929,-0.2154,-0.6520
1787924893.190512,0.147619,0.973012,-2.601648,-0.2212,-0.6520
1787924893.198896,0.148790,0.973644,-2.598686,-0.2024,-0.6520
1787924893.204001,0.149806,0.974548,-2.594711,-0.2203,-0.6520
1787924893.211891,0.151037,0.975496,-2.590886,-0.2130,-0.6520
1787924893.219777,0.152362,0.976277,-2.586633,-0.2076,-0.6520
1787924893.228739,0.153528,0.977703,-2.581125,-0.2037,-0.6520
1787924893.232975,0.155007,0.978023,-2.577602,-0.2433,-0.6520
1787924893.240804,0.156329,0.979193,-2.572657,-0.2371,-0.6118
1787924893.245131,0.157551,0.980182,-2.568479,-0.2744,-0.6118
1787924893.253586,0.159495,0.980710,-2.564586,-0.2601,-0.6118
1787924893.257788,0.160857,0.982108,-2.559819,-0.3181,-0.6118
1787924893.264563,0.162748,0.982536,-2.557723,-0.3030,-0.6118
1787924893.271162,0.163943,0.983407,-2.552938,-0.2793,-0.6118
1787924893.277697,0.165696,0.984462,-2.549975,-0.2893,-0.6118
1787924893.283816,0.167483,0.984790,-2.546667,-0.2841,-0.6118
1787924893.291610,0.168877,0.985805,-2.544398,-0.2652,-0.6118
1787924893.299387,0.170748,0.986486,-2.542470,-0.2601,-0.6118
1787924893.305350,0.172313,0.987014,-2.540465,-0.2620,-0.6118
1787924893.310246,0.173835,0.987868,-2.537998,-0.2899,-0.6118
1787924893.317864,0.175382,0.988178,-2.535542,-0.2599,-0.6118
1787924893.324336,0.176819,0.989130,-2.533171,-0.2618,-0.6118
1787924893.333295,0.178399,0.989706,-2.531535,-0.2377,-0.5982
1787924893.343512,0.179839,0.990106,-2.529660,-0.2078,-0.5982
1787924893.346499,0.181093,0.990805,-2.527066,-0.2888,-0.5982
1787924893.354143,0.182509,0.991510,-2.525080,-0.2635,-0.5982
1787924893.358279,0.183736,0.992148,-2.522198,-0.2837,-0.5982
1787924893.363851,0.185002,0.992640,-2.519859,-0.2695,-0.5982
1787924893.371465,0.186011,0.993438,-2.517022,-0.2393,-0.5982
1787924893.377227,0.187308,0.994107,-2.514443,-0.2426,-0.5982
1787924893.385129,0.188537,0.994889,-2.512206,-0.2250,-0.5982
1787924893.390649,0.189222,0.995877,-2.508417,-0.2193,-0.5982
1787924893.400522,0.190799,0.996325,-2.506838,-0.2001,-0.5982
1787924893.405027,0.191912,0.997141,-2.503714,-0.2320,-0.5982
1787924893.414677,0.192732,0.998024,-2.500047,-0.1993,-0.5982
1787924893.418461,0.193922,0.998845,-2.497318,-0.2541,-0.5982
1787924893.423816,0.195140,0.999933,-2.494205,-0.2690,-0.5982
1787924893.431066,0.196242,1.000650,-2.491617,-0.2426,-0.5982
1787924893.440329,0.197109,1.001804,-2.487854,-0.2148,-0.5767
1787924893.445753,0.198486,1.002750,-2.484607,-0.2426,-0.5767
1787924893.450290,0.199468,1.003730,-2.480674,-0.2608,-0.5767
1787924893.457014,0.200784,1.004658,-2.476448,-0.2543,-0.5767
1787924893.464994,0.202001,1.005730,-2.472129,-0.2389,-0.5767
1787924893.471704,0.203049,1.007010,-2.467743,-0.2396,-0.5767
1787924893.479084,0.204589,1.008015,-2.464588,-0.2421,-0.5767
1787924893.484065,0.205889,1.009056,-2.460996,-0.2698,-0.5767
1787924893.491107,0.207377,1.010088,-2.457338,-0.2658,-0.5767
1787924893.499405,0.209047,1.010970,-2.454682,-0.2529,-0.5767
1787924893.506677,0.210401,1.011988,-2.452247,-0.2469,-0.5767
1787924893.511148,0.211851,1.013009,-2.449062,-0.2914,-0.5767
1787924893.518447,0.213213,1.014084,-2.446610,-0.2753,-0.5767
1787924893.524509,0.214655,1.015059,-2.444241,-0.2784,-0.5767
1787924893.531603,0.216015,1.016001,-2.441661,-0.2645,-0.5767
1787924893.538473,0.217471,1.016516,-2.440545,-0.2483,-0.5725
1787924893.547904,0.219367,1.017345,-2.439044,-0.2369,-0.5725
1787924893.552696,0.220496,1.018207,-2.436875,-0.2546,-0.5725
1787924893.557698,0.222354,1.018932,-2.435560,-0.2912,-0.5725
1787924893.563941,0.222680,1.020620,-2.431444,-0.2686,-0.5725
1787924893.571111,0.224079,1.021336,-2.430206,-0.2520,-0.5725
1787924893.577803,0.225449,1.022082,-2.428947,-0.2447,-0.5725
1787924893.584142,0.226605,1.023062,-2.426055,-0.2430,-0.5725
1787924893.592378,0.227810,1.023718,-2.424870,-0.2189,-0.5725
1787924893.597984,0.228960,1.024515,-2.422985,-0.2276,-0.5725
1787924893.607701,0.230081,1.025488,-2.419863,-0.2052,-0.5725
1787924893.613659,0.231518,1.026063,-2.417911,-0.2170,-0.5725
1787924893.621243,0.232455,1.027176,-2.415041,-0.2088,-0.5725
1787924893.626060,0.233813,1.027767,-2.413285,-0.2338,-0.5725
1787924893.630735,0.234933,1.028744,-2.411078,-0.2591,-0.5725
1787924893.638877,0.236032,1.029836,-2.408522,-0.2383,-0.5636
1787924893.644265,0.237138,1.030615,-2.406173,-0.2416,-0.5636
1787924893.654172,0.238673,1.031509,-2.404567,-0.2217,-0.5636
1787924893.660086,0.239359,1.032984,-2.401850,-0.2314,-0.5636
1787924893.664308,0.240570,1.033678,-2.400092,-0.2587,-0.5636
1787924893.672068,0.242155,1.034468,-2.398846,-0.2469,-0.5636
1787924893.677796,0.243074,1.035796,-2.396351,-0.2554,-0.5636
1787924893.686989,0.244309,1.036568,-2.394780,-0.2255,-0.5636
1787924893.692826,0.245235,1.038093,-2.392079,-0.2460,-0.5636
1787924893.699020,0.246395,1.038821,-2.390145,-0.2373,-0.5636
1787924893.704380,0.247466,1.040144,-2.386581,-0.2606,-0.5636
1787924893.711156,0.248301,1.041628,-2.383563,-0.2544,-0.5636
1787924893.718494,0.249852,1.042420,-2.381227,-0.2463,-0.5636
1787924893.723720,0.250644,1.043742,-2.377711,-0.2578,-0.5636
1787924893.730611,0.251837,1.045075,-2.374235,-0.2581,-0.5636
1787924893.738307,0.252743,1.046324,-2.369823,-0.2399,-0.5426
1787924893.744961,0.253469,1.047527,-2.366200,-0.2293,-0.5426
1787924893.752748,0.254969,1.048799,-2.362968,-0.2361,-0.5426
1787924893.762062,0.255828,1.050088,-2.358614,-0.2142,-0.5426
1787924893.764857,0.257057,1.051196,-2.354684,-0.3273,-0.5426
1787924893.771123,0.258151,1.052274,-2.351481,-0.3026,-0.5426
1787924893.777807,0.259544,1.053362,-2.347935,-0.2905,-0.5426
1787924893.783637,0.260489,1.054300,-2.344352,-0.2718,-0.5426
1787924893.790792,0.261734,1.055510,-2.340289,-0.2630,-0.5426
1787924893.798310,0.263202,1.056064,-2.337771,-0.2407,-0.5426
1787924893.804638,0.264214,1.057495,-2.333798,-0.2507,-0.5426
1787924893.813523,0.265561,1.058167,-2.330301,-0.2232,-0.5426
1787924893.817308,0.266724,1.058976,-2.326791,-0.2662,-0.5426
1787924893.825738,0.268432,1.059491,-2.323830,-0.2413,-0.5426
1787924893.830600,0.269225,1.060753,-2.319430,-0.2592,-0.5426
1787924893.837559,0.270827,1.061460,-2.316277,-0.2507,-0.4972
1787924893.847420,0.271807,1.062556,-2.312710,-0.2202,-0.4972
1787924893.851124,0.273410,1.063007,-2.309667,-0.2686,-0.4972
1787924893.856964,0.274326,1.063865,-2.305957,-0.2523,-0.4972
1787924893.866045,0.275846,1.064585,-2.304282,-0.2279,-0.4972
1787924893.870752,0.276841,1.065436,-2.300948,-0.2422,-0.4972
1787924893.879039,0.278436,1.066308,-2.298866,-0.2315,-0.4972
1787924893.884104,0.279207,1.067246,-2.295183,-0.2340,-0.4972
1787924893.891705,0.280802,1.067846,-2.293096,-0.2231,-0.4972
1787924893.900053,0.281766,1.069007,-2.289939,-0.2104,-0.4972
1787924893.906668,0.282857,1.069663,-2.287488,-0.2023,-0.4972
1787924893.912176,0.284118,1.070555,-2.284855,-0.2232,-0.4972
1787924893.918676,0.285544,1.071357,-2.283203,-0.2273,-0.4972
1787924893.925042,0.286386,1.072506,-2.280544,-0.2260,-0.4972
1787924893.930794,0.287766,1.073548,-2.278195,-0.2463,-0.4972
1787924893.939089,0.288732,1.074650,-2.275792,-0.2254,-0.4647
1787924893.944948,0.289448,1.076082,-2.272563,-0.2375,-0.4647
1787924893.951152,0.290710,1.077289,-2.270100,-0.2502,-0.4647
1787924893.959214,0.291580,1.078481,-2.266277,-0.2299,-0.4647
1787924893.966774,0.292431,1.079848,-2.263859,-0.2243,-0.4647
1787924893.970941,0.293244,1.081243,-2.261128,-0.2716,-0.4647
1787924893.977240,0.294485,1.082352,-2.258830,-0.2685,-0.4647
1787924893.985083,0.295226,1.083927,-2.255438,-0.2525,-0.4647
1787924893.991423,0.296286,1.085254,-2.252933,-0.2571,-0.4647
1787924893.997757,0.297189,1.086478,-2.250280,-0.2520,-0.4647
1787924894.005518,0.298010,1.088226,-2.246884,-0.2489,-0.4647
1787924894.011449,0.298941,1.089426,-2.244627,-0.2511,-0.4647
1787924894.019814,0.300408,1.090645,-2.242660,-0.2427,-0.4647
1787924894.026293,0.301434,1.091823,-2.239876,-0.2422,-0.4647
1787924894.031187,0.301983,1.093592,-2.236089,-0.2756,-0.4647
1787924894.039593,0.304264,1.094703,-2.237510,-0.2744,-0.4703
1787924894.045287,0.304938,1.096294,-2.233572,-0.2800,-0.4703
1787924894.053056,0.305923,1.098025,-2.230970,-0.2721,-0.4703
1787924894.060362,0.307387,1.099083,-2.229199,-0.2616,-0.4703
1787924894.064857,0.308236,1.100662,-2.225735,-0.3013,-0.4703
1787924894.071177,0.309543,1.102113,-2.223196,-0.3033,-0.4703
1787924894.077730,0.310629,1.103610,-2.219408,-0.2969,-0.4703
1787924894.085174,0.311853,1.104979,-2.216340,-0.2816,-0.4703
1787924894.090720,0.312934,1.106579,-2.212628,-0.3015,-0.4703
1787924894.097195,0.314352,1.107696,-2.209957,-0.2918,-0.4703
1787924894.104090,0.315530,1.109095,-2.206709,-0.2836,-0.4703
1787924894.110976,0.316601,1.110484,-2.203250,-0.2749,-0.4703
1787924894.119794,0.317485,1.112059,-2.200548,-0.2535,-0.4703
1787924894.124308,0.318957,1.113264,-2.198001,-0.2997,-0.4703
1787924894.130607,0.320174,1.114455,-2.195717,-0.2897,-0.4703
1787924894.138025,0.321223,1.116183,-2.192523,-0.2843,-0.4293
1787924894.145284,0.322547,1.117142,-2.190478,-0.2631,-0.4293
1787924894.152545,0.323364,1.118648,-2.186910,-0.2544,-0.4293
1787924894.158142,0.324343,1.120135,-2.184517,-0.2734,-0.4293
1787924894.164646,0.325589,1.121048,-2.181750,-0.2589,-0.4293
1787924894.171726,0.327038,1.122210,-2.180104,-0.2567,-0.4293
1787924894.179713,0.327844,1.123654,-2.176996,-0.2415,-0.4293
1787924894.186461,0.328821,1.124943,-2.174326,-0.2409,-0.4293
1787924894.192246,0.330157,1.126010,-2.172592,-0.2535,-0.4293
1787924894.198741,0.331096,1.127400,-2.169878,-0.2549,-0.4293
1787924894.204543,0.331929,1.128467,-2.167130,-0.2483,-0.4293
1787924894.211220,0.332853,1.129829,-2.164166,-0.2478,-0.4293
1787924894.217738,0.333738,1.131225,-2.160974,-0.2495,-0.4293
1787924894.226875,0.334871,1.132640,-2.158880,-0.2339,-0.4293
1787924894.231997,0.335834,1.133837,-2.155913,-0.2533,-0.4293
1787924894.240051,0.336939,1.135256,-2.153516,-0.2441,-0.4079
1787924894.244648,0.337505,1.136669,-2.150032,-0.2683,-0.4079
1787924894.251178,0.338495,1.137893,-2.146373,-0.2597,-0.4079
1787924894.257825,0.339533,1.139219,-2.144408,-0.2575,-0.4079
1787924894.264964,0.340481,1.140640,-2.141817,-0.2520,-0.4079
1787924894.273930,0.341072,1.142025,-2.138770,-0.2261,-0.4079
1787924894.278249,0.342229,1.143539,-2.135661,-0.2901,-0.4079
1787924894.284868,0.343143,1.144846,-2.132166,-0.2753,-0.4079
1787924894.288573,0.344016,1.146466,-2.129250,-0.3414,-0.4079
1787924894.298505,0.344763,1.147884,-2.126156,-0.2873,-0.4079
1787924894.303429,0.346165,1.149430,-2.123249,-0.3260,-0.4079
1787924894.312471,0.346785,1.150900,-2.120197,-0.2806,-0.4079
1787924894.319116,0.348041,1.152351,-2.117609,-0.2819,-0.4079
1787924894.326029,0.349066,1.153843,-2.115019,-0.2757,-0.4079
1787924894.330873,0.350469,1.155191,-2.113257,-0.3093,-0.4079
1787924894.341460,0.351001,1.156777,-2.109730,-0.2629,-0.3535
1787924894.345435,0.352304,1.158312,-2.107148,-0.3338,-0.3535
1787924894.354442,0.352703,1.159921,-2.103490,-0.2866,-0.3535
1787924894.359926,0.354070,1.161406,-2.101224,-0.3085,-0.3535
1787924894.367236,0.355088,1.162917,-2.099639,-0.2906,-0.3535
1787924894.371651,0.356223,1.164425,-2.097094,-0.3308,-0.3535
1787924894.376983,0.356864,1.165797,-2.093759,-0.3164,-0.3535
1787924894.385587,0.357897,1.167502,-2.091444,-0.2910,-0.3535
1787924894.389516,0.358880,1.168855,-2.088821,-0.3306,-0.3535
1787924894.399239,0.359773,1.170396,-2.085926,-0.2864,-0.3535
1787924894.403404,0.361020,1.171887,-2.084536,-0.3382,-0.3535
1787924894.412855,0.361658,1.173499,-2.081187,-0.2912,-0.3535
1787924894.417555,0.362643,1.174887,-2.078869,-0.3119,-0.3535
1787924894.423623,0.363665,1.176496,-2.076377,-0.3124,-0.3535
1787924894.427523,0.364473,1.178103,-2.073743,-0.3570,-0.3535
1787924894.436594,0.365059,1.179650,-2.068696,-0.3041,-0.3692
1787924894.445967,0.366436,1.181251,-2.067261,-0.2789,-0.3692
1787924894.453916,0.366772,1.183123,-2.063613,-0.2635,-0.3692
1787924894.459123,0.368173,1.184293,-2.061212,-0.2819,-0.3692
1787924894.463441,0.368727,1.186169,-2.058218,-0.3305,-0.3692
1787924894.471915,0.369540,1.187865,-2.055443,-0.2979,-0.3692
1787924894.479299,0.371019,1.189383,-2.053514,-0.2911,-0.3692
1787924894.484169,0.371118,1.191171,-2.050474,-0.3043,-0.3692
1787924894.491460,0.372819,1.192611,-2.049349,-0.2978,-0.3692
1787924894.497219,0.373488,1.194261,-2.046386,-0.3008,-0.3692
1787924894.506806,0.374407,1.195675,-2.044220,-0.2631,-0.3692
1787924894.511322,0.375285,1.197736,-2.041497,-0.3326,-0.3692
1787924894.519131,0.376267,1.198952,-2.039747,-0.2915,-0.3692
1787924894.524716,0.377399,1.200600,-2.037783,-0.3105,-0.3692
1787924894.531407,0.378341,1.202163,-2.036103,-0.2989,-0.3692
1787924894.537317,0.379191,1.203739,-2.033919,-0.3001,-0.3340
1787924894.555292,0.380281,1.205446,-2.031885,-0.2437,-0.3340
1787924894.558333,0.380735,1.207016,-2.029183,-0.3294,-0.3340
1787924894.561226,0.381952,1.208634,-2.027895,-0.4367,-0.3340
1787924894.565609,0.382666,1.210224,-2.025540,-0.4249,-0.3340
1787924894.580596,0.383523,1.211824,-2.023154,-0.3338,-0.3340
1787924894.581854,0.384397,1.213370,-2.020631,-0.6561,-0.3340
1787924894.585445,0.384802,1.215291,-2.017534,-0.6187,-0.3340
1787924894.590770,0.386242,1.216546,-2.015630,-0.5318,-0.3340
1787924894.598230,0.386883,1.218299,-2.013262,-0.4470,-0.3340
1787924894.605099,0.387635,1.220080,-2.010279,-0.3973,-0.3340
1787924894.615249,0.388356,1.221799,-2.007060,-0.3331,-0.3340
1787924894.621555,0.389523,1.223624,-2.004894,-0.3353,-0.3340
1787924894.625734,0.389868,1.225167,-2.001299,-0.3457,-0.3340
1787924894.632569,0.390962,1.226937,-1.998738,-0.3326,-0.2923
1787924894.639021,0.391692,1.228593,-1.995365,-0.3170,-0.2923
1787924894.645157,0.392219,1.230397,-1.992042,-0.3129,-0.2923
1787924894.654454,0.393602,1.232237,-1.990197,-0.2914,-0.2923
1787924894.658049,0.394022,1.233935,-1.987080,-0.3477,-0.2923
1787924894.664624,0.395327,1.235584,-1.985229,-0.3363,-0.2923
1787924894.669591,0.395723,1.237322,-1.980918,-0.3412,-0.2923
1787924894.677657,0.396875,1.239023,-1.980212,-0.3139,-0.2923
1787924894.684834,0.397882,1.240808,-1.977887,-0.3049,-0.2923
1787924894.691332,0.398845,1.242372,-1.975892,-0.2974,-0.2923
1787924894.700967,0.399407,1.243955,-1.973241,-0.2603,-0.2923
1787924894.705097,0.400555,1.245650,-1.971792,-0.3281,-0.2923
1787924894.712181,0.401231,1.247377,-1.969253,-0.3082,-0.2923
1787924894.720205,0.401813,1.249027,-1.967515,-0.2811,-0.2923
1787924894.726271,0.403184,1.250620,-1.965804,-0.2955,-0.2923
1787924894.733510,0.403699,1.252271,-1.963911,-0.2783,-0.2613
1787924894.738993,0.404605,1.253920,-1.961388,-0.2971,-0.2613
1787924894.745898,0.405401,1.255496,-1.959974,-0.2844,-0.2613
1787924894.750602,0.406084,1.257230,-1.957161,-0.3179,-0.2613
1787924894.758564,0.406817,1.258784,-1.954718,-0.2872,-0.2613
1787924894.764803,0.407194,1.260689,-1.952080,-0.2928,-0.2613
1787924894.771235,0.408033,1.262390,-1.949660,-0.2931,-0.2613
1787924894.778629,0.408734,1.264131,-1.947425,-0.2813,-0.2613
1787924894.786238,0.409713,1.265841,-1.945139,-0.2738,-0.2613
1787924894.791309,0.410406,1.267527,-1.942782,-0.2995,-0.2613
1787924894.799544,0.411176,1.269494,-1.939847,-0.2866,-0.2613
1787924894.804059,0.411427,1.271302,-1.936865,-0.3188,-0.2613
1787924894.811971,0.412647,1.273071,-1.935378,-0.3023,-0.2613
1787924894.817339,0.413355,1.274884,-1.932455,-0.3204,-0.2613
1787924894.824531,0.413856,1.276554,-1.930114,-0.2969,-0.2613
1787924894.831310,0.414490,1.278705,-1.927250,-0.3068,-0.2613
1787924894.839826,0.415816,1.280208,-1.925857,-0.2806,-0.2890
1787924894.845606,0.416396,1.282315,-1.924189,-0.3094,-0.2890
1787924894.851319,0.417518,1.284032,-1.922090,-0.3216,-0.2890
1787924894.863917,0.418546,1.285834,-1.920877,-0.2738,-0.2890
1787924894.866864,0.419067,1.287661,-1.917990,-0.3846,-0.2890
1787924894.872586,0.420680,1.289434,-1.918073,-0.3854,-0.2890
1787924894.879367,0.420944,1.291201,-1.914568,-0.3473,-0.2890
1787924894.887777,0.421892,1.293051,-1.913871,-0.3167,-0.2890
1787924894.892147,0.422662,1.294964,-1.911808,-0.3631,-0.2890
1787924894.898579,0.423894,1.296554,-1.911350,-0.3432,-0.2890
1787924894.905638,0.424368,1.298412,-1.909257,-0.3215,-0.2890
1787924894.911362,0.424747,1.300190,-1.906753,-0.3196,-0.2890
1787924894.918406,0.425941,1.302252,-1.905738,-0.3233,-0.2890
1787924894.926942,0.426491,1.303754,-1.903941,-0.2825,-0.2890
1787924894.933731,0.427820,1.305800,-1.902153,-0.3024,-0.2730
1787924894.940283,0.428085,1.307565,-1.900725,-0.2920,-0.2730
1787924894.946234,0.429254,1.309145,-1.899753,-0.2989,-0.2730
1787924894.952430,0.429788,1.310996,-1.898006,-0.3024,-0.2730
1787924894.957547,0.430069,1.312817,-1.895873,-0.3181,-0.2730
1787924894.964685,0.430966,1.314375,-1.895115,-0.2968,-0.2730
1787924894.971397,0.431301,1.316141,-1.893064,-0.2873,-0.2730
1787924894.977372,0.431965,1.317631,-1.891828,-0.2826,-0.2730
1787924894.984069,0.432220,1.319451,-1.889171,-0.2788,-0.2730
1787924894.990740,0.433080,1.321011,-1.888680,-0.2739,-0.2730
1787924895.002985,0.432969,1.322787,-1.885998,-0.2323,-0.2730
1787924895.005497,0.433764,1.324568,-1.884415,-0.3942,-0.2730
1787924895.010465,0.434376,1.326357,-1.883129,-0.3901,-0.2730
1787924895.018737,0.434780,1.327844,-1.881607,-0.3289,-0.2730
1787924895.024848,0.435363,1.329667,-1.879648,-0.3242,-0.2730
1787924895.030977,0.435798,1.331426,-1.877668,-0.3154,-0.2730
1787924895.039047,0.436311,1.333210,-1.875909,-0.2898,-0.2484
1787924895.045195,0.437159,1.334742,-1.875211,-0.2865,-0.2484
1787924895.051182,0.437718,1.336297,-1.873465,-0.2833,-0.2484
1787924895.057534,0.438180,1.337982,-1.871447,-0.2808,-0.2484
1787924895.066490,0.438935,1.339501,-1.869931,-0.2526,-0.2484
1787924895.070590,0.439869,1.341323,-1.869388,-0.3244,-0.2484
1787924895.078483,0.439626,1.342892,-1.865532,-0.2814,-0.2484
1787924895.084309,0.440768,1.344960,-1.865734,-0.3160,-0.2484
1787924895.093404,0.441268,1.346458,-1.863764,-0.2733,-0.2484
1787924895.098609,0.441952,1.348035,-1.862819,-0.2897,-0.2484
1787924895.103623,0.442066,1.349662,-1.859776,-0.2981,-0.2484
1787924895.111572,0.442861,1.351349,-1.859327,-0.2782,-0.2484
1787924895.118833,0.443426,1.353051,-1.858214,-0.2688,-0.2484
1787924895.125303,0.443923,1.354588,-1.856240,-0.2630,-0.2484
1787924895.131266,0.444534,1.356079,-1.855437,-0.2647,-0.2484
1787924895.137500,0.445067,1.357657,-1.853786,-0.2654,-0.2625
1787924895.145555,0.446629,1.359285,-1.853175,-0.2602,-0.2625
1787924895.151520,0.446651,1.360830,-1.851240,-0.2572,-0.2625
1787924895.157835,0.447757,1.362425,-1.850581,-0.2673,-0.2625
1787924895.165325,0.447981,1.364037,-1.848832,-0.2517,-0.2625
1787924895.172279,0.448865,1.365451,-1.848312,-0.2453,-0.2625
1787924895.176491,0.449146,1.367104,-1.847004,-0.2904,-0.2625
1787924895.185049,0.449732,1.368442,-1.845400,-0.2540,-0.2625
1787924895.194990,0.449764,1.369922,-1.843207,-0.2211,-0.2625
1787924895.199067,0.450181,1.371600,-1.842230,-0.2819,-0.2625
1787924895.201410,0.450694,1.372880,-1.841368,-0.3729,-0.2625
1787924895.211282,0.450477,1.374165,-1.838379,-0.2969,-0.2625
1787924895.217066,0.451608,1.375738,-1.838609,-0.3020,-0.2625
1787924895.225729,0.452029,1.377131,-1.837208,-0.2618,-0.2625
1787924895.230579,0.452457,1.378678,-1.835630,-0.2825,-0.2625
1787924895.238225,0.452659,1.379916,-1.834104,-0.2467,-0.2493
1787924895.246774,0.453190,1.381215,-1.833063,-0.2216,-0.2493
1787924895.251154,0.453968,1.382689,-1.832702,-0.2664,-0.2493
1787924895.259324,0.454180,1.384087,-1.830670,-0.2381,-0.2493
1787924895.267109,0.454156,1.385274,-1.828588,-0.2107,-0.2493
1787924895.273255,0.454748,1.386850,-1.827568,-0.2292,-0.2493
1787924895.278255,0.454900,1.388044,-1.825219,-0.2321,-0.2493
1787924895.284076,0.455466,1.389765,-1.824399,-0.2557,-0.2493
1787924895.291524,0.455718,1.391191,-1.822500,-0.2371,-0.2493
1787924895.298880,0.456460,1.392277,-1.821616,-0.2164,-0.2493
1787924895.304027,0.456765,1.393646,-1.819253,-0.2332,-0.2493
1787924895.312865,0.456857,1.395266,-1.818076,-0.2173,-0.2493
1787924895.318044,0.457507,1.396736,-1.816449,-0.2439,-0.2493
1787924895.324022,0.458291,1.398099,-1.815700,-0.2466,-0.2493
1787924895.331318,0.458104,1.399488,-1.813270,-0.2262,-0.2493
1787924895.338218,0.458567,1.401115,-1.812013,-0.2319,-0.2283
1787924895.346347,0.459069,1.402321,-1.810619,-0.2099,-0.2283
1787924895.352318,0.458921,1.403744,-1.808847,-0.2147,-0.2283
1787924895.357291,0.460436,1.405234,-1.808561,-0.2592,-0.2283
1787924895.365494,0.461004,1.406602,-1.807264,-0.2349,-0.2283
1787924895.372369,0.461316,1.408005,-1.806138,-0.2272,-0.2283
1787924895.379056,0.461517,1.409291,-1.804768,-0.2172,-0.2283
1787924895.383949,0.462247,1.410829,-1.803694,-0.2541,-0.2283
1787924895.391749,0.462985,1.411938,-1.802975,-0.2259,-0.2283
1787924895.401072,0.463088,1.413975,-1.802814,-0.2227,-0.2283
1787924895.405501,0.463421,1.415245,-1.801030,-0.2448,-0.2283
1787924895.411341,0.464144,1.416679,-1.800597,-0.2515,-0.2283
1787924895.416873,0.464262,1.418034,-1.798982,-0.2491,-0.2283
1787924895.425196,0.464839,1.419285,-1.798481,-0.2230,-0.2283
1787924895.430914,0.465521,1.420921,-1.797451,-0.2477,-0.2283
1787924895.437816,0.465672,1.421937,-1.795960,-0.2179,-0.2204
1787924895.448514,0.466382,1.423313,-1.795148,-0.1946,-0.2204
1787924895.454690,0.466861,1.424683,-1.793982,-0.2063,-0.2204
1787924895.458885,0.466798,1.425882,-1.792499,-0.2271,-0.2204
1787924895.465773,0.466494,1.427593,-1.790843,-0.2288,-0.2204
1787924895.470954,0.467555,1.428864,-1.791057,-0.2454,-0.2204
1787924895.478902,0.467782,1.430228,-1.789793,-0.2239,-0.2204
1787924895.486672,0.468237,1.431662,-1.789284,-0.2146,-0.2204
1787924895.493677,0.467899,1.432829,-1.787015,-0.1959,-0.2204
1787924895.497648,0.468692,1.434035,-1.786649,-0.2390,-0.2204
1787924895.505083,0.468651,1.435589,-1.784802,-0.2282,-0.2204
1787924895.511282,0.469209,1.436690,-1.784262,-0.2175,-0.2204
1787924895.517626,0.469259,1.438215,-1.782490,-0.2233,-0.2204
1787924895.524384,0.470182,1.439472,-1.782805,-0.2195,-0.2204
1787924895.531351,0.470394,1.440787,-1.780958,-0.2109,-0.2204
1787924895.536994,0.470488,1.442053,-1.779442,-0.2145,-0.2087
1787924895.545437,0.471518,1.443362,-1.779404,-0.2032,-0.2087
1787924895.552246,0.471372,1.445071,-1.778011,-0.2146,-0.2087
1787924895.560198,0.471613,1.446434,-1.776963,-0.2025,-0.2087
1787924895.564234,0.471836,1.447735,-1.775485,-0.2397,-0.2087
1787924895.570298,0.472045,1.449060,-1.774329,-0.2341,-0.2087
1787924895.577436,0.472217,1.450611,-1.772973,-0.2292,-0.2087
1787924895.585524,0.472212,1.451881,-1.771100,-0.2066,-0.2087
1787924895.591371,0.472872,1.453235,-1.770527,-0.2194,-0.2087
1787924895.598549,0.472515,1.454624,-1.767952,-0.2076,-0.2087
1787924895.606862,0.473442,1.455807,-1.768011,-0.1937,-0.2087
1787924895.612527,0.473569,1.457239,-1.766653,-0.2113,-0.2087
1787924895.619301,0.473643,1.458555,-1.764951,-0.2057,-0.2087
1787924895.623371,0.474122,1.459690,-1.764401,-0.2329,-0.2087
1787924895.630191,0.474328,1.461282,-1.763074,-0.2335,-0.2087
1787924895.638126,0.474582,1.462683,-1.761981,-0.2173,-0.2694
1787924895.645955,0.474321,1.464076,-1.760248,-0.2026,-0.2694
1787924895.654200,0.474809,1.465431,-1.759361,-0.1936,-0.2694
1787924895.657891,0.474872,1.466691,-1.758296,-0.2371,-0.2694
1787924895.669101,0.474747,1.468026,-1.756375,-0.2005,-0.2694
1787924895.673811,0.475236,1.469150,-1.755994,-0.2164,-0.2694
1787924895.677917,0.475272,1.470536,-1.754593,-0.2516,-0.2694
1787924895.683958,0.475154,1.471893,-1.752434,-0.2413,-0.2694
1787924895.691794,0.476180,1.473160,-1.752693,-0.2237,-0.2694
1787924895.698108,0.476240,1.474222,-1.751176,-0.2067,-0.2694
1787924895.707198,0.476759,1.475487,-1.750296,-0.1889,-0.2694
1787924895.712625,0.477629,1.476899,-1.750453,-0.2176,-0.2694
1787924895.717177,0.477515,1.478208,-1.748081,-0.2359,-0.2694
1787924895.725166,0.477702,1.479446,-1.746728,-0.2121,-0.2694
1787924895.732350,0.477768,1.480900,-1.745413,-0.2088,-0.2694
1787924895.739200,0.477726,1.482307,-1.743918,-0.2065,-0.2392
1787924895.744912,0.478365,1.483406,-1.743932,-0.2072,-0.2392
1787924895.750269,0.478607,1.484819,-1.742616,-0.2253,-0.2392
1787924895.758587,0.479038,1.485975,-1.741894,-0.2015,-0.2392
1787924895.764220,0.479538,1.487225,-1.741055,-0.2112,-0.2392
1787924895.771806,0.479599,1.488373,-1.739214,-0.1930,-0.2392
1787924895.777179,0.479833,1.489748,-1.738540,-0.2129,-0.2392
1787924895.783403,0.479994,1.490883,-1.736942,-0.2043,-0.2392
1787924895.794567,0.480790,1.492351,-1.736562,-0.1855,-0.2392
1787924895.800427,0.481076,1.493567,-1.736049,-0.1936,-0.2392
1787924895.805120,0.481004,1.494767,-1.733789,-0.2104,-0.2392
1787924895.810465,0.481422,1.496233,-1.733402,-0.2323,-0.2392
1787924895.817966,0.481477,1.497588,-1.732398,-0.2165,-0.2392
1787924895.825497,0.481717,1.498534,-1.731033,-0.1903,-0.2392
1787924895.831180,0.481903,1.500072,-1.730131,-0.2149,-0.2392
1787924895.837699,0.481982,1.501267,-1.728237,-0.2053,-0.2225
1787924895.849184,0.482555,1.502591,-1.727573,-0.1802,-0.2225
1787924895.852577,0.482411,1.503729,-1.725660,-0.2236,-0.2225
1787924895.858393,0.482409,1.504985,-1.724203,-0.2205,-0.2225
1787924895.866685,0.483483,1.506256,-1.724550,-0.2058,-0.2225
1787924895.871431,0.483475,1.507372,-1.723024,-0.2137,-0.2225
1787924895.877889,0.483587,1.508461,-1.721975,-0.2003,-0.2225
1787924895.884201,0.483986,1.509918,-1.721430,-0.2116,-0.2225
1787924895.891488,0.484277,1.511295,-1.720483,-0.2059,-0.2225
1787924895.898382,0.484757,1.512298,-1.719693,-0.1904,-0.2225
1787924895.904423,0.484562,1.513671,-1.718604,-0.1993,-0.2225
1787924895.918567,0.484504,1.514969,-1.717289,-0.1666,-0.2225
1787924895.919809,0.485156,1.515903,-1.717012,-0.3626,-0.2225
1787924895.923989,0.485494,1.517444,-1.716809,-0.3668,-0.2225
1787924895.933125,0.485508,1.518548,-1.715544,-0.2927,-0.2132
1787924895.939113,0.485531,1.519818,-1.714001,-0.2680,-0.2132
1787924895.943756,0.486152,1.521122,-1.713818,-0.2768,-0.2132
1787924895.951677,0.486339,1.522455,-1.712574,-0.2447,-0.2132
1787924895.959721,0.486584,1.523591,-1.711906,-0.2145,-0.2132
1787924895.963726,0.486949,1.524976,-1.711422,-0.2567,-0.2132
1787924895.977117,0.486879,1.526255,-1.710040,-0.2078,-0.2132
1787924895.978358,0.487062,1.527481,-1.708817,-0.4450,-0.2132
1787924895.984332,0.487350,1.528785,-1.708102,-0.3783,-0.2132
1787924895.991187,0.487308,1.529634,-1.705944,-0.3014,-0.2132
1787924896.000178,0.487510,1.531082,-1.705020,-0.2598,-0.2132
1787924896.005375,0.487787,1.532493,-1.703745,-0.2647,-0.2132
1787924896.014237,0.487560,1.533565,-1.701787,-0.2203,-0.2132
1787924896.019094,0.488424,1.534805,-1.702665,-0.2371,-0.2132
1787924896.023649,0.488494,1.536204,-1.701109,-0.2580,-0.2132
1787924896.030095,0.488864,1.537515,-1.700644,-0.2433,-0.2132
1787924896.037769,0.488810,1.538896,-1.699744,-0.2236,-0.1967
1787924896.041013,0.488904,1.540234,-1.699171,-0.2803,-0.1967
1787924896.053221,0.489552,1.541640,-1.698972,-0.2325,-0.1967
1787924896.058945,0.489674,1.543041,-1.698107,-0.2364,-0.1967
1787924896.066277,0.490023,1.544159,-1.697236,-0.2127,-0.1967
1787924896.071175,0.490024,1.545675,-1.696417,-0.2410,-0.1967
1787924896.079256,0.489960,1.546812,-1.694638,-0.2103,-0.1967
1787924896.084210,0.490504,1.548172,-1.693834,-0.2330,-0.1967
1787924896.091753,0.490557,1.549444,-1.692662,-0.2135,-0.1967
1787924896.096856,0.490551,1.550754,-1.691815,-0.2259,-0.1967
1787924896.107760,0.490767,1.552054,-1.690794,-0.1944,-0.1967
1787924896.112326,0.491390,1.553527,-1.690147,-0.2371,-0.1967
1787924896.119143,0.494682,1.555242,-1.692210,-0.2584,-0.1967
1787924896.123533,0.494520,1.556609,-1.691120,-0.2723,-0.1967
1787924896.132703,0.494933,1.558063,-1.690468,-0.2394,-0.1967
1787924896.139567,0.494971,1.559236,-1.689741,-0.2187,-0.3179
1787924896.144977,0.495261,1.560578,-1.688858,-0.2289,-0.3179
1787924896.151034,0.495924,1.561926,-1.688484,-0.2304,-0.3179
1787924896.158050,0.496186,1.562914,-1.687077,-0.2045,-0.3179
1787924896.164146,0.496257,1.564226,-1.686389,-0.2077,-0.3179
1787924896.172987,0.496672,1.565373,-1.686230,-0.1857,-0.3179
1787924896.177780,0.496622,1.566730,-1.684810,-0.2140,-0.3179
1787924896.184982,0.497040,1.567996,-1.684252,-0.2042,-0.3179
1787924896.191367,0.496857,1.569318,-1.682829,-0.2037,-0.3179
1787924896.198020,0.496711,1.570637,-1.682163,-0.2010,-0.3179
1787924896.205158,0.496781,1.571970,-1.680637,-0.1967,-0.3179
1787924896.211556,0.496444,1.573133,-1.677996,-0.1902,-0.3179
1787924896.219915,0.496560,1.574491,-1.676458,-0.1820,-0.3179
1787924896.225901,0.496327,1.575608,-1.674706,-0.1819,-0.3179
1787924896.227549,0.496519,1.576737,-1.673229,-0.3354,-0.3179
1787924896.237189,0.497098,1.578082,-1.673102,-0.2782,-0.2821
1787924896.243898,0.497069,1.579154,-1.672251,-0.2423,-0.2821
1787924896.252486,0.497495,1.580646,-1.672553,-0.2230,-0.2821
1787924896.258344,0.497671,1.581913,-1.672329,-0.2216,-0.2821
1787924896.270247,0.497430,1.583343,-1.671132,-0.1903,-0.2821
1787924896.272054,0.498035,1.584645,-1.671193,-0.3584,-0.2821
1787924896.274529,0.498451,1.586081,-1.671192,-0.4291,-0.2821
1787924896.283297,0.498338,1.587183,-1.669409,-0.3375,-0.2821
1787924896.289861,0.498988,1.588329,-1.669659,-0.2913,-0.2821
1787924896.297635,0.498947,1.589899,-1.668846,-0.2641,-0.2821
1787924896.303035,0.498802,1.590778,-1.667381,-0.2327,-0.2821
1787924896.312829,0.499057,1.592266,-1.667088,-0.2090,-0.2821
1787924896.317452,0.498768,1.593698,-1.665539,-0.2370,-0.2821
1787924896.326662,0.499141,1.594760,-1.664873,-0.2015,-0.2821
1787924896.331831,0.498913,1.596258,-1.663553,-0.2264,-0.2821
1787924896.338868,0.498712,1.597680,-1.661574,-0.2181,-0.2941
1787924896.344950,0.499325,1.598878,-1.661626,-0.2142,-0.2941
1787924896.351913,0.499438,1.600098,-1.659980,-0.2028,-0.2941
1787924896.360354,0.499518,1.601119,-1.658766,-0.1783,-0.2941
1787924896.364788,0.499976,1.602202,-1.658122,-0.2005,-0.2941
1787924896.373727,0.500046,1.603551,-1.656781,-0.1857,-0.2941
1787924896.382918,0.500076,1.604772,-1.655324,-0.1698,-0.2941
1787924896.386729,0.500615,1.605862,-1.655390,-0.2079,-0.2941
1787924896.392979,0.501191,1.607354,-1.654817,-0.2192,-0.2941
1787924896.397328,0.501316,1.608487,-1.654190,-0.2320,-0.2941
1787924896.403975,0.501320,1.609942,-1.653139,-0.2279,-0.2941
1787924896.411226,0.501346,1.611208,-1.652160,-0.2118,-0.2941
1787924896.419024,0.501607,1.612448,-1.651231,-0.1966,-0.2941
1787924896.424794,0.501723,1.613590,-1.649957,-0.1973,-0.2941
1787924896.430307,0.502020,1.615046,-1.649800,-0.2184,-0.2941
1787924896.438573,0.501968,1.615968,-1.647435,-0.1861,-0.2979
1787924896.445250,0.502164,1.617111,-1.646218,-0.1821,-0.2979
1787924896.452123,0.502126,1.618396,-1.644885,-0.1833,-0.2979
1787924896.458068,0.502257,1.619521,-1.643050,-0.1854,-0.2979
1787924896.464482,0.502502,1.620706,-1.642244,-0.1859,-0.2979
1787924896.475280,0.502437,1.622148,-1.640853,-0.1700,-0.2979
1787924896.479207,0.502749,1.623152,-1.640299,-0.1972,-0.2979
1787924896.485013,0.502582,1.624583,-1.638582,-0.2112,-0.2979
1787924896.491197,0.502994,1.625833,-1.638245,-0.2097,-0.2979
1787924896.497370,0.503330,1.627066,-1.637563,-0.2077,-0.2979
1787924896.505695,0.503510,1.628266,-1.636872,-0.1889,-0.2979
1787924896.512054,0.503560,1.629510,-1.636113,-0.1910,-0.2979
1787924896.518812,0.503789,1.630499,-1.634840,-0.1781,-0.2979
1787924896.526221,0.504133,1.631888,-1.634506,-0.1817,-0.2979
1787924896.531547,0.503846,1.632952,-1.632621,-0.1860,-0.2979
1787924896.538722,0.504086,1.633828,-1.631488,-0.1674,-0.2968
1787924896.545872,0.504321,1.635088,-1.630418,-0.1705,-0.2968
1787924896.552450,0.504174,1.636215,-1.628864,-0.1703,-0.2968
1787924896.558932,0.504350,1.637426,-1.628232,-0.1756,-0.2968
1787924896.565898,0.504285,1.638651,-1.627510,-0.1754,-0.2968
1787924896.572079,0.504571,1.639731,-1.626233,-0.1759,-0.2968
1787924896.578326,0.504596,1.640851,-1.625571,-0.1769,-0.2968
1787924896.584419,0.504426,1.642350,-1.624211,-0.1971,-0.2968
1787924896.594440,0.504864,1.643423,-1.623819,-0.1707,-0.2968
1787924896.598442,0.505061,1.644510,-1.623501,-0.2017,-0.2968
1787924896.604858,0.504674,1.645602,-1.620781,-0.1912,-0.2968
1787924896.613070,0.505417,1.646626,-1.621188,-0.1726,-0.2968
1787924896.618974,0.505553,1.647709,-1.620874,-0.1761,-0.2968
1787924896.624572,0.505347,1.648958,-1.619334,-0.1896,-0.2968
1787924896.632362,0.505621,1.650132,-1.618878,-0.1784,-0.2968
1787924896.638218,0.505932,1.651146,-1.618818,-0.1775,0.0000
1787924896.644870,0.505460,1.652350,-1.616887,-0.1775,0.0000
1787924896.647508,0.505531,1.653295,-1.615825,-0.2320,0.0000
1787924896.656636,0.506021,1.654458,-1.615435,-0.2013,0.0000
1787924896.668069,0.505646,1.655542,-1.613656,-0.1689,0.0000
1787924896.673002,0.506332,1.656483,-1.613917,-0.1772,0.0000
1787924896.680029,0.506046,1.657388,-1.612334,-0.1621,0.0000
1787924896.684618,0.505833,1.658449,-1.610839,-0.1823,0.0000
1787924896.690413,0.506127,1.659227,-1.609973,-0.1684,0.0000
1787924896.698480,0.506039,1.659941,-1.608903,-0.1443,0.0000
1787924896.704565,0.505763,1.660722,-1.607290,-0.1390,0.0000
1787924896.710167,0.505879,1.661542,-1.606339,-0.1414,0.0000
1787924896.717852,0.505876,1.662168,-1.605445,-0.1234,0.0000
1787924896.726789,0.506026,1.662914,-1.605814,-0.1116,0.0000
1787924896.732300,0.505747,1.663338,-1.604796,-0.1006,0.0000
1787924896.737457,0.505755,1.663953,-1.605061,-0.1062,0.0000
1787924896.746736,0.506280,1.664538,-1.606154,-0.0939,0.0000
1787924896.754294,0.506619,1.664970,-1.606408,-0.0833,0.0000
1787924896.758860,0.507068,1.665429,-1.606458,-0.0895,0.0000
1787924896.761677,0.507016,1.665799,-1.605786,-0.1018,0.0000
1787924896.771340,0.507095,1.666050,-1.605175,-0.0792,0.0000
1787924896.777713,0.506834,1.666393,-1.603731,-0.0712,0.0000
1787924896.783905,0.506570,1.666642,-1.601876,-0.0614,0.0000
1787924896.791248,0.506394,1.666903,-1.601023,-0.0535,0.0000
1787924896.798162,0.506037,1.667117,-1.599375,-0.0463,0.0000
1787924896.803179,0.505956,1.667311,-1.599248,-0.0438,0.0000
1787924896.811203,0.505623,1.667402,-1.598304,-0.0338,0.0000
1787924896.817647,0.505668,1.667475,-1.598575,-0.0271,0.0000
1787924896.824421,0.505599,1.667470,-1.598788,-0.0186,0.0000
1787924896.833782,0.505596,1.667464,-1.598961,-0.0128,0.0000
1787924896.838282,0.505853,1.667444,-1.599868,-0.0082,0.0000
1787924896.844347,0.505627,1.667325,-1.599838,0.0005,0.0000
1787924896.852681,0.506176,1.667115,-1.601058,0.0073,0.0000
1787924896.858051,0.505923,1.666945,-1.600838,0.0150,0.0000
1787924896.864255,0.506400,1.666827,-1.602018,0.0155,0.0000
1787924896.871464,0.506540,1.666538,-1.602255,0.0227,0.0000
1787924896.877179,0.506627,1.666428,-1.602722,0.0215,0.0000
1787924896.884990,0.506490,1.666283,-1.602397,0.0208,0.0000
1787924896.890929,0.506335,1.666199,-1.601619,0.0190,0.0000
1787924896.897827,0.506464,1.665990,-1.601941,0.0222,0.0000
1787924896.904085,0.506229,1.665847,-1.601422,0.0228,0.0000
1787924896.910310,0.506246,1.665769,-1.601342,0.0197,0.0000
1787924896.919652,0.506353,1.665548,-1.601780,0.0207,0.0000
1787924896.926553,0.506131,1.665309,-1.601605,0.0252,0.0000
1787924896.932346,0.505891,1.665196,-1.601177,0.0239,0.0000
1787924896.937157,0.506327,1.665105,-1.602002,0.0215,0.0000
1787924896.945450,0.506024,1.664973,-1.601836,0.0202,0.0000
1787924896.952869,0.506134,1.664871,-1.602045,0.0181,0.0000
1787924896.958386,0.506057,1.664702,-1.601930,0.0220,0.0000
1787924896.963905,0.506024,1.664636,-1.601955,0.0191,0.0000
1787924896.970701,0.506078,1.664559,-1.602191,0.0167,0.0000
1787924896.977772,0.506154,1.664613,-1.602471,0.0093,0.0000
1787924896.987274,0.506160,1.664644,-1.602401,0.0055,0.0000
1787924896.991489,0.506093,1.664492,-1.601852,0.0148,0.0000
1787924897.000941,0.506215,1.664615,-1.602506,0.0064,0.0000
1787924897.004630,0.506121,1.664603,-1.601743,0.0057,0.0000
1787924897.012558,0.506008,1.664792,-1.601836,-0.0031,0.0000
1787924897.017307,0.506008,1.664743,-1.601730,0.0010,0.0000
1787924897.024331,0.505740,1.664746,-1.601451,0.0009,0.0000
1787924897.032000,0.505924,1.664886,-1.601620,-0.0051,0.0000
1787924897.038874,0.506108,1.664854,-1.601722,-0.0024,0.0000
1787924897.044873,0.506152,1.664983,-1.602411,-0.0082,0.0000
1787924897.050977,0.506118,1.665011,-1.602321,-0.0071,0.0000
1787924897.060850,0.506230,1.665094,-1.602194,-0.0076,0.0000
1787924897.067138,0.506217,1.665009,-1.602347,-0.0012,0.0000
1787924897.076025,0.506171,1.665059,-1.602272,-0.0025,0.0000
1787924897.080726,0.506049,1.665108,-1.602022,-0.0046,0.0000
1787924897.084549,0.506359,1.664983,-1.602390,0.0058,0.0000
1787924897.092004,0.506256,1.665093,-1.601927,-0.0002,0.0000
1787924897.098072,0.506355,1.665100,-1.602519,-0.0007,0.0000
1787924897.105182,0.506153,1.664971,-1.601781,0.0052,0.0000
1787924897.111557,0.506063,1.665224,-1.601894,-0.0081,0.0000
1787924897.117882,0.506108,1.664886,-1.601636,0.0103,0.0000
1787924897.125682,0.506247,1.665022,-1.602116,0.0018,0.0000
1787924897.131452,0.506011,1.664999,-1.601858,0.0029,0.0000
1787924897.141011,0.505947,1.664851,-1.601644,0.0067,0.0000
1787924897.145285,0.506123,1.664838,-1.602193,0.0053,0.0000
1787924897.150962,0.506009,1.664862,-1.602059,0.0026,0.0000
1787924897.159186,0.505824,1.664830,-1.601570,0.0032,0.0000
1787924897.161371,0.506108,1.664957,-1.602387,-0.0165,0.0000
1787924897.171035,0.505839,1.664789,-1.601354,-0.0061,0.0000
1787924897.179032,0.505904,1.664935,-1.601978,-0.0098,0.0000
1787924897.184844,0.506141,1.664924,-1.602270,-0.0067,0.0000
1787924897.193030,0.505854,1.665038,-1.601659,-0.0085,0.0000
1787924897.198040,0.506341,1.664911,-1.602485,0.0007,0.0000
1787924897.203773,0.506178,1.664970,-1.602081,-0.0023,0.0000
1787924897.210975,0.506031,1.664901,-1.601690,0.0014,0.0000
1787924897.218194,0.506036,1.664825,-1.601764,0.0042,0.0000
1787924897.224507,0.506093,1.664973,-1.602214,-0.0042,0.0000
1787924897.233253,0.506021,1.665074,-1.602035,-0.0063,0.0000
1787924897.239164,0.505864,1.664895,-1.601708,0.0049,0.0000
1787924897.246807,0.506124,1.664941,-1.602206,0.0013,0.0000
1787924897.251651,0.505926,1.665070,-1.602002,-0.0067,0.0000
1787924897.254639,0.506021,1.664914,-1.601892,0.0106,0.0000
1787924897.265886,0.506155,1.664947,-1.602047,0.0065,0.0000
1787924897.270864,0.505955,1.665005,-1.601810,0.0014,0.0000
1787924897.282193,0.505941,1.665125,-1.601936,-0.0022,0.0000
1787924897.284969,0.506048,1.664997,-1.601715,0.0119,0.0000
1787924897.291059,0.506258,1.664938,-1.602071,0.0110,0.0000
1787924897.299117,0.506079,1.664939,-1.601823,0.0078,0.0000
1787924897.303539,0.506217,1.665138,-1.602294,-0.0083,0.0000
1787924897.312173,0.506181,1.664925,-1.602074,0.0016,0.0000
1787924897.316773,0.506168,1.664771,-1.601967,0.0112,0.0000
1787924897.323809,0.506130,1.664871,-1.602031,0.0037,0.0000
1787924897.330837,0.506299,1.664934,-1.602348,-0.0004,0.0000
1787924897.338812,0.506171,1.664859,-1.602292,0.0027,0.0000
1787924897.346576,0.505904,1.664778,-1.601536,0.0054,0.0000
1787924897.350973,0.505946,1.664901,-1.601749,-0.0047,0.0000
1787924897.358237,0.506150,1.664858,-1.602005,-0.0018,0.0000
1787924897.364774,0.506146,1.664889,-1.602204,-0.0027,0.0000
1787924897.371425,0.505907,1.664881,-1.601640,-0.0012,0.0000
1787924897.380985,0.506101,1.665016,-1.602222,-0.0053,0.0000
1787924897.386739,0.505967,1.664842,-1.601859,0.0056,0.0000
1787924897.392563,0.505985,1.665009,-1.601992,-0.0047,0.0000
1787924897.398213,0.506181,1.664844,-1.602021,0.0051,0.0000
1787924897.406249,0.506158,1.664969,-1.602062,-0.0010,0.0000
1787924897.413380,0.506244,1.664909,-1.602118,0.0017,0.0000
1787924897.417734,0.506209,1.664934,-1.602252,-0.0005,0.0000
1787924897.424832,0.506168,1.664966,-1.601794,-0.0016,0.0000
1787924897.432115,0.506126,1.664938,-1.602112,0.0001,0.0000
1787924897.439543,0.506260,1.664997,-1.602188,-0.0025,0.0000
1787924897.450239,0.506016,1.664897,-1.602003,0.0013,0.0000
1787924897.452430,0.506038,1.664914,-1.601983,-0.0016,0.0000
1787924897.458551,0.505886,1.664944,-1.602101,-0.0023,0.0000
1787924897.464633,0.506156,1.664755,-1.601780,0.0073,0.0000
1787924897.472242,0.505900,1.664907,-1.601704,-0.0006,0.0000
1787924897.477747,0.506189,1.664922,-1.601863,-0.0017,0.0000
1787924897.491283,0.506214,1.665004,-1.602428,-0.0030,0.0000
1787924897.495957,0.506179,1.664862,-1.602038,0.0071,0.0000
1787924897.498945,0.506168,1.664936,-1.602224,-0.0024,0.0000
1787924897.505530,0.505846,1.664798,-1.601477,0.0050,0.0000
1787924897.510258,0.506089,1.665024,-1.602024,-0.0113,0.0000
1787924897.517893,0.506012,1.664656,-1.601646,0.0066,0.0000
1787924897.524503,0.506316,1.665058,-1.602799,-0.0140,0.0000
1787924897.534834,0.506037,1.664961,-1.602045,-0.0068,0.0000
1787924897.537787,0.506219,1.664830,-1.601984,0.0081,0.0000
1787924897.544942,0.506307,1.665068,-1.602643,-0.0045,0.0000
1787924897.551104,0.506195,1.664815,-1.601972,0.0094,0.0000
1787924897.554784,0.506136,1.665063,-1.602342,-0.0135,0.0000
1787924897.565755,0.506073,1.664935,-1.602094,-0.0059,0.0000
1787924897.571805,0.505935,1.664855,-1.601677,0.0000,0.0000
1787924897.577436,0.506159,1.664927,-1.602284,-0.0042,0.0000
1787924897.585664,0.505850,1.664926,-1.601416,-0.0025,0.0000
1787924897.591588,0.506061,1.664870,-1.601617,0.0007,0.0000
1787924897.597885,0.506349,1.664949,-1.602348,-0.0037,0.0000
1787924897.607236,0.506080,1.664940,-1.601945,-0.0020,0.0000
1787924897.611596,0.506015,1.664894,-1.601730,0.0019,0.0000
1787924897.617190,0.506444,1.664905,-1.602492,-0.0000,0.0000
1787924897.623959,0.506133,1.664935,-1.601949,-0.0009,0.0000
1787924897.630871,0.506014,1.664915,-1.601970,0.0004,0.0000
1787924897.638347,0.506059,1.665072,-1.602051,-0.0061,0.0000
1787924897.645190,0.506317,1.664794,-1.602152,0.0076,0.0000
1787924897.652973,0.506186,1.664940,-1.602091,-0.0002,0.0000
1787924897.658324,0.506120,1.664844,-1.602077,0.0054,0.0000
1787924897.665344,0.506028,1.664855,-1.601772,0.0034,0.0000
1787924897.670631,0.505886,1.664815,-1.601589,0.0049,0.0000
1787924897.680181,0.505905,1.664931,-1.601680,-0.0002,0.0000
1787924897.684875,0.506058,1.664957,-1.602073,-0.0021,0.0000
1787924897.691194,0.505864,1.664831,-1.601533,0.0048,0.0000
1787924897.698692,0.506089,1.664837,-1.601998,0.0028,0.0000
1787924897.704467,0.506116,1.664916,-1.601916,-0.0021,0.0000
1787924897.707631,0.506078,1.664913,-1.602023,-0.0011,0.0000
1787924897.717482,0.506214,1.664729,-1.601991,0.0047,0.0000
1787924897.723770,0.506354,1.664906,-1.602441,-0.0054,0.0000
1787924897.733952,0.506381,1.664875,-1.602336,-0.0029,0.0000
