timestamp,x,y,yaw,velocity,steering
1787920154.102724,-0.155180,-2.611414,0.383835,0.0000,0.0000
1787920154.104529,-0.155161,-2.611477,0.383815,-0.0010,0.0000
1787920154.107308,-0.155154,-2.611564,0.383903,-0.0035,0.0000
1787920154.109037,-0.155092,-2.611447,0.383771,0.0151,0.0000
1787920154.114861,-0.155108,-2.611446,0.383944,0.0099,0.0000
1787920154.121714,-0.155117,-2.611251,0.383578,0.0097,0.0000
1787920154.127858,-0.154961,-2.611602,0.384197,0.0074,0.0000
1787920154.134494,-0.155174,-2.611452,0.383941,-0.0012,0.0000
1787920154.141406,-0.155164,-2.611381,0.383662,0.0007,0.0000
1787920154.147666,-0.155192,-2.611304,0.383676,0.0006,0.0000
1787920154.155961,-0.155064,-2.611478,0.384024,0.0024,0.0000
1787920154.161042,-0.155192,-2.611421,0.383804,-0.0041,0.0000
1787920154.167707,-0.155122,-2.611537,0.384095,-0.0019,0.0000
1787920154.176105,-0.155019,-2.611583,0.384101,0.0015,0.0000
1787920154.182197,-0.155066,-2.611426,0.383775,0.0018,0.0000
1787920154.187882,-0.155065,-2.611626,0.384087,-0.0026,0.0000
1787920154.194895,-0.155100,-2.611659,0.384193,-0.0038,0.0000
1787920154.201218,-0.155167,-2.611460,0.383872,-0.0021,0.0000
1787920154.208083,-0.155013,-2.611613,0.383984,0.0023,0.0000
1787920154.214168,-0.155063,-2.611578,0.384230,-0.0000,0.0000
1787920154.221226,-0.155076,-2.611459,0.384120,0.0014,0.0000
1787920154.227606,-0.155134,-2.611485,0.383800,-0.0020,0.0000
1787920154.234971,-0.155237,-2.611448,0.383693,-0.0048,0.0000
1787920154.240864,-0.155047,-2.611815,0.384682,-0.0014,0.0000
1787920154.248098,-0.155211,-2.611415,0.383663,-0.0011,0.0000
1787920154.254395,-0.155199,-2.611497,0.383810,-0.0017,0.0000
1787920154.263397,-0.155071,-2.611478,0.384163,0.0030,0.0000
1787920154.269119,-0.155175,-2.611399,0.383983,-0.0014,0.0000
1787920154.274446,-0.155203,-2.611409,0.383853,-0.0027,0.0000
1787920154.281485,-0.155013,-2.611469,0.383897,0.0047,0.0000
1787920154.287677,-0.155173,-2.611383,0.383773,-0.0023,0.0000
1787920154.294707,-0.155067,-2.611523,0.384038,0.0003,0.0000
1787920154.300974,-0.155133,-2.611401,0.383609,-0.0005,0.0000
1787920154.307472,-0.155106,-2.611629,0.384067,-0.0031,0.0000
1787920154.315255,-0.155006,-2.611619,0.383927,0.0015,0.0000
1787920154.321045,-0.155166,-2.611613,0.384169,-0.0065,0.0000
1787920154.327775,-0.155125,-2.611427,0.383552,0.0002,0.0000
1787920154.334362,-0.155158,-2.611634,0.384238,-0.0047,0.0000
1787920154.340769,-0.155172,-2.611655,0.384127,-0.0043,0.0000
1787920154.348688,-0.155171,-2.611511,0.383982,-0.0010,0.0000
1787920154.354893,-0.155108,-2.611390,0.384010,0.0044,0.0000
1787920154.360909,-0.155120,-2.611575,0.384115,-0.0010,0.0000
1787920154.370884,-0.155203,-2.611375,0.383942,-0.0007,0.0000
1787920154.413584,-0.155113,-2.611596,0.384018,-0.0005,0.0000
1787920154.414834,-0.155180,-2.611474,0.383776,-0.0043,0.0000
1787920154.415736,-0.155073,-2.611526,0.383912,0.0236,0.0000
1787920154.417329,-0.155182,-2.611470,0.383850,0.0013,0.0000
1787920154.418967,-0.155060,-2.611630,0.384161,0.0108,0.0000
1787920154.420065,-0.155132,-2.611346,0.383555,0.0181,0.0000
1787920154.421042,-0.155226,-2.611486,0.383838,-0.0301,0.0000
1787920154.422543,-0.155083,-2.611413,0.383785,0.0110,0.0000
1787920154.427541,-0.155019,-2.611529,0.384003,0.0086,0.0000
1787920154.434172,-0.155097,-2.611433,0.383813,0.0044,0.0000
1787920154.441733,-0.155046,-2.611490,0.383982,0.0041,0.0000
1787920154.447641,-0.155078,-2.611510,0.384028,0.0010,0.0000
1787920154.454570,-0.155091,-2.611368,0.383701,0.0025,0.0000
1787920154.460977,-0.155141,-2.611439,0.383974,-0.0017,0.0000
1787920154.468292,-0.155142,-2.611482,0.383655,-0.0019,0.0000
1787920154.475002,-0.155103,-2.611541,0.383998,-0.0007,0.0000
1787920154.481086,-0.155093,-2.611476,0.383857,0.0012,0.0000
1787920154.487853,-0.155140,-2.611432,0.383721,-0.0004,0.0000
1787920154.494521,-0.155166,-2.611514,0.383830,-0.0027,0.0000
1787920154.502107,-0.155159,-2.611504,0.383777,-0.0015,0.0000
1787920154.507818,-0.155217,-2.611490,0.383751,-0.0036,0.0000
1787920154.514147,-0.155019,-2.611635,0.384326,0.0036,0.0000
1787920154.521205,-0.155043,-2.611559,0.384205,0.0028,0.0000
1787920154.527908,-0.154995,-2.611577,0.384162,0.0036,0.0000
1787920154.534119,-0.155133,-2.611436,0.383723,-0.0011,0.0000
1787920154.541356,-0.155045,-2.611611,0.384482,-0.0001,0.0000
1787920154.548192,-0.155161,-2.611361,0.383781,-0.0007,0.0000
1787920154.554168,-0.155078,-2.611579,0.384179,-0.0007,0.0000
1787920154.560628,-0.155132,-2.611575,0.384112,-0.0028,0.0000
1787920154.571387,-0.155185,-2.611587,0.383861,-0.0034,0.0000
1787920154.576261,-0.155244,-2.611407,0.383585,-0.0016,0.0000
1787920154.581270,-0.155138,-2.611529,0.384040,0.0020,0.0000
1787920154.587806,-0.155043,-2.611463,0.383805,0.0066,0.0000
1787920154.595110,-0.155219,-2.611387,0.383729,-0.0009,0.0000
1787920154.602040,-0.155057,-2.611313,0.383881,0.0071,0.0000
1787920154.607998,-0.155239,-2.611368,0.383585,-0.0046,0.0000
1787920154.614866,-0.155101,-2.611524,0.384055,-0.0002,0.0000
1787920154.621151,-0.155193,-2.611380,0.383627,-0.0016,0.0000
1787920154.627565,-0.155020,-2.611629,0.384107,0.0020,0.0000
1787920154.634503,-0.155146,-2.611436,0.383797,-0.0005,0.0000
1787920154.641081,-0.155128,-2.611494,0.384100,-0.0006,0.0000
1787920154.647502,-0.155192,-2.611498,0.383846,-0.0033,0.0000
1787920154.654352,-0.154999,-2.611603,0.384223,0.0038,0.0000
1787920154.661394,-0.155208,-2.611572,0.383964,-0.0051,0.0000
1787920154.668072,-0.155062,-2.611644,0.384337,0.0013,0.0000
1787920154.679170,-0.155184,-2.611159,0.383257,0.0028,0.0000
1787920154.704630,-0.155060,-2.611547,0.384102,0.0016,0.0000
1787920154.705718,-0.155154,-2.611353,0.383721,-0.0029,0.0000
1787920154.706645,-0.155084,-2.611590,0.384107,-0.0096,0.0000
1787920154.708330,-0.155105,-2.611435,0.383746,0.0001,0.0000
1787920154.716700,-0.155102,-2.611365,0.383611,0.0011,0.0000
1787920154.718465,-0.155122,-2.611697,0.384273,-0.0236,0.0000
1787920154.720841,-0.155201,-2.611682,0.384061,-0.0250,0.0000
1787920154.728715,-0.155304,-2.611310,0.383572,-0.0159,0.0000
1787920154.734367,-0.155090,-2.611389,0.383799,-0.0021,0.0000
1787920154.741208,-0.155197,-2.611266,0.383654,-0.0038,0.0000
1787920154.747671,-0.155158,-2.611470,0.384024,-0.0046,0.0000
1787920154.755879,-0.155110,-2.611378,0.383751,-0.0003,0.0000
1787920154.761258,-0.155102,-2.611325,0.383799,0.0013,0.0000
1787920154.767969,-0.155126,-2.611403,0.383783,-0.0014,0.0000
1787920154.776050,-0.155175,-2.611368,0.383746,-0.0022,0.0000
1787920154.782028,-0.155190,-2.611524,0.383691,-0.0052,0.0000
1787920154.788259,-0.155141,-2.611549,0.383946,-0.0019,0.0000
1787920154.794611,-0.155123,-2.611558,0.383778,-0.0006,0.0000
1787920154.801338,-0.155156,-2.611429,0.383834,0.0003,0.0000
1787920154.807561,-0.155156,-2.611412,0.383480,0.0005,0.0000
1787920154.814428,-0.155201,-2.611666,0.383882,-0.0056,0.0000
1787920154.821367,-0.155131,-2.611573,0.384060,0.0004,0.0000
1787920154.827563,-0.155047,-2.611445,0.383940,0.0064,0.0000
1787920154.835431,-0.155257,-2.611168,0.383310,0.0010,0.0000
1787920154.840781,-0.155122,-2.611511,0.384228,0.0005,0.0000
1787920154.847937,-0.155131,-2.611405,0.383892,0.0017,0.0000
1787920154.854109,-0.155153,-2.611448,0.383897,-0.0006,0.0000
1787920154.860928,-0.155077,-2.611636,0.384279,-0.0004,0.0000
1787920154.868498,-0.155054,-2.611576,0.383839,0.0014,0.0000
1787920154.874400,-0.155073,-2.611533,0.384080,0.0009,0.0000
1787920154.882703,-0.155165,-2.611464,0.383756,-0.0015,0.0000
1787920154.887882,-0.155065,-2.611550,0.383998,0.0025,0.0000
1787920154.893997,-0.155152,-2.611461,0.383815,-0.0006,0.0000
1787920154.901516,-0.155165,-2.611350,0.383359,0.0007,0.0000
1787920154.909237,-0.155059,-2.611423,0.383897,0.0033,0.0000
1787920154.915079,-0.155021,-2.611530,0.384036,0.0021,0.0000
1787920154.921139,-0.154984,-2.611550,0.384353,0.0028,0.0000
1787920154.927722,-0.155104,-2.611437,0.383852,-0.0012,0.0000
1787920154.934879,-0.155118,-2.611527,0.384062,-0.0028,0.0000
1787920154.941121,-0.155107,-2.611432,0.383631,0.0002,0.0000
1787920154.949578,-0.155204,-2.611563,0.383988,-0.0048,0.0000
1787920154.954800,-0.155252,-2.611367,0.383380,-0.0017,0.0000
1787920154.961151,-0.155051,-2.611513,0.384044,0.0050,0.0000
1787920154.967570,-0.155155,-2.611442,0.383698,0.0003,0.0000
1787920154.975475,-0.155174,-2.611539,0.383954,-0.0019,0.0000
1787920155.021662,-0.155041,-2.611398,0.383593,-0.0002,0.0000
1787920155.023341,-0.154992,-2.611464,0.383832,0.0035,0.0000
1787920155.024703,-0.154990,-2.611689,0.384258,-0.0157,0.0000
1787920155.025612,-0.154972,-2.611699,0.384209,-0.0068,0.0000
1787920155.026531,-0.155089,-2.611461,0.383770,-0.0109,0.0000
1787920155.027404,-0.154969,-2.611618,0.384210,0.0103,0.0000
1787920155.028372,-0.155060,-2.611677,0.384202,-0.0258,0.0000
1787920155.029293,-0.155102,-2.611527,0.384058,-0.0126,0.0000
1787920155.034257,-0.155146,-2.611570,0.384031,-0.0123,0.0000
1787920155.041269,-0.155231,-2.611428,0.383728,-0.0097,0.0000
1787920155.047958,-0.155084,-2.611676,0.384414,-0.0048,0.0000
1787920155.054359,-0.155176,-2.611413,0.383579,-0.0028,0.0000
1787920155.061112,-0.155004,-2.611687,0.384652,0.0006,0.0000
1787920155.067757,-0.155052,-2.611515,0.384161,0.0013,0.0000
1787920155.074927,-0.155079,-2.611263,0.383703,0.0038,0.0000
1787920155.082611,-0.155090,-2.611341,0.383727,0.0012,0.0000
1787920155.088357,-0.155091,-2.611595,0.384000,-0.0042,0.0000
1787920155.094423,-0.155166,-2.611697,0.384210,-0.0083,0.0000
1787920155.101408,-0.155071,-2.611792,0.384162,-0.0036,0.0000
1787920155.107315,-0.155139,-2.611560,0.383707,-0.0012,0.0000
1787920155.116017,-0.155126,-2.611402,0.383590,0.0016,0.0000
1787920155.121624,-0.155089,-2.611443,0.383942,0.0021,0.0000
1787920155.127847,-0.155000,-2.611405,0.383978,0.0061,0.0000
1787920155.134549,-0.155198,-2.611356,0.383816,-0.0031,0.0000
1787920155.141034,-0.155185,-2.611386,0.383673,-0.0022,0.0000
1787920155.147680,-0.155137,-2.611417,0.383764,-0.0000,0.0000
1787920155.155171,-0.155108,-2.611499,0.384204,-0.0002,0.0000
1787920155.160879,-0.155152,-2.611537,0.384125,-0.0030,0.0000
1787920155.167654,-0.155150,-2.611401,0.383929,0.0002,0.0000
1787920155.174381,-0.155100,-2.611610,0.384296,-0.0013,0.0000
1787920155.182068,-0.155141,-2.611540,0.383788,-0.0013,0.0000
1787920155.190065,-0.155199,-2.611339,0.383500,-0.0001,0.0000
1787920155.194818,-0.155131,-2.611474,0.383816,0.0007,0.0000
1787920155.200979,-0.155057,-2.611679,0.383977,0.0001,0.0000
1787920155.207704,-0.155102,-2.611289,0.383443,0.0047,0.0000
1787920155.216346,-0.155161,-2.611480,0.383813,-0.0011,0.0000
1787920155.221104,-0.155153,-2.611496,0.384089,-0.0007,0.0000
1787920155.227732,-0.155078,-2.611342,0.383596,0.0053,0.0000
1787920155.234568,-0.155173,-2.611318,0.383600,0.0002,0.0000
1787920155.241521,-0.155088,-2.611392,0.383748,0.0024,0.0000
1787920155.248167,-0.155160,-2.611501,0.383962,-0.0032,0.0000
1787920155.254302,-0.155169,-2.611478,0.383792,-0.0022,0.3000
1787920155.260858,-0.155183,-2.611386,0.383717,-0.0006,0.3000
1787920155.268039,-0.155214,-2.611425,0.384014,-0.0022,0.3000
1787920155.275138,-0.155208,-2.611515,0.383974,-0.0028,0.3000
1787920155.282185,-0.155139,-2.611387,0.383871,0.0029,0.3000
1787920155.333610,-0.155254,-2.611228,0.383497,0.0017,0.3000
1787920155.334996,-0.155074,-2.611540,0.384163,0.0118,0.3000
1787920155.336828,-0.155105,-2.611381,0.383796,0.0134,0.3000
1787920155.338708,-0.155156,-2.611490,0.383869,-0.0047,0.3000
1787920155.339693,-0.155127,-2.611335,0.383728,0.0225,0.3000
1787920155.341607,-0.155184,-2.611379,0.383712,0.0048,0.3000
1787920155.342953,-0.155087,-2.611465,0.383552,0.0164,0.3000
1787920155.343883,-0.155109,-2.611648,0.384013,-0.0175,0.3000
1787920155.346153,-0.155082,-2.611430,0.383731,0.0020,0.3000
1787920155.347579,-0.155138,-2.611663,0.384250,-0.0279,0.3000
1787920155.354513,-0.155120,-2.611598,0.383898,-0.0178,0.6000
1787920155.360872,-0.155209,-2.611401,0.383351,-0.0129,0.6000
1787920155.367390,-0.155308,-2.611379,0.382591,-0.0129,0.6000
1787920155.374582,-0.155328,-2.611134,0.381892,-0.0060,0.6000
1787920155.381207,-0.155298,-2.611074,0.381539,-0.0019,0.6000
1787920155.389904,-0.155332,-2.611219,0.381704,-0.0043,0.6000
1787920155.394778,-0.155448,-2.610724,0.379018,0.0016,0.6000
1787920155.400917,-0.155466,-2.610351,0.377337,0.0070,0.6000
1787920155.407397,-0.155542,-2.610050,0.375751,0.0068,0.6000
1787920155.414677,-0.155483,-2.610080,0.374397,0.0066,0.6000
1787920155.421454,-0.155357,-2.610421,0.374464,0.0042,0.6000
1787920155.427760,-0.155344,-2.610415,0.373928,0.0037,0.6000
1787920155.435147,-0.155041,-2.611109,0.375435,0.0037,0.6000
1787920155.441732,-0.155052,-2.611049,0.375048,0.0031,0.6000
1787920155.448060,-0.155117,-2.611059,0.374477,-0.0009,0.6000
1787920155.454118,-0.155021,-2.611376,0.374660,-0.0019,0.7000
1787920155.461129,-0.155163,-2.611322,0.373745,-0.0062,0.7000
1787920155.467681,-0.155223,-2.611561,0.373872,-0.0109,0.7000
1787920155.474021,-0.155325,-2.611282,0.372755,-0.0073,0.7000
1787920155.481268,-0.155426,-2.611199,0.372405,-0.0077,0.7000
1787920155.487590,-0.155441,-2.611337,0.372659,-0.0085,0.7000
1787920155.494501,-0.155649,-2.611222,0.372238,-0.0125,0.7000
1787920155.500908,-0.155554,-2.611297,0.372128,-0.0059,0.7000
1787920155.507505,-0.155498,-2.611280,0.372164,-0.0015,0.7000
1787920155.515479,-0.155502,-2.611442,0.372263,-0.0034,0.7000
1787920155.524694,-0.155328,-2.611820,0.373240,-0.0016,0.7000
1787920155.528124,-0.155441,-2.611564,0.372870,-0.0022,0.7000
1787920155.534077,-0.155327,-2.611911,0.373843,-0.0025,0.7000
1787920155.541331,-0.155349,-2.611952,0.374332,-0.0032,0.7000
1787920155.548098,-0.155315,-2.612034,0.374690,-0.0022,0.7000
1787920155.554748,-0.155271,-2.612041,0.374756,0.0002,0.7000
1787920155.560816,-0.155410,-2.612144,0.374593,-0.0081,0.7000
1787920155.567375,-0.155279,-2.612103,0.374728,0.0005,0.7000
1787920155.574173,-0.155299,-2.612077,0.374430,0.0000,0.7000
1787920155.581209,-0.155185,-2.612011,0.374170,0.0056,0.7000
1787920155.590003,-0.155368,-2.611882,0.373491,-0.0003,0.7000
1787920155.595415,-0.155138,-2.611869,0.373540,0.0119,0.7000
1787920155.602698,-0.155237,-2.611799,0.373219,0.0056,0.7000
1787920155.639703,-0.155261,-2.611530,0.372486,0.0045,0.7000
1787920155.640815,-0.155301,-2.611570,0.372620,-0.0108,0.7000
1787920155.642509,-0.155261,-2.611774,0.373178,-0.0142,0.7000
1787920155.643829,-0.155088,-2.611627,0.373049,0.0388,0.7000
1787920155.644644,-0.155062,-2.611818,0.373795,0.0107,0.7000
1787920155.645916,-0.155036,-2.611828,0.373734,0.0122,0.7000
1787920155.647621,-0.155022,-2.612074,0.374521,-0.0049,0.7000
1787920155.654457,-0.154969,-2.612001,0.374110,-0.0001,0.7000
1787920155.661291,-0.155198,-2.611806,0.373593,-0.0063,0.7000
1787920155.667539,-0.155107,-2.611975,0.374248,-0.0033,0.7000
1787920155.674910,-0.155114,-2.611799,0.373784,0.0000,0.7000
1787920155.680723,-0.155204,-2.611688,0.373286,-0.0022,0.7000
1787920155.688187,-0.154981,-2.611969,0.374160,0.0027,0.7000
1787920155.694268,-0.155317,-2.611563,0.373480,-0.0063,0.7000
1787920155.701917,-0.155118,-2.611852,0.373708,-0.0012,0.7000
1787920155.707850,-0.155139,-2.611784,0.373355,-0.0006,0.7000
1787920155.714138,-0.155271,-2.611931,0.373438,-0.0089,0.7000
1787920155.721468,-0.155181,-2.611898,0.373517,-0.0023,0.7000
1787920155.728442,-0.155202,-2.611609,0.373225,0.0021,0.7000
1787920155.734301,-0.155240,-2.611483,0.373023,0.0020,0.7000
1787920155.741063,-0.155124,-2.611425,0.373230,0.0072,0.7000
1787920155.747462,-0.155003,-2.611592,0.373708,0.0074,0.7000
1787920155.754359,-0.154783,-2.611272,0.373291,0.0192,0.7000
1787920155.762387,-0.154465,-2.611233,0.374213,0.0250,0.7000
1787920155.767346,-0.154122,-2.611172,0.375538,0.0381,0.7000
1787920155.774457,-0.153585,-2.611351,0.377196,0.0450,0.7000
1787920155.782120,-0.153109,-2.611372,0.378743,0.0485,0.7000
1787920155.787821,-0.152431,-2.611401,0.381082,0.0665,0.7000
1787920155.794852,-0.151804,-2.611107,0.382481,0.0761,0.7000
1787920155.800842,-0.150945,-2.611208,0.384945,0.0912,0.7000
1787920155.807852,-0.150028,-2.611022,0.386766,0.1032,0.7000
1787920155.815014,-0.149383,-2.610533,0.388049,0.1050,0.7000
1787920155.821112,-0.148670,-2.610337,0.389949,0.1096,0.7000
1787920155.830790,-0.147680,-2.610324,0.391604,0.1052,0.7000
1787920155.834122,-0.146877,-2.609781,0.392071,0.1592,0.7000
1787920155.841072,-0.145942,-2.609303,0.392823,0.1566,0.7000
1787920155.848552,-0.145199,-2.608702,0.393217,0.1464,0.7000
1787920155.854227,-0.144257,-2.608194,0.393884,0.1588,0.6852
1787920155.861140,-0.143624,-2.607494,0.394062,0.1482,0.6852
1787920155.869940,-0.143159,-2.607165,0.394708,0.1227,0.6852
1787920155.874688,-0.142556,-2.606548,0.395500,0.1360,0.6852
1787920155.881195,-0.142007,-2.606278,0.396208,0.1234,0.6852
1787920155.887564,-0.141327,-2.606128,0.397808,0.1186,0.6852
1787920155.894437,-0.140791,-2.605456,0.398027,0.1160,0.6852
1787920155.933778,-0.140241,-2.604857,0.398647,0.0868,0.6852
1787920155.935119,-0.139581,-2.604940,0.400579,0.1894,0.6852
1787920155.937399,-0.138945,-2.604268,0.401188,0.2442,0.6852
1787920155.938892,-0.138301,-2.604021,0.402824,0.3094,0.6852
1787920155.939671,-0.137572,-2.603971,0.404616,0.4822,0.6852
1787920155.941177,-0.137132,-2.603591,0.405813,0.4481,0.6852
1787920155.942745,-0.136498,-2.603413,0.407575,0.4385,0.6852
1787920155.947610,-0.135762,-2.603396,0.409376,0.3489,0.6852
1787920155.954495,-0.135124,-2.603123,0.411210,0.2745,0.6468
1787920155.960649,-0.134425,-2.602933,0.412725,0.2271,0.6468
1787920155.967920,-0.133683,-2.602794,0.414399,0.1893,0.6468
1787920155.974656,-0.133017,-2.602316,0.415443,0.1682,0.6468
1787920155.981827,-0.132457,-2.601737,0.416274,0.1490,0.6468
1787920155.987813,-0.131691,-2.601376,0.417165,0.1467,0.6468
1787920155.994372,-0.130797,-2.601324,0.419394,0.1410,0.6468
1787920156.001050,-0.129933,-2.601018,0.420898,0.1398,0.6468
1787920156.009009,-0.129129,-2.600764,0.422274,0.1294,0.6468
1787920156.014390,-0.128135,-2.600477,0.423808,0.1477,0.6468
1787920156.021419,-0.127365,-2.600047,0.425014,0.1409,0.6468
1787920156.027962,-0.126499,-2.599025,0.425516,0.1541,0.6468
1787920156.035561,-0.125712,-2.598896,0.427586,0.1383,0.6468
1787920156.041168,-0.124892,-2.598686,0.429282,0.1414,0.6468
1787920156.047581,-0.124317,-2.598487,0.431154,0.1273,0.6468
1787920156.055002,-0.123188,-2.598361,0.432966,0.1326,0.6102
1787920156.061440,-0.122397,-2.597958,0.434558,0.1342,0.6102
1787920156.067579,-0.121460,-2.597518,0.436030,0.1445,0.6102
1787920156.074457,-0.120758,-2.597113,0.437557,0.1364,0.6102
1787920156.080698,-0.119823,-2.596835,0.439049,0.1418,0.6102
1787920156.087975,-0.119091,-2.596087,0.440244,0.1397,0.6102
1787920156.095491,-0.118495,-2.595158,0.440513,0.1351,0.6102
1787920156.101488,-0.117744,-2.594818,0.441978,0.1358,0.6102
1787920156.107913,-0.117261,-2.594444,0.443393,0.1229,0.6102
1787920156.114002,-0.116548,-2.593767,0.444120,0.1321,0.6102
1787920156.123320,-0.115596,-2.593333,0.445569,0.1261,0.6102
1787920156.128658,-0.114736,-2.592776,0.446951,0.1454,0.6102
1787920156.138224,-0.113929,-2.592179,0.448210,0.1327,0.6102
1787920156.141323,-0.113288,-2.591854,0.449580,0.1625,0.6102
1787920156.148134,-0.112320,-2.591715,0.451993,0.1548,0.6102
1787920156.155188,-0.111531,-2.590903,0.452744,0.1536,0.5875
1787920156.161275,-0.110684,-2.590458,0.454754,0.1547,0.5875
1787920156.167453,-0.109827,-2.589764,0.456218,0.1605,0.5875
1787920156.174166,-0.109024,-2.589402,0.457268,0.1517,0.5875
1787920156.181604,-0.108060,-2.589383,0.459628,0.1414,0.5875
1787920156.187517,-0.107290,-2.588658,0.460696,0.1503,0.5875
1787920156.194370,-0.106353,-2.588527,0.462831,0.1445,0.5875
1787920156.200796,-0.105386,-2.588218,0.465061,0.1479,0.5875
1787920156.213815,-0.104733,-2.587331,0.465804,0.1262,0.5875
1787920156.234019,-0.103822,-2.586909,0.467714,0.1032,0.5875
1787920156.235874,-0.102973,-2.586672,0.469283,0.2120,0.5875
1787920156.237952,-0.102127,-2.586669,0.471378,0.2574,0.5875
1787920156.239879,-0.101460,-2.585638,0.471915,0.3457,0.5875
1787920156.242361,-0.100579,-2.585220,0.473379,0.3598,0.5875
1787920156.247900,-0.099810,-2.584470,0.474497,0.3074,0.5875
1787920156.254683,-0.099291,-2.583738,0.475719,0.2504,0.5587
1787920156.261691,-0.098482,-2.583191,0.477101,0.2168,0.5587
1787920156.267474,-0.098025,-2.582524,0.478318,0.1887,0.5587
1787920156.275066,-0.097383,-2.581963,0.479630,0.1648,0.5587
1787920156.280953,-0.096427,-2.581321,0.480842,0.1737,0.5587
1787920156.288584,-0.095401,-2.581053,0.482736,0.1622,0.5587
1787920156.294419,-0.094721,-2.580407,0.483884,0.1599,0.5587
1787920156.300966,-0.093969,-2.579996,0.485210,0.1513,0.5587
1787920156.307792,-0.093060,-2.579762,0.487182,0.1460,0.5587
1787920156.317354,-0.092424,-2.579361,0.488459,0.1257,0.5587
1787920156.321285,-0.091491,-2.579040,0.490457,0.1624,0.5587
1787920156.327569,-0.090657,-2.578471,0.491641,0.1616,0.5587
1787920156.334543,-0.089590,-2.578001,0.493709,0.1631,0.5587
1787920156.342762,-0.088745,-2.577442,0.495087,0.1510,0.5587
1787920156.347554,-0.087835,-2.577213,0.497211,0.1626,0.5587
1787920156.354736,-0.087205,-2.576610,0.498342,0.1490,0.5230
1787920156.360815,-0.086478,-2.576005,0.499624,0.1501,0.5230
1787920156.368192,-0.085867,-2.575010,0.500265,0.1463,0.5230
1787920156.374729,-0.085108,-2.574354,0.501425,0.1474,0.5230
1787920156.381096,-0.084357,-2.573509,0.502263,0.1534,0.5230
1787920156.387822,-0.083597,-2.573008,0.503709,0.1478,0.5230
1787920156.394856,-0.082592,-2.572533,0.505835,0.1508,0.5230
1787920156.401376,-0.081840,-2.571997,0.506837,0.1478,0.5230
1787920156.408687,-0.080952,-2.571173,0.508317,0.1517,0.5230
1787920156.414550,-0.080055,-2.570827,0.510623,0.1549,0.5230
1787920156.420850,-0.078868,-2.570525,0.512678,0.1648,0.5230
1787920156.427798,-0.078110,-2.569765,0.513653,0.1600,0.5230
1787920156.434689,-0.077090,-2.569524,0.515698,0.1558,0.5230
1787920156.446373,-0.076043,-2.568930,0.517283,0.1399,0.5230
1787920156.447870,-0.075155,-2.568236,0.518861,0.3213,0.5230
1787920156.454245,-0.074329,-2.567719,0.520534,0.2708,0.4983
1787920156.461537,-0.073208,-2.567522,0.523594,0.2336,0.4983
1787920156.467707,-0.072423,-2.566841,0.524772,0.2131,0.4983
1787920156.473971,-0.071396,-2.566354,0.526627,0.2034,0.4983
1787920156.481152,-0.070586,-2.565442,0.527482,0.1908,0.4983
1787920156.487819,-0.069910,-2.564357,0.528472,0.1844,0.4983
1787920156.495540,-0.069312,-2.563714,0.529593,0.1618,0.4983
1787920156.501256,-0.068557,-2.563111,0.530794,0.1634,0.4983
1787920156.507230,-0.067874,-2.562293,0.531641,0.1648,0.4983
1787920156.521549,-0.066809,-2.562129,0.533531,0.1363,0.4983
1787920156.523381,-0.065953,-2.561132,0.534555,0.2991,0.4983
1787920156.562160,-0.065034,-2.560623,0.536491,0.2175,0.4792
1787920156.564334,-0.064423,-2.560046,0.537544,0.2655,0.4792
1787920156.566147,-0.063559,-2.559373,0.539062,0.3656,0.4792
1787920156.567903,-0.062727,-2.558844,0.540496,0.4243,0.4792
1787920156.569600,-0.061829,-2.558100,0.541528,0.5010,0.4792
1787920156.571381,-0.060912,-2.557301,0.542252,0.5524,0.4792
1787920156.573060,-0.060165,-2.557089,0.544401,0.5204,0.4792
1787920156.574827,-0.059203,-2.556476,0.545867,0.5580,0.4792
1787920156.581070,-0.058183,-2.555928,0.547831,0.4461,0.4792
1787920156.587457,-0.057465,-2.555080,0.548733,0.3618,0.4792
1787920156.594905,-0.056568,-2.554711,0.550679,0.2918,0.4792
1787920156.601603,-0.055817,-2.553831,0.551531,0.2536,0.4792
1787920156.607484,-0.054993,-2.553239,0.552786,0.2291,0.4792
1787920156.613832,-0.053939,-2.552727,0.554726,0.2155,0.4792
1787920156.623555,-0.053095,-2.551966,0.555399,0.1854,0.4792
1787920156.627654,-0.052349,-2.551205,0.556477,0.2055,0.4792
1787920156.634742,-0.051471,-2.550420,0.557423,0.1929,0.4792
1787920156.642143,-0.050667,-2.549947,0.559159,0.1729,0.4792
1787920156.649988,-0.049815,-2.549268,0.560973,0.1624,0.4792
1787920156.655066,-0.048754,-2.548559,0.562285,0.1891,0.4471
1787920156.661037,-0.047748,-2.548287,0.563847,0.1824,0.4471
1787920156.668789,-0.046722,-2.547796,0.565751,0.1713,0.4471
1787920156.675249,-0.046040,-2.546948,0.566601,0.1678,0.4471
1787920156.681393,-0.045049,-2.546621,0.568890,0.1668,0.4471
1787920156.688046,-0.044097,-2.545973,0.570297,0.1687,0.4471
1787920156.694512,-0.043160,-2.545136,0.571372,0.1757,0.4471
1787920156.701404,-0.042067,-2.544916,0.573729,0.1681,0.4471
1787920156.707569,-0.041472,-2.543583,0.573175,0.1772,0.4471
1787920156.715704,-0.040325,-2.543278,0.575535,0.1656,0.4471
1787920156.721194,-0.039242,-2.542528,0.577378,0.1879,0.4471
1787920156.727769,-0.038773,-2.541452,0.577482,0.1763,0.4471
1787920156.734712,-0.037788,-2.540739,0.578940,0.1759,0.4471
1787920156.743716,-0.036923,-2.539947,0.579615,0.1617,0.4471
1787920156.748325,-0.035892,-2.539630,0.581301,0.1806,0.4471
1787920156.754496,-0.034987,-2.538950,0.582909,0.1813,0.4124
1787920156.760851,-0.034190,-2.538188,0.583933,0.1781,0.4124
1787920156.768083,-0.033314,-2.537204,0.584489,0.1775,0.4124
1787920156.775032,-0.032408,-2.536522,0.586385,0.1731,0.4124
1787920156.781569,-0.031457,-2.535501,0.586965,0.1835,0.4124
1787920156.787637,-0.030508,-2.535103,0.589085,0.1784,0.4124
1787920156.794461,-0.029382,-2.534524,0.591042,0.1801,0.4124
1787920156.800793,-0.028527,-2.533941,0.592438,0.1751,0.4124
1787920156.807817,-0.027502,-2.533042,0.593457,0.1804,0.4124
1787920156.814533,-0.026685,-2.532394,0.594990,0.1727,0.4124
1787920156.824677,-0.025736,-2.531635,0.596590,0.1567,0.4124
1787920156.828630,-0.024503,-2.531278,0.598636,0.2023,0.4124
1787920156.870445,-0.023762,-2.530669,0.600249,0.1484,0.3947
1787920156.872794,-0.022885,-2.529665,0.600567,0.2688,0.3947
1787920156.874831,-0.021948,-2.528864,0.601464,0.3688,0.3947
1787920156.876681,-0.021011,-2.528064,0.602651,0.4568,0.3947
1787920156.878495,-0.020205,-2.527176,0.603784,0.5128,0.3947
1787920156.880282,-0.019300,-2.526656,0.605419,0.5336,0.3947
1787920156.882128,-0.018381,-2.525615,0.605855,0.5927,0.3947
1787920156.883982,-0.017640,-2.524851,0.606847,0.5838,0.3947
1787920156.887636,-0.016669,-2.523792,0.607527,0.5237,0.3947
1787920156.894910,-0.015721,-2.523542,0.609649,0.4046,0.3947
1787920156.901096,-0.014792,-2.522678,0.610231,0.3441,0.3947
1787920156.907964,-0.013741,-2.522193,0.611774,0.2907,0.3947
1787920156.915498,-0.012955,-2.521205,0.612090,0.2517,0.3947
1787920156.921827,-0.011918,-2.520404,0.613256,0.2382,0.3947
1787920156.930706,-0.011019,-2.519635,0.614037,0.2066,0.3947
1787920156.934367,-0.010160,-2.518953,0.615251,0.2343,0.3947
1787920156.941280,-0.009216,-2.518514,0.617112,0.2085,0.3947
1787920156.947757,-0.008173,-2.517783,0.618011,0.2049,0.3947
1787920156.957889,-0.007524,-2.516759,0.618277,0.1767,0.3679
1787920156.961306,-0.006715,-2.515809,0.618928,0.2299,0.3679
1787920156.967471,-0.005878,-2.515198,0.619837,0.2114,0.3679
1787920156.974514,-0.005146,-2.514362,0.620880,0.1940,0.3679
1787920156.981100,-0.004049,-2.514006,0.622664,0.1859,0.3679
1787920156.987781,-0.003362,-2.512918,0.622621,0.1836,0.3679
1787920156.994569,-0.002376,-2.512270,0.623986,0.1807,0.3679
1787920157.001012,-0.001494,-2.511360,0.625002,0.1846,0.3679
1787920157.009572,-0.000733,-2.510444,0.625381,0.1696,0.3679
1787920157.014503,0.000662,-2.510077,0.627884,0.2005,0.3679
1787920157.023233,0.001368,-2.509043,0.628117,0.1809,0.3679
1787920157.028530,0.002408,-2.508025,0.628823,0.2081,0.3679
1787920157.034553,0.003318,-2.507098,0.629516,0.2095,0.3679
1787920157.040801,0.004032,-2.506542,0.630602,0.1901,0.3679
1787920157.048351,0.005019,-2.505691,0.631798,0.1847,0.3679
1787920157.054718,0.005932,-2.504878,0.632840,0.1867,0.3503
1787920157.060940,0.006836,-2.503767,0.633195,0.1975,0.3503
1787920157.067818,0.007749,-2.503016,0.634340,0.1897,0.3503
1787920157.074365,0.008577,-2.502058,0.634823,0.1894,0.3503
1787920157.081423,0.009807,-2.501617,0.637255,0.1857,0.3503
1787920157.087831,0.010641,-2.500883,0.638161,0.1819,0.3503
1787920157.094174,0.011659,-2.499760,0.638950,0.1976,0.3503
1787920157.101092,0.012375,-2.498740,0.639628,0.1896,0.3503
1787920157.107767,0.013357,-2.498051,0.640757,0.1866,0.3503
1787920157.114843,0.014119,-2.497242,0.641880,0.1771,0.3503
1787920157.121056,0.014977,-2.495957,0.642056,0.1943,0.3503
1787920157.130717,0.016260,-2.495380,0.644004,0.1786,0.3503
1787920157.150683,0.017225,-2.494498,0.645061,0.1446,0.3303
1787920157.162420,0.018145,-2.493511,0.645889,0.1352,0.3303
1787920157.163839,0.019161,-2.493009,0.647792,0.3300,0.3303
1787920157.164889,0.020058,-2.492013,0.648321,0.6069,0.3303
1787920157.166618,0.021066,-2.490931,0.649337,0.6777,0.3303
1787920157.168643,0.022172,-2.490514,0.651522,0.6421,0.3303
1787920157.174443,0.023160,-2.489447,0.652199,0.5236,0.3303
1787920157.180893,0.024182,-2.488727,0.653500,0.4246,0.3303
1787920157.187838,0.025098,-2.487540,0.654019,0.3598,0.3303
1787920157.194791,0.026087,-2.486594,0.654976,0.3106,0.3303
1787920157.200762,0.027096,-2.485922,0.656291,0.2782,0.3303
1787920157.207829,0.028112,-2.485292,0.657604,0.2452,0.3303
1787920157.214428,0.028956,-2.484268,0.657964,0.2305,0.3303
1787920157.222505,0.029948,-2.483154,0.658823,0.2158,0.3303
1787920157.228263,0.031044,-2.482446,0.659776,0.2188,0.3303
1787920157.246061,0.032134,-2.481756,0.661359,0.1748,0.3303
1787920157.253399,0.033051,-2.480886,0.661956,0.1738,0.3040
1787920157.255557,0.033969,-2.480196,0.663427,0.2813,0.3040
1787920157.257490,0.034922,-2.478706,0.663454,0.4558,0.3040
1787920157.264630,0.035938,-2.477962,0.664382,0.3720,0.3040
1787920157.267848,0.037042,-2.477201,0.666299,0.3851,0.3040
1787920157.274094,0.037877,-2.476426,0.666854,0.3241,0.3040
1787920157.281796,0.039020,-2.475463,0.668333,0.2851,0.3040
1787920157.288007,0.039890,-2.474481,0.668902,0.2619,0.3040
1787920157.294961,0.041053,-2.473486,0.670079,0.2493,0.3040
1787920157.301313,0.042067,-2.472906,0.671355,0.2291,0.3040
1787920157.307403,0.042823,-2.471720,0.671480,0.2259,0.3040
1787920157.314542,0.043899,-2.471178,0.672745,0.2076,0.3040
1787920157.320887,0.045221,-2.470271,0.673905,0.2210,0.3040
1787920157.330433,0.045921,-2.468955,0.673560,0.1977,0.3040
1787920157.336257,0.047079,-2.468042,0.675346,0.2143,0.3040
1787920157.342261,0.047877,-2.466984,0.675610,0.2142,0.3040
1787920157.348008,0.049502,-2.466334,0.678080,0.2373,0.3040
1787920157.354974,0.050558,-2.465143,0.678305,0.2337,0.2676
1787920157.360765,0.051608,-2.464245,0.679503,0.2351,0.2676
1787920157.368023,0.052331,-2.463188,0.680527,0.2153,0.2676
1787920157.376394,0.053806,-2.462485,0.681946,0.2076,0.2676
1787920157.382225,0.055126,-2.461408,0.682913,0.2330,0.2676
1787920157.388126,0.055983,-2.460001,0.682385,0.2420,0.2676
1787920157.395270,0.056973,-2.459420,0.684474,0.2171,0.2676
1787920157.401780,0.058097,-2.458556,0.685703,0.2172,0.2676
1787920157.408003,0.059436,-2.457613,0.686352,0.2308,0.2676
1787920157.414710,0.060438,-2.456356,0.686581,0.2319,0.2676
1787920157.421372,0.061599,-2.455704,0.688257,0.2213,0.2676
1787920157.427745,0.062533,-2.454530,0.688804,0.2240,0.2676
1787920157.433926,0.063650,-2.453499,0.689879,0.2305,0.2676
1787920157.470057,0.064869,-2.452461,0.691037,0.1746,0.2484
1787920157.482839,0.066043,-2.451834,0.692509,0.1528,0.2484
1787920157.484726,0.067031,-2.450556,0.693457,0.3576,0.2484
1787920157.486883,0.067961,-2.449629,0.694716,0.4323,0.2484
1787920157.488686,0.069063,-2.448569,0.695327,0.5565,0.2484
1787920157.490514,0.070078,-2.447607,0.696687,0.6187,0.2484
1787920157.492382,0.071371,-2.446936,0.698608,0.6613,0.2484
1787920157.494219,0.072434,-2.445822,0.699099,0.7128,0.2484
1787920157.496097,0.073745,-2.444890,0.700142,0.7551,0.2484
1787920157.500948,0.074962,-2.443864,0.700847,0.6270,0.2484
1787920157.507747,0.075941,-2.442658,0.700826,0.5062,0.2484
1787920157.514731,0.077050,-2.441556,0.701091,0.4213,0.2484
1787920157.520810,0.078251,-2.440792,0.702197,0.3645,0.2484
1787920157.528161,0.079424,-2.439530,0.702300,0.3250,0.2484
1787920157.535314,0.080570,-2.438721,0.703413,0.2861,0.2484
1787920157.541269,0.081519,-2.437807,0.704120,0.2665,0.2484
1787920157.547970,0.082411,-2.436907,0.704865,0.2431,0.2484
1787920157.554285,0.083582,-2.436067,0.705931,0.2384,0.2312
1787920157.561121,0.084455,-2.434849,0.705685,0.2307,0.2312
1787920157.567916,0.085718,-2.434126,0.707071,0.2246,0.2312
1787920157.574263,0.086430,-2.432763,0.706647,0.2246,0.2312
1787920157.582687,0.087414,-2.432091,0.707520,0.1994,0.2312
1787920157.587489,0.088271,-2.430872,0.707364,0.2298,0.2312
1787920157.594245,0.089357,-2.430041,0.708283,0.2215,0.2312
1787920157.601516,0.090229,-2.429116,0.708493,0.2072,0.2312
1787920157.607807,0.091010,-2.428032,0.708080,0.2069,0.2312
1787920157.614437,0.091952,-2.427088,0.708687,0.2050,0.2312
1787920157.621075,0.092679,-2.425883,0.708862,0.2039,0.2312
1787920157.627498,0.093924,-2.424879,0.709086,0.2174,0.2312
1787920157.634906,0.095150,-2.424514,0.710471,0.1995,0.2312
1787920157.643570,0.096025,-2.423367,0.710391,0.1885,0.2312
1787920157.648083,0.096774,-2.422012,0.710451,0.2285,0.2312
1787920157.654526,0.097755,-2.421377,0.711505,0.2138,0.2180
1787920157.660811,0.098646,-2.420044,0.711836,0.2234,0.2180
1787920157.667978,0.099576,-2.419527,0.712588,0.2000,0.2180
1787920157.674381,0.100330,-2.418383,0.712734,0.2018,0.2180
1787920157.680875,0.101274,-2.417417,0.713273,0.2034,0.2180
1787920157.688164,0.102103,-2.416400,0.713443,0.1956,0.2180
1787920157.694186,0.102970,-2.415263,0.713938,0.2066,0.2180
1787920157.702887,0.104019,-2.414704,0.715156,0.1846,0.2180
1787920157.710895,0.105138,-2.413609,0.715389,0.1878,0.2180
1787920157.715753,0.106304,-2.412590,0.716262,0.2271,0.2180
1787920157.720773,0.107171,-2.411255,0.716239,0.2504,0.2180
1787920157.728737,0.108125,-2.410436,0.717403,0.2227,0.2180
1787920157.734281,0.109137,-2.409329,0.718336,0.2365,0.2180
1787920157.741335,0.110343,-2.408313,0.719169,0.2326,0.2180
1787920157.776726,0.111423,-2.407369,0.720117,0.1750,0.2089
1787920157.789461,0.112499,-2.406140,0.720756,0.1606,0.2089
1787920157.791596,0.113383,-2.405416,0.721986,0.2729,0.2089
1787920157.793500,0.114520,-2.404240,0.722386,0.4480,0.2089
1787920157.795446,0.115619,-2.403454,0.723291,0.5206,0.2089
1787920157.797974,0.116783,-2.402494,0.724187,0.5435,0.2089
1787920157.799903,0.117662,-2.401393,0.725126,0.5963,0.2089
1787920157.801713,0.118683,-2.400449,0.726138,0.6478,0.2089
1787920157.803569,0.119848,-2.399481,0.727045,0.6981,0.2089
1787920157.808850,0.120973,-2.398338,0.727925,0.5796,0.2089
1787920157.814370,0.121936,-2.397235,0.728234,0.4847,0.2089
1787920157.821293,0.122748,-2.396256,0.728934,0.3938,0.2089
1787920157.827691,0.123729,-2.395014,0.729410,0.3487,0.2089
1787920157.834529,0.124658,-2.394106,0.729860,0.3011,0.2089
1787920157.842289,0.125730,-2.393287,0.730588,0.2627,0.2089
1787920157.847853,0.126454,-2.392258,0.731087,0.2500,0.2089
1787920157.854486,0.127377,-2.391345,0.731418,0.2337,0.1709
1787920157.861504,0.128436,-2.390669,0.732884,0.2165,0.1709
1787920157.867678,0.129719,-2.389820,0.733859,0.2255,0.1709
1787920157.874363,0.130477,-2.388487,0.733338,0.2232,0.1709
1787920157.881160,0.131590,-2.387899,0.734835,0.2101,0.1709
1787920157.887883,0.132442,-2.386857,0.734749,0.2064,0.1709
1787920157.894163,0.133707,-2.386277,0.736215,0.2079,0.1709
1787920157.900941,0.134725,-2.385377,0.736696,0.2057,0.1709
1787920157.907816,0.135588,-2.384259,0.736766,0.2046,0.1709
1787920157.914566,0.136577,-2.383463,0.737482,0.1996,0.1709
1787920157.920853,0.137403,-2.382608,0.737464,0.1963,0.1709
1787920157.927385,0.138536,-2.381627,0.738806,0.2062,0.1709
1787920157.934599,0.139597,-2.380662,0.739140,0.2040,0.1709
1787920157.940629,0.140379,-2.379647,0.739257,0.2055,0.1709
1787920157.950051,0.141712,-2.378917,0.740499,0.1909,0.1709
1787920157.955052,0.142474,-2.377477,0.739906,0.2256,0.1644
1787920157.960717,0.143932,-2.376776,0.741591,0.2400,0.1644
1787920157.967785,0.144781,-2.375683,0.741450,0.2259,0.1644
1787920157.974041,0.146246,-2.375027,0.742574,0.2312,0.1644
1787920157.981636,0.147010,-2.374047,0.742987,0.2102,0.1644
1787920157.987903,0.147847,-2.372909,0.742329,0.2135,0.1644
1787920157.996047,0.149029,-2.372055,0.743328,0.2028,0.1644
1787920158.001033,0.149963,-2.370953,0.743101,0.2282,0.1644
1787920158.007842,0.151097,-2.370288,0.744139,0.2163,0.1644
1787920158.014500,0.151746,-2.369046,0.743637,0.2109,0.1644
1787920158.020809,0.153076,-2.368405,0.745012,0.2148,0.1644
1787920158.028292,0.154301,-2.367261,0.744880,0.2175,0.1644
1787920158.034094,0.155374,-2.366195,0.745620,0.2304,0.1644
1787920158.041052,0.155840,-2.364757,0.744573,0.2181,0.1644
1787920158.048042,0.157342,-2.364012,0.745898,0.2217,0.1644
1787920158.057984,0.158520,-2.362845,0.745920,0.2052,0.1579
1787920158.093681,0.159414,-2.361604,0.745791,0.1562,0.1579
1787920158.095861,0.160349,-2.360694,0.746702,0.2888,0.1579
1787920158.097735,0.161277,-2.359562,0.746956,0.4343,0.1579
1787920158.099485,0.162589,-2.358622,0.747551,0.5787,0.1579
1787920158.101182,0.163286,-2.357446,0.747204,0.6367,0.1579
1787920158.102995,0.164379,-2.356308,0.747694,0.7063,0.1579
1787920158.104839,0.165407,-2.355389,0.748748,0.7188,0.1579
1787920158.108018,0.166445,-2.354183,0.748901,0.6523,0.1579
1787920158.118614,0.167895,-2.353586,0.750543,0.4982,0.1579
1787920158.122942,0.168614,-2.352132,0.749655,0.4538,0.1579
1787920158.127561,0.169842,-2.351421,0.750828,0.4076,0.1579
1787920158.134490,0.170752,-2.350250,0.750948,0.3487,0.1579
1787920158.141376,0.171937,-2.349364,0.751622,0.3081,0.1579
1787920158.147669,0.172816,-2.348366,0.751929,0.2788,0.1579
1787920158.155051,0.174019,-2.347332,0.752064,0.2596,0.1504
1787920158.160980,0.174864,-2.345991,0.751929,0.2593,0.1504
1787920158.167805,0.176014,-2.345013,0.752143,0.2478,0.1504
1787920158.174289,0.176920,-2.343898,0.752295,0.2393,0.1504
1787920158.181139,0.177938,-2.342672,0.752425,0.2368,0.1504
1787920158.188083,0.178806,-2.341100,0.751734,0.2395,0.1504
1787920158.194842,0.179944,-2.340144,0.752451,0.2335,0.1504
1787920158.200768,0.180861,-2.339039,0.752778,0.2356,0.1504
1787920158.207482,0.182038,-2.338125,0.753704,0.2312,0.1504
1787920158.214370,0.182961,-2.336959,0.753453,0.2259,0.1504
1787920158.221261,0.184103,-2.335648,0.753264,0.2335,0.1504
1787920158.228127,0.185055,-2.334763,0.753818,0.2202,0.1504
1787920158.234715,0.186142,-2.333668,0.753823,0.2244,0.1504
1787920158.240742,0.187029,-2.332412,0.753625,0.2320,0.1504
1787920158.248646,0.188158,-2.331363,0.753909,0.2209,0.1504
1787920158.257190,0.189295,-2.330350,0.754362,0.2081,0.1261
1787920158.262128,0.190407,-2.329416,0.755254,0.2337,0.1261
1787920158.267748,0.191633,-2.328538,0.756313,0.2434,0.1261
1787920158.274474,0.192657,-2.327377,0.756279,0.2391,0.1261
1787920158.281349,0.194183,-2.326657,0.757487,0.2374,0.1261
1787920158.288782,0.195143,-2.325560,0.757649,0.2247,0.1261
1787920158.294829,0.195986,-2.324153,0.757288,0.2357,0.1261
1787920158.300720,0.197238,-2.323197,0.757666,0.2447,0.1261
1787920158.307759,0.198343,-2.322196,0.757976,0.2348,0.1261
1787920158.314813,0.199114,-2.320833,0.757477,0.2280,0.1261
1787920158.320834,0.200103,-2.319843,0.757925,0.2293,0.1261
1787920158.328006,0.201104,-2.318586,0.757616,0.2271,0.1261
1787920158.334028,0.202414,-2.317633,0.758431,0.2390,0.1261
1787920158.341129,0.203121,-2.316387,0.758138,0.2252,0.1261
1787920158.348230,0.204514,-2.315470,0.759255,0.2270,0.1261
1787920158.354610,0.205353,-2.314092,0.758825,0.2321,0.1211
1787920158.405819,0.206483,-2.313175,0.759540,0.1710,0.1211
1787920158.407414,0.207327,-2.311811,0.758702,0.4113,0.1211
1787920158.409657,0.208728,-2.310843,0.759399,0.5130,0.1211
1787920158.411033,0.209538,-2.308826,0.757437,0.7896,0.1211
1787920158.411917,0.210601,-2.308064,0.757929,0.9926,0.1211
1787920158.413065,0.211779,-2.306990,0.758022,1.1111,0.1211
1787920158.414857,0.213010,-2.306170,0.759014,1.0217,0.1211
1787920158.415930,0.213949,-2.304887,0.758979,1.1528,0.1211
1787920158.416898,0.214967,-2.303841,0.758894,1.2586,0.1211
1787920158.421376,0.216424,-2.303046,0.759827,0.9885,0.1211
1787920158.427378,0.217266,-2.301808,0.760071,0.7651,0.1211
1787920158.434793,0.218526,-2.300623,0.760283,0.6055,0.1211
1787920158.441123,0.219515,-2.299379,0.759960,0.4985,0.1211
1787920158.447801,0.220680,-2.298739,0.760932,0.4066,0.1211
1787920158.454677,0.221551,-2.297264,0.760493,0.3566,0.1189
1787920158.461978,0.222720,-2.296286,0.760719,0.3121,0.1189
1787920158.467771,0.224026,-2.295188,0.760650,0.3067,0.1189
1787920158.474152,0.225124,-2.294335,0.761672,0.2797,0.1189
1787920158.480945,0.225988,-2.292969,0.760993,0.2650,0.1189
1787920158.488215,0.227133,-2.292205,0.761811,0.2415,0.1189
1787920158.494251,0.228365,-2.291028,0.761769,0.2537,0.1189
1787920158.501276,0.229428,-2.290015,0.762190,0.2403,0.1189
1787920158.507648,0.230498,-2.288765,0.762289,0.2453,0.1189
1787920158.514376,0.231612,-2.287839,0.762329,0.2362,0.1189
1787920158.521276,0.232456,-2.286405,0.761597,0.2349,0.1189
1787920158.527716,0.233625,-2.285343,0.761802,0.2380,0.1189
1787920158.534179,0.234332,-2.283843,0.760970,0.2383,0.1189
1787920158.541136,0.235626,-2.282648,0.760985,0.2428,0.1189
1787920158.547307,0.236443,-2.281415,0.760363,0.2400,0.1189
1787920158.555154,0.238030,-2.280621,0.761558,0.2329,0.1179
1787920158.561081,0.239027,-2.279415,0.761452,0.2417,0.1179
1787920158.571166,0.239978,-2.278263,0.761470,0.2133,0.1179
1787920158.574655,0.241285,-2.277032,0.761099,0.3037,0.1179
1787920158.581688,0.242229,-2.275722,0.761370,0.2803,0.1179
1787920158.587630,0.243218,-2.274589,0.760685,0.2718,0.1179
1787920158.596470,0.244192,-2.273231,0.760869,0.2460,0.1179
1787920158.600882,0.245331,-2.272017,0.760735,0.2852,0.1179
1787920158.608144,0.246505,-2.270918,0.760953,0.2661,0.1179
1787920158.614672,0.247455,-2.269841,0.761082,0.2520,0.1179
1787920158.621162,0.248563,-2.268707,0.761663,0.2496,0.1179
1787920158.627694,0.249986,-2.267797,0.762302,0.2509,0.1179
1787920158.634463,0.251102,-2.266722,0.762973,0.2443,0.1179
1787920158.641085,0.252064,-2.265536,0.762736,0.2397,0.1179
1787920158.647591,0.253194,-2.264358,0.763011,0.2429,0.1179
1787920158.654072,0.254614,-2.263607,0.764348,0.2416,0.1157
1787920158.661670,0.255879,-2.262437,0.764675,0.2371,0.1157
1787920158.708397,0.256653,-2.260949,0.763777,0.1762,0.1157
1787920158.709755,0.257938,-2.259972,0.764416,0.4775,0.1157
1787920158.710801,0.259336,-2.259015,0.765081,0.8139,0.1157
1787920158.712592,0.260183,-2.257776,0.764935,0.8158,0.1157
1787920158.713859,0.261186,-2.256240,0.764276,0.9941,0.1157
1787920158.714687,0.262395,-2.255315,0.764984,1.2438,0.1157
1787920158.715499,0.263447,-2.253766,0.764776,1.5476,0.1157
1787920158.717229,0.264102,-2.252646,0.764193,1.2997,0.1157
1787920158.720518,0.265427,-2.251386,0.764426,1.0765,0.1157
1787920158.727810,0.266366,-2.250100,0.764165,0.8181,0.1157
1787920158.734829,0.267535,-2.248949,0.764449,0.6428,0.1157
1787920158.740718,0.268617,-2.247909,0.764705,0.5264,0.1157
1787920158.747881,0.269973,-2.246841,0.765648,0.4404,0.1157
1787920158.754707,0.271049,-2.245569,0.764935,0.3811,0.1221
1787920158.760704,0.271984,-2.244110,0.764736,0.3511,0.1221
1787920158.769585,0.273041,-2.243222,0.764890,0.2923,0.1221
1787920158.774124,0.274345,-2.242121,0.765752,0.3171,0.1221
1787920158.780944,0.275296,-2.241075,0.765176,0.2840,0.1221
1787920158.788151,0.276355,-2.239643,0.764656,0.2719,0.1221
1787920158.794754,0.277805,-2.238722,0.765720,0.2668,0.1221
1787920158.801221,0.278863,-2.237615,0.766039,0.2578,0.1221
1787920158.807770,0.280253,-2.236732,0.766685,0.2544,0.1221
1787920158.813963,0.281241,-2.235323,0.766256,0.2599,0.1221
1787920158.821262,0.282521,-2.233984,0.766300,0.2580,0.1221
1787920158.827462,0.283536,-2.232748,0.766317,0.2574,0.1221
1787920158.836006,0.284991,-2.231700,0.766904,0.2425,0.1221
1787920158.841010,0.285786,-2.230432,0.766596,0.2569,0.1221
1787920158.848314,0.286816,-2.228921,0.765677,0.2533,0.1221
1787920158.854341,0.288168,-2.228107,0.766664,0.2539,0.1227
1787920158.861252,0.289400,-2.226759,0.766587,0.2569,0.1227
1787920158.871565,0.290395,-2.225749,0.766955,0.2210,0.1227
1787920158.877025,0.292082,-2.225130,0.768433,0.2450,0.1227
1787920158.880744,0.293261,-2.223875,0.768593,0.3103,0.1227
1787920158.887849,0.294169,-2.222582,0.768360,0.2827,0.1227
1787920158.894283,0.295438,-2.221381,0.768449,0.2794,0.1227
1787920158.902827,0.296404,-2.219953,0.768139,0.2548,0.1227
1787920158.907710,0.297873,-2.218863,0.768595,0.2898,0.1227
1787920158.914954,0.298506,-2.217243,0.767748,0.2683,0.1227
1787920158.920736,0.300007,-2.216168,0.768602,0.2826,0.1227
1787920158.927727,0.301192,-2.215324,0.769196,0.2595,0.1227
1787920158.934620,0.302467,-2.214095,0.769446,0.2587,0.1227
1787920158.941926,0.303339,-2.212897,0.769520,0.2411,0.1227
1787920158.947874,0.304882,-2.211781,0.770049,0.2638,0.1227
1787920158.954129,0.305779,-2.210763,0.769779,0.2495,0.1226
1787920158.961157,0.307108,-2.209386,0.769653,0.2563,0.1226
1787920158.968493,0.308359,-2.208048,0.769222,0.2542,0.1226
1787920159.016633,0.309779,-2.206975,0.769487,0.1890,0.1226
1787920159.018675,0.310617,-2.205492,0.768749,0.3723,0.1226
1787920159.020440,0.311917,-2.204430,0.769766,0.5448,0.1226
1787920159.022163,0.313312,-2.203425,0.769648,0.6778,0.1226
1787920159.023944,0.314426,-2.202276,0.770254,0.7437,0.1226
1787920159.025644,0.315348,-2.200950,0.769752,0.8004,0.1226
1787920159.027391,0.316680,-2.199771,0.769799,0.8654,0.1226
1787920159.029112,0.317872,-2.198938,0.770024,0.8560,0.1226
1787920159.030805,0.318935,-2.197694,0.769906,0.8879,0.1226
1787920159.034962,0.319935,-2.196244,0.768934,0.7461,0.1226
1787920159.042011,0.321210,-2.195252,0.769222,0.5907,0.1226
1787920159.048768,0.322104,-2.194149,0.768893,0.4760,0.1226
1787920159.054914,0.323052,-2.192827,0.768656,0.4114,0.1294
1787920159.061285,0.324081,-2.191707,0.768707,0.3594,0.1294
1787920159.067494,0.325462,-2.190425,0.768103,0.3426,0.1294
1787920159.076307,0.326819,-2.189773,0.768996,0.2885,0.1294
1787920159.081087,0.327845,-2.188245,0.768294,0.3149,0.1294
1787920159.088796,0.328833,-2.186963,0.767879,0.2828,0.1294
1787920159.094526,0.329783,-2.185777,0.767431,0.2768,0.1294
1787920159.101220,0.330796,-2.184835,0.767597,0.2558,0.1294
1787920159.108362,0.331981,-2.183675,0.767361,0.2487,0.1294
1787920159.114405,0.332896,-2.182402,0.767292,0.2507,0.1294
1787920159.121035,0.333891,-2.181219,0.767248,0.2450,0.1294
1787920159.127953,0.335417,-2.180452,0.767769,0.2423,0.1294
1787920159.134073,0.336305,-2.178753,0.766762,0.2587,0.1294
1787920159.141243,0.337823,-2.178022,0.767954,0.2480,0.1294
1787920159.148029,0.338575,-2.176358,0.766726,0.2486,0.1294
1787920159.154742,0.339918,-2.175434,0.767715,0.2459,0.1665
1787920159.160934,0.340691,-2.173995,0.767255,0.2475,0.1665
1787920159.168025,0.341826,-2.172883,0.767171,0.2404,0.1665
1787920159.174193,0.342690,-2.171319,0.766303,0.2513,0.1665
1787920159.184046,0.343975,-2.170765,0.768248,0.2158,0.1665
1787920159.188178,0.345131,-2.169210,0.767979,0.2899,0.1665
1787920159.194602,0.346415,-2.168260,0.768630,0.2769,0.1665
1787920159.201038,0.347636,-2.167267,0.769164,0.2668,0.1665
1787920159.211075,0.348718,-2.165966,0.769125,0.2371,0.1665
1787920159.214930,0.349736,-2.164553,0.769206,0.2994,0.1665
1787920159.221138,0.351238,-2.163704,0.770423,0.2902,0.1665
1787920159.228223,0.352142,-2.162453,0.770189,0.2675,0.1665
1787920159.234342,0.353330,-2.161396,0.771474,0.2652,0.1665
1787920159.241192,0.354375,-2.160039,0.771114,0.2599,0.1665
1787920159.247877,0.355699,-2.159224,0.772060,0.2500,0.1665
1787920159.254216,0.356633,-2.158022,0.771964,0.2464,0.1653
1787920159.261350,0.357705,-2.156654,0.771964,0.2449,0.1653
1787920159.267410,0.358733,-2.155627,0.772154,0.2433,0.1653
1787920159.275788,0.359662,-2.154414,0.771944,0.2244,0.1653
1787920159.325391,0.360609,-2.153184,0.772264,0.1664,0.1653
1787920159.327574,0.361766,-2.152077,0.772846,0.3365,0.1653
1787920159.329502,0.363031,-2.151358,0.773771,0.4545,0.1653
1787920159.331382,0.364040,-2.149979,0.773263,0.5871,0.1653
1787920159.333156,0.365244,-2.149159,0.773994,0.6534,0.1653
1787920159.335037,0.366041,-2.147734,0.773359,0.7072,0.1653
1787920159.336856,0.366992,-2.146426,0.772587,0.7579,0.1653
1787920159.338850,0.367976,-2.145433,0.772664,0.7408,0.1653
1787920159.340732,0.369457,-2.144647,0.773349,0.7751,0.1653
1787920159.342584,0.370329,-2.143342,0.772981,0.7913,0.1653
1787920159.348280,0.371383,-2.142166,0.772636,0.6368,0.1653
1787920159.354776,0.372602,-2.141231,0.773249,0.5162,0.1671
1787920159.360898,0.373925,-2.140287,0.773261,0.4401,0.1671
1787920159.367681,0.374803,-2.139184,0.773432,0.3699,0.1671
1787920159.388927,0.375886,-2.137950,0.773248,0.2821,0.1671
1787920159.391114,0.377018,-2.136968,0.773476,0.4027,0.1671
1787920159.393036,0.378157,-2.135581,0.773059,0.5603,0.1671
1787920159.394969,0.379279,-2.134427,0.773457,0.6418,0.1671
1787920159.401486,0.380419,-2.133515,0.773510,0.5162,0.1671
1787920159.407826,0.381590,-2.132370,0.773016,0.4388,0.1671
1787920159.416141,0.382532,-2.130956,0.772713,0.3671,0.1671
1787920159.421036,0.383664,-2.130065,0.773143,0.3448,0.1671
1787920159.427946,0.385096,-2.129035,0.773343,0.3171,0.1671
1787920159.434195,0.386115,-2.127982,0.773399,0.2923,0.1671
1787920159.440828,0.387309,-2.126931,0.773718,0.2764,0.1671
1787920159.448236,0.388508,-2.125897,0.773626,0.2575,0.1671
1787920159.454227,0.389653,-2.124693,0.773364,0.2634,0.1794
1787920159.461199,0.390691,-2.123583,0.773628,0.2497,0.1794
1787920159.467622,0.391834,-2.122240,0.773491,0.2568,0.1794
1787920159.474349,0.392909,-2.121119,0.773429,0.2490,0.1794
1787920159.481806,0.394093,-2.120118,0.774002,0.2365,0.1794
1787920159.487623,0.395186,-2.118725,0.773631,0.2561,0.1794
1787920159.494159,0.396094,-2.117738,0.773805,0.2407,0.1794
1787920159.501115,0.397511,-2.116785,0.774302,0.2409,0.1794
1787920159.507337,0.398849,-2.116112,0.775302,0.2374,0.1794
1787920159.517282,0.399752,-2.114705,0.774856,0.2154,0.1794
1787920159.521163,0.400792,-2.113385,0.774537,0.2796,0.1794
1787920159.528248,0.401985,-2.112312,0.774679,0.2636,0.1794
1787920159.534503,0.403164,-2.111425,0.775268,0.2547,0.1794
1787920159.541846,0.404308,-2.110047,0.774904,0.2510,0.1794
1787920159.547450,0.405484,-2.109269,0.775631,0.2499,0.1794
1787920159.554192,0.406536,-2.107839,0.775270,0.2529,0.2299
1787920159.561753,0.407769,-2.106837,0.775958,0.2398,0.2299
1787920159.568148,0.408652,-2.105440,0.775568,0.2433,0.2299
1787920159.574035,0.409848,-2.104558,0.776223,0.2453,0.2299
1787920159.581125,0.410259,-2.102527,0.774181,0.2442,0.2299
1787920159.588831,0.411398,-2.101418,0.774632,0.2328,0.2299
1787920159.594484,0.412344,-2.100017,0.774168,0.2508,0.2299
1787920159.606047,0.413395,-2.098816,0.774596,0.2169,0.2299
1787920159.619947,0.414589,-2.097444,0.774196,0.1909,0.2299
1787920159.632148,0.415931,-2.096460,0.775063,0.1742,0.2299
1787920159.633992,0.417016,-2.095135,0.774615,0.3988,0.2299
1787920159.635800,0.418164,-2.094124,0.774835,0.5327,0.2299
1787920159.638145,0.419339,-2.093245,0.775079,0.5589,0.2299
1787920159.641503,0.420307,-2.091535,0.774121,0.5599,0.2299
1787920159.648256,0.421497,-2.090638,0.774657,0.4576,0.2299
1787920159.654211,0.422792,-2.089715,0.775247,0.3994,0.2330
1787920159.660643,0.424078,-2.088592,0.775450,0.3591,0.2330
1787920159.669693,0.425032,-2.087217,0.774896,0.3058,0.2330
1787920159.674235,0.426178,-2.086240,0.775563,0.3134,0.2330
1787920159.681077,0.427483,-2.084986,0.775762,0.2987,0.2330
1787920159.687794,0.428706,-2.083832,0.776122,0.2842,0.2330
1787920159.695618,0.429301,-2.082384,0.775582,0.2541,0.2330
1787920159.701516,0.430623,-2.081313,0.776093,0.2640,0.2330
1787920159.707541,0.431676,-2.079850,0.775878,0.2732,0.2330
1787920159.714125,0.432660,-2.078861,0.776189,0.2548,0.2330
1787920159.722108,0.433827,-2.077829,0.776698,0.2368,0.2330
1787920159.729066,0.435566,-2.077372,0.778487,0.2330,0.2330
1787920159.734532,0.436525,-2.075359,0.777060,0.2781,0.2330
1787920159.740718,0.437332,-2.074626,0.778167,0.2475,0.2330
1787920159.748004,0.438665,-2.073495,0.778792,0.2450,0.2330
1787920159.754857,0.440106,-2.072401,0.779550,0.2500,0.2369
1787920159.760860,0.440981,-2.070949,0.778781,0.2571,0.2369
1787920159.768148,0.441837,-2.069595,0.779101,0.2442,0.2369
1787920159.775139,0.443366,-2.068459,0.779448,0.2519,0.2369
1787920159.781584,0.444717,-2.067425,0.780379,0.2549,0.2369
1787920159.787667,0.445510,-2.066123,0.780236,0.2514,0.2369
1787920159.794735,0.446755,-2.064891,0.780671,0.2503,0.2369
1787920159.800920,0.447620,-2.063437,0.780542,0.2547,0.2369
1787920159.807948,0.448705,-2.062467,0.781244,0.2403,0.2369
1787920159.814391,0.449767,-2.061434,0.781542,0.2372,0.2369
1787920159.820701,0.450875,-2.060176,0.781365,0.2455,0.2369
1787920159.827986,0.451909,-2.058737,0.781345,0.2438,0.2369
1787920159.835235,0.453169,-2.057454,0.781333,0.2451,0.2369
1787920159.840917,0.454198,-2.056015,0.780973,0.2636,0.2369
1787920159.848026,0.455607,-2.054832,0.781311,0.2619,0.2369
1787920159.854833,0.456612,-2.053303,0.780705,0.2622,0.2427
1787920159.861253,0.457809,-2.052054,0.780894,0.2644,0.2427
1787920159.867780,0.458769,-2.050624,0.780275,0.2627,0.2427
1787920159.874798,0.460103,-2.049505,0.780794,0.2580,0.2427
1787920159.880589,0.461184,-2.048238,0.780486,0.2666,0.2427
1787920159.887836,0.462103,-2.046702,0.780268,0.2584,0.2427
1787920159.927458,0.463203,-2.045391,0.780175,0.1938,0.2427
1787920159.929321,0.464309,-2.044136,0.780618,0.4045,0.2427
1787920159.931093,0.465599,-2.043125,0.781093,0.5588,0.2427
1787920159.932843,0.466564,-2.041604,0.780813,0.6920,0.2427
1787920159.934592,0.467556,-2.040356,0.780984,0.7561,0.2427
1787920159.936426,0.468848,-2.039256,0.781489,0.8060,0.2427
1787920159.938210,0.469973,-2.037956,0.781367,0.8525,0.2427
1787920159.941000,0.471189,-2.036635,0.781455,0.7896,0.2427
1787920159.947538,0.472028,-2.035204,0.781399,0.6263,0.2427
1787920159.954689,0.473507,-2.034362,0.782068,0.5073,0.2950
1787920159.961412,0.474568,-2.033043,0.782033,0.4302,0.2950
1787920159.967794,0.475531,-2.031608,0.782079,0.3808,0.2950
1787920159.974243,0.476595,-2.030399,0.782876,0.3413,0.2950
1787920159.981023,0.477618,-2.029140,0.782820,0.3103,0.2950
1787920159.987992,0.478685,-2.027952,0.783373,0.2858,0.2950
1787920159.994767,0.479737,-2.026783,0.783695,0.2696,0.2950
1787920160.002678,0.480703,-2.025156,0.783617,0.2582,0.2950
1787920160.007347,0.481983,-2.024012,0.784372,0.2909,0.2950
1787920160.014538,0.483040,-2.022856,0.785021,0.2689,0.2950
1787920160.021235,0.484200,-2.021643,0.785445,0.2634,0.2950
1787920160.030411,0.485306,-2.020256,0.785974,0.2420,0.2950
1787920160.034373,0.486396,-2.019115,0.786218,0.2889,0.2950
1787920160.040904,0.487607,-2.017982,0.786883,0.2784,0.2950
1787920160.048151,0.488629,-2.016730,0.786771,0.2614,0.2950
1787920160.054003,0.489814,-2.015540,0.787198,0.2691,0.2948
1787920160.061348,0.490625,-2.014337,0.786868,0.2466,0.2948
1787920160.067519,0.491978,-2.013142,0.787855,0.2601,0.2948
1787920160.074062,0.492912,-2.011743,0.787471,0.2578,0.2948
1787920160.081770,0.493920,-2.010380,0.788005,0.2457,0.2948
1787920160.088359,0.494936,-2.009182,0.788715,0.2433,0.2948
1787920160.094905,0.496285,-2.007964,0.789804,0.2535,0.2948
1787920160.101941,0.497297,-2.006760,0.790260,0.2443,0.2948
1787920160.107291,0.498339,-2.005531,0.791459,0.2611,0.2948
1787920160.115153,0.499465,-2.004120,0.791674,0.2512,0.2948
1787920160.121070,0.500900,-2.003101,0.792967,0.2637,0.2948
1787920160.133083,0.501813,-2.002036,0.793566,0.2196,0.2948
1787920160.134864,0.503010,-2.000850,0.794925,0.4375,0.2948
1787920160.141432,0.504313,-1.999678,0.795859,0.3861,0.2948
1787920160.147728,0.505841,-1.998859,0.797397,0.3491,0.2948
1787920160.154590,0.506791,-1.997449,0.797910,0.3175,0.2909
1787920160.161148,0.507604,-1.996085,0.798345,0.2929,0.2909
1787920160.167893,0.508966,-1.994803,0.799268,0.2881,0.2909
1787920160.174057,0.510156,-1.993698,0.800224,0.2806,0.2909
1787920160.181003,0.510975,-1.992084,0.800507,0.2711,0.2909
1787920160.187381,0.512092,-1.990619,0.801411,0.2758,0.2909
1787920160.194801,0.513086,-1.989181,0.801943,0.2628,0.2909
1787920160.207898,0.514467,-1.988372,0.803346,0.2193,0.2909
1787920160.227941,0.515409,-1.986893,0.804049,0.1792,0.2909
1787920160.229733,0.516254,-1.985628,0.804724,0.3761,0.2909
1787920160.231412,0.517620,-1.984409,0.805895,0.5896,0.2909
1787920160.233029,0.518735,-1.983141,0.807000,0.7256,0.2909
1787920160.235315,0.519793,-1.981462,0.807532,0.7631,0.2909
1787920160.241263,0.521107,-1.980324,0.808737,0.6215,0.2909
1787920160.247684,0.522431,-1.979327,0.810275,0.5114,0.2909
1787920160.254477,0.523359,-1.977593,0.810335,0.4417,0.2778
1787920160.261043,0.524383,-1.976354,0.811569,0.3825,0.2778
1787920160.267336,0.525749,-1.975175,0.812557,0.3533,0.2778
1787920160.275230,0.526757,-1.973818,0.813313,0.3111,0.2778
1787920160.280885,0.527764,-1.972377,0.813750,0.3100,0.2778
1787920160.288120,0.529281,-1.971486,0.815982,0.2870,0.2778
1787920160.294809,0.530408,-1.970222,0.817194,0.2768,0.2778
1787920160.301117,0.530998,-1.968317,0.816677,0.2791,0.2778
1787920160.309909,0.532022,-1.967068,0.817788,0.2503,0.2778
1787920160.314214,0.533390,-1.966004,0.819677,0.2945,0.2778
1787920160.323287,0.534357,-1.964502,0.819779,0.2643,0.2778
1787920160.328472,0.535518,-1.963154,0.820738,0.2879,0.2778
1787920160.340134,0.536679,-1.962097,0.822296,0.2417,0.2778
1787920160.342790,0.538043,-1.961064,0.823435,0.3595,0.2778
1787920160.347785,0.538995,-1.959514,0.823686,0.3588,0.2778
1787920160.355350,0.540240,-1.958303,0.824944,0.3200,0.3183
1787920160.361155,0.541591,-1.957340,0.825893,0.3079,0.3183
1787920160.367582,0.542645,-1.956030,0.826358,0.2938,0.3183
1787920160.374212,0.543415,-1.954662,0.826118,0.2748,0.3183
1787920160.381572,0.544525,-1.953316,0.826261,0.2634,0.3183
1787920160.387385,0.545338,-1.951996,0.826425,0.2629,0.3183
1787920160.394507,0.546248,-1.950669,0.826509,0.2511,0.3183
1787920160.402072,0.547519,-1.949399,0.827281,0.2470,0.3183
1787920160.407940,0.548584,-1.948065,0.828156,0.2600,0.3183
1787920160.414350,0.549585,-1.946973,0.828741,0.2513,0.3183
1787920160.420929,0.550378,-1.945579,0.828636,0.2472,0.3183
1787920160.427431,0.551531,-1.944552,0.829538,0.2439,0.3183
1787920160.435022,0.552523,-1.943402,0.829954,0.2307,0.3183
1787920160.440978,0.553369,-1.942106,0.829868,0.2384,0.3183
1787920160.448485,0.554236,-1.940836,0.829716,0.2278,0.3183
1787920160.454434,0.555275,-1.939684,0.829617,0.2376,0.3130
1787920160.461330,0.556215,-1.938202,0.829979,0.2415,0.3130
1787920160.467454,0.557231,-1.936748,0.830185,0.2552,0.3130
1787920160.474380,0.558199,-1.935651,0.830836,0.2420,0.3130
1787920160.481273,0.559169,-1.934257,0.830717,0.2427,0.3130
1787920160.488841,0.560587,-1.933402,0.833331,0.2328,0.3130
1787920160.494864,0.561233,-1.931881,0.832919,0.2406,0.3130
1787920160.501008,0.562348,-1.930892,0.834081,0.2408,0.3130
1787920160.507375,0.563510,-1.929927,0.835464,0.2390,0.3130
1787920160.515149,0.564450,-1.928459,0.836192,0.2336,0.3130
1787920160.556125,0.565080,-1.927030,0.836435,0.1744,0.3112
1787920160.558198,0.566461,-1.926017,0.838286,0.3647,0.3112
1787920160.560281,0.567209,-1.924575,0.838157,0.4818,0.3112
1787920160.562051,0.568408,-1.923352,0.839653,0.6272,0.3112
1787920160.563766,0.569389,-1.922235,0.840312,0.6991,0.3112
1787920160.565499,0.570309,-1.920999,0.841386,0.7550,0.3112
1787920160.567241,0.571465,-1.919973,0.842975,0.7929,0.3112
1787920160.568938,0.572608,-1.918672,0.844081,0.8610,0.3112
1787920160.574629,0.573872,-1.917535,0.845430,0.6918,0.3112
1787920160.581055,0.574621,-1.916350,0.846010,0.5489,0.3112
1787920160.587717,0.575221,-1.914859,0.846238,0.4524,0.3112
1787920160.594756,0.576022,-1.913576,0.846801,0.3802,0.3112
1787920160.601227,0.577207,-1.912394,0.848044,0.3436,0.3112
1787920160.608740,0.577974,-1.911153,0.849103,0.2980,0.3112
1787920160.617051,0.579222,-1.909975,0.850539,0.2703,0.3112
1787920160.621469,0.579920,-1.908567,0.850667,0.2923,0.3112
1787920160.627608,0.580931,-1.907541,0.852306,0.2749,0.3112
1787920160.634770,0.581413,-1.906058,0.851895,0.2525,0.3112
1787920160.644523,0.582227,-1.904543,0.852035,0.2283,0.3112
1787920160.647502,0.582875,-1.903347,0.852132,0.2934,0.3112
1787920160.654837,0.584285,-1.902503,0.854327,0.2693,0.2958
1787920160.661155,0.584983,-1.900993,0.853861,0.2643,0.2958
1787920160.667539,0.585941,-1.899782,0.855008,0.2575,0.2958
1787920160.674109,0.587131,-1.898773,0.855765,0.2507,0.2958
1787920160.681287,0.588003,-1.897791,0.856853,0.2304,0.2958
1787920160.688142,0.588647,-1.896319,0.856729,0.2284,0.2958
1787920160.694555,0.589221,-1.894605,0.856262,0.2380,0.2958
1787920160.701221,0.590013,-1.893403,0.857366,0.2309,0.2958
1787920160.707295,0.591120,-1.892354,0.858212,0.2365,0.2958
1787920160.714952,0.592099,-1.891128,0.859415,0.2270,0.2958
1787920160.720901,0.593112,-1.889887,0.859856,0.2397,0.2958
1787920160.727456,0.594135,-1.888874,0.860997,0.2334,0.2958
1787920160.734583,0.594933,-1.887725,0.861544,0.2220,0.2958
1787920160.740845,0.596077,-1.886690,0.863040,0.2287,0.2958
1787920160.747526,0.596920,-1.885512,0.863714,0.2249,0.2958
1787920160.754859,0.597677,-1.884138,0.864038,0.2203,0.3463
1787920160.761291,0.598988,-1.883244,0.865520,0.2256,0.3463
1787920160.767700,0.599984,-1.882125,0.866404,0.2280,0.3463
1787920160.774302,0.600839,-1.880765,0.867186,0.2319,0.3463
1787920160.781080,0.601795,-1.879654,0.868105,0.2272,0.3463
1787920160.787814,0.603026,-1.878827,0.869538,0.2226,0.3463
1787920160.794867,0.604184,-1.877859,0.870651,0.2190,0.3463
1787920160.800930,0.605026,-1.876648,0.870924,0.2260,0.3463
1787920160.807702,0.605981,-1.875418,0.871848,0.2271,0.3463
1787920160.821974,0.607048,-1.874338,0.872750,0.1908,0.3463
1787920160.826037,0.608050,-1.873007,0.873390,0.2564,0.3463
1787920160.863768,0.608506,-1.871592,0.873227,0.1905,0.3422
1787920160.865862,0.609330,-1.870165,0.873631,0.3659,0.3422
1787920160.867806,0.610442,-1.869226,0.874685,0.4774,0.3422
1787920160.869565,0.611508,-1.868034,0.875171,0.6067,0.3422
1787920160.871366,0.612107,-1.866726,0.875231,0.6560,0.3422
1787920160.873109,0.613150,-1.865593,0.875893,0.7238,0.3422
1787920160.874806,0.614210,-1.864486,0.876264,0.7770,0.3422
1787920160.876507,0.615302,-1.863304,0.876990,0.8273,0.3422
1787920160.881188,0.615864,-1.861843,0.876753,0.6741,0.3422
1787920160.887996,0.616894,-1.860673,0.877940,0.5406,0.3422
1787920160.894559,0.617866,-1.859440,0.879002,0.4501,0.3422
1787920160.900824,0.618575,-1.858294,0.879351,0.3790,0.3422
1787920160.907541,0.619305,-1.856959,0.879458,0.3320,0.3422
1787920160.914600,0.619852,-1.855710,0.879520,0.2881,0.3422
1787920160.920802,0.621135,-1.854874,0.881258,0.2724,0.3422
1787920160.928141,0.622330,-1.853971,0.882629,0.2502,0.3422
1787920160.933933,0.623008,-1.852703,0.883130,0.2482,0.3422
1787920160.941573,0.623959,-1.851425,0.883683,0.2362,0.3422
1787920160.950944,0.624582,-1.850120,0.883978,0.2103,0.3422
1787920160.954557,0.625666,-1.849289,0.885387,0.2576,0.3340
1787920160.960989,0.626562,-1.848243,0.885752,0.2445,0.3340
1787920160.967934,0.627495,-1.847198,0.887172,0.2316,0.3340
1787920160.974509,0.628284,-1.846100,0.887845,0.2237,0.3340
1787920160.981512,0.629648,-1.845356,0.889586,0.2182,0.3340
1787920160.987392,0.630702,-1.844315,0.891647,0.2278,0.3340
1787920160.994424,0.631545,-1.843166,0.892362,0.2202,0.3340
1787920161.001130,0.632485,-1.842192,0.893569,0.2145,0.3340
1787920161.007620,0.633136,-1.841085,0.894251,0.2089,0.3340
1787920161.014472,0.634301,-1.839939,0.895391,0.2172,0.3340
1787920161.022042,0.635003,-1.838663,0.895989,0.2089,0.3340
1787920161.027550,0.635827,-1.837266,0.896865,0.2337,0.3340
1787920161.034808,0.636911,-1.836513,0.898534,0.2159,0.3340
1787920161.040834,0.637486,-1.834726,0.898299,0.2385,0.3340
1787920161.047699,0.638647,-1.833929,0.899853,0.2258,0.3340
1787920161.054497,0.639683,-1.833032,0.901224,0.2175,0.3298
1787920161.060826,0.640061,-1.831529,0.901437,0.2192,0.3298
1787920161.068453,0.640965,-1.830365,0.901773,0.2114,0.3298
1787920161.074806,0.642074,-1.829105,0.903273,0.2271,0.3298
1787920161.080728,0.642664,-1.827904,0.904183,0.2253,0.3298
1787920161.087793,0.643429,-1.826605,0.904730,0.2211,0.3298
1787920161.094055,0.644276,-1.825355,0.905498,0.2270,0.3298
1787920161.101327,0.645205,-1.824343,0.906553,0.2154,0.3298
1787920161.107995,0.646142,-1.823180,0.907471,0.2179,0.3298
1787920161.114681,0.646947,-1.821888,0.908115,0.2205,0.3298
1787920161.120730,0.647808,-1.820769,0.908699,0.2244,0.3298
1787920161.158148,0.648670,-1.819601,0.910031,0.1687,0.3246
1787920161.160366,0.649309,-1.818484,0.910433,0.2905,0.3246
1787920161.162157,0.650272,-1.817593,0.911810,0.4201,0.3246
1787920161.163898,0.650697,-1.816042,0.911265,0.5501,0.3246
1787920161.165581,0.651855,-1.815010,0.912585,0.6569,0.3246
1787920161.167316,0.652371,-1.813649,0.912977,0.7005,0.3246
1787920161.168986,0.653599,-1.812774,0.914618,0.7496,0.3246
1787920161.174223,0.654618,-1.811664,0.915697,0.6107,0.3246
1787920161.181064,0.655357,-1.810441,0.915962,0.4898,0.3246
1787920161.187369,0.656259,-1.809173,0.916780,0.4168,0.3246
1787920161.195081,0.656501,-1.807803,0.916415,0.3398,0.3246
1787920161.201067,0.657489,-1.806791,0.917480,0.3082,0.3246
1787920161.208788,0.658512,-1.805534,0.918101,0.2787,0.3246
1787920161.214392,0.659147,-1.804194,0.918619,0.2727,0.3246
1787920161.221353,0.660226,-1.803292,0.920075,0.2500,0.3246
1787920161.228126,0.660781,-1.802010,0.919495,0.2351,0.3246
1787920161.234789,0.661939,-1.800977,0.920809,0.2331,0.3246
1787920161.240780,0.662415,-1.799546,0.920909,0.2347,0.3246
1787920161.250018,0.663001,-1.798195,0.920878,0.2107,0.3246
1787920161.254067,0.664171,-1.797353,0.922262,0.2496,0.3660
1787920161.260864,0.664771,-1.795855,0.921908,0.2434,0.3660
1787920161.267785,0.665680,-1.794688,0.923400,0.2345,0.3660
1787920161.274346,0.666386,-1.793388,0.923670,0.2310,0.3660
1787920161.281038,0.667152,-1.792422,0.924328,0.2170,0.3660
1787920161.287684,0.668312,-1.791360,0.925682,0.2217,0.3660
1787920161.294067,0.668757,-1.789973,0.925584,0.2198,0.3660
1787920161.301000,0.669700,-1.788883,0.927073,0.2161,0.3660
1787920161.309713,0.670286,-1.787304,0.926505,0.2068,0.3660
1787920161.314230,0.671022,-1.786010,0.927050,0.2429,0.3660
1787920161.321049,0.671998,-1.785082,0.928243,0.2284,0.3660
1787920161.329273,0.672736,-1.783828,0.928517,0.2127,0.3660
1787920161.334510,0.673943,-1.782952,0.930097,0.2304,0.3660
1787920161.341590,0.674402,-1.781531,0.930133,0.2212,0.3660
1787920161.347546,0.675508,-1.780554,0.931596,0.2275,0.3660
1787920161.354825,0.675855,-1.778929,0.930808,0.2215,0.3593
1787920161.361021,0.676884,-1.777669,0.931812,0.2338,0.3593
1787920161.367535,0.677493,-1.776372,0.931801,0.2283,0.3593
1787920161.374601,0.678481,-1.775627,0.933646,0.2102,0.3593
1787920161.382201,0.679258,-1.774320,0.933834,0.2069,0.3593
1787920161.387385,0.680252,-1.773266,0.935248,0.2280,0.3593
1787920161.394564,0.681126,-1.771927,0.935721,0.2263,0.3593
1787920161.401182,0.682111,-1.770845,0.937005,0.2244,0.3593
1787920161.407775,0.682835,-1.769519,0.937506,0.2252,0.3593
1787920161.414808,0.683497,-1.768171,0.937771,0.2207,0.3593
1787920161.420952,0.684489,-1.767121,0.939178,0.2245,0.3593
1787920161.428063,0.685474,-1.766233,0.940705,0.2119,0.3593
1787920161.438001,0.686354,-1.764966,0.941621,0.1949,0.3593
1787920161.443398,0.687156,-1.763711,0.942224,0.2191,0.3593
1787920161.463507,0.687875,-1.762332,0.942899,0.1763,0.3579
1787920161.477212,0.688500,-1.761393,0.943741,0.1481,0.3579
1787920161.479034,0.689497,-1.760306,0.944926,0.3448,0.3579
1787920161.480740,0.690199,-1.758766,0.945230,0.5333,0.3579
1787920161.482461,0.691021,-1.757810,0.946336,0.5923,0.3579
1787920161.484122,0.691845,-1.756705,0.947748,0.6633,0.3579
1787920161.488036,0.692602,-1.755276,0.948377,0.5872,0.3579
1787920161.494501,0.693075,-1.753898,0.948302,0.4758,0.3579
1787920161.500886,0.693890,-1.752765,0.949226,0.3986,0.3579
1787920161.507511,0.694876,-1.751796,0.950825,0.3407,0.3579
1787920161.514708,0.695292,-1.750195,0.950777,0.3029,0.3579
1787920161.520753,0.696162,-1.748910,0.951773,0.2890,0.3579
1787920161.528572,0.697089,-1.748018,0.953273,0.2508,0.3579
1787920161.534169,0.697747,-1.746753,0.953730,0.2513,0.3579
1787920161.541351,0.698320,-1.745369,0.954220,0.2369,0.3579
1787920161.547708,0.699085,-1.744067,0.954789,0.2369,0.3579
1787920161.554764,0.700138,-1.743226,0.956579,0.2208,0.3518
1787920161.560686,0.700409,-1.741746,0.956155,0.2237,0.3518
1787920161.568054,0.701362,-1.740255,0.957141,0.2286,0.3518
1787920161.574292,0.702101,-1.739084,0.957651,0.2265,0.3518
1787920161.580955,0.703097,-1.738076,0.959039,0.2215,0.3518
1787920161.589121,0.703289,-1.736567,0.959197,0.2045,0.3518
1787920161.594394,0.704183,-1.735203,0.960027,0.2358,0.3518
1787920161.600879,0.704721,-1.733788,0.960521,0.2330,0.3518
1787920161.608069,0.705212,-1.732439,0.960822,0.2210,0.3518
1787920161.614276,0.705798,-1.731299,0.961494,0.2161,0.3518
1787920161.621338,0.706348,-1.729828,0.961670,0.2159,0.3518
1787920161.627496,0.707152,-1.728643,0.962642,0.2209,0.3518
1787920161.636420,0.707799,-1.727323,0.963354,0.2035,0.3518
1787920161.642190,0.708471,-1.725868,0.963884,0.2245,0.3518
1787920161.648208,0.709084,-1.724541,0.963892,0.2289,0.3518
1787920161.654668,0.709931,-1.723384,0.965019,0.2268,0.3870
1787920161.661069,0.710756,-1.722253,0.966365,0.2243,0.3870
1787920161.668788,0.711256,-1.720826,0.966435,0.2137,0.3870
1787920161.674702,0.712260,-1.719759,0.967751,0.2231,0.3870
1787920161.680894,0.713121,-1.718597,0.968853,0.2262,0.3870
1787920161.688050,0.713982,-1.717216,0.969548,0.2265,0.3870
1787920161.694160,0.714724,-1.715898,0.970235,0.2325,0.3870
1787920161.702076,0.715234,-1.714722,0.970630,0.2105,0.3870
1787920161.707769,0.716151,-1.713666,0.972197,0.2205,0.3870
1787920161.714333,0.716633,-1.712192,0.972285,0.2224,0.3870
1787920161.720934,0.717790,-1.711157,0.973924,0.2242,0.3870
1787920161.727753,0.718614,-1.709860,0.974807,0.2245,0.3870
1787920161.734236,0.719303,-1.708539,0.975392,0.2257,0.3870
1787920161.783690,0.719895,-1.707193,0.975748,0.1667,0.3771
1787920161.785891,0.720718,-1.706129,0.976333,0.2996,0.3771
1787920161.787913,0.721420,-1.704616,0.976882,0.4540,0.3771
1787920161.789738,0.722004,-1.703368,0.977291,0.5416,0.3771
1787920161.791620,0.722656,-1.702141,0.977559,0.5993,0.3771
1787920161.793360,0.723633,-1.701041,0.978911,0.6710,0.3771
1787920161.795356,0.724581,-1.699708,0.980162,0.7154,0.3771
1787920161.797217,0.725025,-1.698317,0.980299,0.7269,0.3771
1787920161.799060,0.725929,-1.697322,0.981460,0.7253,0.3771
1787920161.801351,0.726436,-1.695897,0.981585,0.6997,0.3771
1787920161.807443,0.727268,-1.694722,0.982695,0.5607,0.3771
1787920161.814758,0.727907,-1.693389,0.983325,0.4525,0.3771
1787920161.821106,0.728792,-1.692318,0.984006,0.3821,0.3771
1787920161.827660,0.729373,-1.690964,0.984554,0.3338,0.3771
1787920161.836087,0.729876,-1.689637,0.985060,0.2829,0.3771
1787920161.841985,0.730283,-1.688229,0.985026,0.2692,0.3771
1787920161.847826,0.731179,-1.687012,0.986046,0.2659,0.3771
1787920161.854605,0.731878,-1.685774,0.986811,0.2489,0.3720
1787920161.861197,0.732754,-1.684854,0.988274,0.2312,0.3720
1787920161.867813,0.733203,-1.683335,0.988496,0.2305,0.3720
1787920161.874665,0.733996,-1.682246,0.989907,0.2203,0.3720
1787920161.881225,0.734513,-1.680847,0.990303,0.2206,0.3720
1787920161.888107,0.735151,-1.679514,0.991241,0.2183,0.3720
1787920161.895029,0.736123,-1.678676,0.993074,0.2062,0.3720
1787920161.901251,0.736799,-1.677533,0.993912,0.2084,0.3720
1787920161.908447,0.737543,-1.676304,0.995124,0.2057,0.3720
1787920161.914679,0.738058,-1.674968,0.996026,0.2114,0.3720
1787920161.921429,0.738822,-1.673787,0.997390,0.2105,0.3720
1787920161.927637,0.739553,-1.672830,0.998328,0.2054,0.3720
1787920161.934362,0.740029,-1.671457,0.998809,0.2068,0.3720
1787920161.943565,0.740511,-1.670033,0.999018,0.1923,0.3720
1787920161.948995,0.741268,-1.668914,1.000342,0.2092,0.3720
1787920161.954860,0.741896,-1.667718,1.001353,0.2153,0.3555
1787920161.960701,0.742530,-1.666621,1.002356,0.2157,0.3555
1787920161.967600,0.743187,-1.665438,1.002921,0.2097,0.3555
1787920161.974772,0.743991,-1.664336,1.004346,0.2037,0.3555
1787920161.981087,0.744206,-1.662947,1.004268,0.2038,0.3555
1787920161.988324,0.744981,-1.661786,1.005353,0.2005,0.3555
1787920161.995017,0.745323,-1.660293,1.005518,0.2051,0.3555
1787920162.001064,0.746135,-1.659241,1.006735,0.2092,0.3555
1787920162.007901,0.746683,-1.658241,1.007667,0.1964,0.3555
1787920162.014215,0.747089,-1.656899,1.008345,0.2017,0.3555
1787920162.021265,0.747673,-1.655519,1.009044,0.2041,0.3555
1787920162.028207,0.748411,-1.654416,1.010376,0.2002,0.3555
1787920162.035299,0.749093,-1.653247,1.011259,0.1974,0.3555
1787920162.041050,0.749596,-1.652057,1.011839,0.2047,0.3555
1787920162.077851,0.750100,-1.650959,1.012542,0.1531,0.3439
1787920162.079911,0.751004,-1.649752,1.013824,0.3259,0.3439
1787920162.081752,0.751552,-1.648621,1.014736,0.4318,0.3439
1787920162.083646,0.752089,-1.647444,1.015698,0.5056,0.3439
1787920162.085431,0.752769,-1.646315,1.016940,0.5753,0.3439
1787920162.087469,0.753506,-1.645075,1.018149,0.6151,0.3439
1787920162.089548,0.753997,-1.643933,1.018954,0.6080,0.3439
1787920162.094110,0.754321,-1.642629,1.019060,0.5097,0.3439
1787920162.101736,0.755088,-1.641406,1.019794,0.4136,0.3439
1787920162.107506,0.755941,-1.640227,1.021379,0.3650,0.3439
1787920162.114846,0.756365,-1.639044,1.021937,0.3058,0.3439
1787920162.121003,0.757053,-1.637936,1.022769,0.2776,0.3439
1787920162.127517,0.757540,-1.636439,1.022984,0.2649,0.3439
1787920162.134956,0.758082,-1.635311,1.023688,0.2356,0.3439
1787920162.141034,0.758574,-1.634128,1.024257,0.2274,0.3439
1787920162.148762,0.759453,-1.633063,1.025798,0.2123,0.3439
1787920162.154941,0.759874,-1.631619,1.025957,0.2191,0.4089
1787920162.160767,0.760859,-1.630556,1.027889,0.2265,0.4089
1787920162.168103,0.761193,-1.629260,1.028273,0.2110,0.4089
1787920162.174167,0.761853,-1.628253,1.028698,0.2072,0.4089
1787920162.181464,0.762390,-1.626867,1.029731,0.2053,0.4089
1787920162.187852,0.763187,-1.625700,1.031109,0.2099,0.4089
1787920162.194933,0.763924,-1.624685,1.032492,0.1999,0.4089
1787920162.200968,0.764690,-1.623485,1.033686,0.2106,0.4089
1787920162.207937,0.765235,-1.622141,1.033622,0.2092,0.4089
1787920162.214279,0.765884,-1.621087,1.035117,0.2050,0.4089
1787920162.221162,0.766400,-1.619792,1.035426,0.2035,0.4089
1787920162.227936,0.767102,-1.618700,1.036477,0.1999,0.4089
1787920162.234762,0.767640,-1.617351,1.036976,0.2030,0.4089
1787920162.240742,0.768433,-1.616282,1.038240,0.2085,0.4089
1787920162.248043,0.768775,-1.614943,1.037981,0.2005,0.4089
1787920162.257115,0.769703,-1.613976,1.039423,0.1835,0.4043
1787920162.260901,0.769892,-1.612623,1.039529,0.2284,0.4043
1787920162.267376,0.770794,-1.611641,1.041134,0.2203,0.4043
1787920162.275207,0.771007,-1.610074,1.041108,0.2101,0.4043
1787920162.282038,0.771762,-1.609064,1.042431,0.2021,0.4043
1787920162.287574,0.772386,-1.607769,1.043328,0.2192,0.4043
1787920162.294234,0.773203,-1.606748,1.044565,0.2117,0.4043
1787920162.300765,0.773766,-1.605570,1.045345,0.2079,0.4043
1787920162.308133,0.774470,-1.604390,1.046666,0.2015,0.4043
1787920162.314431,0.774991,-1.603251,1.047586,0.2004,0.4043
1787920162.321283,0.775686,-1.602162,1.048921,0.1968,0.4043
1787920162.328539,0.776234,-1.600879,1.049498,0.1951,0.4043
1787920162.334730,0.776842,-1.599992,1.050804,0.1885,0.4043
1787920162.340877,0.777281,-1.598961,1.050810,0.1863,0.4043
1787920162.348335,0.778047,-1.597733,1.052067,0.1885,0.4043
1787920162.398510,0.778762,-1.596622,1.053418,0.1399,0.3924
1787920162.400735,0.779169,-1.595396,1.054125,0.2688,0.3924
1787920162.402539,0.779741,-1.594318,1.055013,0.3908,0.3924
1787920162.404246,0.780530,-1.593405,1.056174,0.4816,0.3924
1787920162.405960,0.781077,-1.592300,1.056976,0.5526,0.3924
1787920162.407755,0.781554,-1.590945,1.057719,0.6232,0.3924
1787920162.409461,0.782273,-1.589893,1.058804,0.6594,0.3924
1787920162.411252,0.783207,-1.588996,1.060620,0.6692,0.3924
1787920162.413028,0.783263,-1.587769,1.060572,0.6540,0.3924
1787920162.414783,0.783911,-1.586523,1.061671,0.6977,0.3924
1787920162.421296,0.784243,-1.585370,1.061726,0.5422,0.3924
1787920162.427321,0.785087,-1.584386,1.063171,0.4428,0.3924
1787920162.434713,0.785889,-1.583599,1.064927,0.3537,0.3924
1787920162.440766,0.786446,-1.582170,1.065699,0.3229,0.3924
1787920162.447437,0.786730,-1.580938,1.065639,0.2807,0.3924
1787920162.456330,0.787293,-1.579769,1.066752,0.2402,0.3815
1787920162.461443,0.787841,-1.578582,1.067702,0.2446,0.3815
1787920162.467616,0.788274,-1.577322,1.068362,0.2351,0.3815
1787920162.474305,0.788880,-1.576153,1.069143,0.2236,0.3815
1787920162.481449,0.789588,-1.575155,1.070562,0.2075,0.3815
1787920162.488192,0.790162,-1.573912,1.071880,0.2061,0.3815
1787920162.494390,0.790427,-1.572423,1.072360,0.2137,0.3815
1787920162.501153,0.791062,-1.571474,1.073714,0.2000,0.3815
1787920162.507754,0.791633,-1.570420,1.074547,0.1945,0.3815
1787920162.514413,0.792435,-1.569430,1.076056,0.1926,0.3815
1787920162.520859,0.792769,-1.568009,1.076271,0.2004,0.3815
1787920162.528308,0.793256,-1.566811,1.077380,0.1921,0.3815
1787920162.534350,0.793699,-1.565603,1.077893,0.1977,0.3815
1787920162.541102,0.794083,-1.564518,1.078514,0.1889,0.3815
1787920162.547639,0.794632,-1.563402,1.079325,0.1893,0.3815
1787920162.554424,0.795021,-1.562265,1.080058,0.1850,0.3748
1787920162.562676,0.795806,-1.561068,1.081224,0.1813,0.3748
1787920162.570791,0.796079,-1.559852,1.081464,0.1713,0.3748
1787920162.575903,0.796530,-1.558728,1.082350,0.1906,0.3748
1787920162.581681,0.796961,-1.557549,1.083177,0.1980,0.3748
1787920162.590776,0.797566,-1.556554,1.083833,0.1769,0.3748
1787920162.594512,0.798211,-1.555436,1.084829,0.2274,0.3748
1787920162.602791,0.798524,-1.554125,1.085426,0.2065,0.3748
1787920162.607940,0.798990,-1.552894,1.086308,0.2207,0.3748
1787920162.616717,0.799559,-1.551839,1.087044,0.1954,0.3748
1787920162.620568,0.800091,-1.550721,1.087543,0.2332,0.3748
1787920162.627617,0.800642,-1.549554,1.088514,0.2181,0.3748
1787920162.634759,0.801025,-1.548395,1.089507,0.2033,0.3748
1787920162.642616,0.801693,-1.547430,1.090517,0.1867,0.3748
1787920162.648196,0.802220,-1.546278,1.091612,0.1988,0.3748
1787920162.655514,0.802508,-1.544988,1.091667,0.1915,0.4536
1787920162.665148,0.803286,-1.544110,1.093357,0.1695,0.4536
1787920162.696014,0.803889,-1.542808,1.094341,0.1326,0.4536
1787920162.698044,0.804172,-1.541627,1.094589,0.2672,0.4536
1787920162.699839,0.804784,-1.540587,1.095816,0.3883,0.4536
1787920162.701507,0.805470,-1.539215,1.096733,0.5476,0.4536
1787920162.703173,0.805906,-1.538018,1.097100,0.6110,0.4536
1787920162.704919,0.806256,-1.536782,1.098057,0.6442,0.4536
1787920162.707428,0.806879,-1.535771,1.099133,0.5925,0.4536
1787920162.714633,0.807449,-1.534480,1.099980,0.4734,0.4536
1787920162.721065,0.808044,-1.533340,1.101189,0.3914,0.4536
1787920162.727565,0.808591,-1.532190,1.102292,0.3327,0.4536
1787920162.734911,0.809199,-1.531069,1.103322,0.2850,0.4536
1787920162.741497,0.809358,-1.529558,1.102600,0.2642,0.4536
1787920162.750108,0.809677,-1.528363,1.102711,0.2271,0.4536
1787920162.754439,0.810352,-1.527358,1.103704,0.2421,0.4487
1787920162.762797,0.810538,-1.526064,1.103615,0.2140,0.4487
1787920162.768118,0.811186,-1.524835,1.104263,0.2281,0.4487
1787920162.774015,0.812101,-1.523734,1.105970,0.2306,0.4487
1787920162.782281,0.812451,-1.522625,1.106651,0.2031,0.4487
1787920162.787944,0.812661,-1.521377,1.107076,0.2063,0.4487
1787920162.795609,0.813627,-1.520281,1.108953,0.1996,0.4487
1787920162.800622,0.814013,-1.518989,1.109350,0.2193,0.4487
1787920162.808378,0.814897,-1.518007,1.111411,0.2027,0.4487
1787920162.814472,0.815361,-1.516749,1.112282,0.2075,0.4487
1787920162.821047,0.815875,-1.515483,1.113374,0.2075,0.4487
1787920162.827557,0.816346,-1.514260,1.114231,0.2054,0.4487
1787920162.834145,0.816868,-1.513128,1.115335,0.2005,0.4487
1787920162.840960,0.817716,-1.511950,1.116818,0.2034,0.4487
1787920162.848114,0.818062,-1.510729,1.117911,0.1947,0.4487
1787920162.854281,0.818619,-1.509430,1.118844,0.2050,0.4408
1787920162.860784,0.819077,-1.508352,1.119570,0.1975,0.4408
1787920162.869993,0.819229,-1.507088,1.120037,0.1775,0.4408
1787920162.875333,0.819783,-1.505925,1.121161,0.1966,0.4408
1787920162.881135,0.820103,-1.504676,1.121665,0.2030,0.4408
1787920162.887630,0.820776,-1.503666,1.123125,0.1976,0.4408
1787920162.896955,0.821255,-1.502456,1.123931,0.1801,0.4408
1787920162.901261,0.821214,-1.501158,1.124051,0.2064,0.4408
1787920162.907969,0.822013,-1.500052,1.125493,0.2045,0.4408
1787920162.914831,0.822170,-1.498833,1.126022,0.1942,0.4408
1787920162.920967,0.822757,-1.497810,1.127586,0.1935,0.4408
1787920162.927851,0.823099,-1.496447,1.128226,0.1955,0.4408
1787920162.934450,0.823277,-1.495247,1.128728,0.1896,0.4408
1787920162.940787,0.823396,-1.494191,1.129367,0.1803,0.4408
1787920162.947764,0.824012,-1.493162,1.130480,0.1775,0.4408
1787920162.954784,0.824549,-1.492090,1.131574,0.1755,0.4239
1787920162.964182,0.824887,-1.490952,1.132320,0.1603,0.4239
1787920163.008658,0.825425,-1.489940,1.133871,0.1199,0.4239
1787920163.010811,0.825538,-1.488606,1.134295,0.2591,0.4239
1787920163.012530,0.825923,-1.487654,1.135293,0.3604,0.4239
1787920163.014240,0.826333,-1.486555,1.136524,0.4573,0.4239
1787920163.016140,0.826635,-1.485306,1.137420,0.5191,0.4239
1787920163.017898,0.827103,-1.484347,1.138619,0.5455,0.4239
1787920163.019670,0.827601,-1.483091,1.139510,0.6103,0.4239
1787920163.021693,0.827709,-1.481954,1.140195,0.5871,0.4239
1787920163.023371,0.828248,-1.480805,1.141419,0.6379,0.4239
1787920163.027632,0.828929,-1.479667,1.143087,0.5393,0.4239
1787920163.034151,0.829240,-1.478669,1.144000,0.4252,0.4239
1787920163.040633,0.829835,-1.477482,1.145524,0.3591,0.4239
1787920163.048173,0.830388,-1.476426,1.147071,0.2987,0.4239
1787920163.054528,0.830579,-1.475088,1.147764,0.2704,0.4094
1787920163.061230,0.831081,-1.474119,1.148742,0.2380,0.4094
1787920163.067923,0.831335,-1.472874,1.149788,0.2222,0.4094
1787920163.074733,0.831746,-1.471690,1.150860,0.2106,0.4094
1787920163.081468,0.832214,-1.470564,1.151630,0.2017,0.4094
1787920163.087657,0.832679,-1.469411,1.152973,0.2014,0.4094
1787920163.094938,0.833048,-1.468164,1.153724,0.1941,0.4094
1787920163.110191,0.833416,-1.466963,1.154708,0.1604,0.4094
1787920163.116473,0.834129,-1.465913,1.156849,0.1719,0.4094
1787920163.118408,0.834650,-1.464711,1.158236,0.3234,0.4094
1787920163.121463,0.834670,-1.463511,1.158342,0.3352,0.4094
1787920163.127586,0.834904,-1.462077,1.159299,0.3036,0.4094
1787920163.134300,0.835587,-1.460899,1.161080,0.2729,0.4094
1787920163.143051,0.836037,-1.459607,1.162128,0.2378,0.4094
1787920163.147882,0.836453,-1.458341,1.162800,0.2489,0.4094
1787920163.160024,0.836645,-1.457369,1.164219,0.1982,0.3933
1787920163.161656,0.837142,-1.456049,1.165219,0.3976,0.3933
1787920163.167610,0.837949,-1.454745,1.166845,0.3547,0.3933
1787920163.177100,0.838252,-1.453429,1.167891,0.2903,0.3933
1787920163.180852,0.838969,-1.452625,1.169637,0.2848,0.3933
1787920163.191333,0.839444,-1.451310,1.170713,0.2393,0.3933
1787920163.194948,0.839475,-1.449862,1.171015,0.2792,0.3933
1787920163.203558,0.840021,-1.448691,1.172672,0.2404,0.3933
1787920163.207613,0.840501,-1.447542,1.173803,0.2605,0.3933
1787920163.214178,0.841184,-1.446474,1.175136,0.2394,0.3933
1787920163.221873,0.841564,-1.445251,1.176214,0.2173,0.3933
1787920163.227721,0.841615,-1.443661,1.176689,0.2284,0.3933
1787920163.235312,0.842324,-1.442636,1.178404,0.2080,0.3933
1787920163.241620,0.842882,-1.441488,1.179499,0.2062,0.3933
1787920163.248611,0.843289,-1.440359,1.180125,0.1958,0.3933
1787920163.254661,0.843757,-1.438844,1.181148,0.2154,0.4804
1787920163.261164,0.843941,-1.437792,1.181613,0.1989,0.4804
1787920163.267619,0.844399,-1.436461,1.182496,0.2045,0.4804
1787920163.319498,0.844910,-1.435378,1.183499,0.1501,0.4804
1787920163.321633,0.845330,-1.434207,1.184226,0.2797,0.4804
1787920163.322653,0.845827,-1.432968,1.185161,0.5885,0.4804
1787920163.323386,0.846139,-1.431529,1.185743,1.0052,0.4804
1787920163.324274,0.846513,-1.430444,1.186678,1.0911,0.4804
1787920163.326021,0.846849,-1.429254,1.187654,0.9748,0.4804
1787920163.327795,0.847381,-1.428129,1.188649,0.8925,0.4804
1787920163.328951,0.847715,-1.426627,1.189086,1.0185,0.4804
1787920163.329701,0.848264,-1.425480,1.190307,1.2210,0.4804
1787920163.334561,0.848761,-1.424456,1.191630,0.9248,0.4804
1787920163.340872,0.848951,-1.423108,1.191580,0.7102,0.4804
1787920163.347750,0.849318,-1.421736,1.191946,0.5586,0.4804
1787920163.354598,0.849760,-1.420516,1.192822,0.4479,0.4784
1787920163.360542,0.849985,-1.419225,1.193372,0.3783,0.4784
1787920163.367688,0.850480,-1.418021,1.194077,0.3194,0.4784
1787920163.374155,0.851038,-1.416837,1.195093,0.2842,0.4784
1787920163.382957,0.851180,-1.415620,1.195288,0.2393,0.4784
1787920163.387675,0.851816,-1.414476,1.196250,0.2500,0.4784
1787920163.394691,0.851924,-1.412912,1.197249,0.2390,0.4784
1787920163.400895,0.852452,-1.411757,1.198273,0.2286,0.4784
1787920163.408914,0.852953,-1.410623,1.199610,0.2063,0.4784
1787920163.413873,0.853465,-1.409528,1.201139,0.2174,0.4784
1787920163.421177,0.853598,-1.408061,1.201535,0.2103,0.4784
1787920163.428171,0.853916,-1.406670,1.202600,0.2078,0.4784
1787920163.434844,0.854727,-1.405575,1.204543,0.2045,0.4784
1787920163.440860,0.855424,-1.404484,1.206517,0.2063,0.4784
1787920163.447423,0.855442,-1.403010,1.207410,0.2077,0.4784
1787920163.454587,0.856054,-1.401770,1.209047,0.2030,0.4612
1787920163.461190,0.856548,-1.400624,1.210598,0.1988,0.4612
1787920163.469233,0.857068,-1.399558,1.212347,0.1832,0.4612
1787920163.474901,0.857059,-1.398144,1.213100,0.1982,0.4612
1787920163.480618,0.857397,-1.396856,1.214040,0.2082,0.4612
1787920163.488900,0.857953,-1.395854,1.215731,0.1868,0.4612
1787920163.494465,0.858444,-1.394661,1.217750,0.2002,0.4612
1787920163.500947,0.858520,-1.393354,1.218058,0.1982,0.4612
1787920163.511108,0.858873,-1.391982,1.219306,0.1804,0.4612
1787920163.514278,0.858959,-1.390777,1.220092,0.2361,0.4612
1787920163.521022,0.859503,-1.389563,1.221805,0.2243,0.4612
1787920163.528071,0.859607,-1.388310,1.222657,0.2086,0.4612
1787920163.534637,0.860188,-1.387213,1.224110,0.2022,0.4612
1787920163.540933,0.860021,-1.385869,1.224534,0.1991,0.4612
1787920163.547938,0.860446,-1.384731,1.226095,0.1914,0.4612
1787920163.554212,0.860706,-1.383538,1.227052,0.1918,0.4471
1787920163.560929,0.860912,-1.382354,1.228050,0.1872,0.4471
1787920163.567693,0.861306,-1.381077,1.229601,0.1903,0.4471
1787920163.574085,0.861205,-1.379851,1.230097,0.1858,0.4471
1787920163.581269,0.861836,-1.378673,1.231562,0.1852,0.4471
1787920163.587567,0.862120,-1.377580,1.233085,0.1833,0.4471
1787920163.613718,0.862199,-1.376452,1.233606,0.1408,0.4471
1787920163.614840,0.862579,-1.375150,1.234503,0.4608,0.4471
1787920163.615831,0.862582,-1.373975,1.235430,0.6588,0.4471
1787920163.617491,0.863011,-1.373039,1.236716,0.6464,0.4471
1787920163.626667,0.863189,-1.371799,1.237729,0.4927,0.4471
1787920163.627571,0.863641,-1.370560,1.239124,0.7823,0.4471
1787920163.634687,0.863915,-1.369421,1.240325,0.5968,0.4471
1787920163.644480,0.863931,-1.368186,1.240654,0.4537,0.4471
1787920163.647554,0.864021,-1.367039,1.241413,0.4264,0.4471
1787920163.655139,0.864423,-1.365811,1.242828,0.3496,0.4309
1787920163.660862,0.864795,-1.364804,1.244008,0.3009,0.4309
1787920163.667636,0.865187,-1.363698,1.245520,0.2626,0.4309
1787920163.674288,0.865433,-1.362490,1.246448,0.2390,0.4309
1787920163.680911,0.865739,-1.361243,1.247545,0.2253,0.4309
1787920163.689111,0.865755,-1.359967,1.248357,0.2021,0.4309
1787920163.694754,0.866351,-1.358789,1.250009,0.2109,0.4309
1787920163.700800,0.866567,-1.357446,1.250926,0.2143,0.4309
1787920163.707634,0.867006,-1.356245,1.252404,0.2061,0.4309
1787920163.715616,0.867233,-1.355245,1.253330,0.1826,0.4309
1787920163.721908,0.867523,-1.354034,1.254172,0.1870,0.4309
1787920163.727786,0.867730,-1.352716,1.255043,0.1982,0.4309
1787920163.733980,0.868168,-1.351427,1.256521,0.2046,0.4309
1787920163.740987,0.868311,-1.350300,1.257228,0.1910,0.4309
1787920163.747678,0.868511,-1.349241,1.258005,0.1816,0.4309
1787920163.754946,0.869065,-1.347960,1.259521,0.1845,0.5262
1787920163.761082,0.868974,-1.346633,1.260695,0.1896,0.5262
1787920163.767552,0.869308,-1.345434,1.261676,0.1904,0.5262
1787920163.774525,0.869807,-1.344370,1.263001,0.1834,0.5262
1787920163.781353,0.870078,-1.343207,1.264406,0.1807,0.5262
1787920163.787538,0.870301,-1.341882,1.265390,0.1910,0.5262
1787920163.794494,0.870624,-1.340687,1.266548,0.1871,0.5262
1787920163.800603,0.871197,-1.339698,1.268170,0.1857,0.5262
1787920163.808239,0.871143,-1.338365,1.268497,0.1793,0.5262
1787920163.817978,0.871123,-1.336962,1.269276,0.1666,0.5262
1787920163.821197,0.871825,-1.335762,1.271017,0.2428,0.5262
1787920163.827833,0.871808,-1.334632,1.271586,0.2186,0.5262
1787920163.834735,0.872552,-1.333590,1.273664,0.2058,0.5262
1787920163.843894,0.872326,-1.332151,1.273863,0.1869,0.5262
1787920163.847803,0.872757,-1.331088,1.274769,0.2185,0.5262
1787920163.854337,0.872646,-1.329715,1.274685,0.2118,0.5146
1787920163.861066,0.872751,-1.328690,1.275060,0.1933,0.5146
1787920163.867619,0.872982,-1.327650,1.275896,0.1840,0.5146
1787920163.874324,0.873391,-1.326386,1.277267,0.1882,0.5146
1787920163.881374,0.873750,-1.325102,1.278035,0.1884,0.5146
1787920163.899021,0.873931,-1.323903,1.279282,0.1523,0.5146
1787920163.900216,0.874260,-1.322745,1.280562,0.4088,0.5146
1787920163.908361,0.874430,-1.321562,1.281386,0.3297,0.5146
1787920163.909500,0.875177,-1.320332,1.283794,0.5969,0.5146
1787920163.916180,0.875006,-1.319059,1.283935,0.4705,0.5146
1787920163.922189,0.875238,-1.317991,1.285492,0.3837,0.5146
1787920163.927698,0.875564,-1.316896,1.286644,0.3308,0.5146
1787920163.934866,0.876107,-1.315621,1.288511,0.2892,0.5146
1787920163.940950,0.876596,-1.314562,1.289980,0.2593,0.5146
1787920163.947685,0.876646,-1.313410,1.290924,0.2314,0.5146
1787920163.954783,0.876867,-1.312155,1.292176,0.2156,0.5033
1787920163.960784,0.877256,-1.311068,1.293694,0.2085,0.5033
1787920163.967613,0.877751,-1.310007,1.295400,0.1967,0.5033
1787920163.974254,0.878030,-1.308798,1.296594,0.1937,0.5033
1787920163.981119,0.877938,-1.307665,1.297424,0.1822,0.5033
1787920163.987445,0.878123,-1.306565,1.298963,0.1801,0.5033
1787920163.997274,0.878585,-1.305462,1.300235,0.1623,0.5033
1787920164.001266,0.878924,-1.304316,1.301972,0.2034,0.5033
1787920164.007722,0.878945,-1.303133,1.302996,0.1956,0.5033
1787920164.014584,0.879004,-1.301922,1.304097,0.1887,0.5033
1787920164.024835,0.879057,-1.300658,1.304915,0.1682,0.5033
1787920164.027720,0.879617,-1.299640,1.307012,0.2351,0.5033
1787920164.034296,0.879869,-1.298435,1.308102,0.2206,0.5033
1787920164.040445,0.879763,-1.297151,1.308895,0.2136,0.5033
1787920164.047963,0.880073,-1.295993,1.310453,0.1974,0.5033
1787920164.054368,0.880434,-1.294994,1.312178,0.1877,0.4857
1787920164.060779,0.880499,-1.293712,1.313497,0.1902,0.4857
1787920164.067345,0.880777,-1.292591,1.315316,0.1859,0.4857
1787920164.075136,0.880636,-1.291258,1.316166,0.1784,0.4857
1787920164.080853,0.880970,-1.290233,1.318001,0.1814,0.4857
1787920164.089245,0.881347,-1.289001,1.320163,0.1729,0.4857
1787920164.094851,0.881453,-1.288000,1.321811,0.1744,0.4857
1787920164.100723,0.881720,-1.286670,1.323193,0.1913,0.4857
1787920164.107787,0.881810,-1.285375,1.324718,0.1882,0.4857
1787920164.114902,0.882057,-1.284369,1.326256,0.1754,0.4857
1787920164.121094,0.882257,-1.283136,1.328052,0.1831,0.4857
1787920164.127377,0.882185,-1.281838,1.328315,0.1875,0.4857
1787920164.134403,0.882545,-1.280602,1.330110,0.1861,0.4857
1787920164.141548,0.882679,-1.279673,1.331570,0.1695,0.4857
1787920164.147371,0.882909,-1.278503,1.332688,0.1800,0.4857
1787920164.155205,0.883274,-1.277288,1.334061,0.1746,0.4575
1787920164.160733,0.883170,-1.276109,1.335254,0.1831,0.4575
1787920164.167602,0.883296,-1.275066,1.336445,0.1738,0.4575
1787920164.174622,0.883699,-1.273834,1.337970,0.1768,0.4575
1787920164.180843,0.883801,-1.272803,1.339178,0.1733,0.4575
1787920164.188091,0.884101,-1.271480,1.340402,0.1774,0.4575
1787920164.196454,0.884192,-1.270393,1.341428,0.1629,0.4575
1787920164.201109,0.884099,-1.269479,1.342363,0.1701,0.4575
1787920164.232516,0.884699,-1.268304,1.344301,0.1313,0.4575
1787920164.233535,0.885122,-1.267140,1.345959,0.4536,0.4575
1787920164.234398,0.885231,-1.266149,1.347194,0.6621,0.4575
1787920164.236728,0.885422,-1.265262,1.348419,0.5802,0.4575
1787920164.238024,0.885363,-1.264139,1.349292,0.6569,0.4575
1787920164.241615,0.885952,-1.263106,1.351335,0.5548,0.4575
1787920164.247604,0.886144,-1.262035,1.352304,0.4428,0.4575
1787920164.254943,0.886169,-1.261041,1.353153,0.3499,0.5563
1787920164.261992,0.886448,-1.260071,1.354424,0.2878,0.5563
1787920164.267320,0.886503,-1.258863,1.355100,0.2685,0.5563
1787920164.274106,0.886602,-1.257722,1.355717,0.2382,0.5563
1787920164.281461,0.886798,-1.256604,1.356893,0.2130,0.5563
1787920164.287518,0.886767,-1.255627,1.357671,0.1961,0.5563
1787920164.294674,0.886722,-1.254611,1.358223,0.1785,0.5563
1787920164.303483,0.886976,-1.253296,1.359612,0.1706,0.5563
1787920164.307384,0.886993,-1.252296,1.360369,0.1948,0.5563
1787920164.315078,0.887293,-1.251195,1.361545,0.1808,0.5563
1787920164.320938,0.887519,-1.250249,1.362835,0.1763,0.5563
1787920164.331641,0.887411,-1.248894,1.362697,0.1600,0.5563
1787920164.334620,0.887746,-1.247619,1.364007,0.2446,0.5563
1787920164.340950,0.887837,-1.246621,1.364916,0.2184,0.5563
1787920164.347561,0.888025,-1.245559,1.365826,0.2018,0.5563
1787920164.354531,0.888263,-1.244328,1.367155,0.1952,0.5536
1787920164.361173,0.888333,-1.243303,1.367803,0.1826,0.5536
1787920164.367790,0.888321,-1.242148,1.368302,0.1790,0.5536
1787920164.374863,0.888663,-1.241072,1.369369,0.1729,0.5536
1787920164.380908,0.888800,-1.239986,1.370289,0.1752,0.5536
1787920164.387761,0.888932,-1.238798,1.371561,0.1748,0.5536
1787920164.395751,0.889145,-1.237778,1.372930,0.1615,0.5536
1787920164.401389,0.889499,-1.236589,1.374344,0.1788,0.5536
1787920164.408002,0.889754,-1.235493,1.375734,0.1762,0.5536
1787920164.414154,0.890230,-1.234604,1.377552,0.1703,0.5536
1787920164.421240,0.889999,-1.233303,1.378115,0.1714,0.5536
1787920164.427495,0.890289,-1.232184,1.379829,0.1753,0.5536
1787920164.434782,0.890579,-1.231089,1.381171,0.1692,0.5536
1787920164.441568,0.890935,-1.230296,1.383268,0.1559,0.5536
1787920164.447302,0.891140,-1.229245,1.384607,0.1651,0.5536
1787920164.454603,0.890794,-1.228152,1.385132,0.1571,0.5368
1787920164.461168,0.890935,-1.227119,1.386319,0.1575,0.5368
1787920164.469008,0.891347,-1.226133,1.388421,0.1503,0.5368
1787920164.474689,0.891420,-1.225206,1.389619,0.1540,0.5368
1787920164.480625,0.891492,-1.223928,1.390795,0.1720,0.5368
1787920164.487932,0.891357,-1.222964,1.391789,0.1584,0.5368
1787920164.494413,0.891361,-1.221871,1.392703,0.1607,0.5368
1787920164.500825,0.891415,-1.220761,1.393690,0.1641,0.5368
1787920164.552073,0.891881,-1.219905,1.396061,0.1202,0.5303
1787920164.553256,0.891814,-1.218895,1.396850,0.3336,0.5303
1787920164.554121,0.891590,-1.217647,1.397609,0.6460,0.5303
1787920164.555947,0.891766,-1.216726,1.398655,0.6064,0.5303
1787920164.557714,0.891921,-1.215682,1.400172,0.6037,0.5303
1787920164.558605,0.891895,-1.214643,1.401296,0.7654,0.5303
1787920164.559421,0.891825,-1.213494,1.402290,0.9479,0.5303
1787920164.560315,0.891764,-1.212427,1.403206,1.0133,0.5303
1787920164.562099,0.891977,-1.211530,1.404839,0.8640,0.5303
1787920164.567575,0.891966,-1.210512,1.406251,0.6597,0.5303
1787920164.574537,0.892168,-1.209371,1.407976,0.5117,0.5303
1787920164.581477,0.892164,-1.208210,1.409321,0.4077,0.5303
1787920164.587698,0.892035,-1.207129,1.409986,0.3359,0.5303
1787920164.594785,0.892277,-1.206079,1.411787,0.2806,0.5303
1787920164.601348,0.892322,-1.205002,1.412603,0.2454,0.5303
1787920164.607620,0.892255,-1.204061,1.414043,0.2157,0.5303
1787920164.613986,0.892604,-1.202972,1.415628,0.2042,0.5303
1787920164.620771,0.892870,-1.202032,1.417473,0.1858,0.5303
1787920164.627438,0.892767,-1.200959,1.418221,0.1771,0.5303
1787920164.637456,0.892772,-1.199821,1.419420,0.1577,0.5303
1787920164.640798,0.892764,-1.198799,1.420709,0.2010,0.5303
1787920164.647784,0.892905,-1.197770,1.421953,0.1853,0.5303
1787920164.654808,0.892982,-1.196687,1.423175,0.1760,0.5032
1787920164.661679,0.893238,-1.195729,1.424746,0.1662,0.5032
1787920164.667794,0.893086,-1.194652,1.425592,0.1675,0.5032
1787920164.674786,0.892924,-1.193562,1.426431,0.1626,0.5032
1787920164.680784,0.893257,-1.192493,1.428475,0.1691,0.5032
1787920164.687735,0.893097,-1.191409,1.429360,0.1637,0.5032
1787920164.696096,0.893413,-1.190363,1.431082,0.1533,0.5032
1787920164.703212,0.893394,-1.189458,1.432541,0.1450,0.5032
1787920164.709181,0.893460,-1.188104,1.433652,0.1694,0.5032
1787920164.715592,0.893473,-1.187126,1.434734,0.1640,0.5032
1787920164.720980,0.893262,-1.185930,1.435373,0.1792,0.5032
1787920164.728485,0.893353,-1.185023,1.436636,0.1618,0.5032
1787920164.733970,0.893382,-1.183666,1.437826,0.1871,0.5032
1787920164.741075,0.893265,-1.182713,1.438817,0.1702,0.5032
1787920164.747441,0.893569,-1.181621,1.440353,0.1720,0.5032
1787920164.755816,0.893613,-1.180512,1.441855,0.1600,0.4851
1787920164.761031,0.893706,-1.179360,1.443413,0.1784,0.4851
1787920164.767534,0.893674,-1.178300,1.444717,0.1732,0.4851
1787920164.774613,0.894142,-1.177266,1.446949,0.1672,0.4851
1787920164.781183,0.893679,-1.176199,1.447306,0.1628,0.4851
1787920164.788643,0.893945,-1.175100,1.449034,0.1591,0.4851
1787920164.794792,0.893973,-1.174031,1.450290,0.1633,0.4851
1787920164.800827,0.893869,-1.172895,1.451220,0.1698,0.4851
1787920164.808057,0.893763,-1.171839,1.452398,0.1618,0.4851
1787920164.856590,0.893862,-1.170613,1.454172,0.1209,0.4718
1787920164.857828,0.893674,-1.169469,1.454943,0.3545,0.4718
1787920164.859048,0.893973,-1.168600,1.456904,0.4691,0.4718
1787920164.860780,0.893816,-1.167425,1.457675,0.5275,0.4718
1787920164.861619,0.894024,-1.166382,1.459336,0.7482,0.4718
1787920164.862420,0.893927,-1.165377,1.460226,0.8932,0.4718
1787920164.863269,0.894042,-1.164344,1.461916,0.9929,0.4718
1787920164.865041,0.894003,-1.163138,1.462909,0.8972,0.4718
1787920164.867855,0.894157,-1.162246,1.464569,0.7244,0.4718
1787920164.873935,0.894272,-1.161124,1.466084,0.5627,0.4718
1787920164.881098,0.894169,-1.159957,1.466982,0.4421,0.4718
1787920164.887948,0.894217,-1.158874,1.468318,0.3568,0.4718
1787920164.895331,0.894270,-1.157893,1.469621,0.2897,0.4718
1787920164.901388,0.894389,-1.156759,1.471167,0.2592,0.4718
1787920164.907989,0.894240,-1.155699,1.471832,0.2287,0.4718
1787920164.914355,0.894229,-1.154542,1.473074,0.2144,0.4718
1787920164.920878,0.894217,-1.153466,1.474226,0.1992,0.4718
1787920164.927835,0.894335,-1.152543,1.475751,0.1796,0.4718
1787920164.934210,0.894542,-1.151443,1.477390,0.1782,0.4718
1787920164.946392,0.894238,-1.150228,1.477946,0.1538,0.4718
1787920164.947885,0.894403,-1.149055,1.479452,0.3456,0.4718
1787920164.955842,0.894571,-1.148098,1.480815,0.2784,0.5548
1787920164.961188,0.894496,-1.146979,1.482015,0.2571,0.5548
1787920164.967499,0.894379,-1.145641,1.482979,0.2428,0.5548
1787920164.974020,0.894445,-1.144418,1.484134,0.2263,0.5548
1787920164.981477,0.894737,-1.143475,1.486040,0.1972,0.5548
1787920164.987484,0.894929,-1.142252,1.488035,0.1997,0.5548
1787920164.994410,0.894600,-1.140850,1.488332,0.1991,0.5548
1787920165.000880,0.894575,-1.139658,1.489521,0.1944,0.5548
1787920165.007244,0.895207,-1.138562,1.492105,0.1899,0.5548
1787920165.016247,0.894763,-1.137384,1.492407,0.1709,0.5548
1787920165.021101,0.894581,-1.136044,1.493370,0.2014,0.5548
1787920165.027588,0.894939,-1.134880,1.495061,0.1959,0.5548
1787920165.034291,0.894503,-1.133604,1.495142,0.1926,0.5548
1787920165.041016,0.894662,-1.132443,1.496770,0.1870,0.5548
1787920165.048475,0.894715,-1.131123,1.497709,0.1840,0.5548
1787920165.055000,0.894401,-1.129743,1.498256,0.1910,0.5396
1787920165.061177,0.894592,-1.128668,1.499649,0.1864,0.5396
1787920165.067934,0.894691,-1.127379,1.500741,0.1879,0.5396
1787920165.074694,0.894430,-1.125882,1.501327,0.1970,0.5396
1787920165.081831,0.894607,-1.124850,1.502810,0.1817,0.5396
1787920165.089404,0.894494,-1.123687,1.503753,0.1728,0.5396
1787920165.093977,0.894503,-1.122361,1.504914,0.2079,0.5396
1787920165.101274,0.894385,-1.120978,1.505853,0.2019,0.5396
1787920165.108453,0.894445,-1.119796,1.507000,0.1908,0.5396
1787920165.114243,0.894332,-1.118669,1.508318,0.1914,0.5396
1787920165.149646,0.894486,-1.117413,1.510047,0.1447,0.5396
1787920165.160234,0.894406,-1.116265,1.511092,0.1336,0.5263
1787920165.161310,0.894655,-1.115047,1.513358,0.4365,0.5263
1787920165.162269,0.894485,-1.113917,1.514703,0.6555,0.5263
1787920165.164091,0.894711,-1.112728,1.516673,0.6564,0.5263
1787920165.166662,0.894747,-1.111558,1.518277,0.5960,0.5263
1787920165.168571,0.894555,-1.110307,1.519482,0.6120,0.5263
1787920165.170401,0.894630,-1.109289,1.521241,0.5957,0.5263
1787920165.174077,0.894639,-1.108167,1.522641,0.5085,0.5263
1787920165.181204,0.894379,-1.107106,1.523710,0.4000,0.5263
1787920165.187521,0.894471,-1.105884,1.525658,0.3382,0.5263
1787920165.194452,0.894364,-1.104875,1.526939,0.2801,0.5263
1787920165.201452,0.894385,-1.103767,1.528278,0.2436,0.5263
1787920165.207733,0.894232,-1.102582,1.529723,0.2268,0.5263
1787920165.215419,0.894219,-1.101470,1.531146,0.2021,0.5263
1787920165.221048,0.894066,-1.100388,1.532236,0.1988,0.5263
1787920165.227587,0.893947,-1.099228,1.533349,0.1921,0.5263
1787920165.234506,0.893667,-1.098124,1.534200,0.1819,0.5263
1787920165.240654,0.893598,-1.096986,1.535779,0.1827,0.5263
1787920165.248046,0.893582,-1.095916,1.537220,0.1713,0.5263
1787920165.254931,0.893725,-1.094922,1.538685,0.1634,0.5057
1787920165.263604,0.893029,-1.093766,1.539206,0.1536,0.5057
1787920165.267773,0.893148,-1.092709,1.540891,0.1837,0.5057
1787920165.274420,0.893237,-1.091575,1.542143,0.1799,0.5057
1787920165.281052,0.892991,-1.090470,1.543374,0.1756,0.5057
1787920165.288593,0.892713,-1.089336,1.544618,0.1677,0.5057
1787920165.294457,0.892753,-1.088307,1.546237,0.1701,0.5057
1787920165.300874,0.892888,-1.087101,1.548376,0.1756,0.5057
1787920165.307277,0.892678,-1.085951,1.549162,0.1766,0.5057
1787920165.314754,0.892921,-1.084915,1.551525,0.1653,0.5057
1787920165.322822,0.892383,-1.083747,1.552605,0.1588,0.5057
1787920165.329162,0.892725,-1.082580,1.554472,0.1666,0.5057
1787920165.334367,0.892477,-1.081272,1.555828,0.1918,0.5057
1787920165.341876,0.892534,-1.080219,1.557770,0.1764,0.5057
1787920165.347510,0.892334,-1.079196,1.558766,0.1778,0.5057
1787920165.355411,0.892414,-1.077856,1.560754,0.1754,0.4771
1787920165.360588,0.892234,-1.076745,1.562049,0.1870,0.4771
1787920165.367500,0.892226,-1.075412,1.563667,0.1888,0.4771
1787920165.374439,0.892164,-1.074245,1.565214,0.1826,0.4771
1787920165.380761,0.892198,-1.072891,1.567182,0.1921,0.4771
1787920165.387627,0.891996,-1.071655,1.568316,0.1884,0.4771
1787920165.394575,0.891696,-1.070560,1.569555,0.1792,0.4771
1787920165.400550,0.891631,-1.069106,1.570946,0.1984,0.4771
1787920165.408060,0.891471,-1.067946,1.572100,0.1852,0.4771
1787920165.414024,0.891343,-1.066712,1.573501,0.1918,0.4771
1787920165.420992,0.891141,-1.065558,1.574770,0.1840,0.4771
1787920165.471714,0.891164,-1.064058,1.576470,0.1376,0.5728
1787920165.472982,0.891096,-1.062926,1.578122,0.3644,0.5728
1787920165.474233,0.891172,-1.061559,1.579570,0.5826,0.5728
1787920165.476032,0.890936,-1.060437,1.581299,0.5954,0.5728
1787920165.476848,0.890824,-1.059121,1.582383,0.9009,0.5728
1787920165.477674,0.890645,-1.057842,1.584119,1.0959,0.5728
1787920165.478971,0.890441,-1.056693,1.585680,1.0337,0.5728
1787920165.480563,0.890483,-1.055549,1.587344,0.9390,0.5728
1787920165.481365,0.890128,-1.054181,1.588309,1.1713,0.5728
1787920165.487918,0.890165,-1.052945,1.589776,0.8764,0.5728
1787920165.494429,0.890052,-1.051703,1.591488,0.6708,0.5728
1787920165.501462,0.889485,-1.050695,1.591962,0.5131,0.5728
1787920165.507665,0.889466,-1.049333,1.593194,0.4251,0.5728
1787920165.514494,0.889312,-1.048031,1.594649,0.3549,0.5728
1787920165.523040,0.888864,-1.047035,1.595309,0.2837,0.5728
1787920165.528379,0.888804,-1.045765,1.596649,0.2701,0.5728
1787920165.534389,0.888757,-1.044263,1.598094,0.2641,0.5728
1787920165.540569,0.888783,-1.043044,1.599722,0.2439,0.5728
1787920165.547579,0.888573,-1.042088,1.600948,0.2119,0.5728
1787920165.554142,0.887889,-1.040667,1.601391,0.2142,0.5533
1787920165.561398,0.887841,-1.039479,1.602367,0.1991,0.5533
1787920165.568045,0.887782,-1.038463,1.603557,0.1853,0.5533
1787920165.574708,0.887126,-1.037302,1.603581,0.1829,0.5533
1787920165.581289,0.887025,-1.036015,1.604958,0.1868,0.5533
1787920165.587767,0.886937,-1.034838,1.605953,0.1854,0.5533
1787920165.594251,0.887174,-1.033780,1.608051,0.1783,0.5533
1787920165.601040,0.886961,-1.032574,1.609311,0.1784,0.5533
1787920165.607527,0.886771,-1.031276,1.610560,0.1852,0.5533
1787920165.614253,0.886846,-1.030074,1.612298,0.1831,0.5533
1787920165.622352,0.886731,-1.028960,1.613968,0.1696,0.5533
1787920165.627247,0.886808,-1.027823,1.615799,0.1881,0.5533
1787920165.634766,0.886648,-1.026371,1.617352,0.1898,0.5533
1787920165.640715,0.886587,-1.025281,1.618769,0.1880,0.5533
1787920165.647955,0.886650,-1.024351,1.620774,0.1699,0.5533
1787920165.654723,0.886437,-1.022988,1.622237,0.1797,0.5391
1787920165.661674,0.886349,-1.021747,1.623805,0.1795,0.5391
1787920165.667710,0.886181,-1.020652,1.625372,0.1805,0.5391
1787920165.674823,0.886329,-1.019486,1.627317,0.1751,0.5391
1787920165.680765,0.885790,-1.018401,1.627996,0.1788,0.5391
1787920165.688571,0.885551,-1.017243,1.629420,0.1701,0.5391
1787920165.694000,0.885510,-1.016052,1.630962,0.1849,0.5391
1787920165.701828,0.885566,-1.015041,1.632749,0.1680,0.5391
1787920165.707622,0.885497,-1.013836,1.634679,0.1801,0.5391
1787920165.714016,0.884972,-1.012730,1.635496,0.1795,0.5391
1787920165.720942,0.884840,-1.011597,1.637549,0.1749,0.5391
1787920165.727989,0.885156,-1.010452,1.639878,0.1702,0.5391
1787920165.737476,0.884233,-1.009352,1.640108,0.1558,0.5391
1787920165.782871,0.884046,-1.008126,1.642071,0.1173,0.5209
1787920165.785160,0.883925,-1.006985,1.643558,0.2325,0.5209
1787920165.787272,0.883657,-1.005747,1.644983,0.3409,0.5209
1787920165.788337,0.883449,-1.004500,1.646889,0.5932,0.5209
1787920165.789329,0.883201,-1.003276,1.648466,0.7902,0.5209
1787920165.791375,0.883044,-1.002135,1.649806,0.7217,0.5209
1787920165.792388,0.882422,-1.001093,1.650750,0.8273,0.5209
1787920165.793195,0.882458,-0.999811,1.653110,1.0533,0.5209
1787920165.794401,0.882173,-0.998639,1.654643,1.0336,0.5209
1787920165.801376,0.882385,-0.997580,1.656839,0.7682,0.5209
1787920165.807592,0.881935,-0.996475,1.657900,0.5927,0.5209
1787920165.814426,0.881864,-0.995368,1.659959,0.4636,0.5209
1787920165.820962,0.881555,-0.994229,1.661259,0.3779,0.5209
1787920165.830666,0.881505,-0.993202,1.663003,0.2962,0.5209
1787920165.835536,0.881003,-0.992077,1.663845,0.2793,0.5209
1787920165.842427,0.880738,-0.990949,1.665175,0.2455,0.5209
1787920165.847839,0.880644,-0.989843,1.666935,0.2333,0.5209
1787920165.854144,0.880549,-0.988880,1.668567,0.2094,0.4930
1787920165.861353,0.880203,-0.987758,1.670008,0.1945,0.4930
1787920165.867931,0.879795,-0.986676,1.670690,0.1871,0.4930
1787920165.876389,0.879805,-0.985633,1.672478,0.1677,0.4930
1787920165.881310,0.879812,-0.984642,1.674408,0.1775,0.4930
1787920165.889985,0.879367,-0.983544,1.674942,0.1636,0.4930
1787920165.894595,0.879321,-0.982445,1.676359,0.1860,0.4930
1787920165.901115,0.878828,-0.981533,1.676932,0.1743,0.4930
1787920165.908789,0.878764,-0.980450,1.678588,0.1644,0.4930
1787920165.914526,0.879080,-0.979405,1.680490,0.1676,0.4930
1787920165.921469,0.878682,-0.978310,1.681460,0.1662,0.4930
1787920165.928495,0.878232,-0.977390,1.681979,0.1575,0.4930
1787920165.934058,0.878029,-0.976156,1.683394,0.1776,0.4930
1787920165.942779,0.878064,-0.975273,1.684985,0.1544,0.4930
1787920165.947731,0.877858,-0.974079,1.686218,0.1813,0.4930
1787920165.954290,0.877243,-0.972993,1.686994,0.1795,0.4798
1787920165.961696,0.877432,-0.971788,1.689054,0.1732,0.4798
1787920165.968462,0.877358,-0.970847,1.690831,0.1631,0.4798
1787920165.974437,0.877176,-0.969713,1.692432,0.1718,0.4798
1787920165.981072,0.876964,-0.968634,1.693435,0.1698,0.4798
1787920165.988189,0.876770,-0.967507,1.695018,0.1671,0.4798
1787920165.994642,0.876525,-0.966380,1.696345,0.1704,0.4798
1787920166.001339,0.876289,-0.965316,1.697369,0.1679,0.4798
1787920166.007715,0.875955,-0.964059,1.698775,0.1782,0.4798
1787920166.013939,0.875746,-0.962899,1.699743,0.1814,0.4798
1787920166.020960,0.875674,-0.961809,1.701603,0.1736,0.4798
1787920166.027483,0.875226,-0.960669,1.702338,0.1762,0.4798
1787920166.035848,0.875133,-0.959527,1.703764,0.1644,0.4798
1787920166.044918,0.874829,-0.958487,1.704813,0.1505,0.4798
1787920166.081562,0.874505,-0.957219,1.706008,0.1160,0.5748
1787920166.083012,0.873609,-0.956447,1.707037,0.2646,0.5748
1787920166.086500,0.873061,-0.955164,1.707550,0.3010,0.5748
1787920166.088323,0.872851,-0.954125,1.708967,0.3847,0.5748
1787920166.089282,0.872482,-0.952988,1.710210,0.6377,0.5748
1787920166.090402,0.872425,-0.951903,1.712001,0.7363,0.5748
1787920166.092405,0.872089,-0.950791,1.713095,0.6873,0.5748
1787920166.094257,0.871678,-0.949406,1.713966,0.7127,0.5748
1787920166.100916,0.871641,-0.948330,1.715827,0.5471,0.5748
1787920166.107713,0.871529,-0.947306,1.717214,0.4284,0.5748
1787920166.114597,0.871143,-0.946155,1.718100,0.3520,0.5748
1787920166.121062,0.870444,-0.944889,1.718571,0.3093,0.5748
1787920166.127881,0.870234,-0.943681,1.720007,0.2704,0.5748
1787920166.134132,0.870253,-0.942779,1.721703,0.2319,0.5748
1787920166.142200,0.869021,-0.941718,1.721810,0.2083,0.5748
1787920166.147571,0.869023,-0.940238,1.723334,0.2275,0.5748
1787920166.154489,0.868903,-0.939172,1.724287,0.2057,0.5610
1787920166.161136,0.868648,-0.938243,1.725446,0.1872,0.5610
1787920166.167512,0.868259,-0.937107,1.725862,0.1867,0.5610
1787920166.174439,0.867692,-0.935999,1.726199,0.1819,0.5610
1787920166.182639,0.867621,-0.934920,1.727533,0.1667,0.5610
1787920166.187499,0.867683,-0.933930,1.729297,0.1764,0.5610
1787920166.194904,0.867198,-0.932792,1.730423,0.1721,0.5610
1787920166.201103,0.866942,-0.931643,1.731716,0.1774,0.5610
1787920166.207395,0.865399,-0.930018,1.731191,0.2124,0.5610
1787920166.214822,0.865451,-0.929183,1.733115,0.1816,0.5610
1787920166.221194,0.865324,-0.928042,1.734758,0.1811,0.5610
1787920166.227464,0.864956,-0.926859,1.735660,0.1855,0.5610
1787920166.234539,0.864989,-0.925704,1.737823,0.1779,0.5610
1787920166.241026,0.864952,-0.924752,1.739304,0.1682,0.5610
1787920166.249226,0.865032,-0.923778,1.741029,0.1524,0.5610
1787920166.254442,0.864839,-0.922635,1.742601,0.1733,0.5459
1787920166.260931,0.864812,-0.921610,1.744312,0.1682,0.5459
1787920166.267933,0.864259,-0.920627,1.745144,0.1633,0.5459
1787920166.275664,0.863896,-0.919653,1.746355,0.1540,0.5459
1787920166.280799,0.863707,-0.918545,1.747923,0.1735,0.5459
1787920166.287946,0.863163,-0.917567,1.748574,0.1659,0.5459
1787920166.294032,0.862909,-0.916572,1.749951,0.1666,0.5459
1787920166.300570,0.862278,-0.915591,1.750507,0.1661,0.5459
1787920166.307941,0.862476,-0.914806,1.752470,0.1462,0.5459
1787920166.314289,0.862111,-0.913806,1.753612,0.1520,0.5459
1787920166.321432,0.862005,-0.912346,1.755893,0.1675,0.5459
1787920166.327826,0.861513,-0.911412,1.756823,0.1645,0.5459
1787920166.334775,0.861461,-0.910391,1.758576,0.1589,0.5459
1787920166.341755,0.861125,-0.909426,1.760071,0.1547,0.5459
1787920166.352067,0.860986,-0.908326,1.762003,0.1405,0.5276
1787920166.379185,0.860034,-0.907321,1.762224,0.1113,0.5276
1787920166.387570,0.860067,-0.906321,1.764327,0.1128,0.5276
1787920166.388684,0.860067,-0.905231,1.766180,0.3669,0.5276
1787920166.389689,0.859725,-0.904143,1.767474,0.5953,0.5276
1787920166.393015,0.858918,-0.903030,1.768247,0.5295,0.5276
1787920166.394797,0.859009,-0.902221,1.770208,0.5010,0.5276
1787920166.396877,0.858713,-0.901235,1.771927,0.4986,0.5276
1787920166.401066,0.858133,-0.900215,1.772944,0.4289,0.5276
1787920166.407422,0.857861,-0.899088,1.774199,0.3549,0.5276
1787920166.414391,0.857424,-0.898111,1.775339,0.2935,0.5276
1787920166.421542,0.857345,-0.897229,1.777289,0.2423,0.5276
1787920166.427686,0.857154,-0.896225,1.778882,0.2195,0.5276
1787920166.434117,0.856676,-0.895019,1.779805,0.2133,0.5276
1787920166.441223,0.855979,-0.893930,1.780653,0.2004,0.5276
1787920166.449391,0.855633,-0.893209,1.781962,0.1689,0.5276
1787920166.454715,0.855512,-0.891978,1.783672,0.1874,0.5117
1787920166.462354,0.854853,-0.890828,1.784344,0.1808,0.5117
1787920166.467894,0.854780,-0.889805,1.786371,0.1815,0.5117
1787920166.474850,0.854733,-0.888791,1.788346,0.1702,0.5117
1787920166.481520,0.854332,-0.887836,1.789424,0.1650,0.5117
1787920166.487521,0.853838,-0.886717,1.790390,0.1755,0.5117
1787920166.494867,0.853487,-0.885749,1.791863,0.1645,0.5117
1787920166.501390,0.852983,-0.884839,1.792717,0.1611,0.5117
1787920166.507464,0.852844,-0.883780,1.794404,0.1653,0.5117
1787920166.514712,0.852408,-0.882789,1.795983,0.1597,0.5117
1787920166.522041,0.851932,-0.881732,1.796882,0.1584,0.5117
1787920166.527966,0.851824,-0.880573,1.798416,0.1692,0.5117
1787920166.534017,0.851667,-0.879517,1.800195,0.1712,0.5117
1787920166.540895,0.850927,-0.878534,1.801074,0.1690,0.5117
1787920166.548030,0.850589,-0.877387,1.802421,0.1685,0.5117
1787920166.556608,0.850161,-0.876390,1.803504,0.1553,0.6030
1787920166.560872,0.850047,-0.875220,1.804818,0.1907,0.6030
1787920166.567315,0.849854,-0.874054,1.806706,0.1883,0.6030
1787920166.574661,0.849020,-0.873181,1.806930,0.1745,0.6030
1787920166.584711,0.848694,-0.871880,1.808188,0.1622,0.6030
1787920166.587559,0.848484,-0.870860,1.809533,0.2232,0.6030
1787920166.595634,0.848057,-0.869902,1.811061,0.1946,0.6030
1787920166.600686,0.847579,-0.868787,1.812317,0.2073,0.6030
1787920166.607607,0.847101,-0.867680,1.813438,0.1967,0.6030
1787920166.614304,0.846972,-0.866666,1.815378,0.1831,0.6030
1787920166.620968,0.846782,-0.865663,1.817009,0.1741,0.6030
1787920166.627688,0.846487,-0.864570,1.818665,0.1724,0.6030
1787920166.634356,0.845684,-0.863426,1.819063,0.1794,0.6030
1787920166.641069,0.845633,-0.862488,1.820625,0.1668,0.6030
1787920166.648921,0.845439,-0.861388,1.821879,0.1593,0.6030
1787920166.659186,0.844970,-0.860373,1.823296,0.1437,0.5793
1787920166.686839,0.844204,-0.859290,1.823159,0.1140,0.5793
1787920166.688895,0.844062,-0.858100,1.824741,0.2531,0.5793
1787920166.690808,0.843584,-0.857060,1.825827,0.3540,0.5793
1787920166.692641,0.842832,-0.856014,1.826493,0.4445,0.5793
1787920166.696306,0.842443,-0.854810,1.827835,0.4146,0.5793
1787920166.698498,0.842370,-0.853469,1.830009,0.4701,0.5793
1787920166.701685,0.842054,-0.852598,1.831597,0.4159,0.5793
1787920166.707491,0.841719,-0.851358,1.833279,0.3575,0.5793
1787920166.714863,0.841137,-0.850200,1.834560,0.3019,0.5793
1787920166.720965,0.840896,-0.849099,1.836149,0.2667,0.5793
1787920166.727718,0.840371,-0.847855,1.837497,0.2461,0.5793
1787920166.734786,0.840157,-0.846889,1.839679,0.2142,0.5793
1787920166.741243,0.839619,-0.845747,1.841094,0.2078,0.5793
1787920166.747546,0.839149,-0.844502,1.842645,0.2085,0.5793
1787920166.756612,0.839338,-0.843559,1.845504,0.1743,0.5630
1787920166.761825,0.838916,-0.842323,1.847277,0.1971,0.5630
1787920166.767849,0.838067,-0.841399,1.848518,0.1938,0.5630
1787920166.774387,0.838200,-0.840195,1.851064,0.1870,0.5630
1787920166.781139,0.837828,-0.839125,1.852901,0.1812,0.5630
1787920166.788086,0.836979,-0.838124,1.853723,0.1786,0.5630
1787920166.796449,0.836638,-0.836988,1.855708,0.1675,0.5630
1787920166.801300,0.836799,-0.835973,1.858761,0.1746,0.5630
1787920166.807785,0.836242,-0.834876,1.860127,0.1783,0.5630
1787920166.814247,0.835434,-0.834021,1.860957,0.1736,0.5630
1787920166.820959,0.835025,-0.832991,1.862679,0.1708,0.5630
1787920166.827740,0.834915,-0.832001,1.864776,0.1629,0.5630
1787920166.834465,0.834294,-0.831017,1.866025,0.1641,0.5630
1787920166.840754,0.833564,-0.830044,1.866989,0.1695,0.5630
1787920166.848540,0.833067,-0.829099,1.868050,0.1590,0.5630
1787920166.854168,0.832854,-0.827931,1.869894,0.1742,0.5431
1787920166.863617,0.832104,-0.827102,1.870466,0.1541,0.5431
1787920166.867640,0.831639,-0.826121,1.872087,0.1880,0.5431
1787920166.873886,0.830939,-0.825285,1.872909,0.1800,0.5431
1787920166.881130,0.830577,-0.824062,1.874531,0.1788,0.5431
1787920166.890283,0.830076,-0.823213,1.876197,0.1566,0.5431
1787920166.894871,0.829784,-0.822167,1.878038,0.1806,0.5431
1787920166.901886,0.829240,-0.821048,1.879550,0.1791,0.5431
1787920166.907513,0.828927,-0.820107,1.881655,0.1783,0.5431
1787920166.914666,0.828546,-0.819090,1.883252,0.1702,0.5431
1787920166.920733,0.827639,-0.818072,1.884244,0.1809,0.5431
1787920166.928306,0.826975,-0.817152,1.885820,0.1694,0.5431
1787920166.934568,0.826693,-0.815991,1.888079,0.1757,0.5431
1787920166.941078,0.826644,-0.815119,1.890585,0.1618,0.5431
1787920166.947747,0.826401,-0.813888,1.892937,0.1692,0.5431
1787920166.956514,0.825459,-0.812924,1.893727,0.1600,0.5142
1787920166.968615,0.825373,-0.811723,1.896109,0.1409,0.5142
1787920166.993197,0.825153,-0.810710,1.898377,0.1112,0.5142
1787920167.004736,0.824387,-0.809743,1.899524,0.1081,0.5142
1787920167.007310,0.823795,-0.808590,1.900725,0.2251,0.5142
1787920167.009619,0.823711,-0.807543,1.903233,0.2897,0.5142
1787920167.011505,0.823211,-0.806370,1.905305,0.4051,0.5142
1787920167.013367,0.822276,-0.805500,1.905914,0.4656,0.5142
1787920167.015327,0.821790,-0.804401,1.907604,0.5093,0.5142
1787920167.017186,0.821641,-0.803156,1.910026,0.5540,0.5142
1787920167.021600,0.821022,-0.802128,1.911404,0.4677,0.5142
1787920167.027346,0.820762,-0.801021,1.913268,0.3864,0.5142
1787920167.034360,0.819915,-0.799775,1.914655,0.3328,0.5142
1787920167.041361,0.819712,-0.798594,1.916775,0.2835,0.5142
1787920167.047596,0.819202,-0.797667,1.918886,0.2488,0.5142
1787920167.054662,0.818633,-0.796161,1.920821,0.2425,0.4813
1787920167.061010,0.818247,-0.795089,1.922915,0.2236,0.4813
1787920167.068528,0.817709,-0.794071,1.924562,0.2021,0.4813
1787920167.074961,0.817417,-0.792861,1.926520,0.1991,0.4813
1787920167.085462,0.816578,-0.791807,1.927455,0.1759,0.4813
1787920167.089934,0.815948,-0.790718,1.929081,0.2064,0.4813
1787920167.096859,0.815662,-0.789630,1.930926,0.1929,0.4813
1787920167.100946,0.815402,-0.788496,1.932906,0.2197,0.4813
1787920167.108128,0.814665,-0.787464,1.933778,0.2050,0.4813
1787920167.114506,0.814107,-0.786248,1.935364,0.2063,0.4813
1787920167.121025,0.813476,-0.785127,1.936550,0.2030,0.4813
1787920167.127994,0.813299,-0.784024,1.938606,0.1891,0.4813
1787920167.134137,0.812334,-0.783008,1.939175,0.1957,0.4813
1787920167.141093,0.812182,-0.781929,1.941496,0.1827,0.4813
1787920167.147595,0.811406,-0.781083,1.942610,0.1773,0.4813
1787920167.154449,0.811105,-0.779906,1.944275,0.1769,0.5739
1787920167.161505,0.810600,-0.778626,1.945807,0.1823,0.5739
1787920167.168102,0.809845,-0.777893,1.946519,0.1712,0.5739
1787920167.173989,0.809462,-0.776817,1.948129,0.1780,0.5739
1787920167.181531,0.808981,-0.775768,1.949195,0.1704,0.5739
1787920167.187990,0.808250,-0.774637,1.950289,0.1807,0.5739
1787920167.197245,0.807941,-0.773669,1.951982,0.1593,0.5739
1787920167.201167,0.807477,-0.772608,1.953473,0.2001,0.5739
1787920167.207440,0.806775,-0.771720,1.954882,0.1920,0.5739
1787920167.214895,0.806316,-0.770494,1.955948,0.1871,0.5739
1787920167.221374,0.806201,-0.769507,1.958178,0.1753,0.5739
1787920167.227637,0.805451,-0.768398,1.959349,0.1855,0.5739
1787920167.234483,0.804484,-0.767527,1.959874,0.1812,0.5739
1787920167.240818,0.803915,-0.766416,1.961043,0.1858,0.5739
1787920167.247530,0.803242,-0.765432,1.962285,0.1821,0.5739
1787920167.255808,0.802616,-0.764307,1.963334,0.1738,0.5590
1787920167.260763,0.802354,-0.763008,1.965238,0.2004,0.5590
1787920167.267529,0.801484,-0.762051,1.965953,0.1943,0.5590
1787920167.300613,0.801087,-0.760933,1.967263,0.1468,0.5590
1787920167.315730,0.800339,-0.759799,1.967871,0.1292,0.5590
1787920167.317620,0.799410,-0.758834,1.968380,0.2888,0.5590
1787920167.319419,0.799160,-0.757799,1.970297,0.3773,0.5590
1787920167.321167,0.798316,-0.756734,1.971309,0.4889,0.5590
1787920167.322948,0.797472,-0.755641,1.972532,0.5674,0.5590
1787920167.324678,0.797218,-0.754265,1.975377,0.6337,0.5590
1787920167.326387,0.796663,-0.753293,1.976839,0.6389,0.5590
1787920167.329414,0.795840,-0.752203,1.978316,0.5787,0.5590
1787920167.334753,0.795395,-0.750771,1.980486,0.4889,0.5590
1787920167.340869,0.794934,-0.749572,1.982260,0.4052,0.5590
1787920167.347587,0.794580,-0.748482,1.984698,0.3345,0.5590
1787920167.354996,0.793702,-0.747215,1.985909,0.2955,0.5372
1787920167.360988,0.793430,-0.745969,1.988479,0.2694,0.5372
1787920167.367857,0.792831,-0.744952,1.990705,0.2398,0.5372
1787920167.375896,0.792223,-0.743594,1.992520,0.2234,0.5372
1787920167.381190,0.791717,-0.742498,1.995099,0.2247,0.5372
1787920167.387970,0.791021,-0.741369,1.996849,0.2156,0.5372
1787920167.395017,0.790322,-0.740415,1.998417,0.2002,0.5372
1787920167.402391,0.789833,-0.739277,2.000434,0.1905,0.5372
1787920167.407476,0.789167,-0.738326,2.002117,0.2007,0.5372
1787920167.414187,0.788543,-0.737159,2.004184,0.1996,0.5372
1787920167.421515,0.787957,-0.736230,2.006029,0.1843,0.5372
1787920167.427620,0.787405,-0.735106,2.007484,0.1905,0.5372
1787920167.436009,0.786390,-0.734252,2.008300,0.1764,0.5372
1787920167.441492,0.785953,-0.733097,2.010538,0.1909,0.5372
1787920167.448540,0.785562,-0.732165,2.012435,0.1766,0.5372
1787920167.454251,0.784671,-0.731234,2.013231,0.1878,0.5080
1787920167.461263,0.783774,-0.730357,2.014311,0.1818,0.5080
1787920167.468085,0.783383,-0.729369,2.016290,0.1739,0.5080
1787920167.474160,0.782792,-0.728408,2.018068,0.1772,0.5080
1787920167.481291,0.782136,-0.727466,2.019483,0.1717,0.5080
1787920167.488059,0.781362,-0.726568,2.020278,0.1709,0.5080
1787920167.494405,0.781058,-0.725496,2.022338,0.1715,0.5080
1787920167.504439,0.780802,-0.724645,2.024568,0.1463,0.5080
1787920167.509097,0.779749,-0.723689,2.025298,0.1875,0.5080
1787920167.515338,0.779193,-0.722811,2.026811,0.1809,0.5080
1787920167.520797,0.778583,-0.721858,2.028542,0.1884,0.5080
1787920167.527575,0.778097,-0.720930,2.029734,0.1783,0.5080
1787920167.534071,0.777369,-0.720111,2.031099,0.1736,0.5080
1787920167.541531,0.776609,-0.719201,2.032145,0.1679,0.5080
1787920167.547654,0.776135,-0.718115,2.033916,0.1755,0.5080
1787920167.554450,0.775396,-0.717295,2.034797,0.1698,0.4825
1787920167.560979,0.774634,-0.716309,2.036464,0.1751,0.4825
1787920167.567538,0.774304,-0.715326,2.038758,0.1695,0.4825
1787920167.575685,0.773745,-0.714129,2.040383,0.1673,0.4825
1787920167.602305,0.773227,-0.713134,2.041759,0.1297,0.4825
1787920167.604285,0.772483,-0.712236,2.043201,0.2633,0.4825
1787920167.606050,0.772012,-0.711310,2.044902,0.3608,0.4825
1787920167.607809,0.771305,-0.710119,2.046730,0.4885,0.4825
1787920167.611104,0.770797,-0.709143,2.048336,0.4422,0.4825
1787920167.621842,0.770080,-0.708266,2.049765,0.3405,0.4825
1787920167.623603,0.769357,-0.707310,2.051927,0.4397,0.4825
1787920167.627970,0.768905,-0.705784,2.054290,0.4151,0.4825
1787920167.634179,0.768284,-0.704794,2.055526,0.3469,0.4825
1787920167.640754,0.767795,-0.703854,2.057790,0.2911,0.4825
1787920167.647623,0.767099,-0.702716,2.059234,0.2620,0.4825
1787920167.655143,0.766411,-0.701397,2.061338,0.2427,0.4613
1787920167.661461,0.766030,-0.700184,2.063276,0.2292,0.4613
1787920167.667462,0.765360,-0.699216,2.064985,0.2189,0.4613
1787920167.674438,0.765090,-0.697938,2.067713,0.2071,0.4613
1787920167.683351,0.763848,-0.696934,2.068127,0.1946,0.4613
1787920167.687413,0.763645,-0.695620,2.070663,0.2286,0.4613
1787920167.694249,0.762804,-0.694825,2.071785,0.2084,0.4613
1787920167.701707,0.762044,-0.693682,2.073083,0.2009,0.4613
1787920167.709471,0.761609,-0.692373,2.075318,0.1930,0.4613
1787920167.714746,0.761080,-0.691306,2.076814,0.2028,0.4613
1787920167.720831,0.760241,-0.690345,2.078018,0.2035,0.4613
1787920167.727782,0.759517,-0.689374,2.079541,0.1942,0.4613
1787920167.734567,0.759031,-0.688175,2.081464,0.1927,0.4613
1787920167.741491,0.758237,-0.687240,2.082425,0.1871,0.4613
1787920167.747867,0.757752,-0.686100,2.084377,0.1889,0.5176
1787920167.754504,0.757031,-0.685235,2.084706,0.1823,0.5176
1787920167.760709,0.756125,-0.684349,2.085463,0.1864,0.5176
1787920167.768173,0.755766,-0.683162,2.087689,0.1791,0.5176
1787920167.775257,0.755087,-0.682188,2.089041,0.1755,0.5176
1787920167.782137,0.754510,-0.681295,2.090362,0.1691,0.5176
1787920167.787758,0.753859,-0.680338,2.091643,0.1800,0.5176
1787920167.794376,0.753355,-0.679232,2.093152,0.1808,0.5176
1787920167.801507,0.752128,-0.678522,2.093145,0.1782,0.5176
1787920167.807692,0.751554,-0.677681,2.093986,0.1740,0.5176
1787920167.814400,0.750845,-0.676741,2.094761,0.1741,0.5176
1787920167.821076,0.750660,-0.675661,2.096457,0.1680,0.5176
1787920167.827286,0.749710,-0.674840,2.096987,0.1749,0.5176
1787920167.834800,0.748848,-0.674023,2.097680,0.1680,0.5176
1787920167.840995,0.748202,-0.672954,2.099004,0.1780,0.5176
1787920167.848141,0.747579,-0.672100,2.099595,0.1688,0.5176
1787920167.854652,0.746698,-0.671321,2.099531,0.1696,0.5055
1787920167.860718,0.745727,-0.670489,2.100103,0.1785,0.5055
1787920167.867678,0.745028,-0.669665,2.100716,0.1708,0.5055
1787920167.874492,0.744606,-0.668698,2.102524,0.1657,0.5055
1787920167.888095,0.744058,-0.667565,2.103749,0.1436,0.5055
1787920167.902102,0.743309,-0.666640,2.104548,0.1258,0.5055
1787920167.905457,0.742561,-0.665826,2.105627,0.1848,0.5055
1787920167.907589,0.742201,-0.664732,2.107437,0.2875,0.5055
1787920167.909786,0.741442,-0.663722,2.108501,0.3729,0.5055
1787920167.914489,0.740804,-0.662781,2.109640,0.3334,0.5055
1787920167.920877,0.739851,-0.661987,2.110095,0.2884,0.5055
1787920167.928394,0.739469,-0.660936,2.111804,0.2457,0.5055
1787920167.934945,0.738701,-0.660051,2.113359,0.2248,0.5055
1787920167.941326,0.738037,-0.658953,2.115220,0.2177,0.5055
1787920167.947396,0.737263,-0.658067,2.116246,0.2097,0.5055
1787920167.954445,0.736619,-0.656941,2.117774,0.2019,0.4866
1787920167.961300,0.735747,-0.656041,2.118641,0.1949,0.4866
1787920167.967756,0.735426,-0.654947,2.120795,0.1875,0.4866
1787920167.973996,0.734599,-0.653974,2.122251,0.1919,0.4866
1787920167.980929,0.733698,-0.653008,2.122962,0.1904,0.4866
1787920167.990649,0.733332,-0.651942,2.125140,0.1672,0.4866
1787920167.994840,0.732753,-0.650780,2.127348,0.2096,0.4866
1787920168.000958,0.731884,-0.650094,2.128549,0.1978,0.4866
1787920168.008042,0.730806,-0.649079,2.129172,0.1991,0.4866
1787920168.017511,0.730220,-0.648148,2.130262,0.1742,0.4866
1787920168.021483,0.729942,-0.646979,2.132827,0.2079,0.4866
1787920168.027544,0.728630,-0.646146,2.133259,0.2150,0.4866
1787920168.034762,0.727808,-0.645045,2.134336,0.2074,0.4866
1787920168.040557,0.727384,-0.644196,2.136552,0.1941,0.4866
1787920168.047723,0.726629,-0.643108,2.138090,0.1913,0.4866
1787920168.054499,0.725540,-0.642027,2.138667,0.2001,0.4730
1787920168.061434,0.725262,-0.641172,2.140104,0.1778,0.4730
1787920168.067935,0.724365,-0.640305,2.141371,0.1804,0.4730
1787920168.074058,0.723816,-0.639270,2.143344,0.1835,0.4730
1787920168.082973,0.722884,-0.638391,2.144231,0.1703,0.4730
1787920168.088842,0.722296,-0.637502,2.145949,0.1737,0.4730
1787920168.094959,0.721501,-0.636611,2.147271,0.1795,0.4730
1787920168.101338,0.721246,-0.635557,2.149784,0.1737,0.4730
1787920168.107380,0.720510,-0.634723,2.151044,0.1763,0.4730
1787920168.118902,0.719800,-0.633750,2.152148,0.1547,0.4730
1787920168.121438,0.719236,-0.632719,2.153562,0.2469,0.4730
1787920168.127950,0.718810,-0.631766,2.155359,0.2203,0.4730
1787920168.134417,0.717993,-0.631025,2.155831,0.2038,0.4730
1787920168.141111,0.717214,-0.630218,2.156996,0.1921,0.4730
1787920168.147868,0.716445,-0.629259,2.158247,0.1888,0.4730
1787920168.154742,0.715989,-0.628324,2.159662,0.1772,0.4527
1787920168.161065,0.715140,-0.627471,2.160393,0.1800,0.4527
1787920168.167642,0.714440,-0.626675,2.161569,0.1740,0.4527
1787920168.174176,0.713889,-0.625719,2.162780,0.1723,0.4527
1787920168.181425,0.713397,-0.624801,2.163917,0.1635,0.4527
1787920168.190134,0.712826,-0.623900,2.165232,0.1512,0.4527
1787920168.226357,0.711738,-0.623119,2.165598,0.1162,0.4527
1787920168.227503,0.711294,-0.622411,2.166777,0.3000,0.4527
1787920168.228415,0.710479,-0.621457,2.167589,0.6203,0.4527
1787920168.229992,0.709977,-0.620463,2.169140,0.6443,0.4527
1787920168.231566,0.709018,-0.619589,2.169523,0.6917,0.4527
1787920168.232441,0.708510,-0.618764,2.170632,0.8157,0.4527
1787920168.234651,0.707723,-0.617857,2.171973,0.7329,0.4527
1787920168.241290,0.706955,-0.616692,2.172907,0.5761,0.4527
1787920168.248801,0.706327,-0.615786,2.173945,0.4473,0.4527
1787920168.255786,0.705394,-0.615031,2.174934,0.3626,0.4786
1787920168.262249,0.704862,-0.614054,2.176168,0.3051,0.4786
1787920168.267383,0.704037,-0.613168,2.177233,0.2836,0.4786
1787920168.275732,0.703152,-0.612129,2.178121,0.2473,0.4786
1787920168.280784,0.702443,-0.611240,2.179497,0.2405,0.4786
1787920168.287504,0.701946,-0.610194,2.181374,0.2194,0.4786
1787920168.294250,0.700964,-0.609536,2.182245,0.2026,0.4786
1787920168.301329,0.700159,-0.608419,2.183539,0.2001,0.4786
1787920168.308285,0.699300,-0.607609,2.184321,0.1900,0.4786
1787920168.314916,0.698744,-0.606428,2.186285,0.1911,0.4786
1787920168.324270,0.697960,-0.605713,2.187362,0.1671,0.4786
1787920168.327698,0.697223,-0.604563,2.189012,0.2363,0.4786
1787920168.335058,0.696183,-0.603547,2.189884,0.2237,0.4786
1787920168.341306,0.695426,-0.602439,2.191034,0.2210,0.4786
1787920168.347966,0.694575,-0.601871,2.191928,0.1978,0.4786
1787920168.354673,0.693705,-0.600770,2.193139,0.2012,0.4688
1787920168.360626,0.693043,-0.599737,2.194365,0.2026,0.4688
1787920168.367788,0.692120,-0.598769,2.194674,0.1973,0.4688
1787920168.374212,0.691601,-0.597913,2.196606,0.1847,0.4688
1787920168.380912,0.690709,-0.597161,2.197343,0.1800,0.4688
1787920168.389897,0.689934,-0.596031,2.198651,0.1717,0.4688
1787920168.395322,0.689124,-0.595189,2.199130,0.1842,0.4688
1787920168.401279,0.688469,-0.594462,2.200861,0.1780,0.4688
1787920168.407731,0.687902,-0.593549,2.202605,0.1744,0.4688
1787920168.414141,0.686962,-0.592782,2.203104,0.1770,0.4688
1787920168.421337,0.685867,-0.591879,2.203860,0.1813,0.4688
1787920168.427769,0.685266,-0.591068,2.205444,0.1740,0.4688
1787920168.435193,0.684258,-0.590347,2.205942,0.1694,0.4688
1787920168.440773,0.683743,-0.589310,2.207814,0.1799,0.4688
1787920168.447917,0.683124,-0.588390,2.209460,0.1724,0.4688
1787920168.454360,0.682328,-0.587528,2.210491,0.1750,0.4479
1787920168.460850,0.681668,-0.586527,2.212306,0.1779,0.4479
1787920168.467956,0.681023,-0.585661,2.213369,0.1701,0.4479
1787920168.474167,0.680130,-0.584810,2.214696,0.1778,0.4479
1787920168.480690,0.679288,-0.584015,2.215580,0.1770,0.4479
1787920168.487598,0.678154,-0.583463,2.215976,0.1727,0.4479
1787920168.497342,0.677653,-0.582488,2.217672,0.1541,0.4479
1787920168.502170,0.676808,-0.581623,2.219104,0.1824,0.4479
1787920168.530020,0.676072,-0.580848,2.220190,0.1391,0.4479
1787920168.530973,0.675323,-0.579999,2.221297,0.4530,0.4479
1787920168.532485,0.674288,-0.579406,2.221982,0.5353,0.4479
1787920168.534343,0.673413,-0.578594,2.222654,0.5646,0.4479
1787920168.543771,0.672612,-0.577712,2.223742,0.4330,0.4479
1787920168.545739,0.671815,-0.576952,2.225070,0.4690,0.4479
1787920168.548242,0.671348,-0.575930,2.226633,0.4595,0.4479
1787920168.554249,0.669996,-0.575035,2.226927,0.3983,0.4262
1787920168.561417,0.669438,-0.574103,2.228582,0.3240,0.4262
1787920168.567961,0.669066,-0.573241,2.230743,0.2684,0.4262
1787920168.574538,0.668002,-0.572513,2.231599,0.2439,0.4262
1787920168.581162,0.666922,-0.571541,2.232209,0.2355,0.4262
1787920168.587923,0.666420,-0.570699,2.234181,0.2080,0.4262
1787920168.595736,0.665752,-0.569991,2.235490,0.1829,0.4262
1787920168.601352,0.664918,-0.569021,2.236539,0.1963,0.4262
1787920168.607692,0.663987,-0.568181,2.237078,0.1959,0.4262
1787920168.614282,0.663201,-0.567167,2.238734,0.1955,0.4262
1787920168.621171,0.662301,-0.566383,2.239751,0.1879,0.4262
1787920168.630877,0.661848,-0.565380,2.241387,0.1645,0.4262
1787920168.634732,0.660657,-0.564482,2.242049,0.2275,0.4262
1787920168.640950,0.660125,-0.563388,2.244293,0.2166,0.4262
1787920168.647977,0.659294,-0.562557,2.245486,0.2015,0.4262
1787920168.654405,0.658459,-0.561737,2.246739,0.1953,0.4010
1787920168.661012,0.657654,-0.560475,2.248976,0.2042,0.4010
1787920168.667654,0.656820,-0.559596,2.249835,0.1975,0.4010
1787920168.674305,0.656083,-0.558572,2.251576,0.1951,0.4010
1787920168.681011,0.655483,-0.557648,2.253271,0.1856,0.4010
1787920168.688564,0.654612,-0.556843,2.254405,0.1765,0.4010
1787920168.694186,0.653761,-0.555732,2.255579,0.1982,0.4010
1787920168.701357,0.652879,-0.554795,2.256633,0.1925,0.4010
1787920168.707660,0.652135,-0.553956,2.257704,0.1881,0.4010
1787920168.714036,0.651319,-0.553028,2.258860,0.1897,0.4010
1787920168.721068,0.650347,-0.552149,2.260186,0.1881,0.4010
1787920168.728282,0.649258,-0.551311,2.260882,0.1874,0.4010
1787920168.734237,0.648634,-0.550247,2.262299,0.1925,0.4010
1787920168.741440,0.647779,-0.549576,2.263216,0.1790,0.4010
1787920168.747500,0.647067,-0.548408,2.264602,0.1923,0.4010
1787920168.754767,0.646008,-0.547424,2.265556,0.1938,0.3847
1787920168.760909,0.645111,-0.546559,2.266368,0.1962,0.3847
1787920168.769159,0.644801,-0.545618,2.268199,0.1708,0.3847
1787920168.774325,0.643929,-0.544598,2.269576,0.1975,0.3847
1787920168.781033,0.642726,-0.543781,2.270170,0.2008,0.3847
1787920168.787382,0.641984,-0.542876,2.271110,0.1959,0.3847
1787920168.794559,0.641076,-0.541892,2.272460,0.1930,0.3847
1787920168.801217,0.640355,-0.541045,2.273738,0.1852,0.3847
1787920168.835760,0.639318,-0.540072,2.274190,0.1419,0.3847
1787920168.850288,0.638289,-0.539128,2.275126,0.1280,0.3847
1787920168.852121,0.637228,-0.538452,2.275380,0.2863,0.3928
1787920168.853363,0.636731,-0.537481,2.276903,0.4567,0.3928
1787920168.854137,0.635581,-0.536544,2.277788,0.8851,0.3928
1787920168.855087,0.634733,-0.535515,2.278498,1.0408,0.3928
1787920168.856820,0.633806,-0.534602,2.279338,0.9531,0.3928
1787920168.857648,0.632980,-0.533770,2.280333,1.0908,0.3928
1787920168.861091,0.631969,-0.532818,2.281036,0.8838,0.3928
1787920168.867738,0.630968,-0.531907,2.281949,0.6793,0.3928
1787920168.874497,0.630028,-0.530850,2.282850,0.5383,0.3928
1787920168.881812,0.629302,-0.529886,2.284185,0.4262,0.3928
1787920168.887918,0.628096,-0.528946,2.284850,0.3720,0.3928
1787920168.894712,0.627190,-0.527902,2.286294,0.3215,0.3928
1787920168.901859,0.626263,-0.527040,2.286631,0.2779,0.3928
1787920168.908231,0.625516,-0.525931,2.288176,0.2570,0.3928
1787920168.915089,0.624548,-0.525103,2.288795,0.2350,0.3928
1787920168.921130,0.623867,-0.523922,2.290129,0.2309,0.3928
1787920168.927617,0.622668,-0.523072,2.290657,0.2278,0.3928
1787920168.934246,0.621708,-0.522100,2.291131,0.2211,0.3928
1787920168.941233,0.620991,-0.521183,2.292050,0.2047,0.3928
1787920168.947592,0.619919,-0.520361,2.293015,0.2058,0.3928
1787920168.955871,0.618834,-0.519345,2.293673,0.1977,0.3732
1787920168.960630,0.617766,-0.518401,2.294430,0.2276,0.3732
1787920168.967681,0.617115,-0.517498,2.295866,0.2064,0.3732
1787920168.974352,0.616181,-0.516633,2.296533,0.2015,0.3732
1787920168.981000,0.614876,-0.515734,2.297161,0.2105,0.3732
1787920168.988121,0.614134,-0.514604,2.298478,0.2037,0.3732
1787920168.995060,0.613260,-0.513704,2.299317,0.1967,0.3732
1787920169.000751,0.612337,-0.512693,2.300301,0.2099,0.3732
1787920169.010175,0.611148,-0.512065,2.300308,0.1871,0.3732
1787920169.014515,0.610319,-0.510948,2.301672,0.2267,0.3732
1787920169.020978,0.609518,-0.509868,2.302576,0.2208,0.3732
1787920169.027640,0.608487,-0.509079,2.303037,0.2120,0.3732
1787920169.034488,0.607653,-0.508224,2.304501,0.2007,0.3732
1787920169.041240,0.606731,-0.507078,2.305325,0.2058,0.3732
1787920169.048007,0.605713,-0.506292,2.305763,0.2001,0.3732
1787920169.054364,0.604555,-0.505485,2.306341,0.2050,0.3645
1787920169.061196,0.603364,-0.504911,2.306568,0.1973,0.3645
1787920169.067423,0.602592,-0.503780,2.307775,0.2034,0.3645
1787920169.074933,0.601738,-0.502685,2.308757,0.1977,0.3645
1787920169.085077,0.600397,-0.502171,2.308781,0.1763,0.3645
1787920169.104538,0.599811,-0.501104,2.310345,0.1417,0.3645
1787920169.113021,0.598767,-0.500104,2.311096,0.1502,0.3645
1787920169.113905,0.597773,-0.499163,2.312150,0.5683,0.3645
1787920169.114733,0.596710,-0.498258,2.312615,0.9000,0.3645
1787920169.146280,0.595737,-0.497555,2.313543,0.6412,0.3645
1787920169.148883,0.594948,-0.496677,2.314954,0.5849,0.3645
1787920169.149847,0.593992,-0.495565,2.315487,0.8653,0.3645
1787920169.150695,0.593068,-0.494835,2.316639,1.0171,0.3526
1787920169.152855,0.591926,-0.494117,2.316630,0.8929,0.3526
1787920169.154209,0.591034,-0.493198,2.317549,0.9087,0.3526
1787920169.155085,0.590284,-0.492337,2.318589,1.0267,0.3526
1787920169.160742,0.589222,-0.491477,2.319161,0.7905,0.3526
1787920169.167828,0.588498,-0.490689,2.320267,0.5986,0.3526
1787920169.174069,0.587442,-0.489672,2.321336,0.4894,0.3526
1787920169.181316,0.586751,-0.488745,2.322815,0.3902,0.3526
1787920169.188117,0.585697,-0.487899,2.323161,0.3321,0.3526
1787920169.194537,0.584503,-0.487094,2.323685,0.2981,0.3526
1787920169.201500,0.583597,-0.486260,2.324706,0.2616,0.3526
1787920169.208592,0.582560,-0.485406,2.325433,0.2395,0.3526
1787920169.215019,0.581643,-0.484426,2.326639,0.2303,0.3526
1787920169.222023,0.580822,-0.483629,2.327418,0.2101,0.3526
1787920169.227884,0.579647,-0.482728,2.327728,0.2219,0.3526
1787920169.234405,0.579101,-0.481680,2.329160,0.2076,0.3526
1787920169.241185,0.577968,-0.480938,2.329469,0.2037,0.3526
1787920169.247909,0.576629,-0.480440,2.329268,0.1998,0.3526
1787920169.254853,0.575825,-0.479320,2.330107,0.1989,0.3370
1787920169.261656,0.574969,-0.478352,2.331275,0.1961,0.3370
1787920169.267469,0.574276,-0.477169,2.333199,0.2062,0.3370
1787920169.274611,0.573312,-0.476663,2.333688,0.1877,0.3370
1787920169.280982,0.572058,-0.475669,2.334609,0.2060,0.3370
1787920169.287941,0.571400,-0.474684,2.335734,0.1945,0.3370
1787920169.294791,0.570326,-0.473849,2.336412,0.1951,0.3370
1787920169.301084,0.569469,-0.472932,2.337788,0.1964,0.3370
1787920169.308387,0.568496,-0.471892,2.338762,0.1960,0.3370
1787920169.316581,0.567628,-0.470997,2.339983,0.1828,0.3370
1787920169.321812,0.566519,-0.469989,2.340572,0.2137,0.3370
1787920169.328173,0.566609,-0.469258,2.344454,0.1713,0.3370
1787920169.334551,0.565520,-0.468508,2.344269,0.1810,0.3370
1787920169.341980,0.564411,-0.467648,2.345140,0.1828,0.3370
1787920169.350500,0.563829,-0.466647,2.346707,0.1675,0.3370
1787920169.354768,0.562669,-0.465758,2.347358,0.2190,0.3243
1787920169.360803,0.561799,-0.464923,2.348429,0.2132,0.3243
1787920169.367889,0.560986,-0.464005,2.349623,0.2011,0.3243
1787920169.374248,0.559626,-0.463366,2.349279,0.2073,0.3243
1787920169.380964,0.558795,-0.462310,2.350175,0.2047,0.3243
1787920169.387642,0.558069,-0.461355,2.351009,0.1968,0.3243
1787920169.394218,0.556937,-0.460638,2.351264,0.1973,0.3243
1787920169.401568,0.556312,-0.459786,2.352834,0.1808,0.3243
1787920169.407978,0.555180,-0.458716,2.352963,0.1994,0.3243
1787920169.414075,0.554370,-0.457779,2.353635,0.2004,0.3243
1787920169.450715,0.553573,-0.457015,2.354608,0.1493,0.3190
1787920169.464768,0.552654,-0.456314,2.355266,0.1290,0.3190
1787920169.466529,0.551455,-0.455404,2.355463,0.3442,0.3190
1787920169.468208,0.550535,-0.454390,2.355894,0.4853,0.3190
1787920169.469868,0.549839,-0.453412,2.356958,0.5535,0.3190
1787920169.471541,0.548741,-0.452866,2.357424,0.5962,0.3190
1787920169.473230,0.547768,-0.452087,2.357750,0.6373,0.3190
1787920169.474906,0.546877,-0.450997,2.358516,0.6968,0.3190
1787920169.476564,0.546297,-0.450022,2.359981,0.6865,0.3190
1787920169.481068,0.545228,-0.449071,2.360217,0.5757,0.3190
1787920169.487612,0.544380,-0.448331,2.361234,0.4545,0.3190
1787920169.494250,0.543256,-0.447666,2.360840,0.3754,0.3190
1787920169.500982,0.542339,-0.446575,2.361548,0.3260,0.3190
1787920169.507257,0.541410,-0.445744,2.362128,0.2877,0.3190
1787920169.516202,0.540211,-0.445011,2.362377,0.2473,0.3190
1787920169.521938,0.539115,-0.444186,2.362864,0.2442,0.3190
1787920169.528551,0.538238,-0.443390,2.363768,0.2246,0.3190
1787920169.534033,0.537092,-0.442167,2.364951,0.2489,0.3190
1787920169.540967,0.536354,-0.440956,2.365944,0.2337,0.3190
1787920169.547682,0.535451,-0.440254,2.366480,0.2144,0.3190
1787920169.554578,0.534094,-0.439444,2.366576,0.2169,0.3106
1787920169.560739,0.533221,-0.438576,2.367082,0.2118,0.3106
1787920169.571053,0.532592,-0.437525,2.368463,0.1827,0.3106
1787920169.575822,0.531693,-0.436737,2.369282,0.2030,0.3106
1787920169.582891,0.530742,-0.436068,2.369837,0.1908,0.3106
1787920169.587492,0.529812,-0.435411,2.370501,0.2069,0.3106
1787920169.594731,0.528656,-0.434377,2.371153,0.2090,0.3106
1787920169.600821,0.527851,-0.433520,2.371674,0.2042,0.3106
1787920169.608513,0.526923,-0.432633,2.372328,0.1930,0.3106
1787920169.614370,0.525814,-0.432000,2.372367,0.1985,0.3106
1787920169.621208,0.524660,-0.431026,2.372797,0.2050,0.3106
1787920169.629226,0.524171,-0.430294,2.373849,0.1757,0.3106
1787920169.634800,0.522918,-0.429355,2.374355,0.2066,0.3106
1787920169.641131,0.522044,-0.428545,2.374621,0.2011,0.3106
1787920169.648301,0.521145,-0.427592,2.375563,0.1955,0.3106
1787920169.655088,0.520473,-0.426617,2.376619,0.1882,0.3039
1787920169.660899,0.519007,-0.426168,2.376381,0.2023,0.3039
1787920169.667721,0.518047,-0.425386,2.376760,0.1959,0.3039
1787920169.674994,0.517310,-0.424260,2.378349,0.1912,0.3039
1787920169.680948,0.516206,-0.423535,2.378376,0.1993,0.3039
1787920169.687771,0.515165,-0.422825,2.379035,0.1942,0.3039
1787920169.695047,0.514267,-0.422320,2.379034,0.1771,0.3039
1787920169.701285,0.513710,-0.421096,2.380707,0.1839,0.3039
1787920169.707547,0.512726,-0.420402,2.380912,0.1858,0.3039
1787920169.714685,0.511511,-0.419689,2.380918,0.1877,0.3039
1787920169.721826,0.510588,-0.418871,2.381273,0.1832,0.3039
1787920169.731137,0.509619,-0.418047,2.381741,0.1691,0.3039
1787920169.735333,0.508756,-0.417116,2.382335,0.2090,0.3039
1787920169.743885,0.507580,-0.416541,2.382431,0.1901,0.3039
1787920169.758094,0.506441,-0.415600,2.382667,0.1642,0.2943
1787920169.760186,0.505678,-0.414638,2.383951,0.2891,0.2943
1787920169.772179,0.505092,-0.413631,2.385482,0.2303,0.2943
1787920169.774257,0.503823,-0.412934,2.385529,0.3636,0.2943
1787920169.776078,0.502504,-0.412282,2.385160,0.4863,0.2943
1787920169.783036,0.501850,-0.411155,2.385938,0.3942,0.2943
1787920169.787784,0.501025,-0.410406,2.386581,0.3463,0.2943
1787920169.794613,0.499729,-0.409644,2.386708,0.3068,0.2943
1787920169.801624,0.498850,-0.408929,2.387771,0.2632,0.2943
1787920169.807806,0.498010,-0.407841,2.388607,0.2500,0.2943
1787920169.814615,0.496861,-0.407009,2.388655,0.2371,0.2943
1787920169.821067,0.495988,-0.406239,2.389694,0.2200,0.2943
1787920169.829304,0.494856,-0.405593,2.389984,0.2002,0.2943
1787920169.834172,0.493653,-0.404528,2.390141,0.2391,0.2943
1787920169.840758,0.493007,-0.403484,2.391289,0.2214,0.2943
1787920169.848442,0.492004,-0.402824,2.391326,0.2012,0.2943
1787920169.854640,0.490897,-0.402078,2.392246,0.2046,0.2820
1787920169.861884,0.490048,-0.401014,2.393022,0.1990,0.2820
1787920169.867480,0.488952,-0.400220,2.392834,0.2113,0.2820
1787920169.874301,0.488123,-0.399302,2.393587,0.2021,0.2820
1787920169.881034,0.487145,-0.398549,2.393869,0.1962,0.2820
1787920169.887827,0.485871,-0.397674,2.393738,0.2049,0.2820
1787920169.894262,0.485213,-0.396686,2.394616,0.1973,0.2820
1787920169.900883,0.484079,-0.395975,2.394984,0.1977,0.2820
1787920169.907543,0.482785,-0.395448,2.394415,0.1973,0.2820
1787920169.914452,0.481741,-0.394602,2.394902,0.1963,0.2820
1787920169.920969,0.481066,-0.393639,2.395985,0.1903,0.2820
1787920169.927645,0.480136,-0.392685,2.396833,0.1930,0.2820
1787920169.935915,0.478814,-0.392066,2.396467,0.1855,0.2820
1787920169.941211,0.477873,-0.391213,2.396822,0.2019,0.2820
1787920169.947769,0.477194,-0.390307,2.397624,0.1922,0.2820
1787920169.954700,0.476470,-0.389176,2.398902,0.1908,0.2786
1787920169.962021,0.475047,-0.388613,2.398418,0.1921,0.2786
1787920169.968432,0.473935,-0.387820,2.398573,0.1979,0.2786
1787920169.974182,0.473438,-0.386662,2.399745,0.1985,0.2786
1787920169.981658,0.472586,-0.385870,2.400736,0.1856,0.2786
1787920169.987952,0.471257,-0.384985,2.400510,0.2051,0.2786
1787920169.993997,0.469858,-0.384586,2.400559,0.2082,0.2786
1787920170.000536,0.469291,-0.383447,2.401777,0.2002,0.2786
1787920170.008019,0.468119,-0.382790,2.401957,0.1926,0.2786
1787920170.014028,0.467359,-0.381831,2.402603,0.1951,0.2786
1787920170.021503,0.466116,-0.381127,2.402478,0.1925,0.2786
1787920170.027802,0.465351,-0.380172,2.403121,0.1923,0.2786
1787920170.041490,0.464118,-0.379434,2.402951,0.1655,0.2786
1787920170.043517,0.463118,-0.378848,2.403273,0.2837,0.2786
1787920170.073945,0.462296,-0.378003,2.403932,0.2102,0.2719
1787920170.076053,0.461267,-0.376998,2.404631,0.3517,0.2719
1787920170.077825,0.459975,-0.376331,2.403977,0.4840,0.2719
1787920170.079622,0.458732,-0.375918,2.403991,0.5387,0.2719
1787920170.081352,0.457904,-0.374939,2.404248,0.5974,0.2719
1787920170.083053,0.457012,-0.373810,2.404962,0.6686,0.2719
1787920170.088305,0.455796,-0.373151,2.405226,0.5448,0.2719
1787920170.094429,0.454701,-0.372872,2.404670,0.4303,0.2719
1787920170.100804,0.453871,-0.372025,2.405236,0.3569,0.2719
1787920170.107601,0.453024,-0.371094,2.406557,0.3051,0.2719
1787920170.115012,0.451881,-0.370146,2.406579,0.2736,0.2719
1787920170.121181,0.450842,-0.369602,2.406459,0.2468,0.2719
1787920170.127375,0.449601,-0.369023,2.405956,0.2361,0.2719
1787920170.136462,0.448579,-0.368156,2.407041,0.2095,0.2719
1787920170.141527,0.447843,-0.367254,2.407672,0.2148,0.2719
1787920170.147982,0.446415,-0.366475,2.407710,0.2239,0.2719
1787920170.154283,0.445224,-0.365975,2.408135,0.2148,0.2684
1787920170.160877,0.444685,-0.364905,2.409349,0.2011,0.2684
1787920170.168570,0.443849,-0.363975,2.410019,0.1893,0.2684
1787920170.173805,0.442699,-0.363203,2.410795,0.2111,0.2684
1787920170.181761,0.441441,-0.362566,2.410264,0.1991,0.2684
1787920170.188008,0.440373,-0.361870,2.410325,0.1999,0.2684
1787920170.194539,0.439505,-0.360921,2.411331,0.1987,0.2684
1787920170.200827,0.438599,-0.360099,2.411735,0.1975,0.2684
1787920170.208030,0.437511,-0.359398,2.412187,0.1915,0.2684
1787920170.214034,0.436272,-0.358486,2.412359,0.2105,0.2684
1787920170.221050,0.435328,-0.357816,2.412727,0.1966,0.2684
1787920170.227842,0.434405,-0.356788,2.413875,0.1982,0.2684
1787920170.234054,0.433500,-0.355999,2.414526,0.1968,0.2684
1787920170.242817,0.432056,-0.355140,2.414467,0.1942,0.2684
1787920170.247731,0.430781,-0.354618,2.414558,0.2152,0.2684
1787920170.255101,0.430092,-0.353568,2.416297,0.2000,0.2608
1787920170.261950,0.428996,-0.352847,2.416424,0.1969,0.2608
1787920170.269330,0.427875,-0.351815,2.416865,0.1998,0.2608
1787920170.274469,0.426658,-0.350985,2.417407,0.2252,0.2608
1787920170.280929,0.425806,-0.350131,2.418356,0.2135,0.2608
1787920170.289067,0.424943,-0.349498,2.419065,0.1888,0.2608
1787920170.294365,0.423780,-0.348612,2.418986,0.2147,0.2608
1787920170.300828,0.422679,-0.347686,2.419916,0.2170,0.2608
1787920170.307701,0.421607,-0.346871,2.420607,0.2106,0.2608
1787920170.314457,0.420487,-0.346099,2.420908,0.2074,0.2608
1787920170.321310,0.419653,-0.345216,2.421990,0.1981,0.2608
1787920170.327696,0.418597,-0.344397,2.422636,0.2014,0.2608
1787920170.335658,0.417228,-0.343487,2.422618,0.2023,0.2608
1787920170.372380,0.416307,-0.342795,2.422926,0.1510,0.2117
1787920170.384664,0.415306,-0.341872,2.423555,0.1390,0.2117
1787920170.385947,0.414071,-0.341014,2.423519,0.4467,0.2117
1787920170.387671,0.412975,-0.340209,2.423877,0.5486,0.2117
1787920170.389412,0.411938,-0.339270,2.424079,0.6250,0.2117
1787920170.390543,0.411026,-0.338552,2.425016,0.7450,0.2117
1787920170.391963,0.409771,-0.337772,2.425122,0.8297,0.2117
1787920170.394061,0.408556,-0.336924,2.425411,0.7914,0.2117
1787920170.395892,0.407731,-0.335635,2.426550,0.7946,0.2117
1787920170.401313,0.406603,-0.335055,2.426409,0.6243,0.2117
1787920170.407547,0.405516,-0.334117,2.426878,0.5062,0.2117
1787920170.413881,0.404378,-0.333424,2.427048,0.4165,0.2117
1787920170.421080,0.403416,-0.332263,2.428241,0.3535,0.2117
1787920170.427707,0.402262,-0.331409,2.428535,0.3123,0.2117
1787920170.434587,0.401100,-0.330765,2.428417,0.2753,0.2117
1787920170.443322,0.400112,-0.329674,2.429411,0.2429,0.2117
1787920170.448272,0.398894,-0.328959,2.429434,0.2542,0.2117
1787920170.454240,0.397907,-0.327823,2.429792,0.2528,0.1999
1787920170.461038,0.396905,-0.326970,2.430617,0.2350,0.1999
1787920170.468097,0.395674,-0.326265,2.430766,0.2237,0.1999
1787920170.474683,0.394607,-0.325429,2.431056,0.2183,0.1999
1787920170.481024,0.393166,-0.324510,2.431519,0.2328,0.1999
1787920170.487819,0.392068,-0.323661,2.431482,0.2242,0.1999
1787920170.494039,0.391277,-0.322640,2.432874,0.2179,0.1999
1787920170.501220,0.390069,-0.321986,2.432887,0.2087,0.1999
1787920170.507490,0.388779,-0.320966,2.432827,0.2247,0.1999
1787920170.514476,0.387669,-0.320105,2.432897,0.2175,0.1999
1787920170.521139,0.386885,-0.318984,2.434312,0.2119,0.1999
1787920170.527811,0.385690,-0.318336,2.434314,0.2081,0.1999
1787920170.534246,0.384210,-0.317620,2.434208,0.2198,0.1999
1787920170.541862,0.383152,-0.316462,2.434481,0.2152,0.1999
1787920170.550033,0.382107,-0.315696,2.435265,0.1981,0.1999
1787920170.554723,0.381060,-0.314917,2.435639,0.2219,0.1933
1787920170.561101,0.379513,-0.314138,2.435329,0.2345,0.1933
1787920170.568067,0.378455,-0.312921,2.435807,0.2328,0.1933
1787920170.577104,0.377646,-0.311965,2.436713,0.2040,0.1933
1787920170.580871,0.376302,-0.311291,2.436776,0.2591,0.1933
1787920170.588047,0.375156,-0.310289,2.437380,0.2450,0.1933
1787920170.594098,0.374034,-0.309274,2.437915,0.2465,0.1933
1787920170.601793,0.372990,-0.308268,2.438348,0.2290,0.1933
1787920170.608020,0.371805,-0.307500,2.438715,0.2278,0.1933
1787920170.614125,0.370691,-0.306391,2.439517,0.2364,0.1933
1787920170.620846,0.369442,-0.305596,2.439058,0.2310,0.1933
1787920170.627372,0.368284,-0.304762,2.439658,0.2271,0.1933
1787920170.634545,0.367038,-0.303858,2.439884,0.2232,0.1933
1787920170.642110,0.366148,-0.302558,2.440877,0.2164,0.1933
1787920170.647759,0.364727,-0.301899,2.440596,0.2317,0.1933
1787920170.679117,0.363328,-0.301217,2.440053,0.1766,0.1892
1787920170.688574,0.362380,-0.300180,2.441141,0.1679,0.1892
1787920170.689613,0.361335,-0.299135,2.441031,0.5427,0.1892
1787920170.690581,0.360097,-0.298194,2.441370,0.8612,0.1892
1787920170.692330,0.358758,-0.297350,2.441541,0.8718,0.1892
1787920170.693359,0.357606,-0.296440,2.441558,1.0378,0.1892
1787920170.694114,0.356495,-0.295535,2.442152,1.2957,0.1892
1787920170.701146,0.355323,-0.294512,2.442658,0.9734,0.1892
1787920170.707952,0.353811,-0.293873,2.441823,0.7505,0.1892
1787920170.714158,0.352670,-0.293078,2.441891,0.5923,0.1892
1787920170.720869,0.351659,-0.292077,2.441796,0.4780,0.1892
1787920170.727587,0.350431,-0.291108,2.442069,0.4044,0.1892
1787920170.734985,0.349069,-0.290162,2.442432,0.3501,0.1892
1787920170.741674,0.347620,-0.289478,2.441485,0.3145,0.1892
1787920170.750238,0.346671,-0.288395,2.442295,0.2700,0.1892
1787920170.754752,0.345671,-0.287426,2.442855,0.2813,0.1883
1787920170.760979,0.344277,-0.286653,2.442468,0.2723,0.1883
1787920170.767859,0.342628,-0.285909,2.441650,0.2665,0.1883
1787920170.774435,0.341513,-0.284704,2.442105,0.2609,0.1883
1787920170.782674,0.340982,-0.283501,2.444028,0.2256,0.1883
1787920170.796597,0.339400,-0.282843,2.442960,0.1931,0.1883
1787920170.797680,0.338029,-0.281739,2.443212,0.6225,0.1883
1787920170.801692,0.336867,-0.280776,2.444495,0.5485,0.1883
1787920170.812035,0.336002,-0.279817,2.445054,0.4210,0.1883
1787920170.814978,0.334525,-0.278937,2.444735,0.4678,0.1883
1787920170.820983,0.333155,-0.277773,2.444893,0.4172,0.1883
1787920170.828180,0.331866,-0.277161,2.444614,0.3497,0.1883
1787920170.834451,0.330831,-0.276060,2.445135,0.3165,0.1883
1787920170.841082,0.329592,-0.275013,2.445049,0.2949,0.1883
1787920170.848144,0.328372,-0.273866,2.446067,0.2775,0.1883
1787920170.854297,0.327124,-0.273418,2.445942,0.2549,0.0904
1787920170.861226,0.326031,-0.272341,2.446636,0.2447,0.0904
1787920170.867546,0.324818,-0.271183,2.447152,0.2507,0.0904
1787920170.875340,0.323283,-0.270404,2.446643,0.2401,0.0904
1787920170.883642,0.322143,-0.269440,2.447491,0.2220,0.0904
1787920170.887966,0.320959,-0.268337,2.447933,0.2675,0.0904
1787920170.894233,0.319831,-0.267281,2.448272,0.2611,0.0904
1787920170.901967,0.318621,-0.266410,2.448722,0.2404,0.0904
1787920170.907454,0.317362,-0.265462,2.449150,0.2544,0.0904
1787920170.914810,0.316191,-0.264468,2.449342,0.2407,0.0904
1787920170.922637,0.314977,-0.263454,2.449622,0.2291,0.0904
1787920170.927636,0.313784,-0.262517,2.450267,0.2514,0.0904
1787920170.934298,0.312305,-0.261732,2.449751,0.2498,0.0904
1787920170.941287,0.310979,-0.260683,2.450278,0.2474,0.0904
1787920170.947505,0.309826,-0.259761,2.450503,0.2444,0.0904
1787920170.954990,0.308684,-0.258754,2.451182,0.2321,0.0812
1787920170.979396,0.307288,-0.257826,2.450875,0.1829,0.0812
1787920170.980441,0.306089,-0.256853,2.451244,0.5717,0.0812
1787920170.982384,0.305050,-0.255651,2.452445,0.6419,0.0812
1787920170.984162,0.303733,-0.255035,2.452515,0.6869,0.0812
1787920170.988062,0.302342,-0.253966,2.452205,0.6157,0.0812
1787920170.994024,0.301327,-0.252879,2.453118,0.5052,0.0812
1787920171.001040,0.299979,-0.251882,2.453525,0.4252,0.0812
1787920171.008048,0.298811,-0.250960,2.453908,0.3614,0.0812
1787920171.014065,0.297474,-0.249879,2.453808,0.3387,0.0812
1787920171.021042,0.296471,-0.247802,2.453752,0.3271,0.0812
1787920171.027612,0.295144,-0.246945,2.453885,0.3006,0.0812
1787920171.035416,0.293794,-0.246005,2.453321,0.2735,0.0812
1787920171.041821,0.292672,-0.244708,2.454265,0.2706,0.0812
1787920171.047738,0.291369,-0.243931,2.453752,0.2655,0.0812
1787920171.054102,0.290220,-0.242988,2.454119,0.2559,0.0830
1787920171.063071,0.289201,-0.241781,2.454423,0.2311,0.0830
1787920171.068173,0.287691,-0.241161,2.453614,0.2535,0.0830
1787920171.075890,0.286426,-0.240058,2.453889,0.2427,0.0830
1787920171.080989,0.285254,-0.239153,2.453989,0.2570,0.0830
1787920171.089411,0.284193,-0.238208,2.454059,0.2305,0.0830
1787920171.094125,0.282543,-0.237364,2.452984,0.2765,0.0830
1787920171.100945,0.281532,-0.236287,2.453421,0.2580,0.0830
1787920171.107324,0.280309,-0.235339,2.453631,0.2533,0.0830
1787920171.114549,0.279312,-0.234397,2.453963,0.2342,0.0830
1787920171.120793,0.277768,-0.233498,2.453433,0.2486,0.0830
1787920171.127685,0.277000,-0.232001,2.454419,0.2412,0.0830
1787920171.134106,0.275709,-0.231392,2.453923,0.2335,0.0830
1787920171.140730,0.274223,-0.230455,2.453147,0.2424,0.0830
1787920171.149688,0.273129,-0.229515,2.453420,0.2180,0.0830
1787920171.155258,0.271865,-0.228279,2.453510,0.2475,0.0860
1787920171.166197,0.270900,-0.227365,2.453525,0.2096,0.0860
1787920171.168172,0.269413,-0.226656,2.453323,0.3895,0.0860
1787920171.173972,0.268068,-0.225867,2.453128,0.3523,0.0860
1787920171.181056,0.266829,-0.224864,2.452524,0.3141,0.0860
1787920171.191057,0.266046,-0.223665,2.453433,0.2609,0.0860
1787920171.194162,0.264410,-0.222982,2.452470,0.3466,0.0860
1787920171.200837,0.263367,-0.221996,2.452319,0.3070,0.0860
1787920171.207930,0.262307,-0.220814,2.452756,0.2813,0.0860
1787920171.214062,0.261077,-0.219890,2.452751,0.2721,0.0860
1787920171.221311,0.259684,-0.219239,2.452009,0.2521,0.0860
1787920171.227281,0.258711,-0.217948,2.452577,0.2555,0.0860
1787920171.234374,0.257306,-0.217145,2.452090,0.2463,0.0860
1787920171.241289,0.255969,-0.216239,2.451594,0.2421,0.0860
1787920171.248654,0.254623,-0.215563,2.450817,0.2293,0.0860
1787920171.254593,0.253538,-0.214415,2.451394,0.2397,-0.0455
1787920171.262203,0.252349,-0.213362,2.451565,0.2304,-0.0455
1787920171.304328,0.250834,-0.212645,2.450990,0.1728,-0.0455
1787920171.307437,0.249997,-0.211638,2.451457,0.2451,-0.0455
1787920171.309307,0.249131,-0.210551,2.452119,0.3897,-0.0455
1787920171.311129,0.247336,-0.209985,2.450914,0.5602,-0.0455
1787920171.311993,0.246205,-0.209020,2.450746,0.9079,-0.0455
1787920171.312826,0.245280,-0.207940,2.451498,1.1399,-0.0455
1787920171.313716,0.244153,-0.206958,2.451457,1.3020,-0.0455
1787920171.315503,0.242422,-0.206295,2.450097,1.2061,-0.0455
1787920171.322745,0.241153,-0.205354,2.450532,0.9096,-0.0455
1787920171.327536,0.240206,-0.204356,2.451197,0.7223,-0.0455
1787920171.336185,0.238935,-0.203451,2.451332,0.5596,-0.0455
1787920171.342073,0.237555,-0.202325,2.451366,0.4825,-0.0455
1787920171.349197,0.236429,-0.201371,2.451715,0.3998,-0.0455
1787920171.355755,0.235453,-0.200355,2.452258,0.3439,-0.0531
1787920171.364594,0.234304,-0.199334,2.452715,0.2929,-0.0531
1787920171.369200,0.233069,-0.198273,2.453423,0.3111,-0.0531
1787920171.374438,0.231753,-0.197111,2.454080,0.3182,-0.0531
1787920171.381305,0.230651,-0.196210,2.453676,0.2849,-0.0531
1787920171.387444,0.229375,-0.195548,2.453525,0.2682,-0.0531
1787920171.395609,0.227901,-0.194390,2.452750,0.2566,-0.0531
1787920171.400625,0.226807,-0.193374,2.452920,0.2687,-0.0531
1787920171.407943,0.225775,-0.192349,2.455162,0.2475,-0.0531
1787920171.414560,0.224344,-0.191499,2.453898,0.2478,-0.0531
1787920171.420887,0.223303,-0.190253,2.454717,0.2491,-0.0531
1787920171.428420,0.222316,-0.189136,2.455368,0.2330,-0.0531
1787920171.434450,0.220699,-0.188599,2.453960,0.2422,-0.0531
1787920171.440548,0.219372,-0.187733,2.453177,0.2470,-0.0531
1787920171.447894,0.218334,-0.186442,2.452885,0.2392,-0.0531
1787920171.455503,0.217543,-0.185380,2.453743,0.2181,-0.0600
1787920171.467164,0.216295,-0.184490,2.453069,0.1920,-0.0600
1787920171.471904,0.214841,-0.183851,2.452196,0.2311,-0.0600
1787920171.475796,0.213986,-0.182715,2.451834,0.2684,-0.0600
1787920171.480636,0.212727,-0.181704,2.451815,0.2879,-0.0600
1787920171.487786,0.211516,-0.181095,2.450549,0.2570,-0.0600
1787920171.494600,0.210457,-0.179827,2.450401,0.2514,-0.0600
1787920171.501144,0.209605,-0.178727,2.450592,0.2382,-0.0600
1787920171.507938,0.208087,-0.177956,2.449356,0.2401,-0.0600
1787920171.514399,0.207033,-0.176996,2.449336,0.2342,-0.0600
1787920171.520846,0.205840,-0.176077,2.447720,0.2340,-0.0600
1787920171.527873,0.205016,-0.174929,2.447708,0.2222,-0.0600
1787920171.535138,0.203769,-0.173877,2.447108,0.2229,-0.0600
1787920171.541130,0.202549,-0.173092,2.445648,0.2281,-0.0600
1787920171.547369,0.201410,-0.172156,2.444738,0.2306,-0.0600
1787920171.555557,0.200456,-0.171065,2.445168,0.2138,-0.0446
1787920171.561105,0.198845,-0.170280,2.442566,0.2437,-0.0446
1787920171.569400,0.197746,-0.169463,2.441886,0.2200,-0.0446
1787920171.574960,0.196685,-0.168523,2.440751,0.2305,-0.0446
1787920171.580710,0.195538,-0.167695,2.440033,0.2350,-0.0446
1787920171.587857,0.193914,-0.166824,2.437673,0.2401,-0.0446
1787920171.594631,0.192680,-0.165946,2.436556,0.2349,-0.0446
1787920171.601162,0.192123,-0.164816,2.437625,0.2175,-0.0446
1787920171.608243,0.190737,-0.163932,2.435782,0.2212,-0.0446
1787920171.614115,0.189084,-0.163298,2.433922,0.2401,-0.0446
1787920171.621160,0.188092,-0.162384,2.433399,0.2255,-0.0446
1787920171.627877,0.187440,-0.161136,2.434221,0.2162,-0.0446
1787920171.635366,0.185913,-0.160528,2.432436,0.2136,-0.0446
1787920171.640996,0.184948,-0.159294,2.432502,0.2314,-0.0446
1787920171.647726,0.183935,-0.158720,2.432266,0.2129,-0.0446
1787920171.654224,0.182826,-0.157546,2.431505,0.2232,-0.1836
1787920171.660760,0.181622,-0.156742,2.431021,0.2222,-0.1836
1787920171.667964,0.180266,-0.155799,2.429768,0.2239,-0.1836
1787920171.676476,0.179129,-0.154876,2.428839,0.2083,-0.1836
1787920171.680844,0.178030,-0.153968,2.428623,0.2437,-0.1836
1787920171.687719,0.176953,-0.153107,2.427498,0.2307,-0.1836
1787920171.693982,0.175312,-0.152384,2.425470,0.2435,-0.1836
1787920171.702861,0.174148,-0.151544,2.425533,0.2188,-0.1836
1787920171.708136,0.173314,-0.150269,2.425247,0.2366,-0.1836
1787920171.716152,0.172000,-0.149597,2.424408,0.2192,-0.1836
1787920171.721093,0.170533,-0.148678,2.423502,0.2572,-0.1836
1787920171.727528,0.169560,-0.147652,2.423256,0.2457,-0.1836
1787920171.734161,0.168659,-0.146637,2.423468,0.2329,-0.1836
1787920171.741455,0.167179,-0.145750,2.422300,0.2328,-0.1836
1787920171.749475,0.166093,-0.144608,2.422809,0.2217,-0.1836
1787920171.755258,0.165166,-0.143525,2.423294,0.2284,-0.1774
1787920171.761901,0.163832,-0.142687,2.422699,0.2301,-0.1774
1787920171.769380,0.162604,-0.141712,2.422528,0.2239,-0.1774
1787920171.775185,0.161529,-0.140657,2.422093,0.2344,-0.1774
1787920171.780791,0.160365,-0.139834,2.421428,0.2400,-0.1774
1787920171.787615,0.159041,-0.138773,2.421073,0.2425,-0.1774
1787920171.794894,0.157682,-0.137991,2.419774,0.2331,-0.1774
1787920171.800783,0.156646,-0.136932,2.418966,0.2384,-0.1774
1787920171.808288,0.155487,-0.135861,2.418218,0.2299,-0.1774
1787920171.814235,0.154080,-0.135209,2.416813,0.2359,-0.1774
1787920171.821835,0.153038,-0.134031,2.415740,0.2268,-0.1774
1787920171.827967,0.151730,-0.133201,2.414926,0.2336,-0.1774
1787920171.834507,0.150460,-0.132281,2.413326,0.2351,-0.1774
1787920171.840903,0.149158,-0.131402,2.411746,0.2375,-0.1774
1787920171.847628,0.148117,-0.130296,2.410621,0.2338,-0.1774
1787920171.854629,0.146786,-0.129583,2.409095,0.2265,-0.1733
1787920171.861261,0.145274,-0.128748,2.407292,0.2346,-0.1733
1787920171.868210,0.143945,-0.127898,2.405869,0.2314,-0.1733
1787920171.876610,0.143296,-0.126514,2.405864,0.2123,-0.1733
1787920171.881431,0.142079,-0.125461,2.404635,0.2487,-0.1733
1787920171.891154,0.140601,-0.124521,2.402728,0.2274,-0.1733
1787920171.894253,0.139384,-0.123846,2.401225,0.2903,-0.1733
1787920171.901030,0.138518,-0.122413,2.401206,0.2742,-0.1733
1787920171.907671,0.137172,-0.121379,2.399863,0.2684,-0.1733
1787920171.914296,0.135796,-0.120551,2.398161,0.2591,-0.1733
1787920171.921067,0.134968,-0.119164,2.398155,0.2500,-0.1733
1787920171.927468,0.134029,-0.117990,2.397451,0.2446,-0.1733
1787920171.934438,0.132874,-0.117072,2.396582,0.2346,-0.1733
1787920171.940868,0.131296,-0.116228,2.394086,0.2450,-0.1733
1787920171.947202,0.130473,-0.115052,2.393537,0.2379,-0.1733
1787920171.954530,0.129645,-0.113648,2.393385,0.2305,-0.1487
1787920171.960741,0.127973,-0.112784,2.391151,0.2489,-0.1487
1787920171.967545,0.127064,-0.111883,2.389805,0.2306,-0.1487
1787920171.974144,0.126013,-0.110705,2.388792,0.2329,-0.1487
1787920171.984711,0.124893,-0.109653,2.387437,0.2067,-0.1487
1787920171.988828,0.123643,-0.108728,2.385791,0.2572,-0.1487
1787920171.997635,0.122257,-0.107811,2.383745,0.2358,-0.1487
1787920172.001829,0.121206,-0.106704,2.382485,0.2741,-0.1487
1787920172.010236,0.120196,-0.105638,2.381840,0.2442,-0.1487
1787920172.016280,0.119123,-0.104647,2.380197,0.2434,-0.1487
1787920172.020673,0.117767,-0.103548,2.378062,0.2892,-0.1487
1787920172.028026,0.116783,-0.102550,2.376903,0.2596,-0.1487
1787920172.034053,0.115577,-0.101583,2.375099,0.2583,-0.1487
1787920172.040773,0.114490,-0.100259,2.374116,0.2568,-0.1487
1787920172.047737,0.113026,-0.099443,2.372111,0.2495,-0.1487
1787920172.054407,0.111995,-0.098254,2.371078,0.2452,-0.1173
1787920172.061687,0.110993,-0.097069,2.370161,0.2353,-0.1173
1787920172.067743,0.109642,-0.096144,2.368452,0.2446,-0.1173
1787920172.076542,0.108486,-0.094859,2.367337,0.2300,-0.1173
1787920172.082939,0.107845,-0.093556,2.367349,0.2252,-0.1173
1787920172.087795,0.106479,-0.092693,2.365759,0.2553,-0.1173
1787920172.093915,0.105436,-0.091435,2.365152,0.2583,-0.1173
1787920172.101038,0.104212,-0.090211,2.364155,0.2537,-0.1173
1787920172.107857,0.103013,-0.089102,2.363161,0.2494,-0.1173
1787920172.114933,0.101780,-0.087925,2.362318,0.2469,-0.1173
1787920172.120945,0.100502,-0.086912,2.361368,0.2537,-0.1173
1787920172.127356,0.099579,-0.085696,2.360724,0.2483,-0.1173
1787920172.133893,0.098431,-0.084351,2.359884,0.2547,-0.1173
1787920172.141317,0.096955,-0.083519,2.358353,0.2443,-0.1173
1787920172.147526,0.096384,-0.082058,2.358350,0.2404,-0.1173
1787920172.154089,0.094713,-0.081178,2.356301,0.2507,-0.2564
1787920172.163759,0.093616,-0.079889,2.355206,0.2278,-0.2564
1787920172.168155,0.092419,-0.078861,2.354430,0.2669,-0.2564
1787920172.174351,0.091273,-0.077820,2.353337,0.2617,-0.2564
1787920172.189025,0.090138,-0.076487,2.352747,0.2188,-0.2564
1787920172.190295,0.088691,-0.075771,2.351349,0.5139,-0.2564
1787920172.194574,0.087547,-0.074710,2.350333,0.4691,-0.2564
1787920172.201116,0.086628,-0.073596,2.349364,0.3943,-0.2564
1787920172.207675,0.085422,-0.072217,2.348212,0.3597,-0.2564
1787920172.216141,0.083854,-0.071465,2.345684,0.3097,-0.2564
1787920172.221077,0.082782,-0.070240,2.344621,0.3155,-0.2564
1787920172.227413,0.081427,-0.069278,2.343508,0.2983,-0.2564
1787920172.234663,0.080289,-0.068150,2.341772,0.2751,-0.2564
1787920172.240986,0.078842,-0.067244,2.340354,0.2712,-0.2564
1787920172.248056,0.078146,-0.065920,2.340267,0.2508,-0.2564
1787920172.254707,0.076879,-0.064691,2.339893,0.2551,-0.2467
1787920172.261056,0.075736,-0.063411,2.339853,0.2596,-0.2467
1787920172.267531,0.074646,-0.062437,2.339967,0.2492,-0.2467
1787920172.274626,0.073608,-0.061428,2.339690,0.2357,-0.2467
1787920172.280828,0.072864,-0.060066,2.340158,0.2373,-0.2467
1787920172.287421,0.071560,-0.058829,2.339123,0.2479,-0.2467
1787920172.294257,0.070557,-0.057583,2.339259,0.2434,-0.2467
1787920172.300856,0.069459,-0.056477,2.338222,0.2412,-0.2467
1787920172.307473,0.068314,-0.055197,2.337113,0.2467,-0.2467
1787920172.317234,0.066803,-0.053946,2.335401,0.2326,-0.2467
1787920172.321304,0.065864,-0.052750,2.335136,0.2743,-0.2467
1787920172.327718,0.064524,-0.052081,2.333106,0.2579,-0.2467
1787920172.334143,0.063537,-0.050456,2.332598,0.2673,-0.2467
1787920172.341098,0.062202,-0.049343,2.331035,0.2616,-0.2467
1787920172.349477,0.061256,-0.048282,2.329935,0.2340,-0.2467
1787920172.354671,0.059952,-0.047194,2.328227,0.2612,-0.2409
1787920172.360741,0.058759,-0.045933,2.327122,0.2686,-0.2409
1787920172.367678,0.057436,-0.044800,2.325330,0.2629,-0.2409
1787920172.373946,0.056510,-0.043646,2.324156,0.2547,-0.2409
1787920172.380976,0.055030,-0.042638,2.321925,0.2528,-0.2409
1787920172.388892,0.054178,-0.041155,2.321033,0.2401,-0.2409
1787920172.395179,0.052897,-0.039943,2.319264,0.2520,-0.2409
1787920172.400832,0.051923,-0.038935,2.317943,0.2508,-0.2409
1787920172.407338,0.050755,-0.037737,2.316706,0.2527,-0.2409
1787920172.414628,0.050006,-0.036317,2.315704,0.2408,-0.2409
1787920172.421367,0.048621,-0.035206,2.313896,0.2466,-0.2409
1787920172.427266,0.047848,-0.034232,2.312906,0.2357,-0.2409
1787920172.434344,0.046778,-0.032806,2.311817,0.2402,-0.2409
1787920172.441674,0.045863,-0.031383,2.310958,0.2364,-0.2409
1787920172.447557,0.044777,-0.030389,2.308679,0.2403,-0.2409
1787920172.454335,0.043643,-0.029359,2.307341,0.2357,-0.2147
1787920172.460746,0.042750,-0.028146,2.305792,0.2351,-0.2147
1787920172.467533,0.041950,-0.026950,2.305002,0.2275,-0.2147
1787920172.474901,0.041059,-0.025659,2.303980,0.2226,-0.2147
1787920172.481344,0.039941,-0.024846,2.302297,0.2187,-0.2147
1787920172.488097,0.038818,-0.023378,2.301576,0.2350,-0.2147
1787920172.535391,0.038145,-0.022303,2.300610,0.1724,-0.2147
1787920172.537648,0.037029,-0.021327,2.299389,0.3162,-0.2147
1787920172.539587,0.036340,-0.020134,2.299062,0.4301,-0.2147
1787920172.540805,0.034806,-0.019085,2.296674,0.7453,-0.2147
1787920172.541614,0.034086,-0.017812,2.295592,1.0520,-0.2147
1787920172.542509,0.033409,-0.016756,2.294944,1.1517,-0.2147
1787920172.544280,0.032431,-0.015568,2.293185,1.0669,-0.2147
1787920172.545192,0.031130,-0.014508,2.290978,1.2911,-0.2147
1787920172.547118,0.030327,-0.013469,2.289594,1.1080,-0.2147
1787920172.554797,0.029347,-0.012242,2.288521,0.8369,-0.3553
1787920172.561896,0.028577,-0.011314,2.287226,0.6368,-0.3553
1787920172.567580,0.027591,-0.009984,2.286102,0.5329,-0.3553
1787920172.574079,0.026304,-0.009144,2.283920,0.4412,-0.3553
1787920172.581451,0.025419,-0.007815,2.283239,0.3733,-0.3553
1787920172.588125,0.024440,-0.006931,2.281470,0.3201,-0.3553
1787920172.595263,0.023395,-0.005575,2.280249,0.2959,-0.3553
1787920172.600781,0.022700,-0.004233,2.279717,0.2872,-0.3553
1787920172.607808,0.021723,-0.002932,2.277984,0.2703,-0.3553
1787920172.614541,0.020911,-0.001909,2.277932,0.2474,-0.3553
1787920172.624786,0.019679,-0.000803,2.275197,0.2212,-0.3553
1787920172.627528,0.018546,0.000478,2.274297,0.3419,-0.3553
1787920172.634253,0.017550,0.001842,2.273423,0.3145,-0.3553
1787920172.640967,0.016908,0.002947,2.273007,0.2764,-0.3553
1787920172.647843,0.015745,0.004113,2.271674,0.2651,-0.3553
1787920172.653920,0.014824,0.005460,2.270520,0.2657,-0.3325
1787920172.661036,0.013881,0.006781,2.269135,0.2542,-0.3325
1787920172.667688,0.012962,0.007929,2.268756,0.2442,-0.3325
1787920172.675052,0.011591,0.009017,2.267331,0.2408,-0.3325
1787920172.681083,0.010768,0.010354,2.266551,0.2459,-0.3325
1787920172.687508,0.009584,0.011632,2.265130,0.2533,-0.3325
1787920172.697328,0.008961,0.012920,2.264932,0.2198,-0.3325
1787920172.701117,0.007627,0.013877,2.263295,0.2795,-0.3325
1787920172.707413,0.007176,0.015381,2.262914,0.2646,-0.3325
1787920172.714717,0.005763,0.016764,2.260718,0.2660,-0.3325
1787920172.721126,0.005316,0.017862,2.259796,0.2392,-0.3325
1787920172.727630,0.003734,0.018711,2.257105,0.2439,-0.3325
1787920172.734560,0.002874,0.019853,2.255370,0.2326,-0.3325
1787920172.742190,0.001895,0.021181,2.254204,0.2276,-0.3325
1787920172.748752,0.001013,0.022163,2.252435,0.2196,-0.3151
1787920172.756673,0.000433,0.023445,2.251610,0.2053,-0.3151
1787920172.760819,-0.000766,0.024428,2.248995,0.2535,-0.3151
1787920172.767644,-0.001551,0.025443,2.247394,0.2338,-0.3151
1787920172.774193,-0.002456,0.026550,2.245040,0.2292,-0.3151
1787920172.780679,-0.003091,0.027351,2.243958,0.2077,-0.3151
1787920172.788258,-0.003921,0.028437,2.242117,0.1995,-0.3151
1787920172.794385,-0.004473,0.029586,2.241185,0.2005,-0.3151
1787920172.844368,-0.005223,0.030603,2.239384,0.1480,-0.3151
1787920172.846019,-0.006116,0.031387,2.237560,0.3160,-0.3151
1787920172.846988,-0.006771,0.032326,2.236107,0.5749,-0.3151
1787920172.848212,-0.007329,0.033460,2.234851,0.7057,-0.3151
1787920172.850009,-0.008054,0.034276,2.232879,0.6757,-0.3151
1787920172.850978,-0.008835,0.035253,2.230955,0.8604,-0.3151
1787920172.851825,-0.009628,0.036010,2.228743,0.9864,-0.3003
1787920172.852800,-0.010493,0.036951,2.226872,1.0821,-0.3003
1787920172.855945,-0.011160,0.038030,2.225464,0.8779,-0.3003
1787920172.861243,-0.012017,0.039108,2.222950,0.6925,-0.3003
1787920172.867187,-0.012604,0.040270,2.222141,0.5493,-0.3003
1787920172.874454,-0.013208,0.041370,2.220125,0.4358,-0.3003
1787920172.881370,-0.014104,0.042270,2.217896,0.3596,-0.3003
1787920172.887459,-0.014667,0.043727,2.216874,0.3257,-0.3003
1787920172.895632,-0.015535,0.044684,2.215015,0.2753,-0.3003
1787920172.901272,-0.016539,0.045918,2.212995,0.2772,-0.3003
1787920172.907072,-0.017341,0.047076,2.210848,0.2669,-0.3003
1787920172.915016,-0.017990,0.048385,2.209462,0.2411,-0.3003
1787920172.921580,-0.018763,0.049699,2.208282,0.2381,-0.3003
1787920172.927923,-0.019477,0.050999,2.206519,0.2362,-0.3003
1787920172.934288,-0.020607,0.051989,2.204456,0.2345,-0.3003
1787920172.940577,-0.021263,0.053447,2.203043,0.2387,-0.3003
1787920172.948092,-0.021932,0.054526,2.201286,0.2176,-0.3003
1787920172.954571,-0.023225,0.055729,2.198753,0.2326,-0.4045
1787920172.960635,-0.023695,0.057224,2.197266,0.2364,-0.4045
1787920172.967857,-0.024706,0.058405,2.194968,0.2298,-0.4045
1787920172.973981,-0.025559,0.059866,2.192696,0.2434,-0.4045
1787920172.980871,-0.026422,0.060851,2.191008,0.2271,-0.4045
1787920172.987665,-0.028816,0.061399,2.185534,0.2397,-0.4045
1787920172.994356,-0.029350,0.062735,2.184713,0.2306,-0.4045
1787920173.003238,-0.030309,0.063715,2.182167,0.2071,-0.4045
1787920173.008013,-0.031238,0.065009,2.180475,0.2450,-0.4045
1787920173.014072,-0.032105,0.066102,2.179001,0.2405,-0.4045
1787920173.022912,-0.033555,0.067014,2.175930,0.2218,-0.4045
1787920173.027562,-0.033738,0.068268,2.175778,0.2285,-0.4045
1787920173.034811,-0.034661,0.069425,2.174275,0.2211,-0.4045
1787920173.040899,-0.035202,0.070465,2.172909,0.2121,-0.4045
1787920173.047877,-0.035780,0.071574,2.172021,0.2018,-0.4045
1787920173.054704,-0.037244,0.072453,2.169339,0.2095,-0.3777
1787920173.061055,-0.037798,0.073477,2.168395,0.2013,-0.3777
1787920173.069152,-0.038649,0.074615,2.167235,0.1935,-0.3777
1787920173.074571,-0.039216,0.075858,2.166485,0.2100,-0.3777
1787920173.081362,-0.040091,0.076742,2.164864,0.2010,-0.3777
1787920173.089042,-0.040676,0.077911,2.163851,0.1914,-0.3777
1787920173.094161,-0.041933,0.078770,2.161715,0.2168,-0.3777
1787920173.110398,-0.042244,0.079971,2.160586,0.1734,-0.3777
1787920173.139529,-0.042352,0.081246,2.160328,0.1329,-0.3777
1787920173.140676,-0.043758,0.082237,2.157548,0.5125,-0.3777
1787920173.141710,-0.044449,0.083194,2.155672,0.7008,-0.3777
1787920173.143310,-0.045217,0.084208,2.154005,0.7286,-0.3777
1787920173.144708,-0.045793,0.085248,2.152238,0.7644,-0.3777
1787920173.145567,-0.046840,0.086309,2.149754,1.0450,-0.3777
1787920173.148155,-0.047537,0.087410,2.147665,0.8826,-0.3777
1787920173.154244,-0.048609,0.088379,2.144940,0.6866,-0.3589
1787920173.162936,-0.049752,0.089291,2.142143,0.5284,-0.3589
1787920173.169241,-0.050016,0.090812,2.140751,0.4376,-0.3589
1787920173.173932,-0.050739,0.091909,2.138546,0.3903,-0.3589
1787920173.181173,-0.051884,0.092888,2.135612,0.3329,-0.3589
1787920173.187374,-0.052570,0.094051,2.133873,0.2983,-0.3589
1787920173.194571,-0.053344,0.095354,2.131735,0.2720,-0.3589
1787920173.202914,-0.053832,0.096697,2.130314,0.2406,-0.3589
1787920173.208547,-0.054394,0.097784,2.128871,0.2334,-0.3589
1787920173.214244,-0.055236,0.098846,2.126651,0.2343,-0.3589
1787920173.221150,-0.055678,0.100346,2.124855,0.2295,-0.3589
1787920173.227163,-0.056261,0.101533,2.123668,0.2263,-0.3589
1787920173.234075,-0.057289,0.102563,2.120501,0.2199,-0.3589
1787920173.241984,-0.057704,0.103747,2.119408,0.2005,-0.3589
1787920173.249126,-0.058723,0.104681,2.116770,0.1960,-0.3589
1787920173.254111,-0.059016,0.106223,2.115469,0.2257,-0.3250
1787920173.261452,-0.059421,0.107308,2.114451,0.2046,-0.3250
1787920173.268069,-0.060152,0.108533,2.111924,0.2078,-0.3250
1787920173.274060,-0.061187,0.109343,2.109609,0.2069,-0.3250
1787920173.281287,-0.061892,0.110486,2.107815,0.2006,-0.3250
1787920173.287915,-0.062131,0.111729,2.106574,0.1943,-0.3250
1787920173.294020,-0.062489,0.112940,2.105474,0.1962,-0.3250
1787920173.300987,-0.063115,0.114275,2.103431,0.2005,-0.3250
1787920173.307472,-0.063539,0.115058,2.102142,0.1815,-0.3250
1787920173.314854,-0.064476,0.116014,2.099922,0.1798,-0.3250
1787920173.320823,-0.064810,0.117295,2.098791,0.1900,-0.3250
1787920173.327989,-0.065499,0.118199,2.096902,0.1802,-0.3250
1787920173.334134,-0.066032,0.119475,2.095177,0.1931,-0.3250
1787920173.341903,-0.066496,0.120603,2.094107,0.1818,-0.3250
1787920173.347507,-0.067074,0.121500,2.092188,0.1844,-0.3250
1787920173.354460,-0.067734,0.122581,2.090279,0.1836,-0.2860
1787920173.360811,-0.068693,0.123431,2.088278,0.1859,-0.2860
1787920173.367550,-0.069301,0.124504,2.086212,0.1850,-0.2860
1787920173.374557,-0.069825,0.125629,2.084675,0.1825,-0.2860
1787920173.380588,-0.070384,0.126678,2.083668,0.1869,-0.2860
1787920173.387728,-0.070860,0.127777,2.081644,0.1809,-0.2860
1787920173.395025,-0.071603,0.128862,2.079846,0.1804,-0.2860
1787920173.401100,-0.072099,0.130019,2.078694,0.1881,-0.2860
1787920173.408121,-0.073021,0.130820,2.075914,0.1807,-0.2860
1787920173.418333,-0.073288,0.132196,2.075099,0.1657,-0.2860
1787920173.437608,-0.074118,0.133223,2.073062,0.1362,-0.2860
1787920173.458616,-0.074729,0.134310,2.070843,0.1132,-0.4005
1787920173.459744,-0.075212,0.135625,2.069765,0.4475,-0.4005
1787920173.460990,-0.076120,0.136682,2.067487,0.6411,-0.4005
1787920173.462886,-0.076803,0.137900,2.065737,0.6698,-0.4005
1787920173.464483,-0.077182,0.139086,2.064754,0.6986,-0.4005
1787920173.465386,-0.077874,0.140303,2.062727,0.9541,-0.4005
1787920173.467453,-0.078696,0.141348,2.060608,0.8578,-0.4005
1787920173.474663,-0.079120,0.142633,2.058974,0.6560,-0.4005
1787920173.480549,-0.079857,0.143703,2.056956,0.5250,-0.4005
1787920173.487964,-0.080769,0.144660,2.054997,0.4189,-0.4005
1787920173.494016,-0.081148,0.146121,2.053854,0.3661,-0.4005
1787920173.500949,-0.082046,0.147185,2.051818,0.3151,-0.4005
1787920173.507405,-0.082605,0.148517,2.050458,0.2874,-0.4005
1787920173.516445,-0.082964,0.149886,2.049677,0.2470,-0.4005
1787920173.521430,-0.084316,0.150799,2.046847,0.2590,-0.4005
1787920173.527549,-0.084501,0.152281,2.046534,0.2501,-0.4005
1787920173.534490,-0.085095,0.153487,2.044962,0.2331,-0.4005
1787920173.541350,-0.085819,0.154712,2.043243,0.2253,-0.4005
1787920173.547955,-0.086315,0.156064,2.042368,0.2227,-0.4005
1787920173.554772,-0.087006,0.157139,2.041082,0.2118,-0.3709
1787920173.561288,-0.087910,0.158339,2.039885,0.2164,-0.3709
1787920173.567551,-0.088145,0.159867,2.039986,0.2218,-0.3709
1787920173.574137,-0.088960,0.160995,2.038164,0.2179,-0.3709
1787920173.581489,-0.089099,0.162548,2.037525,0.2117,-0.3709
1787920173.587603,-0.089753,0.163883,2.036230,0.2211,-0.3709
1787920173.594456,-0.090697,0.164668,2.033781,0.2040,-0.3709
1787920173.600742,-0.091434,0.166095,2.032242,0.2194,-0.3709
1787920173.607344,-0.091866,0.167299,2.030415,0.2113,-0.3709
1787920173.614598,-0.092505,0.168243,2.028473,0.1946,-0.3709
1787920173.622012,-0.093178,0.169601,2.027066,0.1976,-0.3709
1787920173.627535,-0.094247,0.170481,2.024204,0.2067,-0.3709
1787920173.634199,-0.094772,0.171539,2.022408,0.1979,-0.3709
1787920173.640591,-0.095268,0.172737,2.021076,0.1993,-0.3709
1787920173.648700,-0.095900,0.173640,2.019200,0.1797,-0.3709
1787920173.653970,-0.096472,0.174592,2.017142,0.1887,-0.3541
1787920173.661343,-0.096752,0.175905,2.015901,0.1852,-0.3541
1787920173.667391,-0.097397,0.176665,2.013988,0.1775,-0.3541
1787920173.674634,-0.098002,0.177694,2.011931,0.1734,-0.3541
1787920173.680678,-0.098410,0.178822,2.011428,0.1807,-0.3541
1787920173.688144,-0.098845,0.179717,2.009922,0.1665,-0.3541
1787920173.694038,-0.098903,0.180952,2.009038,0.1747,-0.3541
1787920173.700785,-0.099488,0.181898,2.007508,0.1714,-0.3541
1787920173.707853,-0.099403,0.183148,2.006991,0.1665,-0.3541
1787920173.714295,-0.100459,0.183701,2.004295,0.1606,-0.3541
1787920173.766232,-0.100831,0.184990,2.002607,0.1201,-0.3340
1787920173.767624,-0.101257,0.186008,2.001601,0.3218,-0.3340
1787920173.768654,-0.101402,0.187034,2.000495,0.5144,-0.3340
1787920173.770512,-0.101731,0.187962,1.999320,0.5184,-0.3340
1787920173.772161,-0.102280,0.189182,1.997589,0.6064,-0.3340
1787920173.773439,-0.102549,0.190146,1.996346,0.6565,-0.3340
1787920173.774244,-0.103036,0.191110,1.994808,0.8617,-0.3340
1787920173.775057,-0.103696,0.192076,1.992677,1.0279,-0.3340
1787920173.776515,-0.103957,0.193048,1.991648,0.9240,-0.3340
1787920173.780730,-0.104623,0.194165,1.989609,0.7387,-0.3340
1787920173.787652,-0.104663,0.195356,1.988962,0.5650,-0.3340
1787920173.794688,-0.104892,0.196393,1.987964,0.4399,-0.3340
1787920173.800941,-0.105806,0.197156,1.985874,0.3591,-0.3340
1787920173.807746,-0.106198,0.198168,1.984715,0.2991,-0.3340
1787920173.814231,-0.106893,0.199091,1.982650,0.2614,-0.3340
1787920173.822263,-0.107080,0.200077,1.982110,0.2196,-0.3340
1787920173.827684,-0.107527,0.201037,1.980880,0.2122,-0.3340
1787920173.834076,-0.107676,0.202007,1.979862,0.1931,-0.3340
1787920173.840807,-0.107693,0.203064,1.979495,0.1787,-0.3340
1787920173.847477,-0.108233,0.203870,1.977835,0.1680,-0.3340
1787920173.854203,-0.109187,0.204309,1.975727,0.1524,-0.3021
1787920173.861114,-0.109326,0.205305,1.974838,0.1488,-0.3021
1787920173.867716,-0.109805,0.206019,1.973589,0.1425,-0.3021
1787920173.874033,-0.110313,0.206913,1.972673,0.1483,-0.3021
1787920173.880981,-0.110390,0.207839,1.971870,0.1419,-0.3021
1787920173.887800,-0.110978,0.208625,1.970187,0.1412,-0.3021
1787920173.894076,-0.111183,0.209603,1.969125,0.1458,-0.3021
1787920173.900948,-0.111559,0.210424,1.968178,0.1415,-0.3021
1787920173.907201,-0.112472,0.211208,1.965950,0.1506,-0.3021
1787920173.915149,-0.112440,0.212004,1.965754,0.1327,-0.3021
1787920173.921317,-0.112820,0.212830,1.964768,0.1370,-0.3021
1787920173.929239,-0.113202,0.213733,1.963755,0.1331,-0.3021
1787920173.934378,-0.113308,0.214613,1.963236,0.1430,-0.3021
1787920173.940686,-0.113783,0.215483,1.961811,0.1469,-0.3021
1787920173.947654,-0.114126,0.216288,1.960409,0.1405,-0.3021
1787920173.955649,-0.114403,0.217130,1.959519,0.1315,-0.2878
1787920173.960576,-0.115019,0.217798,1.957755,0.1439,-0.2878
1787920173.968030,-0.115608,0.218502,1.955535,0.1359,-0.2878
1787920173.974099,-0.115586,0.219323,1.955248,0.1324,-0.2878
1787920173.980779,-0.115958,0.220180,1.954047,0.1346,-0.2878
1787920173.988787,-0.116089,0.221021,1.953464,0.1253,-0.2878
1787920173.994056,-0.116095,0.221958,1.952584,0.1373,-0.2878
1787920174.000856,-0.116404,0.222703,1.951867,0.1317,-0.2878
1787920174.008014,-0.116729,0.223460,1.950904,0.1267,-0.2878
1787920174.014136,-0.117670,0.224229,1.948472,0.1407,-0.2878
1787920174.021986,-0.117896,0.225047,1.947638,0.1308,-0.2878
1787920174.032177,-0.118173,0.225860,1.946819,0.1168,-0.2878
1787920174.058353,-0.118467,0.226785,1.945341,0.0928,-0.2752
1787920174.062825,-0.118425,0.227633,1.945666,0.1169,-0.2752
1787920174.063814,-0.119104,0.228412,1.943240,0.3769,-0.2752
1787920174.064612,-0.119059,0.229339,1.943289,0.5822,-0.2752
1787920174.066684,-0.119326,0.230009,1.942158,0.5120,-0.2752
1787920174.068523,-0.119716,0.230821,1.941433,0.5050,-0.2752
1787920174.074766,-0.120496,0.231471,1.939803,0.3961,-0.2752
1787920174.080730,-0.120712,0.232177,1.939363,0.3144,-0.2752
1787920174.087528,-0.120948,0.233082,1.938224,0.2610,-0.2752
1787920174.094574,-0.121135,0.233901,1.937849,0.2181,-0.2752
1787920174.101034,-0.121425,0.234805,1.937007,0.1967,-0.2752
1787920174.107480,-0.121204,0.235850,1.937312,0.1794,-0.2752
1787920174.115381,-0.121606,0.236472,1.936232,0.1531,-0.2752
1787920174.120544,-0.121929,0.237243,1.935343,0.1557,-0.2752
1787920174.129647,-0.121938,0.238052,1.935043,0.1340,-0.2752
1787920174.134793,-0.122476,0.238689,1.933648,0.1397,-0.2752
1787920174.140721,-0.122813,0.239213,1.932751,0.1286,-0.2752
1787920174.173066,-0.123099,0.239890,1.931962,0.0968,-0.2552
1787920174.175194,-0.123378,0.240673,1.930777,0.1850,-0.2552
1787920174.177047,-0.123655,0.241341,1.930029,0.2466,-0.2552
1787920174.177948,-0.124211,0.242157,1.928084,0.4921,-0.2552
1787920174.178798,-0.124244,0.242826,1.927246,0.5695,-0.2552
1787920174.182355,-0.124191,0.243678,1.927427,0.4644,-0.2552
1787920174.187588,-0.124523,0.244375,1.926473,0.3692,-0.2552
1787920174.193959,-0.124483,0.245147,1.926200,0.2918,-0.2552
1787920174.201290,-0.124808,0.245821,1.925481,0.2348,-0.2552
1787920174.207770,-0.124999,0.246525,1.924830,0.1980,-0.2552
1787920174.214561,-0.125575,0.247160,1.923727,0.1737,-0.2552
1787920174.221757,-0.126029,0.248017,1.922988,0.1617,-0.2552
1787920174.232879,-0.125971,0.248866,1.922299,0.1341,-0.2552
1787920174.239015,-0.126459,0.249601,1.921268,0.1358,-0.2552
1787920174.251887,-0.126815,0.250231,1.920479,0.1117,-0.2441
1787920174.253016,-0.127048,0.250994,1.920028,0.2902,-0.2441
1787920174.254909,-0.127146,0.251752,1.919179,0.3214,-0.2441
1787920174.262959,-0.127270,0.252405,1.918907,0.2494,-0.2441
1787920174.269103,-0.127559,0.252965,1.917837,0.2051,-0.2441
1787920174.277327,-0.127843,0.253771,1.916977,0.1747,-0.2441
1787920174.285006,-0.128139,0.254396,1.916165,0.1492,-0.2441
1787920174.293646,-0.128144,0.255012,1.916099,0.1246,-0.2441
1787920174.295806,-0.128663,0.255679,1.914811,0.1988,-0.2441
1787920174.301537,-0.129087,0.256276,1.913499,0.1760,-0.2441
1787920174.320782,-0.129165,0.256964,1.913010,0.1337,-0.2441
1787920174.321847,-0.129428,0.257699,1.912692,0.3132,-0.2441
1787920174.322705,-0.129689,0.258310,1.911888,0.4514,-0.2441
1787920174.328828,-0.129886,0.259012,1.911359,0.3516,-0.2441
1787920174.354921,-0.129653,0.259674,1.911608,0.2524,-0.2337
1787920174.356082,-0.130212,0.260143,1.910345,0.3390,-0.2337
1787920174.379682,-0.130568,0.260991,1.909681,0.2489,-0.2337
1787920174.381740,-0.130526,0.261675,1.909729,0.2663,-0.2337
1787920174.382716,-0.130555,0.262305,1.909385,0.3719,-0.2337
1787920174.383564,-0.130621,0.263043,1.908993,0.5144,-0.2337
1787920174.385117,-0.130897,0.263740,1.908064,0.5048,-0.2337
1787920174.386684,-0.131194,0.264536,1.907159,0.5160,-0.2337
1787920174.387792,-0.131418,0.265117,1.906690,0.5296,-0.2337
1787920174.394610,-0.131860,0.265762,1.905766,0.4040,-0.2337
1787920174.400694,-0.132102,0.266234,1.905158,0.3086,-0.2337
1787920174.407594,-0.131940,0.266940,1.905487,0.2427,-0.2337
1787920174.414837,-0.132484,0.267599,1.904057,0.2031,-0.2337
1787920174.421026,-0.132788,0.268239,1.903302,0.1763,-0.2337
1787920174.427249,-0.132781,0.268859,1.903148,0.1516,-0.2337
1787920174.435132,-0.132851,0.269457,1.902931,0.1285,-0.2337
1787920174.442103,-0.133207,0.269939,1.901780,0.1145,-0.2337
1787920174.447699,-0.133395,0.270579,1.901447,0.1159,-0.2337
1787920174.454127,-0.133435,0.271243,1.901063,0.1110,-0.2169
1787920174.461152,-0.133408,0.271859,1.900917,0.1023,-0.2169
1787920174.467801,-0.133717,0.272335,1.900253,0.0964,-0.2169
1787920174.474205,-0.134045,0.273013,1.899094,0.1025,-0.2169
1787920174.480905,-0.134231,0.273542,1.898413,0.0968,-0.2169
1787920174.487686,-0.134176,0.274002,1.898662,0.0863,-0.2169
1787920174.493995,-0.134539,0.274516,1.898031,0.0891,-0.2169
1787920174.500967,-0.134560,0.275176,1.897616,0.0896,-0.2169
1787920174.508146,-0.134735,0.275700,1.897199,0.0858,-0.2169
1787920174.514769,-0.134717,0.276294,1.896884,0.0853,-0.2169
1787920174.520683,-0.135058,0.276715,1.895892,0.0855,-0.2169
1787920174.527711,-0.135057,0.277318,1.895531,0.0842,-0.2169
1787920174.534091,-0.135359,0.277842,1.894945,0.0868,-0.2169
1787920174.543645,-0.135503,0.278332,1.894324,0.0768,-0.2169
1787920174.547298,-0.135633,0.278804,1.893961,0.0939,-0.2169
1787920174.555404,-0.135740,0.279333,1.893714,0.0856,-0.2043
1787920174.561755,-0.135613,0.280000,1.893508,0.0878,-0.2043
1787920174.570117,-0.135702,0.280579,1.893593,0.0822,-0.2043
1787920174.574411,-0.136247,0.280979,1.892793,0.0961,-0.2043
1787920174.580852,-0.136326,0.281635,1.892265,0.0974,-0.2043
1787920174.588939,-0.136396,0.282158,1.892106,0.0874,-0.2043
1787920174.594007,-0.136735,0.282644,1.891273,0.0949,-0.2043
1787920174.600733,-0.136915,0.283166,1.890698,0.0910,-0.2043
1787920174.607827,-0.137037,0.283737,1.890334,0.0882,-0.2043
1787920174.614058,-0.137191,0.284277,1.890277,0.0888,-0.2043
1787920174.620994,-0.137543,0.284933,1.889158,0.0938,-0.2043
1787920174.627592,-0.137645,0.285455,1.888754,0.0897,-0.2043
1787920174.636012,-0.137838,0.285868,1.888283,0.0789,-0.2043
1787920174.646412,-0.138212,0.286373,1.887412,0.0725,-0.2043
1787920174.672757,-0.137919,0.286847,1.887665,0.0548,-0.1994
1787920174.685487,-0.138171,0.287389,1.887179,0.0524,-0.1994
1787920174.686425,-0.138062,0.287902,1.887303,0.1815,-0.1994
1787920174.687275,-0.138421,0.288416,1.886260,0.3388,-0.1994
1787920174.688915,-0.138661,0.288917,1.885541,0.3379,-0.1994
1787920174.690124,-0.139265,0.289352,1.884199,0.3854,-0.1994
1787920174.691110,-0.139166,0.289918,1.884018,0.4243,-0.1994
1787920174.694584,-0.139341,0.290316,1.883730,0.3344,-0.1994
1787920174.701134,-0.139647,0.290875,1.882950,0.2627,-0.1994
1787920174.707463,-0.139628,0.291311,1.883144,0.2033,-0.1994
1787920174.714536,-0.139735,0.291935,1.882912,0.1689,-0.1994
1787920174.721092,-0.139996,0.292430,1.882170,0.1434,-0.1994
1787920174.728492,-0.140317,0.292901,1.881649,0.1226,-0.1994
1787920174.734479,-0.140314,0.293300,1.881695,0.1048,-0.1994
1787920174.740870,-0.140552,0.293788,1.881434,0.0986,-0.1994
1787920174.748469,-0.140067,0.294532,1.882054,0.0911,-0.1994
1787920174.755148,-0.140458,0.295075,1.881152,0.0924,-0.1883
1787920174.760868,-0.140228,0.295670,1.881235,0.0907,-0.1883
1787920174.767828,-0.140522,0.296215,1.880726,0.0897,-0.1883
1787920174.775110,-0.140848,0.296485,1.879923,0.0775,-0.1883
1787920174.780644,-0.141102,0.297096,1.879645,0.0900,-0.1883
1787920174.787941,-0.141392,0.297585,1.879124,0.0857,-0.1883
1787920174.794350,-0.141574,0.298199,1.878346,0.0900,-0.1883
1787920174.801222,-0.141567,0.298833,1.878495,0.0893,-0.1883
1787920174.809054,-0.141762,0.299318,1.877966,0.0825,-0.1883
1787920174.814850,-0.142226,0.299822,1.876994,0.0898,-0.1883
1787920174.821347,-0.142429,0.300273,1.876298,0.0856,-0.1883
1787920174.828039,-0.142531,0.300742,1.876470,0.0813,-0.1883
1787920174.833988,-0.142485,0.301422,1.876078,0.0890,-0.1883
1787920174.841332,-0.142911,0.302012,1.874785,0.0905,-0.1883
1787920174.847749,-0.142649,0.302667,1.875177,0.0889,-0.1883
1787920174.856776,-0.142810,0.303120,1.874775,0.0782,-0.2440
1787920174.861133,-0.143251,0.303646,1.873656,0.0984,-0.2440
1787920174.867340,-0.143066,0.304246,1.873779,0.0938,-0.2440
1787920174.877286,-0.143135,0.304794,1.873543,0.0821,-0.2440
1787920174.881029,-0.143401,0.305377,1.872851,0.1084,-0.2440
1787920174.887634,-0.143826,0.305875,1.871854,0.1032,-0.2440
1787920174.897614,-0.143991,0.306371,1.871854,0.0880,-0.2440
1787920174.901038,-0.144382,0.306825,1.870826,0.1097,-0.2440
1787920174.907334,-0.144703,0.307358,1.870123,0.1056,-0.2440
1787920174.914123,-0.145171,0.308026,1.869143,0.1082,-0.2440
1787920174.921319,-0.144824,0.308665,1.869637,0.0969,-0.2440
1787920174.927714,-0.145266,0.309047,1.868814,0.0911,-0.2440
1787920174.934708,-0.144982,0.309721,1.869159,0.0878,-0.2440
1787920174.940799,-0.145033,0.310328,1.868839,0.0908,-0.2440
1787920174.958262,-0.145450,0.310814,1.868051,0.0736,-0.2323
1787920174.985878,-0.145207,0.311364,1.868389,0.0565,-0.2323
1787920174.990560,-0.145276,0.312010,1.868711,0.0804,-0.2323
1787920174.991906,-0.145178,0.312642,1.869192,0.1845,-0.2323
1787920174.993278,-0.145330,0.313223,1.869139,0.2604,-0.2323
1787920174.995054,-0.145529,0.313691,1.868966,0.2678,-0.2323
1787920174.996042,-0.145911,0.314270,1.868151,0.3894,-0.2323
1787920174.997033,-0.146228,0.314729,1.867873,0.4337,-0.2323
1787920175.000674,-0.146022,0.315392,1.868417,0.3508,-0.2323
1787920175.008040,-0.146320,0.316099,1.867882,0.2767,-0.2323
1787920175.014246,-0.146354,0.316685,1.867655,0.2212,-0.2323
1787920175.021571,-0.146567,0.317190,1.867527,0.1772,-0.2323
1787920175.027283,-0.146482,0.318012,1.867083,0.1641,-0.2323
1787920175.034138,-0.146909,0.318393,1.866439,0.1362,-0.2323
1787920175.041090,-0.146683,0.319251,1.866475,0.1279,-0.2323
1787920175.048004,-0.146605,0.319874,1.866369,0.1144,-0.2323
1787920175.056177,-0.146618,0.320566,1.865646,0.1045,-0.2166
1787920175.061101,-0.146985,0.320953,1.864796,0.1022,-0.2166
1787920175.067484,-0.147337,0.321518,1.863511,0.1017,-0.2166
1787920175.074444,-0.147785,0.322060,1.862833,0.0992,-0.2166
1787920175.085176,-0.148036,0.322621,1.861995,0.0865,-0.2166
1787920175.093810,-0.148264,0.323181,1.861236,0.0814,-0.2166
1787920175.095992,-0.148395,0.323819,1.860676,0.1461,-0.2166
1787920175.101233,-0.148705,0.324485,1.859995,0.1439,-0.2166
1787920175.113434,-0.148355,0.324927,1.860435,0.1087,-0.2166
1787920175.115299,-0.148735,0.325402,1.859893,0.1667,-0.2166
1787920175.120722,-0.148825,0.326092,1.859446,0.1547,-0.2166
1787920175.127671,-0.148952,0.326614,1.859408,0.1314,-0.2166
1787920175.134456,-0.148904,0.327155,1.859288,0.1143,-0.2166
1787920175.140533,-0.149046,0.327875,1.858558,0.1161,-0.2166
1787920175.148217,-0.149047,0.328439,1.858503,0.1024,-0.2166
1787920175.154327,-0.149485,0.328963,1.857511,0.1025,-0.1986
1787920175.160782,-0.149834,0.329489,1.857061,0.0997,-0.1986
1787920175.168061,-0.149630,0.330161,1.856856,0.0940,-0.1986
1787920175.173842,-0.150115,0.330653,1.856189,0.0974,-0.1986
1787920175.180816,-0.150249,0.331233,1.855560,0.0937,-0.1986
1787920175.187452,-0.150508,0.331848,1.855049,0.0956,-0.1986
1787920175.196147,-0.150590,0.332493,1.854562,0.0891,-0.1986
1787920175.201114,-0.150853,0.332861,1.854156,0.0881,-0.1986
1787920175.207950,-0.150996,0.333394,1.853924,0.0859,-0.1986
1787920175.213937,-0.151065,0.334055,1.853586,0.0929,-0.1986
1787920175.221515,-0.151197,0.334676,1.852985,0.0901,-0.1986
1787920175.227953,-0.151190,0.335300,1.853045,0.0909,-0.1986
1787920175.234576,-0.151249,0.335936,1.852444,0.0920,-0.1986
1787920175.241688,-0.151420,0.336458,1.851987,0.0876,-0.1986
1787920175.247282,-0.151769,0.336980,1.851055,0.0934,-0.1986
1787920175.277879,-0.152087,0.337465,1.850272,0.0708,-0.1863
1787920175.303106,-0.152258,0.338051,1.849852,0.0568,-0.1863
1787920175.304372,-0.152240,0.338724,1.849509,0.1918,-0.1863
1787920175.305798,-0.152674,0.339280,1.848731,0.2718,-0.1863
1787920175.307246,-0.153121,0.339803,1.847668,0.3199,-0.1863
1787920175.308030,-0.153136,0.340388,1.847383,0.4407,-0.1863
1787920175.308824,-0.153533,0.340931,1.846543,0.5469,-0.1863
1787920175.310544,-0.153674,0.341589,1.846134,0.4999,-0.1863
1787920175.311660,-0.153425,0.342192,1.846460,0.4877,-0.1863
1787920175.314406,-0.153959,0.342833,1.845202,0.4246,-0.1863
1787920175.320952,-0.154067,0.343392,1.844907,0.3232,-0.1863
1787920175.327448,-0.154112,0.344125,1.844800,0.2594,-0.1863
1787920175.334251,-0.154283,0.344489,1.844868,0.1991,-0.1863
1787920175.340906,-0.154341,0.345263,1.844321,0.1737,-0.1863
1787920175.347353,-0.154352,0.345839,1.844515,0.1475,-0.1863
1787920175.358974,-0.154636,0.346430,1.843737,0.1199,-0.1747
1787920175.423899,-0.155075,0.347060,1.842639,0.0873,-0.1747
1787920175.425289,-0.154862,0.347727,1.842773,0.1876,-0.1747
1787920175.426366,-0.155680,0.348245,1.841059,0.3312,-0.1747
1787920175.428284,-0.155702,0.348957,1.841166,0.3400,-0.1747
1787920175.429235,-0.155706,0.349297,1.841387,0.3416,-0.1747
1787920175.430106,-0.155900,0.349950,1.840470,0.4738,-0.1747
1787920175.432136,-0.155833,0.350504,1.840429,0.4079,-0.1747
1787920175.433808,-0.156041,0.350987,1.839809,0.3790,-0.1747
1787920175.434684,-0.156033,0.351575,1.839687,0.4589,-0.1747
1787920175.435835,-0.156092,0.352248,1.839293,0.4944,-0.1747
1787920175.438532,-0.156588,0.352590,1.838713,0.3974,-0.1747
1787920175.439488,-0.156234,0.353334,1.838866,0.4737,-0.1747
1787920175.440718,-0.157027,0.353918,1.837185,0.5199,-0.1747
1787920175.450921,-0.157218,0.354401,1.836664,0.3791,-0.1656
1787920175.454823,-0.157226,0.354955,1.836544,0.3067,-0.1656
1787920175.461778,-0.157373,0.355698,1.836271,0.2473,-0.1656
1787920175.473124,-0.157361,0.356379,1.835862,0.1904,-0.1656
1787920175.474413,-0.157640,0.356960,1.835248,0.2807,-0.1656
1787920175.484324,-0.157602,0.357432,1.835433,0.2099,-0.1656
1787920175.487879,-0.157787,0.358109,1.834879,0.2062,-0.1656
1787920175.499660,-0.158089,0.358714,1.834250,0.1612,-0.1656
1787920175.501349,-0.157935,0.359418,1.834592,0.2263,-0.1656
1787920175.512931,-0.158279,0.359952,1.833623,0.1741,-0.1656
1787920175.518907,-0.158736,0.360562,1.832680,0.1574,-0.1656
1787920175.532331,-0.158672,0.361179,1.832312,0.1231,-0.1656
1787920175.533414,-0.159014,0.361769,1.831995,0.2685,-0.1656
1787920175.535166,-0.158902,0.362473,1.832306,0.2995,-0.1656
1787920175.542384,-0.159224,0.363066,1.831150,0.2369,-0.1656
1787920175.547826,-0.159230,0.363668,1.831140,0.1980,-0.1656
1787920175.554421,-0.159495,0.364387,1.830530,0.1733,-0.1478
1787920175.564517,-0.159633,0.364876,1.830252,0.1364,-0.1478
1787920175.569220,-0.159818,0.365516,1.829696,0.1379,-0.1478
1787920175.574237,-0.159608,0.366408,1.829621,0.1449,-0.1478
1787920175.586670,-0.159758,0.366916,1.829348,0.1142,-0.1478
1787920175.589140,-0.160002,0.367376,1.828437,0.1415,-0.1478
1787920175.604694,-0.160400,0.367966,1.827643,0.1120,-0.1478
1787920175.607255,-0.161085,0.368419,1.826648,0.1501,-0.1478
1787920175.609106,-0.160936,0.368939,1.826798,0.1805,-0.1478
1787920175.614434,-0.161118,0.369700,1.826206,0.1703,-0.1478
1787920175.621304,-0.161308,0.370268,1.826139,0.1453,-0.1478
1787920175.627222,-0.160995,0.370907,1.826502,0.1291,-0.1478
1787920175.634362,-0.161481,0.371480,1.825583,0.1188,-0.1478
1787920175.640897,-0.161802,0.372189,1.825004,0.1184,-0.1478
1787920175.648772,-0.161519,0.372843,1.825187,0.1043,-0.1478
1787920175.654644,-0.161553,0.373601,1.824856,0.1109,-0.1341
1787920175.660900,-0.161784,0.374186,1.824769,0.1076,-0.1341
1787920175.670076,-0.162016,0.374755,1.824079,0.0952,-0.1341
1787920175.674092,-0.162526,0.375200,1.823272,0.1083,-0.1341
1787920175.684999,-0.163090,0.375855,1.821871,0.0971,-0.1341
1787920175.689530,-0.162703,0.376500,1.822799,0.1030,-0.1341
1787920175.701705,-0.163510,0.376999,1.821282,0.0889,-0.1341
1787920175.703453,-0.163448,0.377592,1.821369,0.1582,-0.1341
1787920175.708642,-0.163232,0.378119,1.821634,0.1371,-0.1341
1787920175.714121,-0.163551,0.378941,1.820664,0.1439,-0.1341
1787920175.723074,-0.163545,0.379472,1.820833,0.1179,-0.1341
1787920175.727813,-0.163436,0.380293,1.820712,0.1312,-0.1341
1787920175.733978,-0.163544,0.381035,1.820462,0.1281,-0.1341
1787920175.740934,-0.163552,0.381530,1.820336,0.1104,-0.1341
1787920175.747432,-0.163901,0.382262,1.819570,0.1140,-0.1341
1787920175.754471,-0.164275,0.382745,1.818874,0.1037,-0.1229
1787920175.762815,-0.164352,0.383563,1.818540,0.1018,-0.1229
1787920175.768553,-0.164880,0.384045,1.817639,0.1024,-0.1229
1787920175.774429,-0.164924,0.384599,1.817673,0.0997,-0.1229
1787920175.781097,-0.164926,0.385269,1.817687,0.0990,-0.1229
1787920175.787262,-0.165085,0.386059,1.817340,0.1085,-0.1229
1787920175.794421,-0.165384,0.386665,1.816536,0.1036,-0.1229
1787920175.801154,-0.165231,0.387369,1.816529,0.1013,-0.1229
1787920175.808762,-0.165303,0.387907,1.816708,0.0922,-0.1229
1787920175.816528,-0.165175,0.388656,1.816418,0.0914,-0.1229
1787920175.825045,-0.165492,0.389261,1.815979,0.0874,-0.1229
1787920175.830252,-0.165809,0.390000,1.815130,0.1069,-0.1229
1787920175.837041,-0.166017,0.390625,1.814874,0.1038,-0.1229
1787920175.840749,-0.166476,0.391189,1.814213,0.1259,-0.1229
1787920175.847693,-0.166652,0.391821,1.813772,0.1165,-0.1229
1787920175.856196,-0.167023,0.392375,1.813186,0.1037,-0.1187
1787920175.861115,-0.166850,0.393123,1.813490,0.1143,-0.1187
1787920175.877191,-0.166937,0.393765,1.812920,0.0920,-0.1187
1787920175.887945,-0.167002,0.394389,1.812864,0.0818,-0.1187
1787920175.889158,-0.167063,0.394935,1.812873,0.1918,-0.1187
1787920175.890091,-0.167230,0.395532,1.812521,0.3337,-0.1187
1787920175.895910,-0.167069,0.396246,1.812689,0.2673,-0.1187
1787920175.910783,-0.167678,0.396907,1.811595,0.2030,-0.1187
1787920175.911831,-0.167587,0.397490,1.812133,0.2982,-0.1187
1787920175.914510,-0.167893,0.398011,1.811498,0.2735,-0.1187
1787920175.920545,-0.167879,0.398631,1.811659,0.2212,-0.1187
1787920175.928469,-0.167971,0.399215,1.811660,0.1772,-0.1187
1787920175.933930,-0.168495,0.400027,1.810385,0.1742,-0.1187
1787920175.946660,-0.168939,0.400709,1.809766,0.1400,-0.1187
1787920175.953765,-0.168713,0.401284,1.810127,0.1193,-0.3350
1787920175.954884,-0.168755,0.402021,1.809801,0.2784,-0.3350
1787920175.961962,-0.169268,0.402618,1.809062,0.2246,-0.3350
1787920175.968189,-0.169193,0.403318,1.809115,0.1891,-0.3350
1787920175.977195,-0.169397,0.403886,1.808915,0.1524,-0.3350
1787920175.981010,-0.169309,0.404647,1.809176,0.1632,-0.3350
1787920175.987909,-0.169643,0.405071,1.808561,0.1355,-0.3350
1787920175.996507,-0.169726,0.405693,1.808312,0.1166,-0.3350
1787920176.004533,-0.169587,0.406525,1.808510,0.1107,-0.3350
1787920176.009376,-0.170298,0.407034,1.807227,0.1184,-0.3350
1787920176.017701,-0.170485,0.407623,1.806938,0.1051,-0.3350
1787920176.021287,-0.170709,0.408376,1.806588,0.1392,-0.3350
1787920176.028140,-0.171167,0.408931,1.805175,0.1257,-0.3350
1787920176.038799,-0.170995,0.409577,1.805926,0.1046,-0.3350
1787920176.043573,-0.171294,0.410358,1.805267,0.1253,-0.3350
1787920176.049919,-0.171408,0.410928,1.805316,0.1152,-0.3350
1787920176.054919,-0.171232,0.411660,1.806191,0.1209,-0.3351
1787920176.075819,-0.171126,0.412142,1.807397,0.0910,-0.3351
1787920176.076937,-0.171215,0.412774,1.807555,0.2340,-0.3351
1787920176.081407,-0.171165,0.413640,1.808210,0.2195,-0.3351
1787920176.083124,-0.171305,0.414114,1.808606,0.2400,-0.3351
1787920176.088051,-0.171194,0.414760,1.809373,0.2046,-0.3351
1787920176.099313,-0.171648,0.415406,1.808868,0.1628,-0.3351
1787920176.106528,-0.171861,0.416169,1.808747,0.1469,-0.3351
1787920176.110678,-0.171840,0.416804,1.808741,0.1471,-0.3351
1787920176.114613,-0.172041,0.417395,1.808203,0.1504,-0.3351
1787920176.121014,-0.172524,0.418059,1.807079,0.1408,-0.3351
1787920176.128101,-0.172830,0.418592,1.806324,0.1235,-0.3351
1787920176.134111,-0.173507,0.419289,1.804153,0.1281,-0.3351
1787920176.141017,-0.174167,0.419893,1.802298,0.1218,-0.3351
1787920176.147333,-0.174466,0.420479,1.800884,0.1156,-0.3351
1787920176.154414,-0.174978,0.421047,1.799067,0.1093,-0.3486
1787920176.161294,-0.175420,0.421750,1.797543,0.1107,-0.3486
1787920176.176830,-0.175899,0.422262,1.796381,0.0892,-0.3486
1787920176.177827,-0.175955,0.422874,1.795562,0.2460,-0.3486
1787920176.182403,-0.175989,0.423351,1.795513,0.2031,-0.3486
1787920176.219341,-0.175697,0.424157,1.795359,0.1480,-0.3486
1787920176.220523,-0.176210,0.424390,1.794472,0.1904,-0.3486
1787920176.221471,-0.176206,0.425235,1.793794,0.3935,-0.3486
1787920176.223269,-0.176023,0.425792,1.794373,0.3594,-0.3486
1787920176.224594,-0.176306,0.426524,1.793274,0.4273,-0.3486
1787920176.225385,-0.176517,0.427051,1.793194,0.5117,-0.3486
1787920176.229751,-0.176418,0.427713,1.792922,0.4011,-0.3486
1787920176.234846,-0.176754,0.428165,1.792430,0.3110,-0.3486
1787920176.240632,-0.176533,0.428859,1.792039,0.2503,-0.3486
1787920176.247810,-0.176257,0.429587,1.791932,0.2024,-0.3486
1787920176.254822,-0.176762,0.430159,1.790535,0.1703,-0.3300
1787920176.261072,-0.176516,0.430595,1.790320,0.1370,-0.3300
1787920176.267551,-0.176659,0.431080,1.789443,0.1193,-0.3300
1787920176.274026,-0.176797,0.431697,1.788390,0.1128,-0.3300
1787920176.284388,-0.176758,0.432388,1.787647,0.0982,-0.3300
1787920176.288143,-0.176824,0.432897,1.787028,0.1097,-0.3300
1787920176.295348,-0.176985,0.433409,1.786183,0.0990,-0.3300
1787920176.302274,-0.177294,0.433996,1.784992,0.0970,-0.3300
1787920176.311896,-0.176841,0.434356,1.785557,0.0759,-0.3300
1787920176.316113,-0.176975,0.434879,1.784544,0.0915,-0.3300
1787920176.322252,-0.177291,0.435449,1.783634,0.0945,-0.3300
1787920176.329111,-0.177152,0.436009,1.783271,0.0888,-0.3300
1787920176.335384,-0.177079,0.436751,1.783040,0.0961,-0.3300
1787920176.341860,-0.177415,0.437198,1.782044,0.0908,-0.3300
1787920176.349946,-0.177868,0.437528,1.780975,0.0790,-0.3300
1787920176.354132,-0.177428,0.438188,1.781123,0.0950,-0.3013
1787920176.360473,-0.177716,0.438652,1.780636,0.0908,-0.3013
1787920176.367930,-0.177972,0.439132,1.779538,0.0846,-0.3013
1787920176.374049,-0.177969,0.439703,1.779145,0.0866,-0.3013
1787920176.382333,-0.178290,0.440299,1.778247,0.0841,-0.3013
1787920176.387836,-0.178464,0.440760,1.777382,0.0854,-0.3013
1787920176.394628,-0.178796,0.441278,1.776683,0.0852,-0.3013
1787920176.400944,-0.178836,0.441984,1.775813,0.0928,-0.3013
1787920176.407620,-0.178675,0.442432,1.775757,0.0832,-0.3013
1787920176.414408,-0.178715,0.443004,1.775337,0.0834,-0.3013
1787920176.421096,-0.178919,0.443549,1.774641,0.0842,-0.3013
1787920176.428017,-0.178769,0.444105,1.774259,0.0812,-0.3013
1787920176.434510,-0.178763,0.444539,1.773959,0.0764,-0.3013
1787920176.440769,-0.179302,0.445203,1.772435,0.0898,-0.3013
1787920176.447878,-0.179558,0.445564,1.771277,0.0800,-0.3013
1787920176.456015,-0.179562,0.446113,1.770924,0.0758,-0.2860
1787920176.461111,-0.179862,0.446683,1.769648,0.0895,-0.2860
1787920176.467302,-0.180029,0.447059,1.769158,0.0821,-0.2860
1787920176.474561,-0.179883,0.447578,1.769022,0.0773,-0.2860
1787920176.481034,-0.179624,0.448141,1.769101,0.0773,-0.2860
1787920176.528957,-0.179910,0.448539,1.768215,0.0569,-0.2860
1787920176.530292,-0.179952,0.448990,1.767751,0.1411,-0.2860
1787920176.531253,-0.180037,0.449656,1.767451,0.3077,-0.2860
1787920176.532756,-0.180555,0.450097,1.765842,0.3219,-0.2860
1787920176.534125,-0.180531,0.450694,1.765876,0.3526,-0.2860
1787920176.534920,-0.180987,0.451808,1.764254,0.6924,-0.2860
1787920176.535693,-0.181092,0.452087,1.763753,0.5990,-0.2860
1787920176.537122,-0.181286,0.452854,1.763232,0.5849,-0.2860
1787920176.541273,-0.181675,0.453380,1.762018,0.4521,-0.2860
1787920176.548471,-0.181346,0.453908,1.762023,0.3355,-0.2860
1787920176.554775,-0.181488,0.454565,1.761490,0.2669,-0.2707
1787920176.560615,-0.181479,0.455036,1.761192,0.2105,-0.2707
1787920176.567642,-0.181546,0.455495,1.760802,0.1671,-0.2707
1787920176.574355,-0.181697,0.456110,1.759791,0.1452,-0.2707
1787920176.581560,-0.181656,0.456748,1.759508,0.1274,-0.2707
1787920176.587691,-0.181819,0.457208,1.758656,0.1128,-0.2707
1787920176.594019,-0.182212,0.457919,1.757571,0.1155,-0.2707
1787920176.601445,-0.182236,0.458454,1.756970,0.1023,-0.2707
1787920176.607754,-0.182454,0.458824,1.756558,0.0908,-0.2707
1787920176.614520,-0.182375,0.459447,1.756118,0.0901,-0.2707
1787920176.621200,-0.182945,0.460127,1.754790,0.0978,-0.2707
1787920176.627797,-0.182947,0.460623,1.754290,0.0906,-0.2707
1787920176.634687,-0.183428,0.461220,1.753167,0.0928,-0.2707
1787920176.643284,-0.183860,0.461906,1.751832,0.0912,-0.2707
1787920176.648302,-0.183361,0.462361,1.752492,0.0852,-0.2707
1787920176.653956,-0.183415,0.463085,1.751614,0.0980,-0.2605
1787920176.660891,-0.183424,0.463700,1.751340,0.0948,-0.2605
1787920176.667629,-0.183497,0.464281,1.751273,0.0924,-0.2605
1787920176.674615,-0.183770,0.464847,1.750503,0.0907,-0.2605
1787920176.680781,-0.183776,0.465646,1.749786,0.1018,-0.2605
1787920176.689834,-0.183382,0.466191,1.750314,0.0867,-0.2605
1787920176.694710,-0.183727,0.466882,1.749145,0.1063,-0.2605
1787920176.701206,-0.183918,0.467443,1.748590,0.1014,-0.2605
1787920176.707409,-0.183826,0.468123,1.748258,0.1026,-0.2605
1787920176.714461,-0.184118,0.468723,1.747300,0.0991,-0.2605
1787920176.721217,-0.184247,0.469423,1.746632,0.1010,-0.2605
1787920176.728003,-0.184234,0.470048,1.746584,0.0978,-0.2605
1787920176.734191,-0.184433,0.470612,1.746277,0.0971,-0.2605
1787920176.740921,-0.184868,0.471190,1.745331,0.0967,-0.2605
1787920176.748401,-0.185126,0.472048,1.743744,0.1034,-0.2605
1787920176.754662,-0.185137,0.472456,1.743568,0.0917,-0.2470
1787920176.760926,-0.185100,0.473241,1.742955,0.1009,-0.2470
1787920176.767611,-0.185473,0.473928,1.742247,0.1039,-0.2470
1787920176.774286,-0.185331,0.474498,1.741904,0.0969,-0.2470
1787920176.780707,-0.185556,0.475307,1.741028,0.1068,-0.2470
1787920176.787724,-0.185601,0.475786,1.740446,0.0953,-0.2470
1787920176.796614,-0.185578,0.476388,1.740269,0.0866,-0.2470
1787920176.812441,-0.185343,0.477011,1.740240,0.0715,-0.2470
1787920176.813330,-0.185554,0.477692,1.739878,0.2885,-0.2470
1787920176.814275,-0.185565,0.478323,1.739401,0.4000,-0.2470
1787920176.822825,-0.185950,0.479000,1.738346,0.3057,-0.2470
1787920176.827620,-0.186045,0.479627,1.737833,0.2536,-0.2470
1787920176.835165,-0.186398,0.480142,1.736928,0.2001,-0.2470
1787920176.841662,-0.186441,0.480873,1.736758,0.1737,-0.2470
1787920176.847516,-0.186542,0.481636,1.735847,0.1610,-0.2470
1787920176.854364,-0.186484,0.482285,1.735720,0.1403,-0.0000
1787920176.860874,-0.186609,0.482842,1.734963,0.1245,-0.0000
1787920176.867997,-0.186622,0.483398,1.734351,0.1103,-0.0000
1787920176.874323,-0.186820,0.484158,1.733219,0.1143,-0.0000
1787920176.880770,-0.187148,0.484872,1.732000,0.1153,-0.0000
1787920176.889464,-0.186782,0.485475,1.732441,0.0992,-0.0000
1787920176.895070,-0.186831,0.485791,1.732047,0.0866,-0.0000
1787920176.900992,-0.187007,0.486354,1.731726,0.0902,-0.0000
1787920176.907743,-0.186915,0.486750,1.731418,0.0798,-0.0000
1787920176.914961,-0.187262,0.487271,1.730500,0.0796,-0.0000
1787920176.925376,-0.186772,0.487507,1.730993,0.0602,-0.0000
1787920176.927894,-0.186926,0.487812,1.730557,0.0808,-0.0000
1787920176.933885,-0.187058,0.487993,1.730331,0.0666,-0.0000
1787920176.941410,-0.186989,0.488111,1.730290,0.0508,-0.0000
1787920176.947754,-0.187038,0.488185,1.730102,0.0394,-0.0000
1787920176.954221,-0.186674,0.488325,1.730249,0.0313,-0.0000
1787920176.961124,-0.186831,0.488077,1.729926,0.0124,-0.0000
1787920176.967465,-0.186988,0.488148,1.729601,0.0131,-0.0000
1787920176.974276,-0.187077,0.488086,1.729053,0.0071,-0.0000
1787920176.981574,-0.187099,0.487879,1.728384,-0.0033,-0.0000
1787920176.987555,-0.187312,0.487898,1.726838,0.0003,-0.0000
1787920176.996688,-0.187364,0.487647,1.726377,-0.0076,-0.0000
1787920177.001967,-0.187763,0.487480,1.725192,-0.0112,-0.0000
1787920177.007262,-0.188136,0.487124,1.724263,-0.0246,-0.0000
1787920177.014273,-0.188212,0.487082,1.723687,-0.0185,-0.0000
1787920177.021026,-0.188407,0.486894,1.723477,-0.0199,-0.0000
1787920177.028708,-0.188124,0.486867,1.724602,-0.0167,-0.0000
1787920177.034301,-0.187922,0.486619,1.725280,-0.0265,-0.0000
1787920177.040568,-0.188188,0.486573,1.724851,-0.0188,-0.0000
1787920177.047617,-0.187954,0.486545,1.724986,-0.0158,-0.0000
1787920177.054368,-0.187774,0.486421,1.725745,-0.0178,-0.0000
1787920177.060657,-0.187872,0.486294,1.725675,-0.0177,-0.0000
1787920177.067713,-0.187964,0.486262,1.725265,-0.0131,-0.0000
1787920177.074501,-0.187837,0.486205,1.725806,-0.0125,-0.0000
1787920177.081825,-0.187673,0.486283,1.726336,-0.0067,-0.0000
1787920177.087824,-0.187652,0.486229,1.726383,-0.0075,-0.0000
1787920177.093938,-0.187905,0.486248,1.725637,-0.0024,-0.0000
1787920177.104520,-0.187998,0.486424,1.725396,0.0036,-0.0000
1787920177.130608,-0.188282,0.486409,1.724945,0.0029,-0.0000
1787920177.132657,-0.187900,0.486441,1.725380,-0.0020,-0.0000
1787920177.134365,-0.188025,0.486452,1.725350,0.0039,-0.0000
1787920177.135436,-0.188027,0.486622,1.725230,0.0499,-0.0000
1787920177.136247,-0.187759,0.486550,1.726296,-0.0069,-0.0000
1787920177.141190,-0.187959,0.486685,1.726087,0.0052,-0.0000
1787920177.147458,-0.187599,0.486699,1.726628,0.0016,-0.0000
1787920177.154824,-0.187912,0.486740,1.726115,0.0047,-0.0000
1787920177.161802,-0.187690,0.486674,1.726647,-0.0010,-0.0000
1787920177.167863,-0.187890,0.486766,1.726116,0.0054,-0.0000
1787920177.173909,-0.187463,0.486724,1.727262,-0.0016,-0.0000
1787920177.180895,-0.187460,0.486713,1.727221,-0.0016,-0.0000
1787920177.187478,-0.187263,0.486773,1.727789,0.0002,-0.0000
1787920177.195925,-0.187576,0.486705,1.727079,-0.0005,-0.0000
1787920177.201706,-0.187619,0.486719,1.727070,0.0007,-0.0000
1787920177.207612,-0.187465,0.486622,1.727196,-0.0056,-0.0000
1787920177.214417,-0.187872,0.486655,1.726561,0.0003,-0.0000
1787920177.220789,-0.187388,0.486809,1.726944,0.0038,-0.0000
1787920177.227428,-0.187586,0.486764,1.726597,0.0021,-0.0000
1787920177.234890,-0.187542,0.486691,1.726700,-0.0017,-0.0000
1787920177.241202,-0.187569,0.486728,1.726695,0.0007,-0.0000
1787920177.248039,-0.187743,0.486678,1.726391,-0.0005,-0.0000
1787920177.253874,-0.187586,0.486634,1.726551,-0.0038,-0.0000
1787920177.261148,-0.187902,0.486592,1.726354,-0.0024,-0.0000
1787920177.267312,-0.187431,0.486675,1.726920,-0.0012,-0.0000
1787920177.274086,-0.187649,0.486634,1.726577,-0.0011,-0.0000
1787920177.281400,-0.187612,0.486627,1.727025,-0.0013,-0.0000
1787920177.287654,-0.187436,0.486556,1.727349,-0.0056,-0.0000
1787920177.294251,-0.187661,0.486732,1.726919,0.0056,-0.0000
1787920177.303910,-0.187703,0.486714,1.726916,0.0035,-0.0000
1787920177.309064,-0.187517,0.486682,1.727026,-0.0010,-0.0000
1787920177.314527,-0.187758,0.486661,1.726768,0.0002,-0.0000
1787920177.320818,-0.187649,0.486759,1.726831,0.0039,-0.0000
1787920177.327940,-0.187493,0.486736,1.727175,0.0008,-0.0000
1787920177.336330,-0.187710,0.486780,1.726585,0.0033,-0.0000
1787920177.343125,-0.187718,0.486694,1.726890,-0.0014,-0.0000
1787920177.348628,-0.187736,0.486690,1.726783,-0.0010,-0.0000
1787920177.355254,-0.187811,0.486804,1.726497,0.0049,-0.0000
1787920177.361241,-0.187484,0.486696,1.727204,-0.0045,-0.0000
1787920177.369272,-0.187899,0.486765,1.726378,0.0018,-0.0000
1787920177.376428,-0.187524,0.486749,1.726912,-0.0018,-0.0000
1787920177.381228,-0.187570,0.486700,1.726865,-0.0038,-0.0000
1787920177.387300,-0.187647,0.486639,1.726718,-0.0051,-0.0000
1787920177.394954,-0.187510,0.486639,1.726994,-0.0044,-0.0000
1787920177.400900,-0.187663,0.486782,1.726401,0.0053,-0.0000
1787920177.454739,-0.187460,0.486599,1.727237,0.0025,-0.0000
1787920177.456900,-0.187419,0.486623,1.727404,0.0042,-0.0000
1787920177.457813,-0.187618,0.486724,1.726871,0.0459,-0.0000
1787920177.458678,-0.187507,0.486691,1.726928,0.0147,-0.0000
1787920177.460318,-0.187451,0.486775,1.727003,0.0239,-0.0000
1787920177.462065,-0.187676,0.486772,1.726763,0.0223,-0.0000
1787920177.462983,-0.187470,0.486758,1.726958,0.0007,-0.0000
1787920177.463790,-0.187557,0.486897,1.726924,0.0565,-0.0000
1787920177.464963,-0.187635,0.486781,1.726801,0.0133,-0.0000
1787920177.467572,-0.187796,0.486687,1.726867,0.0015,-0.0000
1787920177.474453,-0.187848,0.486759,1.726572,0.0045,-0.0000
1787920177.480494,-0.187581,0.486770,1.726870,0.0017,-0.0000
1787920177.489091,-0.187580,0.486752,1.726913,0.0005,-0.0000
1787920177.493901,-0.187549,0.486601,1.726993,-0.0092,-0.0000
1787920177.501278,-0.187504,0.486803,1.727037,0.0014,-0.0000
1787920177.508747,-0.187543,0.486735,1.726874,-0.0015,-0.0000
1787920177.514612,-0.187541,0.486665,1.726807,-0.0046,-0.0000
1787920177.520964,-0.187431,0.486686,1.727309,-0.0031,-0.0000
1787920177.527441,-0.187832,0.486687,1.726309,0.0008,-0.0000
1787920177.534672,-0.187596,0.486609,1.726885,-0.0042,-0.0000
1787920177.541150,-0.187774,0.486755,1.726508,0.0050,-0.0000
1787920177.547820,-0.187360,0.486663,1.727320,-0.0035,-0.0000
1787920177.554009,-0.187788,0.486817,1.726411,0.0082,-0.0000
1787920177.560886,-0.187577,0.486794,1.726858,0.0033,-0.0000
1787920177.567678,-0.187830,0.486842,1.726377,0.0061,-0.0000
1787920177.574779,-0.187493,0.486810,1.726986,0.0007,-0.0000
1787920177.581104,-0.187471,0.486784,1.727125,-0.0008,-0.0000
1787920177.587568,-0.187576,0.486854,1.726799,0.0034,-0.0000
1787920177.594123,-0.187539,0.486666,1.727080,-0.0064,-0.0000
1787920177.601061,-0.187460,0.486689,1.727274,-0.0040,-0.0000
1787920177.611664,-0.187227,0.486826,1.727389,-0.0000,-0.0000
1787920177.616191,-0.187490,0.486677,1.727110,-0.0070,-0.0000
1787920177.620752,-0.187628,0.486765,1.726716,0.0022,-0.0000
1787920177.627939,-0.187414,0.486825,1.727367,0.0026,-0.0000
1787920177.634717,-0.187775,0.486675,1.726445,-0.0023,-0.0000
1787920177.643587,-0.187504,0.486769,1.727092,0.0001,-0.0000
1787920177.648523,-0.187457,0.486787,1.726975,0.0007,-0.0000
1787920177.654046,-0.187662,0.486817,1.726736,0.0038,-0.0000
1787920177.661247,-0.187789,0.486652,1.726665,-0.0033,-0.0000
1787920177.667526,-0.187615,0.486804,1.726821,0.0036,-0.0000
1787920177.674620,-0.187608,0.486803,1.726881,0.0024,-0.0000
1787920177.681245,-0.187545,0.486680,1.727311,-0.0043,-0.0000
1787920177.688356,-0.187467,0.486724,1.727270,-0.0016,-0.0000
1787920177.694107,-0.187634,0.486782,1.726614,0.0032,-0.0000
1787920177.700732,-0.187224,0.486680,1.727742,-0.0052,-0.0000
1787920177.707901,-0.187064,0.486665,1.727856,-0.0053,-0.0000
1787920177.718399,-0.187466,0.486721,1.727308,-0.0004,-0.0000
1787920177.721319,-0.187704,0.486741,1.726595,0.0056,-0.0000
1787920177.745054,-0.187426,0.486768,1.727340,0.0037,-0.0000
1787920177.757868,-0.187402,0.486768,1.727260,0.0025,-0.0000
1787920177.758879,-0.187782,0.486847,1.726400,0.0425,-0.0000
1787920177.760289,-0.187626,0.486896,1.726605,0.0349,-0.0000
1787920177.762538,-0.187815,0.486769,1.726441,0.0116,-0.0000
1787920177.764088,-0.187248,0.486793,1.727425,-0.0044,-0.0000
1787920177.767380,-0.187482,0.486731,1.727051,-0.0054,-0.0000
1787920177.774528,-0.187737,0.486727,1.726800,-0.0023,-0.0000
1787920177.781204,-0.187895,0.486785,1.726424,0.0021,-0.0000
1787920177.787999,-0.187416,0.486675,1.727237,-0.0066,-0.0000
1787920177.794801,-0.187573,0.486715,1.726923,-0.0018,-0.0000
1787920177.801095,-0.187501,0.486802,1.726929,0.0023,-0.0000
1787920177.807614,-0.187522,0.486696,1.727019,-0.0030,-0.0000
1787920177.817230,-0.187383,0.486703,1.727375,-0.0026,-0.0000
1787920177.822508,-0.187431,0.486817,1.726948,0.0050,-0.0000
1787920177.827653,-0.187540,0.486812,1.726954,0.0042,-0.0000
1787920177.834721,-0.187577,0.486736,1.727040,-0.0000,-0.0000
1787920177.840970,-0.187673,0.486849,1.726691,0.0061,-0.0000
1787920177.848117,-0.187662,0.486796,1.726786,0.0020,-0.0000
1787920177.854051,-0.187498,0.486803,1.727232,0.0004,-0.0000
1787920177.861123,-0.187692,0.486802,1.726758,0.0015,-0.0000
1787920177.867456,-0.187785,0.486847,1.726655,0.0039,-0.0000
1787920177.873967,-0.187449,0.486772,1.727257,-0.0031,-0.0000
1787920177.881094,-0.187593,0.486756,1.726989,-0.0019,-0.0000
1787920177.887902,-0.187472,0.486731,1.727261,-0.0033,-0.0000
1787920177.894156,-0.187552,0.486737,1.727075,-0.0014,-0.0000
1787920177.900879,-0.187461,0.486727,1.727293,-0.0020,-0.0000
1787920177.907428,-0.187384,0.486712,1.727342,-0.0027,-0.0000
1787920177.914579,-0.187532,0.486663,1.727054,-0.0029,-0.0000
1787920177.923072,-0.187499,0.486789,1.726973,0.0021,-0.0000
1787920177.927648,-0.187472,0.486797,1.727069,0.0018,-0.0000
1787920177.934173,-0.187525,0.486797,1.726966,0.0016,-0.0000
1787920177.941153,-0.187589,0.486775,1.727034,0.0006,-0.0000
1787920177.949269,-0.187696,0.486752,1.726931,0.0002,-0.0000
1787920177.954545,-0.187583,0.486835,1.726894,0.0039,-0.0000
1787920177.961520,-0.187517,0.486816,1.727118,0.0014,-0.0000
1787920177.967458,-0.187811,0.486690,1.726633,-0.0030,-0.0000
1787920177.975350,-0.187572,0.486847,1.726668,0.0024,-0.0000
1787920177.980888,-0.187636,0.486743,1.727098,-0.0033,-0.0000
1787920177.987225,-0.187540,0.486791,1.726939,-0.0008,-0.0000
1787920177.995086,-0.187707,0.486738,1.726707,-0.0016,-0.0000
1787920178.000674,-0.187577,0.486723,1.727194,-0.0030,-0.0000
1787920178.007640,-0.187671,0.486761,1.726670,0.0001,-0.0000
1787920178.015187,-0.187290,0.486765,1.727576,-0.0021,-0.0000
1787920178.020700,-0.187367,0.486664,1.727497,-0.0063,-0.0000
1787920178.045294,-0.187370,0.486850,1.727228,-0.0021,-0.0000
1787920178.052547,-0.187250,0.486747,1.727654,-0.0065,-0.0000
1787920178.053614,-0.187550,0.486757,1.727011,0.0114,-0.0000
1787920178.054704,-0.187751,0.486912,1.726393,0.0586,-0.0000
1787920178.056481,-0.187727,0.486763,1.726671,0.0155,-0.0000
1787920178.061142,-0.187755,0.486874,1.726693,0.0182,-0.0000
1787920178.067490,-0.187626,0.486780,1.726733,0.0074,-0.0000
1787920178.074057,-0.187512,0.486771,1.727250,0.0039,-0.0000
1787920178.080675,-0.187440,0.486777,1.727230,0.0025,-0.0000
1787920178.087677,-0.187611,0.486812,1.726954,0.0044,-0.0000
1787920178.093993,-0.187398,0.486760,1.727276,-0.0010,-0.0000
1787920178.100730,-0.187423,0.486745,1.727476,-0.0011,-0.0000
1787920178.107867,-0.187411,0.486887,1.727018,0.0050,-0.0000
1787920178.114376,-0.187325,0.486764,1.727370,-0.0027,-0.0000
1787920178.123193,-0.187462,0.486753,1.727188,-0.0015,-0.0000
1787920178.127838,-0.187487,0.486802,1.727012,0.0023,-0.0000
1787920178.134278,-0.187407,0.486772,1.727044,-0.0003,-0.0000
1787920178.141012,-0.187611,0.486726,1.727074,-0.0009,-0.0000
1787920178.148285,-0.187781,0.486917,1.726434,0.0083,-0.0000
1787920178.155077,-0.187619,0.486774,1.726875,-0.0016,-0.0000
1787920178.160892,-0.187534,0.486869,1.726948,0.0031,-0.0000
1787920178.168098,-0.187709,0.486817,1.726705,0.0011,-0.0000
1787920178.174544,-0.187576,0.486819,1.727022,-0.0001,-0.0000
1787920178.182967,-0.187512,0.486829,1.726948,-0.0000,-0.0000
1787920178.191252,-0.187439,0.486857,1.727200,0.0005,-0.0000
1787920178.195602,-0.187622,0.486763,1.726934,-0.0040,-0.0000
1787920178.200831,-0.187626,0.486771,1.727005,-0.0024,-0.0000
1787920178.207396,-0.187643,0.486792,1.726730,-0.0005,-0.0000
1787920178.214160,-0.187410,0.486730,1.727295,-0.0047,-0.0000
1787920178.220989,-0.187447,0.486771,1.727089,-0.0013,-0.0000
1787920178.227439,-0.187412,0.486777,1.727176,-0.0009,-0.0000
1787920178.234734,-0.187503,0.486731,1.727206,-0.0019,-0.0000
1787920178.240813,-0.187269,0.486832,1.727415,0.0018,-0.0000
1787920178.247758,-0.187315,0.486832,1.727514,0.0016,-0.0000
1787920178.256532,-0.187609,0.486870,1.726935,0.0039,0.3000
1787920178.261387,-0.187521,0.486843,1.727034,0.0003,0.3000
1787920178.267409,-0.187641,0.486871,1.726924,0.0025,0.3000
1787920178.273963,-0.187243,0.486889,1.727535,-0.0003,0.3000
1787920178.281266,-0.187544,0.486889,1.726853,0.0017,0.3000
1787920178.287561,-0.187409,0.486783,1.727292,-0.0048,0.3000
1787920178.294090,-0.187460,0.486766,1.727333,-0.0038,0.3000
1787920178.300890,-0.187884,0.486750,1.726145,-0.0004,0.3000
1787920178.307623,-0.187613,0.486851,1.727012,0.0023,0.3000
1787920178.314129,-0.187535,0.486755,1.727019,-0.0033,0.3000
1787920178.322568,-0.187269,0.486825,1.727448,-0.0014,0.3000
1787920178.374169,-0.187577,0.486783,1.726969,-0.0009,0.6000
1787920178.375914,-0.187450,0.486806,1.727191,-0.0001,0.6000
1787920178.378355,-0.187535,0.486818,1.726885,0.0030,0.6000
1787920178.379260,-0.187610,0.486788,1.726258,-0.0037,0.6000
1787920178.380109,-0.187890,0.486830,1.725358,0.0274,0.6000
1787920178.381907,-0.188178,0.486651,1.724249,-0.0030,0.6000
1787920178.383303,-0.188309,0.486698,1.723356,0.0121,0.6000
1787920178.384160,-0.188432,0.486683,1.722746,0.0098,0.6000
1787920178.385453,-0.188394,0.486621,1.722436,-0.0087,0.6000
1787920178.387546,-0.188367,0.486474,1.722415,-0.0274,0.6000
1787920178.394624,-0.188417,0.486673,1.722262,-0.0106,0.6000
1787920178.401251,-0.188460,0.486623,1.722538,-0.0093,0.6000
1787920178.407238,-0.188371,0.486739,1.722672,-0.0015,0.6000
1787920178.414216,-0.188296,0.486767,1.723274,-0.0003,0.6000
1787920178.420883,-0.188070,0.486946,1.724182,0.0062,0.6000
1787920178.427445,-0.187983,0.487012,1.724888,0.0067,0.6000
1787920178.434791,-0.187544,0.486985,1.726432,0.0008,0.6000
1787920178.440934,-0.187332,0.487112,1.727661,0.0051,0.6000
1787920178.447581,-0.187078,0.487258,1.728693,0.0083,0.6000
1787920178.454233,-0.186874,0.487344,1.729544,0.0081,0.7000
1787920178.461601,-0.186698,0.487381,1.729701,0.0060,0.7000
1787920178.467727,-0.186985,0.487408,1.728826,0.0078,0.7000
1787920178.474828,-0.187057,0.487505,1.728279,0.0100,0.7000
1787920178.481804,-0.187098,0.487572,1.727766,0.0101,0.7000
1787920178.487788,-0.187186,0.487677,1.727537,0.0129,0.7000
1787920178.494295,-0.187058,0.487753,1.727357,0.0116,0.7000
1787920178.501517,-0.187355,0.487799,1.726679,0.0119,0.7000
1787920178.507629,-0.187065,0.487927,1.726979,0.0124,0.7000
1787920178.514719,-0.187183,0.487899,1.726680,0.0083,0.7000
1787920178.521356,-0.187272,0.487886,1.726653,0.0058,0.7000
1787920178.527603,-0.187346,0.488128,1.726545,0.0161,0.7000
1787920178.534015,-0.187178,0.488153,1.727449,0.0112,0.7000
1787920178.541317,-0.186795,0.488125,1.728914,0.0042,0.7000
1787920178.547239,-0.186793,0.488080,1.729760,0.0007,0.7000
1787920178.554503,-0.186495,0.488357,1.730842,0.0098,0.7000
1787920178.563650,-0.186425,0.488363,1.731604,0.0067,0.7000
1787920178.567499,-0.186377,0.488439,1.731880,0.0100,0.7000
1787920178.574233,-0.185773,0.488504,1.733749,0.0055,0.7000
1787920178.581680,-0.186156,0.488562,1.732654,0.0086,0.7000
1787920178.587547,-0.185777,0.488522,1.733693,0.0009,0.7000
1787920178.594230,-0.185896,0.488555,1.733088,0.0029,0.7000
1787920178.600519,-0.185977,0.488604,1.733054,0.0050,0.7000
1787920178.608547,-0.185994,0.488570,1.732673,0.0023,0.7000
1787920178.614402,-0.186402,0.488670,1.731724,0.0101,0.7000
1787920178.620908,-0.186527,0.488684,1.731119,0.0086,0.7000
1787920178.630124,-0.186338,0.488630,1.731457,0.0033,0.7000
1787920178.679237,-0.186865,0.488618,1.730259,0.0028,0.7000
1787920178.680470,-0.186637,0.488568,1.730919,-0.0190,0.7000
1787920178.681421,-0.186850,0.488578,1.730602,0.0006,0.7000
1787920178.683286,-0.186451,0.488614,1.731636,-0.0041,0.7000
1787920178.684989,-0.186565,0.488537,1.731854,-0.0131,0.7000
1787920178.685858,-0.186180,0.488530,1.732940,-0.0331,0.7000
1787920178.686771,-0.186384,0.488334,1.732828,-0.0757,0.7000
1787920178.688690,-0.186154,0.488334,1.733672,-0.0588,0.7000
1787920178.689728,-0.186117,0.488218,1.733712,-0.0762,0.7000
1787920178.694939,-0.186087,0.488124,1.733608,-0.0590,0.7000
1787920178.700808,-0.186005,0.488048,1.733974,-0.0458,0.7000
1787920178.707886,-0.186234,0.487916,1.732877,-0.0360,0.7000
1787920178.714438,-0.185768,0.487837,1.733918,-0.0322,0.7000
1787920178.720746,-0.186005,0.487526,1.733149,-0.0353,0.7000
1787920178.727817,-0.185954,0.487490,1.732692,-0.0266,0.7000
1787920178.733863,-0.185873,0.487260,1.732758,-0.0305,0.7000
1787920178.742785,-0.185540,0.487197,1.733172,-0.0253,0.7000
1787920178.747704,-0.185385,0.486883,1.733037,-0.0381,0.7000
1787920178.754651,-0.185445,0.486665,1.732465,-0.0356,0.7000
1787920178.760952,-0.185399,0.486344,1.731956,-0.0403,0.7000
1787920178.768941,-0.185423,0.485988,1.730972,-0.0413,0.7000
1787920178.774184,-0.185498,0.485478,1.729635,-0.0570,0.7000
1787920178.781465,-0.185081,0.485063,1.729120,-0.0595,0.7000
1787920178.787446,-0.185300,0.484286,1.727751,-0.0784,0.7000
1787920178.793907,-0.185113,0.483772,1.726488,-0.0798,0.7000
1787920178.801157,-0.184596,0.482992,1.726262,-0.0911,0.7000
1787920178.807931,-0.184360,0.482365,1.725350,-0.0928,0.7000
1787920178.814047,-0.184249,0.481534,1.724157,-0.1061,0.7000
1787920178.821044,-0.183642,0.480587,1.724232,-0.1184,0.7000
1787920178.827326,-0.183874,0.479793,1.722294,-0.1187,0.7000
1787920178.834681,-0.183693,0.478920,1.721787,-0.1194,0.7000
1787920178.841196,-0.183426,0.477776,1.721009,-0.1375,0.7000
1787920178.847526,-0.182609,0.477134,1.720907,-0.1321,0.7000
1787920178.854073,-0.182539,0.476146,1.719615,-0.1377,0.7000
1787920178.861118,-0.182082,0.475279,1.719347,-0.1358,0.7000
1787920178.871365,-0.181831,0.474369,1.718257,-0.1225,0.7000
1787920178.876826,-0.181766,0.473634,1.716959,-0.1262,0.7000
1787920178.880933,-0.181415,0.472743,1.716710,-0.1564,0.7000
1787920178.887445,-0.181337,0.471971,1.715497,-0.1452,0.7000
1787920178.894557,-0.181056,0.471202,1.714406,-0.1355,0.7000
1787920178.901356,-0.180405,0.470400,1.714465,-0.1340,0.7000
1787920178.908009,-0.180240,0.469718,1.714032,-0.1253,0.7000
1787920178.914062,-0.180080,0.468861,1.713309,-0.1308,0.7000
1787920178.920452,-0.179851,0.468167,1.712540,-0.1254,0.7000
1787920178.928325,-0.179947,0.467351,1.711446,-0.1180,0.7000
1787920178.934071,-0.179817,0.466412,1.710972,-0.1321,0.7000
1787920178.951821,-0.179762,0.465806,1.710163,-0.1028,0.7000
1787920178.952938,-0.179513,0.465045,1.709054,-0.2836,0.7000
1787920178.983404,-0.178996,0.464101,1.708973,-0.2084,0.7000
1787920178.984460,-0.178541,0.463318,1.708880,-0.3839,0.7000
1787920178.985446,-0.178564,0.462584,1.707744,-0.4892,0.7000
1787920178.987643,-0.178416,0.461767,1.706608,-0.4556,0.7000
1787920178.988538,-0.178056,0.460792,1.706242,-0.6590,0.7000
1787920178.989385,-0.178251,0.460001,1.704724,-0.7299,0.7000
1787920178.994078,-0.177825,0.459221,1.704693,-0.5640,0.7000
1787920179.000970,-0.177728,0.458497,1.703668,-0.4266,0.7000
1787920179.008221,-0.177263,0.457718,1.702974,-0.3331,0.7000
1787920179.014544,-0.176735,0.456919,1.702732,-0.2740,0.7000
1787920179.021110,-0.176905,0.456237,1.701433,-0.2217,0.7000
1787920179.027287,-0.176633,0.455408,1.700231,-0.1968,0.7000
1787920179.034511,-0.176302,0.454466,1.699755,-0.1783,0.7000
1787920179.040638,-0.176586,0.453604,1.698025,-0.1649,0.7000
1787920179.050553,-0.176368,0.452945,1.696853,-0.1361,0.7000
1787920179.054581,-0.176238,0.452101,1.695417,-0.1588,0.7000
1787920179.060862,-0.175494,0.451173,1.695260,-0.1596,0.7000
1787920179.068446,-0.175566,0.450344,1.693096,-0.1439,0.7000
1787920179.079009,-0.175338,0.449434,1.692348,-0.1272,0.7000
1787920179.080695,-0.175017,0.448485,1.691544,-0.2635,0.7000
1787920179.087698,-0.175042,0.447558,1.689675,-0.2237,0.7000
1787920179.093913,-0.174905,0.446735,1.688123,-0.1968,0.7000
1787920179.101136,-0.175169,0.445973,1.686072,-0.1679,0.7000
1787920179.108691,-0.174196,0.444974,1.685933,-0.1614,0.7000
1787920179.115193,-0.174440,0.444113,1.682927,-0.1512,0.7000
1787920179.120867,-0.173951,0.443053,1.682668,-0.1644,0.7000
1787920179.127488,-0.173471,0.441965,1.681496,-0.1665,0.7000
1787920179.134451,-0.173408,0.440955,1.679683,-0.1601,0.7000
1787920179.141866,-0.173102,0.440122,1.678528,-0.1469,0.7000
1787920179.148535,-0.172844,0.438808,1.677028,-0.1628,0.7000
1787920179.154627,-0.172352,0.437896,1.676095,-0.1612,0.7000
1787920179.161133,-0.172180,0.437003,1.674319,-0.1546,0.7000
1787920179.168086,-0.172339,0.435647,1.672756,-0.1657,0.7000
1787920179.174299,-0.171655,0.434753,1.672004,-0.1623,0.7000
1787920179.181281,-0.171773,0.433814,1.669996,-0.1533,0.7000
1787920179.187731,-0.171406,0.432887,1.668749,-0.1519,0.7000
1787920179.194542,-0.171232,0.431661,1.667314,-0.1608,0.7000
1787920179.200727,-0.170684,0.430566,1.666280,-0.1679,0.7000
1787920179.207208,-0.169912,0.429575,1.665825,-0.1666,0.7000
1787920179.214666,-0.170223,0.428426,1.663182,-0.1615,0.7000
1787920179.221064,-0.169924,0.427330,1.661663,-0.1655,0.7000
1787920179.227455,-0.169688,0.426353,1.659674,-0.1625,0.7000
1787920179.234609,-0.169487,0.425263,1.658102,-0.1600,0.7000
1787920179.240886,-0.168831,0.424266,1.657236,-0.1622,0.7000
1787920179.249572,-0.169245,0.423222,1.654216,-0.1483,0.7000
1787920179.254159,-0.169120,0.422305,1.651988,-0.1643,0.7000
1787920179.267225,-0.168780,0.421141,1.650479,-0.1422,0.7000
1787920179.269418,-0.168472,0.420003,1.649488,-0.2581,0.7000
1787920179.274058,-0.168537,0.418971,1.647176,-0.2469,0.7000
1787920179.281076,-0.168099,0.417981,1.646053,-0.2164,0.7000
1787920179.287825,-0.168046,0.416754,1.645430,-0.2060,0.7000
1787920179.294281,-0.167846,0.415770,1.643126,-0.1905,0.7000
1787920179.301211,-0.167667,0.414970,1.641579,-0.1684,0.7000
1787920179.307235,-0.167282,0.413697,1.640975,-0.1825,0.7000
1787920179.314369,-0.167127,0.412549,1.639570,-0.1764,0.7000
1787920179.320750,-0.166928,0.411489,1.638450,-0.1738,0.7000
1787920179.327526,-0.166714,0.410465,1.636894,-0.1675,0.7000
1787920179.334035,-0.166842,0.409910,1.634446,-0.1424,0.7000
1787920179.341473,-0.166465,0.408662,1.634347,-0.1509,0.7000
1787920179.347473,-0.165856,0.407559,1.633904,-0.1626,0.7000
1787920179.356430,-0.165717,0.406679,1.632657,-0.1435,0.7000
1787920179.361269,-0.165737,0.405866,1.630768,-0.1507,0.7000
1787920179.367394,-0.165464,0.404862,1.629557,-0.1554,0.7000
1787920179.374751,-0.165289,0.403939,1.628663,-0.1467,0.7000
1787920179.383139,-0.164953,0.402996,1.627226,-0.1371,0.7000
1787920179.388417,-0.164854,0.401964,1.626176,-0.1548,0.7000
1787920179.394351,-0.164332,0.401029,1.625058,-0.1570,0.7000
1787920179.400891,-0.164008,0.400168,1.624401,-0.1501,0.7000
1787920179.407345,-0.163659,0.399026,1.623796,-0.1590,0.7000
1787920179.413863,-0.163160,0.398284,1.623343,-0.1466,0.7000
1787920179.421221,-0.163240,0.397320,1.621440,-0.1417,0.7000
1787920179.427716,-0.162802,0.396214,1.620595,-0.1512,0.7000
1787920179.433937,-0.162479,0.395108,1.619929,-0.1599,0.7000
1787920179.440781,-0.162737,0.393806,1.618185,-0.1684,0.7000
1787920179.448735,-0.162426,0.392762,1.616988,-0.1578,0.7000
1787920179.454674,-0.162297,0.391694,1.615339,-0.1646,0.7000
1787920179.460929,-0.162721,0.390679,1.612701,-0.1630,0.7000
1787920179.467735,-0.162357,0.389420,1.611701,-0.1702,0.7000
1787920179.474152,-0.161801,0.388228,1.610692,-0.1759,0.7000
1787920179.481092,-0.162375,0.387104,1.607741,-0.1707,0.7000
1787920179.487513,-0.162142,0.386035,1.606274,-0.1698,0.7000
1787920179.494078,-0.161861,0.384822,1.605139,-0.1747,0.7000
1787920179.500780,-0.161976,0.383774,1.602896,-0.1690,0.7000
1787920179.507599,-0.161601,0.382256,1.602085,-0.1856,0.7000
1787920179.514408,-0.160859,0.381175,1.601269,-0.1785,0.7000
1787920179.520502,-0.161000,0.380019,1.599415,-0.1816,0.7000
1787920179.528015,-0.160472,0.378728,1.598957,-0.1793,0.7000
1787920179.535977,-0.160532,0.377597,1.597094,-0.1680,0.7000
1787920179.541139,-0.160258,0.376558,1.595874,-0.1784,0.7000
1787920179.547684,-0.159744,0.375293,1.594761,-0.1834,0.7000
1787920179.554059,-0.159292,0.374196,1.594197,-0.1805,0.7000
1787920179.562038,-0.159556,0.372969,1.592174,-0.1722,0.7000
1787920179.567613,-0.159551,0.371838,1.590210,-0.1814,0.7000
1787920179.603717,-0.159604,0.370659,1.588856,-0.1368,0.7000
1787920179.605683,-0.159223,0.369496,1.586931,-0.2742,0.7000
1787920179.607575,-0.158780,0.368371,1.586428,-0.3713,0.7000
1787920179.608665,-0.158789,0.367139,1.584122,-0.5992,0.7000
1787920179.609503,-0.158868,0.366010,1.581716,-0.8232,0.7000
1787920179.610486,-0.158484,0.364930,1.581117,-0.9068,0.7000
1787920179.615387,-0.158544,0.363605,1.578877,-0.7159,0.7000
1787920179.621034,-0.157849,0.362522,1.578626,-0.5589,0.7000
1787920179.627682,-0.157611,0.361384,1.577257,-0.4427,0.7000
1787920179.635916,-0.157933,0.360449,1.574754,-0.3439,0.7000
1787920179.640631,-0.157884,0.359356,1.573057,-0.3103,0.7000
1787920179.647226,-0.158004,0.358239,1.571562,-0.2680,0.7000
1787920179.654558,-0.157886,0.357052,1.569311,-0.2362,0.7000
1787920179.660835,-0.157469,0.355901,1.568590,-0.2203,0.7000
1787920179.667490,-0.157260,0.355025,1.567075,-0.1937,0.7000
1787920179.674269,-0.156911,0.353594,1.566620,-0.1988,0.7000
1787920179.680468,-0.157218,0.352685,1.564207,-0.1833,0.7000
1787920179.690556,-0.156555,0.351579,1.563659,-0.1610,0.7000
1787920179.694435,-0.156432,0.350474,1.562341,-0.1981,0.7000
1787920179.701860,-0.156204,0.349473,1.561085,-0.1790,0.7000
1787920179.707662,-0.156041,0.348309,1.559938,-0.1854,0.7000
1787920179.714172,-0.155769,0.347432,1.558836,-0.1700,0.7000
1787920179.721267,-0.155863,0.346235,1.557450,-0.1697,0.7000
1787920179.727691,-0.155610,0.345121,1.555987,-0.1706,0.7000
1787920179.734004,-0.155305,0.344308,1.555024,-0.1579,0.7000
1787920179.740668,-0.155193,0.343258,1.553289,-0.1576,0.7000
1787920179.747954,-0.155538,0.342327,1.551718,-0.1490,0.7000
1787920179.756181,-0.155332,0.341232,1.550371,-0.1440,0.7000
1787920179.762523,-0.155280,0.340207,1.548516,-0.1493,0.7000
1787920179.767797,-0.155102,0.339336,1.547233,-0.1538,0.7000
1787920179.774079,-0.154523,0.338122,1.546745,-0.1649,0.7000
1787920179.780732,-0.154422,0.337029,1.544689,-0.1646,0.7000
1787920179.787861,-0.154370,0.336039,1.543735,-0.1568,0.7000
1787920179.794878,-0.154136,0.334873,1.542536,-0.1593,0.7000
1787920179.800889,-0.154014,0.333748,1.541040,-0.1675,0.7000
1787920179.807973,-0.154291,0.332648,1.539153,-0.1642,0.7000
1787920179.814214,-0.153966,0.331292,1.538049,-0.1795,0.7000
1787920179.820818,-0.153589,0.330367,1.536935,-0.1671,0.7000
1787920179.827863,-0.154231,0.329331,1.533871,-0.1621,0.7000
1787920179.835047,-0.153793,0.328175,1.533027,-0.1610,0.7000
1787920179.841595,-0.153819,0.326992,1.531571,-0.1669,0.7000
1787920179.847670,-0.153710,0.325900,1.529996,-0.1705,0.7000
1787920179.853963,-0.153641,0.324828,1.528021,-0.1703,0.7000
1787920179.860565,-0.153387,0.323703,1.526931,-0.1698,0.7000
1787920179.868679,-0.153375,0.322828,1.525247,-0.1511,0.7000
1787920179.895241,-0.153228,0.321613,1.523730,-0.1194,0.7000
1787920179.896848,-0.153197,0.320374,1.522440,-0.3146,0.7000
1787920179.899122,-0.153116,0.319308,1.520843,-0.3601,0.7000
1787920179.900887,-0.153002,0.318159,1.519471,-0.4460,0.7000
1787920179.906926,-0.152747,0.316963,1.519050,-0.3709,0.7000
1787920179.908950,-0.153471,0.316096,1.515748,-0.3939,0.7000
1787920179.914298,-0.153098,0.315033,1.514840,-0.3340,0.7000
1787920179.920684,-0.153212,0.314027,1.512480,-0.2813,0.7000
1787920179.927517,-0.153265,0.312810,1.510617,-0.2504,0.7000
1787920179.933784,-0.152875,0.311724,1.509859,-0.2260,0.7000
1787920179.940970,-0.153054,0.310641,1.508113,-0.2038,0.7000
1787920179.947454,-0.153165,0.309513,1.506409,-0.1951,0.7000
1787920179.954064,-0.152624,0.308202,1.506008,-0.1943,0.7000
1787920179.961066,-0.152657,0.307241,1.504645,-0.1772,0.7000
1787920179.968243,-0.152272,0.306003,1.504001,-0.1746,0.7000
1787920179.974006,-0.152373,0.305052,1.502162,-0.1720,0.7000
1787920179.982042,-0.152071,0.304098,1.501531,-0.1551,0.7000
1787920179.987554,-0.151582,0.303006,1.501379,-0.1661,0.7000
1787920179.997879,-0.152101,0.301803,1.498998,-0.1522,0.7000
1787920180.002078,-0.151669,0.300946,1.498587,-0.1654,0.7000
1787920180.008026,-0.151192,0.299733,1.498156,-0.1750,0.7000
1787920180.015412,-0.151558,0.298696,1.496038,-0.1656,0.7000
1787920180.021065,-0.151609,0.297754,1.494608,-0.1660,0.7000
1787920180.027306,-0.151512,0.296764,1.492995,-0.1633,0.7000
1787920180.034100,-0.151954,0.295750,1.490330,-0.1605,0.7000
1787920180.040553,-0.151816,0.294869,1.489141,-0.1526,0.7000
1787920180.048085,-0.151527,0.293564,1.488299,-0.1577,0.7000
1787920180.054712,-0.151396,0.292670,1.486754,-0.1502,0.7000
1787920180.060789,-0.151647,0.291667,1.484546,-0.1556,0.7000
1787920180.068976,-0.151161,0.290430,1.484315,-0.1525,0.7000
1787920180.074194,-0.151221,0.289398,1.482670,-0.1661,0.7000
1787920180.081435,-0.151445,0.288233,1.480866,-0.1652,0.7000
1787920180.089191,-0.151737,0.287301,1.479303,-0.1526,0.7000
1787920180.093763,-0.151381,0.286186,1.477956,-0.1775,0.7000
1787920180.100870,-0.151878,0.285158,1.475920,-0.1695,0.7000
1787920180.107567,-0.151317,0.284024,1.475615,-0.1668,0.7000
1787920180.114165,-0.151324,0.282945,1.473803,-0.1656,0.7000
1787920180.120832,-0.151292,0.281817,1.472585,-0.1663,0.7000
1787920180.128564,-0.151264,0.280845,1.471073,-0.1538,0.7000
1787920180.133989,-0.151412,0.279616,1.469558,-0.1761,0.7000
1787920180.140935,-0.151224,0.278530,1.468519,-0.1691,0.7000
1787920180.147630,-0.151022,0.277503,1.467351,-0.1632,0.7000
1787920180.154418,-0.151065,0.276342,1.466129,-0.1655,0.7000
1787920180.160748,-0.151159,0.275398,1.464173,-0.1608,0.7000
1787920180.167125,-0.151005,0.273909,1.463585,-0.1814,0.7000
1787920180.175813,-0.151174,0.272761,1.461987,-0.1671,0.7000
1787920180.202615,-0.151192,0.271832,1.459551,-0.1273,0.7000
1787920180.205215,-0.150566,0.270613,1.459693,-0.2209,0.7000
1787920180.207433,-0.150684,0.269490,1.457812,-0.3073,0.7000
1787920180.208622,-0.151109,0.268529,1.455707,-0.4683,0.7000
1787920180.209453,-0.151098,0.267417,1.454312,-0.7263,0.7000
1787920180.214093,-0.151404,0.266272,1.452429,-0.5842,0.7000
1787920180.220720,-0.151438,0.265386,1.451048,-0.4490,0.7000
1787920180.227764,-0.151124,0.264298,1.449918,-0.3587,0.7000
1787920180.233932,-0.150970,0.263252,1.448752,-0.3007,0.7000
1787920180.240865,-0.151147,0.262216,1.447114,-0.2559,0.7000
1787920180.247985,-0.150880,0.261086,1.446366,-0.2250,0.7000
1787920180.254091,-0.151192,0.260088,1.444090,-0.2081,0.7000
1787920180.261103,-0.151343,0.259045,1.442465,-0.1907,0.7000
1787920180.269506,-0.151171,0.258058,1.441419,-0.1677,0.7000
1787920180.275146,-0.151215,0.256899,1.439853,-0.1788,0.7000
1787920180.281087,-0.151455,0.255866,1.437882,-0.1785,0.7000
1787920180.288377,-0.151310,0.254933,1.436709,-0.1622,0.7000
1787920180.294072,-0.151345,0.253806,1.435300,-0.1726,0.7000
1787920180.305165,-0.151589,0.252811,1.433316,-0.1484,0.7000
1787920180.307457,-0.151244,0.251907,1.432699,-0.2148,0.7000
1787920180.314779,-0.150977,0.250820,1.432025,-0.1930,0.7000
1787920180.321424,-0.151258,0.249862,1.429778,-0.1797,0.7000
1787920180.328067,-0.151331,0.248818,1.429044,-0.1729,0.7000
1787920180.334914,-0.151327,0.247840,1.427899,-0.1634,0.7000
1787920180.340810,-0.151565,0.246807,1.425444,-0.1682,0.7000
1787920180.347515,-0.151552,0.245858,1.424588,-0.1596,0.7000
1787920180.354358,-0.151424,0.244883,1.423445,-0.1532,0.7000
1787920180.361143,-0.151740,0.243905,1.421468,-0.1521,0.7000
1787920180.367726,-0.151461,0.242810,1.420738,-0.1539,0.7000
1787920180.376604,-0.151630,0.241720,1.419322,-0.1450,0.7000
1787920180.381035,-0.151772,0.240883,1.417239,-0.1590,0.7000
1787920180.387784,-0.152041,0.239772,1.415656,-0.1619,0.7000
1787920180.394397,-0.151900,0.238735,1.414529,-0.1588,0.7000
1787920180.401463,-0.151658,0.237520,1.413612,-0.1605,0.7000
1787920180.408482,-0.152172,0.236669,1.411398,-0.1517,0.7000
1787920180.413861,-0.151808,0.235547,1.410291,-0.1648,0.7000
1787920180.420904,-0.151844,0.234306,1.409613,-0.1678,0.7000
1787920180.427715,-0.152091,0.233337,1.407173,-0.1613,0.7000
1787920180.434278,-0.152225,0.232601,1.405349,-0.1471,0.7000
1787920180.441197,-0.152414,0.231364,1.403809,-0.1572,0.7000
1787920180.447611,-0.152673,0.230483,1.401812,-0.1527,0.7000
1787920180.455094,-0.152593,0.229613,1.400432,-0.1407,0.7000
1787920180.461127,-0.152245,0.228363,1.399940,-0.1568,0.7000
1787920180.467668,-0.152304,0.227248,1.398585,-0.1607,0.7000
1787920180.474407,-0.152189,0.226164,1.397541,-0.1591,0.7000
1787920180.522671,-0.152386,0.225021,1.395842,-0.1186,0.7000
1787920180.523875,-0.152618,0.223926,1.394311,-0.3615,0.7000
1787920180.525244,-0.153190,0.222944,1.391736,-0.4873,0.7000
1787920180.527370,-0.152475,0.221774,1.391815,-0.4855,0.7000
1787920180.529047,-0.152958,0.220726,1.389914,-0.5399,0.7000
1787920180.530137,-0.152738,0.219476,1.388938,-0.7055,0.7000
1787920180.530980,-0.152979,0.218536,1.386869,-0.8385,0.7000
1787920180.531848,-0.153208,0.217454,1.385024,-0.9688,0.7000
1787920180.533966,-0.153103,0.216368,1.383837,-0.8266,0.7000
1787920180.540660,-0.153655,0.215341,1.381647,-0.6285,0.7000
1787920180.547791,-0.153384,0.214167,1.381232,-0.4863,0.7000
1787920180.554082,-0.153105,0.212971,1.380655,-0.3939,0.7000
1787920180.561206,-0.153469,0.212050,1.378607,-0.3167,0.7000
1787920180.567417,-0.153458,0.210882,1.377618,-0.2770,0.7000
1787920180.577047,-0.153487,0.209939,1.376054,-0.2229,0.7000
1787920180.581433,-0.153889,0.208926,1.374456,-0.2293,0.7000
1787920180.587806,-0.154104,0.208025,1.372568,-0.2041,0.7000
1787920180.594172,-0.153956,0.206878,1.371990,-0.1945,0.7000
1787920180.601597,-0.154031,0.205777,1.370717,-0.1803,0.7000
1787920180.607340,-0.154340,0.205011,1.368418,-0.1687,0.7000
1787920180.614150,-0.154185,0.203887,1.367526,-0.1652,0.7000
1787920180.621026,-0.154362,0.202791,1.366296,-0.1640,0.7000
1787920180.627246,-0.154558,0.201966,1.364433,-0.1557,0.7000
1787920180.634438,-0.154754,0.200995,1.362537,-0.1503,0.7000
1787920180.640645,-0.154428,0.199729,1.362358,-0.1618,0.7000
1787920180.648898,-0.154882,0.198869,1.360127,-0.1473,0.7000
1787920180.654349,-0.154896,0.197818,1.358948,-0.1598,0.7000
1787920180.660877,-0.154946,0.196706,1.357888,-0.1623,0.7000
1787920180.667531,-0.154825,0.195779,1.357080,-0.1533,0.7000
1787920180.677884,-0.154742,0.194686,1.356021,-0.1377,0.7000
1787920180.683208,-0.155000,0.193854,1.354515,-0.1453,0.7000
1787920180.688412,-0.154811,0.192835,1.353966,-0.1568,0.7000
1787920180.695235,-0.154826,0.191920,1.352632,-0.1492,0.7000
1787920180.764508,-0.154999,0.190824,1.351382,-0.1092,0.7000
1787920180.765803,-0.155108,0.189939,1.350098,-0.2821,0.7000
1787920180.766987,-0.155056,0.188885,1.349367,-0.4549,0.7000
1787920180.768738,-0.154990,0.187862,1.348298,-0.4869,0.7000
1787920180.770495,-0.155036,0.186970,1.347177,-0.4911,0.7000
1787920180.771416,-0.155617,0.186142,1.344863,-0.6489,0.7000
1787920180.772179,-0.155491,0.184908,1.344121,-0.9163,0.7000
1787920180.773022,-0.155320,0.183847,1.343388,-0.9954,0.7000
1787920180.774756,-0.156107,0.183059,1.340898,-0.8605,0.7000
1787920180.776429,-0.155890,0.182062,1.340020,-0.7675,0.7000
1787920180.778070,-0.155709,0.181089,1.339083,-0.7028,0.7000
1787920180.778884,-0.155990,0.180167,1.337471,-0.8469,0.7000
1787920180.780703,-0.156364,0.179391,1.335139,-0.7316,0.7000
1787920180.790750,-0.156382,0.178044,1.334663,-0.5514,0.7000
1787920180.830216,-0.156483,0.177041,1.333289,-0.3935,0.7000
1787920180.831191,-0.156827,0.176255,1.330704,-0.5357,0.7000
1787920180.832046,-0.156469,0.174886,1.330960,-0.8113,0.7000
1787920180.833668,-0.156554,0.174006,1.328979,-0.7297,0.7000
1787920180.835516,-0.157055,0.173183,1.326951,-0.6602,0.7000
1787920180.836782,-0.157260,0.171865,1.326008,-0.7768,0.7000
1787920180.837629,-0.157200,0.170852,1.324355,-0.8864,0.7000
1787920180.840586,-0.157602,0.169983,1.322114,-0.7159,0.7000
1787920180.847785,-0.157387,0.168529,1.321577,-0.5577,0.7000
1787920180.855100,-0.157702,0.167729,1.319263,-0.4254,0.7000
1787920180.862305,-0.157968,0.166693,1.317782,-0.3423,0.7000
1787920180.867442,-0.158064,0.165576,1.315932,-0.3042,0.7000
1787920180.877262,-0.158314,0.164630,1.314457,-0.2428,0.7000
1787920180.882536,-0.158680,0.163503,1.313132,-0.2372,0.7000
1787920180.896164,-0.158632,0.162500,1.311040,-0.1871,0.7000
1787920180.897253,-0.158590,0.161406,1.310143,-0.4195,0.7000
1787920180.901659,-0.159223,0.160668,1.307604,-0.3534,0.7000
1787920180.907802,-0.159159,0.159646,1.306187,-0.2947,0.7000
1787920180.914343,-0.158814,0.158242,1.306200,-0.2643,0.7000
1787920180.920933,-0.159302,0.157280,1.304418,-0.2331,0.7000
1787920180.927429,-0.159483,0.156389,1.302503,-0.2051,0.7000
1787920180.934112,-0.159592,0.155228,1.301450,-0.1951,0.7000
1787920180.940733,-0.159194,0.154297,1.300695,-0.1724,0.7000
1787920180.947778,-0.159988,0.153508,1.297920,-0.1621,0.7000
1787920180.954674,-0.159795,0.152563,1.297283,-0.1508,0.7000
1787920180.961190,-0.159556,0.151423,1.296310,-0.1531,0.7000
1787920180.967529,-0.159841,0.150399,1.294940,-0.1575,0.7000
1787920180.973855,-0.159759,0.149457,1.294194,-0.1521,0.7000
1787920180.981675,-0.160052,0.148584,1.292499,-0.1418,0.7000
1787920180.987235,-0.159871,0.147712,1.291229,-0.1418,0.7000
1787920180.995614,-0.160381,0.146836,1.289549,-0.1344,0.7000
1787920181.000769,-0.160405,0.146034,1.287883,-0.1393,0.7000
1787920181.007679,-0.160197,0.144854,1.287253,-0.1442,0.7000
1787920181.013942,-0.160628,0.143964,1.285246,-0.1477,0.7000
1787920181.021315,-0.160420,0.143184,1.284327,-0.1314,0.7000
1787920181.028247,-0.160694,0.142379,1.282885,-0.1287,0.7000
1787920181.035104,-0.160818,0.141502,1.281506,-0.1285,0.7000
1787920181.041128,-0.161165,0.140654,1.280220,-0.1353,0.7000
1787920181.048060,-0.160944,0.139630,1.279930,-0.1344,0.7000
1787920181.054066,-0.160920,0.138642,1.278585,-0.1410,0.7000
1787920181.060916,-0.161229,0.137711,1.277509,-0.1417,0.7000
1787920181.067696,-0.161406,0.136667,1.276673,-0.1456,0.7000
1787920181.074278,-0.161513,0.135994,1.275136,-0.1327,0.7000
1787920181.080765,-0.161899,0.135145,1.273273,-0.1357,0.7000
1787920181.087741,-0.162265,0.134410,1.271981,-0.1298,0.7000
1787920181.099144,-0.162208,0.133221,1.271408,-0.1203,0.7000
1787920181.123946,-0.162292,0.132283,1.269626,-0.0954,0.7000
1787920181.127785,-0.162125,0.131365,1.268777,-0.1314,0.7000
1787920181.128948,-0.161990,0.130283,1.268871,-0.3480,0.7000
1787920181.130194,-0.162934,0.129645,1.265565,-0.4583,0.7000
1787920181.132229,-0.163107,0.128625,1.264190,-0.4719,0.7000
1787920181.134140,-0.163579,0.127835,1.262875,-0.4709,0.7000
1787920181.141966,-0.163954,0.127059,1.260971,-0.3623,0.7000
1787920181.147317,-0.164241,0.126094,1.259272,-0.3101,0.7000
1787920181.154831,-0.164478,0.125369,1.257911,-0.2475,0.7000
1787920181.161149,-0.164144,0.124105,1.257731,-0.2254,0.7000
1787920181.168418,-0.164309,0.123010,1.256358,-0.2029,0.7000
1787920181.174031,-0.164843,0.122153,1.254753,-0.1944,0.7000
1787920181.181597,-0.164837,0.121168,1.253632,-0.1731,0.7000
1787920181.187488,-0.165241,0.120196,1.252354,-0.1746,0.7000
1787920181.195327,-0.165689,0.119241,1.250698,-0.1623,0.7000
1787920181.201315,-0.165610,0.118257,1.249691,-0.1591,0.7000
1787920181.207465,-0.166064,0.117322,1.248053,-0.1617,0.7000
1787920181.214212,-0.166202,0.116074,1.247156,-0.1678,0.7000
1787920181.220700,-0.165908,0.114918,1.246397,-0.1638,0.7000
1787920181.227541,-0.166611,0.114031,1.243941,-0.1614,0.7000
1787920181.234668,-0.166842,0.113210,1.241528,-0.1488,0.7000
1787920181.240888,-0.167243,0.111942,1.240301,-0.1683,0.7000
1787920181.247995,-0.167621,0.111085,1.238508,-0.1572,0.7000
1787920181.253898,-0.168092,0.110191,1.236008,-0.1608,0.7000
1787920181.261372,-0.168089,0.109016,1.235214,-0.1571,0.7000
1787920181.267756,-0.167662,0.107792,1.234334,-0.1576,0.7000
1787920181.274299,-0.168571,0.106762,1.232127,-0.1687,0.7000
1787920181.281674,-0.168589,0.105798,1.231023,-0.1553,0.7000
1787920181.287902,-0.169112,0.104852,1.228910,-0.1601,0.7000
1787920181.294532,-0.169184,0.103716,1.228423,-0.1615,0.7000
1787920181.302103,-0.169527,0.102716,1.226959,-0.1550,0.7000
1787920181.307725,-0.169714,0.101497,1.225738,-0.1731,0.7000
1787920181.314646,-0.169989,0.100527,1.224556,-0.1647,0.7000
1787920181.321067,-0.170247,0.099658,1.222741,-0.1576,0.7000
1787920181.332458,-0.170528,0.098577,1.221298,-0.1396,0.7000
1787920181.337647,-0.170953,0.097683,1.219855,-0.1547,0.7000
1787920181.343188,-0.170888,0.096767,1.218593,-0.1536,0.7000
1787920181.348111,-0.170980,0.095561,1.217759,-0.1784,0.7000
1787920181.355040,-0.171488,0.094650,1.215977,-0.1695,0.7000
1787920181.360967,-0.171487,0.093505,1.215075,-0.1730,0.7000
1787920181.367872,-0.171700,0.092540,1.213707,-0.1636,0.7000
1787920181.373832,-0.171851,0.091377,1.212746,-0.1720,0.7000
1787920181.380614,-0.172119,0.090443,1.211360,-0.1633,0.7000
1787920181.387997,-0.172178,0.089401,1.209940,-0.1548,0.7000
1787920181.394588,-0.172498,0.088607,1.208144,-0.1473,0.7000
1787920181.445907,-0.172916,0.087486,1.206947,-0.1101,0.7000
1787920181.448385,-0.173484,0.086715,1.205136,-0.1888,0.7000
1787920181.449821,-0.173408,0.085643,1.204397,-0.3355,0.7000
1787920181.450722,-0.173570,0.084820,1.203021,-0.5100,0.7000
1787920181.452887,-0.173600,0.083631,1.202886,-0.5123,0.7000
1787920181.454242,-0.173685,0.082616,1.201919,-0.5748,0.7000
1787920181.455116,-0.173997,0.081775,1.200655,-0.7104,0.7000
1787920181.456678,-0.174524,0.080950,1.199052,-0.6816,0.7000
1787920181.458536,-0.174798,0.079882,1.198408,-0.6539,0.7000
1787920181.460916,-0.175022,0.078998,1.196763,-0.5718,0.7000
1787920181.467860,-0.174984,0.078091,1.196012,-0.4361,0.7000
1787920181.474670,-0.175380,0.077022,1.194911,-0.3555,0.7000
1787920181.481129,-0.175542,0.076197,1.193203,-0.2872,0.7000
1787920181.488052,-0.175778,0.075181,1.192170,-0.2457,0.7000
1787920181.494138,-0.176095,0.074292,1.190651,-0.2185,0.7000
1787920181.502451,-0.176529,0.073401,1.189152,-0.1886,0.7000
1787920181.507573,-0.176648,0.072217,1.188051,-0.1990,0.7000
1787920181.514483,-0.177147,0.071470,1.186071,-0.1775,0.7000
1787920181.520883,-0.177294,0.070380,1.185209,-0.1741,0.7000
1787920181.527524,-0.177436,0.069237,1.184159,-0.1722,0.7000
1787920181.534129,-0.177642,0.068306,1.182670,-0.1632,0.7000
1787920181.542160,-0.178099,0.067137,1.181500,-0.1611,0.7000
1787920181.547315,-0.178195,0.066241,1.180446,-0.1632,0.7000
1787920181.553879,-0.178502,0.065090,1.178943,-0.1682,0.7000
1787920181.561360,-0.178605,0.064100,1.177709,-0.1560,0.7000
1787920181.567786,-0.179062,0.063074,1.175910,-0.1616,0.7000
1787920181.574181,-0.179070,0.061798,1.175425,-0.1685,0.7000
1787920181.580601,-0.179274,0.060707,1.174062,-0.1687,0.7000
1787920181.587249,-0.179813,0.059822,1.172373,-0.1643,0.7000
1787920181.595096,-0.180145,0.058717,1.171054,-0.1589,0.7000
1787920181.600829,-0.180612,0.057608,1.169008,-0.1742,0.7000
1787920181.609426,-0.181133,0.056739,1.166974,-0.1569,0.7000
1787920181.613848,-0.181333,0.055617,1.165727,-0.1852,0.7000
1787920181.620943,-0.181844,0.054542,1.163938,-0.1799,0.7000
1787920181.627815,-0.181739,0.053500,1.162859,-0.1659,0.7000
1787920181.639450,-0.182199,0.052158,1.161294,-0.1526,0.7000
1787920181.641303,-0.182739,0.051427,1.158953,-0.2501,0.7000
1787920181.647237,-0.182908,0.050233,1.158075,-0.2339,0.7000
1787920181.654413,-0.182835,0.048870,1.157092,-0.2146,0.7000
1787920181.661074,-0.183324,0.047786,1.155174,-0.2038,0.7000
1787920181.667523,-0.183440,0.046494,1.154578,-0.1998,0.7000
1787920181.673938,-0.183462,0.045180,1.153639,-0.1965,0.7000
1787920181.682970,-0.184338,0.044597,1.150840,-0.1671,0.7000
1787920181.688088,-0.184483,0.043251,1.150181,-0.1925,0.7000
1787920181.694126,-0.184840,0.042149,1.148983,-0.1919,0.7000
1787920181.701653,-0.185308,0.041269,1.147026,-0.1740,0.7000
1787920181.712018,-0.185484,0.039969,1.146172,-0.1582,0.7000
1787920181.738819,-0.186091,0.039055,1.144159,-0.1228,0.7000
1787920181.739926,-0.186430,0.038338,1.142072,-0.3011,0.7000
1787920181.751717,-0.186277,0.036819,1.141912,-0.2443,0.7000
1787920181.752766,-0.186767,0.035944,1.139905,-0.4570,0.7000
1787920181.753583,-0.186855,0.034831,1.138642,-0.7046,0.7000
1787920181.755389,-0.187155,0.033552,1.138017,-0.7068,0.7000
1787920181.756368,-0.187748,0.032721,1.135811,-0.8024,0.7000
1787920181.761091,-0.187647,0.031755,1.135095,-0.6146,0.7000
1787920181.767903,-0.188061,0.030588,1.133731,-0.4845,0.7000
1787920181.774189,-0.187964,0.029542,1.133582,-0.3824,0.7000
1787920181.780998,-0.188245,0.028416,1.132427,-0.3179,0.7000
1787920181.787779,-0.188782,0.027488,1.130831,-0.2698,0.7000
1787920181.794096,-0.189034,0.026496,1.130073,-0.2365,0.7000
1787920181.801269,-0.189364,0.025640,1.128699,-0.2038,0.7000
1787920181.809644,-0.189640,0.024685,1.127282,-0.1779,0.7000
1787920181.814688,-0.190106,0.023811,1.126043,-0.1833,0.7000
1787920181.820973,-0.190129,0.022653,1.125446,-0.1787,0.7000
1787920181.827615,-0.190456,0.021766,1.123846,-0.1676,0.7000
1787920181.835155,-0.190645,0.020677,1.122920,-0.1596,0.7000
1787920181.841141,-0.191311,0.019811,1.121318,-0.1653,0.7000
1787920181.848149,-0.191474,0.018802,1.120530,-0.1577,0.7000
1787920181.854175,-0.192152,0.017739,1.118735,-0.1727,0.7000
1787920181.861265,-0.192982,0.017018,1.116140,-0.1637,0.7000
1787920181.867226,-0.192936,0.015905,1.115504,-0.1639,0.7000
1787920181.874393,-0.192815,0.014697,1.115623,-0.1579,0.7000
1787920181.881005,-0.193298,0.013726,1.113779,-0.1598,0.7000
1787920181.889737,-0.193638,0.012683,1.112685,-0.1491,0.7000
1787920181.894253,-0.194090,0.011684,1.111142,-0.1772,0.7000
1787920181.900603,-0.194611,0.010804,1.109602,-0.1722,0.7000
1787920181.907670,-0.194983,0.009467,1.108393,-0.1784,0.7000
1787920181.916636,-0.195550,0.008493,1.106784,-0.1625,0.7000
1787920181.921495,-0.195759,0.007644,1.105562,-0.1664,0.7000
1787920181.927747,-0.196322,0.006604,1.103694,-0.1732,0.7000
1787920181.933973,-0.196042,0.005262,1.104062,-0.1729,0.7000
1787920181.942964,-0.196680,0.004332,1.101945,-0.1583,0.7000
1787920181.947562,-0.197211,0.003434,1.100073,-0.1788,0.7000
1787920181.954580,-0.197561,0.002268,1.098739,-0.1763,0.7000
1787920181.961043,-0.197981,0.001097,1.097627,-0.1807,0.7000
1787920181.967684,-0.198340,0.000202,1.095870,-0.1699,0.7000
1787920181.974515,-0.198505,-0.000941,1.095128,-0.1668,0.7000
1787920181.981253,-0.198804,-0.002283,1.094611,-0.1760,0.7000
1787920181.987638,-0.199661,-0.003081,1.091667,-0.1750,0.7000
1787920181.994599,-0.199806,-0.004256,1.091289,-0.1704,0.7000
1787920182.000855,-0.200124,-0.005379,1.090377,-0.1740,0.7000
1787920182.023027,-0.200469,-0.006279,1.088136,-0.1348,0.7000
1787920182.054904,-0.201134,-0.007261,1.086733,-0.1054,0.7000
1787920182.056147,-0.201940,-0.008095,1.084691,-0.3426,0.7000
1787920182.057109,-0.201667,-0.009429,1.084545,-0.5676,0.7000
1787920182.058914,-0.201929,-0.010609,1.083191,-0.5911,0.7000
1787920182.060321,-0.202495,-0.011723,1.082117,-0.6802,0.7000
1787920182.061136,-0.202724,-0.012814,1.080722,-0.8699,0.7000
1787920182.062691,-0.203182,-0.013751,1.079432,-0.8100,0.7000
1787920182.064641,-0.204015,-0.014599,1.076872,-0.7426,0.7000
1787920182.082927,-0.204260,-0.015647,1.076074,-0.5369,0.7000
1787920182.084839,-0.204800,-0.017001,1.074689,-0.6030,0.7000
1787920182.086586,-0.205094,-0.017744,1.072844,-0.5583,0.7000
1787920182.088413,-0.205447,-0.018943,1.072016,-0.5914,0.7000
1787920182.093897,-0.205599,-0.020275,1.070894,-0.4819,0.7000
1787920182.101220,-0.206245,-0.020965,1.068929,-0.3748,0.7000
1787920182.107362,-0.206628,-0.021799,1.067551,-0.3071,0.7000
1787920182.116845,-0.207225,-0.023111,1.066109,-0.2604,0.7000
1787920182.121974,-0.207764,-0.023980,1.064947,-0.2420,0.7000
1787920182.127821,-0.207767,-0.025194,1.064408,-0.2239,0.7000
1787920182.134039,-0.208527,-0.026089,1.062842,-0.2123,0.7000
1787920182.141043,-0.208540,-0.026972,1.061700,-0.1819,0.7000
1787920182.148450,-0.208662,-0.027952,1.061067,-0.1644,0.7000
1787920182.154425,-0.209314,-0.028950,1.059495,-0.1748,0.7000
1787920182.160920,-0.209984,-0.029780,1.057379,-0.1710,0.7000
1787920182.167367,-0.210310,-0.030626,1.056386,-0.1614,0.7000
1787920182.174107,-0.210410,-0.031905,1.055830,-0.1647,0.7000
1787920182.181003,-0.210984,-0.032599,1.053695,-0.1539,0.7000
1787920182.187720,-0.211329,-0.033608,1.053001,-0.1545,0.7000
1787920182.194726,-0.211530,-0.034539,1.051746,-0.1470,0.7000
1787920182.200898,-0.211845,-0.035514,1.050304,-0.1517,0.7000
1787920182.208068,-0.212311,-0.036540,1.049437,-0.1531,0.7000
1787920182.214223,-0.212807,-0.037752,1.048065,-0.1704,0.7000
1787920182.223794,-0.213647,-0.038133,1.044937,-0.1428,0.7000
1787920182.228095,-0.214102,-0.039146,1.044157,-0.1770,0.7000
1787920182.234369,-0.214595,-0.040053,1.042426,-0.1733,0.7000
1787920182.240756,-0.214744,-0.040977,1.040946,-0.1623,0.7000
1787920182.250150,-0.214922,-0.042289,1.040628,-0.1526,0.7000
1787920182.254002,-0.215012,-0.043449,1.040169,-0.1883,0.7000
1787920182.261041,-0.215344,-0.044245,1.038168,-0.1682,0.7000
1787920182.267567,-0.216056,-0.045351,1.036922,-0.1782,0.7000
1787920182.274200,-0.216726,-0.046057,1.035179,-0.1677,0.7000
1787920182.281064,-0.217599,-0.046562,1.031936,-0.1559,0.7000
1787920182.287538,-0.218105,-0.047517,1.030790,-0.1591,0.7000
1787920182.294416,-0.218171,-0.048913,1.030590,-0.1651,0.7000
1787920182.301630,-0.219001,-0.049772,1.027898,-0.1640,0.7000
1787920182.307197,-0.219088,-0.050689,1.027354,-0.1595,0.7000
1787920182.314366,-0.219175,-0.051787,1.026695,-0.1529,0.7000
1787920182.322046,-0.219678,-0.052704,1.025136,-0.1478,0.7000
1787920182.368129,-0.220091,-0.053475,1.023275,-0.1091,0.7000
1787920182.370576,-0.220427,-0.054385,1.021857,-0.1930,0.7000
1787920182.372586,-0.221261,-0.055176,1.019841,-0.3009,0.7000
1787920182.374519,-0.222004,-0.056152,1.018579,-0.4001,0.7000
1787920182.376426,-0.222260,-0.057188,1.017626,-0.4398,0.7000
1787920182.378292,-0.222668,-0.058094,1.015910,-0.4663,0.7000
1787920182.380192,-0.223180,-0.059050,1.014435,-0.4973,0.7000
1787920182.382022,-0.223583,-0.060043,1.013232,-0.5212,0.7000
1787920182.383891,-0.224007,-0.060769,1.010721,-0.4997,0.7000
1787920182.387798,-0.224419,-0.062087,1.010427,-0.4523,0.7000
1787920182.394206,-0.224766,-0.063042,1.009451,-0.3631,0.7000
1787920182.401277,-0.225300,-0.063780,1.006972,-0.2928,0.7000
1787920182.408016,-0.226185,-0.064572,1.004993,-0.2558,0.7000
1787920182.413983,-0.226255,-0.065690,1.005053,-0.2284,0.7000
1787920182.421052,-0.226694,-0.066565,1.002949,-0.2012,0.7000
1787920182.428624,-0.227211,-0.067674,1.002004,-0.1889,0.7000
1787920182.434482,-0.227682,-0.068457,1.001020,-0.1790,0.7000
1787920182.440966,-0.228277,-0.069399,0.999406,-0.1769,0.7000
1787920182.448351,-0.228601,-0.070410,0.998389,-0.1654,0.7000
1787920182.455143,-0.229006,-0.071462,0.997633,-0.1646,0.7000
1787920182.460959,-0.229912,-0.072072,0.995122,-0.1670,0.7000
1787920182.467935,-0.230529,-0.072792,0.993124,-0.1573,0.7000
1787920182.474202,-0.230817,-0.074042,0.992890,-0.1678,0.7000
1787920182.480947,-0.231322,-0.074824,0.990966,-0.1589,0.7000
1787920182.487568,-0.231587,-0.076056,0.990280,-0.1645,0.7000
1787920182.494009,-0.231877,-0.077161,0.990090,-0.1656,0.7000
1787920182.501035,-0.232069,-0.078271,0.989182,-0.1600,0.7000
1787920182.507521,-0.232821,-0.078937,0.986837,-0.1569,0.7000
1787920182.514559,-0.233287,-0.079832,0.986030,-0.1526,0.7000
1787920182.520759,-0.233566,-0.080600,0.984586,-0.1452,0.7000
1787920182.530906,-0.234686,-0.081362,0.982142,-0.1388,0.7000
1787920182.535408,-0.234859,-0.082201,0.981075,-0.1501,0.7000
1787920182.541070,-0.235360,-0.083171,0.979433,-0.1625,0.7000
1787920182.547317,-0.236422,-0.084130,0.977512,-0.1805,0.7000
1787920182.557527,-0.236770,-0.084861,0.975904,-0.1498,0.7000
1787920182.560999,-0.237013,-0.085968,0.975053,-0.1959,0.7000
1787920182.567830,-0.237507,-0.086859,0.973468,-0.1817,0.7000
1787920182.574133,-0.238139,-0.087588,0.971801,-0.1728,0.7000
1787920182.580680,-0.238947,-0.088377,0.969675,-0.1717,0.7000
1787920182.588477,-0.239330,-0.089353,0.968548,-0.1595,0.7000
1787920182.594200,-0.239608,-0.090393,0.967180,-0.1648,0.7000
1787920182.602441,-0.240024,-0.091202,0.965637,-0.1482,0.7000
1787920182.608099,-0.240929,-0.091878,0.963469,-0.1606,0.7000
1787920182.614222,-0.240893,-0.093232,0.963321,-0.1659,0.7000
1787920182.620979,-0.241594,-0.093875,0.961040,-0.1573,0.7000
1787920182.628844,-0.241957,-0.095084,0.959721,-0.1558,0.7000
1787920182.634934,-0.242142,-0.096262,0.959519,-0.1619,0.7000
1787920182.675330,-0.242951,-0.096920,0.956932,-0.1208,0.7000
1787920182.677348,-0.243745,-0.097847,0.954892,-0.2652,0.7000
1787920182.679147,-0.243846,-0.098998,0.954735,-0.3519,0.7000
1787920182.681103,-0.244580,-0.099882,0.952399,-0.4221,0.7000
1787920182.682893,-0.245160,-0.100970,0.950931,-0.5004,0.7000
1787920182.684616,-0.245220,-0.101925,0.950394,-0.4917,0.7000
1787920182.686464,-0.245649,-0.102815,0.949207,-0.5021,0.7000
1787920182.688202,-0.246307,-0.103534,0.946915,-0.5186,0.7000
1787920182.694028,-0.246632,-0.104818,0.946499,-0.4265,0.7000
1787920182.700620,-0.247332,-0.105333,0.944317,-0.3362,0.7000
1787920182.707403,-0.247884,-0.106150,0.942602,-0.2789,0.7000
1787920182.714662,-0.248181,-0.107429,0.942161,-0.2452,0.7000
1787920182.720830,-0.248684,-0.108283,0.941101,-0.2196,0.7000
1787920182.727504,-0.248689,-0.109440,0.940334,-0.1959,0.7000
1787920182.735765,-0.248916,-0.110511,0.939773,-0.1734,0.7000
1787920182.740912,-0.249331,-0.111349,0.938267,-0.1750,0.7000
1787920182.747773,-0.249760,-0.112400,0.937607,-0.1707,0.7000
1787920182.754539,-0.250367,-0.113163,0.935936,-0.1627,0.7000
1787920182.762825,-0.250730,-0.114073,0.934521,-0.1482,0.7000
1787920182.768102,-0.251137,-0.114912,0.933234,-0.1558,0.7000
1787920182.774122,-0.251515,-0.115810,0.932455,-0.1563,0.7000
1787920182.780656,-0.252203,-0.116393,0.929930,-0.1497,0.7000
1787920182.788038,-0.252855,-0.117169,0.928432,-0.1459,0.7000
1787920182.794875,-0.253022,-0.118176,0.927351,-0.1419,0.7000
1787920182.800622,-0.253333,-0.119209,0.926853,-0.1522,0.7000
1787920182.808510,-0.253974,-0.119944,0.924623,-0.1435,0.7000
1787920182.814228,-0.254260,-0.120813,0.923534,-0.1459,0.7000
1787920182.820761,-0.255302,-0.121433,0.921309,-0.1538,0.7000
1787920182.828182,-0.255739,-0.122465,0.920186,-0.1515,0.7000
1787920182.834410,-0.256156,-0.123185,0.918514,-0.1458,0.7000
1787920182.841051,-0.256851,-0.124049,0.917281,-0.1521,0.7000
1787920182.848042,-0.257258,-0.125114,0.916358,-0.1534,0.7000
1787920182.854255,-0.257961,-0.125727,0.914391,-0.1515,0.7000
1787920182.866011,-0.258235,-0.126608,0.913096,-0.1281,0.7000
1787920182.868113,-0.258775,-0.127344,0.911961,-0.2199,0.7000
1787920182.873980,-0.259100,-0.128302,0.910792,-0.2028,0.7000
1787920182.880933,-0.259466,-0.129239,0.909572,-0.1836,0.7000
1787920182.887793,-0.260112,-0.130083,0.907816,-0.1750,0.7000
1787920182.894379,-0.260568,-0.131237,0.907246,-0.1767,0.7000
1787920182.901194,-0.261180,-0.131724,0.904192,-0.1572,0.7000
1787920182.907362,-0.261638,-0.132932,0.903422,-0.1700,0.7000
1787920182.914226,-0.262466,-0.133827,0.901924,-0.1721,0.7000
1787920182.921049,-0.262758,-0.134626,0.900293,-0.1560,0.7000
1787920182.930817,-0.263450,-0.135292,0.898355,-0.1384,0.7000
1787920182.969584,-0.264090,-0.136546,0.897405,-0.1076,0.7000
1787920182.976543,-0.264822,-0.137004,0.894944,-0.1104,0.7000
1787920182.977716,-0.264893,-0.138242,0.894269,-0.3355,0.7000
1787920182.978723,-0.265902,-0.138988,0.892553,-0.5968,0.7000
1787920182.980521,-0.266557,-0.139818,0.890738,-0.5940,0.7000
1787920182.981798,-0.266650,-0.141120,0.890333,-0.6674,0.7000
1787920182.982646,-0.267617,-0.141896,0.888483,-0.8961,0.7000
1787920182.983504,-0.268488,-0.142513,0.886337,-0.9867,0.7000
1787920182.987692,-0.268950,-0.143552,0.885447,-0.7692,0.7000
1787920182.994334,-0.269496,-0.144396,0.883897,-0.5836,0.7000
1787920183.001687,-0.270251,-0.145400,0.882320,-0.4597,0.7000
1787920183.007812,-0.270721,-0.146144,0.880852,-0.3646,0.7000
1787920183.014247,-0.271554,-0.146982,0.879012,-0.3101,0.7000
1787920183.022384,-0.272085,-0.147879,0.877731,-0.2550,0.7000
1787920183.027563,-0.272593,-0.148590,0.875983,-0.2290,0.7000
1787920183.034460,-0.272795,-0.150096,0.876231,-0.2162,0.7000
1787920183.043523,-0.273850,-0.150358,0.873227,-0.1804,0.7000
1787920183.047487,-0.274220,-0.151436,0.872271,-0.2068,0.7000
1787920183.054201,-0.274606,-0.152780,0.871933,-0.2018,0.7000
1787920183.061010,-0.275206,-0.153386,0.869809,-0.1787,0.7000
1787920183.070562,-0.276112,-0.154093,0.867980,-0.1605,0.7000
1787920183.074415,-0.276515,-0.154878,0.866740,-0.1792,0.7000
1787920183.081019,-0.276970,-0.155650,0.865395,-0.1655,0.7000
1787920183.087300,-0.277122,-0.156625,0.864471,-0.1560,0.7000
1787920183.094213,-0.277972,-0.157261,0.862503,-0.1542,0.7000
1787920183.101033,-0.278811,-0.157813,0.860430,-0.1504,0.7000
1787920183.108765,-0.278851,-0.158984,0.860412,-0.1407,0.7000
1787920183.115070,-0.279769,-0.159692,0.858364,-0.1526,0.7000
1787920183.120689,-0.279950,-0.160416,0.858153,-0.1424,0.7000
1787920183.128632,-0.280686,-0.161130,0.856350,-0.1382,0.7000
1787920183.135031,-0.281154,-0.161699,0.854651,-0.1313,0.7000
1787920183.141559,-0.281622,-0.162768,0.853745,-0.1431,0.7000
1787920183.147543,-0.281580,-0.163778,0.853794,-0.1369,0.7000
1787920183.154608,-0.282415,-0.164245,0.851172,-0.1341,0.7000
1787920183.161702,-0.283040,-0.165300,0.850034,-0.1448,0.7000
1787920183.168001,-0.282923,-0.166525,0.850404,-0.1416,0.7000
1787920183.173878,-0.283872,-0.166953,0.848042,-0.1476,0.7000
1787920183.181530,-0.284394,-0.167632,0.846364,-0.1368,0.7000
1787920183.187289,-0.284859,-0.168315,0.845115,-0.1384,0.7000
1787920183.194285,-0.285155,-0.169155,0.843850,-0.1322,0.7000
1787920183.200904,-0.286226,-0.169538,0.841176,-0.1379,0.7000
1787920183.208363,-0.286817,-0.170153,0.839380,-0.1308,0.7000
1787920183.214340,-0.287120,-0.171044,0.838609,-0.1350,0.7000
1787920183.221187,-0.287461,-0.171955,0.837513,-0.1341,0.7000
1787920183.227789,-0.288172,-0.172585,0.835303,-0.1368,0.7000
1787920183.234466,-0.288363,-0.173492,0.834527,-0.1317,0.7000
1787920183.261664,-0.289052,-0.174338,0.833232,-0.1042,0.7000
1787920183.263409,-0.289859,-0.174826,0.830382,-0.2285,0.7000
1787920183.265247,-0.290310,-0.175764,0.829412,-0.3226,0.7000
1787920183.266644,-0.290954,-0.176767,0.827912,-0.4779,0.7000
1787920183.267421,-0.291718,-0.177193,0.825380,-0.6557,0.7000
1787920183.274613,-0.292153,-0.178078,0.824141,-0.4984,0.7000
1787920183.280774,-0.292795,-0.178771,0.822669,-0.3949,0.7000
1787920183.289391,-0.293253,-0.179555,0.820777,-0.3073,0.7000
1787920183.293838,-0.293390,-0.180699,0.820365,-0.2778,0.7000
1787920183.301656,-0.294178,-0.181606,0.818491,-0.2405,0.7000
1787920183.307900,-0.295235,-0.182052,0.815489,-0.2188,0.7000
1787920183.316251,-0.295563,-0.183241,0.814659,-0.1923,0.7000
1787920183.324258,-0.296145,-0.184205,0.813476,-0.1758,0.7000
1787920183.327778,-0.296769,-0.185209,0.811927,-0.2218,0.7000
1787920183.334679,-0.297780,-0.185485,0.808998,-0.1942,0.7000
1787920183.342027,-0.298404,-0.186490,0.807555,-0.1832,0.7000
1787920183.347401,-0.298931,-0.187772,0.806319,-0.2003,0.7000
1787920183.354060,-0.299723,-0.188341,0.803671,-0.1834,0.7000
1787920183.361069,-0.300133,-0.189538,0.803041,-0.1774,0.7000
1787920183.367342,-0.300464,-0.190974,0.802193,-0.1846,0.7000
1787920183.379377,-0.301262,-0.191710,0.799968,-0.1562,0.7000
1787920183.381427,-0.301268,-0.193184,0.799665,-0.2647,0.7000
1787920183.387836,-0.302287,-0.193919,0.796981,-0.2432,0.7000
1787920183.394690,-0.303003,-0.195065,0.796462,-0.2280,0.7000
1787920183.400553,-0.303653,-0.195924,0.794261,-0.2143,0.7000
1787920183.407782,-0.303782,-0.197405,0.794338,-0.1976,0.7000
1787920183.414588,-0.304566,-0.198282,0.792721,-0.1901,0.7000
1787920183.420826,-0.305194,-0.199122,0.790870,-0.1830,0.7000
1787920183.427732,-0.305641,-0.200206,0.789686,-0.1752,0.7000
1787920183.434125,-0.306038,-0.201477,0.789327,-0.1781,0.7000
1787920183.440341,-0.306685,-0.202276,0.787676,-0.1741,0.7000
1787920183.448093,-0.307386,-0.203075,0.785984,-0.1629,0.7000
1787920183.454038,-0.307850,-0.204228,0.785502,-0.1717,0.7000
1787920183.461514,-0.308700,-0.204649,0.783430,-0.1563,0.7000
1787920183.467401,-0.309338,-0.205585,0.782426,-0.1661,0.7000
1787920183.475142,-0.309746,-0.206539,0.781196,-0.1535,0.7000
1787920183.480837,-0.310396,-0.207330,0.779956,-0.1611,0.7000
1787920183.488509,-0.310850,-0.208391,0.779044,-0.1546,0.7000
1787920183.493982,-0.311447,-0.209213,0.778001,-0.1631,0.7000
1787920183.500999,-0.312054,-0.210312,0.776914,-0.1656,0.7000
1787920183.507570,-0.312964,-0.210795,0.774693,-0.1610,0.7000
1787920183.514259,-0.313490,-0.211549,0.773644,-0.1532,0.7000
1787920183.521192,-0.313990,-0.212466,0.772551,-0.1505,0.7000
1787920183.527534,-0.314762,-0.212914,0.770473,-0.1463,0.7000
1787920183.534091,-0.315821,-0.213301,0.767906,-0.1495,0.7000
1787920183.541297,-0.316679,-0.213860,0.766232,-0.1466,0.7000
1787920183.547265,-0.317832,-0.214282,0.763462,-0.1591,0.7000
1787920183.596528,-0.318577,-0.214979,0.762163,-0.1176,0.7000
1787920183.597725,-0.319410,-0.215830,0.760664,-0.3804,0.7000
1787920183.598813,-0.320670,-0.215692,0.756981,-0.4928,0.7000
1787920183.600555,-0.321745,-0.216241,0.754823,-0.5446,0.7000
1787920183.601377,-0.322300,-0.217188,0.753644,-0.7658,0.7000
1787920183.602170,-0.323043,-0.217863,0.751911,-0.9155,0.7000
1787920183.603618,-0.324039,-0.218169,0.749666,-0.8352,0.7000
1787920183.605065,-0.324823,-0.218847,0.747807,-0.7992,0.7000
1787920183.608623,-0.325132,-0.219936,0.747460,-0.6410,0.7000
1787920183.614044,-0.325723,-0.220995,0.746350,-0.5125,0.7000
1787920183.621092,-0.326129,-0.222132,0.745769,-0.4043,0.7000
1787920183.627418,-0.327090,-0.222996,0.744650,-0.3443,0.7000
1787920183.635409,-0.327278,-0.224030,0.743525,-0.2725,0.7000
1787920183.641470,-0.328425,-0.224470,0.741133,-0.2473,0.7000
1787920183.648665,-0.328838,-0.225811,0.740931,-0.2236,0.7000
1787920183.653968,-0.329280,-0.226738,0.739532,-0.2103,0.7000
1787920183.660914,-0.330160,-0.227536,0.737987,-0.1985,0.7000
1787920183.668007,-0.330814,-0.228357,0.736831,-0.1828,0.7000
1787920183.675361,-0.331907,-0.229334,0.735194,-0.1878,0.7000
1787920183.684039,-0.332386,-0.229948,0.733538,-0.1579,0.7000
1787920183.687679,-0.333210,-0.230782,0.732019,-0.2071,0.7000
1787920183.694186,-0.333620,-0.231918,0.731400,-0.1940,0.7000
1787920183.701170,-0.334658,-0.232531,0.728687,-0.1866,0.7000
1787920183.707512,-0.335445,-0.233494,0.727517,-0.1887,0.7000
1787920183.714411,-0.336219,-0.234339,0.725952,-0.1816,0.7000
1787920183.720830,-0.337070,-0.235299,0.724001,-0.1867,0.7000
1787920183.728601,-0.337698,-0.236415,0.722849,-0.1774,0.7000
1787920183.733992,-0.338578,-0.237073,0.720890,-0.1851,0.7000
1787920183.743012,-0.339547,-0.237814,0.718394,-0.1701,0.7000
1787920183.747096,-0.340258,-0.238739,0.717601,-0.2030,0.7000
1787920183.756855,-0.341193,-0.239472,0.715416,-0.1786,0.7000
1787920183.761069,-0.341797,-0.240221,0.713797,-0.1925,0.7000
1787920183.767848,-0.342622,-0.240892,0.711977,-0.1818,0.7000
1787920183.775808,-0.343371,-0.241838,0.710691,-0.1719,0.7000
1787920183.780694,-0.344200,-0.242894,0.709176,-0.2012,0.7000
1787920183.787575,-0.344790,-0.243921,0.708271,-0.1895,0.7000
1787920183.795994,-0.345571,-0.244886,0.707039,-0.1762,0.7000
1787920183.800591,-0.346129,-0.245789,0.706251,-0.1892,0.7000
1787920183.807670,-0.346910,-0.246582,0.704815,-0.1794,0.7000
1787920183.813885,-0.347483,-0.247377,0.703521,-0.1715,0.7000
1787920183.820707,-0.348211,-0.248038,0.701957,-0.1633,0.7000
1787920183.827433,-0.348973,-0.248976,0.700595,-0.1672,0.7000
1787920183.834104,-0.349543,-0.249832,0.699737,-0.1615,0.7000
1787920183.840876,-0.350674,-0.250268,0.697370,-0.1638,0.7000
1787920183.847379,-0.351314,-0.251174,0.696315,-0.1642,0.7000
1787920183.854277,-0.351953,-0.251987,0.695068,-0.1589,0.7000
1787920183.863647,-0.352476,-0.252788,0.693988,-0.1405,0.7000
1787920183.890988,-0.352915,-0.253642,0.693126,-0.1080,0.7000
1787920183.892826,-0.353940,-0.254135,0.691326,-0.2557,0.7000
1787920183.894005,-0.354597,-0.255137,0.690566,-0.4704,0.7000
1787920183.894879,-0.355215,-0.255770,0.689306,-0.6311,0.7000
1787920183.901844,-0.356008,-0.256168,0.687352,-0.4791,0.7000
1787920183.903438,-0.356378,-0.257667,0.687450,-0.5682,0.7000
1787920183.907733,-0.357368,-0.258338,0.685475,-0.4810,0.7000
1787920183.914351,-0.358087,-0.259135,0.684271,-0.3847,0.7000
1787920183.921161,-0.359028,-0.259763,0.682944,-0.3189,0.7000
1787920183.927230,-0.359276,-0.260782,0.682667,-0.2645,0.7000
1787920183.934867,-0.360067,-0.261195,0.680705,-0.2195,0.7000
1787920183.940975,-0.360820,-0.262000,0.679674,-0.2073,0.7000
1787920183.947351,-0.361326,-0.263263,0.679436,-0.2010,0.7000
1787920183.954466,-0.361829,-0.264169,0.678106,-0.1812,0.7000
1787920183.960994,-0.362504,-0.264831,0.676532,-0.1700,0.7000
1787920183.967212,-0.363141,-0.265872,0.675580,-0.1744,0.7000
1787920183.973833,-0.364233,-0.266515,0.673715,-0.1790,0.7000
1787920183.981692,-0.364932,-0.267256,0.671893,-0.1638,0.7000
1787920183.987428,-0.365633,-0.268085,0.670782,-0.1703,0.7000
1787920183.994432,-0.366143,-0.268993,0.669714,-0.1605,0.7000
1787920184.000726,-0.366953,-0.269778,0.668309,-0.1658,0.7000
1787920184.007794,-0.367862,-0.270429,0.666645,-0.1635,0.7000
1787920184.014510,-0.368787,-0.271232,0.665544,-0.1691,0.7000
1787920184.020852,-0.369644,-0.272140,0.664132,-0.1768,0.7000
1787920184.027580,-0.370146,-0.273317,0.663848,-0.1737,0.7000
1787920184.034217,-0.371375,-0.273658,0.661134,-0.1749,0.7000
1787920184.041115,-0.372288,-0.274731,0.659729,-0.1824,0.7000
1787920184.047751,-0.372915,-0.275759,0.658660,-0.1786,0.7000
1787920184.054122,-0.373871,-0.276396,0.657125,-0.1789,0.7000
1787920184.062530,-0.374685,-0.277027,0.655469,-0.1620,0.7000
1787920184.067634,-0.375556,-0.277793,0.653779,-0.1814,0.7000
1787920184.074408,-0.376115,-0.278859,0.652898,-0.1753,0.7000
1787920184.080511,-0.376918,-0.279553,0.651242,-0.1748,0.7000
1787920184.087601,-0.377810,-0.280331,0.649598,-0.1723,0.7000
1787920184.094337,-0.378650,-0.281102,0.648012,-0.1712,0.7000
1787920184.103256,-0.379584,-0.281760,0.646159,-0.1582,0.7000
1787920184.107382,-0.380509,-0.282876,0.644866,-0.2133,0.7000
1787920184.114552,-0.381524,-0.283375,0.642687,-0.1958,0.7000
1787920184.121063,-0.382029,-0.284387,0.642053,-0.1837,0.7000
1787920184.128042,-0.382962,-0.285261,0.640604,-0.1832,0.7000
1787920184.135236,-0.383943,-0.285681,0.638922,-0.1715,0.7000
1787920184.140558,-0.384074,-0.287473,0.640586,-0.1863,0.7000
1787920184.147229,-0.385069,-0.287935,0.637952,-0.1788,0.7000
1787920184.154445,-0.385841,-0.288477,0.636747,-0.1643,0.7000
1787920184.160807,-0.386421,-0.289506,0.636008,-0.1658,0.7000
1787920184.169457,-0.387012,-0.290359,0.635088,-0.1501,0.7000
1787920184.195867,-0.388158,-0.290624,0.632576,-0.1174,0.7000
1787920184.197226,-0.388944,-0.291565,0.631229,-0.3447,0.7000
1787920184.198192,-0.389507,-0.292500,0.630411,-0.5537,0.7000
1787920184.200129,-0.390258,-0.293377,0.629737,-0.5615,0.7000
1787920184.201343,-0.390956,-0.293726,0.627728,-0.5836,0.7000
1787920184.207210,-0.391628,-0.294405,0.626737,-0.4566,0.7000
1787920184.214149,-0.392206,-0.295035,0.626039,-0.3559,0.7000
1787920184.221143,-0.392942,-0.295571,0.624887,-0.2882,0.7000
1787920184.227998,-0.393654,-0.296205,0.623875,-0.2432,0.7000
1787920184.234335,-0.394179,-0.296518,0.622436,-0.1991,0.7000
1787920184.240853,-0.394800,-0.297068,0.621355,-0.1773,0.7000
1787920184.247459,-0.395396,-0.298188,0.621388,-0.1758,0.7000
1787920184.254122,-0.396240,-0.298296,0.619265,-0.1568,0.7000
1787920184.261666,-0.396823,-0.298850,0.618664,-0.1414,0.7000
1787920184.268672,-0.397250,-0.299689,0.617904,-0.1347,0.7000
1787920184.274829,-0.397950,-0.300208,0.617092,-0.1367,0.7000
1787920184.280877,-0.398650,-0.300803,0.615843,-0.1411,0.7000
1787920184.288856,-0.399495,-0.301168,0.614162,-0.1326,0.7000
1787920184.294401,-0.399791,-0.302044,0.613685,-0.1332,0.7000
1787920184.301218,-0.400557,-0.302672,0.612787,-0.1367,0.7000
1787920184.307277,-0.401098,-0.303210,0.611453,-0.1329,0.7000
1787920184.314753,-0.401534,-0.303548,0.610014,-0.1152,0.7000
1787920184.321141,-0.402004,-0.304000,0.608889,-0.1109,0.7000
1787920184.327873,-0.402784,-0.304391,0.607204,-0.1161,0.7000
1787920184.333970,-0.403437,-0.304572,0.605251,-0.1127,0.7000
1787920184.341017,-0.404402,-0.305872,0.605631,-0.1442,0.7000
1787920184.347686,-0.404895,-0.306546,0.604642,-0.1364,0.7000
1787920184.354839,-0.405455,-0.307210,0.603852,-0.1306,0.7000
1787920184.360970,-0.406321,-0.307307,0.601876,-0.1291,0.7000
1787920184.369702,-0.406700,-0.308239,0.601932,-0.1192,0.7000
1787920184.374254,-0.407567,-0.308626,0.600682,-0.1450,0.7000
1787920184.380963,-0.408303,-0.308971,0.599390,-0.1374,0.7000
1787920184.387954,-0.408847,-0.309366,0.598245,-0.1250,0.7000
1787920184.394425,-0.409297,-0.309696,0.597006,-0.1133,0.7000
1787920184.401597,-0.409960,-0.310651,0.597134,-0.1247,0.7000
1787920184.409302,-0.410493,-0.311025,0.595949,-0.1127,0.7000
1787920184.414288,-0.410904,-0.311164,0.594594,-0.1040,0.7000
1787920184.420723,-0.411327,-0.311817,0.594116,-0.1062,0.7000
1787920184.427315,-0.411866,-0.311967,0.592707,-0.0985,0.7000
1787920184.434236,-0.412861,-0.312791,0.591902,-0.1247,0.7000
1787920184.440801,-0.413411,-0.313116,0.590569,-0.1164,0.7000
1787920184.447306,-0.414037,-0.313476,0.589479,-0.1147,0.7000
1787920184.454607,-0.414580,-0.313721,0.588021,-0.1045,0.7000
1787920184.461793,-0.415215,-0.314151,0.586715,-0.1051,0.7000
1787920184.468629,-0.415524,-0.314836,0.586137,-0.1015,0.7000
1787920184.503715,-0.416247,-0.315443,0.584894,-0.0791,0.7000
1787920184.505841,-0.416857,-0.315937,0.583729,-0.1657,0.7000
1787920184.508216,-0.417388,-0.316323,0.582471,-0.1987,0.7000
1787920184.510257,-0.418007,-0.317097,0.581816,-0.2776,0.7000
1787920184.512328,-0.418555,-0.317536,0.581081,-0.2956,0.7000
1787920184.516171,-0.418926,-0.318116,0.580373,-0.2559,0.7000
1787920184.517108,-0.419554,-0.318457,0.579073,-0.4073,0.7000
1787920184.520601,-0.419793,-0.318853,0.578102,-0.3210,0.7000
1787920184.527647,-0.420374,-0.319188,0.576767,-0.2531,0.7000
1787920184.534110,-0.421229,-0.319854,0.576012,-0.2273,0.7000
1787920184.540928,-0.421516,-0.320594,0.575965,-0.1875,0.7000
1787920184.548241,-0.422124,-0.321027,0.574938,-0.1618,0.7000
1787920184.554336,-0.422728,-0.321388,0.574104,-0.1479,0.7000
1787920184.560777,-0.423335,-0.321685,0.572931,-0.1348,0.7000
1787920184.569040,-0.423949,-0.322021,0.571792,-0.1197,0.7000
1787920184.574611,-0.424471,-0.322475,0.570954,-0.1207,0.7000
1787920184.580944,-0.425337,-0.322823,0.569130,-0.1279,0.7000
1787920184.587121,-0.425750,-0.323368,0.568670,-0.1207,0.7000
1787920184.594674,-0.426340,-0.323570,0.566669,-0.1086,0.7000
1787920184.600490,-0.426996,-0.323588,0.565353,-0.1051,0.7000
1787920184.607884,-0.427371,-0.324045,0.564566,-0.0963,0.7000
1787920184.614896,-0.427658,-0.324455,0.563573,-0.0872,0.7000
1787920184.620730,-0.428010,-0.324946,0.563104,-0.0898,0.7000
1787920184.627585,-0.428754,-0.324739,0.560909,-0.0856,0.7000
1787920184.634045,-0.428986,-0.325240,0.560396,-0.0814,0.7000
1787920184.640480,-0.429482,-0.325298,0.558608,-0.0780,0.7000
1787920184.648356,-0.429866,-0.325857,0.557945,-0.0783,0.7000
1787920184.654185,-0.430313,-0.326360,0.557600,-0.0880,0.7000
1787920184.661062,-0.430759,-0.326717,0.556533,-0.0864,0.7000
1787920184.667596,-0.431250,-0.326924,0.555162,-0.0846,0.7000
1787920184.674248,-0.431780,-0.327330,0.554537,-0.0892,0.7000
1787920184.682337,-0.432568,-0.327500,0.552804,-0.0906,0.7000
1787920184.687533,-0.432818,-0.328137,0.552509,-0.0950,0.7000
1787920184.694445,-0.433264,-0.328831,0.552294,-0.0988,0.7000
1787920184.700948,-0.433798,-0.329068,0.551012,-0.0959,0.7000
1787920184.709075,-0.434436,-0.329614,0.549954,-0.0977,0.7000
1787920184.714578,-0.434792,-0.330049,0.549257,-0.0974,0.7000
1787920184.720840,-0.435133,-0.330746,0.548839,-0.0995,0.7000
1787920184.728173,-0.435701,-0.331074,0.547982,-0.0965,0.7000
1787920184.734189,-0.436235,-0.331434,0.547100,-0.0996,0.7000
1787920184.741298,-0.436635,-0.331735,0.546516,-0.0908,0.7000
1787920184.748974,-0.436995,-0.332364,0.546328,-0.0883,0.7000
1787920184.754298,-0.437706,-0.332439,0.544976,-0.0983,0.7000
1787920184.760620,-0.438311,-0.332680,0.543871,-0.0993,0.7000
1787920184.767605,-0.438759,-0.333141,0.543294,-0.0962,0.7000
1787920184.774541,-0.439301,-0.333755,0.542701,-0.1011,0.7000
1787920184.785423,-0.439674,-0.333974,0.541902,-0.0827,0.7000
1787920184.823728,-0.440047,-0.334144,0.540647,-0.0611,0.7000
1787920184.824861,-0.440626,-0.334343,0.539436,-0.2015,0.7000
1787920184.825594,-0.441157,-0.334636,0.538224,-0.3888,0.7000
1787920184.827245,-0.441629,-0.335129,0.537723,-0.3918,0.7000
1787920184.828624,-0.442118,-0.335304,0.536769,-0.3851,0.7000
1787920184.829399,-0.442690,-0.335819,0.536189,-0.5619,0.7000
1787920184.830164,-0.443159,-0.336093,0.535464,-0.6062,0.7000
1787920184.833860,-0.443550,-0.336653,0.534966,-0.4749,0.7000
1787920184.840926,-0.444135,-0.336807,0.533895,-0.3571,0.7000
1787920184.847982,-0.444591,-0.337036,0.532808,-0.2716,0.7000
1787920184.853874,-0.445071,-0.337463,0.532167,-0.2222,0.7000
1787920184.861138,-0.445562,-0.337512,0.531102,-0.1741,0.7000
1787920184.867691,-0.446068,-0.338027,0.530388,-0.1538,0.7000
1787920184.874182,-0.446350,-0.338848,0.530690,-0.1381,0.7000
1787920184.881664,-0.446763,-0.339221,0.530064,-0.1185,0.7000
1787920184.887655,-0.447135,-0.339448,0.528899,-0.1048,0.7000
1787920184.893982,-0.447716,-0.339536,0.527442,-0.0992,0.7000
1787920184.901392,-0.448139,-0.339853,0.526767,-0.0907,0.7000
1787920184.907357,-0.448502,-0.340318,0.526302,-0.0910,0.7000
1787920184.914786,-0.448773,-0.340735,0.525945,-0.0817,0.7000
1787920184.920858,-0.449231,-0.340948,0.525167,-0.0820,0.7000
1787920184.927420,-0.449589,-0.341610,0.525163,-0.0868,0.7000
1787920184.934577,-0.450019,-0.341629,0.523740,-0.0767,0.7000
1787920184.940971,-0.450441,-0.342009,0.523371,-0.0798,0.7000
1787920184.947421,-0.450820,-0.342492,0.522850,-0.0823,0.7000
1787920184.954614,-0.451223,-0.342913,0.522513,-0.0810,0.7000
1787920184.961196,-0.451620,-0.343162,0.522027,-0.0780,0.7000
1787920184.967944,-0.451948,-0.343465,0.521732,-0.0740,0.7000
1787920184.974096,-0.452298,-0.343775,0.521538,-0.0741,0.7000
1787920184.980851,-0.452930,-0.343861,0.520272,-0.0782,0.7000
1787920184.988585,-0.453310,-0.344221,0.519815,-0.0744,0.7000
1787920184.994377,-0.453693,-0.344553,0.519538,-0.0779,0.7000
1787920185.000876,-0.454174,-0.344652,0.518550,-0.0760,0.7000
1787920185.007781,-0.454503,-0.345014,0.517955,-0.0734,0.7000
1787920185.016370,-0.454948,-0.345356,0.517284,-0.0708,0.7000
1787920185.020925,-0.455444,-0.345534,0.516239,-0.0838,0.7000
1787920185.027877,-0.455835,-0.345753,0.515574,-0.0780,0.7000
1787920185.034060,-0.456214,-0.346092,0.515140,-0.0787,0.7000
1787920185.041164,-0.456702,-0.346223,0.514033,-0.0757,0.7000
1787920185.047327,-0.457069,-0.346670,0.513668,-0.0793,0.7000
1787920185.054241,-0.457559,-0.346874,0.513066,-0.0784,0.7000
1787920185.061585,-0.458013,-0.346938,0.511983,-0.0723,0.7000
1787920185.067595,-0.458359,-0.347203,0.511172,-0.0722,0.7000
1787920185.074004,-0.458742,-0.347726,0.511047,-0.0781,0.7000
1787920185.081441,-0.459346,-0.347826,0.509931,-0.0779,0.7000
1787920185.091079,-0.459543,-0.348415,0.510032,-0.0688,0.7000
1787920185.119349,-0.459834,-0.348966,0.510200,-0.0537,0.7000
1787920185.120431,-0.460300,-0.349012,0.509139,-0.1564,0.7000
1787920185.121271,-0.460705,-0.349190,0.508068,-0.2669,0.7000
1787920185.122992,-0.461105,-0.349298,0.507312,-0.2571,0.7000
1787920185.126523,-0.461466,-0.349651,0.507046,-0.2213,0.7000
1787920185.127964,-0.461895,-0.349983,0.506278,-0.2665,0.7000
1787920185.134423,-0.462317,-0.350163,0.505785,-0.2078,0.7000
1787920185.140896,-0.462676,-0.350543,0.505455,-0.1685,0.7000
1787920185.147233,-0.462914,-0.350997,0.505269,-0.1382,0.7000
1787920185.155061,-0.463385,-0.351320,0.504612,-0.1185,0.7000
1787920185.160524,-0.463762,-0.351163,0.503097,-0.0970,0.7000
1787920185.167462,-0.463917,-0.351656,0.502829,-0.0840,0.7000
1787920185.174169,-0.464407,-0.351692,0.501696,-0.0788,0.7000
1787920185.180611,-0.464806,-0.351885,0.500684,-0.0758,0.7000
1787920185.188990,-0.465115,-0.352285,0.500587,-0.0696,0.7000
1787920185.194573,-0.465421,-0.352658,0.499983,-0.0728,0.7000
1787920185.200615,-0.465741,-0.353139,0.500046,-0.0764,0.7000
1787920185.207853,-0.465988,-0.353446,0.499480,-0.0685,0.7000
1787920185.214238,-0.466311,-0.353797,0.499334,-0.0692,0.7000
1787920185.221354,-0.466737,-0.353944,0.498472,-0.0672,0.7000
1787920185.228104,-0.467246,-0.354224,0.498073,-0.0729,0.7000
1787920185.234044,-0.467674,-0.354585,0.497569,-0.0787,0.7000
1787920185.240796,-0.468042,-0.354912,0.497004,-0.0764,0.7000
1787920185.248031,-0.468408,-0.355079,0.496171,-0.0701,0.7000
1787920185.254075,-0.468714,-0.355397,0.496090,-0.0700,0.7000
1787920185.261345,-0.469127,-0.355576,0.495213,-0.0675,0.7000
1787920185.268225,-0.469429,-0.355723,0.494448,-0.0619,0.7000
1787920185.274224,-0.469853,-0.355917,0.493803,-0.0666,0.7000
1787920185.281035,-0.470345,-0.356246,0.492982,-0.0726,0.7000
1787920185.288087,-0.470823,-0.356503,0.492243,-0.0739,0.7000
1787920185.295946,-0.471141,-0.356932,0.491781,-0.0702,0.7000
1787920185.300910,-0.471606,-0.357067,0.491001,-0.0777,0.7000
1787920185.307556,-0.472026,-0.357477,0.490705,-0.0798,0.7000
1787920185.314111,-0.472371,-0.357799,0.490205,-0.0768,0.7000
1787920185.322773,-0.472812,-0.358066,0.489602,-0.0715,0.7000
1787920185.327893,-0.473176,-0.358352,0.489017,-0.0768,0.7000
1787920185.333788,-0.473680,-0.358465,0.487861,-0.0791,0.7000
1787920185.341408,-0.474030,-0.358578,0.487068,-0.0696,0.7000
1787920185.347666,-0.474563,-0.358627,0.486190,-0.0724,0.7000
1787920185.356338,-0.474714,-0.358983,0.485642,-0.0611,0.7000
1787920185.360421,-0.475123,-0.359414,0.485348,-0.0841,0.7000
1787920185.367425,-0.475463,-0.359580,0.484501,-0.0750,0.7000
1787920185.374776,-0.475804,-0.359929,0.484414,-0.0715,0.7000
1787920185.380926,-0.476190,-0.360135,0.483552,-0.0714,0.7000
1787920185.388359,-0.476574,-0.360340,0.482782,-0.0675,0.7000
1787920185.425084,-0.477112,-0.360584,0.482002,-0.0521,0.7000
1787920185.439192,-0.477477,-0.360812,0.481376,-0.0456,0.7000
1787920185.440340,-0.477772,-0.361149,0.480655,-0.1409,0.7000
1787920185.441264,-0.478132,-0.361367,0.480107,-0.2350,0.7000
1787920185.443126,-0.478562,-0.361321,0.478786,-0.2226,0.7000
1787920185.444361,-0.478765,-0.361635,0.478391,-0.2349,0.7000
1787920185.445172,-0.479209,-0.362085,0.478131,-0.3867,0.7000
1787920185.446205,-0.479566,-0.362351,0.477471,-0.3984,0.7000
1787920185.448278,-0.480017,-0.362624,0.476362,-0.3549,0.7000
1787920185.454098,-0.480434,-0.362833,0.475617,-0.2725,0.7000
1787920185.460861,-0.480829,-0.362961,0.474516,-0.2089,0.7000
1787920185.467727,-0.481260,-0.363085,0.474049,-0.1655,0.7000
1787920185.474399,-0.481680,-0.363440,0.473483,-0.1399,0.7000
1787920185.480873,-0.482099,-0.363710,0.472854,-0.1209,0.7000
1787920185.487434,-0.482495,-0.364042,0.472534,-0.1077,0.7000
1787920185.496542,-0.482832,-0.364331,0.471818,-0.0896,0.7000
1787920185.501293,-0.483135,-0.364640,0.471534,-0.0886,0.7000
1787920185.507304,-0.483608,-0.364768,0.470247,-0.0860,0.7000
1787920185.514291,-0.483901,-0.365120,0.469771,-0.0782,0.7000
1787920185.520698,-0.484310,-0.365503,0.469057,-0.0800,0.7000
1787920185.528305,-0.484602,-0.365471,0.467686,-0.0657,0.7000
1787920185.533711,-0.485198,-0.365920,0.467221,-0.0867,0.7000
1787920185.541036,-0.485520,-0.366097,0.466675,-0.0758,0.7000
1787920185.547730,-0.485847,-0.366410,0.466162,-0.0724,0.7000
1787920185.554892,-0.486303,-0.366668,0.465548,-0.0726,0.7000
1787920185.561264,-0.486782,-0.366641,0.464123,-0.0704,0.7000
1787920185.567667,-0.487300,-0.366763,0.462968,-0.0736,0.7000
1787920185.573783,-0.487476,-0.367287,0.462927,-0.0707,0.7000
1787920185.580444,-0.488026,-0.367265,0.461581,-0.0712,0.7000
1787920185.587332,-0.488317,-0.367793,0.461338,-0.0714,0.7000
1787920185.594720,-0.488692,-0.368317,0.461097,-0.0731,0.7000
1787920185.602960,-0.489169,-0.368493,0.460240,-0.0696,0.7000
1787920185.607314,-0.489570,-0.368697,0.459317,-0.0797,0.7000
1787920185.614652,-0.489823,-0.369278,0.459370,-0.0756,0.7000
1787920185.621125,-0.490467,-0.369158,0.457705,-0.0772,0.7000
1787920185.629357,-0.490745,-0.370041,0.458284,-0.0774,0.7000
1787920185.634776,-0.491348,-0.370109,0.457200,-0.0858,0.7000
1787920185.641062,-0.491545,-0.370351,0.456670,-0.0736,0.7000
1787920185.647158,-0.491969,-0.370569,0.455927,-0.0750,0.7000
1787920185.654563,-0.492365,-0.370766,0.455278,-0.0704,0.7000
1787920185.661717,-0.492673,-0.370960,0.454401,-0.0645,0.7000
1787920185.667424,-0.493207,-0.371207,0.453448,-0.0760,0.7000
1787920185.674098,-0.493530,-0.371401,0.452533,-0.0701,0.7000
1787920185.680562,-0.494101,-0.371821,0.451931,-0.0814,0.7000
1787920185.688868,-0.494392,-0.372137,0.451224,-0.0714,0.7000
1787920185.695600,-0.494837,-0.372404,0.450577,-0.0730,0.7000
1787920185.726981,-0.495145,-0.372387,0.449689,-0.0537,0.7000
1787920185.746745,-0.495561,-0.372954,0.449402,-0.0470,0.7000
1787920185.748455,-0.495809,-0.373250,0.448722,-0.0946,0.7000
1787920185.749588,-0.496281,-0.373364,0.447920,-0.1922,0.7000
1787920185.751945,-0.496644,-0.373576,0.446842,-0.1878,0.7000
1787920185.753187,-0.497004,-0.373804,0.446321,-0.2338,0.7000
1787920185.754036,-0.497521,-0.373783,0.445264,-0.3253,0.7000
1787920185.755059,-0.497749,-0.374205,0.445216,-0.3414,0.7000
1787920185.756769,-0.498389,-0.374106,0.443025,-0.3328,0.7000
1787920185.760942,-0.498836,-0.374451,0.443132,-0.2727,0.7000
1787920185.767510,-0.499127,-0.374765,0.442125,-0.2090,0.7000
1787920185.774121,-0.499536,-0.374947,0.441433,-0.1666,0.7000
1787920185.781562,-0.499775,-0.375282,0.441112,-0.1311,0.7000
1787920185.787516,-0.500023,-0.375593,0.440495,-0.1098,0.7000
1787920185.794570,-0.500320,-0.375520,0.439447,-0.0869,0.7000
1787920185.800468,-0.500631,-0.375815,0.438762,-0.0815,0.7000
1787920185.807878,-0.500963,-0.376129,0.438537,-0.0747,0.7000
1787920185.814293,-0.501391,-0.376169,0.437457,-0.0712,0.7000
1787920185.820794,-0.501732,-0.376466,0.437182,-0.0699,0.7000
1787920185.827460,-0.502090,-0.376556,0.436745,-0.0653,0.7000
1787920185.834078,-0.502327,-0.377169,0.437002,-0.0672,0.7000
1787920185.840944,-0.502868,-0.377181,0.435073,-0.0687,0.7000
1787920185.848055,-0.503145,-0.377395,0.434776,-0.0625,0.7000
1787920185.853996,-0.503752,-0.377510,0.433266,-0.0740,0.7000
1787920185.861128,-0.503997,-0.377707,0.432787,-0.0646,0.7000
1787920185.867836,-0.504268,-0.377918,0.432497,-0.0602,0.7000
1787920185.874937,-0.504640,-0.378159,0.432019,-0.0607,0.7000
1787920185.880746,-0.504796,-0.378590,0.432388,-0.0591,0.7000
1787920185.888105,-0.505132,-0.378941,0.431952,-0.0598,0.7000
1787920185.894523,-0.505596,-0.378908,0.431065,-0.0609,0.7000
1787920185.901131,-0.505780,-0.379442,0.431161,-0.0604,0.7000
1787920185.910172,-0.506142,-0.379467,0.430393,-0.0535,0.7000
1787920185.914392,-0.506485,-0.379556,0.429650,-0.0623,0.7000
1787920185.922248,-0.506816,-0.379818,0.429455,-0.0592,0.7000
1787920185.927964,-0.507254,-0.379953,0.428525,-0.0654,0.7000
1787920185.937938,-0.507586,-0.380076,0.427829,-0.0564,0.7000
1787920185.940758,-0.507926,-0.380409,0.427515,-0.0870,0.7000
1787920185.947110,-0.508296,-0.380636,0.427079,-0.0812,0.7000
1787920185.955016,-0.508610,-0.381040,0.426886,-0.0741,0.7000
1787920185.960589,-0.509086,-0.381207,0.426278,-0.0789,0.7000
1787920185.968066,-0.509556,-0.381163,0.424249,-0.0717,0.7000
1787920185.974466,-0.509836,-0.381320,0.423984,-0.0652,0.7000
1787920185.980593,-0.510279,-0.381518,0.422805,-0.0694,0.7000
1787920185.987683,-0.510808,-0.381460,0.421266,-0.0680,0.7000
1787920185.994256,-0.511152,-0.381962,0.421108,-0.0713,0.7000
1787920186.004683,-0.511348,-0.382342,0.421134,-0.0595,0.7000
1787920186.013000,-0.511920,-0.382598,0.420653,-0.0643,0.7000
1787920186.043634,-0.512198,-0.382980,0.420003,-0.0490,0.7000
1787920186.045976,-0.512436,-0.383261,0.420124,-0.0768,0.7000
1787920186.047404,-0.512761,-0.383380,0.419555,-0.1262,0.7000
1787920186.048666,-0.513038,-0.383765,0.419511,-0.1859,0.7000
1787920186.050480,-0.513347,-0.383826,0.418846,-0.1808,0.7000
1787920186.051356,-0.513647,-0.384057,0.418601,-0.2525,0.7000
1787920186.053821,-0.514037,-0.384175,0.417999,-0.2261,0.7000
1787920186.060951,-0.514434,-0.384351,0.417424,-0.1765,0.7000
1787920186.067617,-0.514835,-0.384457,0.416074,-0.1420,0.7000
1787920186.074506,-0.514987,-0.384775,0.416349,-0.1110,0.7000
1787920186.081965,-0.515548,-0.385046,0.415771,-0.1028,0.7000
1787920186.087387,-0.515807,-0.385440,0.415611,-0.0939,0.7000
1787920186.093939,-0.516063,-0.385602,0.415263,-0.0794,0.7000
1787920186.100669,-0.516365,-0.386056,0.415174,-0.0761,0.7000
1787920186.107623,-0.516818,-0.386055,0.414571,-0.0711,0.7000
1787920186.117674,-0.517229,-0.386130,0.412984,-0.0619,0.7000
1787920186.120666,-0.517645,-0.385981,0.411989,-0.0756,0.7000
1787920186.127578,-0.517852,-0.386318,0.411856,-0.0670,0.7000
1787920186.135453,-0.518260,-0.386344,0.410966,-0.0615,0.7000
1787920186.142383,-0.518480,-0.386691,0.410738,-0.0578,0.7000
1787920186.148067,-0.518813,-0.386947,0.410226,-0.0620,0.7000
1787920186.154263,-0.519137,-0.387032,0.409788,-0.0594,0.7000
1787920186.162541,-0.519576,-0.387223,0.408677,-0.0589,0.7000
1787920186.167834,-0.520015,-0.387129,0.407648,-0.0620,0.7000
1787920186.175136,-0.520340,-0.387548,0.406937,-0.0625,0.7000
1787920186.181087,-0.520782,-0.387677,0.406233,-0.0668,0.7000
1787920186.188023,-0.521102,-0.388150,0.405904,-0.0675,0.7000
1787920186.194372,-0.521614,-0.388074,0.404286,-0.0681,0.7000
1787920186.201504,-0.521891,-0.388435,0.404276,-0.0643,0.7000
1787920186.207757,-0.522103,-0.388682,0.403809,-0.0591,0.7000
1787920186.214519,-0.522353,-0.389038,0.403575,-0.0577,0.7000
1787920186.220924,-0.522754,-0.389327,0.402875,-0.0630,0.7000
1787920186.227827,-0.523191,-0.389573,0.402545,-0.0658,0.7000
1787920186.234376,-0.523564,-0.389902,0.401940,-0.0677,0.7000
1787920186.243808,-0.524038,-0.389958,0.400748,-0.0619,0.7000
1787920186.247583,-0.524299,-0.390400,0.400742,-0.0761,0.7000
1787920186.254130,-0.524635,-0.390472,0.400026,-0.0688,0.7000
1787920186.260870,-0.525118,-0.390716,0.398989,-0.0722,0.7000
1787920186.267187,-0.525399,-0.391075,0.398750,-0.0694,0.7000
1787920186.274250,-0.525893,-0.391024,0.397692,-0.0671,0.7000
1787920186.282841,-0.526279,-0.391306,0.396944,-0.0632,0.7000
1787920186.288514,-0.526673,-0.391510,0.396357,-0.0676,0.7000
1787920186.294021,-0.526904,-0.392013,0.396475,-0.0695,0.7000
1787920186.301169,-0.527343,-0.392016,0.395294,-0.0657,0.7000
1787920186.307225,-0.527785,-0.392175,0.394820,-0.0693,0.7000
1787920186.346860,-0.528212,-0.392481,0.394232,-0.0524,0.7000
1787920186.359840,-0.528708,-0.392726,0.393494,-0.0494,0.7000
1787920186.360949,-0.528834,-0.393174,0.393660,-0.1126,0.7000
1787920186.362345,-0.529207,-0.393405,0.393160,-0.1719,0.7000
1787920186.364383,-0.529496,-0.393601,0.392572,-0.1706,0.7000
1787920186.365249,-0.529941,-0.393835,0.392151,-0.2927,0.7000
1787920186.366011,-0.530404,-0.393996,0.391456,-0.3977,0.7000
1787920186.368103,-0.530756,-0.394175,0.391128,-0.3349,0.7000
1787920186.369521,-0.531300,-0.394364,0.390193,-0.3562,0.7000
1787920186.375076,-0.531576,-0.394510,0.389579,-0.2661,0.7000
1787920186.380688,-0.531918,-0.394909,0.389181,-0.2113,0.7000
1787920186.387463,-0.532501,-0.394991,0.388461,-0.1731,0.7000
1787920186.394283,-0.532885,-0.395357,0.387742,-0.1429,0.7000
1787920186.400522,-0.533276,-0.395688,0.387370,-0.1235,0.7000
1787920186.407830,-0.533623,-0.395831,0.386605,-0.1018,0.7000
1787920186.414491,-0.534236,-0.395833,0.385057,-0.0969,0.7000
1787920186.422071,-0.534354,-0.396360,0.385227,-0.0800,0.7000
1787920186.427632,-0.534838,-0.396303,0.384143,-0.0791,0.7000
1787920186.433975,-0.535136,-0.396826,0.384260,-0.0777,0.7000
1787920186.440884,-0.535534,-0.397026,0.383729,-0.0737,0.7000
1787920186.448556,-0.535913,-0.397081,0.383408,-0.0661,0.7000
1787920186.453936,-0.536354,-0.397434,0.383031,-0.0764,0.7000
1787920186.461981,-0.536583,-0.397959,0.383351,-0.0687,0.7000
1787920186.467268,-0.537168,-0.397834,0.382065,-0.0763,0.7000
1787920186.474025,-0.537480,-0.398207,0.381891,-0.0724,0.7000
1787920186.482243,-0.537789,-0.398476,0.381572,-0.0648,0.7000
1787920186.487592,-0.538293,-0.398674,0.380762,-0.0757,0.7000
1787920186.494669,-0.538677,-0.399001,0.380230,-0.0733,0.7000
1787920186.500948,-0.539004,-0.399291,0.379848,-0.0709,0.7000
1787920186.507386,-0.539495,-0.399259,0.378618,-0.0704,0.7000
1787920186.514486,-0.539957,-0.399329,0.377778,-0.0685,0.7000
1787920186.520586,-0.540380,-0.399662,0.377159,-0.0733,0.7000
1787920186.527852,-0.540824,-0.399728,0.376113,-0.0694,0.7000
1787920186.533794,-0.540983,-0.400188,0.376159,-0.0646,0.7000
1787920186.540965,-0.541474,-0.400311,0.375159,-0.0662,0.7000
1787920186.550935,-0.541839,-0.400337,0.373853,-0.0568,0.7000
1787920186.553947,-0.542294,-0.400521,0.373174,-0.0887,0.7000
1787920186.561064,-0.542796,-0.400722,0.372354,-0.0849,0.7000
1787920186.567353,-0.543112,-0.401193,0.372163,-0.0816,0.7000
1787920186.574602,-0.543819,-0.401086,0.369494,-0.0828,0.7000
1787920186.581432,-0.544083,-0.401491,0.370213,-0.0752,0.7000
1787920186.588897,-0.544409,-0.401859,0.369435,-0.0702,0.7000
1787920186.594440,-0.544740,-0.402175,0.369224,-0.0720,0.7000
1787920186.600610,-0.545131,-0.402497,0.368641,-0.0738,0.7000
1787920186.607641,-0.545536,-0.402696,0.368196,-0.0709,0.7000
1787920186.614329,-0.545969,-0.402824,0.367453,-0.0698,0.7000
1787920186.627254,-0.546453,-0.402970,0.366326,-0.0605,0.7000
1787920186.628152,-0.546842,-0.403080,0.366042,-0.1768,0.7000
1787920186.665567,-0.547133,-0.403236,0.365760,-0.1264,0.7000
1787920186.667334,-0.547575,-0.403317,0.364595,-0.1636,0.7000
1787920186.669240,-0.547876,-0.403717,0.364627,-0.1812,0.7000
1787920186.670597,-0.548205,-0.404200,0.364611,-0.2329,0.7000
1787920186.671373,-0.548644,-0.404239,0.363685,-0.3268,0.7000
1787920186.672287,-0.548883,-0.404464,0.363292,-0.3286,0.7000
1787920186.674128,-0.549419,-0.404420,0.362024,-0.3091,0.7000
1787920186.680901,-0.549564,-0.404663,0.361872,-0.2262,0.7000
1787920186.687527,-0.550034,-0.404592,0.360526,-0.1771,0.7000
1787920186.694001,-0.550455,-0.404833,0.360149,-0.1462,0.7000
1787920186.700721,-0.550666,-0.405099,0.359725,-0.1153,0.7000
1787920186.707103,-0.551169,-0.405482,0.359443,-0.1092,0.7000
1787920186.715524,-0.551510,-0.405675,0.358868,-0.0902,0.7000
1787920186.720647,-0.551904,-0.405843,0.358080,-0.0882,0.7000
1787920186.731369,-0.552280,-0.405960,0.357552,-0.0728,0.7000
1787920186.734372,-0.552644,-0.406079,0.356862,-0.0891,0.7000
1787920186.740684,-0.552983,-0.406414,0.357095,-0.0830,0.7000
1787920186.748067,-0.553356,-0.406439,0.356281,-0.0727,0.7000
1787920186.755899,-0.553655,-0.406958,0.356332,-0.0686,0.7000
1787920186.760612,-0.554017,-0.407295,0.355985,-0.0771,0.7000
1787920186.767619,-0.554314,-0.407695,0.355768,-0.0718,0.7000
1787920186.773737,-0.554782,-0.407686,0.354789,-0.0716,0.7000
1787920186.781655,-0.555031,-0.408278,0.355103,-0.0668,0.7000
1787920186.788070,-0.555539,-0.408238,0.353818,-0.0684,0.7000
1787920186.794737,-0.555779,-0.408618,0.354012,-0.0639,0.7000
1787920186.800845,-0.556339,-0.408721,0.353213,-0.0723,0.7000
1787920186.807413,-0.556751,-0.409147,0.353089,-0.0750,0.7000
1787920186.814231,-0.557179,-0.408966,0.351838,-0.0675,0.7000
1787920186.823868,-0.557572,-0.409133,0.351476,-0.0605,0.7000
1787920186.827599,-0.557907,-0.409374,0.350998,-0.0743,0.7000
1787920186.833771,-0.558097,-0.409673,0.350567,-0.0657,0.7000
1787920186.841058,-0.558351,-0.409945,0.350260,-0.0596,0.7000
1787920186.848734,-0.558899,-0.410234,0.349126,-0.0657,0.7000
1787920186.858395,-0.559130,-0.410582,0.349237,-0.0565,0.7000
1787920186.860835,-0.559505,-0.410808,0.348613,-0.0924,0.7000
1787920186.867286,-0.559858,-0.411117,0.348357,-0.0850,0.7000
1787920186.874538,-0.560281,-0.411033,0.347645,-0.0748,0.7000
1787920186.880372,-0.560651,-0.411240,0.347245,-0.0738,0.7000
1787920186.887714,-0.560941,-0.411670,0.347503,-0.0688,0.7000
1787920186.894160,-0.561224,-0.411698,0.346597,-0.0610,0.7000
1787920186.902717,-0.561579,-0.412052,0.346405,-0.0586,0.7000
1787920186.907660,-0.561932,-0.412217,0.345951,-0.0646,0.7000
1787920186.913900,-0.562353,-0.412333,0.345293,-0.0661,0.7000
1787920186.920813,-0.562753,-0.412495,0.344194,-0.0650,0.7000
1787920186.930179,-0.563234,-0.412534,0.343564,-0.0604,0.7000
1787920186.961523,-0.563728,-0.412609,0.342534,-0.0470,0.7000
1787920186.963503,-0.563980,-0.412919,0.342398,-0.0846,0.7000
1787920186.965485,-0.564401,-0.413013,0.341512,-0.1241,0.7000
1787920186.966391,-0.564687,-0.413378,0.341429,-0.2164,0.7000
1787920186.967234,-0.565105,-0.413751,0.341411,-0.3362,0.7000
1787920186.970284,-0.565337,-0.413790,0.340671,-0.2581,0.7000
1787920186.973903,-0.565708,-0.413994,0.340173,-0.2153,0.7000
1787920186.980897,-0.566098,-0.414289,0.339746,-0.1707,0.7000
1787920186.987943,-0.566625,-0.414061,0.338553,-0.1374,0.7000
1787920186.995246,-0.566884,-0.414392,0.338376,-0.1108,0.7000
1787920187.000866,-0.567429,-0.414369,0.337205,-0.1046,0.7000
1787920187.007367,-0.567873,-0.414477,0.336768,-0.0942,0.7000
1787920187.014137,-0.568122,-0.415060,0.337139,-0.0849,0.7000
1787920187.021319,-0.568628,-0.414868,0.335619,-0.0767,0.7000
1787920187.027623,-0.568922,-0.415088,0.335260,-0.0703,0.7000
1787920187.036530,-0.569335,-0.415248,0.334961,-0.0642,0.7000
1787920187.040679,-0.569663,-0.415279,0.334251,-0.0680,0.7000
1787920187.050300,-0.569963,-0.415721,0.334021,-0.0610,0.7000
1787920187.054075,-0.570488,-0.415889,0.333182,-0.0865,0.7000
1787920187.062969,-0.570935,-0.415917,0.332653,-0.0751,0.7000
1787920187.067198,-0.571318,-0.415974,0.331635,-0.0796,0.7000
1787920187.074412,-0.571663,-0.416066,0.330805,-0.0705,0.7000
1787920187.081174,-0.572106,-0.416352,0.330509,-0.0721,0.7000
1787920187.087622,-0.572394,-0.416804,0.330610,-0.0700,0.7000
1787920187.094385,-0.572845,-0.416962,0.329770,-0.0701,0.7000
1787920187.100647,-0.573331,-0.416991,0.329175,-0.0716,0.7000
1787920187.107189,-0.573840,-0.417208,0.328675,-0.0754,0.7000
1787920187.115023,-0.574247,-0.417426,0.328520,-0.0702,0.7000
1787920187.120700,-0.574697,-0.417504,0.327370,-0.0730,0.7000
1787920187.129186,-0.575049,-0.417838,0.326873,-0.0667,0.7000
1787920187.134532,-0.575599,-0.418174,0.326587,-0.0819,0.7000
1787920187.140933,-0.575995,-0.418309,0.325236,-0.0770,0.7000
1787920187.147424,-0.576356,-0.418485,0.324585,-0.0723,0.7000
1787920187.154422,-0.576902,-0.418568,0.323363,-0.0739,0.7000
1787920187.160797,-0.577016,-0.419175,0.324106,-0.0659,0.7000
1787920187.167302,-0.577546,-0.419343,0.323018,-0.0718,0.7000
1787920187.174697,-0.577921,-0.419558,0.322911,-0.0674,0.7000
1787920187.181410,-0.578411,-0.419853,0.322949,-0.0722,0.7000
1787920187.187454,-0.578787,-0.420111,0.322643,-0.0723,0.7000
1787920187.194124,-0.579249,-0.420347,0.321753,-0.0736,0.7000
1787920187.200630,-0.579709,-0.420326,0.320633,-0.0714,0.7000
1787920187.208286,-0.580258,-0.420301,0.319617,-0.0701,0.7000
1787920187.214096,-0.580456,-0.420870,0.319373,-0.0680,0.7000
1787920187.220785,-0.580956,-0.421076,0.318816,-0.0718,0.7000
1787920187.227280,-0.581357,-0.421294,0.317959,-0.0710,0.7000
1787920187.234057,-0.581863,-0.421646,0.317649,-0.0758,0.7000
1787920187.268101,-0.582395,-0.421744,0.316878,-0.0578,0.7000
1787920187.271179,-0.582678,-0.421985,0.316570,-0.0740,0.7000
1787920187.272970,-0.583245,-0.422196,0.315756,-0.1530,0.7000
1787920187.273891,-0.583619,-0.422614,0.315731,-0.2653,0.7000
1787920187.274714,-0.584109,-0.422757,0.314559,-0.3715,0.7000
1787920187.276683,-0.584558,-0.423001,0.314007,-0.3367,0.7000
1787920187.280567,-0.585078,-0.423423,0.313601,-0.2839,0.7000
1787920187.287614,-0.585529,-0.423393,0.312279,-0.2166,0.7000
1787920187.294878,-0.586100,-0.423634,0.311639,-0.1771,0.7000
1787920187.301607,-0.586569,-0.423904,0.311337,-0.1476,0.7000
1787920187.307564,-0.587116,-0.424162,0.310750,-0.1335,0.7000
1787920187.316061,-0.587695,-0.424470,0.310360,-0.1163,0.7000
1787920187.321088,-0.588088,-0.424590,0.309541,-0.1059,0.7000
1787920187.327465,-0.588677,-0.424591,0.308355,-0.1005,0.7000
1787920187.334520,-0.589063,-0.425033,0.308262,-0.0917,0.7000
1787920187.340742,-0.589506,-0.425335,0.307574,-0.0890,0.7000
1787920187.347503,-0.589976,-0.425442,0.306596,-0.0836,0.7000
1787920187.354541,-0.590683,-0.425242,0.304842,-0.0847,0.7000
1787920187.360673,-0.591127,-0.425509,0.304341,-0.0839,0.7000
1787920187.370090,-0.591610,-0.425941,0.304109,-0.0775,0.7000
1787920187.374221,-0.592162,-0.425982,0.302913,-0.0935,0.7000
1787920187.381582,-0.592599,-0.426333,0.302426,-0.0867,0.7000
1787920187.387704,-0.593041,-0.426643,0.301925,-0.0859,0.7000
1787920187.394494,-0.593773,-0.426640,0.300388,-0.0909,0.7000
1787920187.400658,-0.594127,-0.426986,0.300112,-0.0851,0.7000
1787920187.407897,-0.594755,-0.427087,0.299084,-0.0857,0.7000
1787920187.413998,-0.595101,-0.427749,0.299394,-0.0859,0.7000
1787920187.421442,-0.595728,-0.428004,0.298546,-0.0872,0.7000
1787920187.427573,-0.596054,-0.428354,0.298593,-0.0814,0.7000
1787920187.434215,-0.596671,-0.428705,0.298424,-0.0883,0.7000
1787920187.441970,-0.597390,-0.428536,0.296595,-0.0865,0.7000
1787920187.447300,-0.597826,-0.428894,0.295814,-0.0899,0.7000
1787920187.454153,-0.598344,-0.429310,0.295919,-0.0899,0.7000
1787920187.461262,-0.598778,-0.429490,0.294884,-0.0827,0.7000
1787920187.467655,-0.599381,-0.429619,0.294174,-0.0867,0.7000
1787920187.474643,-0.599704,-0.430016,0.294151,-0.0789,0.7000
1787920187.480924,-0.600137,-0.429869,0.292140,-0.0730,0.7000
1787920187.487258,-0.600533,-0.430086,0.291872,-0.0720,0.7000
1787920187.494402,-0.601121,-0.430388,0.290973,-0.0777,0.7000
1787920187.500716,-0.601507,-0.430562,0.290304,-0.0743,0.7000
1787920187.507446,-0.602102,-0.430616,0.289436,-0.0781,0.7000
1787920187.514360,-0.602529,-0.431310,0.289723,-0.0810,0.7000
1787920187.520462,-0.603041,-0.431308,0.288451,-0.0809,0.7000
1787920187.527809,-0.603439,-0.431591,0.287593,-0.0754,0.7000
1787920187.534235,-0.603997,-0.431729,0.286939,-0.0797,0.7000
1787920187.541564,-0.604430,-0.432033,0.286246,-0.0762,0.7000
1787920187.551569,-0.604867,-0.432145,0.285284,-0.0669,0.7000
1787920187.565894,-0.605333,-0.432367,0.284807,-0.0575,0.7000
1787920187.591292,-0.605877,-0.432382,0.283470,-0.0465,0.7000
1787920187.592539,-0.606290,-0.432776,0.283157,-0.1544,0.7000
1787920187.593509,-0.606838,-0.432812,0.282310,-0.2738,0.7000
1787920187.595359,-0.607328,-0.432944,0.281442,-0.2740,0.7000
1787920187.597178,-0.607890,-0.433311,0.281329,-0.2976,0.7000
1787920187.598410,-0.608446,-0.433465,0.280334,-0.3489,0.7000
1787920187.601352,-0.608897,-0.433596,0.279329,-0.2921,0.7000
1787920187.607324,-0.609437,-0.433675,0.278435,-0.2316,0.7000
1787920187.614060,-0.609827,-0.433971,0.277862,-0.1825,0.7000
1787920187.620797,-0.610240,-0.434290,0.277434,-0.1493,0.7000
1787920187.627048,-0.610696,-0.434357,0.276872,-0.1264,0.7000
1787920187.634655,-0.611217,-0.434478,0.276149,-0.1096,0.7000
1787920187.641332,-0.611644,-0.434724,0.275816,-0.0982,0.7000
1787920187.648265,-0.612130,-0.434861,0.275140,-0.0906,0.7000
1787920187.655231,-0.612643,-0.434837,0.274442,-0.0844,0.7000
1787920187.660913,-0.613168,-0.435250,0.274161,-0.0917,0.7000
1787920187.667475,-0.613592,-0.435580,0.273865,-0.0869,0.7000
1787920187.677600,-0.614066,-0.435933,0.273427,-0.0772,0.7000
1787920187.680300,-0.614477,-0.436385,0.273427,-0.1116,0.7000
1787920187.687709,-0.614894,-0.436531,0.272443,-0.0960,0.7000
1787920187.693969,-0.615316,-0.436660,0.271649,-0.0883,0.7000
1787920187.701212,-0.615828,-0.436798,0.270882,-0.0838,0.7000
1787920187.707458,-0.616301,-0.436912,0.269979,-0.0820,0.7000
1787920187.714483,-0.616903,-0.437133,0.269612,-0.0847,0.7000
1787920187.720585,-0.617321,-0.437287,0.269069,-0.0811,0.7000
1787920187.727822,-0.617737,-0.437562,0.268493,-0.0765,0.7000
1787920187.733972,-0.618362,-0.437498,0.267297,-0.0821,0.7000
1787920187.741422,-0.618842,-0.437687,0.266558,-0.0781,0.7000
1787920187.749070,-0.619409,-0.437999,0.265980,-0.0793,0.7000
1787920187.754360,-0.619873,-0.437929,0.264795,-0.0799,0.6396
1787920187.760794,-0.620180,-0.438424,0.265206,-0.0758,0.6396
1787920187.767585,-0.620548,-0.438620,0.264577,-0.0710,0.6396
1787920187.774422,-0.620868,-0.439031,0.264350,-0.0680,0.6396
1787920187.781418,-0.621324,-0.439236,0.263751,-0.0687,0.6396
1787920187.790812,-0.621990,-0.439246,0.262750,-0.0688,0.6396
1787920187.794304,-0.622405,-0.439553,0.262332,-0.0893,0.6396
1787920187.800696,-0.622932,-0.439552,0.261185,-0.0864,0.6396
1787920187.807612,-0.623442,-0.439744,0.260421,-0.0840,0.6396
1787920187.814268,-0.623844,-0.439984,0.260075,-0.0791,0.6396
1787920187.822632,-0.624384,-0.440069,0.259171,-0.0749,0.6396
1787920187.827566,-0.624776,-0.440527,0.258795,-0.0826,0.6396
1787920187.834238,-0.625278,-0.440721,0.258082,-0.0819,0.6396
1787920187.840801,-0.625820,-0.440981,0.257394,-0.0843,0.6396
1787920187.847545,-0.626177,-0.441025,0.256455,-0.0749,0.6396
1787920187.856211,-0.626658,-0.441009,0.255267,-0.0684,0.6405
1787920187.894846,-0.627251,-0.441226,0.254679,-0.0527,0.6405
1787920187.895981,-0.627854,-0.441501,0.254032,-0.2094,0.6405
1787920187.897119,-0.628287,-0.441723,0.253491,-0.2719,0.6405
1787920187.899242,-0.628766,-0.441920,0.252996,-0.2627,0.6405
1787920187.900517,-0.629266,-0.442101,0.252405,-0.3084,0.6405
1787920187.901348,-0.629663,-0.442263,0.251938,-0.3695,0.6405
1787920187.902779,-0.630089,-0.442409,0.251249,-0.3527,0.6405
1787920187.908336,-0.630596,-0.442601,0.250554,-0.2760,0.6405
1787920187.914338,-0.631129,-0.442843,0.250335,-0.2220,0.6405
1787920187.920640,-0.631691,-0.443067,0.249422,-0.1839,0.6405
1787920187.928263,-0.632220,-0.443154,0.248913,-0.1498,0.6405
1787920187.934269,-0.632720,-0.443234,0.248148,-0.1301,0.6405
1787920187.940994,-0.633263,-0.443408,0.247269,-0.1164,0.6405
1787920187.949461,-0.633755,-0.443451,0.246329,-0.0988,0.6405
1787920187.954469,-0.634168,-0.443601,0.245447,-0.0953,0.6375
1787920187.961008,-0.634697,-0.444095,0.245538,-0.0958,0.6375
1787920187.967843,-0.635225,-0.444287,0.244395,-0.0916,0.6375
1787920187.974360,-0.635734,-0.444613,0.243993,-0.0905,0.6375
1787920187.980842,-0.636264,-0.444529,0.242676,-0.0862,0.6375
1787920187.987621,-0.636746,-0.444806,0.242216,-0.0840,0.6375
1787920187.994157,-0.637291,-0.445011,0.241328,-0.0853,0.6375
1787920188.000973,-0.637657,-0.445121,0.241006,-0.0766,0.6375
1787920188.007735,-0.638238,-0.445257,0.240209,-0.0800,0.6375
1787920188.013973,-0.638578,-0.445686,0.239913,-0.0768,0.6375
1787920188.021319,-0.639231,-0.445865,0.239472,-0.0814,0.6375
1787920188.027397,-0.639640,-0.446093,0.238772,-0.0793,0.6375
1787920188.034575,-0.640175,-0.446264,0.237951,-0.0789,0.6375
1787920188.040889,-0.640663,-0.446616,0.237265,-0.0817,0.6375
1787920188.047890,-0.641140,-0.446628,0.236148,-0.0772,0.6375
1787920188.054989,-0.641666,-0.446631,0.234998,-0.0757,0.6385
1787920188.061062,-0.642154,-0.446948,0.234516,-0.0800,0.6385
1787920188.067179,-0.642739,-0.446860,0.233081,-0.0829,0.6385
1787920188.074353,-0.643295,-0.447063,0.232374,-0.0826,0.6385
1787920188.081022,-0.643792,-0.447155,0.231197,-0.0806,0.6385
1787920188.087740,-0.644316,-0.447539,0.230712,-0.0831,0.6385
1787920188.094517,-0.644832,-0.447385,0.229518,-0.0789,0.6385
1787920188.100943,-0.645318,-0.447776,0.228979,-0.0815,0.6385
1787920188.107098,-0.645860,-0.447860,0.228407,-0.0837,0.6385
1787920188.115335,-0.646233,-0.448228,0.228167,-0.0748,0.6385
1787920188.120559,-0.646837,-0.448403,0.227489,-0.0884,0.6385
1787920188.127467,-0.647201,-0.448840,0.226833,-0.0816,0.6385
1787920188.134126,-0.647653,-0.449018,0.226143,-0.0787,0.6385
1787920188.140825,-0.648351,-0.449289,0.225666,-0.0883,0.6385
1787920188.147562,-0.648773,-0.449765,0.225337,-0.0849,0.6385
1787920188.154419,-0.649330,-0.449648,0.224217,-0.0820,0.6412
1787920188.191018,-0.649814,-0.450012,0.224184,-0.0620,0.6412
1787920188.192246,-0.650288,-0.450237,0.223463,-0.1683,0.6412
1787920188.193026,-0.650751,-0.450160,0.222265,-0.2851,0.6412
1787920188.193811,-0.651301,-0.450339,0.221560,-0.4195,0.6412
1787920188.195567,-0.651804,-0.450345,0.220737,-0.3777,0.6412
1787920188.197605,-0.652333,-0.450704,0.220273,-0.3519,0.6412
1787920188.201200,-0.652849,-0.450809,0.219309,-0.2903,0.6412
1787920188.208066,-0.653296,-0.451138,0.219095,-0.2254,0.6412
1787920188.214028,-0.653741,-0.451283,0.218378,-0.1812,0.6412
1787920188.220985,-0.654240,-0.451352,0.217362,-0.1485,0.6412
1787920188.227262,-0.654666,-0.451570,0.216760,-0.1261,0.6412
1787920188.235352,-0.655067,-0.451663,0.216195,-0.1035,0.6412
1787920188.240448,-0.655538,-0.451909,0.215772,-0.1027,0.6412
1787920188.247543,-0.656012,-0.452101,0.215002,-0.0932,0.6412
1787920188.255135,-0.656395,-0.452330,0.214435,-0.0819,0.6391
1787920188.261203,-0.657021,-0.452330,0.213290,-0.0876,0.6391
1787920188.267768,-0.657459,-0.452423,0.212623,-0.0818,0.6391
1787920188.273871,-0.657894,-0.452691,0.212227,-0.0809,0.6391
1787920188.280705,-0.658310,-0.452705,0.211340,-0.0746,0.6391
1787920188.287778,-0.658767,-0.453002,0.211119,-0.0738,0.6391
1787920188.294298,-0.659180,-0.453191,0.210497,-0.0721,0.6391
1787920188.301546,-0.659672,-0.453565,0.209842,-0.0736,0.6391
1787920188.307437,-0.660314,-0.453695,0.208997,-0.0849,0.6391
1787920188.315242,-0.660692,-0.454106,0.208815,-0.0769,0.6391
1787920188.320650,-0.661014,-0.454129,0.208029,-0.0716,0.6391
1787920188.327181,-0.661496,-0.454077,0.206718,-0.0713,0.6391
1787920188.334190,-0.661908,-0.454429,0.206288,-0.0703,0.6391
1787920188.341096,-0.662463,-0.454651,0.205346,-0.0748,0.6391
1787920188.347423,-0.662824,-0.454937,0.204346,-0.0718,0.6391
1787920188.354337,-0.663375,-0.454827,0.203495,-0.0727,0.6425
1787920188.360687,-0.663806,-0.455147,0.203254,-0.0739,0.6425
1787920188.367909,-0.664275,-0.455052,0.201960,-0.0700,0.6425
1787920188.374577,-0.664761,-0.455280,0.201468,-0.0725,0.6425
1787920188.381999,-0.665314,-0.455392,0.200731,-0.0735,0.6425
1787920188.387469,-0.665825,-0.455826,0.200884,-0.0837,0.6425
1787920188.395176,-0.666251,-0.455936,0.199960,-0.0757,0.6425
1787920188.400542,-0.666678,-0.456066,0.199476,-0.0779,0.6425
1787920188.407472,-0.667213,-0.456176,0.199036,-0.0781,0.6425
1787920188.414299,-0.667598,-0.456323,0.198351,-0.0725,0.6425
1787920188.420822,-0.668153,-0.456381,0.197372,-0.0764,0.6425
1787920188.427310,-0.668497,-0.456790,0.197319,-0.0727,0.6425
1787920188.434323,-0.669093,-0.456639,0.196067,-0.0747,0.6425
1787920188.440558,-0.669552,-0.456963,0.195514,-0.0769,0.6425
1787920188.448842,-0.670129,-0.456806,0.194272,-0.0733,0.6425
1787920188.454375,-0.670500,-0.456921,0.193640,-0.0722,0.3425
1787920188.460652,-0.671128,-0.456975,0.192996,-0.0805,0.3425
1787920188.497751,-0.671547,-0.457116,0.192366,-0.0599,0.3425
1787920188.512454,-0.672031,-0.457164,0.191719,-0.0518,0.3425
1787920188.513486,-0.672457,-0.457424,0.191254,-0.1722,0.3425
1787920188.514328,-0.672850,-0.457751,0.191299,-0.2801,0.3425
1787920188.516038,-0.673366,-0.458104,0.191160,-0.2966,0.3425
1787920188.517061,-0.673817,-0.458293,0.190335,-0.3481,0.3425
1787920188.517844,-0.674287,-0.458637,0.190152,-0.4455,0.3425
1787920188.518650,-0.674814,-0.458699,0.189520,-0.5088,0.3425
1787920188.521152,-0.675280,-0.458844,0.188826,-0.4143,0.3425
1787920188.527397,-0.675809,-0.458863,0.188070,-0.3151,0.3425
1787920188.534049,-0.676273,-0.459066,0.187280,-0.2429,0.3425
1787920188.541018,-0.676884,-0.459115,0.186614,-0.1963,0.3425
1787920188.547327,-0.677318,-0.459531,0.186195,-0.1613,0.3425
1787920188.554138,-0.677830,-0.459373,0.184887,-0.1338,0.0000
1787920188.562713,-0.678264,-0.459482,0.184233,-0.1093,0.0000
1787920188.568800,-0.678777,-0.459770,0.183988,-0.1040,0.0000
1787920188.574709,-0.679196,-0.459807,0.183157,-0.0940,0.0000
1787920188.580772,-0.679659,-0.459909,0.182480,-0.0893,0.0000
1787920188.589599,-0.680268,-0.459945,0.181316,-0.0830,0.0000
1787920188.594113,-0.680537,-0.459908,0.180733,-0.0753,0.0000
1787920188.600446,-0.680941,-0.460176,0.181459,-0.0738,0.0000
1787920188.607908,-0.681334,-0.459958,0.180746,-0.0656,0.0000
1787920188.614959,-0.681710,-0.460229,0.180656,-0.0638,0.0000
1787920188.620758,-0.682023,-0.460303,0.180265,-0.0612,0.0000
1787920188.627483,-0.682316,-0.460482,0.179608,-0.0572,0.0000
1787920188.634206,-0.682705,-0.460205,0.178037,-0.0549,0.0000
1787920188.640457,-0.683033,-0.460125,0.176499,-0.0533,0.0000
1787920188.647936,-0.683220,-0.460094,0.175416,-0.0444,0.0000
1787920188.653896,-0.683358,-0.460311,0.174931,-0.0398,0.0000
1787920188.661221,-0.683446,-0.460522,0.174556,-0.0329,0.0000
1787920188.667887,-0.683661,-0.460447,0.173758,-0.0320,0.0000
1787920188.674936,-0.683783,-0.460413,0.172862,-0.0273,0.0000
1787920188.680995,-0.683822,-0.460314,0.172396,-0.0202,0.0000
1787920188.687589,-0.683938,-0.460396,0.171805,-0.0200,0.0000
1787920188.693884,-0.684078,-0.460429,0.171290,-0.0208,0.0000
1787920188.701347,-0.684138,-0.460341,0.170347,-0.0163,0.0000
1787920188.707412,-0.684108,-0.460581,0.170531,-0.0120,0.0000
1787920188.714021,-0.684150,-0.460354,0.169760,-0.0085,0.0000
1787920188.720927,-0.684078,-0.460567,0.169885,-0.0045,0.0000
1787920188.727532,-0.684071,-0.460624,0.169464,-0.0033,0.0000
1787920188.734172,-0.684025,-0.460368,0.168594,0.0017,0.0000
1787920188.741312,-0.683950,-0.460526,0.168170,0.0032,0.0000
1787920188.747503,-0.683884,-0.460264,0.167068,0.0075,0.0000
1787920188.754469,-0.683846,-0.459968,0.166122,0.0090,0.0000
1787920188.760892,-0.683824,-0.460016,0.165618,0.0069,0.0000
1787920188.767583,-0.683735,-0.459904,0.165360,0.0096,0.0000
1787920188.777933,-0.683807,-0.459727,0.164957,0.0055,0.0000
1787920188.783527,-0.683850,-0.459781,0.165347,0.0011,0.0000
1787920188.820077,-0.683828,-0.459955,0.166086,0.0007,0.0000
1787920188.822028,-0.683936,-0.459780,0.166017,-0.0115,0.0000
1787920188.823853,-0.683971,-0.459919,0.166553,-0.0175,0.0000
1787920188.825584,-0.683883,-0.460103,0.167074,-0.0025,0.0000
1787920188.827330,-0.683917,-0.459981,0.167166,-0.0041,0.0000
1787920188.829075,-0.683871,-0.460129,0.167399,0.0008,0.0000
1787920188.830814,-0.683805,-0.460063,0.167295,0.0137,0.0000
1787920188.834501,-0.683914,-0.460079,0.167334,0.0006,0.0000
1787920188.841055,-0.683876,-0.459908,0.166844,0.0034,0.0000
1787920188.847337,-0.683865,-0.459955,0.166713,0.0026,0.0000
1787920188.854198,-0.683970,-0.459771,0.166021,-0.0014,0.0000
1787920188.861278,-0.683953,-0.459813,0.165974,-0.0006,0.0000
1787920188.870277,-0.684082,-0.459772,0.165754,-0.0044,0.0000
1787920188.875644,-0.684045,-0.459577,0.165526,0.0007,0.0000
1787920188.880706,-0.684090,-0.459784,0.165714,-0.0042,0.0000
1787920188.887599,-0.684172,-0.459873,0.166006,-0.0071,0.0000
1787920188.893935,-0.684136,-0.459912,0.166216,-0.0036,0.0000
1787920188.900979,-0.684170,-0.459761,0.165848,-0.0029,0.0000
1787920188.908072,-0.684015,-0.460003,0.166703,0.0028,0.0000
1787920188.913811,-0.684002,-0.460072,0.166642,0.0020,0.0000
1787920188.920876,-0.684070,-0.459882,0.166222,-0.0001,0.0000
1787920188.927576,-0.683901,-0.460022,0.166543,0.0064,0.0000
1787920188.934072,-0.683965,-0.459933,0.166386,0.0022,0.0000
1787920188.940727,-0.683974,-0.460100,0.166619,-0.0001,0.0000
1787920188.948125,-0.684029,-0.460054,0.166201,-0.0019,0.0000
1787920188.954517,-0.684012,-0.459956,0.166123,0.0001,0.0000
1787920188.960758,-0.683957,-0.460068,0.166302,0.0018,0.0000
1787920188.967758,-0.684001,-0.460031,0.166323,-0.0003,0.0000
1787920188.973981,-0.683931,-0.460175,0.166481,0.0020,0.0000
1787920188.982331,-0.683943,-0.459971,0.166312,0.0022,0.0000
1787920188.987348,-0.683894,-0.460078,0.166512,0.0033,0.0000
1787920188.994275,-0.683988,-0.459869,0.166227,-0.0002,0.0000
1787920189.001347,-0.683952,-0.459869,0.166072,0.0014,0.0000
1787920189.008527,-0.683996,-0.459880,0.166415,-0.0009,0.0000
1787920189.014217,-0.684058,-0.459968,0.166266,-0.0046,0.0000
1787920189.021613,-0.684095,-0.459958,0.166215,-0.0047,0.0000
1787920189.027356,-0.684005,-0.459977,0.166329,0.0012,0.0000
1787920189.034476,-0.684078,-0.460066,0.166394,-0.0028,0.0000
1787920189.045299,-0.684115,-0.459883,0.166103,-0.0021,0.0000
1787920189.048279,-0.684112,-0.459880,0.165917,-0.0012,0.0000
1787920189.054152,-0.683990,-0.459952,0.165962,0.0047,0.0000
1787920189.061017,-0.684083,-0.459940,0.166193,-0.0006,0.0000
1787920189.067817,-0.684073,-0.459803,0.166029,0.0010,0.0000
1787920189.074759,-0.684038,-0.460010,0.166140,0.0007,0.0000
1787920189.084889,-0.683917,-0.460148,0.166625,0.0033,0.0000
1787920189.121158,-0.683968,-0.460004,0.166296,0.0021,0.0000
1787920189.123160,-0.684069,-0.459882,0.166120,-0.0104,0.0000
1787920189.124998,-0.684032,-0.459825,0.165870,0.0002,0.0000
1787920189.126765,-0.684135,-0.459838,0.166020,-0.0174,0.0000
1787920189.128448,-0.684089,-0.460084,0.166397,-0.0115,0.0000
1787920189.130201,-0.684115,-0.459840,0.165815,-0.0055,0.0000
1787920189.131945,-0.684070,-0.460206,0.166380,-0.0066,0.0000
1787920189.134238,-0.684027,-0.460033,0.166330,0.0047,0.0000
1787920189.141341,-0.684073,-0.459968,0.166113,0.0018,0.0000
1787920189.147448,-0.684075,-0.459821,0.165802,0.0024,0.0000
1787920189.154253,-0.683941,-0.459836,0.166022,0.0074,0.0000
1787920189.160619,-0.684057,-0.459854,0.165904,-0.0004,0.0000
1787920189.167549,-0.683967,-0.459811,0.166014,0.0039,0.0000
1787920189.174049,-0.684055,-0.459822,0.166019,-0.0014,0.0000
1787920189.182622,-0.684085,-0.459969,0.166245,-0.0029,0.0000
1787920189.187748,-0.684047,-0.460137,0.166545,-0.0014,0.0000
1787920189.194192,-0.684122,-0.460075,0.166399,-0.0040,0.0000
1787920189.201051,-0.684153,-0.459885,0.165900,-0.0027,0.0000
1787920189.207733,-0.684082,-0.459830,0.165971,0.0017,0.0000
1787920189.214600,-0.684205,-0.459893,0.165864,-0.0046,0.0000
1787920189.221574,-0.684090,-0.459862,0.165883,0.0019,0.0000
1787920189.227690,-0.684023,-0.459979,0.166208,0.0036,0.0000
1787920189.234097,-0.684105,-0.459844,0.165989,-0.0002,0.0000
1787920189.240871,-0.683979,-0.459758,0.165886,0.0060,0.0000
1787920189.247400,-0.684079,-0.459955,0.166106,-0.0019,0.0000
1787920189.254839,-0.684055,-0.459836,0.165957,0.0005,0.0000
1787920189.261032,-0.684046,-0.460011,0.166144,-0.0007,0.0000
1787920189.268202,-0.684069,-0.460061,0.166389,-0.0018,0.0000
1787920189.274595,-0.684108,-0.459983,0.166105,-0.0024,0.0000
1787920189.280481,-0.684156,-0.459887,0.165858,-0.0033,0.0000
1787920189.289369,-0.684074,-0.460039,0.166331,-0.0004,0.0000
1787920189.294092,-0.684098,-0.460014,0.166150,-0.0015,0.0000
1787920189.300607,-0.684148,-0.459794,0.165711,-0.0017,0.0000
1787920189.307551,-0.683963,-0.459943,0.166140,0.0056,0.0000
1787920189.315747,-0.684042,-0.460047,0.166451,0.0005,0.0000
1787920189.320395,-0.684058,-0.459831,0.165777,0.0016,0.0000
1787920189.328071,-0.684015,-0.459883,0.166135,0.0024,0.0000
1787920189.334171,-0.684021,-0.459999,0.166215,0.0004,0.0000
1787920189.341210,-0.684095,-0.460084,0.166295,-0.0034,0.0000
1787920189.347753,-0.684157,-0.459951,0.166062,-0.0041,0.0000
1787920189.353921,-0.684112,-0.459952,0.166075,-0.0008,0.0000
1787920189.360664,-0.684149,-0.459864,0.165855,-0.0015,0.0000
1787920189.368007,-0.684173,-0.459943,0.165963,-0.0025,0.0000
1787920189.373978,-0.684104,-0.459858,0.165843,0.0023,0.0000
1787920189.381569,-0.684026,-0.459970,0.166208,0.0039,0.0000
1787920189.396109,-0.684080,-0.459886,0.165867,0.0019,0.0000
1787920189.433158,-0.684057,-0.459842,0.165864,0.0016,0.0000
1787920189.435054,-0.684035,-0.459953,0.166035,0.0016,0.0000
1787920189.436831,-0.684057,-0.459851,0.165927,0.0004,0.0000
1787920189.438560,-0.684036,-0.459926,0.166144,0.0016,0.0000
1787920189.440307,-0.684090,-0.459900,0.166048,-0.0072,0.0000
1787920189.442046,-0.684145,-0.459888,0.165830,-0.0141,0.0000
1787920189.443752,-0.684098,-0.459932,0.165941,-0.0030,0.0000
1787920189.445693,-0.684093,-0.460079,0.166282,-0.0050,0.0000
1787920189.447645,-0.684131,-0.459955,0.165883,-0.0062,0.0000
1787920189.454087,-0.684030,-0.460006,0.166190,-0.0001,0.0000
1787920189.461348,-0.684051,-0.459869,0.165944,-0.0000,0.0000
1787920189.467334,-0.684009,-0.460000,0.166315,0.0010,0.0000
1787920189.474121,-0.684064,-0.459931,0.166112,-0.0012,0.0000
1787920189.480379,-0.684007,-0.459936,0.166089,0.0018,0.0000
1787920189.487902,-0.684120,-0.459883,0.165933,-0.0028,0.0000
1787920189.494735,-0.684094,-0.459984,0.166086,-0.0016,0.0000
1787920189.501778,-0.684134,-0.459879,0.165775,-0.0020,0.0000
1787920189.508086,-0.684058,-0.460144,0.166358,0.0000,0.0000
1787920189.514112,-0.684168,-0.459826,0.165653,-0.0028,0.0000
1787920189.521612,-0.684096,-0.460011,0.166138,-0.0003,0.0000
1787920189.527915,-0.684092,-0.460004,0.166040,-0.0000,0.0000
1787920189.534435,-0.684122,-0.459936,0.165981,-0.0008,0.0000
1787920189.541164,-0.684171,-0.460008,0.166008,-0.0033,0.0000
1787920189.547258,-0.684039,-0.459983,0.166141,0.0043,0.0000
